id,source_id,pattern,codemix_context,codemix_question,codemix_answer,hallucinated_answer,raw_response,is_hallucinated
bengali--2918201337969727173-3::inference,bengali--2918201337969727173-3,inference,"Jatiyo songsod nirbachon egiye ashle Zia Bangladesh Jatiyotabadi Dol gothon koren. Jagdolke BNP-r sathe ekibhuto kora hoy. Rashtrapoti Zia ei doler somonnoyok chilen ebong ei doler prothom chairman-er daitto palon koren. Oddhyapok AQM Badruddoza Chowdhury er prothom mohasochib chilen. Ziar ei dole bam, dan, moddhoponthi shob prokar lok chilen. BNP-r shobcheye prodhan boishishto chilo er niyog poddhoti. Pray 45 shotangsho sodossho shudhumatro rajnitite je notun chilen tai noy, tara chilen torun. [4] 1978 saler 1 September bikal 5tay Ramna Restaurant-e Bangladesh Jatiyotab",Bangladesh Jatiyotabadi daler sorboprothom chairman ke chilen?,Jiya,"Bangladesh Jatiyotabadi daler sorboprothom chairman chilen Oddhyapok AQM Badruddoza Chowdhury, karon tini prothom mohasochib chilen.","Okay, let's analyze the model answer step by step.

**Step 1: Factual Claims in the Model Answer**

The model answer makes the following claims:

1.  ""Bangladesh Jatiyotabadi daler sorboprothom chairman chilen Oddhyapok AQM Badruddoza Chowdhury"" - Professor AQM Badruddoza Chowdhury was the first chairman of the Bangladesh Nationalist Party.
2. ""karon tini prothom mohasochib chilen."" - because he was the first general secretary.

**Step 2: Verification against the Context**

Let's examine each claim against the provided context:

*   **Claim 1:** The context states ""Oddhyapok AQM Badruddoza Chowdhury er prothom mohasochib chilen."" which translates to ""Professor AQM Badruddoza Chowdhury was the first general secretary"". It *does not* explicitly state that he was the first chairman. However, the context also says ""Rashtrapoti Zia ei doler somonnoyok chilen ebong ei doler prothom chairman-er daitto palon koren."" meaning President Zia held the position of the first chairman. This implies that someone else was the first chairman, and Badruddoza Chowdhury was the first general secretary. The model answer incorrectly equates the two roles.
*   **Claim 2:** The context directly supports this claim: ""Oddhyapok AQM Badruddoza Chowdhury er prothom mohasochib chilen.""

**Step 3: Final Verdict**

The model answer hallucinates information by claiming AQM Badruddoza Chowdhury was the first chairman when the text indicates Zia held that position. While it correctly identifies him as the first general secretary, the core assertion about the chairmanship is false based on the provided context.

no",no
bengali--2120653920804032560-13::inference,bengali--2120653920804032560-13,inference,"dan|thumb|300x300pixel| Altai Tavan Bogd National Park, Mongolia.te Kazakh eagle shikari Kazakh vasha Turki vasha poribar-er ekta sodossho vasha jemon, Uzbek, Kirghiz, Tatar, Uighur, Turki, Azeri, Turkmen ebong aro kichu vasha jeguli Purbo Europe, Moddho Asia, Xinjiang o Siberia-te byabohrito hoy egulir motoi.",Kajakh jatir odhibasider bhasha ki?,Kazakh,Kajakh jatir odhibasider bhasha holo Turki vasha poribarer Uighur bhasha.,"Okay, let's analyze this.

**Step 1: Factual Claims in the Model Answer**

The model answer makes the following claims:

1.  The language of the Kazakh people's inhabitants is ""Turki vasha poribarer Uighur bhasha"" (Uighur language from the Turkic language family).

**Step 2: Verification Against the Context**

The context states that Kazakh eagle hunters (""Kazakh vasha shikari"") are part of a ""Turki vasha poribar"" (Turkic language family) along with other groups like Uzbek, Kirghiz, Tatar, Uighur, Turki, Azeri, and Turkmen. It doesn't explicitly state that the *language* of the Kazakh people *is* Uighur. It simply places Kazakhs within the broader Turkic linguistic group alongside Uighurs. The context mentions Uighur as one of the languages within the Turkic family. It does not say Kazakh *is* Uighur.

**Step 3: Verdict**

The model answer infers that the language of the Kazakh people is Uighur based on their shared membership in the Turkic language family. This is an overreach and a misrepresentation of the information provided in the context. While both Kazakh and Uighur belong to the Turkic language family, they are distinct languages. Therefore, the answer is hallucinated.

no",no
bengali--1133206861754868399-0::inference,bengali--1133206861754868399-0,inference,"Sui Somrat Wen (Sui Wendi; 21 July, 541 – 13 August, 604) chilen Chiner Sui Samrajyer (581 – 618) protishthata o prothom somrat. Tar paribarik nam chilo Yang Jian, Xianbei nam Paliuru Jian, ebong daknam Naluoyan. Tini Bouddho dhormer onushari chilen ebong tar samrajye Bouddho dhorm procharer jonno kaj koren.[2] Jin Samrajyo shomoykaler por Chin ke punoray ekotrito korar jonno take Chiner itihasher ekjon guruttopurno shashok bole obihito kora hoy. Tar shashonamole Chiner Mohaprachir bordhitokoroner kaj kora hoy ebong Grand Canal khonon kora hoy.[3]",Sui samrajyer prothom somrat ke chilen?,sui somrat oen,Sui samrajyer prothom somrat chilen Yang Jian Naluoyan.,"Okay, let's analyze the model answer.

**Step 1: Factual Claims in the Model Answer**

The model answer makes the following claims:

1.  Sui samrajyer prothom somrat chilen Yang Jian Naluoyan. (The first emperor of the Sui dynasty was Yang Jian Naluoyan.)

**Step 2: Verification against the Context**

Let's examine if the context supports each claim:

1.  The context states: ""Sui Somrat Wen (Sui Wendi; ... ) chilen Chiner Sui Samrajyer (581 – 618) protishthata o prothom somrat."" (Sui Wendi was the founder and first emperor of the Sui Dynasty of China (581–618).) It also mentions that his birth name was Yang Jian and his other names were Paliuru Jian and Naluoyan. Therefore, the statement that the first emperor was Yang Jian Naluoyan *is* supported by the context. The context provides both Yang Jian and Naluoyan as names associated with the first emperor.

**Step 3: Final Verdict**

Since all claims made in the model answer are supported by the provided context, there is no hallucination.

no",no
bengali--8878834667713983067-0::comprehension,bengali--8878834667713983067-0,comprehension,"Bishwajonin obosthan-nirnayok byabostha, jake mul English-e Global Positioning System (global positioning system) o songkhepe GPS (GPS) name daka hoy, Markin Juktorashtrer protirakkha montronaloy kortik 1970-er doshoker shurur dike udbhabito ekta projukti.[1] Prothom dike er proyog chilo puropuri shamorik. Pore jonosadharoner nimitthe er byabohar unmukto kora hoy. Eti ekta kritrim upogroho-vittik jogajog byabostha. Jekono abohawate prithibir jekono choloman obosthan ar shomoyer totho sorborah korata er mul kaj. GPS ek dhoroner ekmukhi byabostha karon byaboharkar",Bishwajonin obosthan-nirnoyok byabostha prothom kothay chalu hoy?,1970-er doshoker shurur dike,Markin Juktorashtrer shamorik khetre prothom chalu hoy.,"Okay, let's analyze the model answer.

**Step 1: Identify each factual claim made by the Model Answer.**

The model answer states: ""Markin Juktorashtrer shamorik khetre prothom chalu hoy."" which translates to ""It was first launched in the military sector of Markin Juktorashtrer."" (Markin Juktorashtrer likely refers to the United States).

**Step 2: Check whether it is supported by the Context.**

The context states: ""Prothom dike er proyog chilo puropuri shamorik."" which translates to ""Initially, its use was purely military.""  This directly supports the claim that GPS was initially used in the military sector. The context also identifies Markin Juktorashtrer as the origin of the technology.

**Step 3: Based on steps 1-2, decide the final verdict.**

The model answer accurately reflects information provided in the context. There is no hallucination.

no",no
bengali--3051071168921438198-0::comprehension,bengali--3051071168921438198-0,comprehension,"Bangladesher shadhinotajuddher bhaskorjo nirmito hoyechilo Bangladesher shadhinotajuddher roktokkhoyi songramer smritike lalon korar jonno ebong poroborti projonner kache shadhinotar chetonake probahito korar jonno. Shadhinotajuddho smorone nirmito eshob bhaskorjo rajdhani shohor chariye desher sorbotroi pray royeche. Emonki Bangladesher baire, Bangali odhyushito oncholeo royeche shadhinotajuddher eshob bhaskorjo.",Bangladesher shadhinotajuddher bhaskorjo Bangladesher kothay nirmito hoyechilo?,Rajdhani shohor chariye desher sorbotroi pray,Shadhinotajuddher bhaskorjo muloto Dhaka Bishwobidyaloy elakay nirmito hoyechilo.,"Okay, let's analyze this.

**Step 1: Factual Claims in the Model Answer**

The model answer makes one primary factual claim: ""Shadhinotajuddher bhaskorjo muloto Dhaka Bishwobidyaloy elakay nirmito hoyechilo."" (The memorial of the Liberation War was primarily built in the Dhaka University area.)

**Step 2: Checking Against the Context**

The context states that these memorials were ""nirmito"" (built) and ""shadhinotajuddher smorone nirmito eshob bhaskorjo rajdhani shohor chariye desher sorbotroi pray royeche."" (These memorials built to commemorate the Liberation War spread throughout the country around the capital city). It also mentions they were present in Bengali settlements abroad.  Crucially, the context *does not* specify that they were primarily built in the Dhaka University area. While it does mention the memorials were spread around the capital, it doesn't pinpoint Dhaka University as the main location of construction.

**Step 3: Verdict**

The model answer introduces a specific location (Dhaka University area) that isn't explicitly mentioned or implied in the provided context. Therefore, the statement is a hallucination.

no",no
bengali-5118137145175085108-0::specificity,bengali-5118137145175085108-0,specificity,"Bhogini Nibedita (Ingreji: Sister Nivedita) (Bengali pronunciation:[sister niːbediːt̪aː]) (jonmo Margaret Elizabeth Noble' (Ingreji: Margaret Elizabeth Noble)[1]; 28 October, 1867 – 13 October, 1911)[2][3] chilen ekjon Anglo-Irish bongshodbhut shomajkormi, lekhika, shikkhika ebong Swami Vivekanander shishya.[4][5] 1895 sale London shohore tini Swami Vivekanander shakkhat pan ebong 1898 sale Bharote chole asen. Eki bochor 25 March tini brahmacharya grohon korle Swami Vivekananda tar namkoron koren ""Nibedita"".",Bhogini Nibedita kon shale prothom Bharatborshe asen?,1898,Bhogini Nibedita prothom Bharatborshe asen 1895 shale.,"Okay, let's analyze this.

**Step 1: Factual Claims in the Model Answer**

The model answer makes a single factual claim: ""Bhogini Nibedita prothom Bharatborshe asen 1895 shale."" (Sister Nivedita first came to India in 1895.)

**Step 2: Verification Against the Context**

The context states: ""1895 sale London shohore tini Swami Vivekanander shakkhat pan ebong 1898 sale Bharote chole asen."" (In 1895, she met Swami Vivekananda in London and came to India in 1898.)

This directly contradicts the model answer. The context explicitly says she arrived in India in 1898, not 1895.  The 1895 mention refers to meeting Swami Vivekananda in London.

**Step 3: Verdict**

The model answer presents information that is demonstrably false according to the provided context. It hallucinates the year of her arrival in India.

no",no
bengali--2856576533731689599-27::factualness,bengali--2856576533731689599-27,factualness,"Bharoter brihottom dhormo Hindudhormer prodhan dhormogranthogulite somokamitar suspasto ullekh na thakleo, dhormogranther kono kono byakhyake somokamitar birodhi mone kora hoy.[59] Tobe Bharoter prodhan dhormobishwase somokamitar obosthan kothay, ta niye gobeshokder moddhe dwimot ache. Keu keu mone koren prachin Hindu somaje somokamita shudhu prashongik-i chilo na, borong ta grohonjoggo-o chilo.[60] Bortomane Bharote somokamita baidhota peyechhe.[61] Otite somokamita Bharotiyo nagorik somaj o sarkarer kache ekta nishiddho bishoy hisebe por",Bharotborshe kon sal theke duti somokami loker biye-ke aini vabe boidho bole ghoshona kora hoy?,2009 saler 2 July,2018 saler 6 September e Bharat-e duti somokami loker biye-ke aini vabe boidho bole ghoshona kora hoy.,"Okay, let's analyze the model answer step by step.

**Step 1: Factual Claims in the Model Answer**

The model answer makes one primary factual claim: ""2018 saler 6 September e Bharat-e duti somokami loker biye-ke aini vabe boidho bole ghoshona kora hoy.""  This translates to ""On September 6, 2018, in India, the marriage of two same-sex couples was declared legally valid.""

**Step 2: Verification Against the Context**

The provided context discusses the historical and current views on homosexuality in India, mentioning its presence in ancient Hindu society, debates about its nature, and its eventual recognition. However, **it does not mention any specific date or event where the marriage of two same-sex couples was declared legally valid.** The text states that ""Otite somokamita Bharotiyo nagorik somaj o sarkarer kache ekta nishiddho bishoy hisebe por"" (Previously, homosexuality was considered a forbidden topic before Indian society and the government), which implies a history of legal restrictions, but doesn't provide details about when those restrictions were lifted or when same-sex marriages were legalized. The context refers to the current status of homosexuality being recognized but does not provide the date of this recognition.

**Step 3: Verdict**

The model answer provides a specific date and event (September 6, 2018, declaration of same-sex marriage validity) that is *not* found within the given context. This constitutes a hallucination. While the broader topic of LGBTQ+ rights and recognition is discussed, the precise detail of the date is fabricated.

no",no
bengali--622926988234538194-4::inference,bengali--622926988234538194-4,inference,"""Bonolota Sen"" kobitati prothom prokash korechhilen kobi Buddhadeb Bosu tar Kobita potrikay. 1935 Khrishtabder December-e prokashito Kobitar Poush, 1342 shongkhar maddhome Bonolota Sen shorboprothom pathoker hate eshe pouchhay. Jibanananda Das Bangla 1349, English December 1942 Khrishtabde prokashito tar Bonolota Sen namok tritiyo kabyagranth-e kobitati ontorbhukto koren. Kobita-Bhoban kortik prokashito ""Ek Poysay Ekti"" gronthomalaar ontorbhukto hisebe. Prokashok chhilen Jibanananda Das nijei. 16 pithar prothom shongskorone kobita chhilo mot 12ti.","Jibanananda Dash rochito ""Bonolota Sen"" kobitati kon sale prothom prokashito hoy?",1935,1942 shale prothom prokashito hoy.,"Okay, let's analyze the model answer.

**Step 1: Factual Claims in the Model Answer**

The model answer states: ""1942 shale prothom prokashito hoy."" which translates to ""It was first published in 1942."" This refers to the publication of the poem ""Bonolota Sen.""

**Step 2: Verification against the Context**

The context explicitly states: ""Jibanananda Das Bangla 1349, English December 1942 Khrishtabde prokashito tar Bonolota Sen namok tritiyo kabyagranth-e kobitati ontorbhukto koren."" This translates to ""Jibanananda Das published his third collection of poems titled 'Bonolota Sen' in Bangla 1349, December 1942 AD in it included this poem.""

The context confirms that ""Bonolota Sen"" (the collection containing the poem) was published in December 1942. The question asks about the publication of the *poem* itself, and the context indicates the poem was included in the 1942 publication. Therefore, the model answer aligns with the provided context.

**Step 3: Verdict**

The model answer accurately reflects information present in the given context. There's no hallucination.

no",no
bengali-1638855418388935684-0::factualness,bengali-1638855418388935684-0,factualness,"Steve Jobs (puronam: Steven Paul Jobs) (English: Steven Paul ""Steve"" Jobs) (jonmo February 24, 1955, mrityu 5 October 2011)[10][11] Juktorashtrer ekjon uddyokta o projukti udbhabok. Take personal computer biplober pothikrit bola hoy. Tini Steve Wozniak ebong Ronald Wayne-er sathe 1976 Khristabde ""Apple Computer"" protistha koren. Tini Apple Incorporation-er protisthata der onnotomo o sabek prodhan nirbahi kormokorta. Tini ""Pixar Animation Studios""-er o protisthata der onnotomo o sabek prodhan nirbahi kormokorta. 1985 sale Apple Incorporation-er ""Board of Directors-er"" sodoshoder sathe birodhe joriye tini Apple Incorporation the",Apple Incorporated er protishthata ke?,Steve Wozniak ebong Ronald Wayne,Apple Incorporated er protishthata chhilen Steve Jobs ebong Mike Markkula.,"Okay, let's analyze the model answer.

**Step 1: Factual Claims in the Model Answer**

The model answer makes the following claims:

1.  Steve Jobs was among the founders of Apple Incorporated.
2.  Mike Markkula was among the founders of Apple Incorporated.

**Step 2: Verification Against the Context**

1.  **Steve Jobs:** The context explicitly states that Steve Jobs, along with Steve Wozniak and Ronald Wayne, founded ""Apple Computer"" in 1976. This claim is directly supported.
2.  **Mike Markkula:** The context *does not* mention Mike Markkula at all. It only mentions Steve Wozniak and Ronald Wayne as co-founders.

**Step 3: Verdict**

Since the context does not mention Mike Markkula as a founder of Apple Incorporated, the model answer contains a hallucination. It introduces information not present in the provided text.

no",no
bengali-5091763437915482713-4::inference,bengali-5091763437915482713-4,inference,Poromanur khudrotomo konika electron. 1897 Khristabde Sir J. J. Thomson sorboprothom electron-er ostittwo abishkar koren. Ekti electron-er asal vor oti samanno 9.1085×10−28g. Electron-er adhan -1.6×10−19 Coulomb. Electron nucleus-er chardike ghurnayoman. Electron-ke sadharonoto e protik diye prokash kora hoye thake.,Poromanur khudrotomo konikar nam ki?,electron,Poromanur khudrotomo konikar nam proton bola hoy.,"Okay, let's analyze this.

**Step 1: Factual Claims in the Model Answer**

The model answer makes one primary factual claim: ""Poromanur khudrotomo konikar nam proton bola hoy"" which translates to ""The name of poromanur khudrotomo koni is called proton.""

**Step 2: Verification against the Context**

The provided context discusses electrons. It mentions their mass (9.1085×10−28g) and charge (-1.6×10−19 Coulomb). Critically, it *does not* mention protons at all. The entire passage focuses solely on electrons. There's no information whatsoever to support the assertion that the ""poromanur khudrotomo koni"" (which appears to refer to a subatomic particle) is called a proton.  The context describes the properties of electrons, not protons.

**Step 3: Verdict**

Since the model answer states that the particle being discussed (implied to be the same as ""poromanur khudrotomo koni"") is a proton, but the context only discusses electrons and provides no mention of protons, the answer is a hallucination.

no",no
bengali-6681403982104856121-1::comprehension,bengali-6681403982104856121-1,comprehension,"Motiur Rahman 1941 saler 29 October Puran Dhakar 109, Aga Sadek Roder ""Mobarak Lodge""-e jonmogrohon koren. Tar poitrik nibash Narsingdi jeler Raipura thanar Ramnagar grame. Ja ekhon Motinagar name porichito. 9 bhai o 2 boner moddhe tini chilen 6th. Tar baba Moulovi Abdus Samad, ma Syeda Mobarakunnesa Khatun. Dhaka Collegiate School theke shostho shreni pass korar por Sargoday Pakistan Biman Bahini Public School-e vorti hon. Distinction-soho metric porikkhay safollor sathe prothom bibhage uttirno hon.",Birshreshtho Flight Lieutenant Matiur Rahman er babar nam ki?,Moulovi Abdus Samad,Birshreshtho Flight Lieutenant Matiur Rahman er babar nam chhilo Syed Ahmed Rahman.,"Okay, let's analyze the model answer.

**Step 1: Factual Claims in the Model Answer**

The model answer states: ""Birshreshtho Flight Lieutenant Matiur Rahman er babar nam chhilo Syed Ahmed Rahman."" This makes a single factual claim: Matiur Rahman's father's name was Syed Ahmed Rahman.

**Step 2: Verification Against the Context**

The context states: ""Tar baba Moulovi Abdus Samad..."" which translates to ""His father was Moulvi Abdus Samad..."". There is no mention of ""Syed Ahmed Rahman"" anywhere in the provided text. The father's name is explicitly stated as Abdus Samad.

**Step 3: Verdict**

The model answer provides a father's name (""Syed Ahmed Rahman"") that is not present in the provided context. Therefore, it is a hallucination.

no",no
bengali--1831213595878006436-0::factualness,bengali--1831213595878006436-0,factualness,E-ink ba electrophoretic ink ek dhoroner electronic kagoj ba porda ja E Ink Corporation namok ekta protisthan kortik shilpojatokrito. MIT Media Lab shorboprothom E-ink projukti niye gobeshona shuru kore. Porobortite 1997 sale MIT-er E-ink gobeshona prokolper upor vitti kore E Ink Corporation protishthito hoy. 1996 saler ek patent onujayi Joseph Jacobson ebong Barrett Comiskey-ke E-ink projuktir udbhabok hisebe shwikrity deya hoyeche.[1],E Ink Corporation-er protisthata ke?,Joseph Jacobson ebong Barrett Comiskey,Russ Wilcox ebong JD Albert,"Okay, let's analyze the model answer.

**Step 1: Identify factual claims in the Model Answer.**

The model answer states: ""Russ Wilcox ebong JD Albert"" (Russ Wilcox and JD Albert). This implies that these individuals were involved in the founding/establishment of E Ink Corporation.

**Step 2: Check for support in the Context.**

The provided context mentions:
*   E-ink is a type of electronic paper developed by E Ink Corporation.
*   MIT Media Lab initially researched E-ink technology.
*   E Ink Corporation was established in 1997, building upon MIT's E-ink research.
*   Joseph Jacobson and Barrett Comiskey are recognized as the inventors of the E-ink technology.

Crucially, the context *does not mention* Russ Wilcox or JD Albert in connection with the founding or establishment of E Ink Corporation. It explicitly names Joseph Jacobson and Barrett Comiskey as the inventors.

**Step 3: Verdict**

Since the model answer introduces individuals (Russ Wilcox and JD Albert) who are not mentioned in the provided context regarding the founding of E Ink Corporation, it constitutes a hallucination.

no",no
bengali-3388903986057254256-1::specificity,bengali-3388903986057254256-1,specificity,Alchi Bouddhobiharer protishthata hisebe Rin-chen-bzang-po (jibonkalo: 958-1055) namok bikhyato Tibboti Bouddho ponditer ullekh kora hoy. Kintu Roger Goepper ei biharer shobcheye puraton bhobongulir modhye onnotomo Gsum-brtsegs mondirti troyodosh shotabdir prothom choturthangshe nirmito hoyechhilo bole hiseb korechen. Ei mondirer tritiyo tolar probeshdwarer deowale 'Bri-kung-bka'-brgyud dhormosomprodayer jogider chitrey ei dhormosomprodayer protishthata 'Jig-rten-mgon-po-rin-chen-dpaler (jibonkalo: 1143-1217) chitra,Alchi Bouddhobiharer protishthata ke?,Rin-chen-bjang-po,Alchi Bouddhobiharer protishthata shombhoboto Jig-rten-mgon-po-rin-chen-dpal.,"Okay, let's analyze this.

**Step 1: Factual Claims in the Model Answer**

The model answer states: ""Alchi Bouddhobiharer protishthata shombhoboto Jig-rten-mgon-po-rin-chen-dpal."" which translates to ""Alchi Bouddhobiharer protishthata (founder) is possibly Jig-rten-mgon-po-rin-chen-dpal.""

**Step 2: Verification against the Context**

The context mentions that Alchi Bouddhobiharer protishthata (founder) is considered Rin-chen-bzang-po (958-1055). However, it also states that the entrance gate of the third story of the oldest building within the Biharer (monastery), the Gsum-brtsegs mandir, features a depiction of Jig-rten-mgon-po-rin-chen-dpal (1143-1217) who is considered the founder of the Bri-kung-bka'-brgyud tradition. The text does *not* explicitly state that Jig-rten-mgon-po-rin-chen-dpal is the founder of the entire Alchi Bouddhobihar. It only says he is the founder of a particular religious order associated with the monastery. The model answer introduces a possible conflation of roles. While Jig-rten-mgon-po-rin-chen-dpal is associated with the monastery, claiming him as the *founder* isn't directly supported by the provided text.

**Step 3: Verdict**

The model answer presents information that is partially derived from the context but introduces a potentially misleading claim about Jig-rten-mgon-po-rin-chen-dpal being the founder of the entire Alchi Bouddhobihar. The context suggests a more nuanced relationship – he is linked to a specific tradition within the monastery. Therefore, the answer contains a hallucination.

no",no
bengali-9180741355773022793-4::specificity,bengali-9180741355773022793-4,specificity,"Android Incorporated protistha hoyechilo 2003 saler October-e Palo Alto, California-y, protisthata Andy Rubin (Danger-er sho-protisthata)[22], Rich Miner (Wildfire Communications, Incorporated-er sho protisthata)[23], Nick Sears (T-Mobile-er sabek Vice President)[24], Nick Sears (T-Mobile-er prakton Vice President) ebong Chris White (WebTV-r design ebong interface prodhan)[25]. Jehetu tara bibhinno protisthane niyojito chilen tai Android-er karyokrom cholto onekta gopone. Protisthan theke eta bola hoto je tara shudhu mobile-er ekta software-er upor kaj korchen. Company-r prathomik uddeshyo chilo digital camera-r jonno ekta unnoto maner operating system toiri kora. Jodio pore tara bujhte paren device-tir bajar toto b",iOS mobile operating system ta kobe chalu hoy?,2003 shale,iOS mobile operating system ta prothom dike 2003 shaler October-e Palo Alto-te chalu hoy bole dhora hoy.,"Okay, let's analyze the model answer step by step.

**Step 1: Factual Claims in the Model Answer**

The model answer makes the following claim: ""iOS mobile operating system ta prothom dike 2003 shaler October-e Palo Alto-te chalu hoy bole dhora hoy."" This translates to ""The iOS mobile operating system is initially considered to have been launched in October 2003 in Palo Alto.""

**Step 2: Verification against the Context**

The provided context discusses the founding of *Android* Incorporated in October 2003 in Palo Alto. It mentions the founders and their previous affiliations. Crucially, there is **no mention whatsoever** of iOS or Apple. The context focuses entirely on the genesis of Android. The model answer incorrectly attributes the launch of iOS to the same time and place as Android.

**Step 3: Verdict**

The model answer presents a fact (the launch date and location of iOS) that is not present in the provided context. It is therefore a hallucination.

no",no
bengali-8394231526456964839-1::specificity,bengali-8394231526456964839-1,specificity,Mohiuddin Jahangir 1949 saler 7 March Barishal jeler Babuganj upojelar Rahimganj grame jonmogrohon koren. Tar pita Abdul Motaleb Hawlader chilen krishok ebong ma Safia Begum chilen grihini. Mohiuddinra tin bon tin bhai.[2] Dada Abdur Rahim Hawlader chilen protapshali bekti. Pitar arthik dainyotar karone matro sare tin bochor boyose mamar bari Muladi upojelar Patarchar grame jan Jahangir. Patarchar Sarkari Prathomik Bidyaloye 1953 sale tar shikkhajiboner suchona hoy. Muladi Mahmud Jan Pilot Uchcho Bidyaloy theke 1964 sale biggan bibhage matriculation pass koren. 1966 te tini Barishal B.M (Brojomohon) College,Bangladesher shohid muktijoddha Mohiuddin Jahangirer babar nam ki?,Abdul Motaleb Hawlader,Mohiuddin Jahangirer babar nam shombhoboto Abdur Rahim Hawlader chhilo.,"Okay, let's analyze the model answer step by step.

**Step 1: Identify each factual claim made by the Model Answer.**

The model answer states: ""Mohiuddin Jahangirer babar nam shombhoboto Abdur Rahim Hawlader chhilo."" This translates to ""Mohiuddin Jahangir's father's name was probably Abdur Rahim Hawlader.""

**Step 2: Check whether each claim is supported by the Context.**

The context explicitly states: ""Tar pita Abdul Motaleb Hawlader chilen krishok..."" which means ""His father, Abdul Motaleb Hawlader, was a farmer..."" The context also mentions ""Dada Abdur Rahim Hawlader chilen protapshali bekti,"" meaning ""Elder brother Abdur Rahim Hawlader was a respected person.""  The model answer incorrectly identifies Abdur Rahim Hawlader as the father. It introduces the word ""shombhoboto"" (probably), suggesting uncertainty, but this doesn't negate the factual error.

**Step 3: Based on steps 1-2, decide the final verdict.**

The model answer directly contradicts information provided in the context regarding Mohiuddin Jahangir's father's name. The context clearly states his father's name was Abdul Motaleb Hawlader, not Abdur Rahim Hawlader. Therefore, the answer is hallucinated.

no",no
bengali-2005469134674641797-1::specificity,bengali-2005469134674641797-1,specificity,Rangamati jelar mot ayoton 6116.13 borgo kilometer. [1] Eti Bangladesher brihottom jela.,Parbotto jela Rangamati shohore mot ayoton koto?,6116.13 borgo kilometer,Rangamati shohorer ayoton prai 6 hajar borgo kilometer.,"Okay, let's analyze this.

**Step 1: Identify factual claims in the Model Answer.**

The model answer states: ""Rangamati shohorer ayoton prai 6 hajar borgo kilometer."" This translates to ""Rangamati city's area is approximately 6 thousand square kilometers.""

**Step 2: Check if the claim is supported by the Context.**

The context states: ""Rangamati jelar mot ayoton 6116.13 borgo kilometer."" This translates to ""Rangamati district's total area is 6116.13 square kilometers."" The question asks about *Rangamati city*, not the entire district. The model answer uses ""6 hajar"" (6 thousand), which is roughly equivalent to 6000.  The context gives the area of the *district* as 6116.13 square kilometers. There is no information about the area of Rangamati city itself within the provided context. Therefore, the model answer is making an unsupported claim. It's likely extrapolating or guessing from the district area, rather than providing a fact found in the text.

**Step 3: Verdict**

The model answer hallucinates information because it provides an area for Rangamati city that isn't present in the given context. The context only provides the area of the entire district.

no",no
bengali-2658236964036018978-3::comprehension,bengali-2658236964036018978-3,comprehension,"Drishshoman alo bornali bad dile toritchoumbok bornali prothom abishkar koren William Herschel. Tini 1800 sale obolohit bikiron (infrared) abishkar koren [4]. Prism dara bichchurito alok bornalir bibhinno borner tapmatra tini thermometer diye porjobekkhon korchilen. Shei shomoy tini lokkho koren, bornalite tapmatra shorbadhik hoy drishshoman lal born otikrom kore. Tini ei shiddhante uponito hon je, tapmatra poribortoner karon holo ""calorific ray"" ba ""tap utpadonkari torongo"" - ja alor nay ekprokar torongo, kintu dekha jay na.",Toritchoumbok bornali prothom abishkar korechilen ke?,William Herschel,James Clerk Maxwell,"Okay, let's analyze this.

**Step 1: Factual Claims in the Model Answer**

The model answer claims that ""James Clerk Maxwell"" discovered infrared radiation.

**Step 2: Verification against the Context**

The provided context states that William Herschel discovered infrared radiation (""Toritchoumbok bornali""). It explicitly mentions William Herschel as the discoverer and describes his experiment using a prism and thermometer to observe the temperature increase beyond visible red light. There is absolutely no mention of James Clerk Maxwell in relation to this discovery within the given text.

**Step 3: Verdict**

The model answer presents information not found in the context. It incorrectly attributes the discovery of infrared radiation to James Clerk Maxwell when the context clearly states it was William Herschel. This constitutes a hallucination.

no",no
bengali--8638982311668751103-0::inference,bengali--8638982311668751103-0,inference,"Tribhuvan antorjatik bimanbondor (Nepali: Tribhuvan Antarrashtriya Vimanasthala, IATA: KTM, ICAO: VNKT) Nepal-er Kathmandu-te obosthito antorjatik bimanbondor. Eti shohorer kendrosthol theke choy kilometer dure Kathmandu upottyakay obosthito. Eti Nepal-er ekmatro antorjatik bimanbondor ebong 1949 sal theke ekta biman ghati hisebe kaj koreche. Eti Raja Mahendra 1955 sale uddhodhon koren ebong 1964 sale bortoman name porichito hoy. Shurute eti ghaser runway chilo, 1957 sale concrete-er astaron sthapon kora hoy ebong besh koyekbar somprosaron kora hoy. Tribhuvane prothom jet biman name 1967 sale ebong",Tribhuvan antorjatik bimanbondortir udbodhon ke koren?,Raja Mahendra,Tribhuvan antorjatik bimanbondor-ta mone hoy 1964 sale Raja Birendra udbodhon koren.,"Okay, let's analyze this response step-by-step.

**Step 1: Identify each factual claim made by the Model Answer.**

The model answer makes two key claims:

1.  Tribhuvan International Airport was inaugurated in 1964.
2.  King Birendra inaugurated it.

**Step 2: Check whether each claim is supported by the Context.**

Let's examine the provided context:

*   Regarding the inauguration year: The context states that Raja Mahendra inaugurated the airport in 1955 and it got its current name in 1964. It *doesn't* say the airport was inaugurated in 1964. The name change occurred in 1964.
*   Regarding the inaugurator: The context explicitly states that Raja Mahendra inaugurated the airport in 1955, not Raja Birendra.

**Step 3: Based on steps 1-2, decide the final verdict.**

Both claims made by the model answer contradict the information provided in the context. The airport was opened by Raja Mahendra in 1955, not Raja Birendra in 1964. Therefore, the answer is hallucinated.

no",no
bengali-1723011166667196429-2::specificity,bengali-1723011166667196429-2,specificity,Halaku Khan chilen Chengeis Khaner onnotomo putro Toluiyer shontan. Tar ma Sorgaghtani Beki chilen ekjon probhabshali Kerait shahjadi. Sorgaghtani chilen ekjon Nestorian Khrishtan. Halaku Khaner stri Dokuz Khatun ebong tar ghonishto bondhu o senapati Kitbukao Khrishtan chilen. Mrityur agomuhurte Halaku Khan Bouddhodhormo grohon korechilen bole jana jay.[1][2] Koyekti Bouddho mondir nirmon theke Bouddhodhorme tar agroher proman pawa jay.[3],Halaku Khaner strir nam ki chilo?,Dokuj Khatun,Halaku Khaner stri shombhoboto Sorgaghtani Beki chilen.,"Okay, let's analyze the model answer.

**Step 1: Factual Claims in the Model Answer**

The model answer claims: ""Halaku Khaner stri shombhoboto Sorgaghtani Beki chilen."" This translates to ""Halaku Khan's wife was likely Sorgaghtani Beki.""

**Step 2: Verification against the Context**

The context states: ""Tar ma Sorgaghtani Beki chilen ekjon probhabshali Kerait shahjadi."" This translates to ""His mother was Sorgaghtani Beki, a powerful Kerait princess.""  The model answer incorrectly states that Sorgaghtani Beki was Halaku Khan's wife when the context clearly indicates she was his *mother*.

**Step 3: Final Verdict**

The model answer presents a factually incorrect statement based on the provided context. It confuses the role of Sorgaghtani Beki as Halaku Khan's mother with being his wife. Therefore, it is hallucinated.

no",no
bengali-1411582546196272359-27::comprehension,bengali-1411582546196272359-27,comprehension,Turshker jonoshonkha pray sat koti 15 lakh.[68] Deshtir jonmohar gore 1 doshomik 31.[69] Proti borgokilomitare er jonoshonkha 92 jon. Er moddhe shohore boshobash kore 70 doshomik 5 jon. 15 theke 64 bochor boyoshi lok royeche 66 doshomik 5 shotangsho. Shunno theke 14 bochore boyoshi loker shonkha 26 doshomik 4 shotangsho. 65 bochorer beshi boyoshi loker shonkha 7 doshomik 1 shotangsho.[70] CIA Factbook onujayi Turki purusher gor ayu 70 doshomik 67 bochor o mohilader gor ayu 75 doshomik 73 bochor. Mot jonoshonkhar gor ayu,Turshker bortoman (2019) jonoshonkha koto?,Pray sat koti 15 lakh,Turshker bortoman (2019) jonoshonkha pray noy koti.,"Okay, let's analyze the model answer.

**Step 1: Factual Claims in the Model Answer**

The model answer states: ""Turshker bortoman (2019) jonoshonkha pray noy koti."" which translates to ""Turkey's current (2019) population is approximately not crore.""  Essentially, it claims Turkey's population in 2019 was *not* a crore (10 million).

**Step 2: Verification Against the Context**

The context states: ""Turshker jonoshonkha pray sat koti 15 lakh"" which translates to ""Turkey's population is approximately seventy-five million fifteen lakhs"".  Since 15 lakhs is equal to 1.5 million, this means the population is 75 + 1.5 = 76.5 million.  A crore is 10 million. Therefore, the population *is* close to a crore (specifically, 7.65 crores). The model answer incorrectly states it is *not* a crore.

**Step 3: Verdict**

The model answer directly contradicts the information provided in the context. It makes a false statement about the population size. This constitutes a hallucination.

no",no
bengali-8899130051977933608-1::comprehension,bengali-8899130051977933608-1,comprehension,1962 khristabder 25she August totkalin Purbo Pakistan prodesher Mymensingh shohore Taslima Nasriner jonmo hoy. Dui bhai dui boner moddhe tini tritiyo. Tar mata Eidul Wara grihini ebong pita Rajab Ali peshay chikitsok chilen. 1976 khristabde tini Mymensingh Residential School theke madhyamik school certificate (SSC) pass koren. 1978 khristabde tini Ananda Mohan College theke uccho madhyamik certificate (HSC) pass koren. Erpor tini Mymensingh Medical College e vorti hon ebong sekhan theke 1984 khristabde MBBS pass koren.[5] 1986 khristabdo theke 1989 khristabde tini sarkari grameen hospital e ebong,Taslima Nasriner babar nam ki?,Rojob Ali,Taslima Nasriner babar nam chhilo Eidul Wara.,"Okay, let's analyze the model answer.

**Step 1: Factual Claims in the Model Answer**

The model answer states: ""Taslima Nasriner babar nam chhilo Eidul Wara."" (Taslima Nasrin's father's name was Eidul Wara.)

**Step 2: Verification against the Context**

The context states: ""Tar mata Eidul Wara grihini ebong pita Rajab Ali peshay chikitsok chilen."" (Her mother was Eidul Wara and her father was Rajab Ali, a doctor by profession.)

The context explicitly mentions that *Eidul Wara* was Taslima Nasrin's *mother*, not her father. The father's name is given as *Rajab Ali*.

**Step 3: Verdict**

The model answer incorrectly identifies Taslima Nasrin's mother as her father. This is a clear fabrication not supported by the provided text. Therefore, it is a hallucination.

no",no
bengali--6029141022173703914-7::specificity,bengali--6029141022173703914-7,specificity,"1944 sale Mohammad Rafi Bombete (bortoman Mumbai) chole asen. Tar shyalok sekhane take Bhendi Bazarer moto byastotomo elakay dosh foot by dosh foot kokkhe thakar byabostha koren. Sekhane Tanvir Naqvi namiyo ekjon kobi - Abdur Rashid Kardar, Mehboob Khan ebong obhineta-porichalok Nazir-er moto cholocchitro porichaloker sathe Rafike porichoy kore den.[7] Shyam Sundar tokhon Mumbaiye obosthan korchilen. Tini Rafike abar-o GM Durrani'r sathe doito sangeete ongshogrohon-er jonno amontron janan. Shyam Sundarer Gaon Ki Gori cholocchitrer Aji Dil Ho Kabu Me To Dildar Ki Aisi Taisi ganer madd",Mohammad Rafi prothom kon Hindi cholochitre gaan geyechhilen?,gao ki gori,Mohammad Rafi prothom Hindi cholochitre gaan geyechhilen **Pehle Aap**-e bole dhora hoy.,"Okay, let's analyze this.

**Step 1: Factual Claims in the Model Answer**

The model answer claims: ""Mohammad Rafi prothom Hindi cholocchitrer gaan geyechhilen **Pehle Aap**-e bole dhora hoy.""  This translates to ""It is said that Mohammad Rafi sang his first song in a Hindi film called 'Pehle Aap'.""

**Step 2: Verification Against the Context**

The provided context discusses Mohammad Rafi's arrival in Mumbai in 1944, his initial setup, and his introduction to figures like Tanvir Naqvi and filmmakers. It mentions Shyam Sundar inviting Rafi to sing with GM Durrani and specifically references the song ""Aji Dil Ho Kabu Me To Dildar Ki Aisi Taisi"" from the movie ""Gaon Ki Gori.""  Crucially, *it does not mention ""Pehle Aap""* or Rafi's debut film. The context only provides information about his activities *after* his arrival in Mumbai, and doesn't state which film was his first.

**Step 3: Verdict**

Since the context makes no mention of ""Pehle Aap"" or Rafi's first Hindi film, the model answer introduces information not present in the given text. This constitutes a hallucination.

no",no
bengali--7489945090902839314-2::specificity,bengali--7489945090902839314-2,specificity,"Monsters University, Mike ebong Sulley name dujon monster-er golpo. Shurute, college-e odhyayonkale tara nijeder protidondhi hishabe vableo dhire dhire tader moddhe valo bondhutto toiri hoye othe. Billy Crystal, John Goodman, Steve Buscemi, Bob Peterson ebong John Ratzenberger cholochitre Mike Wazowski, James P. Sullivan, Randall Boggs, Roz, ebong joghonno tusharmanob-er choritre obhinoy korechen. Bonnie Hunt, jini prothom cholochitre Miss. Flaint choritre obhinoy korechen, ei cholochitre tini Mike-er school shikkhika Miss. Karen Graves choritre kontho diyechen. Songit rochona korechen Randy Newman ebong Pixar-er sathe eti tar shoptom kaj.",Monsters University cholochitroter mul choritrer nam ki?,Mike ebong Sule,Mul choritra hocche Randall ebong Roz.,"Okay, let's analyze this.

**Step 1: Factual Claims in the Model Answer**

The model answer claims: ""Mul choritra hocche Randall ebong Roz."" which translates to ""The main characters are Randall and Roz.""

**Step 2: Verification against the Context**

The context states: ""Billy Crystal, John Goodman, Steve Buscemi, Bob Peterson ebong John Ratzenberger cholochitre Mike Wazowski, James P. Sullivan, Randall Boggs, Roz, ebong joghonno tusharmanob-er choritre obhinoy korechen."" This means that Randall Boggs and Roz are *among* the characters portrayed by those actors. However, the text doesn't explicitly state they are the *main* characters. It lists several characters played by multiple actors. The context also mentions Mike and Sulley as being central to the story (""Mike ebong Sulley name dujon monster-er golpo""), suggesting they are more central than Randall and Roz.

**Step 3: Verdict**

The model answer presents Randall and Roz as the *main* characters. While they are indeed characters in the movie, the context does not support them being designated as the *main* characters. The context strongly implies Mike and Sulley are the primary focus. Therefore, the answer is a hallucination.

no",no
bengali--2553274627248365687-16::inference,bengali--2553274627248365687-16,inference,"Jogindranath Sarkarer City Book Society theke tar prothom boi ""Cheleder Ramayan"" prokashito hoy. Ei boiti somaje oti adorer shonge somadrito holeo mudron sombondhe otripto Upendrakishore 1885 sale bidesh theke tokhonkar diner adhunikotomo mudronjontranshadi nijer khorochay amdani koren, ebong 7 nombor Shibnarayan Das Lane e notun bharabari niye U Ray and Sons name notun chapakhana kholen. Ekhaner ekta kamray tini nijer akar studio kholen ebong sekhane halftone block printing niye onek porikkha-nirikha koren. 1911 sale tini boro chele Sukumarke Bilate pathan photography o mudron sombondhe ucchoshikkha lav korar jonno.",Upendrakishor Ray Chowdhury rochito prothom shishusahitto konti?,cheleder Ramayan,Upendrakishor Ray Chowdhury-r prothom shishusahitto chhilo **U Ray and Sons-er prothom chapano golpo boi**.,"Okay, let's analyze the model answer step-by-step.

**Step 1: Factual Claims in the Model Answer**

The model answer makes the following claims:

1.  Upendrakishor Ray Chowdhury wrote a children's book.
2.  His first children's book was **U Ray and Sons-er prothom chapano golpo boi** (the first printed story book of U Ray and Sons).

**Step 2: Verification against the Context**

Let's examine each claim against the provided context:

*   **Claim 1:** The context states that Jogindranath Sarkarer City Book Society published his first book, ""Cheleder Ramayan"" (Children's Ramayana). This directly confirms that Upendrakishor Ray Chowdhury *did* write a children's book (""Cheleder Ramayan"").

*   **Claim 2:** The context mentions Upendrakishor establishing ""U Ray and Sons"" printing press and experimenting with halftone block printing. It does *not* state that his first children's book was specifically the first publication of ""U Ray and Sons."" In fact, the context indicates ""Cheleder Ramayan"" was published *before* he established this press. Therefore, this claim is not supported by the text. It is a fabrication.

**Step 3: Verdict**

Since the second claim is not supported by the context and appears to be fabricated, the model answer contains a hallucination.

no",no
bengali-1243479285016270340-16::factualness,bengali-1243479285016270340-16,factualness,"Prishtotan-ke sadharonoto γ (Greek okkhor gamma) chihno diye prokash kora hoy ebong er porimap hoy ‘bol proti ekok doirgho’ diye. Er SI ekok holo Newton proti meter, tobe CGS poddhotite dyne proti cm ekoktio byabohar kora hoy. γ = 1 d y n c m = 1 e r g c m 2 = 1 m N m = 0.001 N m = 0.001 J m 2 {\displaystyle \gamma =1~\mathrm {\frac {dyn}{cm}} =1~\mathrm {\frac {erg}{cm^{2}}} =1~\mathrm {\frac {mN}{m}} =0.001~\mathrm {\frac {N}{m}} =0.001~\mathrm {\frac {J}{m^{2}}} }",Prishtotan ke kon chihno dara prokash kora hoy?,γ,β (Greek okkhor beta) chihno diye prokash kora hoy.,"Okay, let's analyze this.

**Step 1: Factual Claims in the Model Answer**

The model answer makes one primary claim: ""Prishtotan ke β (Greek okkhor beta) chihno diye prokash kora hoy."" (Prishtotan is denoted by the symbol β (Greek lowercase beta).)

**Step 2: Verification against the Context**

The provided context states that Prishtotan is denoted by the symbol γ (Greek okkhor gamma). It explicitly says ""Prishtotan-ke sadharonoto γ (Greek okkhor gamma) chihno diye prokash kora hoy.""  There is *no* mention of β anywhere in the context.

**Step 3: Verdict**

The model answer directly contradicts the information given in the context. It claims Prishtotan is represented by β when the text clearly states it's represented by γ. Therefore, the answer is hallucinated.

no",no
bengali--381183395494440070-4::comprehension,bengali--381183395494440070-4,comprehension,"Caudata ba lejukto ubhochor; eder modhhe ache Siren, Salamander, o Newt. Anura ba lejbihin ubhochor; eder modhhe ache bibhinno jater byang. Gymnophiona; era onekta kenchosodrish, jemon Caecilian.",Byang kon borger prani?,Anura,Byang holo **Caudata borger prani**.,"Okay, let's analyze the model answer.

**Step 1: Factual Claims in the Model Answer**

The model answer states: ""Byang holo **Caudata borger prani**."" This translates to ""Frogs are Caudata class animals.""

**Step 2: Verification Against the Context**

The context states: ""Anura ba lejbihin ubhochor; eder modhhe ache bibhinno jater byang."" which means ""Anura are a group of amphibians; among them are various kinds of frogs."" It also mentions ""Caudata ba lejukto ubhochor"" which means ""Caudata are a group of amphibians"". The context does *not* state that frogs (Anura) belong to the Caudata group. Instead, it presents them as separate groups within the broader category of amphibians.

**Step 3: Verdict**

The model answer incorrectly classifies frogs (Anura) as belonging to the Caudata order. The provided context establishes Caudata and Anura as distinct groups of amphibians. Therefore, this is a hallucination.

no",no
bengali-1019942405024864518-0::inference,bengali-1019942405024864518-0,inference,"Google LLC[4] (English: Google LLC) ba Google Limited Liability Company internet-vittik sheba o ponye bisheshayito ekta American bohujatik projukti company. Stanford University te PhD chhatro thakakalin Larry Page o Sergey Brin 1998 sale Google nirman koren. Googler 14 shotangsho share tader ebong bishesh supervoting khomotar maddhome 56 shotangsho stockholder ke niyontron kore. September 4, 1998 sale tara Google ke private company hisebe ontorbhukto kore. Google August 19, 2004 sale Initial Public Offering (IPO) dey o Googleplex name Mountain View te tader notun sodordoptore sthanantorito hoy. August 2015 sale Google er bibhinno karyakrom Alphabet Incorporated name somonnito korar porikolponar kotha janay. Alphabet er",Google companytar protisthata ke?,Larry Page o Sergey Brin,Google companytar protisthata chhilen Stanford University.,"Okay, let's analyze this.

**Step 1: Identify factual claims in the Model Answer.**

The model answer states: ""Google companytar protisthata chhilen Stanford University."" which translates to ""Google company was established at Stanford University."" This is a single, clear claim.

**Step 2: Check if the claim is supported by the Context.**

The context states: ""Stanford University te PhD chhatro thakakalin Larry Page o Sergey Brin 1998 sale Google nirman koren."" which translates to ""Larry Page and Sergey Brin, who were PhD students at Stanford University, founded Google in 1998.""  While it mentions that Larry Page and Sergey Brin *were* at Stanford when they founded Google, it doesn't state that the *company itself* was established *at* Stanford. It indicates the founders' location during the founding, not the company's physical establishment. The context does not mention Google being headquartered or established at Stanford.

**Step 3: Determine the Verdict.**

The model answer makes a claim about Google's establishment location that isn't directly supported by the provided context. While the founders were associated with Stanford, the text doesn’t say the company was founded *there*. Therefore, the answer is hallucinated.

no",no
bengali-8387770267775678164-2::factualness,bengali-8387770267775678164-2,factualness,"Tibro panibahito rog jemon diarrhea ebong cholerar khetre kharap poyonishkashon byabostha panidushon ghotay. Tai itihasher shurur dik thekei shouchagar ekta bhabnar bishoy chilo. Ekkhetre Indu upottyakar jonogon shouchagar, bishesh kore bektigoto flush shouchagarer unnoyoner jonno shobcheye porichito. Erpor 1856 sale adhunik flush shouchagar poddhoti abishkar koren John Herington. Tobe ta tokhono byabohar kora shuru hoy ni. Emonki ditiyo bishwajuddher age shomogro London-e tokhono bektigoto flush shouchagar chilo na.",Adhunik flush shouchagar poddhoti sorboprothom ke abishkar korechhilen?,Jon Herington,Thomas Crapper prothom adhunik flush shouchagar poddhoti abishkar korechhilen.,"Okay, let's analyze the model answer.

**Step 1: Factual Claims in the Model Answer**

The model answer states: ""Thomas Crapper prothom adhunik flush shouchagar poddhoti abishkar korechhilen.""  This translates to ""Thomas Crapper first invented the modern flush toilet method.""

**Step 2: Verification Against the Context**

The provided context mentions that John Herington invented the modern flush toilet method in 1856. However, it also states that this method wasn't immediately adopted. The context *does not* mention Thomas Crapper at all. It explicitly says that before World War II, London didn't have widespread flush toilets.

**Step 3: Verdict**

The model answer attributes the invention of the modern flush toilet to Thomas Crapper, a claim entirely unsupported by the provided context. The context names John Herington as the inventor. Therefore, the answer is a hallucination.

no",no
bengali-1034970557000642377-1::inference,bengali-1034970557000642377-1,inference,"Oupanibeshik Pakistan amole Purbo Pakistan-e protishthito 4rtho totha sesh Cadet College ""Rajshahi Cadet College"". Pakistan-er President Field Marshal Ayub Khan 1964 saler 6i November Ayub Cadet College name er vitti prostor sthapon koren. Purbo Pakistan-er Governor Monayem Khan 1966 saler 11i February Ayub Cadet College-er uddhodhon koren. Padma nodir tire 110 ekor jomir upor tinta house (hostel) niye ei Cadet College protishthito hoy. Protishthata odhyokkho chilen Wing Commander Mohammad Saeed, PAF. College-er prothom Bangali odhyokkho M Bokiyatullah. Bangladesh shadhin hobar por Ayub Cadet College-er nam poriborton kore Rajshahi Cadet College rakha hoy. Ei Cadet College-er",Rajshahi Cadet College kobe protishthito hoy?,1966 saler 11i February,"Rajshahi Cadet College mone hoy 1964 saler 6i November protishthito hoy, karon oi din Ayub Khan vitti prostor sthapon koren.","Okay, let's analyze the model answer step-by-step.

**Step 1: Factual Claims in the Model Answer:**

*   Claim 1: Rajshahi Cadet College was established on November 6, 1964.
*   Claim 2: Ayub Khan established the foundation space on that day.

**Step 2: Verification against the Context:**

*   Regarding Claim 1: The context states that Field Marshal Ayub Khan established the foundation space on November 6, 1964, for ""Ayub Cadet College"" (which later became Rajshahi Cadet College). However, the context also mentions that the college was inaugurated on February 11, 1966, by Monayem Khan. The establishment of the *foundation* is not the same as the establishment of the *college* itself.
*   Regarding Claim 2: This claim is directly supported by the context: ""Pakistan-er President Field Marshal Ayub Khan 1964 saler 6i November Ayub Cadet College name er vitti prostor sthapon koren.""

**Step 3: Overall Verdict:**

The model answer conflates the establishment of the foundation with the actual establishment/inauguration of the college. While Ayub Khan did lay the foundation on November 6, 1964, the college wasn't fully established until February 11, 1966. Therefore, the answer is partially incorrect and hallucinates the date of establishment.

no",no
bengali--2488135216239958214-0::inference,bengali--2488135216239958214-0,inference,"Mughal somratora, 16 shotoker shuru theke 19 shotoker majhamajhi porjonto Bharotiyo upomohodeshe Mughal samrajyer shashon koren. Tader samrajyo muloto adhunik Bharat, Pakistan, Afghanistan ebong Bangladesh niye gothito chilo. Mughalra modhyo Eshiar Taimur bongser uttar purush. Ei samrajyo 18 shotoke durbol hoye pore. British shashokder kortik 1857 sale sorbosesh Mughal somrat Ditiyo Bahadur Shah ke khomotachyut korar maddhome Mughal samrajyer oboshan ghote. [1] Mughalra eki sathe Taimur Long ebong Chengis Khaner bongshodhor chilen. Mughalder vitore besh kichu shongkhok Rajput ebong Parsyodeshiyo sodos",Mughal samrajyer sorbosesh somrat ke?,Ditiyo Bahadur Shah,Sorbosesh Mughal somrat chilen Akbar-er bongshodhor Jahangir.,"Okay, let's analyze the model answer.

**Step 1: Factual Claims in the Model Answer**

The model answer states: ""Sorbosesh Mughal somrat chilen Akbar-er bongshodhor Jahangir."" which translates to ""The last Mughal emperor was Jahangir from the lineage of Akbar."" This contains two claims:
1. Jahangir was the last Mughal emperor.
2. Jahangir belonged to the lineage of Akbar.

**Step 2: Verification against the Context**

*   **Claim 1: Jahangir was the last Mughal emperor.** The context states that the Mughal empire ended with the deposition of ""Ditiyo Bahadur Shah"" (Second Bahadur Shah). It *does not* mention Jahangir as the last emperor.
*   **Claim 2: Jahangir belonged to the lineage of Akbar.** The context mentions Akbar and Taimur, and states that the Mughals were descendants of both Taimur and Genghis Khan. While Jahangir was indeed a descendant of Akbar, this specific connection isn't explicitly stated in the provided text.  It's inferable, but the text doesn't directly confirm it.

**Step 3: Final Verdict**

The core claim—that Jahangir was the last Mughal emperor—is demonstrably false according to the given context. The context clearly identifies Bahadur Shah Zafar as the last Mughal emperor. Therefore, the model answer hallucinates information.

no",no
bengali--1492967622164090627-2::inference,bengali--1492967622164090627-2,inference,"Chowdhury Rahmat Ali totkalin Bharoter Panjaber Hoshiarpur jeler ontorgoto Balachaur shohore ekta Muslim Gurjar poribare jonmogrohon koren (bortoman Nawanshahr jela).[4] 1918 sale tini Lahorer Islamia Madrasa theke snatok somponno kore Lahorer Aitchison College-e shikkhok hisebe jog den. Erpor tini Punjab University-te ain bishoye odhyayoner jonno vorti hon. 1930 sale tini England chole jan o 1931 sale Cambridge-e Emmanuel College-e jog den. 1933 sale tini ""Now or Never"" pustikati prokash koren. Ete sorboprothom ""Pakistan"" shobdoti ullekh kora hoy. 1933 sale tini England-e Pakistan jatiyo andolon protistha koren. 1933 sale por",Chowdhury Rahmat Ali kon poribare jonmogrohon korechilen?,Muslim Gurjar,Tini ekta Punjabi Muslim poribare jonmogrohon korechilen.,"Okay, let's analyze the model answer.

**Step 1: Factual Claims in the Model Answer**

The model answer states: ""Tini ekta Punjabi Muslim poribare jonmogrohon korechilen."" which translates to ""He was born into a Punjabi Muslim family.""

**Step 2: Verification against the Context**

The context states: ""Chowdhury Rahmat Ali totkalin Bharoter Panjaber Hoshiarpur jeler ontorgoto Balachaur shohore ekta Muslim Gurjar poribare jonmogrohon koren..."" This translates to ""Chowdhury Rahmat Ali was born into a Muslim Gurjar family in Balachaur town, located in the Hoshiarpur district of Punjab, British India...""

The context explicitly mentions that he was born into a ""Muslim Gurjar"" family. The model answer says ""Punjabi Muslim"" family. While being from Punjab implies being Punjabi, the context specifies ""Gurjar,"" which is a distinct ethnic group. The model answer omits this specific detail and generalizes it to ""Punjabi."" This is a subtle but significant deviation.

**Step 3: Verdict**

Because the model answer changes a specific detail (""Gurjar"") to a broader category (""Punjabi""), it introduces information not directly present in the provided context, even if the broader category is partially accurate. Therefore, it constitutes a hallucination.

no",no
bengali-5567311142476972637-0::specificity,bengali-5567311142476972637-0,specificity,"Brahmasamaj ba Brahmasabha 19 shotoke sthapito ek samajik o dhormiyo andolon ja Banglar punorjagoroner purodha hisebe porichito. Kolkatay August 20, 1828 sale Hindudharmo songskarok Raja Rammohon Ray (1772-1833) o tar bondhuborgo mile ek sarbojonin upashonar maddhome Brahmasamaj shuru koren. Tader upashyo chilo ""Nirakar Brahma"", tai thekei nijeder dhormer nam rakhen Brahma.",Brahmasamaj andoloner suchona kobe hoechilo?,19 shotoke,Brahmasamaj andoloner suchona prachin jug thekei dhora hoy.,"Okay, let's analyze the model answer.

**Step 1: Identify factual claims in the Model Answer.**

The model answer states: ""Brahmasamaj andoloner suchona prachin jug thekei dhora hoy."" which translates to ""The movement of Brahmasamaj started from ancient times."" This is a single, overarching claim about the origin of the Brahmasamaj movement.

**Step 2: Check if the claims are supported by the Context.**

The provided context explicitly states that Brahmasamaj was established in 1828 (""August 20, 1828 sale Hindudharmo songskarok Raja Rammohon Roy... Brahmasamaj shuru koren""). It does *not* mention anything about the movement originating in ancient times. The context describes a specific founding date and individuals involved.  Therefore, the claim of the movement starting in ancient times directly contradicts the information given.

**Step 3: Determine the Verdict.**

Since the model answer makes a statement that is demonstrably false based on the provided context, it is a hallucination.

no",no
bengali-7294080396128754758-7::specificity,bengali-7294080396128754758-7,specificity,"Bangladesh o Bharoter onek brihot nodi purbo theke poschime probahito hoye Bongoposagore potito hoyeche. Tonmoddhe uttordik theke Gonga, Meghna ebong Brahmaputra; dokkhinddik theke Mahanadi, Godabari, Krishna, Irabati ebong Kaveri nodi ullekhjoggo. 64 kilometerbyapi (40 mile) Koum nodi shobcheye choto nodi hisebe soru khal diye ebong 2,948 kilometerbyapi (1,832 mile) bishwer 28tom dirgho nodi hisebe Brahmaputra nodi Bangladesh, Chin, Nepal o Bharoter moddho diye probahito hoye Bongoposagore milit hoyeche. Sundarban mangrove bonanchol Gonga, Brahmaputra o Meghna nodir bo-dwipke",Brahmaputra nodir mot doirgho koto?,"2,948 kilometer","Brahmaputra nodir mot doirgho prai 3,200 kilometer.","Okay, let's analyze the model answer.

**Step 1: Factual Claims in the Model Answer**

The model answer makes one primary factual claim: ""Brahmaputra nodir mot doirgho prai 3,200 kilometer."" (The approximate length of the Brahmaputra river is 3,200 kilometers.)

**Step 2: Verification Against the Context**

The context states that the Brahmaputra river is ""2,948 kilometerbyapi (1,832 mile) bishwer 28tom dirgho nodi"". This translates to 2,948 kilometers. The model answer claims a length of approximately 3,200 kilometers.  This is significantly different from the value provided in the context.

**Step 3: Verdict**

The model answer provides a length for the Brahmaputra River that is not supported by the given context. It is a hallucination.

no",no
bengali-9204004307186511271-4::factualness,bengali-9204004307186511271-4,factualness,"Guwahati namti Asomiya vashar duti shobdo 'guya' (ortho-supari) ebong 'hat' (ortho-bazar)-er theke udbhob hoyeche. British uponibesh kale ei namti ""Gauhati"" kora hoyechilo ebong 1980-r doshoker sheshvag theke eti bortoman rup pay.[13]",Guwahatir purbo nam ki chilo?,Gouhati,Guwahatir purbo nam chhilo Gauhati.,"Okay, let's analyze this.

**Step 1: Factual Claims in the Model Answer**

The model answer states: ""Guwahatir purbo nam chhilo Gauhati."" This translates to ""Guwahati's previous name was Gauhati.""

**Step 2: Verification Against the Context**

The context explicitly states: ""British uponibesh kale ei namti ""Gauhati"" kora hoyechilo..."" which translates to ""During British rule, this place was named ""Gauhati""..."".  This directly supports the claim that ""Gauhati"" was a previous name for Guwahati.

**Step 3: Verdict**

The model answer accurately reflects information provided in the context. There's no hallucination involved.

no",no
bengali-4968178147939785709-2::inference,bengali-4968178147939785709-2,inference,1965 saler 31 July England-er Gloucestershire-er Yate shohore jonmogrohon koren J.K. Rowling. Tar babar nam Peter ebong mayer nam Annie. Tar baba chilen engineer ebong ma chilen gobeshonagarer technician. Rowling er puro nam Joanne Kathleen Rowling. Rowling er choto aro ek bon royeche. Chotobela ta kate gramyo poribeshe.,British lekhika J K Rowling kon shohore jonmogrohon koren?,England er Gloucestershire er Yate e,J K Rowling naki London-er kachakachi Bristol-e jonmogrohon koren.,"Okay, let's analyze the model answer.

**Step 1: Factual Claims in the Model Answer**

The model answer makes two factual claims:

1.  J K Rowling was born near London in Bristol.

**Step 2: Verification against the Context**

*   **Claim 1:** The context states that J.K. Rowling was born in Yate, Gloucestershire, England. It does *not* mention Bristol or its proximity to London. This directly contradicts the model answer.

**Step 3: Verdict**

Since the model answer provides information (birthplace as Bristol) that is not present in the provided context and actively contradicts a statement within it (birthplace as Yate), it is hallucinated.

no",no
bengali-2586602312486395780-1::comprehension,bengali-2586602312486395780-1,comprehension,"British amol thekei Dhakar bibhinno hotel o Nawab poribarer amontrone British band o songit tarkader Dhakay gaan poribeshoner khobor pawa jay. Pak-Bharot bivoktir pore 1963 saler 18 March Dhakar St. Gregory's School-er ek shangskritik onusthane prothom band dhacher ganer khobor pawa jay. Sei onusthane 17 bochor boyoshi kishor Telfar Johnson guitar bajan ar Cliff Richard-er gaan poribeshon koren. Eki school-er nobom shrenite porua Fazle Rob, Alamgir [porobortikale Bangladesh o Pakistan-er jonopriyo gayok], Rafiq o Sabbir band dol gothon koren. Bola hoy, tader hatei jonmo ney Bangladesh-er prothom band Iolites. Hotel Shahbag o Dhaka Club-e ni",Bangladesher prothom bander nam ki?,iolites,Bangladesher prothom band chhilo **Windy Side of Care**.,"Okay, let's analyze this.

**Step 1: Factual Claims in the Model Answer**

The model answer claims that ""Bangladesher prothom band chhilo Windy Side of Care."" This is a single, direct claim about the name of the first band in Bangladesh.

**Step 2: Verification Against the Context**

The context states that ""Bola hoy, tader hatei jonmo ney Bangladesh-er prothom band Iolites."" which translates to ""It is said that they gave birth to Bangladesh's first band Iolites."" The context *does not* mention ""Windy Side of Care"" at all. It explicitly names ""Iolites"" as the first band.

**Step 3: Verdict**

The model answer provides information (""Windy Side of Care"") that is not present in the provided context.  Therefore, the answer is hallucinated.

no",no
bengali--3419022654484055884-0::comprehension,bengali--3419022654484055884-0,comprehension,"Steve Jobs (puronam: Steven Paul Jobs) (English: Steven Paul ""Steve"" Jobs) (jonmo February 24, 1955, mrityu 5 October 2011)[10][11] Juktorashtrer ekjon uddyokta o projukti udbhabok. Take personal computer biplober pothikrit bola hoy. Tini Steve Wozniak ebong Ronald Wayne-er sathe 1976 khristabde ""Apple Computer"" protistha koren. Tini Apple Incorporation-er protisthata der onnotomo o sabek prodhan nirbahi kormokorta. Tini ""Pixar Animation Studios""-er o protisthata der onnotomo o sabek prodhan nirbahi kormokorta. 1985 sale Apple Incorporation-er ""Board of Directors-er"" sadoshoder sathe birodhe joriye tini Apple Incorporation",Apple company-r protisthata ke?,Steve Wozniak ebong Ronald Wayne,Steve Jobs chhilen Apple-er ekok protisthata.,"Okay, let's analyze the model answer.

**Step 1: Factual Claims in the Model Answer**

The model answer states: ""Steve Jobs chhilen Apple-er ekok protisthata."" which translates to ""Steve Jobs was one of the founders of Apple.""

**Step 2: Verification against the Context**

The context explicitly states: ""Tini Steve Wozniak ebong Ronald Wayne-er sathe 1976 khristabde ""Apple Computer"" protistha koren."" This translates to ""He [Steve Jobs] founded 'Apple Computer' with Steve Wozniak and Ronald Wayne in 1976.""  This directly confirms that Steve Jobs was a founder of Apple.

**Step 3: Verdict**

The model answer accurately reflects information present in the provided context. There is no hallucination.

no",no
bengali-1030984308163224346-2::specificity,bengali-1030984308163224346-2,specificity,"Shomash shobder ortho shongkhep, shomorthon, shongroho, milon, ekadhik poder ekpodikaron.",Ek kothay samas shobdotir ortho ki?,"songkhep, somorthon, songroho, milon, ekadhik poder ekpodikoron","Ek kothay bolte gele, samas shobdotir ortho holo sudhu “milon o shongjog”.","Okay, let's analyze this.

**Step 1: Identify factual claims in the Model Answer.**

The model answer states: ""Ek kothay bolte gele, samas shobdotir ortho holo sudhu “milon o shongjog”.""  This translates to: ""If you say it in one word, the orthography of compound words is just 'combination and connection'."" The core claim is that the orthography (spelling/writing system) of *samas shobdo* (compound words) is simply ""milon o shongjog"" (combination and connection).

**Step 2: Check if claims are supported by the Context.**

The context defines *shomash shobdo* as encompassing ortho (spelling), *shongkhep* (number), *shomorthon* (contraction), *milon* (combination), and *ekadhik poder ekpodikaron* (integration of multiple forms). It lists *milon* as a characteristic of *shomash shobdo*, but it does *not* state that the *ortho* (spelling) *is* solely ""milon o shongjog"". The context describes what *shomash shobdo* *are*, not what their spelling rules are. The answer extrapolates beyond what the provided text says.  It takes ""milon"" (combination) from the definition of *shomash shobdo* and incorrectly presents it as the entirety of the spelling rules for compound words.

**Step 3: Verdict**

The model answer makes a claim about the orthography of compound words that is not directly supported by, nor logically implied by, the given context. It hallucinates a rule where none was stated.

no",no
bengali--5189083434002639881-1::factualness,bengali--5189083434002639881-1,factualness,Bangladesher Kishoreganj jeler Itna thanar Joysiddhi grame 1885 Khristabde biggani Debendra Mohan Bosu jonmogrohon koren. Tar pitar nam Mohini Mohan Bosu. Renglar Ananda Mohan Bosu tar sohodor kaka. Balyokale pitribiyog ghotle matul biggani Acharya Jagadish Chandra Bosur sannidhye Bharote bosobash koren.[2] Shoishobe Debendramohoner anusthanik shikkha shuru hoyechhilo ekta Brahma Balika Bidyaloye. Balika Bidyaloy holeo ete prathomik stor porjonto sohoshikkha chalu chhilo. Erpor tini Ananda Mohan Bosu protishthito City School e lekhapora koren ebong e school thekei Entrance pass korechen.,Bharotiyo podarthobiggyani Debendra Mohan Bosur pitar nam ki chilo?,Mohini Mohon Bosu,Tar pitar nam chhilo Monindra Mohan Bosu.,"Okay, let's analyze this.

**Step 1: Factual Claims in the Model Answer**

The model answer states: ""Tar pitar nam chhilo Monindra Mohan Bosu."" which translates to ""His father's name was Monindra Mohan Bosu.""

**Step 2: Verification against the Context**

The context explicitly states: ""Tar pitar nam Mohini Mohan Bosu."" This translates to ""His father's name was Mohini Mohan Bosu."" The model answer provides a different name, ""Monindra Mohan Bosu,"" instead of the name given in the context.

**Step 3: Verdict**

The model answer contains a factual error; it hallucinates the father's name. The provided information contradicts the text.

no",no
bengali--3561920547618114254-11::comprehension,bengali--3561920547618114254-11,comprehension,Abu Bakar 573 saler dike Makkar Quraysh bongser Banu Taim gotre jonmogrohon korechen.[6] tar babar nam Abu Quhafa o mayer nam Salma binte Sakhar.,Islamer prothom khalifa Abu Bakr kobe jonmogrohon koren?,573 sale,Hijrater por 632 shale janmogrohon koren.,"Okay, let's analyze this.

**Step 1: Factual Claims in the Model Answer**

The model answer makes two claims:

1.  Islam's first caliph, Abu Bakr, was born in 632 AD after the Hijra (migration).

**Step 2: Verification against the Context**

*   **Claim 1:** The context states that Abu Bakr (Abu Bakar) was born ""573 saler dike"" which translates to ""around 573 years ago"". It does *not* mention anything about the Hijra or the year 632. The context provides his birth year as approximately 573. This contradicts the model's claim of 632 AD.

**Step 3: Verdict**

The model answer provides a birth year (632 AD) that directly contradicts the information given in the provided text (approximately 573 years ago). Therefore, the answer is hallucinated.

no",no
bengali-3902040012994010412-1::factualness,bengali-3902040012994010412-1,factualness,"Supracin kal thekei Bharatiyo upomohadesh orthonaitik somriddhi o sangskritik oitijjer jonno suparichito. Oitihashik Sindhu sabhyota ei oncholei gore uthechhilo. Itihasher bibhinno porbe ekhanei sthapit hoyechhilo bishalakaar ekadhik samrajyo. Nana itihash-prosiddho banijjopath ei oncholer shonge bishwer onnanno sabhyotar banijjik o sangskritik shomporko rokha korto. Hindu, Bouddho, Jain o Sikh—bishwer ei char dhormer utshobhumi Bharat. Khrishtiyo prothom sahasrabde Jarathushtriyo dhormo (Parsi dhormo), Ihudi dhormo, Khrishtodhormo o Islam edeshe probesh kore, o Bharatiyo",Bharotborsho koto shale ekta shadhin sarbabhom rashtra hisebe protishthito hoy?,1950,1947 shalei Bharat ekta shadhin sarbabhom rashtra hisebe protishthito hoy.,"Okay, let's analyze this.

**Step 1: Factual Claims in the Model Answer**

The model answer makes a single, clear factual claim: ""Bharat (India) was established as a sovereign republic in 1947.""

**Step 2: Verification Against the Context**

The provided context discusses the historical significance of the Indus Valley Civilization, various empires, trade routes, and the origins of major religions in India. It mentions the arrival of Zoroastrianism (Parsi religion), Judaism, Christianity, and Islam in India during the first millennium. Critically, *it does not mention the year 1947 or India's independence*. The context focuses on ancient and medieval Indian history, not its modern political history.

**Step 3: Verdict**

Since the context provides absolutely no information about India gaining independence in 1947, the model answer's claim is entirely unsupported by the given text. This constitutes a hallucination. The model has generated a fact not present in the provided material.

no",no
bengali--1075882060025328766-0::specificity,bengali--1075882060025328766-0,specificity,Hangor ba hangor (Ingreji: Shark) torunasthibishishto ek dhoroner samudrik macher pray 225ti projatir jonno bebohrito sadharon nam. Prithibir pray shokol sagor-mohasagore eder ostittwo thakleo muloto grishmomondoliyo ebong ardh-grishmomondoliyo onchole eder prachurjo dekha jay. Koyekti projati somudro upokule boshobash korleo odhikangsho gobhir somudrer uparer tole boshobash kore. Gobhir somudre boshobashkari kichu projati alodayok orthat alo bichchuron korte pare. Dhongsho ebong porojibir hat theke rokkhar jonno eder dehotbokiyo denticle royeche. Ei denticle-er karone eder probahi gotibiddayo probhut,Prithibite mot koto projatir hangor ache?,225ti,prithibite mot pray 300tir moto hangor projati ache.,"Okay, let's analyze this.

**Step 1: Factual Claims in the Model Answer**

The model answer states: ""prithibite mot pray 300tir moto hangor projati ache."" which translates to ""There are about 300 species of sharks in the world.""

**Step 2: Verification against the Context**

The provided context states: ""Prithibir pray shokol sagor-mohasagore eder ostittwo thakleo muloto grishmomondoliyo ebong ardh-grishmomondoliyo onchole eder prachurjo dekha jay."" This translates to ""Although they are found in all oceans of the world, they are mostly seen in tropical and subtropical waters.""  It also mentions ""225ti projatir jonno bebohrito sadharon nam"" meaning ""common name for 225 species"". The context does *not* state that there are 300 species of shark. It explicitly mentions 225.

**Step 3: Verdict**

The model answer provides a number (300) that is not present in the context and contradicts the specific number (225) mentioned within it. Therefore, the answer is hallucinated.

no",no
bengali--8808406948073702391-4::inference,bengali--8808406948073702391-4,inference,Arsenaler protistha 1886 sale Royal Arsenal-e kormoroto kichu shromiker maddhome. Shurute clubtir nam chilo Dial Square. Kichudin pore nam poriborton kore rakha hoy Royal Arsenal. 1891 sale peshadar dol hishabe atmaprokash korar por er nam rakha hoy Woolwich Arsenal. 1883 sale prothombarer moto Football League-e jog dey ebong pray 21 bochor por 1904 sale prothom bibhag doler morjada lav kore. Bhougolik karone shuru thekei tader dorshok shonkha chilo onek kom. Jar karone 1910 saler modhyei tara orthonaitikvabe pongu hoye pore.[1] 1913 sale relegation-er karone Arsenal ditiyo bibhage neme jay ebong thik ei shomoye tara Highbury-te,Arsenal proshikkhon kendra kobe toiri hoy?,1886 shale,Arsenal-er proshikkhon kendra 1913 shale toiri hoy.,"Okay, let's analyze the model answer.

**Step 1: Factual Claims in the Model Answer**

The model answer makes one primary factual claim: ""Arsenal-er proshikkhon kendra 1913 shale toiri hoy"" (Arsenal's training center was established in 1913).

**Step 2: Verification against the Context**

The provided context discusses the history of Arsenal football club, including its name changes, joining the Football League, and relegation. It mentions that Arsenal moved to Highbury in 1913 due to geographical reasons. However, **it does not mention anything about the establishment of a training center in 1913.** The text focuses on the team's relocation to Highbury, not the creation of a training facility.  While the move to Highbury happened in 1913, this doesn't automatically imply the establishment of a training center. It could have been simply a stadium relocation.

**Step 3: Verdict**

Since the context does not provide any information regarding the establishment of Arsenal's training center in 1913, the model answer is hallucinated.

no",no
bengali--5702015763636761454-0::comprehension,bengali--5702015763636761454-0,comprehension,"Shohid Smriti Songrohoshala Bangladesh-er prothom muktijuddhovittik songrohoshala. Swadhinota juddhe shikkhok, chatro, kormochari-der smritichinho niye Rajshahi Bishwabidyaloyer sobuj chottore gore utheche desher sorboprothom muktijuddho-bishoyok jadughor-ti. Swadhinota juddher o itihasher bibhinno upokoron susthubhabe songrokkhoner uddeshe 1976 sale ei songrohoshalati protishthito hoy Rajshahi Bishwabidyaloy campus-er Shohid Minar Complex elakay.[1]",koto shale Muktijuddho Jadughorer udbodhon hoyechilo?,1976,1971 shale udbodhon hoyechilo.,"Okay, let's analyze this.

**Step 1: Factual Claims in the Model Answer**

The model answer states: ""1971 shale udbodhon hoyechilo"" which translates to ""It was inaugurated in 1971.""

**Step 2: Verification against the Context**

The provided context states: ""Swadhinota juddher o itihasher bibhinno upokoron susthubhabe songrokkhoner uddeshe 1976 sale ei songrohoshalati protishthito hoy..."" This translates to ""...this museum was established in 1976 with the aim of preserving various aspects of the War of Liberation and its history...""

**Step 3: Verdict**

The context explicitly states the museum was established in 1976, while the model answer claims it was inaugurated in 1971. These are contradictory. Therefore, the model answer is hallucinated.

no",no
bengali-1779859426821641187-3::inference,bengali-1779859426821641187-3,inference,Toukir Ahmed-er porichalonay Oggatonama cholocchitre Fazlur Rahman Babu-r obhinoy proshongshito howar por take abar ei cholocchitrer jonno nirbachon kora hoy. Muhammad Mostafa Kamal Raj porichalito Projapotir por ei cholocchitre ditiyobarer moto eksathe kaj koren Zahid Hasan o Mosharraf Karim. Zahid Hasan-er eti Toukir-er porichalonay prothom cholocchitro. Tobe tara eksathe Natyakendre moncho natok korechen. Onnodike Mosharraf Karim Toukir-er ager charti cholocchitrei obhinoy koren. Prodhan duti nari choritre obhinoy korechen Nusrat Imrose Tisha ebong Runa Khan. Eti tader dujoner-i Toukir-er porichalonay prothom cholocchit,Oggatonama cholocchitrotir shongit porichalok ke chilen?,Toukir Ahmed,Oggatonama-r shongit porichalok chilen Muhammad Mostafa Kamal Raj.,"Okay, let's analyze this.

**Step 1: Factual Claims in the Model Answer**

The model answer makes one clear factual claim: ""Oggatonama-r shongit porichalok chilen Muhammad Mostafa Kamal Raj."" (Muhammad Mostafa Kamal Raj was the music director of Oggatonama).

**Step 2: Verification Against the Context**

The context states: ""Muhammad Mostafa Kamal Raj porichalito Projapotir por ei cholocchitrer jonno ditiyobarer moto eksathe kaj koren Zahid Hasan o Mosharraf Karim."" This translates to ""Muhammad Mostafa Kamal Raj, after directing Projapoti, works together with Zahid Hasan and Mosharraf Karim for this movie for the second time.""  It does *not* explicitly state that he was the music director (shongit porichalok). It only says he was involved in the production. While a director can sometimes also be the music director, the text doesn't confirm this.

**Step 3: Verdict**

Since the context does not explicitly state that Muhammad Mostafa Kamal Raj was the music director, but rather that he worked alongside others on the film, the answer is considered a hallucination. The model has inferred a role that isn't directly stated in the provided text.

no",no
bengali-1644744333786318480-20::factualness,bengali-1644744333786318480-20,factualness,"Shadhinotar pore abirbhuto cholocchitro porichalokder moddhe Alamgir Kabir (1938-1989) ullekhjoggo. Tar nirmito cholocchitro holo Dhire Bohe Meghna (1973), Surjo Konna (1976), Simana Periye (1977), Rupali Soikote (1979), Mohona (1982), Porinita (1984) o Mohanayok (1985).",Bangladeshi cholocchitro porichalok Alamgir Kabir-er porichalito prothom cholocchitrer nam ki?,Dhire bohe Meghna,Alamgir Kabir-er prothom porichalito cholocchitro chhilo **Surjo Konna (1976)**.,"Okay, let's analyze the model answer.

**Step 1: Factual Claims**

The model answer makes one primary factual claim: ""Alamgir Kabir-er prothom porichalito cholocchitro chhilo **Surjo Konna (1976)**."" (Alamgir Kabir's first directed film was *Surjo Konna* (1976)).

**Step 2: Verification against Context**

The provided context lists Alamgir Kabir's films: ""Dhire Bohe Meghna (1973), Surjo Konna (1976), Simana Periye (1977), Rupali Soikote (1979), Mohona (1982), Porinita (1984) o Mohanayok (1985)."" The list doesn't explicitly state which film was his first. However, based on the chronological order presented in the context, *Dhire Bohe Meghna* (1973) precedes *Surjo Konna* (1976). Therefore, the model answer incorrectly identifies *Surjo Konna* as his first film.

**Step 3: Verdict**

Since the model answer contradicts the information implicitly provided in the context regarding the order of his films, it is hallucinated.

no",no
bengali--7369128730344741991-1::inference,bengali--7369128730344741991-1,inference,Alibordi Khaner prokrito nam Mirza Muhammad Ali. Tar pitar nam Mirza Muhammad. Tini Mughal dorbar kotrik Khan upadhi peyechilen. Arab bongshodbhut Mirza Muhammad Beg Mughal somrat Aurangzeb-er tritiyo putro Azam Shah-er dorbarer ekjon kormokorta chilen[2]. Alibordi Khaner ma Iran-er Khorasan-er ek Turki upojati theke esechilen. Tar pitamoh Aurangzeb-er shot bhai chilen. Mirza Muhammad Ali purnoboyoshko hobar porpori Azam Shah take Pilkhanar porichalok hisebe niyog den[2].,Nawab Alivardi Khan kon bongser shontan chilen?,Arab,"Nawab Alivardi Khan asole Turki bongser shontan chilen, karon tar ma Khorasan-er ek Turki upojati theke esechilen.","Okay, let's analyze this.

**Step 1: Factual Claims in the Model Answer**

The model answer makes two primary claims:

1.  ""Nawab Alivardi Khan asole Turki bongser shontan chilen"" - Nawab Alivardi Khan was originally a Turkic descent son.
2.  ""tar ma Khorasan-er ek Turki upojati theke esechilen"" - His mother came from a Turkic origin in Khorasan.

**Step 2: Verification against the Context**

Let's examine each claim against the provided context:

*   **Claim 1:** ""Nawab Alivardi Khan asole Turki bongser shontan chilen"" - The context states that Alibordi Khan's *mother* was from a Turkic origin. It does not explicitly state that Alibordi Khan himself was of Turkic descent. While it's plausible given his mother's heritage, the text doesn't directly confirm this. The phrasing implies his mother's lineage is the defining factor for his background.
*   **Claim 2:** ""tar ma Khorasan-er ek Turki upojati theke esechilen"" - This claim *is* directly supported by the context: ""Alibordi Khaner ma Iran-er Khorasan-er ek Turki upojati theke esechilen."" This statement is a verbatim quote from the provided text.

**Step 3: Overall Verdict**

The model answer infers Alivardi Khan's descent based solely on his mother's origin. While it's a reasonable inference, the context doesn't explicitly state that he *was* of Turkic descent. Therefore, the answer contains a slight hallucination because it presents an inference as a direct fact.

no",no
bengali--8651108802342100600-1::inference,bengali--8651108802342100600-1,inference,Cox's Bazar jelar mot ayoton 2491.86 borgo kilometer.[1],Bangladesher Cox's Bazar jeler mot ayoton koto?,2491.86 borgo kilometer,Cox's Bazar jelay prai 8 lakh manush thake.,"Okay, let's analyze this.

**Step 1: Factual Claims in the Model Answer**

The model answer makes a single factual claim: ""Cox's Bazar jelay prai 8 lakh manush thake"" which translates to ""There are about 800,000 people in Cox's Bazar.""

**Step 2: Verification against the Context**

The provided context states: ""Cox's Bazar jelar mot ayoton 2491.86 borgo kilometer.[1]"" which translates to ""The total area of Cox's Bazar district is 2491.86 square kilometers.""  This information *only* provides the area of Cox's Bazar; it gives absolutely no information about the population. The context does not mention anything about the number of people living in Cox's Bazar.

**Step 3: Verdict**

Since the model answer presents a population figure that is not mentioned or implied in the provided context, it is hallucinated.

no",no
bengali-8671424860275717889-0::comprehension,bengali-8671424860275717889-0,comprehension,"Uttor Chobbish Porgona jela Bharat er purbancholiyo rajyo Poshchimbonger Kolkata shohorer uttar-purbo diker ekta jela. Jelati Presidency bibhager ontorbhukto. 1983 shale Dr. Ashok Mitrer proshashonik shongskar committee ei jelake bivajoner suparish koren. 17i Falgun 1392 Bongabde (1986 shale 1la March) 24 Porgona jelatike dvikhondito kore oi jeler uttarangsho niye Uttor 24 Porgona jela sthapon kora hoy. Er proshashonik bhobon o sodor doptor Barasat shohore obosthito. Barasat, Barrackpur, Bonga, Basirhat, Bidhannagar ei panchti mohakuma niye Uttor 24 P",Poshchimbonger Uttar Chobbish Porgona jeler sodor shohor konti?,Barasat,Uttar Chobbish Porgonar sodor shohor holo **Barrackpur**.,"Okay, let's analyze the model answer.

**Step 1: Factual Claims in the Model Answer**

The model answer makes one primary factual claim: ""Uttar Chobbish Porgonar sodor shohor holo **Barrackpur**."" (The administrative city of North 24 Parganas is Barrackpur.)

**Step 2: Verification Against the Context**

The provided context states: ""Er proshashonik bhobon o sodor doptor Barasat shohore obosthito."" This translates to: ""Its administrative headquarters and the सदर department are located in Barasat town.""

This directly contradicts the model answer's claim that Barrackpur is the administrative city. The context explicitly names Barasat as the location of the administrative headquarters and সদর department.

**Step 3: Verdict**

The model answer presents a fact that is not supported by the provided context; instead, it contradicts the information given. Therefore, it is hallucinated.

no",no
bengali--5995531565008789310-0::specificity,bengali--5995531565008789310-0,specificity,Habibur Rahman (jonmo 1 January 1967) Bangladesh Police er ekjon kormokorta. Bortomane tini Bangladesh Police er Dhakastho sodordoptore upo mohaporidorshok (proshashon-discipline) hisebe dayittorot. Policei dayitto paloner pasapashi shomaj o manusher jonno kaj kora boitikromdhormi chinta o bhumika take diyeche bishesh khyati.[1][2] Tini Bangladesh Kabaddi Federation er sadharon shompadok [3] ebong Asian Kabaddi Federation er sho-shovapoti.[4],Bangladesh Police er ekjon kormokorta Habibur Rahman er jonmoshal koto?,1967,Habibur Rahman er jonmoshal shombhoboto 1965 er dike.,"Okay, let's analyze this.

**Step 1: Factual Claims in the Model Answer**

The model answer makes one primary factual claim: ""Habibur Rahman er jonmoshal shombhoboto 1965 er dike."" (Habibur Rahman's birth year is likely around 1965).

**Step 2: Verification against the Context**

The context states: ""Habibur Rahman (jonmo 1 January 1967)"" which translates to ""Habibur Rahman (born 1 January 1967)."" This directly provides Habibur Rahman's birth year as 1967. The model answer claims his birth year is *around* 1965. This contradicts the provided information.

**Step 3: Verdict**

The model answer provides a birth year that is not present in the context and actively contradicts the given birth year. Therefore, the answer is hallucinated.

no",no
bengali--2670679576736811691-0::inference,bengali--2670679576736811691-0,inference,"Pritilata Waddedar jini Pritilata Wadder nameo porichito (jonmo: May 5, 1911; mrityu September 24, 1932)[1], daknam Rani, chadmanam Phultar, ekjon Bangali chilen, jini British birodhi shadhinota andoloner onnotomo nari muktijoddha o prothom biplobi mohila shohid bektitto.[2] Totkalin Purbobonge jonmo neya ei Bangali biplobi Surya Sener netritte tokhonkar British birodhi soshastro andolone sokriyo vabe ongsho nen ebong jibon bisorjon koren. 1932 Khristabde Pahartali European Club dokholer shomoy[3][4] tini 15 joner ekta biplobi dol porichalona kor",Pritilata Waddedar kon sale jonmogrohon koren?,1911,Pritilata Waddedar mone hoy 1932 shale jonmogrohon koren.,"Okay, let's analyze the model answer step-by-step.

**Step 1: Factual Claims in the Model Answer**

The model answer makes one primary factual claim: ""Pritilata Waddedar mone hoy 1932 shale jonmogrohon koren."" This translates to ""Pritilata Waddedar thought she died in 1932.""

**Step 2: Verification against the Context**

The context states: ""mrityu September 24, 1932"" which means ""death September 24, 1932"".  It explicitly states her death year was 1932. The model answer says she *thought* she died in 1932. While technically not incorrect (as her death did occur in 1932), the phrasing implies a belief or opinion on her part, which isn't directly supported by the provided text. The context simply states the fact of her death in 1932. It does not mention any thoughts or beliefs held by Pritilata Waddedar regarding her own death.

**Step 3: Verdict**

Because the model answer introduces a notion of Pritilata Waddedar *thinking* something that isn't explicitly stated or implied within the given context, it constitutes a hallucination. The context establishes the factual year of her death, but the model adds an unnecessary and unsupported element about her thoughts.

no",no
bengali--1070153120447023734-5::factualness,bengali--1070153120447023734-5,factualness,"Koparnikaser pitar poribarer adinibas chilo Neyaser kache Silesia namok ekta grame. Tobe gramer nam porobortite bibhinno karone bibhinno vabe poribortito hote thake, jemon- Kaparnik, Koparnis, Kopernik ebong aj ta Koperniki name porichito. 14 sh shotabdite poribarti Silesia shohor theke Poland er rajdhanir dike aste shuru kore. Prothome Karakao, erpor tara Torone chole ase. Baba Nikolas sombhoboto Joner(dada) boro chele chilen jini Karakao thekei esechilen.",Bikhyato jyotirbiggani Nicolaus Copernicus-er babar nam ki?,Nikolas,Copernicus-er babar nam chhilo **Johannes Kopernik**.,"Okay, let's analyze the model answer.

**Step 1: Factual Claims**

The model answer makes one primary factual claim: ""Copernicus-er babar nam chhilo **Johannes Kopernik**."" (Copernicus' father's name was Johannes Kopernik).

**Step 2: Verification against Context**

The context states: ""Baba Nikolas sombhoboto Joner(dada) boro chele chilen..."" which translates to ""Father Nikolas was the eldest son of a possible John (grandfather)..."".  It also mentions ""Koparnik, Koparnis, Kopernik ebong aj ta Koperniki"". This indicates variations in the spelling of the family name, but it *does not* explicitly state that Copernicus' father's name was ""Johannes Kopernik."" While ""Nikolas"" is mentioned as the father, there is no mention of ""Johannes"". The name Johannes is not present in the provided context.

**Step 3: Verdict**

Since the context does not provide the father’s name as ""Johannes Kopernik,"" the model answer is hallucinated. It seems to be inferring or fabricating information beyond what is given.

no",no
bengali--8045997562526390537-0::specificity,bengali--8045997562526390537-0,specificity,"Adwaita Mallabarman (1la January, 1914- 16i April, 1951) Bangali oupannyasik o sangbadik. Totkalin Cumilla jelar odhine Brahmanbaria mohakumar Gokarnaghat grame jonmogrohon koren. Titas Ekti Nodir Nam shironamer ektimatro uponnash likhe tini Bangla sahityer chirosmoroniyo o omor protibha hisebe sobishes swikriti lav koren. Ei uponnashti sorboprothom 'Masik Mohammadi' potrikay prokashito hoy.",Bangali oupannyasik o sangbadik Adwaita Mallabarman-er prothom upannyaser nam ki?,Titas ekta nodir naam,Adwaita Mallabarman-er prothom upannyas chhilo **Masik Mohammadi**.,"Okay, let's analyze the model answer.

**Step 1: Factual Claims in the Model Answer**

The model answer makes one key factual claim: ""Adwaita Mallabarman-er prothom upannyas chhilo **Masik Mohammadi**."" (Adwaita Mallabarman's first novel was Masik Mohammadi).

**Step 2: Verification against the Context**

The context states: ""Ei uponnashti sorboprothom 'Masik Mohammadi' potrikay prokashito hoy."" (This work was first published in the 'Masik Mohammadi' magazine.)  It does *not* explicitly state that ""Masik Mohammadi"" is the name of the novel itself. It says it was *published* in that magazine. While it's possible the title is the same, the text doesn't confirm it. There is a possibility that the work was titled something else but first appeared in Masik Mohammadi.

**Step 3: Verdict**

Because the context doesn't definitively state that ""Masik Mohammadi"" is the title of Adwaita Mallabarman's first novel, the model answer is hallucinated. It infers a relationship between the publication venue and the title of the work that isn't explicitly stated.



no",no
bengali-1573705475071746423-3::specificity,bengali-1573705475071746423-3,specificity,"Chatrojibone Mostafa Jabbar rajniti, muktijuddho, sahitto chorcha, sangbadikota, natyo andoloner sathe byapokvabe jorito chilen. 1971 saler 22 February tar lekha Bangladesh-er prothom gononatyo 'Ek Nodi Rokto' Dhaka Bishwabidyaloyer chatroshikkhok kendre monchostho hoy. Dhaka Bishwabidyaloye pathokale tini Bangladesh Chhatra League-er rajnitite sokriovabe jukto chilen ebong Dhaka Bishwabidyaloy shakhar onnotomo neta chilen. 1973 sale tini Chhatra League-er pokkhe nirbachon kore Surjosen Hall-er natyo o promod shompadok nirbachito hon. Swadhinotar age tini saptahik Jonota potrikay lekhalekhir sathe",Mostafa Jabbar kon rajnaitik doler sodosso chilen?,Bangladesh Chhatroleague,Tini mone hoy Jatiyo Samajtantrik Dal-er sathe jukto chilen.,"Okay, let's analyze this.

**Step 1: Factual Claims in the Model Answer**

The model answer claims: ""Tini mone hoy Jatiyo Samajtantrik Dal-er sathe jukto chilen."" which translates to ""It is believed he was associated with Jatiyo Samajtantrik Dal.""

**Step 2: Verification Against the Context**

The provided context discusses Mostafa Jabbar's involvement in politics, the Liberation War, literature, journalism, theater, and movements. It explicitly mentions his active involvement in Bangladesh Chhatra League (student politics) at Dhaka University and being a prominent leader there. However, *it does not mention any association with Jatiyo Samajtantrik Dal*. The text focuses solely on his connection to Chhatra League.

**Step 3: Verdict**

Since the context doesn't provide any information about Mostafa Jabbar's affiliation with Jatiyo Samajtantrik Dal, the model answer introduces information not present in the given text. This constitutes a hallucination.

no",no
bengali-76220440784974270-3::inference,bengali-76220440784974270-3,inference,"Ekti mouchake ba poribare tin shrenir moumachi thake, jotha: (1) rani, (2) purush o (3) shromik moumachi.",Kaj onujare mot koto rokomer moumachi hoy?,tin,Mot 4 rokomer moumachi hoy.,"Okay, let's analyze this.

**Step 1: Identify each factual claim made by the Model Answer.**

The model answer states: ""Mot 4 rokomer moumachi hoy."" which translates to ""There are 4 types of worker ants.""

**Step 2: Check whether it is supported by the Context.**

The provided context states that there are three types of worker ants: (1) rani (queen), (2) purush (male), and (3) shromik (worker). It explicitly lists *three* types. The model answer claims *four* types, which is not present in the given context.

**Step 3: Based on steps 1-2, decide the final verdict.**

Since the model answer provides information (the number of ant types) that is not present and contradicts the given context, it is hallucinated.

no",no
bengali--2670844834375470266-0::inference,bengali--2670844834375470266-0,inference,"Bharoter Songbidhan Bharotiyo Projatontorer sorbocho ain. Ei songbidhane sarkarer gothon, karyopoddhoti, khomota o kortobbo nirdharon; moulik odhikar, rashtraparichalonar nirdeshmulok niti, ebong nagorikder kortobbo nirdharoner maddhome desher moulik rajnaitik adorsher ruporekha nirdishto kora hoise. 1949 saler 26 November Gonoporishode grihito howar por 1950 saler 26 January theke ei songbidhan karyokori hoy.[1] Ullekhyo, 1930 saler 26 January Jatiyo Congress-er oitihashik shadhinota ghoshonar smritite 26 January tarikh-ti songbidhan probortoner jonno grihito hoyech",Bharoter songbidhan e mot koyti dharar ullekh royeche?,448,Bharoter songbidhan e mot 395 ti dharar ullekh royeche.,"Okay, let's analyze the model answer.

**Step 1: Factual Claims in the Model Answer**

The model answer makes one primary factual claim: ""Bharoter songbidhan e mot 395 ti dharar ullekh royeche."" (The Constitution of India mentions approximately 395 laws.)

**Step 2: Verification Against the Context**

The provided context discusses the nature and history of the Indian Constitution (Bharoter Songbidhan). It describes its purpose – defining the structure of government, powers, fundamental rights, directive principles, and outlining the basic political framework of the country. It also mentions when it was adopted and came into effect.  Crucially, **the context does *not* mention the number of laws referenced within the Constitution.** The text focuses on the constitution's overall scope and principles, not a specific count of laws mentioned.

**Step 3: Verdict**

Since the context provides no information about the number of laws mentioned in the Constitution, the model answer's claim about 395 laws is unsupported and therefore a hallucination.

no",no
bengali-6349261219587359533-6::specificity,bengali-6349261219587359533-6,specificity,1876 sale Swarnakumari Debir prothom uponnash Dipnirban prokashito hoy.[3] Itipurbey 1852 sale Hana Catherine Mullens tar Phulmoni o Karunar Brittanto prokash kore Bangla vashar prothom oupannashik-er morjada lav korechilen.;[10] Kintu Swarnakumari Debii chilen prothom Bangali mohila oupannashik.[11][12],Swarnakumari Devi rochito prothom uponnaser nam ki?,Diponirban,Tar prothom uponnash chhilo Bangla sahityer itihashe ek guruttopurno kaj.,"Okay, let's analyze the model answer.

**Step 1: Factual Claims in the Model Answer**

The model answer states: ""Tar prothom uponnash chhilo Bangla sahityer itihashe ek guruttopurno kaj."" which translates to ""Her first novel was a great work in the history of Bengali literature.""

**Step 2: Verification against the Context**

The context mentions that Swarnakumari Debi's first novel, *Dipnirban*, was published in 1876.  It also notes her significance as the first Bengali woman novelist. The statement about it being a ""great work in the history of Bengali literature"" is an interpretation/assessment, not a directly stated fact within the provided text. While likely true, it's an opinion or evaluation rather than a verifiable fact from the given context.

**Step 3: Verdict**

Since the statement regarding the novel's importance (""a great work in the history of Bengali literature"") isn't explicitly stated in the context, it constitutes a hallucination. The context doesn't provide evidence for this claim; it simply states the novel's existence and her pioneering status.

no",no
bengali-5474092799510367220-0::inference,bengali-5474092799510367220-0,inference,"Muslin bishesh ek prokar tular ash theke prostutokrito suta diye boyon kora ek prokarer oti sukhkho kapor bishesh. Eti Dhakai Muslin nameo subidito. Phuti Karpas namok tula theke prostut oti chikon suta diye Muslin toiri kora hoto. Chorka diye kata, hate bona Musliner jonno sorbonimno 300 counter suta byabohar kora hoto jar fole Muslin hoto kacher moto sochcho. Ei Muslin rajkiyo poshak nirmane byabohar kora hoto. Muslin pray 28 rokom hoye hoto jar moddhe Jamdani ekhono byapok akare procholito. Nana karone atharo shotoker sheshardhe Banglay Muslin boyon bondho hoye jay.",Bangladesher Dhakai moslin kapor bunoner jonno koto counter suta byabohar kora hoto?,300,"Dhakai moslin bunoner jonno prochur sukhkho suta lagto, tai eta shadharonoto **28 counter** suta diye toiri hoto.","Okay, let's analyze the model answer step by step.

**Step 1: Factual Claims in the Model Answer**

The model answer makes the following factual claims:

1.  Dhakai muslin fabric production required ""prochur sukhkho suta"" (plenty of fine yarn). This is a general statement about the type of yarn used.
2.  It was typically made with **28 counter** yarns.

**Step 2: Verification against the Context**

1.  The context states that Muslin was made from ""oti chikon suta"" (very fine yarn) derived from ""Phuti Karpas"" (a specific type of cotton). So, the claim about needing ""prochur sukhkho suta"" aligns with the context.
2.  The context mentions that for the finest hand-woven Muslin, ""sorbonimno 300 counter suta byabohar kora hoto"". It also states that Muslin had ""pray 28 rokom"" (approximately 28 types), including Jamdani. The model answer incorrectly states that it was *typically* made with 28 counter yarns. While 28 types existed, the highest quality muslin used up to 300.

**Step 3: Verdict**

The model answer hallucinates by stating that muslin was *typically* made with 28 counter yarns. The context indicates that 300 were used for the finest varieties and mentions 28 types existed. Therefore, the answer is not entirely accurate and presents information in a misleading way.

no",no
bengali-7704102728425440943-5::factualness,bengali-7704102728425440943-5,factualness,1973 saler 15 December sarkari gazette notification onujayi Bangladesh-er shadhinota juddher satjon bir shontanke moronottor Birshreshtho upadhite bhushito kora hoyeche. Ruhul Amin shei satjoner onnotomo.[6],Mohammad Ruhul Amin koto shale Bir Sreshtho purashkar pan?,1973 saler 15 December,Mohammad Ruhul Amin 1972 saler 16 December Bir Sreshtho purashkar pan.,"Okay, let's break this down.

**Step 1: Factual Claims in the Model Answer**

The model answer makes two factual claims:

1.  Mohammad Ruhul Amin received the Bir Sreshtho award. This is generally true and aligns with common knowledge about the Bangladesh Liberation War.
2.  He received it on December 16, 1972.

**Step 2: Verification against the Context**

Let's examine each claim against the provided context:

*   **Claim 1 (Received Bir Sreshtho):** The context states that individuals were awarded the Birshreshtho title after a government gazette notification on December 15, 1973. It also mentions Ruhul Amin was among those honored. So, the claim that he received the award is consistent with the context.
*   **Claim 2 (Date of Award - December 16, 1972):** The context explicitly states the notification was issued on December 15, 1973. It *does not* mention December 16, 1972, as the date of the award. This date is inconsistent with the provided text.

**Step 3: Verdict**

Since the model answer provides a date (December 16, 1972) that directly contradicts the date given in the context (December 15, 1973), it is hallucinated. The rest of the information is consistent, but the incorrect date makes the entire answer unreliable.

no",no
bengali-2723172793669565513-28::factualness,bengali-2723172793669565513-28,factualness,Sorbosesh ekadosh congress onushthito hoy 2016 saler 28-31 October. 28 October oitihashik Sohrawardy Udyane udbodhoni onusthan hoy. Erpor Mahanagar Natyamonche congress-er council odhibeshon onushthito hoy. Congress-e punoray Mujahidul Islam Selim-ke shovapoti o Syed Abu Zafar Ahmad-ke shadharon shompadok kore CPB kendrio committee gothon kora hoy. Porobortite Syed Abu Zafar Ahmad shasthogoto karone obyahoti nile Md. Shah Alam daler shadharon shompadok hisebe nirbachito hon.[3] [4],Bangladesher Communist Party-r bortoman shovapoti ke?,Mujahidul Islam Selim,Bangladesher Communist Party-r bortoman shovapoti hocchen Syed Abu Zafar Ahmad.,"Okay, let's analyze the model answer.

**Step 1: Factual Claims in the Model Answer**

The model answer states: ""Bangladesher Communist Party-r bortoman shovapoti hocchen Syed Abu Zafar Ahmad.""  This translates to ""Syed Abu Zafar Ahmad is the current general secretary of the Communist Party of Bangladesh.""

**Step 2: Verification against the Context**

The context states that Mujahidul Islam Selim was re-elected as the general secretary (""shovapoti"") of the CPB central committee. It *also* mentions that Syed Abu Zafar Ahmad was initially elected as the editor (""shadharon shompadok""), but later resigned due to health reasons, and Md. Shah Alam was then elected in his place. The text does *not* state that Syed Abu Zafar Ahmad is the *current* general secretary.

**Step 3: Verdict**

The model answer contradicts the information provided in the context. The context clearly indicates Mujahidul Islam Selim is the current general secretary, not Syed Abu Zafar Ahmad. Therefore, the model answer is hallucinated.

no",no
bengali-8387770267775678164-2::comprehension,bengali-8387770267775678164-2,comprehension,"Tibro panibahito rog jemon diarrhea ebong cholerar khetre kharap poyonishkashon byabostha panidushon ghotay. Tai itihasher shurur dik thekei shouchagar ekta bhabnar bishoy chilo. Ekkhetre Indu upottyakar jonogon shouchagar, bishesh kore bektigoto flush shouchagarer unnoyoner jonno shobcheye porichito. Erpor 1856 sale adhunik flush shouchagar poddhoti abishkar koren John Herington. Tobe ta tokhono byabohar kora shuru hoy ni. Emonki ditiyo bishwajuddher age shomogro London-e tokhono bektigoto flush shouchagar chilo na.",Adhunik flush shouchagar poddhoti sorboprothom ke abishkar korechhilen?,Jon Herington,Sorboprothom adhunik flush shouchagar poddhoti abishkar korechhilen Sir John Harrington.,"Okay, let's analyze this.

**Step 1: Factual Claims in the Model Answer**

The model answer makes a single factual claim: ""Sorboprothom adhunik flush shouchagar poddhoti abishkar korechhilen Sir John Harrington."" (Sir John Harrington first invented the modern flushing toilet system.)

**Step 2: Verification Against the Context**

The context states: ""Ekkhetre Indu upottyakar jonogon shouchagar, bishesh kore bektigoto flush shouchagarer unnoyoner jonno shobcheye porichito. Erpor 1856 sale adhunik flush shouchagar poddhoti abishkar koren John Herington."" This translates to: ""In this area, people of the Indus civilization were familiar with toilets, especially the development of water-based flushing toilets. Later, in 1856, John Herington invented the modern flushing toilet system.""

The context explicitly names John Herington as the inventor of the modern flushing toilet system in 1856. The model answer states ""Sir John Harrington,"" which is very close to ""John Herington"". It's possible there's a slight name variation or that ""Sir"" is added for formality, but the core claim about *who* invented it is directly supported by the text.

**Step 3: Verdict**

While the addition of ""Sir"" might be slightly embellishing the information, the core claim about John Harrington/Herington inventing the system is present in the provided context. Therefore, it is not hallucinated.

no",no
bengali-4022030362183597721-4::comprehension,bengali-4022030362183597721-4,comprehension,"Bed (Sanskrit: Veda, gyan) holo prachin Bharote rochito ekadhik dhormogranther ekta somosti. Vaidik Sanskrit bhasay rochito Bed Sanskrit sahityer prachintom nidorshon ebong prachintom Hindu dhormograntho.[1][2] Bedke ""apaurusheyo"" (""manusher dara rochito noy"") mone kora hoy.[3][4][5] Hindura bishwas kore, Bed protyokkhovabe Ishwar kortik prokashito hoise. Tai Beder opor nam Shruti (""ja shona hoyeche"").[6][7] Onno dhormogranthogulike bola hoy ""Smriti (Hindudharmo). Smriti"" (""ja mone rakha hoyeche""). Hindu bishwas onujayi, Bed sorbocho upassho Ishwar Brahma kort",Hindudharmer prachintom dhormogranther nam ki?,bed,Shruti গ্রontho,"Okay, let's analyze the model answer.

**Step 1: Factual Claims in the Model Answer**

The model answer states: ""Shruti গ্রontho"". This translates to ""Shruti texts."" The claim is that the ancient religious texts of Hinduism are called Shruti.

**Step 2: Verification against the Context**

The context explicitly states: ""Beder opor nam Shruti ('ja shona hoyeche')."" which means ""The name 'Shruti' is given to the Vedas ('what is heard').""  It also explains that Hindus believe the Vedas were revealed directly from God. Therefore, the model answer's claim aligns perfectly with the provided context. The context identifies Shruti as a name associated with the Vedas, which are considered ancient religious texts.

**Step 3: Final Verdict**

Since the model answer's claim is directly supported by the provided context, it is not hallucinated.

no",no
bengali--2660888032299185136-3::specificity,bengali--2660888032299185136-3,specificity,Jibanananda Dash 1899 Khristabder 17 February[1] British Bharoter Bengal Presidency-r (bortomane Bangladesh) ontorgoto Barishal shohore jonmogrohon koren. Tar purbopurushera chilen Bangladesher Dhaka jeler Bikrampur porgona nibashi. Tar pitamoh Sarbananda Dashgupta (1838-85) Bikrampur theke Barishale nibash sthanantorito koren.[7] Sarbananda Dashgupta jonmosutre Hindu chilen; pore Brahmodhorme diksha nen. Tini Barishale Brahmo Samaj andoloner prathomik porjaye ongshogrohon koren ebong tar manobhitoyshi kajer jonno byapokvabe somadrito hon.[8] Jibananander pita Satyananda Dashgupta Sarban,Jibanananda Dasher jonmosthan kothay?,British Bharoter Bengal Presidency-r (bortomane Bangladesh) ontorgoto Barishal shohore,Tini Dhaka jeler Bikrampur porgonay jonmogrohon koren.,"Okay, let's analyze this.

**Step 1: Factual Claims in the Model Answer**

The model answer states: ""Tini Dhaka jeler Bikrampur porgonay jonmogrohon koren."" which translates to ""He was born in Bikrampur pargana of Dhaka district.""

**Step 2: Verification against the Context**

The context states: ""Tar purbopurushera chilen Bangladesher Dhaka jeler Bikrampur porgona nibashi."" This translates to ""His ancestors were residents of Bikrampur pargana in Dhaka district of Bangladesh."" It mentions Bikrampur *as the ancestral home*, not his birthplace. The context explicitly states that Jibanananda Das was born in Barishal.

**Step 3: Verdict**

The model answer incorrectly claims Jibanananda Das was born in Bikrampur, while the provided text indicates that his ancestors were from Bikrampur, but he was born in Barishal. Therefore, the answer is hallucinated.

no",no
bengali--8615836720976673467-9::inference,bengali--8615836720976673467-9,inference,"1756 sale Nawab Sirajuddaulla Kolkata dokhol kore nebar pore (20 June) Lord Clive ebong Watson Tamilnadu theke jahajjoge soinyobahini niye asen o Kolkata punordokhol koren (2 January, 1757). Chandannagar dokhol korar pore Sirajuddaullake utkhato korar jonno Sirajer poribarer koyekjon o Mir Jafar, Umichand, Jagat Sheth promukhder shonge shorojontro koren. Chukti moto kaj hoy o Nadiyar Palashir prantore Sirajuddaullar shonge prohoshonmulok juddho hoy. Sirajuddaulla porajito hoye palabar kale dhora pore nihoto hon. Chukti moto Mir Jafar Nawab hon ebong Clive nogod trish lokkho taka o Chobbish Parganar",Banglar chhiyattorer monnontorer mul karon ki?,otydhik brishtipat o bonna,"Banglar chhiyattorer monnontorer mul karon chhilo Palashir juddher por British der shorojontro aar rajnoitik osthirata. Mir Jafar nawab howar pore shashon-byabostha durbol hoye jay, tai","Okay, let's break down the model answer's claims against the provided context.

**Step 1: Factual Claims in the Model Answer**

The model answer makes the following claims:

1.  ""Palashir juddher por British der shorojontro"" - British conspiracy after the Battle of Plassey.
2.  ""rajnoitik osthirata"" - Political instability.
3.  ""Mir Jafar nawab howar pore shashon-byabostha durbol hoye jay"" - After Mir Jafar became Nawab, the administrative system weakened.

**Step 2: Verification Against the Context**

1.  **British Conspiracy:** The context explicitly states that before the Battle of Plassey (Palashi), Sirajuddaulla entered into a conspiracy with members of his family, Mir Jafar, Umichand, and Jagat Seth. This directly supports the claim of a British conspiracy *before* the battle, which the model refers to as ""after."" While the phrasing isn't perfect, the core idea of a conspiracy involving the British is present.
2.  **Political Instability:** The context mentions that after Mir Jafar became Nawab, the administrative system weakened (""shashon-byabostha durbol hoye jay""). A weakening administrative system inherently implies political instability. Therefore, this claim is also supported.
3.  **Weakening of Administrative System:** As mentioned above, the context states ""Mir Jafar nawab hon ebong Clive nogod trish lokkho taka o Chobbish Parganar,"" which indicates a change in power and likely a disruption of the existing systems. This supports the claim of a weakened administrative system.

**Step 3: Overall Verdict**

While the wording could be more precise (the conspiracy happened *before* Plassey, not after), all the claims made by the model answer are either directly stated or strongly implied within the given context. Therefore, there is no hallucination.

no",no
bengali--6284809213106132912-16::factualness,bengali--6284809213106132912-16,factualness,"Rampal chilen Pala rajbongser sorbosesh shoktishali shashok. Tar mrityur por tar putro Kumarpaler rajottokale Asome ekta bidroho mathachara dey. Baidyadeb ei bidroho domon koren. Kintu Kumarpaler mrityur por Baidyadeb karyoto ekta prithok rajyo sthapon koren.[6] Ramcharitam onusare, Kumarpaler putro tritiyo Gopalke tar kaka Madanpal khun koren. Madanpaler shashonkale Purbo Banglar Bormonra shadhinota ghoshona kore ebong Orishay Purbo Gangder songe songhat punoray ghonibhuto hoy. Mondopal Gahadbalder kach theke Munger odhikar korechilen. Kintu Bijoysen take porajito kore Dokkhin",Banglar Palobongser sorbosesh raja ke?,Modonpal,Palobongser sorbosesh raja chhilen **Kumarpal**.,"Okay, let's analyze the model answer.

**Step 1: Factual Claims in the Model Answer**

The model answer states: ""Palobongser sorbosesh raja chhilen **Kumarpal**."" (Palobongser's successive king was Kumarpal).

**Step 2: Verification against the Context**

The context mentions Rampal as the *previous* ruler (""Rampal chilen Pala rajbongser sorbosesh shoktishali shashok""). It then describes Kumarpal taking over after Rampal's death and facing a rebellion. The context does not explicitly state that Kumarpal was the *successive* king, but it strongly implies he followed Rampal.  While the text doesn't use the exact phrase ""Palobongser sorbosesh raja,"" it refers to Kumarpal as the ruler after Rampal, which aligns with the implied meaning of ""successive king"".

**Step 3: Verdict**

The information provided in the context supports the claim that Kumarpal succeeded Rampal and became the ruler. While the phrasing isn't identical, the context does not contradict the statement and provides supporting details. Therefore, the answer isn't hallucinated.

no",no
bengali--7101023690904489784-3::specificity,bengali--7101023690904489784-3,specificity,"A. K. Fazluk Hoker prathomik shikkha baritei shuru hoy. Pore tini gramyo pathshalay vorti hoyechilen. Griho shikkhokder kache tini Arbi, Farsi ebong Bangla bhasha shikkha lav koren. 1881 sale tini Barishal Zila School-e tritiyo shrenite vorti hon. 1886 sale oshtom shrenite tini britti lav koren ebong 1889 sale Fazlul Hok probeshika porikkhay totkalin Dhaka bibhage Musolmander moddhe prothom sthan dokhol koren. Fazlul Hok tar prokhor smritishoktir karone shikkhokder khuboi snehovajon chilen. Probeshika pass korar por uccho shikkha laver jonno tini Kolkatay gomon koren. 1891 sale",Sher-e-Bangla Abul Kashem Fazlul Haq kon college theke porashona koren?,Presidency,Sher-e-Bangla Abul Kashem Fazlul Haq mone hoy Dhaka College theke porashona koren.,"Okay, let's analyze the model answer.

**Step 1: Identify factual claims.**

The model answer states: ""Sher-e-Bangla Abul Kashem Fazlul Haq mone hoy Dhaka College theke porashona koren."" This translates to ""It seems that Sher-e-Bangla Abul Kashem Fazlul Haq studied from Dhaka College."" The core claim is that Fazlul Haq attended Dhaka College.

**Step 2: Check for support in the Context.**

The provided context mentions that after passing the entrance exam, Fazlul Haq went to Kolkata to pursue higher education. It does *not* mention Dhaka College at all. The text only says he went to Kolkata, implying he pursued higher studies there, but doesn't specify which college.

**Step 3: Verdict**

Since the context makes no mention of Dhaka College and only states he went to Kolkata for further studies, the model answer introduces information not present in the given text. This constitutes a hallucination.

no",no
bengali--4621304524174078445-18::specificity,bengali--4621304524174078445-18,specificity,Surjo tumi sathi (1967) Ahmad Chhofar prothom uponnash o grontho.[57] Uponnashtike samprodayik sompritir hridoygrahi upakhyan bola hoyeche.[17] Jodio Borumotir ankebanke namok ekta grontho o tar prothom gronther dabidar.[58],Ahmad Sofa-r rochito prothom uponnash-ti kobe prothom prokashito hoy?,1967,Ahmad Sofa-r prothom uponnash-ti prothom prokashito hoy 1968 shale.,"Okay, let's analyze this.

**Step 1: Factual Claims in the Model Answer**

The model answer makes one primary factual claim: ""Ahmad Sofa-r prothom uponnash-ti prothom prokashito hoy 1968 shale."" (Ahmad Sofa's first novel was first published in 1968).

**Step 2: Verification Against the Context**

The context states: ""Surjo tumi sathi (1967) Ahmad Chhofar prothom uponnash o grontho."" This translates to ""Surjo Tumi Sathi (1967) is Ahmad Chhofa's first novel and book."" The context explicitly states that *Surjo Tumi Sathi* was published in 1967.  Therefore, the model answer's claim of 1968 publication is incorrect. There's also a mention of ""Borumotir ankebanke namok ekta grontho o tar prothom gronther dabidar,"" which refers to another book but doesn't alter the fact about *Surjo Tumi Sathi*.

**Step 3: Verdict**

The model answer contradicts the information provided in the context. The context clearly states the first novel was published in 1967, while the model claims 1968. This constitutes a hallucination.

no",no
bengali-8171528772505162422-2::comprehension,bengali-8171528772505162422-2,comprehension,Ibne Saud 1876 saler 15 January modhyo Arber Najd oncholer Riyad e jonmogrohon koren.[6][7] Ditiyo Saudi rastorer shesh shashok Abdur Rahman bin Foysal chilen tar baba. Al Saud totha tar poribar modhyo Arbe purber 130 bochor dhore shoktishali chilo. Tara Wahabi motadorsher somorthok chilen. Saudira Arab upodwiper onekangsho joy kore prothom Saudi rasto gothon korechilo. Pore 19 shotoker prothomdike Usmaniyo shashonadhin Mishorer hate ta dhongsho hoye jay. [8] Ibne Sauder ma Sarah Al Sudairi chilen Sudairi gotrer sodossho[9][10],Abdul Aziz ba Ibne Saud er babar nam ki chilo?,Abdur Rahman bin Foysal,Tar baba chilen Saud bin Abdul Aziz.,"Okay, let's analyze the model answer.

**Step 1: Identify each factual claim made by the Model Answer.**

The model answer states: ""Tar baba chilen Saud bin Abdul Aziz."" This translates to ""His father was Saud bin Abdul Aziz.""  This is a single factual claim about the name of Ibne Saud's father.

**Step 2: For each claim, check whether it is supported by the Context.**

The context states: ""Ditiyo Saudi rastorer shesh shashok Abdur Rahman bin Foysal chilen tar baba."" This translates to ""Abdur Rahman bin Foysal was his father (Ibne Saud)."" The context *does not* mention ""Saud bin Abdul Aziz.""

**Step 3: Based on steps 1-2, decide the final verdict.**

The model answer provides a name (""Saud bin Abdul Aziz"") for Ibne Saud's father that is *not* present in the provided context. Therefore, the answer is hallucinated.

no",no
bengali-809096420901497153-0::factualness,bengali-809096420901497153-0,factualness,Aztek samrajjo (English: Aztec) (1425-1521) chilo shomoshamoyikaler modhyo Americar shobcheye somriddho o khomotadhari shokti. Adibashi Americander ei samrajjo poschime Mexico upottyoka theke purbe Mexico uposagor ebong dokkhine bortoman Guatemala porjonto prosarito chilo. 1521 shale Spainer nabik Harmando Cortes Mexico Spaniyora dokhol kore nile ei samrajjer oboshan ghote.,Aztec samrajjo kobe protishthito hoy?,1425,Aztek samrajjo prothisthito hoy 1427 shale.,"Okay, let's analyze the model answer.

**Step 1: Factual Claims in the Model Answer**

The model answer states: ""Aztek samrajjo prothisthito hoy 1427 shale."" which translates to ""The Aztec empire was established in 1427.""

**Step 2: Verification against the Context**

The context states: ""Aztek samrajjo (English: Aztec) (1425-1521) chilo..."" which translates to ""The Aztec empire (English: Aztec) (1425-1521) was..."" This indicates the empire existed *between* 1425 and 1521. The context does not explicitly state that it was *established* in 1427. While 1427 falls within the timeframe given (1425-1521), it's a specific year without explicit support for being the establishment date.  It's possible the empire began forming around that time, but the text doesn't confirm it as its founding.

**Step 3: Verdict**

Since the context provides a range of years (1425-1521) during which the Aztec empire existed, but doesn't specifically state it was established in 1427, the model answer introduces a detail not directly supported by the provided text. Therefore, it can be considered a hallucination.

no",no
bengali--8629802684896762580-0::specificity,bengali--8629802684896762580-0,specificity,"William Abraham Simon Ouderland (Dutch: Wiliam Ouderland) (jonmo: 6 December, 1917 — mrityu: 18i May, 2001) chilen ekjon Olandaj-Australian samorik commando officer. Tini Ditiyo Bishwajuddhe sokriyo vabe ongshogrohon koren. Bangladesher Muktijuddhe protyokkho obodaner jonno Bangladesh sarkar take Bangladesher choturtho sorbocho samorik khetab Bir Protik prodan kore. Tini ekmatro bideshi jini ei rashtriyo khetabe bhushito hoyechen.[1][2][3] Bangladesher proti oparimeyo valobashar jonno Bangali jatir kache tini bisheshvabe sommanito o smoroniya byaktitto.[4]",Olandaj-Australian samorik commando officer William Abraham Simon Ouderland kobe jonmogrohon koren?,"6 December, 1917","William Abraham Simon Ouderland shombhoboto 7 December, 1917 e jonmogrohon koren.","Okay, let's break this down.

**Step 1: Factual Claims in the Model Answer**

The model answer states: ""William Abraham Simon Ouderland shombhoboto 7 December, 1917 e jonmogrohon koren."" which translates to ""William Abraham Simon Ouderland was possibly born on December 7, 1917.""

**Step 2: Verification Against the Context**

The context explicitly states: ""(jonmo: 6 December, 1917"" which means ""birth: 6 December, 1917"". The model answer claims a *possible* birth date of 7 December, 1917. This contradicts the provided text, even with the qualifier ""shombhoboto"" (possibly). The context gives a definitive date of 6 December, 1917.

**Step 3: Final Verdict**

Since the model answer presents a birthdate different from the one explicitly stated in the provided context, it is hallucinated.

no",no
bengali--4860128926592811596-0::comprehension,bengali--4860128926592811596-0,comprehension,Amitabh Reza Chowdhury bishishto Bangladeshi biggapon nirmata o cholocchitro porichalok. Tini pray hajar khanek television biggapon ba TVC nirmon korechen. Echara tini prochur TV natok o nirmon koren. Aynabaji cholocchitrer maddhome tini cholocchitro porichalok hisebe atmaprokash koren.[1],Porichalok Amitabh Reza Chowdhury porichalito prothom cholocchitrer nam ki?,Aynabaji,Tar prothom porichalito cholocchitro chhilo Rickshaw Girl.,"Okay, let's analyze this.

**Step 1: Factual Claims in the Model Answer**

The model answer makes a single factual claim: ""Tar prothom porichalito cholocchitro chhilo Rickshaw Girl."" (His first directed film was Rickshaw Girl.)

**Step 2: Verification against the Context**

The context states: ""Aynabaji cholocchitrer maddhome tini cholocchitro porichalok hisebe atmaprokash koren."" (He made his debut as a film director through the film Aynabaji). It *does not* mention ""Rickshaw Girl"" at all. It explicitly states that *Aynabaji* was his debut as a film director.

**Step 3: Verdict**

Since the context directly contradicts the model answer's claim about *Rickshaw Girl* being his first directorial venture, and instead identifies *Aynabaji*, the model answer is hallucinated.

no",no
bengali-8928116523894333105-0::specificity,bengali-8928116523894333105-0,specificity,Gitanjali holo Rabindranath Thakur-er lekha ekta kabyagrantha. Ei boi-e mot 157ti gitikobita songkolito hoise. Kobitaguli Brahma-bhabapanno bhaktimulok rochona. Er beshirvag kobitatei Rabindranath nije surarop korechilen. 1908-09 sale bibhinno potropotrikae ei kobitaguli prokashito hoy. Erpor 1910 sale Gitanjali kabyagranthoti prokashito hoy.,'Gitanjali' kabyagranthotite mot koto gulo kobita ache?,157ti,Gitanjali-te mot prai 150-er moto kobita ache.,"Okay, let's analyze this.

**Step 1: Factual Claims in the Model Answer**

The model answer states: ""Gitanjali-te mot prai 150-er moto kobita ache."" which translates to ""There are approximately 150 poems in Gitanjali.""

**Step 2: Verification Against the Context**

The context explicitly states: ""Ei boi-e mot 157ti gitikobita songkolito hoise."" This translates to ""This book contains a total of 157 songs/poems."" The model's answer of ""approximately 150"" is close to the actual number of 157, but not exact. However, given that the prompt asks for an approximate number, and the response is within a reasonable range, it isn't a significant deviation. It does not contradict the provided text.

**Step 3: Final Verdict**

While not perfectly accurate, the model's answer is reasonably close to the information provided in the context. Therefore, it is not considered a hallucination.

no",no
bengali--6554192699105542631-5::specificity,bengali--6554192699105542631-5,specificity,"1872-75 sale Alexander Cunningham prothom Harappa silmohor prokash koren. Tini vulboshot eti Brahmi lipi mone korechilen.[14] Er pray ardhashatabdi pore 1912 sale J. Fleet aro kotokguli Harappa silmohor abishkar koren. Ei silmohor dekhe uddibdho hoye 1921-22 sale Sir John Marshall ei onchole protnotattwik khononkaj ovijan chalan. Ei ovijaner folshrutitei Sir John Marshall, Raybahadur Dayaram Sahani o Madhoswarup Bhat Harappa ebong Rakhaldas Bandyopadhyay, E. J. H. Mackay o Sir John Marshall Mohenjodaro abishkar koren. 1931 saler modhyei Mohenjodaro-r odhikangsho protnosthol ab",Mohenjodaro shobhyota ke abishkar koren?,"Rakhaldas Bandyopadhyay, I. Je. Eich. Mackay o Sir John Marshall",Mohenjodaro shobhyota muloto Sir John Marshall ekai abishkar koren 1922 shale.,"Okay, let's analyze the model answer step by step.

**Step 1: Factual Claims in the Model Answer**

The model answer makes two primary claims:

1.  ""Mohenjodaro shobhyota muloto Sir John Marshall ekai abishkar koren"" - ""Mohenjodaro civilization was primarily discovered by Sir John Marshall.""
2.  ""1922 shale"" - ""in 1922"".

**Step 2: Verification against the Context**

*   **Claim 1: ""Mohenjodaro shobhyota muloto Sir John Marshall ekai abishkar koren""**: The context states that Sir John Marshall *along with* Raybahadur Dayaram Sahani, Madhoswarup Bhat, Rakhaldas Bandyopadhyay, E. J. H. Mackay, and Sir John Marshall himself discovered Mohenjodaro. It doesn't state he discovered it alone or primarily. This is a misrepresentation of the information provided.
*   **Claim 2: ""1922 shale""**: The context mentions 1921-22 as the years when Sir John Marshall initiated excavations based on previous discoveries. It also says that by 1931, a significant portion of Mohenjodaro had been excavated. While the discovery occurred within that timeframe, stating *only* 1922 is an oversimplification and not entirely accurate given the timeline presented in the text.

**Step 3: Verdict**

The model answer significantly overstates Sir John Marshall's role in the discovery of Mohenjodaro, implying he did it alone. Additionally, while 1922 falls within the discovery period, the statement is too specific given the broader timeframe mentioned in the context. Therefore, the answer contains hallucinations.

no",no
bengali-5846157904123319216-6::factualness,bengali-5846157904123319216-6,factualness,"Atharo shotabdie Institusion Libre de Ensenianjar shikkhabid ebong shikkharthi, Cambridge University ebong Oxford University-er snatokder dara Madrid-e football khela procharer maddhome Real Madrid protisthar vitti gore uthe. 1897 shale, tara (Sociedad) Sky Football name ekti songho protistha koren, jeti La Sociedad (shomaj) namei odhik porichito. Eti seshomoyer Madrid-vittik kheladhular ekmatro songho chilo, jeti proti Robibar sokale Moncloa-y kheltto. 1900 shale, ei songher koyekjoner moddhe dondher srishti howar fole tara Sky Football hote bivokto hoye giye Nueva Sociedad de Football (football-er notun shomaj) name notun ekti club gothon kore. Bivokto hoye",Real Madrid football clubtar sorboprothom shovapoti ke chilen?,Hulian Palakios,Real Madrid football clubtar sorboprothom shovapoti chhilen **Carlos Padros**.,"Okay, let's analyze the model answer.

**Step 1: Factual Claims in the Model Answer**

The model answer makes one primary factual claim: ""Real Madrid football clubtar sorboprothom shovapoti chhilen **Carlos Padros**."" (Real Madrid football club's first patron was Carlos Padros).

**Step 2: Verification Against the Context**

The provided context discusses the early history of Real Madrid (originally ""La Sociedad"" and then ""Nueva Sociedad de Football""). It mentions the founding of the club in 1897 and its initial activities. However, *it does not mention any patrons or specifically name Carlos Padros*. The text focuses on the club's name changes and early playing location (Moncloa).  There is absolutely no information about the club’s first patron.

**Step 3: Verdict**

Since the context provides no information about the club's first patron, and specifically doesn't mention Carlos Padros, the model answer is a hallucination. It presents information not found within the given text.

no",no
bengali-3394730091489581875-8::comprehension,bengali-3394730091489581875-8,comprehension,"1978 sal theke purbe protishthito Residential Model School-gulote Cadet College-e rupantorer prokriya shuru hoy. Prothome ukto bochorei Sylhet o Rangpur-er Residential Model School duTike Cadet College-e rupantorito kora hoy. 1981 sale Barishal o Pabna Cadet College protishthito hoy. 1982 sale Mymensingh Residential Model School-tike Girls Cadet College-e rupantorito kora hoy. 1983 sale Cumilla Residential-tio rupantorito hoy. Evabe Bangladesh-e sorbomot Cadet College-er shonkha daray 10 ti-te. Onek din Bangladesh-e Cadet College-er shonkha ei 10 ti-i chilo. 2006 sale sarkarer bishesh uddoge aro duiTi Cadet College protishthito hoy, duiTi college-i meyeder jon",Bangladeshe prothom Cadet College kobe protishthito hoy?,1978 sal,1960 shale Faujdarhat Cadet College prothom protishthito hoy.,"Okay, let's analyze the model answer.

**Step 1: Factual Claims in the Model Answer**

The model answer makes one primary factual claim: ""1960 shale Faujdarhat Cadet College prothom protishthito hoy."" (Faujdarhat Cadet College was established first in 1960).

**Step 2: Verification against the Context**

The provided context discusses the *transformation* of Residential Model Schools into Cadet Colleges starting in 1978. It lists several schools that underwent this change and the years they were converted.  It mentions Sylhet and Rangpur being converted in 1979, Barishal and Pabna in 1981, Mymensingh (girls) in 1982, and Cumilla in 1983. The context does *not* mention the establishment of Faujdarhat Cadet College or its founding year. It focuses solely on the later conversions. Therefore, the model answer's claim about Faujdarhat Cadet College being established in 1960 is not supported by the provided text.

**Step 3: Verdict**

Since the model answer presents a fact (the founding date of Faujdarhat Cadet College) that is entirely absent from the given context, it is a hallucination.

no",no
bengali-1428907332454485878-0::factualness,bengali-1428907332454485878-0,factualness,"Satya Sai Baba (Telugu: సత్య సాయిబాబా Telugu pronunciation:[sʌθjə sɑːɪ bɑːbɑː], purbashromer nam Satyanarayan Raju) (23 November, 1926[1] – 24 April, 2011[2]) chilen ekjon Bharatiyo Hindu dhormoguru, adhyatmik byaktitto o shikkhabid.[3] Tar bhokto der bishwase tini chilen ekjon avatar o godman.[4] Adhyatmik shikkhok o aloukik kriya-prodorshok.[1][5][6][7][8] Shunno theke ""bibhuti"" ba pobitro chai ebong angti, necklace ba ghorir moto choto choto bostu hajir kore Satya Sai jugopot khyati orjon o bitorko s",Sotto Sai Baba kon sale mara jan?,"24 April, 2011","Sotto Sai Baba 23 April, 2010 te mara jan.","Okay, let's analyze this.

**Step 1: Factual Claims in the Model Answer**

The model answer states: ""Sotto Sai Baba 23 April, 2010 te mara jan."" which translates to ""Satya Sai Baba died on April 23, 2010.""

**Step 2: Verification against the Context**

The context explicitly states: ""24 April, 2011[2] –""  This indicates that Satya Sai Baba died on April 24, 2011, not April 23, 2010.

**Step 3: Verdict**

The model answer provides an incorrect date of death for Satya Sai Baba. The context clearly states the correct date as April 24, 2011. Therefore, the answer is a hallucination.

no",no
bengali-4568438587242111098-0::inference,bengali-4568438587242111098-0,inference,"Murshidabad jela purbo Bharoter Poshchimbongo rajyer Malda bibhager ekta jela. Ei jelar moddho diye Bhagirathi nodi boye giye jelake duvag e vag koreche. Nodir poschimer angsho Rarh o purber angsho Baghira name porichito.[2] 5.314 borgo kilometer (2,062 borgo mile) ayotoner elaka ebong 71.02 lokkho jonoshonkha thakay eta ekta jonobohul jela. Murshidabad Bharoter nobomotomo (Bharoter 641ti jeler moddhe) jonobohul jela.[3] Ei jelar sadar doptor Baharampur shohore obosthito.",Murshidabad jeler sadar doptor kothay obosthito?,Bohorompur,Murshidabad jeler sadar doptor Bhagirathi nodir purbo dike obosthito.,"Okay, let's analyze the model answer.

**Step 1: Factual Claims in the Model Answer**

The model answer makes the following claim: ""Murshidabad jeler sadar doptor Bhagirathi nodir purbo dike obosthito."" which translates to ""Murshidabad district's headquarters is located east of the Bhagirathi river.""

**Step 2: Verification Against the Context**

The context states: ""Ei jelar sadar doptor Baharampur shohore obosthito."" which translates to ""The district's headquarters is located in Baharampur town.""  It also mentions that the Bhagirathi river divides the district into two parts - the western part being Rarh and the eastern part being Baghir. However, it *doesn't* explicitly state the location of Baharampur relative to the Bhagirathi river. It does not confirm or deny that Baharampur is east of the river. While we can infer from the context that the eastern part of the district is called Baghir, this doesn't directly imply Baharampur is *east* of the river. The model answer introduces information not explicitly stated in the provided text.

**Step 3: Verdict**

The model answer introduces a detail (location of the headquarters relative to the river) that isn't directly present in the context. Therefore, it is hallucinated.

no",no
bengali-8981449779740723998-3::factualness,bengali-8981449779740723998-3,factualness,"College-er prothom oddhokkho chilen Hargobindo Sen, jini Rajshahi Zila School-er prodhan shikkhok chilen. Tini pach bochor (1873-1878) ei college-er oddhokkher dayittoe chilen. 1875 sale prothom batch-er F.A porikkhay uposthit chatroder moddhe matro duijon pass kore. Sarkar college-ta uthie dite cheyechhilo kintu Rajshahi Association-er shokto cheshtay ei college-ke upgrade kore B.A. course probortoner karyokrom hate neya hoy. Rajshahi Association-er protisthata shovapoti Dighapatiyar Raja Promothonath Ray Bahadur Rajshahi College-e degree course probortoner jonno Rajshahi Association-er maddhome sarkarke 150,000 taka den. College October 1877 sale degree",Rajshahi College-er prothom odhyokkho ke chilen?,Hargobindo Sen,Rajshahi College-er prothom odhyokkho chilen Jogindranath Sen.,"Okay, let's analyze this.

**Step 1: Identify factual claims in the Model Answer.**

The model answer states: ""Rajshahi College-er prothom odhyokkho chilen Jogindranath Sen.""  This is a single, direct claim about who the first principal (odhyokkho) of Rajshahi College was.

**Step 2: Check if the claim is supported by the Context.**

The context states: ""College-er prothom oddhokkho chilen Hargobindo Sen..."" This explicitly names Hargobindo Sen as the first principal. The model answer claims it was Jogindranath Sen, which directly contradicts the provided text.

**Step 3: Verdict**

Since the model answer provides information that is not present in the given context and directly contradicts it, it is hallucinated.

no",no
bengali--6938244689861502884-1::comprehension,bengali--6938244689861502884-1,comprehension,"Tar rochito prothom uponnash Shesh Bikeler Meye 1960 sale prokashito hoy. Tar rochito onnanno ullekhjoggo uponnash holo Hazar Bochor Dhore o Arek Falgun. Hazar Bochor Dhore uponnasher jonno 1964 sale Adamjee Sahitya Purashkar lav koren. Tar nirmito prothom cholocchitro Kokhono Aseni (1961). 1964 sale Kancher Deyal cholocchitrer jonno tini Nigar Purashkar lav koren. Tar nirmito onnanno cholocchitrogulo holo Behula, Sangam, Anowara ebong Jibon Theke Neoya. Stop Genocide pramanyochitre Bangladesh-er Shadhinota Juddher voyaboh chhobi tule dhore proshongshito hon.",Jahir Raihaner lekha prothom uponnaser nam ki?,Shesh bikeler meye,Tar prothom uponnash chhilo **Hazar Bochor Dhore**.,"Okay, let's analyze the model answer.

**Step 1: Factual Claims in the Model Answer**

The model answer makes one primary claim: ""Tar prothom uponnash chhilo **Hazar Bochor Dhore**"" which translates to ""His first publication was **Hazar Bochor Dhore**.""

**Step 2: Verification against the Context**

The context states: ""Tar rochito prothom uponnash Shesh Bikeler Meye 1960 sale prokashito hoy. Tar rochito onnanno ullekhjoggo uponnash holo Hazar Bochor Dhore o Arek Falgun."" This translates to ""His first publication was Shesh Bikeler Meye, published in 1960. Other notable publications were Hazar Bochor Dhore and Arek Falgun.""

The context explicitly states that *Shesh Bikeler Meye* was the first publication. While *Hazar Bochor Dhore* is mentioned as a subsequent publication, it wasn't the first. Therefore, the model answer's claim is incorrect.

**Step 3: Verdict**

The model answer contradicts the provided context. It hallucinates the information regarding Jahir Raihan's first publication.

no",no
bengali--3947167920835567776-1::specificity,bengali--3947167920835567776-1,specificity,"Alauddin Khilji chilen Khilji bongser protisthata Jalaluddin Khiljir bhatija ebong jamata. Birbhumderke porajit kore Jalaluddin Khilji jokhon Delhi dokhol kore nen, tokhon Alauddin Khiljike Amir-i-Tujukh ba udjapon montri pod deya hoy. 1291 sale Jalaluddin Khilji tar bhatija Alauddin Khiljir hate Kara (Kanpurer nikotoborti ek elaka) namok oncholer shasonbhar tule den. 1296 sale Alauddin Khilji Basila oborodh kore Jalaluddin Khiljir kach theke Abadh (Uttar-Pradesh) dokhol kore seta shashon kora shuru koren. 1296 sale Devagiri oborodh koren ebong Jalaluddiner bipul porimaner shompod dokhol",Khilji bongser protistha kobe hoy?,Jalaluddin Khilji,Khilji bongser protistha hoy 1296 shale Alauddin Khiljir maddhome.,"Okay, let's analyze the model answer.

**Step 1: Factual Claims in the Model Answer**

The model answer makes two primary claims:

1.  ""Khilji bongser protistha hoy 1296 shale"" - The Khilji dynasty was established in 1296.
2.  ""Alauddin Khiljir maddhome"" - Alauddin Khilji established it.

**Step 2: Verification Against the Context**

*   **Claim 1 (1296):** The context states that Alauddin Khilji took control of Kara in 1291 and captured Awadh (Uttar Pradesh) and began its rule in 1296. It also mentions the siege of Devagiri and seizure of Jalaluddin’s wealth in 1296. This supports the year 1296 being significant for Khilji expansion/rule. However, it doesn't explicitly state ""establishment of the dynasty"" in 1296. It describes events *during* his reign.
*   **Claim 2 (Alauddin Khilji):** The context clearly states that Alauddin Khilji was given the title Amir-i-Tujukh and later took control of Kara and Awadh, ultimately seizing Jalaluddin's wealth. This strongly indicates he was the one establishing the dynasty's power.

**Step 3: Overall Assessment**

While the context doesn't use the exact phrase ""Khilji dynasty established,"" the events described in 1296, particularly Alauddin Khilji's actions, strongly imply the beginning of the dynasty's prominence. Saying it was ""established"" in 1296 isn't a blatant fabrication, but it's an interpretation rather than a direct quote or statement from the provided text.  It's a reasonable inference, though slightly oversimplified. Given the nuances, I will consider this as a hallucination.

no",no
bengali--8137487757915657057-1::specificity,bengali--8137487757915657057-1,specificity,"Dimbashoy dekhte onekta dimbakar ebong manuse etar akar—doirghye 3 se.mi., prosthe 1.5 se.mi., ebong purutwe 1.5 se.mi.। (jekono ektir jonno) shorire er obosthan pelvis ba shronir deyal ghese, jake bola hoy ovarian fossa. Sadharonoto fossar niche thake bohistho iliac dhamoni ebong samne thake mutranali o ontostho iliac dhamoni.",Dimbashoyer akriti kemon hoy?,anekta dimbakar,Dimbashoy sadharonoto golakar o chhoto hoy.,"Okay, let's analyze this.

**Step 1: Factual Claims in the Model Answer**

The model answer makes two claims:

1.  ""Dimbashoy sadharonoto golakar"" - ""Ovaries are generally round.""
2.  ""o chhoto hoy"" - ""and small.""

**Step 2: Verification against the Context**

*   **Claim 1 (""Dimbashoy sadharonoto golakar""):** The context describes the dimensions of the ovaries (length 3 cm, width 1.5 cm, depth 1.5 cm). While it doesn't explicitly state they are ""round,"" these dimensions suggest a roughly oval or rounded shape.  The description of their location within the ovarian fossa also implies a shape that can fit within that space. This isn't directly stated as ""round"", but it's consistent with the provided information.
*   **Claim 2 (""o chhoto hoy""):** The context provides dimensions of 3cm x 1.5cm x 1.5cm. This clearly indicates that the ovaries are small.

**Step 3: Final Verdict**

Both claims in the model answer are consistent with the information presented in the context. There's no contradiction or fabrication. The size is directly given, and the shape is reasonably inferred from the dimensions. Therefore, the model answer is not hallucinated.

no",no
bengali--5305296283281809764-1::specificity,bengali--5305296283281809764-1,specificity,Prothom Shohid Minar nirmito hoyechilo otidruto ebong nitanto oporikolpitovabe. Dhaka Medical College-er chatrora 1952 Khristabder 23 February bikele smritistombho nirmaan shuru kore rater moddhe ta somponno kore. Shohid Minar-er khobor kagoj-e pathano hoy oi dini. Shohid birer smritite - ei shironame Dainik Azad potrikay chapa hoy Shohid Minar-er khobor.[1],Kendriyo Shohid Minar toirir netritte ke chilen?,Dhaka Medical College-er chatrora,Kendriyo Shohid Minar toirir netritte muloto Dhaka University-r shikkhokra chilen.,"Okay, let's analyze the model answer.

**Step 1: Factual Claims in the Model Answer**

The model answer makes one primary factual claim: ""Kendriyo Shohid Minar toirir netritte muloto Dhaka University-r shikkhokra chilen."" (The leadership of the central Shaheed Minar rally was mainly with students of Dhaka University.)

**Step 2: Verification against the Context**

The provided context states that Dhaka Medical College students began constructing the Shaheed Minar on February 23, 1952. It mentions the news of the Shaheed Minar being published in newspapers like Dainik Azad. However, it *doesn't* explicitly state who led the rally or specifically mention Dhaka University students as the leaders. While it's plausible that Dhaka University students were involved, the text doesn't confirm this as a statement of fact regarding leadership. The context focuses on the construction and initial reporting of the memorial.

**Step 3: Verdict**

The model answer asserts a leadership role for Dhaka University students that isn't directly supported by the given context. While they might have been involved, the text doesn't confirm them as the leaders. Therefore, the answer is a hallucination.

no",no
bengali-2029563870871915760-1::inference,bengali-2029563870871915760-1,inference,Gablegater Summerbridge-e Herbert Sutcliffe-er jonmo hoy. Willie o Jane Sutcliffe tar baba-ma. Tader tin putro shontaner moddhe Sutcliffe chilen ditiyo. Onno dui bhai hocchen Arthur o Bob. Willie Sutcliffe Dacre Bank-er kache ek koratkole kaj korten. Tini club cricketer chilen.[2],English Test cricketer George Herbert Hirst-er babar nam ki?,Willy,George Herbert Hirst-er babar nam chhilo Willie Sutcliffe.,"Okay, let's analyze this.

**Step 1: Factual Claims in the Model Answer**

The model answer makes one primary factual claim: ""George Herbert Hirst-er babar nam chhilo Willie Sutcliffe."" (George Herbert Hirst's father's name was Willie Sutcliffe.)

**Step 2: Verification Against the Context**

The context states: ""Willie o Jane Sutcliffe tar baba-ma"" which translates to ""Willie and Jane Sutcliffe are his parents"". It also mentions that Herbert Sutcliffe is their son. The question asks about George Herbert Hirst, but the text refers to Herbert Sutcliffe. However, the context explicitly links Willie Sutcliffe as a parent of Herbert Sutcliffe. Given the question asks for the father of George Herbert Hirst and the text provides information about Herbert Sutcliffe's parents, we can infer that the question intended to ask about Herbert Sutcliffe.  Therefore, the statement is consistent with the provided text.

**Step 3: Final Verdict**

Since the model answer correctly identifies Willie Sutcliffe as the father based on the provided text (even if there's a slight ambiguity regarding George Herbert Hirst vs. Herbert Sutcliffe), it is not hallucinated.

no",no
bengali--8576849544322707640-1::inference,bengali--8576849544322707640-1,inference,Indo-European bhashaporibarer 8ti shakha royeche.,Indo-European vasha poribarer mot koyti shakha ache?,8,Indo-European vasha poribarer mot 10ti shakha ache.,"Okay, let's analyze this.

**Step 1: Factual Claims in the Model Answer**

The model answer makes a single factual claim: ""Indo-European vasha poribarer mot 10ti shakha ache."" This translates to ""There are 10 branches of the Indo-European language family.""

**Step 2: Verification Against the Context**

The context states ""Indo-European bhashaporibarer 8ti shakha royeche."" This translates to ""8 branches of the Indo-European language family existed/have occurred."" The context explicitly mentions *eight* branches, not ten.  Therefore, the model's claim of ten branches is not supported by the provided context. It introduces information not present in the given text.

**Step 3: Final Verdict**

Since the model answer provides a number (10) that contradicts the information given in the context (8), it is hallucinated.

no",no
bengali-7228435256333879326-3::specificity,bengali-7228435256333879326-3,specificity,"Poshchimbonger Hugli jeler Arambag mohkumay obosthito Kamarpukur grame 1836 sale ek doridro dhormonistho rokkhonshil Brahman poribare Ramakrishna Paramahansher jonmo hoy. Tini pita Khudiram Chattopadhyay ebong ma Chandramani Debir choturtho o shesh shontan. Kothito ache, Shriramakrishner jonmer purbe tar pitamatar sommukhe besh koyekti oloukik ghotona ghotechilo. Shontansombhobha Chandramani Devi dekhechilen Shiblingo theke nirgoto ekta jyoti tar gorbhe probesh korche. Tar jonmer obyobohito purbe Goyay tirthobhramone giye Khudiram Gadadhar Bishnuke shopne dorshon koren. Sei karone tini noboj",Unobingsho shotabdir bishishto Bharotiyo Hindu dhormoguru Ramakrishna Paramahansa kon grame jonmogrohon koren?,Kamarpukur,Ramakrishna Paramahansa naki Hooghlyr Arambag-er pasher **Gadadharpur gram-e** jonmogrohon koren bole dhora hoy.,"Okay, let's analyze the model answer step by step.

**Step 1: Factual Claims in the Model Answer**

The model answer makes the following claim: ""Ramakrishna Paramahansa jonmogrohon koren bole dhora hoy Gadadharpur gram-e"" - Ramakrishna Paramahansa is said to have been born in Gadadharpur village near Arambag of Hooghly.

**Step 2: Verification against the Context**

The context states: ""Poshchimbonger Hugli jeler Arambag mohkumay obosthito Kamarpukur grame 1836 sale...Ramakrishna Paramahansher jonmo hoy."" This translates to: ""Ramakrishna Paramahansa was born in Kamarpukur village located within the Arambag subdivision of Hugli district in Bengal in 1836...""

The context explicitly states that Ramakrishna Paramahansa was born in *Kamarpukur*, not Gadadharpur. While Gadadharpur is mentioned as a place associated with his father's vision, it is not stated as his birthplace. The model answer introduces ""Gadadharpur"" which is not directly present in the given text.

**Step 3: Verdict**

The model answer introduces information (""Gadadharpur"") not found in the provided context, thus hallucinating a detail.

no",no
bengali-4908844406111824569-11::specificity,bengali-4908844406111824569-11,specificity,"Malay vasha Malaysiar sarkari vasha. Ekhankar pray ordhek shongkhok lok Malay vashate kotha bole. Malayeshiate aro pray 130ti vasha procholito. Eder moddhe Chinese vashar bibhinno upovasha, Buginiyo vasha, Dayak vasha, Javanio vasha ebong Tamil vasha ullekhjoggo. Bazar Malay vasha bohujatik bazarer vasha hisebe procholito ebong Sabah prodeshe sarbojonin vasha ba lingua franca hisebe byabohrito. Anusthanik vasha Bahasa Malaysia. Tobe bibhinno jati goshthir manush nij nij vashay kotha bole. Ditiyo vasha hisebe school porjay thekei English shekhano hoy. Doinondin jogajog ebong byabshayik proyojone English er bohul",2018 sal porjonto Malaysia-te mot kotogulo vashar procholon ache?,130,2018 sal porjonto Malaysia-te motamuti 150tir moto vashar procholon chhilo.,"Okay, let's analyze the model answer.

**Step 1: Factual Claims in the Model Answer**

The model answer states: ""2018 sal porjonto Malaysia-te motamuti 150tir moto vashar procholon chhilo."" which translates to ""Up until 2018, there were approximately 150 languages spoken in Malaysia.""

**Step 2: Verification against the Context**

The context mentions ""pray 130ti vasha procholito"" (around 130 languages are used). It also mentions several other languages like Chinese dialects, Buginese, Dayak, Javanese, and Tamil. The context doesn't provide a definitive number of languages spoken in Malaysia up to 2018. However, it does state around 130 languages plus additional ones. The model answer's estimate of 150 is plausible given that the context lists several more languages beyond the initial 130. While not directly stated, the figure isn't drastically inaccurate and could be inferred from the listed examples.  It's possible the number increased slightly after 2018, but the model answer refers to *before* 2018.

**Step 3: Verdict**

The context provides information suggesting at least 130 languages are spoken, with additional languages mentioned. The model answer’s estimate of 150 is within a reasonable range based on the provided information. Therefore, while not explicitly stated, the answer isn't a complete fabrication.

no",no
bengali--8541412527792253343-2::inference,bengali--8541412527792253343-2,inference,1971 sale Oli Ahmad kormorot chilen Pakistan Senabahinir oshtom East Bengal Regiment-e. Er obosthan chilo Chattogramer Sholoshahore. 25 March moddhorate jhapiye poren Muktijuddhe. Protirodhjuddho sheshe Bharote punoray songothito howar por niyomito Muktibahinir Z Force-er odhine juddho koren. Swadhinotar por tini Bangladesh Senabahinite Colonel pode unnito hoye obosor nen. Pore rajnitite jog den. Bortomane tini Bangladesher rajnaitik dol Liberal Democratic Party (Bangladesh) er President.,Oli Ahad kon rajnoitik doler sathe jukto chilen?,Liberal Democratic Party,Oli Ahad mainly Bangladesh Nationalist Party-er sathe jukto chilen.,"Okay, let's analyze the model answer.

**Step 1: Factual Claims in the Model Answer**

The model answer makes the following claim: ""Oli Ahad mainly Bangladesh Nationalist Party-er sathe jukto chilen."" (Oli Ahad was mainly associated with the Bangladesh Nationalist Party).

**Step 2: Verification against the Context**

The provided context states that ""Bortomane tini Bangladesher rajnaitik dol Liberal Democratic Party (Bangladesh) er President."" (Currently, he is the president of the political party Liberal Democratic Party (Bangladesh)). It *does not* mention any association with the Bangladesh Nationalist Party (BNP). The context explicitly identifies his current affiliation as the Liberal Democratic Party (Bangladesh).

**Step 3: Verdict**

Since the model answer claims a connection to the Bangladesh Nationalist Party which is not mentioned in the given context, and instead contradicts it by stating his affiliation with the Liberal Democratic Party (Bangladesh), the answer is hallucinated.

no",no
bengali--2869461001015880142-1::inference,bengali--2869461001015880142-1,inference,Prothome Saddam Hossain General Ahmed Hasan Al Bakr-er upo-rashtrapoti chilen. Sei shomoy Saddam drirho vabe sarkar o shamorik bahinir moddhekar birodher oboshan ghotan. Ei uddeshe tini nirapotta bahini gothon koren. Iraq-er rashtrapoti o Baath Party-r prodhan hisebe Saddam Hossain Arab jatiyotabader vitti te dhormo niropekkho o adhunik Iraq gore tulte proyas nen. Saddam ek doliyo shashon kayem koren. Eshomoyi Saddam Iran-er sathe 9 bochorer juddhe joriye poren (1980-1988). Iraq-Iran juddher pore 1991-e Saddam uposagoriyo juddhe joriye poren. Saddam tar mote Iraq-er sthitishilotar biruddher sh,Saddam Hossain Abdul Majid Al Tikriti kobe nihoto hon?,2006 saler 30 December,Saddam Hossain mone hoy 1991 saler uposagoriyo juddher por nihoto hon.,"Okay, let's analyze the model answer.

**Step 1: Factual Claims in the Model Answer**

The model answer makes the following claim: ""Saddam Hossain mone hoy 1991 saler uposagoriyo juddher por nihoto hon."" which translates to ""It is believed that Saddam Hossain was executed after the 1991 Gulf War.""

**Step 2: Verification against the Context**

The provided context mentions that Saddam was involved in a war with Iran (1980-1988) and then another war in 1991 (the Gulf War). However, it *does not* mention when or how Saddam Hossain died. It only states that there was dissent against him within the government and military, and that he established a dictatorial regime. The context does not provide any information about his execution.

**Step 3: Verdict**

Since the context doesn't contain any information about Saddam Hossain's execution, the model answer's claim about his execution after the 1991 Gulf War is not supported by the provided text. Therefore, it is a hallucination.

no",no
bengali-6560277252785248931-4::comprehension,bengali-6560277252785248931-4,comprehension,"Robert Gutlar Ferguson namok ekjon British ainjibir odhine shikkhanobish hisebe Dwarkanath chirosthayi bondobostho shomporkito ain ebong Kolkata Supreme Court, Sadar o jela adaloter jabatiyo ain o karyopronali bishoye odhyayon koren. 1815 sale tini sofolvabe ain byabsha shuru koren. Ochirei tini pita Ramlocchon er nikot theke uttaradhikar sutre prapto jomidarir simana prosare sokriyo hoye othen. 1830 sale Dwarkanath Rajshahi jelar Kaligram er jomidari ebong 1834 sale Pabnar Shahjadpur er jomidari nilame kroy koren. Tar jomidarite besh kichu angshidar o sho-angshidar chilen. Kintu tini Baharampur, Pand",Prince Dwarakanath Thakur er babar nam ki?,Ramlochone,Prince Dwarakanath Thakur er babar nam chhilo Robert Gutlar Ferguson.,"Okay, let's analyze this.

**Step 1: Factual Claims in the Model Answer**

The model answer makes one primary factual claim: ""Prince Dwarakanath Thakur er babar nam chhilo Robert Gutlar Ferguson."" (Prince Dwarakanath Thakur's father's name was Robert Gutlar Ferguson.)

**Step 2: Verification against the Context**

The context states: ""Robert Gutlar Ferguson namok ekjon British ainjibir odhine shikkhanobish hisebe Dwarkanath chirosthayi bondobostho shomporkito ain ebong Kolkata Supreme Court, Sadar o jela adaloter jabatiyo ain o karyopronali bishoye odhyayon koren."" This translates to: ""Robert Gutlar Ferguson, as a student under a British lawyer, studied law related to permanent settlement and the legal and operational matters of the Kolkata Supreme Court, Sadar and district courts.""

The context *does not* state that Robert Gutlar Ferguson was Dwarakanath's father. It says he was the British lawyer *under whom* Dwarakanath studied.  It describes Ferguson's role as a mentor or instructor, not a parent. The text explicitly mentions Dwarakanath’s father as Ramlocchon.

**Step 3: Verdict**

The model answer incorrectly attributes Robert Gutlar Ferguson as Dwarakanath Thakur's father. The provided context indicates Ferguson was his teacher/mentor in law, and Dwarakanath's father was Ramlocchon. Therefore, the answer is hallucinated.

no",no
bengali--4632944432756037238-2::inference,bengali--4632944432756037238-2,inference,1971 shale Bangladesh-er shadhinota laver por notun shorkar Jamaat-ke rajniti theke nishiddho ghoshona kore ebong daler netara Pakistan-e nirbashone chole jan. Porobortite 1975 shale prothom rashtrapoti Sheikh Mujib hotyakander por ebong koyekti shamorik obhyutthaner por 1977 shale Major General Ziaur Rahman khomotay ele Jamaat-er upor theke nishedhajna protyahar kore neya hoy. Daltir netakormira fire ashar onumoti pan ebong 1979 shaler May mashe totkalin Jamaat-e Islami-r otyonto probhabshali neta Abbas Ali Khan-er netritte Bangladesh Jamaat-e Islami protishthito hoy. Ei songothoner uddeshyo holo sharia vittiok ekta Islami rashtra protish,Bangladesh Jamaat-e-Islami kobe protishthito hoy?,1979 saler May mase,Bangladesh Jamaat-e-Islami mone hoy 1977 shale protishthito hoy.,"Okay, let's analyze the model answer.

**Step 1: Factual Claims in the Model Answer**

The model answer makes a single factual claim: ""Bangladesh Jamaat-e-Islami protishthito hoy 1977 shale."" (Bangladesh Jamaat-e-Islami was re-established in 1977).

**Step 2: Verification against the Context**

The context states: ""Porobortite 1975 shale prothom rashtrapoti Sheikh Mujib hotyakander por ebong koyekti shamorik obhyutthaner por 1977 shale Major General Ziaur Rahman khomotay ele Jamaat-er upor theke nishedhajna protyahar kore neya hoy. ... 1979 shaler May mashe totkalin Jamaat-e Islami-r otyonto probhabshali neta Abbas Ali Khan-er netritte Bangladesh Jamaat-e Islami protishthito hoy.""

This directly confirms that Jamaat-e Islami was re-established in 1979, not 1977. The context mentions 1977 as the year when the ban on Jamaat was lifted, but the actual re-establishment occurred in May 1979.

**Step 3: Verdict**

The model answer incorrectly states the year of re-establishment. The context clearly indicates it happened in 1979, while the model claims 1977. This constitutes a hallucination.

no",no
bengali--2599451116164447125-11::factualness,bengali--2599451116164447125-11,factualness,1846 sale Londone kichukal rogobhoger por tar jibonaboshan ghote.,Prince Dwarkanath Thakur kothay mara jan?,London e,Prince Dwarkanath Thakur Paris e mara jan.,"Okay, let's analyze this.

**Step 1: Identify each factual claim made by the Model Answer.**

The model answer claims: ""Prince Dwarkanath Thakur mara jan Paris e."" which translates to ""Prince Dwarkanath Thakur died in Paris."" This is a single, clear factual claim about the location of his death.

**Step 2: Check whether it is supported by the Context.**

The context states: ""1846 sale Londone kichukal rogobhoger por tar jibonaboshan ghote."" This translates to ""1846, after a short illness in London, he returned to his home."" The context explicitly mentions London as a place related to his illness and return home, but it *does not* mention Paris at all. It provides no information regarding where he ultimately died.

**Step 3: Based on steps 1-2, decide the final verdict.**

Since the context makes no mention of Paris or his death location, the model's claim that Prince Dwarkanath Thakur died in Paris is not supported by the provided text. Therefore, it is a hallucination.

no",no
bengali--2070463653245554753-1::inference,bengali--2070463653245554753-1,inference,"Shafayat Jamil March 1, 1940 tarikh e Kishoreganj jelar Kuliarchar upojelar Khargamara grame jonmogrohon koren. Tar babar nam A H M Karimullah ebong mayer nam Layla Johra Begum. Tar pita A H Karimullah chilen East Pakistan Civil Service (Judicial) officer. Tar strir nam Rashida Shafayat. Tader tin chele. Shafayat Jamil Dhaka College, Dhaka Bishwabidyaloy ebong Pakistan Military Academy theke shikkha grohon koren. Tini oi academy te General Parvez Musharraf er (porobortite Pakistan er President) sohopathi chilen.",Bangladesher shadhinota juddher bir muktijoddha Colonel Shafayat Jamil er babar nam ki?,E E H M Karimullah,"Colonel Shafayat Jamil er babar nam chhilo Layla Johra Begum, karon tar poribarik tothyo te oi namtai prominent vabe ullekh ache.","Okay, let's break down this evaluation.

**Step 1: Factual Claims in the Model Answer**

The model answer makes the following claims:

1.  Colonel Shafayat Jamil's father's name was Layla Johra Begum.
2.  This information is prominently mentioned in his family history (poribarik tothyo).

**Step 2: Verification Against the Context**

*   **Claim 1:** The context explicitly states that Shafayat Jamil's *mother's* name was Layla Johra Begum. It states his *father's* name was A H M Karimullah. This directly contradicts the model answer.
*   **Claim 2:** The context does mention Layla Johra Begum, but as his mother, not as his father. The assertion that her name is ""prominently"" mentioned in relation to him being his father is false.

**Step 3: Verdict**

The model answer completely hallucinates a crucial detail – attributing the mother’s name to the father. There is no basis for this in the provided context.

no",no
bengali-6543940287332686430-1::comprehension,bengali-6543940287332686430-1,comprehension,"Ei institute-ti cholocchitro, binodon, byabsha ebong pondit somprodayer netritto-shil byaktiborgo-r dara porichalito hoy. Trustee Board-er prodhan Sir Howard Stringer ebong Board of Directors-er prodhan Robert A. Daly songsthatir nirdeshona diye thaken, ebong 2014 saler October theke eti mohaporichalok o prodhan nirbahi kormokorta Bob Gazzale songsthati porichalona kore aschen. Purboborti porichalokgon holen er protisthata porichalok George Stevens Jr. (1967 sale songsthati protisthar shomoy theke 1980 sal porjonto) ebong Jean Picker Firstenberg (1980 theke 2007 sal porjonto).[2]",American Film Institute-er Board of Directors-er prodhan ke?,Robert A. Deli,American Film Institute-er Board of Directors-er prodhan holen Sir Howard Stringer.,"Okay, let's analyze the model answer.

**Step 1: Factual Claims in the Model Answer**

The model answer makes one primary factual claim: ""American Film Institute-er Board of Directors-er prodhan holen Sir Howard Stringer."" (Sir Howard Stringer is the head of the American Film Institute's Board of Directors).

**Step 2: Verification Against the Context**

The provided context states: ""Trustee Board-er prodhan Sir Howard Stringer ebong Board of Directors-er prodhan Robert A. Daly songsthatir nirdeshona diye thaken..."" This translates to ""Sir Howard Stringer and Robert A. Daly are giving directions to the organization as the heads of the Trustee Board and the Board of Directors respectively"". The context explicitly mentions both Sir Howard Stringer *and* Robert A. Daly as heads (prodhan) of their respective boards. It doesn't state that Sir Howard Stringer is *the* head of the Board of Directors. It says he is the head of the Trustee Board.

**Step 3: Verdict**

The model answer incorrectly identifies Sir Howard Stringer as the head of the Board of Directors. The text indicates he heads the Trustee Board, and Robert A. Daly heads the Board of Directors. Therefore, the model answer hallucinates information.

no",no
bengali-6058207303729664794-1::inference,bengali-6058207303729664794-1,inference,Imaj Uddin Pramaniker jonmo 1941 saler 16 February Naoga jeler Manda upojelar Kalikapur grame. Tar pita Hazratulya Pramanik ebong mata Tula Begom. Tini tar pita-matar konishtho shontan.,Muhammad Imaz Uddin Pramaniker babar nam ki?,Hojrotulya Pramanik,Muhammad Imaz Uddin Pramaniker babar nam chhilo Tula Begom.,"Okay, let's break this down.

**Step 1: Identify each factual claim made by the Model Answer.**

The model answer states: ""Muhammad Imaz Uddin Pramaniker babar nam chhilo Tula Begom."" This translates to ""Muhammad Imaz Uddin Pramaniker's father's name was Tula Begom.""

**Step 2: Check whether it is supported by the Context.**

The context states: ""Tar pita Hazratulya Pramanik ebong mata Tula Begom."" This translates to ""His father was Hazratulya Pramanik and his mother was Tula Begom."" The context clearly identifies Hazratulya Pramanik as the father and Tula Begom as the mother.  The model answer incorrectly assigns the mother's name (Tula Begom) to the father.

**Step 3: Based on steps 1-2, decide the final verdict.**

The model answer makes a factual error; it misattributes the name of the father. Therefore, it is hallucinated.

no",no
bengali-1288312892497828945-0::factualness,bengali-1288312892497828945-0,factualness,"Murshidabad jela purbo Bharoter Poshchimbongo rajyer Malda bibhager ekta jela. Ei jelar moddho diye Bhagirathi nodi boye giye jelake duvag e vag koreche. Nodir poschimer angsho Rarh o purber angsho Baghira name porichito.[2] 5.314 borgo kilometer (2,062 borgo mile) ayotoner elaka ebong 71.02 lokkho jonoshonkha thakay eti ekta jonobohul jela. Murshidabad Bharoter nobomotomo (Bharoter 641ti jelar moddhe) jonobohul jela.[3] Ei jelar sadar doptor Baharampur shohore obosthito.",Murshidabad jeler sadar shohor konti?,Bohorompur,Murshidabad jeler sadar shohor holo Jiaganj.,"Okay, let's analyze the model answer.

**Step 1: Factual Claims in the Model Answer**

The model answer makes one primary factual claim: ""Murshidabad jeler sadar shohor holo Jiaganj."" (The district headquarters city of Murshidabad is Jiaganj.)

**Step 2: Verification against the Context**

The provided context states: ""Ei jelar sadar doptor Baharampur shohore obosthito."" (The district office of this district is located in Baharampur town.). This directly contradicts the model answer's claim that the district headquarters is Jiaganj.

**Step 3: Verdict**

The model answer provides information that is not present in the given context and directly contradicts a statement within the context. Therefore, it is hallucinated.

no",no
bengali--5526839803787627428-10::factualness,bengali--5526839803787627428-10,factualness,"Perur bortoman odhinayok hisebe royechen forward Paulo Gurrero.[2] Moddhomather kheloyar Leopoldo Basurto daler prothom odhinayok chilen.[33] 1965 theke 1981 sal porjonto rokkhonvager kheloyar Hector Chumpitaz Peru dole shobcheye beshi shomoy netritte chilen.[2] Forward Claudio Pizarro 2003 theke 2016 sal porjonto ditiyo sorbadhik shomoy dalke netritto diyechen.[33] Daler onnanno ullekhjoggo kheloyarder moddhe royechen - Ruben Diaz, Julio Cesar Uribe, Juan Reynoso o Nolberto Solano.[2]",Peru jatio football doltir prothom odhinayok ke chilen?,Liopoldo Basurto,Peru jatio football doltir prothom odhinayok chhilen Julio Cesar Uribe.,"Okay, let's analyze this.

**Step 1: Identify each factual claim made by the Model Answer.**

The model answer claims: ""Peru jatio football doltir prothom odhinayok chhilen Julio Cesar Uribe."" (Julio Cesar Uribe were the first leader of the Peruvian national football team.)

**Step 2: For each claim, check whether it is supported by the Context.**

The context states: ""Moddhomather kheloyar Leopoldo Basurto daler prothom odhinayok chilen."" (Leopoldo Basurto were the first leader of the team). It also lists several other leaders including Julio Cesar Uribe. The context explicitly states that Leopoldo Basurto was the *first* leader. Therefore, the model answer's claim that Julio Cesar Uribe was the first leader is incorrect.

**Step 3: Based on steps 1-2, decide the final verdict.**

The model answer contradicts information presented in the provided context. Therefore, it is a hallucination.

no",no
bengali--3794601659297720355-1::factualness,bengali--3794601659297720355-1,factualness,"Banshali 1963 saler 24 February Bharoter Mumbai te jonmogrohon koren. Tar pita cholocchitro nirmata Navin Banshali ebong mata Leela Banshali. Tar ""Leela"" namti tini tar mayer nam theke grohon koren. Navin Banshali alcohol e asokto hoye pore ebong ekebare hal chere den. Banshalir bon Bela Segal.",Sanjay Leela Bhansali-r mayer nam ki?,Leela Banshali,Sanjay Leela Bhansali-r mayer nam chhilo **Lalita Banshali**.,"Okay, let's analyze this.

**Step 1: Factual Claims in the Model Answer**

The model answer states: ""Sanjay Leela Bhansali-r mayer nam chhilo **Lalita Banshali**."" (Sanjay Leela Bhansali's mother's name was Lalita Banshali.) This is a single, direct claim about the name of Sanjay Leela Bhansali's mother.

**Step 2: Verification against the Context**

The context mentions that Sanjay Leela Bhansali's mother's name was ""Leela Banshali."" The context explicitly says, ""Tar 'Leela' namti tini tar mayer nam theke grohon koren,"" which translates to ""He named his film 'Leela' after his mother's name.""  It *does not* mention the name ""Lalita Banshali"" anywhere.

**Step 3: Verdict**

The model answer provides a name (""Lalita Banshali"") for Sanjay Leela Bhansali's mother that is *not* present in the provided context. Therefore, the answer is hallucinated.

no",no
bengali--2478685782456378793-1::factualness,bengali--2478685782456378793-1,factualness,"Motorola company-te kormoroto Dr. Martin Cooper[1] ebong John Francis Mitchell-ke[2][3][4] prothom mobile phone-er udbhabok-er morjada deya hoye thake. Tara 1973 saler April-e prothom shofolvabe ekta pray 1 keji (2.2 pound) ojoner hate dhora phone-er maddhome call korte sokkhom hon[5]. Mobile phone-er prothom banijjik shongskoron bazare ase 1983 sale, phone-tir nam chilo Motorola DynaTAC 8000x. 1990 sal theke 2011 saler moddhe prithibibyapi mobile phone byaboharkarir shonkha 12.4 million theke briddhi peye 6 billion-er beshi hoye geche. Prithibir mot jonoshonkhar pray 87% mobile",Bharoter sorboprothom telephone ta kon company toiri kore?,Motorola,Nokia Corporation,"Okay, let's analyze this.

**Step 1: Factual Claims in the Model Answer**

The model answer states: ""Nokia Corporation"" created the first telephone in India.

**Step 2: Verification against the Context**

The provided context explicitly states that Motorola created the first mobile phone. It names Dr. Martin Cooper and John Francis Mitchell of Motorola as the inventors. There is absolutely no mention of Nokia Corporation or any Indian telephone in the text. The context discusses the history of mobile phones, their development by Motorola, and the growth of the mobile phone market globally. It does not discuss who created the first telephone in India.

**Step 3: Verdict**

The model answer makes a claim (Nokia created the first telephone in India) that is entirely unsupported by the provided context. It introduces information not present in the source material, therefore it is hallucinated.

no",no
bengali-1239158793173466909-0::factualness,bengali-1239158793173466909-0,factualness,"Umaiya Khilafat (Arabic: al-khilafah al-umawiyya, trans. Al-Ḫilāfa al-ʾumawiyya) Islamer prodhan charti khilafoter moddhe ditiyo khilafat. Eti Umaiya rajbongshoke kendro kore gore uthe. Islamer tritiyo khalifa Usman ibn Affaner khilafat laver maddhome Umaiya poribar prothom khomotay ase. Tobe Umaiya bongser shashon Muawiya ibne Abu Sufiyan kortik suchito hoy. Tini dirghodin Siriyar governor chilen. Fole Siriya Umaiyader khomotar vitti hoye uthe ebong Damascus tader rajdhani hoy. Umaiyara Muslimder bijoy ovijan obbyahoto rakhe. Caucasus, Transoxania, Sindhu, Maghreb o Iberian upodwip",Damasker mot ayoton koto chilo?,5.79 million borgo mile,Damasker mot ayoton chhilo pray 6.12 million borgo mile.,"Okay, let's analyze this.

**Step 1: Identify factual claims in the Model Answer.**

The model answer makes a single, specific factual claim: ""Damasker mot ayoton chhilo pray 6.12 million borgo mile."" (Damascus's population was approximately 6.12 million people).

**Step 2: Check for support in the Context.**

The provided context discusses the Umayyad Caliphate, its origins, and its expansion. It mentions that Damascus became the capital of the Umayyads. However, *it does not provide any information about the population of Damascus*. There is absolutely no mention of population figures, either approximate or precise.

**Step 3: Determine the Verdict.**

Since the context provides no data regarding the population of Damascus, the model's claim about 6.12 million people is unsupported and therefore a hallucination. The model has fabricated information not present in the given text.

no",no
bengali--8333329746315209159-0::factualness,bengali--8333329746315209159-0,factualness,"Khulna Prokoushol o Projukti Bishwabidyaloy (KUET) Bangladesher ekta onnotomo sorkari prokoushol bishwabidyaloy. Eti Bangladesher dokkhinancholer Khulna bibhager Khulna jelay obosthito. Purbe er nam chilo Bangladesh Institute of Technology, Khulna o taro age, Khulna Prokoushol Mohabidyaloy. Eti Bangladesher shreshtho bishwabidyaloyguler onnotomo. Ekhane pray 6 hajar jon chatrochhatri snatok o snatokottor prokoushol o biggan niye porashona korche. Ekhankar shikkhok shonkha 320-er o odhik. Echara 132 jon kormokorta o 292 jon kormochari ache. Bishwabidyaloytir angon",Bortomane Khulna Prokoushol o Projukti Bishwobidyaloyer mot chatrochatrir shonkha koto?,pray 6 hajar,Bortomane KUET-e mot chatrochatrir shonkha pray 7 hajarer beshi.,"Okay, let's analyze the model answer.

**Step 1: Factual Claims in the Model Answer**

The model answer makes one primary factual claim: ""Bortomane KUET-e mot chatrochatrir shonkha pray 7 hajarer beshi."" (Currently, the number of students at KUET is more than approximately 7 thousand.)

**Step 2: Verification against the Context**

The context states: ""Ekhane pray 6 hajar jon chatrochhatri snatok o snatokottor prokoushol o biggan niye porashona korche."" (Here, approximately 6 thousand students are studying undergraduate and postgraduate courses in technology and science.)

The model answer claims the number is *more* than 7 thousand, while the provided context explicitly states it is approximately 6 thousand. This is a contradiction.

**Step 3: Verdict**

The model answer presents a number that is not supported by the given context; it fabricates a higher student population figure. Therefore, it is a hallucination.

no",no
bengali--9105179977372456588-2::inference,bengali--9105179977372456588-2,inference,1965 saler 31 July England-er Gloucestershire-er Yate shohore jonmogrohon koren J.K. Rowling. Tar babar nam Peter ebong mayer nam Anne. Tar baba chilen engineer ebong ma chilen gobeshonagarer technician. Rowling er puro nam Joanne Kathleen Rowling. Rowling er choto aro ek bon royeche. Chotobela ta kate gramyo poribeshe.,J. K. Rowling-er mayer nam ki?,Anni,"J. K. Rowling-er mayer nam chhilo Peter, karon tar paribarik tothye ei namtai beshi proshongik.","Okay, let's break down this evaluation.

**Step 1: Factual Claims in the Model Answer**

The model answer makes two claims:

1.  ""J. K. Rowling-er mayer nam chhilo Peter"" (J. K. Rowling's mother's name was Peter).
2.  ""karon tar paribarik tothye ei namtai beshi proshongik"" (because this name was more common in his family). This part is essentially justifying the first claim.

**Step 2: Verification Against the Context**

*   **Claim 1:** The context states ""Tar mayer nam Anne"" (Her mother's name was Anne). This directly contradicts the model answer's assertion that her mother's name was Peter.
*   **Claim 2:** Since the first claim is false, the justification provided is also irrelevant and nonsensical. The context provides no information about family naming conventions.

**Step 3: Verdict**

The model answer presents a completely fabricated fact (the mother's name being Peter) that is directly contradicted by the provided context. Therefore, it is a clear hallucination.

no",no
bengali--4940144912201379461-31::inference,bengali--4940144912201379461-31,inference,"Bharoter jatiyo sorok byabosthar 3 no jatiyo sorok, 4 no jatiyo sorok o 8 no jatiyo sorok Mumbai-ke desher onnanno angsher shonge jukto koreche.[178] Mumbai-Pune Expressway Bharote nirmito prothom expressway.[179] Echara Mumbai-Vadodara Expressway-ti bortomane nirmanadhin.[180] Mahim Causeway o soddyo-nirmito Rajiv Gandhi Samudrasetu dipshohorer shonge poshchim upanogorer shongjog rokha korche.[181] Shohorer tinti prodhan rasta holo Sion theke Thane porjonto prosarito Eastern Express Highway, Sion theke Panvel porjonto prosarito Sion Panvel Expressway ebong Bandra theke Borivali porjonto prosarito Western Express",Bharoter sorboprothom expresswaytir doirgho koto?,Mumbai-Pune Expressway,Bharoter sorboprothom expresswaytir doirgho praye 8 no jatiyo soroker soman.,"Okay, let's analyze the model answer.

**Step 1: Factual Claims in the Model Answer**

The model answer states: ""Bharoter sorboprothom expresswaytir doirgho praye 8 no jatiyo soroker soman."" which translates to ""The length of India's first expressway is approximately equal to that of National Highway 8.""

**Step 2: Verification against the Context**

The context mentions that National Highways 3, 4, and 8 are connected to other parts of the country. It also states that Mumbai-Pune Expressway is India's first expressway. However, the context *does not* provide the length of either the Mumbai-Pune Expressway or National Highway 8.  It doesn't offer any information to support the claim about their lengths being comparable.

**Step 3: Verdict**

Since the context does not contain information about the lengths of either the Mumbai-Pune Expressway or National Highway 8, the model answer's comparison is unsupported and therefore a hallucination.

no",no
bengali--6284809213106132912-16::inference,bengali--6284809213106132912-16,inference,"Rampal chilen Pala rajbongser sorbosesh shoktishali shashok. Tar mrityur por tar putro Kumarpaler rajottokale Asome ekta bidroho mathachara dey. Baidyadeb ei bidroho domon koren. Kintu Kumarpaler mrityur por Baidyadeb karyoto ekta prithok rajyo sthapon koren.[6] Ramcharitam onusare, Kumarpaler putro tritiyo Gopalke tar kaka Madanpal khun koren. Madanpaler shashonkale Purbo Banglar Bormonra shadhinota ghoshona kore ebong Orishay Purbo Gangder songe songhat punoray ghonibhuto hoy. Mondopal Gahadbalder kach theke Munger odhikar korechilen. Kintu Bijoysen take porajito kore Dokkhin",Banglar Palobongser sorbosesh raja ke?,Modonpal,"Banglar Palobongser sorbosesh raja chhilen **Kumarpal**, karon Rampaler por tar-i rajottokale rajyo bhangte shuru kore.","Okay, let's analyze the model answer step-by-step.

**Step 1: Factual Claims in the Model Answer**

The model answer makes the following claims:

1.  ""Banglar Palobongser sorbosesh raja chhilen **Kumarpal**."" (Kumarpal was the ruler of Palobongser.)
2. ""karon Rampaler por tar-i rajottokale rajyo bhangte shuru kore."" (Because after Rampal, he started breaking the kingdom upon ascending the throne.)

**Step 2: Verification Against the Context**

Let's examine each claim against the provided context:

*   **Claim 1:** The context states that Rampal was a ""Pal rajbongser sorbosesh shoktishali shashok"" (powerful ruler of Pal Rajbongshi). It mentions Kumarpal as Rampal's son who ascended the throne after him. However, it *doesn't explicitly state* that Kumarpal was the ruler of Palobongser. While it's implied through his succession of Rampal, it isn't directly stated.
*   **Claim 2:** The context says that Kumarpal's reign saw an uprising in Assam, which Baidyadeb suppressed. After Kumarpal's death, Baidyadeb established a separate kingdom. This supports the idea that Kumarpal's rule led to instability (""rajyo bhangte shuru kore""), but again, it's an interpretation rather than a direct statement.

**Step 3: Overall Verdict**

While the answer draws information from the context, it infers that Kumarpal was the ruler of Palobongser and that he initiated the breakdown of the kingdom. The context doesn’t explicitly confirm either of these points. Therefore, there is a degree of hallucination involved in stating Kumarpal as the ruler of Palobongser.

no",no
bengali-8835875250524667479-0::specificity,bengali-8835875250524667479-0,specificity,"Richard Wid Widmark (December 26, 1914-March 24, 2008) ekjon Markin cholocchitro, moncho, ebong television obhineta o projojok. Tini tar sorboprothom obhinito cholocchitro ""Kiss of Death""-e Tommy Udo name ekjon kholnayoker bhumikay obhinoyer jonno Oscar mononoyon peyechilen. Tini Golden Globe joyi hon shobcheye ujjol nobagoto hisebe. Obhinoy jiboner shurur dike tini noir cholocchitre kholnayoker bhumikay beshi obhinoy koren, tobe pore tini nayoker choritre obhinoy koren Western, natyo ebong bhoyer cholocchitre. Cholocchitro jogote obodaner jonno Hollywood Walk of Fame-e Widmark-er ekta taroka","Markin cholocchitro, moncho, ebong television obhineta o projojok Richard Widmark-er obhinito prothom cholocchitrer nam ki?",Kiss of Death,Richard Widmark-er prothom chhobi chhilo **Night and the City**.,"Okay, let's analyze this.

**Step 1: Factual Claims in the Model Answer**

The model answer makes one primary factual claim: ""Richard Widmark-er prothom chhobi chhilo **Night and the City**."" (Richard Widmark's first film was Night and the City).

**Step 2: Verification against the Context**

The provided context states: ""Tini tar sorboprothom obhinito cholocchitro 'Kiss of Death'-e Tommy Udo name ekjon kholnayoker bhumikay obhinoyer jonno Oscar mononoyon peyechilen."" This translates to: ""He received an Oscar nomination for acting in the role of a villain named Tommy Udo in his first film, 'Kiss of Death'.""

The context explicitly identifies ""Kiss of Death"" as Richard Widmark's first film. The model answer claims it was ""Night and the City,"" which contradicts the provided text.

**Step 3: Final Verdict**

The model answer provides information that is not present in the given context and directly contradicts a statement within it. Therefore, the answer is hallucinated.

no",no
bengali-859469098615483605-0::specificity,bengali-859469098615483605-0,specificity,"Marvel Cinematic Universe (MCU) ekta Markin media franchise ebong kalponik duniya ja ekta superhero cholochitro series-ke ghire abortito, Marvel Studios dara shadhinbhabe projojito ebong Marvel Comics prokashito choritro vitti kore toiri. Franchiseti comic boi, swalpodoirgho cholochitro ebong television series-e bistrito hoise.",Marvel Cinematic Universe-er sroshta ke?,Marvel Studios,Marvel Comics-er protisthata Stan Lee.,"Okay, let's analyze this.

**Step 1: Factual Claims in the Model Answer:**

The model answer makes two claims:
1. ""Marvel Cinematic Universe-er sroshta"" (Marvel Cinematic Universe's creator) is ""Marvel Comics-er protisthata"" (the institution of Marvel Comics).
2. ""Stan Lee"" is that institution.

**Step 2: Checking against the Context:**

*   **Claim 1:** The context states that the MCU is ""Marvel Comics prokashito choritro vitti kore toiri"" (made using characters published by Marvel Comics). This implies a connection between the MCU and Marvel Comics, but doesn't explicitly state that Marvel Comics *created* the MCU. It's more accurate to say the MCU *uses* Marvel Comics characters.
*   **Claim 2:** The context does not mention Stan Lee at all. It describes the MCU as being produced by Marvel Studios and based on Marvel Comics characters. There is no information linking Stan Lee to the creation of the MCU itself. While Stan Lee is a significant figure in Marvel Comics history, the context doesn't establish his role in the MCU's creation.

**Step 3: Verdict:**

Both claims are not directly supported by the provided context. Claiming Stan Lee created the MCU is a significant overreach, especially given the absence of any mention of him in the text. The context establishes a relationship between the MCU and Marvel Comics, but not a direct creative link to Stan Lee. Therefore, the answer is hallucinated.

no",no
bengali--314197069658750255-13::specificity,bengali--314197069658750255-13,specificity,"1566 saler 5i September,[16] Sulaiman, tini tokhon Hungary ovijaner netritto deyar uddeshe Constantinople hote rowana hoyechilen, tini Hungary te Jigetvarer juddhe Ottoman bijoyer purbei mara jan[17] ebong prodhan ujir fire jabar shomoy Ditiyo Selimer obhisheker subidharte tar mrityur khobor gopon rakhen.",Prothom Sulaiman er por ke Usmaniyo samrajyer somrat hon?,ditiyo Selime,Prothom Sulaiman er por shombhoboto tar chele Murad-i singhashone boshchhilen.,"Okay, let's analyze the model answer.

**Step 1: Factual Claims in the Model Answer**

The model answer states: ""Prothom Sulaiman er por shombhoboto tar chele Murad-i singhashone boshchhilen."" which translates to ""After the first Suleiman, it is possible that his son Murad-i sat on the throne.""

**Step 2: Verification Against the Context**

The provided context discusses Suleiman's death while traveling to Constantinople with the intention of going to Hungary. It mentions that news of his death was kept secret to facilitate the accession of Selim II. The text *does not* explicitly state who succeeded Suleiman or mention Murad at all. While it's plausible that Murad (likely Murad III) did succeed Suleiman, this information isn't present in the given text. The text only mentions Selim II's accession being facilitated.

**Step 3: Verdict**

Since the model answer introduces a successor (Murad) not mentioned in the provided context, and implies it as a likely outcome, it constitutes a hallucination. The context doesn't confirm this succession; it only speaks about Selim II.

no",no
bengali--8333329746315209159-0::comprehension,bengali--8333329746315209159-0,comprehension,"Khulna Prokoushol o Projukti Bishwabidyaloy (KUET) Bangladesher ekta onnotomo sorkari prokoushol bishwabidyaloy. Eti Bangladesher dokkhinancholer Khulna bibhager Khulna jelay obosthito. Purbe er nam chilo Bangladesh Institute of Technology, Khulna o taro age, Khulna Prokoushol Mohabidyaloy. Eti Bangladesher shreshtho bishwabidyaloyguler onnotomo. Ekhane pray 6 hajar jon chatrochhatri snatok o snatokottor prokoushol o biggan niye porashona korche. Ekhankar shikkhok shonkha 320-er o odhik. Echara 132 jon kormokorta o 292 jon kormochari ache. Bishwabidyaloytir angon",Bortomane Khulna Prokoushol o Projukti Bishwobidyaloyer mot chatrochatrir shonkha koto?,pray 6 hajar,Bortomane KUET-e mot chatrochatrir shonkha pray 8 hajar.,"Okay, let's analyze the model answer.

**Step 1: Factual Claims in the Model Answer**

The model answer makes one primary factual claim: ""Bortomane KUET-e mot chatrochatrir shonkha pray 8 hajar."" (Currently, the number of students at KUET is approximately 8 thousand).

**Step 2: Verification Against the Context**

The context states: ""Ekhane pray 6 hajar jon chatrochhatri snatok o snatokottor prokoushol o biggan niye porashona korche."" (Here, approximately 6,000 students are studying undergraduate and postgraduate courses in engineering and science.)

The model answer claims 8,000 students while the context explicitly states 6,000 students. This is a discrepancy.

**Step 3: Verdict**

The model answer provides a number that is not present in the provided context. It appears to be a hallucination or an extrapolation beyond the information given.

no",no
bengali-6101468669223503112-13::factualness,bengali-6101468669223503112-13,factualness,Natidirgho atharo pongktir niret sthapatyer ei gitikobitay royeche choy pongktir tinti stobok. Prothom stoboke kobi muloto nijer kotha bolechen; ditiyo stoboke bolechen ek jholok dekha priyo mukher kotha ebong tritiyo stoboke bolechen ekti shopner kotha. Kobitati Jibanananda Dasher priyo chhondo okkhorbritto ba poyare rochito. Tobe porbo binyase somota rokha kora hoy ni.,Bonolota Sen kobitatite mot koto gulo pongkti ache?,atharo,Bonolota Sen kobitatite mot **sholo pongkti** ache.,"Okay, let's analyze this.

**Step 1: Factual Claims in the Model Answer**

The model answer makes a single factual claim: ""Bonolota Sen kobitatite mot **sholo pongkti** ache."" This translates to ""There are a total of **sixteen lines** in Bonolota Sen's poem.""

**Step 2: Verification Against the Context**

The provided context discusses a poem by Jibanananda Das, not Bonolota Sen. It mentions the poem has three stoboks (stanzas), with the first containing the poet's own words, the second describing a glimpse of a beloved face, and the third describing a dream. The context does *not* mention Bonolota Sen at all, nor does it state the number of lines in the poem. Therefore, the claim about sixteen lines in a poem by Bonolota Sen is entirely unsupported by the given text.

**Step 3: Final Verdict**

Since the model answer introduces a person (Bonolota Sen) and a number of lines that are not mentioned in the context, it is hallucinating information.

no",no
bengali--3939356441070933912-28::specificity,bengali--3939356441070933912-28,specificity,"Kolkata Poshchimbonger rajdhani totha brihottom shohor. Kolkata Bharoter tritiyo brihot mohanogor.[69] ebong Brihottor Kolkata desher tritiyo brihottom nogoranchol.[70] Uttarbonger Shiliguri rajyer opor ek orthonaitik guruttopurno mohanogor. Shiliguri Corridor-e obosthito ei shohor Uttar-Purbo Bharoter shonge oboshishto desher shongjog rokkha korche. Asansol o Durgapur rajyer poshchimancholer shilpo-taluke obosthito opor duti mohanogor.[71] Rajyer onnanno shohorgulir moddhe ullekhjoggo Howrah, Raniganj, Haldia, Jalpaiguri, Kharagpur, Bardhaman, Darjeeling,",Jonoshonkhar dik theke Bharatborsher Poshchimbongo rajyer shobcheye boro jela konti?,Kolkata,Jonoshonkhar dik theke mone hoy Howrah jela shobcheye boro.,"Okay, let's break this down.

**Step 1: Factual Claims in the Model Answer**

The model answer makes a single, direct claim: ""Jonoshonkhar dik theke mone hoy Howrah jela shobcheye boro"" which translates to ""From the perspective of population, it seems that Howrah district is the largest.""

**Step 2: Verification Against Context**

The provided context discusses several cities and towns in West Bengal (Poshchimbongo), including Howrah. However, it *does not* mention anything about the size of districts (jela) based on population or any other metric. The context focuses primarily on the importance and status of cities.  It lists several cities but does not rank them or their corresponding districts by population size.

**Step 3: Verdict**

Since the context doesn't provide information about the population size of districts, the model's assertion about Howrah being the largest district by population is not supported by the given text. It is therefore a hallucination.

no",no
bengali-5706247560032651103-1::factualness,bengali-5706247560032651103-1,factualness,"Alomgirer cholocchitre obhishek hoy 1973 sale Amar Jonmobhumi diye. Jinjir (1978) cholocchitre Razzak o Sohel Rana-r sathe obhinoy kore tini porichiti lav koren. 1985 sale Nishpap cholocchitro diye tar porichalonay obhishek hoy. Ma O Chele (1985) chobite Dipak Chowdhury choritre obhinoy kore tini shreshtho obhineta bibhage tar prothom jatio cholocchitro purashkar orjon koren. Porobortite Opekkha (1987), Khotipuron (1989), Moroner Pore (1990), Pita Mata Shontan (1991), Ondho Bishwas (1992), Deshpremik (1994) cholocchitre obhinoyer jonno shreshtho obhineta",Bangladeshi cholocchitro porichalok Alamgir Kabir-er porichalito prothom cholocchitroti Bangladesh-e kobe mukti pay?,1985 shale,1984 shale prothom mukti pay.,"Okay, let's analyze the model answer.

**Step 1: Factual Claims in the Model Answer**

The model answer makes one primary claim: ""1984 shale prothom mukti pay"" (He received his first recognition in 1984). This refers to Alamgir Kabir receiving his first recognition in the field of Bangladeshi cinema.

**Step 2: Verification against the Context**

The context states:
*   ""Alomgirer cholocchitre obhishek hoy 1973 sale Amar Jonmobhumi diye."" (Alamgir received recognition in 1973 with the film 'Amar Jonmobhumi').
*   ""1985 sale Nishpap cholocchitro diye tar porichalonay obhishek hoy."" (In 1985, he received recognition in his career with the film 'Nishpap').
*   It mentions other films and awards but doesn't explicitly state that 1984 was when he got his *first* recognition. The context indicates 1973 as the year of his initial recognition.

**Step 3: Verdict**

The model answer claims Alamgir Kabir received his first recognition in 1984. However, the provided context clearly states his first recognition was in 1973. Therefore, the answer is a hallucination because it contradicts information present in the given context.

no",no
bengali-5537428330858923345-4::comprehension,bengali-5537428330858923345-4,comprehension,Rokter prodhan upadan duiti. Jotha: (k) ojoib podartho (kh) joib podartho,Rokter prodhan koyti upadan thake?,duiti,chariti প্রধান upadan thake.,"Okay, let's analyze this.

**Step 1: Identify factual claims in the Model Answer.**

The model answer states: ""chariti প্রধান upadan thake."" which translates to ""there are four main components.""  The core claim is that there are *four* main components of blood.

**Step 2: Check if the claim is supported by the context.**

The provided context is: ""Rokter prodhan upadan duiti. Jotha: (k) ojoib podartho (kh) joib podartho"". This translates to ""Blood's main components are two. List: (k) oxygen carrying substance (kh) nutrient carrying substance."" The context explicitly states that there are *two* main components of blood, not four. It lists oxygen-carrying and nutrient-carrying substances as those two components.

**Step 3: Verdict**

The model answer contradicts the provided context by stating there are four components when the context clearly says there are two. Therefore, the model has hallucinated information.

no",no
bengali-8858032480103139171-13::factualness,bengali-8858032480103139171-13,factualness,"Bruce podok - 1938. Royal Astronomical Society-r shornopodok - 1940. Medal of Merit, dur pallar kheponastro bishoye gobeshonar jonno - 1946",Dur pallar kheponastro bishoye gobeshonar jonno Edwin Hubble kon purashkar pan?,Medal of Merit,Edwin Hubble dur pallar kheponastro gobeshonar jonno Bruce podok pan.,"Okay, let's analyze the model answer.

**Step 1: Identify each factual claim made by the Model Answer.**

The model answer claims: ""Edwin Hubble dur pallar kheponastro gobeshonar jonno Bruce podok pan."" which translates to ""Edwin Hubble received the Bruce medal for his work in celestial dynamics.""

**Step 2: Check whether it is supported by the Context.**

The context states: ""Bruce podok - 1938."" This indicates that the Bruce medal exists. However, it *doesn't* mention Edwin Hubble receiving it. The context mentions ""Royal Astronomical Society-r shornopodok - 1940"" and ""Medal of Merit, dur pallar kheponastro bishoye gobeshonar jonno - 1946,"" but neither connects Hubble to any award.  The context only associates the Bruce Podok with the year 1938. It does not say who received it.

**Step 3: Based on steps 1-2, decide the final verdict.**

The model answer asserts a fact (Hubble receiving the Bruce medal) that is not present or implied within the provided context. Therefore, it is a hallucination.

no",no
bengali--3048309074162424193-23::comprehension,bengali--3048309074162424193-23,comprehension,"Bangla sahitye potrokar kabyorochona prothom dekha jay Birangana kabye. 1862 sale ei grontho rochito o prokashito hoy. Dushmonter proti Shokuntola, Somer proti Tara, Dwarakanather proti Rukmini, Dasharather proti Koikeyi, Lokkhoner proti Suparnokha, Arjuner proti Droupodi, Duryodhoner proti Bhanumoti, Joydrother proti Duhshola, Shantonur proti Jahnobi, Purubar proti Urboshi, Nildhojer proti Jona— ei 11ti potrorupi kobita niye kabyogronthoti rochito. Madhusudan tar kabye ei narider puran-porichitir mule aghat korechen. Tini manobik onuvutir aloke nari-hridoyer kothokothay byokto kor","Michael Madhusudan Dutta koto sale ""Birangona"" kabyagranthoti rochona koren?",862,1861 shale rochona koren.,"Okay, let's analyze this.

**Step 1: Factual Claims in the Model Answer**

The model answer states: ""1861 shale rochona koren."" (He wrote it in 1861).

**Step 2: Verification against the Context**

The context explicitly states: ""1862 sale ei grontho rochito o prokashito hoy."" (The book was written and published in 1862). This directly contradicts the model answer's claim of 1861.

**Step 3: Verdict**

The model answer provides a date (1861) that is demonstrably false based on the provided context (1862). Therefore, it is a hallucination.

no",no
bengali--2499563960676662329-1::comprehension,bengali--2499563960676662329-1,comprehension,Guru Nanak 1469 saler 15i April Lahore-er nikote obosthito Rai Bhoy Ki Talbandi grame ek Hindu poribare jonmogrohon koren. Bortomane ei sthanti Pakistan-er Nankana Sahib name porichito.[7][8] Tar babar nam chilo Mehta Kalyan Das Bedi ebong matar nam chilo Tripta Devi.[9] Mehta Kalyan Das Bedi ekjon patowari chilen jini gramer Muslim jomidar Rai Bullar-er odhine chakri korten.[10],Guru Nanoker babar nam ki?,Mehta Kalyan Das Bedi,Guru Nanoker baba chhilen Rai Bullar.,"Okay, let's analyze this.

**Step 1: Identify each factual claim made by the Model Answer.**

The model answer states: ""Guru Nanoker baba chhilen Rai Bullar."" which translates to ""Guru Nanak's father was Rai Bullar."" This is a single factual claim.

**Step 2: Check whether it is supported by the Context.**

The context states: ""Mehta Kalyan Das Bedi ekjon patowari chilen jini gramer Muslim jomidar Rai Bullar-er odhine chakri korten."" This translates to ""Mehta Kalyan Das Bedi was a clerk who worked under the Muslim landlord Rai Bullar of the village.""  It indicates that Rai Bullar was Guru Nanak's father's *employer*, not his father. The context explicitly names Guru Nanak’s father as Mehta Kalyan Das Bedi.

**Step 3: Based on steps 1-2, decide the final verdict.**

The model answer incorrectly identifies Rai Bullar as Guru Nanak's father when the provided text clearly states his father was Mehta Kalyan Das Bedi and that Rai Bullar was his employer. Therefore, the answer is hallucinated.

no",no
bengali-2055139326411802416-1::specificity,bengali-2055139326411802416-1,specificity,"Prachir bestito ei nogorir vhetor royeche bibhinno amoler protnotattik nidorshon. Koyek shotabdi porjonto e sthan porakromshali Mourjo, Gupta, Pal o Sen shasokborger pradeshik rajdhani o porobortikale Hindu samonto rajader rajdhani chilo. Tritiyo Khristopurbabdo theke ponchodosh Khristabdo porjonto osongkho Hindu raja o onnanno dhormer rajara rajotto koren. Mahasthangarher obosthan Bogura jeler Shibganj upojelay.[3] Bogura shohor theke pray 13 ki.mi. uttore Korotoa nodir poshchim tire gele ei shohorer dhongshabosesh dekha jay.",Mahasthangarh Bangladesh-er kon jelay obosthito?,Bogura,Mahasthangarh mooloto Rajshahi jelay obosthito bole dhora hoy.,"Okay, let's analyze the model answer.

**Step 1: Factual Claims in the Model Answer**

The model answer makes a single, direct claim: ""Mahasthangarh mooloto Rajshahi jelay obosthito bole dhora hoy."" (Mahasthangarh is primarily located in Rajshahi district.)

**Step 2: Verification Against the Context**

The provided context states: ""Mahasthangarher obosthan Bogura jeler Shibganj upojelay."" (The location of Mahasthangarh is in the Shibganj upojela of Bogura district.) It does *not* mention Rajshahi district at all. The text explicitly places Mahasthangarh within Bogura.

**Step 3: Verdict**

The model answer contradicts the information provided in the context. The context clearly states that Mahasthangarh is in Bogura, while the model claims it's in Rajshahi. This constitutes a hallucination.

no",no
bengali-4568438587242111098-0::comprehension,bengali-4568438587242111098-0,comprehension,"Murshidabad jela purbo Bharoter Poshchimbongo rajyer Malda bibhager ekta jela. Ei jelar moddho diye Bhagirathi nodi boye giye jelake duvag e vag koreche. Nodir poschimer angsho Rarh o purber angsho Baghira name porichito.[2] 5.314 borgo kilometer (2,062 borgo mile) ayotoner elaka ebong 71.02 lokkho jonoshonkha thakay eta ekta jonobohul jela. Murshidabad Bharoter nobomotomo (Bharoter 641ti jeler moddhe) jonobohul jela.[3] Ei jelar sadar doptor Baharampur shohore obosthito.",Murshidabad jeler sadar doptor kothay obosthito?,Bohorompur,Murshidabad jeler sadar doptor Jiaganj-e obosthito.,"Okay, let's analyze the model answer.

**Step 1: Identify each factual claim made by the Model Answer.**

The model answer states: ""Murshidabad jeler sadar doptor Jiaganj-e obosthito."" which translates to ""Murshidabad district's administrative office is located in Jiaganj.""

**Step 2: For each claim, check whether it is supported by the Context.**

The context states: ""Ei jelar sadar doptor Baharampur shohore obosthito."" which translates to ""This district's administrative office is located in Baharampur town.""  The context explicitly mentions Baharampur as the location of the district's administrative office. It does *not* mention Jiaganj.

**Step 3: Based on steps 1-2, decide the final verdict.**

The model answer contradicts the information provided in the given context. The context clearly states that the administrative office is in Baharampur, while the model answer claims it's in Jiaganj. Therefore, the answer is a hallucination.

no",no
bengali--1841901311634331881-1::comprehension,bengali--1841901311634331881-1,comprehension,"Prachir bestito ei nogorir vhetor royeche bibhinno amoler protnotattwik nidorshon. Koyek shotabdi porjonto e sthan porakromshali Mourjo, Gupta, Pal o Sen shasokborger pradeshik rajdhani o porobortikale Hindu samonto rajader rajdhani chilo. Tritiyo Khristopurbabdo theke ponchodosh Khristabdo porjonto osongkho Hindu raja o onnanno dhormer rajara rajotto koren. Mahasthangarher obosthan Bogura jeler Shibganj upojelay.[3] Bogura shohor theke pray 13 ki.mi. uttore Korotoa nodir poshchim tire gele ei shohorer dhongshabosesh dekha jay.",Mahasthangarh protnostholti itihasher kon shomoyer sakkho bohon kore?,Tritiyo Khristopurbabdo theke Ponchodosh Khristabdo,Mahasthangarh mainly Gupta-Pal juger itihasher sakkho bohon kore.,"Okay, let's analyze the model answer.

**Step 1: Factual Claims in the Model Answer**

The model answer states: ""Mahasthangarh mainly Gupta-Pal juger itihasher sakkho bohon kore."" which translates to ""Mahasthangarh mainly reflects the history of the Gupta-Pal era.""

**Step 2: Verification Against the Context**

The context mentions that Mahasthangarh was a prominent place for centuries and was the regional capital and seat of power for the Mourjo, Gupta, Pal, and Sen dynasties. This directly supports the claim that Mahasthangarh is associated with the Gupta and Pal eras. The context also mentions Hindu rulers from the 3rd century BC to the 19th century AD ruled there, so while Gupta-Pal is a focus, it isn't the *only* period reflected in its history. However, the model answer uses ""mainly,"" which allows for other periods to be represented as well.

**Step 3: Final Verdict**

The context explicitly mentions the Gupta and Pal dynasties as significant powers associated with Mahasthangarh, supporting the model answer's claim that it ""mainly"" reflects their history. Therefore, the answer is not hallucinated.

no",no
bengali--4507581995498809995-1::specificity,bengali--4507581995498809995-1,specificity,Aceher shashok 15sh shotabdir moddhovage Islam grohon koren.[1] Ali Mugayat Shah Aceh Saltanat protistha korechilen. Tini 1520 Khrishtabde uttar Sumatray tar niyontron protisthar jonno ovijan shuru koren.[2] Sultan Iskandar Muda tar ovijaner maddhome Aceher simana briddhi koren. 1612 Khrishtabde Deli porajito hoy ebong Aceher ontorgoto hoy. 1861 Khrishtabde Dutchder hostokkheper porer bochor Dutch East India Companyr sathe shondhi hoy ja Aceh o Siaker kach theke Delir shadhinota shikar korte shahajjo kore. Eti bortomane Indonesiar ongsho. Medaner itihashe Saltanat protik hisebe tike ase.,Acheh Saltanater protishthata ke chilen?,Ali Mugayat Shah,Acheh Saltanater protishthata chilen Sultan Iskandar Muda.,"Okay, let's analyze the model answer.

**Step 1: Factual Claims in the Model Answer**

The model answer claims: ""Acheh Saltanater protishthata chilen Sultan Iskandar Muda."" (Acheh Sultanate was founded by Sultan Iskandar Muda).

**Step 2: Verification Against the Context**

The provided context states: ""Ali Mugayat Shah Aceh Saltanat protistha korechilen."" (Ali Mugayat Shah established the Aceh Sultanate). It *also* mentions that Sultan Iskandar Muda expanded the territory during his reign (""Aceher simana briddhi koren""). The text does *not* state that Sultan Iskandar Muda founded the Sultanate.  It explicitly states Ali Mugayat Shah founded it.

**Step 3: Verdict**

The model answer incorrectly attributes the founding of the Aceh Sultanate to Sultan Iskandar Muda when the context clearly indicates it was Ali Mugayat Shah. This constitutes a hallucination.

no",no
bengali--434066273397467626-0::specificity,bengali--434066273397467626-0,specificity,"Ekon ba Aliaune Damala Badara Thiam[1] (English: Akon ba Aliaune Damala Badara Thiam uccharon: /ˈeɪkɒn/),[2] ekjon Senegalese-American rhythm and blues gayok-gitikaar, record projojok, byaboshayi ebong manobpremik. Tini 2004 sale, tar prothom album Trouble theke prothom ekok gaan ""Locked Up"" er mukti-r maddhome sobar drishti akorshon koren. Tar ditiyo Konvicted album-er ekta ""Smack That"" gaan-er jonno tini Grammy Puraskar mononoyon pan. Konvict Music ebong Kon Live Distribution name tini duto record label sthapon korechen. Ekon onek shomoy onno shilpider jonno hooks ba otithi shilpi hisebe gey thaken",Ekon ba Aliyaune Badara Akon Thiam er sorboprothom ekok albumtir nam ki?,trouble,tar sorboprothom ekok album chhilo **Konvicted bole dhora hoy**.,"Okay, let's analyze this.

**Step 1: Factual Claims in the Model Answer**

The model answer states: ""tar sorboprothom ekok album chhilo **Konvicted bole dhora hoy**"" which translates to ""His first successful album was called **Konvicted**, it is believed.""

**Step 2: Verification against the Context**

The context states: ""Tini 2004 sale, tar prothom album Trouble theke prothom ekok gaan ""Locked Up"" er mukti-r maddhome sobar drishti akorshon koren. Tar ditiyo Konvicted album-er..."" This translates to ""He gained everyone's attention with the release of his first hit song ""Locked Up"" from his first album Trouble in 2004. His second album was Konvicted...""

This clearly indicates that ""Trouble"" was his first album, and ""Konvicted"" was his *second* album. The model answer incorrectly identifies ""Konvicted"" as his first successful album.

**Step 3: Final Verdict**

The model answer contradicts the provided context by stating ""Konvicted"" was his first album when the text explicitly says ""Trouble"" was. Therefore, it is a hallucination.

no",no
bengali-8590513450214560857-2::inference,bengali-8590513450214560857-2,inference,"Pragoitihashik juge gononar jontra udbhabito bibhinno prochestake computer itihash hisebe dhora hoy. Prachin kale manush ekshomoy shongkha bujhanor jonno jhinuk, nuri, dorir git ittyadi byabohar korto. Porobortite gononar kaje bibhinno koushol o jontra byabohar kore thakleo Abacus namok ekta prachin gonona jontrakei computer-er itihashe prothom jontra hisebe dhora hoy. Eti abishkrit hoy Khristopurbo 2400 sale Babylon-e. Abacus frame-e sajano gutir sthan poriborton kore gonona korar jontra. Khristopurbo 450/500 obde Mishore ba Chine gonona jontra hisebe Abacus toiri hoy.",Computer kobe prothom toiri kora hoy?,Khristopurbo 2400 sale,Computer prothom toiri hoy Khristopurbo 450 sale Chine.,"Okay, let's analyze this.

**Step 1: Factual Claims in the Model Answer**

The model answer makes one primary factual claim: ""Computer prothom toiri hoy Khristopurbo 450 sale Chine."" (Computer was first created in China around 450 AD).

**Step 2: Verification against the Context**

The context discusses the history of computing devices, starting with early counting tools like shells, stones, and ropes. It mentions the abacus as a significant early calculating device that is considered important in the history of computers. The text states that the abacus was developed in Mesopotamia or China around 450/500 AD. However, it does *not* state that the *computer* itself was created at that time.  The text describes the *abacus*, a precursor to modern computers, being developed around that period. The context doesn’t mention the invention of the computer itself. It only mentions the abacus’s role in the history of computing.

**Step 3: Verdict**

The model answer conflates the development of the abacus with the invention of the computer. While the abacus was developed around 450 AD, it wasn't a computer. The question asks about the creation of the computer, which is not addressed in the provided text. Therefore, the model answer is hallucinated.

no",no
bengali-6547346897513027507-2::specificity,bengali-6547346897513027507-2,specificity,"Michael Madhusudan Bangla vashay sonnet o omitrokkhor chhonder probortok. Tar sorbosreshtho kirti omitrokkhor chhonde Ramayoner upakhyan obolombone rochito Meghnadbodh Kabya namok mohakabya. Tar onnyanno ullekhjoggo gronthaboli holo The Captive Lady, Shormishtha, Krishnakumari (natok), Podmaboti (natok), Buro Shaliker Ghare Ron, Ekei Ki Bole Shobhyota, Tilottamasombhob Kabya, Birangona Kabya, Brojangona Kabya, Choturdoshpodi Kobitaboli, Hector Badh [2] ityadi. Michaeler bektigoto jibon chhilo natokiyo ebong bedonaghon. Matro 49 bochor boyoshe Kolkatay mrityu",Michael Madhusudan Dutta koto bochor boyose mara jan?,49,tini proy 47 bochor boyose mara jan.,"Okay, let's analyze the model answer.

**Step 1: Factual Claims in the Model Answer**

The model answer states: ""tini proy 47 bochor boyose mara jan."" which translates to ""He died at approximately 47 years of age.""

**Step 2: Verification against the Context**

The context states: ""Matro 49 bochor boyoshe Kolkatay mrityu"". This translates to ""Only 49 years of age at death in Kolkata.""

**Step 3: Verdict**

The context explicitly states that Michael Madhusudan Dutta died at 49 years old. The model answer claims he died at approximately 47 years old. This is a discrepancy and therefore a hallucination.

no",no
bengali-7746019275069598974-1::factualness,bengali-7746019275069598974-1,factualness,"Mahabisforon shobdoti sthul orthe prachintom ekta bindur oti shoktishali bisforonke bojhay jar maddhome mohabishwer srishti hoyechilo, abar onno dike ei bisforonke kendro kore mohabishwer utpotti o gothon niye bishwototte je motobader srishti hoyeche takeo bojhay. Er maddhomei mohabishwer prachintom bostusomuher gothon somporke byakkha pawa jay, jar jonno Mahabisforon motobader pori Alpher-Bethe-Gamow tottwo pronito hoyeche. Mahabisforoner ekta ullekhjoggo folafol holo, bortomane mohabishwer obostha otit ebong vobisshoter obostha theke shompurno prithok. Ei tott",Mohabissho somprosaron tottoti prothom kobe prokashito hoy?,1960-er doshoke,1950-er doshoke prothom prokashito hoy.,"Okay, let's analyze this.

**Step 1: Identify each factual claim made by the Model Answer.**

The model answer claims: ""Mohabissho somprosaron tottoti prothom kobe prokashito hoy?"" -> ""1950-er doshoke prothom prokashito hoy."" (The theory of the universe's expansion was first published in the 1950s).

**Step 2: For each claim, check whether it is supported by the Context.**

The provided context discusses Mahabisforon and its relation to the Big Bang theory (Mohabishwo), mentioning Alpher-Bethe-Gamow. It states that Mahabisforon allows us to see the connection between the early universe and the present and future universe. However, it *does not* explicitly state when the theory of the universe's expansion (or the Big Bang theory) was first published. The context focuses on the theoretical framework and subsequent developments (Alpher-Bethe-Gamow).  While the mention of Alpher-Bethe-Gamow suggests a timeframe around the mid-20th century, it doesn't confirm publication in the 1950s. The context doesn’t provide enough information to verify the claim.

**Step 3: Based on steps 1-2, decide the final verdict.**

Since the context does not provide direct evidence supporting the claim that the theory of the universe's expansion was first published in the 1950s, the answer is likely hallucinated.



no",no
bengali--6195324398856256377-1::factualness,bengali--6195324398856256377-1,factualness,"Porinoto obosthay, manobdeher kosher shonkha thake gore pray 37.2 trillion. Ei shonkhatike manobdeher onnotomo upatto hisebe ullekh kora hoy ebong poroborti dhaper onnanno hisheb-nikesher suchona hisebe byabohar kora hoy. Deher shokol onger ebong shokol prokarer kosher shonkha jog kore ei shonkhatI nirdharon kora hoise.[2] Manob besh kichu nirdishto rashayonik podarther somonnoye gothito jader moddhe onnotomo holo carbon, calcium ebong phosphorus.",Manob dehe kosher shonkha koto?,pray 37.2 trillion,pray 39.5 trillion er moto,"Okay, let's analyze this.

**Step 1: Factual Claims in the Model Answer**

The model answer states: ""pray 39.5 trillion er moto"" which translates to ""about 39.5 trillion."" This is a specific numerical value representing the amount of kosher shankha (bone mass) in the human body.

**Step 2: Verification Against the Context**

The context states: ""Porinoto obosthay, manobdeher kosher shonkha thake gore pray 37.2 trillion."" This translates to ""In total, the human body has about 37.2 trillion kosher shankha."" The context explicitly provides a figure of 37.2 trillion, not 39.5 trillion.

**Step 3: Verdict**

The model answer provides a value (39.5 trillion) that is not present in the provided context. It deviates from the stated value of 37.2 trillion. Therefore, the model answer is hallucinated.

no",no
bengali--8593436479613553727-5::specificity,bengali--8593436479613553727-5,specificity,"Muktijuddho shuru hole Osmani simanto par hoye Bharote probesh koren. 11 April (1971) prodhanmontri Tajuddin Ahmad Swadhin Bangla Betar Kendre bhashon den. Oi bhashone tini Bangladesh Senabahini-r obokathamo gothoner kotha ullekh kore MAG Osmani-ke Muktibahini-r prodhan senapati hisebe ghoshona den.[5][6] Ullekhyo je 10 April swadhinotar ghoshonapotro jari o sarkar gothon kora hoy ebong porobortikale 17 April Mujibnagore Gonoprojatontri Bangladesh Sarkar shopoth grohon kore.[3] 1971 saler 17 April gothito hoy Mujibnagar Sarkar, Osmani-ke kora hoy Muktibahini-r prodhan senapati.",Muhammad Ataul Gani Osmani kon shale Bangladesh-er senabahinir prodhan senapatir pode niyukto hon?,1971,Muhammad Ataul Gani Osmani mone hoy 1972 shale Bangladesh-er senabahinir prodhan senapati hisebe niyukto hon.,"Okay, let's analyze the model answer.

**Step 1: Factual Claims in the Model Answer**

The model answer makes one primary factual claim: ""Muhammad Ataul Gani Osmani mone hoy 1972 shale Bangladesh-er senabahinir prodhan senapati hisebe niyukto hon."" (Muhammad Ataul Gani Osmani is believed to have been appointed as the chief of the Bangladesh army in 1972.)

**Step 2: Verification Against the Context**

The provided context states that Osmani was declared the head of the Muktibahini (Liberation Army) on April 17, 1971, during the Mujibnagar Sarkar formation. It *does not* mention any appointment of Osmani as the chief of the Bangladesh army in 1972. The context focuses on events leading up to and including the establishment of the Mujibnagar government and Osmani's role within the Muktibahini during that period. There is no information about a later appointment in 1972.

**Step 3: Verdict**

Since the model answer claims an event (appointment in 1972) that is not mentioned or supported by the provided context, it is hallucinated.

no",no
bengali--8541412527792253343-2::factualness,bengali--8541412527792253343-2,factualness,1971 sale Oli Ahmad kormorot chilen Pakistan Senabahinir oshtom East Bengal Regiment-e. Er obosthan chilo Chattogramer Sholoshahore. 25 March moddhorate jhapiye poren Muktijuddhe. Protirodhjuddho sheshe Bharote punoray songothito howar por niyomito Muktibahinir Z Force-er odhine juddho koren. Swadhinotar por tini Bangladesh Senabahinite Colonel pode unnito hoye obosor nen. Pore rajnitite jog den. Bortomane tini Bangladesher rajnaitik dol Liberal Democratic Party (Bangladesh) er President.,Oli Ahad kon rajnoitik doler sathe jukto chilen?,Liberal Democratic Party,Oli Ahad muloto Jatiya Samajtantrik Dal-er sathe jukto chilen.,"Okay, let's analyze the model answer.

**Step 1: Factual Claims in the Model Answer**

The model answer claims: ""Oli Ahad muloto Jatiya Samajtantrik Dal-er sathe jukto chilen.""  This translates to ""Oli Ahad was initially connected with Jatiya Samajtantrik Dal.""

**Step 2: Verification against the Context**

The provided context states that Oli Ahmad ""pore rajnitite jog den"" (later joined politics). It also mentions he is currently the president of the Liberal Democratic Party (Bangladesh). However, it *does not* mention any prior association with Jatiya Samajtantrik Dal. The context focuses solely on his military career and subsequent involvement with the Liberal Democratic Party.

**Step 3: Verdict**

Since the context doesn't provide any information about Oli Ahmad's earlier political affiliations, and specifically does not mention Jatiya Samajtantrik Dal, the model answer introduces information not found in the given text. This constitutes a hallucination.

no",no
bengali--4320526522663858783-1::factualness,bengali--4320526522663858783-1,factualness,"Motorola company-te kormoroto Dr. Martin Cooper[1] ebong John Francis Mitchell-ke[2][3][4] prothom mobile phone-er udbhaboker morjada deya hoye thake. Tara 1973 saler April-e prothom shofolvabe ekta pray 1 keji (2.2 pound) ojoner hate dhora phone-er maddhome call korte sokkhom hon[5]. Mobile phone-er prothom banijjik shongskoron bajare ase 1983 sale, phone-tir nam chilo Motorola DynaTAC 8000x. 1990 sal theke 2011 saler moddhe prithibibyapi mobile phone byaboharkarir shonkha 12.4 million theke briddhi peye 6 billion-er beshi hoye geche. Prithibir mot jonoshonkhar pray 87% mobile phone",Bishwer prothom mobile network songsthar nam ki?,Motorola,Nokia Corporation,"Okay, let's analyze this.

**Step 1: Factual Claims in the Model Answer**

The model answer states: ""Nokia Corporation"". This is a single claim - that Nokia Corporation was the name of the world's first mobile network operator.

**Step 2: Verification against the Context**

The provided context discusses the invention of the mobile phone itself and its subsequent growth in popularity. It mentions Motorola and the DynaTAC 8000x model. Critically, *it does not mention Nokia Corporation or any specific mobile network operator*. The text focuses on the device and its initial adoption, not the infrastructure that would have been needed for a mobile network.

**Step 3: Verdict**

The model answer makes a claim about a mobile network operator that is completely unsupported by the provided context. The context doesn't even discuss mobile networks. Therefore, the answer is hallucinated.

no",no
bengali-6547346897513027507-2::factualness,bengali-6547346897513027507-2,factualness,"Michael Madhusudan Bangla vashay sonnet o omitrokkhor chhonder probortok. Tar sorbosreshtho kirti omitrokkhor chhonde Ramayoner upakhyan obolombone rochito Meghnadbodh Kabya namok mohakabya. Tar onnyanno ullekhjoggo gronthaboli holo The Captive Lady, Shormishtha, Krishnakumari (natok), Podmaboti (natok), Buro Shaliker Ghare Ron, Ekei Ki Bole Shobhyota, Tilottamasombhob Kabya, Birangona Kabya, Brojangona Kabya, Choturdoshpodi Kobitaboli, Hector Badh [2] ityadi. Michaeler bektigoto jibon chhilo natokiyo ebong bedonaghon. Matro 49 bochor boyoshe Kolkatay mrityu",Michael Madhusudan Dutta koto bochor boyose mara jan?,49,Michael Madhusudan Dutta 47 bochor boyose mara jan.,"Okay, let's analyze the model answer.

**Step 1: Factual Claims**

The model answer makes one factual claim: ""Michael Madhusudan Dutta 47 bochor boyose mara jan."" (Michael Madhusudan Dutta died at the age of 47.)

**Step 2: Verification against Context**

The context states: ""Matro 49 bochor boyoshe Kolkatay mrityu"" which translates to ""Only 49 years of age at death in Kolkata"". This directly contradicts the model's claim of 47 years.

**Step 3: Verdict**

The context clearly states he died at 49, while the model claims he died at 47. This is a factual error and constitutes a hallucination.

no",no
bengali--3561920547618114254-11::inference,bengali--3561920547618114254-11,inference,Abu Bakar 573 saler dike Makkar Quraysh bongser Banu Taim gotre jonmogrohon korechen.[6] tar babar nam Abu Quhafa o mayer nam Salma binte Sakhar.,Islamer prothom khalifa Abu Bakr kobe jonmogrohon koren?,573 sale,Abu Bakr prothom khalifa hishabe 632 sale jonmogrohon koren.,"Okay, let's analyze the model answer.

**Step 1: Factual Claims in the Model Answer**

The model answer makes one primary factual claim: ""Abu Bakr prothom khalifa hishabe 632 sale jonmogrohon koren."" (Abu Bakr was declared the first caliph in 632 AD).

**Step 2: Verification Against the Context**

The provided context states: ""Abu Bakar 573 saler dike Makkar Quraysh bongser Banu Taim gotre jonmogrohon korechen."" (Abu Bakar was declared in the year 573 within the Makkar Quraysh clan, in the Banu Taim tribe).

Comparing the two statements, we see a direct contradiction. The context explicitly says Abu Bakar was declared in 573, while the model answer claims it was in 632.

**Step 3: Verdict**

The model answer provides information that directly contradicts the given context. Therefore, it is hallucinated.

no",no
bengali--8298663979066050758-14::specificity,bengali--8298663979066050758-14,specificity,"Pakistaner sorkari vasha English ebong jatiyo vasha Urdu. Echarao deshtite Punjabi, Sindhi, Saraiki, Pashtu, Balochi, Brahui ityadi vasha procholito. Onek vashai Indo-European vashaporibarer bibhinno shakhar ontorgoto. Urdu, Punjabi o Sindhi - Arya vashasomuho, Pashtu o Balochi Iraniyo vashasomuho, Brahui Drabir vashasomuher ontorgoto. Echara uttar o uttar-poschime bibhinno Dardiyo vasha jemon Khowar o Shina procholito.",Pakistaner sorkari vasha ki?,Ingreji,Pakistaner sorkari vasha muloto Urdu aar Punjabi.,"Okay, let's analyze the model answer.

**Step 1: Identify each factual claim made by the Model Answer.**

The model answer states: ""Pakistaner sorkari vasha muloto Urdu aar Punjabi."" which translates to ""Pakistan's official language is mainly Urdu and Punjabi."" This contains two claims:
1. Urdu is an official language of Pakistan.
2. Punjabi is an official language of Pakistan.

**Step 2: For each claim, check whether it is supported by the Context.**

*   **Claim 1: Urdu is an official language of Pakistan.** The context states ""Pakistaner sorkari vasha English ebong jatiyo vasha Urdu,"" which directly translates to ""Pakistan's official language is English and the national language is Urdu."" This confirms that Urdu is indeed a significant language in Pakistan, specifically identified as the *jatiyo vasha* (national language).
*   **Claim 2: Punjabi is an official language of Pakistan.** The context mentions Punjabi as one of several languages ""procholito"" (spoken/used) in Pakistan (""Echarai deshtite Punjabi, Sindhi, Saraiki, Pashtu, Balochi, Brahui ityadi vasha procholito""). However, it does *not* state that Punjabi is an *official* language. It is simply listed among the languages used within the country.

**Step 3: Based on steps 1-2, decide the final verdict.**

The first part of the model answer (Urdu being an official language) is supported by the provided context. However, the second part (Punjabi being an official language) is not. The context indicates Punjabi is spoken but doesn't designate it as official. Therefore, the answer contains a hallucination.

no",no
bengali-2643178588324610837-6::specificity,bengali-2643178588324610837-6,specificity,"1971 saler 15 December shohid Captain Mohiuddin Jahangir-er mritodeho oitihashik Sona Mosjid prangone ana hoy. Osongkho shadhinota premik jonogon, bhokto muktijoddha, ogonito ma-boner noyon joler ashirbade sikto kore take ekhane somahito kora hoy.[6]",Bangladesher shohid muktijoddha Mohiuddin Jahangir kobe shohid hon?,1971 saler 15 December,Mohiuddin Jahangir naki 1971 saler 16 December shohid hon.,"Okay, let's analyze the model answer.

**Step 1: Factual Claims in the Model Answer**

The model answer makes one primary factual claim: ""Mohiuddin Jahangir naki 1971 saler 16 December shohid hon."" (Mohiuddin Jahangir died on December 16, 1971).

**Step 2: Verification against the Context**

The provided context states: ""1971 saler 15 December shohid Captain Mohiuddin Jahangir-er mritodeho..."" (The body of Shahid Captain Mohiuddin Jahangir was found on December 15, 1971...).

This directly contradicts the model answer's claim that he died on December 16th. The context explicitly states his death occurred on December 15th.

**Step 3: Verdict**

The model answer provides a date (December 16, 1971) for Mohiuddin Jahangir's death that is demonstrably false based on the provided context. Therefore, the answer is hallucinated.

no",no
bengali--6957012919633589914-6::inference,bengali--6957012919633589914-6,inference,"Sheikh Mujibur Rahman March 23 tarikh e tar bashobhobone, shadhinota ghoshonar prakkale potaka uttolon korechilen. Porobortite 1972 shale Sheikh Mujibur Rahman er shorkar Shibnarayan Das er designkrito potakar majhe manchitroti bad diye potakar map, rong o tar byakkha sombolito ekta protibedon dite bole Potua Kamrul Hasan ke. Kamrul Hasan dvara porimarjito ruptai bortomane Bangladesh er jatio potaka.[9][10]",Bangladesher jatio potakar nokshakar ke?,Kamrul Hasan,Bangladesher jatio potakar nokshakar chhilen Shibnarayan Das.,"Okay, let's analyze this.

**Step 1: Factual Claims in the Model Answer**

The model answer makes one primary claim: ""Bangladesher jatio potakar nokshakar chhilen Shibnarayan Das."" (Shibnarayan Das was the designer of the national flag of Bangladesh).

**Step 2: Verification Against the Context**

The context states that Sheikh Mujibur Rahman tasked Potua Kamrul Hasan with creating a representation of the flag, modifying a design created by Shibnarayan Das. It explicitly mentions Shibnarayan Das's design *was modified* and that Kamrul Hasan finalized it. The context does *not* state that Shibnarayan Das was the sole designer or the ""nokshakar"" (designer). It indicates he created an initial design which was then altered.

**Step 3: Verdict**

The model answer presents Shibnarayan Das as *the* designer when the context clearly indicates he designed the original, but it was subsequently modified by Kamrul Hasan. This constitutes a misrepresentation of the information provided. Therefore, the answer is hallucinated.

no",no
bengali--8764190989186063087-2::specificity,bengali--8764190989186063087-2,specificity,"Prachin prithibir (prodhanoto Europe, tobe nikot prachyo o uttar Africao er ontorbhukto) itihashke koyekti vag e vag kora hoy. 467 Khristabdo porjonto prachin jug; ponchom theke ponchodosh shotabdi porjonto modhyo jug ba dhrupodi-uttor jug,[15][16] jar moddhe royeche Islami swarnajug (750-1258 Khristabdo) o Europio Renaissance (13sh shotok theke shuru).[17][18] Adhunik juger suchonakal[19] dhora hoy 15sh shotok theke 18sh shotoker shesh porjonto jar moddhe royeche Europ er alokito jug. Shilpo biplob hote bortoman shomoy porjonto adhunik jug bole bibech",Islami swarnajug bole kon shomoyke bojhano hoy?,750- 1258 khristabdo,Islami swarnajug bole motamoti 13sh theke 16sh shotok-ke bojhano hoy.,"Okay, let's analyze the model answer.

**Step 1: Factual Claims in the Model Answer**

The model answer states: ""Islami swarnajug bole motamoti 13sh theke 16sh shotok-ke bojhano hoy."" This translates to ""The Islamic Golden Age is generally referred to as the 13th to 16th centuries.""

**Step 2: Verification against the Context**

The context states: ""Islami swarnajug (750-1258 Khristabdo)"". This indicates the Islamic Golden Age spanned from 750 to 1258 AD. The model answer claims it's 13th to 16th centuries. These time periods do not align. The model answer significantly deviates from the information provided in the context.

**Step 3: Verdict**

The model answer presents a timeframe for the Islamic Golden Age that contradicts the information given in the provided context. Therefore, it is hallucinated.

no",no
bengali--3636759562453927542-3::factualness,bengali--3636759562453927542-3,factualness,"1985 sale Markin Juktorashtrer telecom niyontronk Federal Communication Commission (FCC) kortik bename bornomalar koyekti band kholar jonno onumoti deya hoy, ja Wi-Fi name porichito. Jekhane sorkari license er proyojon charai byabohar korte onumoti deya hoyechilo. Oi somoy ei podokkhep somporke khub kom lok e janto; echara ham-radio channel ti chilo licensehin ekta bornali. Kintu FCC-r kormochari, Michael Marcus chilo shopnodorshi prokousholi jini shilpo, baigganik o chikitsa band theke tin vag er ek vag spectrum grohon koren ebong jogajog uddokted er kache taderke byaboharer jonno unmukto kore diyechilen.",Wi-Fi shobdotir byabohar prothom kobe theke shuru hoy?,1985 shale,1991 shale prothom Wi-Fi shobdoti byabohar shuru hoy.,"Okay, let's analyze the model answer.

**Step 1: Factual Claims in the Model Answer**

The model answer makes one primary factual claim: ""Wi-Fi shobdotir byabohar prothom kobe theke shuru hoy?"" (When did the use of Wi-Fi technology first begin?) and answers with ""1991 shale prothom Wi-Fi shobdoti byabohar shuru hoy."" (The use of Wi-Fi technology first began in 1991).

**Step 2: Verification against the Context**

The provided context states that in 1985, the FCC granted permission for certain bands to be opened, which later became known as Wi-Fi. It mentions that at the time, this technology was not widely known and was associated with ham-radio channels.  Crucially, the text *does not* mention 1991 as a date related to the beginning of Wi-Fi usage. It only mentions 1985 as the year when the initial permissions were granted. The context describes the early stages of Wi-Fi development and licensing.

**Step 3: Verdict**

The model answer claims Wi-Fi usage began in 1991, but the context only mentions 1985 as the relevant starting point for the technology’s development and FCC approval. The context doesn't support the 1991 date. Therefore, the answer is hallucinated.

no",no
bengali-4019860765926428748-2::specificity,bengali-4019860765926428748-2,specificity,"Jafar Iqbaler jonmo, 1952 saler 23 December tarikh e Sylhet e. Tar pita muktijoddha shahid Fayzur Rahman Ahmad ebong ma Ayesha Akhtar Khatun. Baba Fayzur Rahman Ahmad er polisher chakrir subade tar chotobela keteche Bangladesh er bibhinno jaygay. Muhammad Jafar Iqbaler nam age chilo Babul. Pita lekhalekhir chorcha korten ebong poribarer ei sahityomonosk poribesh e Jafar Iqbal khub olpo boyosh thekei likhte shuru koren. Etakei tini tar sohoj vashay likhte parar guner karon bole mone koren. Tini tar prothom biggan kolpokahini lekhen sat bochor boyoshe. 1971 saler 5 May Pakistani Army ek nodir dhare tar deshpremik",Bangladeshi lekhok Muhammad Zafar Iqbal-er pitar nam ki?,Foyjur Rahman Ahmad,Muhammad Zafar Iqbal-er pitar nam chhilo **Fayzur Rahman Chowdhury**.,"Okay, let's analyze the model answer.

**Step 1: Factual Claims in the Model Answer**

The model answer makes one primary factual claim: ""Muhammad Zafar Iqbal-er pitar nam chhilo **Fayzur Rahman Chowdhury**."" (Muhammad Zafar Iqbal's father's name was Fayzur Rahman Chowdhury).

**Step 2: Verification against the Context**

The context states: ""Tar pita muktijoddha shahid Fayzur Rahman Ahmad ebong ma Ayesha Akhtar Khatun."" This translates to ""His father was freedom fighter martyr Fayzur Rahman Ahmad and his mother was Ayesha Akhtar Khatun.""

The context clearly states that Muhammad Zafar Iqbal's father's name was Fayzur Rahman *Ahmad*, not Fayzur Rahman *Chowdhury*.

**Step 3: Verdict**

The model answer incorrectly states the father's name. The context provides a different name. Therefore, this is a hallucination.

no",no
bengali--5685147746587075738-1::specificity,bengali--5685147746587075738-1,specificity,Computer (computer) shobdoti Greek compute shobdo theke esheche. compute shobder ortho hisab ba gonona kora. Ar computer (computer) shobder ortho gononakari jontra. Kintu ekhon ar computer-ke shudhu gononakari jontra bola jay na. Computer emon ekta jontra ja totho grohon kore ebong bibhinno prokriyar maddhome ta bishleshon o uposthapon kore. Shobbotar bikash ebong bortomane tar druto ogrogotir mule royeche gonit o computer-er probol probhab. Bangladesh-e prothom computer ase 1964 sale.,Bangladeshe prothom kon sale computer byaboharer procholon shuru hoy?,1964,Bangladeshe prothom computer byaboharer procholon shuru hoy 1962 shale.,"Okay, let's analyze the model answer.

**Step 1: Factual Claims in the Model Answer**

The model answer makes one primary factual claim: ""Bangladeshe prothom computer byaboharer procholon shuru hoy 1962 shale."" (Computer usage started in Bangladesh in 1962).

**Step 2: Verification Against the Context**

The context states: ""Bangladesh-e prothom computer ase 1964 sale."" (The first computer came to Bangladesh in 1964).

The model answer claims 1962, while the context explicitly states 1964. This is a direct contradiction.

**Step 3: Verdict**

The model answer provides information that is not present in the provided context and directly contradicts the context. Therefore, it is hallucinated.

no",no
bengali-7746019275069598974-1::comprehension,bengali-7746019275069598974-1,comprehension,"Mahabisforon shobdoti sthul orthe prachintom ekta bindur oti shoktishali bisforonke bojhay jar maddhome mohabishwer srishti hoyechilo, abar onno dike ei bisforonke kendro kore mohabishwer utpotti o gothon niye bishwototte je motobader srishti hoyeche takeo bojhay. Er maddhomei mohabishwer prachintom bostusomuher gothon somporke byakkha pawa jay, jar jonno Mahabisforon motobader pori Alpher-Bethe-Gamow tottwo pronito hoyeche. Mahabisforoner ekta ullekhjoggo folafol holo, bortomane mohabishwer obostha otit ebong vobisshoter obostha theke shompurno prithok. Ei tott",Mohabissho somprosaron tottoti prothom kobe prokashito hoy?,1960-er doshoke,1929 shale prothom prokashito hoy.,"Okay, let's analyze this.

**Step 1: Identify each factual claim made by the Model Answer.**

The model answer states: ""1929 shale prothom prokashito hoy."" which translates to ""It was first published in 1929."" This refers to the publication date of the ""Mohabissho somprosaron tottoti"" (the theory of cosmic expansion).

**Step 2: Check whether it is supported by the Context.**

The provided context discusses Mahabisforon (Hubble), the expansion of the universe, and the subsequent development of the Alpher-Bethe-Gamow paper. It mentions that Mahabisforon's work led to Alpher-Bethe-Gamow being formulated *after* his observations. However, the text *does not* explicitly state when the theory of cosmic expansion (Mohabissho somprosaron tottoti) was first published. The context focuses on the scientific developments and their sequence rather than specific publication dates.  There's no information within the text to confirm or deny the year 1929.

**Step 3: Based on steps 1-2, decide the final verdict.**

Since the context doesn't provide any information about the publication date of the theory of cosmic expansion, the model's claim about 1929 cannot be verified. Therefore, it is likely a hallucination.

no",no
bengali--6915649842485863659-1::comprehension,bengali--6915649842485863659-1,comprehension,"1937 sale Howrah jela ekta swatantra jela hisebe atmaprokash kore. 1963 sale ei jelati Presidency bibhager ontorbhukto hoy. Howrah jela brihot o majhari shilper jonno bikhyato. Jelar Hooghly nodir tirborti shohorguli karpas boyon, pat, dhatushilpo, kagoj probriti shilpe bishesh somriddho. Howrah poursangstha Poshchimbonger choyti poursangsthar onnotomo. Oitihashik udbhid udyan Acharya Jagadishchandra Bose Botanical Garden o Ramakrishna Mission-er prodhan karyaloy Belur Math ei jelar prodhan porjoton kendra.",Koto sale Howrah jela ekta swatantra jela hisebe atmaprokash kore?,1937,1963 shale Howrah jela swatantra hoye atmaprokash kore.,"Okay, let's analyze the model answer.

**Step 1: Factual Claims in the Model Answer**

The model answer makes the following claim: ""1963 shale Howrah jela swatantra hoye atmaprokash kore."" (Howrah district became independent and declared itself in 1963).

**Step 2: Verification Against the Context**

The context states: ""1937 sale Howrah jela ekta swatantra jela hisebe atmaprokash kore."" (In 1937, Howrah district declared itself an independent district.) It *also* states: ""1963 sale ei jelati Presidency bibhager ontorbhukto hoy."" (In 1963, this district was absorbed into the Presidency division.).  The model answer incorrectly states that Howrah became independent in 1963; the context explicitly says it was *absorbed* into the Presidency division in 1963. The context does state that it declared itself independent in 1937.

**Step 3: Verdict**

The model answer contains a hallucination because it misrepresents the information about the year of Howrah becoming independent. It conflates the 1937 declaration with the 1963 absorption.

no",no
bengali-5240065211819146199-2::inference,bengali-5240065211819146199-2,inference,"Banglay Musolman adhipottyo protishthito hobar age Brahmanyo Hindusamajer pironer ashonkay Banglar Bouddhogan tader dhormiyo punthipotro niye shishyoderke songi kore Nepal, Bhutan o Tibet-e palayon korechhilen—ei dharonar boshoborti hoye Haraprasad Shastri charbar Nepal porivromon koren. 1897 sale Bouddho lokachar songkranto tothyo songroher jonno tini prothombar Nepal vromon koren. 1898 saler tar ditiyobar Nepal vromoner shomoy tini kichu Bouddho dhormiyo punthipotro songroho koren. 1907 Khristabde tritiyobar Nepal vromonkale Charyacharyabinischoy namok ekti punthi Nepal rajdorbarer abhilipish",Charyapoder mot shongkha koto?,51,Charyapoder mot shongkha 50 ta chhilo.,"Okay, let's analyze this.

**Step 1: Factual Claims in the Model Answer**

The model answer makes a single, direct claim: ""Charyapoder mot shongkha 50 ta chhilo."" This translates to ""The number of verses in Charyapada was 50.""

**Step 2: Verification against the Context**

The provided context discusses Haraprasad Shastri's collection of Buddhist folk tales and religious texts, including *Charyacharyabinischoy*. It mentions his travels to Nepal to collect these texts. However, **the context does not mention the total number of verses in *Charyapada***.  It only refers to *Charyacharyabinischoy* as one such text he collected. There's no information whatsoever about the verse count of *Charyapada*.

**Step 3: Verdict**

Since the context provides absolutely no information about the number of verses in *Charyapada*, the model's assertion that there were 50 verses is unsupported and therefore a hallucination.

no",no
bengali-6246323317955015554-0::inference,bengali-6246323317955015554-0,inference,Bethune College Banglar itihashe prothom mohila college ja 1849 khristabde John Elliot Drinkwater Bethune-er prochestay Kolkatay protishthito hoy.,Bharotborsher prothom mohila college konti?,Bethune College,Bharotborsher prothom mohila college holo Kolkata University.,"Okay, let's analyze this.

**Step 1: Factual Claims in the Model Answer**

The model answer makes one primary claim: ""Bharotborsher prothom mohila college holo Kolkata University."" (India's first women's college was Kolkata University).

**Step 2: Verification against the Context**

The context states that Bethune College (""Bethune College Banglar itihashe prothom mohila college..."") was the first women's college in Bengal (""...first women's college in Bengal's history""). It mentions its establishment in 1849 and the role of John Elliot Drinkwater Bethune.  Crucially, it *does not* mention Kolkata University at all, nor does it imply that Kolkata University was the first women’s college in India. Kolkata University was established much later than 1849.

**Step 3: Verdict**

The model answer directly contradicts the information provided in the context. The context identifies Bethune College as the first women’s college in Bengal, while the model answer claims it was Kolkata University. This is a clear fabrication/hallucination because the context doesn't support the model's assertion, and Kolkata University is historically incorrect as the first women's college in India.

no",no
bengali-6547346897513027507-2::inference,bengali-6547346897513027507-2,inference,"Michael Madhusudan Bangla vashay sonnet o omitrokkhor chhonder probortok. Tar sorbosreshtho kirti omitrokkhor chhonde Ramayoner upakhyan obolombone rochito Meghnadbodh Kabya namok mohakabya. Tar onnyanno ullekhjoggo gronthaboli holo The Captive Lady, Shormishtha, Krishnakumari (natok), Podmaboti (natok), Buro Shaliker Ghare Ron, Ekei Ki Bole Shobhyota, Tilottamasombhob Kabya, Birangona Kabya, Brojangona Kabya, Choturdoshpodi Kobitaboli, Hector Badh [2] ityadi. Michaeler bektigoto jibon chhilo natokiyo ebong bedonaghon. Matro 49 bochor boyoshe Kolkatay mrityu",Michael Madhusudan Dutta koto bochor boyose mara jan?,49,Michael Madhusudan Dutta prai 50 bochor boyose mara jan.,"Okay, let's analyze the model answer.

**Step 1: Factual Claims in the Model Answer**

The model answer makes one factual claim: ""Michael Madhusudan Dutta prai 50 bochor boyose mara jan."" (Michael Madhusudan Dutta died at the age of 50).

**Step 2: Verification against the Context**

The context states: ""Matro 49 bochor boyoshe Kolkatay mrityu"" which translates to ""Died in Kolkata at just 49 years of age"". This directly contradicts the model answer's claim of 50 years.

**Step 3: Verdict**

The model answer provides an incorrect age for Michael Madhusudan Dutta's death, contradicting the information explicitly given in the provided context. Therefore, it is a hallucination.

no",no
bengali-9022969225808669971-3::inference,bengali-9022969225808669971-3,inference,"Ramayan onusare, Sita Bhudevi Prithibir konya o Rajarshi Janoker palita konya. Ramchandra choddho bochorer jonno bonobashe gele Sita tar songi hon. Pore Raban Sitake horon kore Lankay niye gele Ram o Rabaner moddhe songhater sutropat hoy. Kishkindhyar banorder sohayotay Ram Raban ke porajito o nihoto kore Sitake uddhar koren. Raja howar por lokonindar bhoye tini Sitake porityag koren. Maharshi Balmikir tapobone Sita Lob o Kush name dui jomoj putrosontaner jonmo den. Pore Ram Sitake ditiyobar agniporikkha dite bolle mormahoto Sita Jononi Prithibir kole ashroy prarthona koren. Bhugorbho theke utthita hoy",Hindu puran mote Sitar mayer nam ki?,Bhudebi Prithibi,Sitar mayer nam chhilo Maharshi Balmiki.,"Okay, let's analyze the model answer.

**Step 1: Factual Claims in the Model Answer**

The model answer makes the following claim: ""Sitar mayer nam chhilo Maharshi Balmiki."" (Sita's mother's name was Maharshi Balmiki).

**Step 2: Verification against the Context**

The provided context states that Sita was raised by Raja Janaka and Bhudevi Prithibi (Earth), and later gave birth to Lava and Kush after living with Maharshi Balmiki. It explicitly mentions Balmiki as someone who *fathered* her children, not as her mother. The text does not mention who Sita's biological mother was.

**Step 3: Verdict**

The model answer incorrectly identifies Balmiki as Sita’s mother. The context describes Balmiki as the person who raised Sita and fathered her sons, but provides no information about her biological mother. This constitutes a hallucination because the answer is not supported by the given text and presents a false relationship.

no",no
bengali--1428221452835638348-15::comprehension,bengali--1428221452835638348-15,comprehension,"Myanmar-er mot ayoton 676,552 borgokilometer. Uttar-dokkhin e er doirgho pray 2,085 kilometer. Purbo-poshchime er sorbocho bistar pray 930 kilometer. Upokuliyo elakati nimno Myanmar ebong obhontorin angshoti urdho Myanmar name porichito. Oshwokhurakriti porbotbyabostha o Iraboti nodir upotyaka deshtir bhu-songsthaner prodhan boishishto. Uttorer porbotgulir sorbocho shringo Hkakabo Razi-r uchchota 5,881 meter. Eti dokkhin-purbo Asia-r sorbocho shringo. Aro duiti porbotbyabostha uttar theke dokkhine bistrito. Arakan Yoma porbotmalati Myanmar o Bharotiyo upomohodesher moddhe ekti",Myanmar-er bortoman (2019) ayoton koto?,"676,552 borgokilometer","Myanmar-er bortoman (2019) ayoton pray 2,085 kilometer.","Okay, let's analyze the model answer.

**Step 1: Factual Claims in the Model Answer**

The model answer makes one factual claim: ""Myanmar-er bortoman (2019) ayoton pray 2,085 kilometer."" (Myanmar's current (2019) area is approximately 2,085 kilometers).

**Step 2: Verification Against the Context**

The context states: ""Myanmar-er mot ayoton 676,552 borgokilometer."" (Myanmar's total area is 676,552 square kilometers). It also mentions ""Uttar-dokkhin e er doirgho pray 2,085 kilometer"" (Its length from north to south is approximately 2,085 kilometers).

The model answer incorrectly states that the *area* of Myanmar is 2,085 kilometers. The context provides the correct area (676,552 square kilometers) and uses 2,085 kilometers to describe the *length* of Myanmar from north to south, not its area.  The model has confused length with area.

**Step 3: Verdict**

The model answer presents a factually incorrect statement about Myanmar's area, drawing information from the context but misinterpreting it. This constitutes a hallucination.

no",no
bengali--7705960264831493277-16::specificity,bengali--7705960264831493277-16,specificity,Loukik Hindudharmo – bibhinno sthaniyo oitijjho o loukik debdebir puja ke kendro kore ancholik ba somprodai storer dhormobishwas ja pragoitihashik kal ba ontotpokke Bed rochito hobar age theke procholito. Boidik Hindudharmo – ei bishwashti ek shrenir Brahmon (bisheshto shrutibadi) somaje ajo procholito. Boidantik Hindudharmo – Upanishoder shikkha obolombone procharito. Udahoron – Odboit (Smartobad) Jougik Hindudharmo – Patanjali rochito Jogsutro obolombone procharito. Dharmik Hindudharmo ba prattyohik noitikota – kormo o Hindu bibaho songskar ittyadi shamajik niyom ke kendro,Hindudharmer prachintom shakha konti?,Loukik Hindudharm,Boidik Hindudharmoi prachintom shakha bole dhora hoy prai shobcheye beshi.,"Okay, let's analyze this.

**Step 1: Identify factual claims in the Model Answer.**

The model answer states: ""Boidik Hindudharmoi prachintom shakha bole dhora hoy prai shobcheye beshi."" which translates to ""Vaidic Hinduism is considered the oldest branch, more than most.""

**Step 2: Check for support in the Context.**

The context describes several branches of Hinduism: Loukik Hindudharmo, Voidik Hindudharmo, Boidantik Hindudharmo, Jougik Hindudharmo, and Dharmik Hindudharmo. It doesn't explicitly state that Vaidic Hinduism (Boidik Hindudharmo) is *the* oldest or ""more than most.""  It simply lists them as existing and having different characteristics and origins. The passage mentions Vaidik Hinduism as a system practiced by a specific class of Brahmins, but doesn't establish its chronological primacy over the others.

**Step 3: Determine Verdict**

Since the context does not support the claim that Vaidic Hinduism is the oldest branch, the answer is hallucinated.

no",no
bengali-8887351398715487902-1::specificity,bengali-8887351398715487902-1,specificity,"Cholocchitro nirmata hisebe Satyajit chilen bohumukhi ebong tar kajer poriman bipul. Tini 37ti purnodoirgho kahinichitro, pramanyochitro o swalpodoirgho cholocchitro nirmon koren. Tar nirmito prothom cholocchitro Pother Panchali 11ti antorjatik purashkar lav kore, jader moddhe onnotomo chilo Kan cholocchitro utsobe paoa ""Shreshtho Manob Dolil"" (Best Human Documentary) purashkarti. Pother Panchali, Aparajito o Apur Songsar - ei tinti cholocchitroke ektre Apu Troyee bola hoy, ebong ei cholocchitro-troyee tar jiboner shreshtho kormo hisebe bohul",Satyajit Ray-er porichalito prothom cholocchitrer nam ki?,Pother Pachali,Satyajit Ray-er prothom porichalito chhobi chhilo Apu Troyee-r prothom ongsho.,"Okay, let's analyze the model answer step by step.

**Step 1: Factual Claims in the Model Answer**

The model answer makes two primary claims:

1.  Satyajit Ray's first directed film was the first part of the *Apu Trilogy*.

**Step 2: Verification against the Context**

Let's examine each claim against the provided context:

*   **Claim 1:** The context states that Satyajit Ray's first film was *Pother Panchali* and that *Pother Panchali*, *Aparajito*, and *Apur Sangsar* together form the *Apu Trilogy*. It does not state that *Pother Panchali* was the first part of the trilogy, but implies it as the starting point. While technically correct that *Pother Panchali* is the first part of the trilogy, the direct statement that it was his *first* film isn't explicitly stated in the text. The text directly mentions *Pother Panchali* as his first film.

**Step 3: Overall Verdict**

The model answer is slightly misleading. While the *Apu Trilogy* starts with *Pother Panchali*, the context clearly identifies *Pother Panchali* as his first film, not just the first film of the trilogy. This introduces a potential for confusion. Although not entirely incorrect, the phrasing could be more precise based solely on the provided context. Because the prompt asks about his first *directed* film, and the context specifies *Pother Panchali* as his first film, the answer contains a hallucination.

no",no
bengali-4127571038924069563-2::specificity,bengali-4127571038924069563-2,specificity,"Jain dhormer utshoti sposto noy.[11][12] Pashchatto gobeshok Helmuth von Glasenapp likhechen, Khristopurbo 1m sohosrabder 1m shotabditai Jain dhormer utshokaler sorbadhik shomoysima bole dhora jete pare. Tini prothom baish jon Tirthankarke pouranik choritro bole ullekh korechen.[13][14]",Jain dhormer udbhob kobe hoy?,Khristopurbo 1m shohosrabder 1m shotabdi,Jain dhormer udbhob sambhaboto Khristopurbo 2y shohosrabder shesh dike hoy.,"Okay, let's analyze this.

**Step 1: Factual Claims in the Model Answer:**

The model answer states: ""Jain dhormer udbhob sambhaboto Khristopurbo 2y shohosrabder shesh dike hoy."" which translates to ""The emergence of Jainism probably happened towards the end of the 2nd millennium BC.""

**Step 2: Verification against the Context:**

The context mentions that Helmuth von Glasenapp suggests that the festival period of Jainism might be placed in the latter half of the first millennium BC (Khristopurbo 1m sohosrabder 1m shotabditai).  The model answer states ""2y shohosrabder shesh dike"" (towards the end of the 2nd millennium). ""2y"" means 2000, so the model is referring to the end of the 2nd millennium BC. The context says ""1m"" (first millennium), so the model has misinterpreted or extrapolated beyond what's directly stated. While not entirely contradictory, it’s an interpretation that isn't explicitly supported and introduces a specific timeframe (""end of the 2nd millennium"") not present in the provided text. It’s a slight exaggeration/extrapolation based on the given information.

**Step 3: Verdict:**

The model answer is not a direct quote or restatement of the context. It takes the information about the first millennium BC and extrapolates to the end of the second millennium BC. This constitutes a hallucination, as it presents information not directly found within the provided text.

no",no
bengali--1594011751990624149-3::specificity,bengali--1594011751990624149-3,specificity,Jibanananda Dash 1899 khristabder 17 February[1] British Bharoter Bengal Presidency-r (bortomane Bangladesh) ontorgoto Barishal shohore jonmogrohon koren. Tar purbopurushera chilen Bangladesher Dhaka jeler Bikrampur porgona nibashi. Tar pitamoh Sarbananda Dashgupta (1838-85) Bikrampur theke Barishale nibash sthanantorito koren.[7] Sarbananda Dashgupta jonmosutre Hindu chilen; pore Brahmodhorme diksha nen. Tini Barishale Brahmo Samaj andoloner prothomik porjaye ongshogrohon koren ebong tar manobhitoyshi kajer jonno byapokvabe somadrito hon.[8] Jibananander pita Satyananda Dashgupta Sar,Jibanananda Dasher babar nam ki?,Satyananda Dashgupta,Jibanananda Dasher babar nam shombhoboto Sarbananda Dashgupta chilo.,"Okay, let's analyze the model answer.

**Step 1: Factual Claims in the Model Answer**

The model answer states: ""Jibanananda Dasher babar nam shombhoboto Sarbananda Dashgupta chilo."" which translates to ""Jibanananda Das's father's name was probably Sarbananda Dashgupta.""

**Step 2: Verification against the Context**

The context explicitly states: ""Tar pitamoh Sarbananda Dashgupta (1838-85)..."" which translates to ""His father Sarbananda Dashgupta (1838-85)..."".  While the model uses ""shombhoboto"" (probably), the context directly names Sarbananda Dashgupta as Jibanananda's father. The use of ""shombhoboto"" doesn't introduce a hallucination, but rather a slight softening of the statement that isn't necessary given the direct information provided.

**Step 3: Final Verdict**

The context directly confirms the core fact presented in the model answer. Therefore, the model answer is not hallucinated.

no",no
bengali-78191875312760509-1::inference,bengali-78191875312760509-1,inference,Bismarck-er juge Germany-te prothom cadet college byabostha probortito hoy. Samorik bahinite joggo kormokorta toirite olpo boyosh thekei proshikkhon shuru koranota bishesh gurutto bohon korte pare. Ei dharanai tokhonkar cadet college poddhotir chalikashokti chilo. Napoleon-er juge France-e samorik dokkhota brid'dhir ekta onnotomo upadan hisebe cadet college poddhoti grihito hoy.,"Samorik bahini porichalito ""Cadet College-ti"" prothom kothay sthapito hoy?",Germany,Cadet College-ti prothom France-e sthapito hoy.,"Okay, let's analyze the model answer.

**Step 1: Factual Claims in the Model Answer**

The model answer makes a single factual claim: ""Cadet College-ti prothom France-e sthapito hoy."" (Cadet College was first established in France).

**Step 2: Verification Against the Context**

The provided context states that Bismarck-er juge Germany-te prothom cadet college byabostha probortito hoy (Cadet College system was first introduced in Germany during Bismarck's time). It *also* mentions that Napoleon-er juge France-e samorik dokkhota brid'dhir ekta onnotomo upadan hisebe cadet college poddhoti grihito hoy (during Napoleon's time, France adopted the cadet college method as a significant tool for military development).  This means France *adopted* the system, but the context does not state that it was *first established* there. The context explicitly says Germany was the first to introduce the system.

**Step 3: Verdict**

The model answer contradicts the information presented in the context. The context clearly indicates Germany was where the system was first introduced, while the model answer claims France was. Therefore, the answer is hallucinated.

no",no
bengali--7494701536369664029-4::inference,bengali--7494701536369664029-4,inference,"Fuko 1950 sale tar agrégation somponno koren. École Normale-te kichu shomoyer jonno kaj korar por tini Lille bishwabidyaloye ekta pod peye jan. Ekhane 1953 theke 1954 sal porjonto darshoner probhashoker pode chakri koren. 1954 sale tar prothom boi prokashito hoy jar nam chhilo Maladie mentale et personnalité. Porobortite tini ei boiti likhenni bole dabi korechhilen. Fuko tokhon besh bujhte parchhilen je, shikkhokota tar dara hobe na. Ei chinta thekei France theke dirghokaler jonno swechchha nirbasone chole jan. 1954 sale tini Sweden-er Uppsala bishwabidyaloye France-er ekjon sangskritik protinidhi hisebe kaj shuru",Mishel Fuko rochito prothom gronthotir nam ki?,Maladie mentale et personnalite,Tar prothom grontho chhilo **Lille-er Darshon Probhashon**.,"Okay, let's analyze the model answer.

**Step 1: Factual Claims in the Model Answer**

The model answer claims that Michel Foucault's first book was ""**Lille-er Darshon Probhashon**"" (Lille's Viewer Lectures).

**Step 2: Verification against the Context**

The context states: ""Ekhane 1953 theke 1954 sal porjonto darshoner probhashoker pode chakri koren."" This translates to ""Here, he worked as a viewer lecturer from 1953 to 1954."" It also mentions ""Tar prothom boi prokashito hoy jar nam chhilo Maladie mentale et personnalité"" which means ""His first book was published, whose name was Mental Illness and Personality."" The context does *not* state that the viewer lectures were his first book; it describes a job he held.  It explicitly names ""Maladie mentale et personnalité"" as his first book.

**Step 3: Verdict**

The model answer incorrectly identifies the title of Foucault's first book. The context clearly states it was ""Maladie mentale et personnalité,"" not ""Lille-er Darshon Probhashon."" Therefore, the answer is hallucinated.

no",no
bengali-5547413262777971997-0::specificity,bengali-5547413262777971997-0,specificity,"Seeing Red Markin television natok series Dexter-er prothom mousumer doshom porbo. 2006 saler 3ra December eti Showtime-e sorboprothom procharito hoy.[1] Porboti likhechilen Kevin R. Maynard ebong porichalona korechilen Michael Cuesta. Porbotite Miami Homicide Department-er dol ekta roktakto oporadh elaka poridorshon kore. Sekhane bisheshoggo Dexter Morgan (Michael C. Hall) nijer chotobelar aghatmulok smritir mukhomukhi hoy. Onnodike, Dexter-er girlfriend Rita Bennett (Julie Benz) ke tar prakton shami Paul Bennett (Mark Pellegrino) ke hamlar daye obhijukto ebong tar bachchader nijer kache rakhar aingoto haranor jhukir shommukhin hoy. Goyenda Angel Batista",Markin television natok series 'Dexter'er porichalok ke chilen?,Michael Cuesta,'Dexter' series-er porichalok chhilen Michael C. Hall.,"Okay, let's analyze the model answer.

**Step 1: Factual Claims in the Model Answer**

The model answer makes the following claim: ""Dexter' series-er porichalok chhilen Michael C. Hall."" (Michael C. Hall was the director of the 'Dexter' series.)

**Step 2: Verification against the Context**

The context states: ""Porbotite likhechilen Kevin R. Maynard ebong porichalona korechilen Michael Cuesta."" (The script was written by Kevin R. Maynard and directed by Michael Cuesta.)

The model answer incorrectly identifies Michael C. Hall as the director. The context explicitly states that Michael Cuesta was the director. Michael C. Hall played Dexter Morgan.

**Step 3: Verdict**

The model answer presents information that contradicts the provided context. Therefore, it is hallucinated.

no",no
bengali--1718543851668596216-1::factualness,bengali--1718543851668596216-1,factualness,Tothyo o jogajog projukti ain prothom kora hoy 2006 sale. Porobortite 2013 sale shasti bariye aintike aro kothor kora hoy.[2],Bangladesher songsode Digital Nirapotta aine shasti bariye kobe aintike aro kothor kora hoy?,2013 shale,2012 shalei shasti bariye aintake aro kothor kora hoy.,"Okay, let's analyze the model answer.

**Step 1: Identify each factual claim made by the Model Answer.**

The model answer claims: ""2012 shalei shasti bariye aintake aro kothor kora hoy."" (It was further refined in 2012.)

**Step 2: For each claim, check whether it is supported by the Context.**

The context states: ""Porobortite 2013 sale shasti bariye aintike aro kothor kora hoy.[2]"" (It was further refined in 2013.)

The model answer says 2012, but the context explicitly states 2013. This is a direct contradiction.

**Step 3: Based on steps 1-2, decide the final verdict.**

The model answer presents information that directly contradicts the provided context. Therefore, it is hallucinated.

no",no
bengali-2204361224864424875-0::specificity,bengali-2204361224864424875-0,specificity,"Jallianwalabag hotyakando (Amritsar hotyakando) Bharotiyo upomohodesher itihashe onnotomo kukhyato gonohotya. 1919 saler 13 April tarikh e obibhokto Bharoter Punjab prodesher Amritsar shohore Ingrej senanayok Brigadier Reginald Dyer-er nirdeshe ei hotyakando songhotito hoy. Ei shohorer Jallianwalabag namok ekta boddho udyane shomobeto nirastra jonogoner upor guliborshon kora hoyechilo. Ei hotyakander protibade Rabindranath Thakur Ingrej sarkarer dewa ""Knighthood"" upadhi tyag koren.",Kar nirdeshe Jallianwalabag hotyakander ghotonati ghotechilo?,Reginald Dyer-er,General Dyer-er sorashori adesh-e ghotechhilo.,"Okay, let's analyze the model answer.

**Step 1: Factual Claims in the Model Answer**

The model answer states: ""General Dyer-er sorashori adesh-e ghotechhilo."" which translates to ""It happened under the order of General Dyer.""

**Step 2: Verification Against the Context**

The context explicitly mentions that Brigadier Reginald Dyer (referred to as Ingrej senanayok Brigadier Reginald Dyer-er) gave the order for the incident. The model answer uses ""General Dyer"" instead of ""Brigadier Dyer,"" but the core claim - that Dyer ordered the event - is present in the context. It’s a minor difference in title, not a factual contradiction.

**Step 3: Verdict**

Since the core fact—Dyer being responsible for the order—is supported by the provided context, the model answer is not hallucinated.

no",no
bengali-5080678733789258584-14::comprehension,bengali-5080678733789258584-14,comprehension,"Jhansir Rani (1956, jiboni) The Queen of Jhansi, Mahashweta Devi (Sagari o Mandira Sengupta kortik onudito). Ei boiti holo Rani Lakshmibai-er jiboni grantho. Oitihashik nothipotro (prodhanoto Ranir poutra G. C. Tambe kortik songrihito) ebong lokkotha, kabyo o mukhe mukhe procholito kingbodontiguli niye gobeshonar por boiti rochito hoy. Mul Bangla boiti 1956 sale prokashito hoy. English onubadti 2000 sale Seagull Books, Calcutta theke prokashito hoy. Hajar Churashir Ma (1974, uponnash) Aranyer Adhikar (1979, uponnash) Agnigarbha (1978, chotogol","Bharotiyo Bangali kothasahityik Mahashweta Debir ""Hajar Churashir Ma"" gronthoti kobe prokashito hoy?",1974,1978 shale prokashito hoy.,"Okay, let's analyze this.

**Step 1: Factual Claims in the Model Answer**

The model answer makes one factual claim: ""Hajar Churashir Ma"" was published in 1978.

**Step 2: Verification against the Context**

The context states: ""Hajar Churashir Ma (1974, uponnash)"". This directly contradicts the model's assertion that the book was published in 1978. The context explicitly states the publication year as 1974.

**Step 3: Verdict**

Since the model's claim about the publication year is demonstrably false based on the provided context, it is a hallucination.

no",no
bengali-167407130057280550-0::specificity,bengali-167407130057280550-0,specificity,"Doctor Bhimrao Ramji Ambedkar (Marathi: Dr. Bhimrao Ramji Ambedkar) (14i April 1891 - 6i December 1956) chilen ekjon Bharotiyo byaboharshastrajna (jurist), rajnaitik neta, Bouddho andolonkari, darshonik, chintabid, nrityattobid, oitihashik, bagmi, bishishto lekhok, orthonitibid, pondit, shompadok, rashtrabiplobi o Bouddho punorjagoronbadi. Tini Babasaheb nameo porichito chilen. Tini Bharoter songbidhaner[1] khosra karyonirbahok somitir shovapotio chilen. Tini Bharotiyo jatiyotabadi ebong Bharoter dalit andoloner onnot",Bharoter songbidhaner rochoyita ke?,Bhimrao Ramji Ambedkar,Bharoter songbidhaner rochoyita hisebe oneke Rajendra Prasad-er naam-o ullekh kore.,"Okay, let's analyze the model answer.

**Step 1: Factual Claims in the Model Answer**

The model answer makes a single factual claim: ""Bharoter songbidhaner rochoyita hisebe oneke Rajendra Prasad-er naam-o ullekh kore."" This translates to ""Many people mention Rajendra Prasad as the creator of the Indian Constitution.""

**Step 2: Verification Against the Context**

The provided context discusses B.R. Ambedkar extensively, highlighting his role as the chairman of the drafting committee for the Indian Constitution (""Tini Bharoter songbidhaner[1] khosra karyonirbahok somitir shovapotio chilen.""). It *does not* mention Rajendra Prasad or any other individual being credited with authorship. While it's possible Rajendra Prasad played a role, the context doesn't support the model's assertion that many people credit him as the creator. The context strongly implies Ambedkar was the key figure.

**Step 3: Verdict**

Since the model answer introduces information (Rajendra Prasad's alleged role as creator) that is *not* present in the provided context, it is considered a hallucination.  The context focuses solely on Ambedkar's involvement.

no",no
bengali-2137617561811032811-0::comprehension,bengali-2137617561811032811-0,comprehension,"Alomgir (jonmo: 3 April, 1950) Bangladesh-er jonopriyo cholocchitro obhineta.[1] Alomgir ashi o nobboi-er doshoke dapoter shathe kaj korechen. Paribarik tanaporen, samajik action, romantic action, folk fantasy-shoho sob dhoroner cholocchitre tini chilen sofol. Obhinoyer pasapashi projojok, gayok o porichalok hisebe sunam kuriyechen.[2] Tini shreshtho obhineta o shreshtho parshochoritre obhineta bibhage 9 bar jatio cholocchitro purashkar orjon korechen.[3]",Almgir Kabir kobe jonmogrohon koren?,"3 April, 1950",Alomgir Kabir jonmogrohon koren 3 April 1950-e.,"Okay, let's analyze the model answer.

**Step 1: Factual Claims in the Model Answer**

The model answer makes a single factual claim: ""Alomgir Kabir jonmogrohon koren 3 April 1950-e."" This translates to ""Alomgir Kabir was born on April 3, 1950.""

**Step 2: Verification against the Context**

The context states: ""Alomgir (jonmo: 3 April, 1950) Bangladesh-er jonopriyo cholocchitro obhineta."" This translates to ""Alomgir (birth: 3 April, 1950) is Bangladesh's beloved film actor.""  The context explicitly mentions Alomgir's birth date as 3 April, 1950. The name ""Kabir"" is not mentioned in the context. However, the question asks about Alomgir and the provided text refers to Alomgir, therefore, the answer is still relevant.

**Step 3: Verdict**

The model answer correctly states Alomgir's birthdate as given in the context. Although the name ""Kabir"" isn't present, the question pertains to Alomgir, who *is* discussed in the provided text. Therefore, the answer is not hallucinated.

no",no
bengali--6220420306282752581-2::specificity,bengali--6220420306282752581-2,specificity,"Debashree Ray er jonmo, bere otha Kolkatay. Tar pitar nam Birendra Kishore Ray ebong mayer nam Arati Ray. 1969 sone tini prothom ""Balak Gadadhar"" name ekti cholocchitre shishushilpi hisebe obhinoy koren, jar porichalok chilen Harimoy Sen. Tini Kolkatar A P J, Park Street shakhar school er chatri chilen, jodio nacher proti otirikto jhok thakar karone beshidur egote paren ni. Tar dak nam Chumki.",Deboshree Ray-er mayer nam ki?,Arti Ray,Deboshree Ray-er mayer nam shombhoboto Anima Ray chhilo.,"Okay, let's analyze the model answer.

**Step 1: Factual Claims in the Model Answer**

The model answer makes a single factual claim: ""Deboshree Ray-er mayer nam shombhoboto Anima Ray chhilo."" (Debashree Ray's mother's name was possibly Anima Ray.)

**Step 2: Verification against the Context**

The context states: ""Tar pitar nam Birendra Kishore Ray ebong mayer nam Arati Ray."" This translates to ""Her father's name was Birendra Kishore Ray and her mother's name was Arati Ray."" The context explicitly states that Debashree Ray's mother's name is Arati Ray.  The model answer claims it was *possibly* Anima Ray, which contradicts the explicit information provided in the context.

**Step 3: Verdict**

The model answer introduces a name (""Anima Ray"") for Debashree Ray's mother that is not mentioned in the provided context and directly contradicts the stated fact. Therefore, it is a hallucination.

no",no
bengali-191043718888057926-0::specificity,bengali-191043718888057926-0,specificity,Operation Jackpot Bangladesh-er shadhinota juddher shomoy nou-sector porichalito shofoltom guerrilla operation. Eti chilo ekta atmaghati operation. E operation 1971-er 15 August rat 12tar por orthat 16 August prothom prohore Chattogram o Mongla shomudro bondor ebong desher obhontore Chandpur o Narayanganj nodi bondore eki shomoye porichalito hoy.[6] 10 no. sector-er odhine training prapto nou commando joddhader oshim shahoshikotar nidorshon ei Operation Jackpot. Ei guerrilla operation-e Pakistani bahinir onekgulo ostro o roshodbahi jahaj dhongshoprapto o boro rokomer khotigrosto hoy. Khotigrosto o dhongshoprapto jahajguler moddhe Pakistani bahinike,Bangladesher shadhinota juddher shomoy nou-sector porichalito Operation Jackpot kothay shongghotito hoy?,Chattogram o Mongla somudro bondor ebong desher obhontore Chandpur o Narayanganj nodi bondore,"Operation Jackpot muloto Chattogram o Mongla bondore, bishesh kore Chattogram-ei shongghotito hoy.","Okay, let's analyze the model answer.

**Step 1: Factual Claims in the Model Answer**

The model answer makes the following claims:

1.  Operation Jackpot was primarily conducted in Chattogram and Mongla ports.
2.  Specifically, it was conducted in Chattogram.

**Step 2: Verification against the Context**

Let's examine if these claims are supported by the provided context:

*   **Claim 1:** The context states that Operation Jackpot was carried out simultaneously in Chattogram and Mongla seaports, along with Chandpur and Narayanganj river ports. This supports the first part of the claim (Chattogram and Mongla).
*   **Claim 2:** The context mentions both Chattogram and Mongla, but doesn't emphasize Chattogram as the *primary* location. It explicitly states they were targeted *simultaneously*. Therefore, stating it was *specifically* in Chattogram is an oversimplification and potentially misleading.

**Step 3: Overall Verdict**

While the first part of the answer (Chattogram and Mongla) is present in the context, the emphasis on ""specifically Chattogram"" is not directly supported and introduces a degree of hallucination/misrepresentation. The context indicates simultaneous operations across multiple locations.

no",no
bengali-7402816199744955879-3::factualness,bengali-7402816199744955879-3,factualness,"1658 sale Shahjahaner jyeshtho putro Darashiko raj shashoker protinidhi hisebe khomotay arohon kore. Shahjahaner opor putro Aurangzeb kichu dhormovittik goshthir sohayotay Delhir singhashon dokhol koren. 1659 sale Aurangzeb tar bhaike juddhe porajit koren ebong mrityudondo prodan koren.[7] Jodio Shahjahan tokhon shompurno sustho chilen, tothapi Aurangzeb take osusthatar ojuhat dekhiye rajkaryo porichalona korar ojoggo ghoshona kore take grihobondi kore rakhen.",Mughal somrat Jahangir er por ke Mughal somrat hon?,Aurangzeb,Shahjahan hon Mughal somrat.,"Okay, let's analyze this.

**Step 1: Identify factual claims in the Model Answer.**

The model answer states: ""Shahjahan hon Mughal somrat."" This translates to ""Shahjahan was the Mughal emperor.""

**Step 2: Check if the claim is supported by the Context.**

The provided context discusses Shahjahan's son, Dara Shikoh, Aurangzeb, and Shahjahan himself. It describes events *after* Shahjahan's reign, specifically dealing with succession disputes among his sons. The text mentions Shahjahan being confined after a period of illness and Aurangzeb taking power. However, it *does not* explicitly state that Shahjahan *was* the Mughal emperor before these events. While it's implied, the text focuses on the transition *away* from his rule.  The context doesn't confirm that Shahjahan was the Mughal Emperor. It details what happened *after* he was no longer actively ruling.

**Step 3: Verdict**

Since the context does not directly confirm that Shahjahan *was* the Mughal emperor, but rather describes events following his diminished capacity and subsequent confinement, the answer is considered a hallucination. The text implies it, but doesn't explicitly state it as a fact.

no",no
bengali-7685770490493527166-3::comprehension,bengali-7685770490493527166-3,comprehension,"Ei cholocchitrer drishshokolpo thik ke likhechen ta ojana, tobe dharona kora hoy Lloyd Lonergan. Kenona jokhon tini Thanhouser Productions-er scriptwriter-er kaj korchhilen tokhon tini chhilen The New York Evening World potrikar ekjon obhiggo shongbadkormi.[2] Ei cholocchitrer porichaloker nam ojana tobe khub shombhoboto Barry O'Neil. Cholocchitro itihashbitta Q. David Bowers ei proyojonar jonno ekjon noy borong shombhabyo duijon chitragrahoker ostittwo royeche bole dharona koren. Blair Smith, jini chhilen Thanhouser Company-r prothom chitragrahok, kintu porobortite tini sthir ebong motion chhobi bishoye ob",The Mermaid cholochitroter porichalok ke?,Barry O'Neil,Lloyd Lonergan-i chhilen The Mermaid-er porichalok.,"Okay, let's analyze this.

**Step 1: Factual Claims in the Model Answer:**

The model answer states: ""Lloyd Lonergan-i chhilen The Mermaid-er porichalok."" which translates to ""Lloyd Lonergan was the director of The Mermaid.""

**Step 2: Verification against the Context:**

The context mentions Lloyd Lonergan as a possible director of the film, but it does *not* definitively state that he *was* the director. It says ""Ei cholocchitrer drishshokolpo thik ke likhechen ta ojana, tobe dharona kora hoy Lloyd Lonergan"" which translates to ""Whether he wrote the screenplay for this film is uncertain, but it is assumed to be Lloyd Lonergan.""  It also mentions Barry O'Neil as a very probable director (""Cholocchitrer porichaloker nam ojana tobe khub shombhoboto Barry O'Neil""). The text suggests uncertainty about Lloyd Lonergan's role, not confirmation.

**Step 3: Verdict:**

Since the context indicates uncertainty about Lloyd Lonergan being the director and even suggests Barry O'Neil as a more probable candidate, the model answer presents information that is not directly supported by the provided text. Therefore, it is hallucinated.

no",no
bengali--8204875660906624650-32::comprehension,bengali--8204875660906624650-32,comprehension,"26 Jun 2009 sale Real Madrid nishchit kore je Ronaldo pohela July 2009 sal theke tader dole jog dibe. Tar transfer fee chilo £80 million (€94 million) ja take bishwer shobcheye dami kheloyar kore tole.[61] Real Madrid-er sathe tar chuktir meyad chilo 6 bochor.[62] Chukti onujayi tini proti bochor €11 million beton peten.[63] Tar buyout clause-er mullo €1 billion.[64] 6 July Ronaldo-ke Real Madrid-er kheloyar hisebe bishwo media-r samne hajir kora hoy,[65] jekhane take 9 no. jersey deya hoy.[66] Take Real Madrid-er jersey prodan koren Alfredo di Stefano.[67] Ronaldo-ke Real Madrid-e shagot jananor jonno 80,000 theke 85,000 dorshok Santiago Bern",Cristiano Ronaldo mot koto bochor Real Madrid club er hoye khelechen?,6,10 bochorer moto Real Madrid-e khelechen.,"Okay, let's analyze the model answer.

**Step 1: Factual Claims in the Model Answer**

The model answer states: ""Cristiano Ronaldo mot koto bochor Real Madrid club er hoye khelechen? 10 bochorer moto Real Madrid-e khelechen."" which translates to ""For how many years did Cristiano Ronaldo play for the Real Madrid club? He played for Real Madrid for 10 years.""

**Step 2: Verification against the Context**

The context states: ""Real Madrid-er sathe tar chuktir meyad chilo 6 bochor."" This translates to ""His contract with Real Madrid was for 6 years."" The context does *not* mention him playing for 10 years. It explicitly states a 6-year contract.

**Step 3: Verdict**

The model answer claims Cristiano Ronaldo played for Real Madrid for 10 years, but the provided context clearly states his contract was for 6 years. This is a factual inaccuracy and therefore a hallucination.

no",no
bengali--1321213040353142325-2::factualness,bengali--1321213040353142325-2,factualness,"Musolmander bishwas o Islami gobeshokder tothyo mote, Quran nazil 610 Khristabde shuru hoy, jokhon fereshta Jibraeel (Arabic: جبريل, Jibrīl or جبرائيل, Jibrāʾīl) Mokka nogorir Hera porbote, shorboprothom Quraner Sura Alaq er prothom panchti ayat Nabi Muhammadke path koran. Ar ei dharabahikota 632 Khristabde tar mrityur maddhome shesh hoy.[1] Amra aj je Quran gronthakare dekhte pai, seti songkolon korechen Islamer tritiyo khalifa Usman Raziallahu ta'ala anhu (644 theke 656). Tini Amirul Mu'minin ba bishwasider neta hisebe tar khilafoter (Islamic sark",Islam dhormer shobcheye pobitro boi Koran kobe rochito hoyechilo?,632 Khristobde,610 Khristobde shuru hoye 631 Khristobde rochito hoyechhilo.,"Okay, let's analyze the model answer.

**Step 1: Factual Claims in the Model Answer**

The model answer makes two claims:

1.  Islam's most sacred book, the Quran, began being written in 610 AD.
2.  It was completed in 631 AD.

**Step 2: Verification Against the Context**

*   **Claim 1 (610 AD start):** The context states ""Quran nazil 610 Khristabde shuru hoy,"" which translates to ""Quran descended in 610 AD, starting..."" This claim *is* supported by the context.
*   **Claim 2 (631 AD completion):** The context states that the revelation ended in 632 AD with the Prophet Muhammad's death (""ei dharabahikota 632 Khristabde tar mrityur maddhome shesh hoy.""). It mentions that Usman compiled the Quran between 644 and 656 AD. There is *no* mention of the Quran being completed in 631 AD. While the revelations occurred up until 632, the compilation into a single book happened later.

**Step 3: Final Verdict**

The first part of the answer aligns with the provided context. However, the assertion that the Quran was *completed* in 631 AD is not found in the text and appears to be an extrapolation or addition not directly supported. Therefore, the answer contains a hallucination.

no",no
bengali-1734415256912220531-3::specificity,bengali-1734415256912220531-3,specificity,1983 sale David Chaum tar gobeshona potro te digital mudrar dharona diyechilen.[5] 1990 sale tini DigiCash ekta electronic nogod songstha (cash company) protistha koren. Amsterdam e tar gobeshonar banijjik bikash ghotanor jonno tini eta koren.[6],Digital mudrar dharona prothom ke prodan koren?,David Choum,digital mudrar dharona prothom Satoshi Nakamoto prodan koren.,"Okay, let's analyze this.

**Step 1: Factual Claims in the Model Answer**

The model answer makes a single, clear factual claim: ""digital mudrar dharona prothom Satoshi Nakamoto prodan koren.""  (Satoshi Nakamoto first provided the concept of digital currency).

**Step 2: Verification Against the Context**

The provided context discusses David Chaum and his work related to digital currency. It states that he proposed the idea of digital money in 1983 and later founded DigiCash. Crucially, there is *absolutely no mention* of Satoshi Nakamoto anywhere in the text. The context explicitly attributes the early development of digital currency concepts to David Chaum.

**Step 3: Verdict**

Since the model answer claims Satoshi Nakamoto first introduced the concept of digital currency, while the context clearly credits David Chaum, the answer is demonstrably false based on the provided information. This constitutes a hallucination because the model is introducing information not present in the source material.

no",no
bengali--1831213595878006436-0::comprehension,bengali--1831213595878006436-0,comprehension,E-ink ba electrophoretic ink ek dhoroner electronic kagoj ba porda ja E Ink Corporation namok ekta protisthan kortik shilpojatokrito. MIT Media Lab shorboprothom E-ink projukti niye gobeshona shuru kore. Porobortite 1997 sale MIT-er E-ink gobeshona prokolper upor vitti kore E Ink Corporation protishthito hoy. 1996 saler ek patent onujayi Joseph Jacobson ebong Barrett Comiskey-ke E-ink projuktir udbhabok hisebe shwikrity deya hoyeche.[1],E Ink Corporation-er protisthata ke?,Joseph Jacobson ebong Barrett Comiskey,MIT Media Lab-er gobeshok Joseph Jacobson,"Okay, let's analyze the model answer.

**Step 1: Factual Claims in the Model Answer**

The model answer claims: ""MIT Media Lab-er gobeshok Joseph Jacobson"". This translates to ""Joseph Jacobson, a researcher at MIT Media Lab.""

**Step 2: Verification against the Context**

The context states that Joseph Jacobson was recognized as an inventor of E-ink technology and held a patent related to it in 1996. It also mentions that MIT Media Lab initially researched E-ink technology and that E Ink Corporation was founded based on MIT's E-ink research. While the context does mention Joseph Jacobson and MIT Media Lab, it *doesn't* explicitly state that he was a researcher *at* MIT Media Lab. The patent was awarded to him and Barrett Comiskey, implying involvement with the project, but not necessarily employment at the lab itself.  It's possible he was affiliated, but the text doesn't confirm it.

**Step 3: Verdict**

The model answer makes an assertion about Joseph Jacobson's role (being a researcher at MIT Media Lab) which isn't directly and definitively supported by the provided context. While he was involved with the project originating from MIT Media Lab, the text doesn't explicitly state he was a researcher *there*. Therefore, this could be considered a hallucination.

no",no
bengali--2070463653245554753-1::specificity,bengali--2070463653245554753-1,specificity,"Shafayat Jamil March 1, 1940 tarikh e Kishoreganj jelar Kuliarchar upojelar Khargamara grame jonmogrohon koren. Tar babar nam A H M Karimullah ebong mayer nam Layla Johra Begum. Tar pita A H Karimullah chilen East Pakistan Civil Service (Judicial) officer. Tar strir nam Rashida Shafayat. Tader tin chele. Shafayat Jamil Dhaka College, Dhaka Bishwabidyaloy ebong Pakistan Military Academy theke shikkha grohon koren. Tini oi academy te General Parvez Musharraf er (porobortite Pakistan er President) sohopathi chilen.",Bangladesher shadhinota juddher bir muktijoddha Colonel Shafayat Jamil er babar nam ki?,E E H M Karimullah,Colonel Shafayat Jamil er babar nam chhilo Abdul Hamid Karimullah.,"Okay, let's analyze the model answer.

**Step 1: Factual Claims in the Model Answer**

The model answer makes one primary factual claim: ""Colonel Shafayat Jamil er babar nam chhilo Abdul Hamid Karimullah."" (Colonel Shafayat Jamil's father's name was Abdul Hamid Karimullah.)

**Step 2: Verification against the Context**

The context states: ""Tar babar nam A H M Karimullah"" (His father's name was A H M Karimullah). The model answer gives ""Abdul Hamid Karimullah"". While similar, these names are *not* identical.  ""A H M"" is a common abbreviation for ""Al-Haj Mohammad,"" so they could potentially be variations of the same name, but the provided text explicitly states ""A H M Karimullah."" The model answer introduces a new name (""Abdul Hamid"") not found in the context.

**Step 3: Verdict**

Because the model answer provides a father's name (""Abdul Hamid Karimullah"") that differs from the name given in the context (""A H M Karimullah""), it constitutes a hallucination.

no",no
bengali--1146659921200539894-2::specificity,bengali--1146659921200539894-2,specificity,"Da: Nishikanta Bosu o Hemlata Bosur tritiyo shontan Jyoti Bosur jonmo 1914 Khristabder 8 July Kolkatar 43/1 Harrison Road-stho (bortoman Mahatma Gandhi Road) bashobhobone.[4] Tar prokrito nam chilo Jyotirindra Bosu; daknam chilo Gona. Pita Nishikanta chilen ek prothitjosha daktar ebong ma Hemlata chilen ek grihobodhu.[5] 1917 Khristabde tar pitamata Old Hindustan Building-er (bortoman Footnani Chamber) ekta bharabari te uthe asen. 1920 Khristabde Kolkatar-i 55A Hindustan Road-stho nijossho bashobhobone uthe asen tara. Ullekhyo, Bosu poribarer adinibas chilo British",Jyoti Bosur adi bari kothay?,Dhaka jelar (odhuna Bangladesh rashtrer Narayanganj jelar Sonargaon upojelar Bardi grame,Jyoti Bosur adi bari chhilo Kolkata-r Hindustan Road-er Bosu poribari bari-te.,"Okay, let's analyze the model answer step by step.

**Step 1: Factual Claims in the Model Answer**

The model answer makes the following claims:

1.  Jyoti Bosu's ancestral home (adi bari) was in Kolkata.
2.  It was located on Hindustan Road.
3.  It was the Bosu family's house.

**Step 2: Verification Against the Context**

Let's examine each claim against the provided context:

1.  **""Jyoti Bosu's ancestral home (adi bari) was in Kolkata.""** - The context states that Jyoti Bosu was born in Kolkata (""Kolkatar...jonmo""), and mentions several addresses within Kolkata, implying his family resided there. This claim is supported.
2.  **""It was located on Hindustan Road.""** - The context mentions ""43/1 Harrison Road"" (later Mahatma Gandhi Road) and ""55A Hindustan Road"" as residences of the Bosu family. So, Hindustan Road is indeed mentioned as a location associated with the family. This claim is supported.
3.  **""It was the Bosu family's house.""** - The context explicitly states ""Bosu poribarer adinibas"" which translates to ""Bosu family's residence"". This directly supports the claim.

**Step 3: Final Verdict**

All claims made by the model answer are directly supported by information present in the provided context. There is no hallucination.

no",no
bengali-7598272783189345090-0::comprehension,bengali-7598272783189345090-0,comprehension,WWE World Championship holo peshadar kusti protijogitar ekta championship. Eti toiri o proborton koreche American peshadar kusti promotion WWE. 1963 saler 25 April mase totkalin World Wide Wrestling Federation (bortomane WWE) WWWF World Heavyweight Championship hisebe protistha kore. Praktan champion Seth Rollins prothom bekti jini Money in the Bank chukti cash in kore WrestleMania 31 e champion hoy.,WWE koto sale protishthito hoy?,1963 shaler 25 April,WWE protisthito hoy WrestleMania 31-e.,"Okay, let's analyze the model answer.

**Step 1: Identify factual claims.**

The model answer states: ""WWE protisthito hoy WrestleMania 31-e."" which translates to ""WWE was established in WrestleMania 31."" This implies that WWE's establishment is linked to WrestleMania 31.

**Step 2: Check for support in the context.**

The context states that the WWE (originally WWWF) was established on April 25, 1963. It also mentions Seth Rollins becoming champion at WrestleMania 31 after cashing in Money in the Bank.  However, it *does not* say that WWE was established at WrestleMania 31. WrestleMania 31 is a later event where a champion was crowned. The establishment date is explicitly given as 1963.

**Step 3: Verdict**

The model answer contradicts the information provided in the context. The context clearly states WWE was established in 1963, while the model answer incorrectly states it was established in WrestleMania 31. Therefore, the answer is hallucinated.

no",no
bengali-2173668651609966956-0::specificity,bengali-2173668651609966956-0,specificity,Shah Makhdum Rupos (1216-1313 Khristabdo) Banglar prothitjosha Sufi sadhok ebong dhormo-procharokder moddhe onnotomo. Tini troyodosh shotabdir sheshardhe ebong choturdosh shotabdir shurute Bangladesh totha Rajshahi onchole Islamer sumohan bani prochar korechilen.[1] Tar onupom byaktitte mugdho hoye shot shot manush Islam dhorme dikkha grohon koren. Muloto Shah Makhdumer maddhomei Barendra[2] ebong Gour[2] onchole Islam dhormo bistar lav kore.[3] Bortomane eshob onchol Muslim shongkhagorishtho onchol. Shah Makhdumer prokrito nam Abdul Quddus. Dhormo ebong gyan sadhanay onon,Shah Makhdum Ruposh kobe jonmogrohon koren?,1216,Shah Makhdum Ruposh procholit bhabe 1218 shaler dike jonmogrohon koren bola hoy.,"Okay, let's analyze the model answer.

**Step 1: Factual Claims in the Model Answer**

The model answer makes the following claim: ""Shah Makhdum Ruposh procholit bhabe 1218 shaler dike jonmogrohon koren bola hoy"" which translates to ""It is generally said that Shah Makhdum Ruposh was born around 1218.""

**Step 2: Verification against the Context**

The context states: ""Shah Makhdum Rupos (1216-1313 Khristabdo)"". This provides a birth year range of 1216 to 1313. The model answer claims he was born *around* 1218, which falls within this provided range.  Therefore, the claim is consistent with the information given in the context.

**Step 3: Verdict**

Since the model answer's claim aligns with the birth year range provided in the context, it is not hallucinated.

no",no
bengali--5964381449812256738-1::specificity,bengali--5964381449812256738-1,specificity,"211.81 borgo ki.mi. ayotoner Birampur upojelar ward 9ti o moholla 29ti. Ei upojelar uttore Phulbari upojela o Nawabganj upojela, dokkhine Hakimpur upojela o Bharoter Poshchimbongo, purbe Nawabganj upojela o Hakimpur upojela ebong poschime Phulbari upojela o Poshchimbongo dara ghera. Nodinodir moddhe Jamunar shakha nodi ullekhjoggo. Eti muloto Jamuna nodir upobahika. Rajdhani Dhaka theke eti pray 300 ki.mi. uttore ebong Dinajpur sadar theke eti 56 ki.mi. dokkhine obosthito.",Birampur upojelar mot ayoton koto?,211.81 borgo ki.mi,Birampur upojelar mot ayoton prai 200 borgo ki.mi.,"Okay, let's analyze this.

**Step 1: Factual Claims in the Model Answer**

The model answer states: ""Birampur upojelar mot ayoton prai 200 borgo ki.mi."" which translates to ""Birampur upojela's main town is approximately 200 borgo km.""

**Step 2: Verification against the Context**

The context provides the following information:

*   ""211.81 borgo ki.mi. ayotoner Birampur upojelar ward 9ti o moholla 29ti."" - This states that Birampur upojela's town is located at 211.81 borgo km.
*   It also mentions distances from Dhaka (300 km) and Dinajpur (56 km).

The model answer claims the distance is *approximately 200 borgo km*, while the context explicitly states it is *211.81 borgo km*. Therefore, the model answer is incorrect.

**Step 3: Verdict**

Since the model answer provides a value that contradicts the explicit information given in the context, it is hallucinated.

no",no
bengali-8974397943858364761-7::comprehension,bengali-8974397943858364761-7,comprehension,"Hakaluki Haor Bangladesh-er shorbobrihot haor. Er ayoton 18,115 hector, tonmoddhe shudhumatro biler ayoton 4,400 hector. Eti brihottor Sylhet jelar Borolekha (40%), Kulaura (30%), Fenchuganj (15%), Golapganj (10%) ebong Beanibazar (5%) jure bistrito. Bhutatttikvabe er obosthan, uttore Bharoter Meghalaya pahar ebong purbe Tripura paharer padodeshe. Bhutatttik boishishtyer karone ujane prochur pahar thakay Hakaluki Haore pray proti bochorei akoshmik bonna hoy. Ei haore 80-90ti choto, boro o majhari bil royeche.[2] Sheetkale eshob bilke ghire porijayi pakh",Hakaluki Haor Bangladesh-er kon jelay obosthito?,Sylhet,Hakaluki Haor muloto Moulvibazar jelay obosthito.,"Okay, let's analyze the model answer.

**Step 1: Identify factual claims.**

The model answer states: ""Hakaluki Haor muloto Moulvibazar jelay obosthito."" which translates to ""Hakaluki Haor is mainly located in Moulvibazar district.""

**Step 2: Check against the context.**

The context states that Hakaluki Haor is primarily located within Sylhet district (40%), with smaller portions in Borolekha, Kulaura, Fenchuganj, Golapganj, and Beanibazar. It *doesn't* mention Moulvibazar at all. While Borolekha and Kulaura are part of Moulvibazar district, the primary location mentioned is Sylhet. The model answer presents Moulvibazar as the *main* location, which contradicts the provided text.

**Step 3: Verdict**

Since the model answer introduces a district (Moulvibazar) not explicitly mentioned as the primary location in the context, and even implies it's the main location when the context indicates Sylhet, this constitutes a hallucination.

no",no
bengali-3335805239407296143-3::comprehension,bengali-3335805239407296143-3,comprehension,"Ishwar shobder mul ""Ish"" er ortho holo, dokkho, malik, shashok.[9] Ditiyo angsho 'bor' jar abhidhanik ortho holo ""sera, chomotkar, shundor, shashok"".[10] Otaeb, jugpotbhabe Ishwar shobder ortho holo; sera ba shundorer sroshta.",Ishwar shobder ortho ki?,Sera ba shundorer sroshta,Ishwar mane dokkho o shashoker protik.,"Okay, let's analyze this.

**Step 1: Identify each factual claim made by the Model Answer.**

The model answer states: ""Ishwar mane dokkho o shashoker protik."" This translates to ""Ishwar means a symbol of beauty and wonder."" It makes two claims:
1. Ishwar means ""dokkho"" (beauty).
2. Ishwar means ""shashoker protik"" (a symbol of wonder).

**Step 2: Check whether each claim is supported by the Context.**

The context states: ""Ishwar shobder mul 'Ish' er ortho holo, dokkho, malik, shashok."" This directly supports the first claim that ""Ishwar"" relates to ""dokkho"" (beauty). The context also explicitly mentions ""shashok,"" which aligns with the second claim about ""shashoker protik"" (a symbol of wonder).

**Step 3: Based on steps 1-2, decide the final verdict.**

Both claims in the model answer are directly supported by the provided context. Therefore, there is no hallucination.

no",no
bengali--5526839803787627428-10::comprehension,bengali--5526839803787627428-10,comprehension,"Perur bortoman odhinayok hisebe royechen forward Paulo Gurrero.[2] Moddhomather kheloyar Leopoldo Basurto daler prothom odhinayok chilen.[33] 1965 theke 1981 sal porjonto rokkhonvager kheloyar Hector Chumpitaz Peru dole shobcheye beshi shomoy netritte chilen.[2] Forward Claudio Pizarro 2003 theke 2016 sal porjonto ditiyo sorbadhik shomoy dalke netritto diyechen.[33] Daler onnanno ullekhjoggo kheloyarder moddhe royechen - Ruben Diaz, Julio Cesar Uribe, Juan Reynoso o Nolberto Solano.[2]",Peru jatio football doltir prothom odhinayok ke chilen?,Liopoldo Basurto,Peru jatio football doltir prothom coach chilen Paulo Guerrero.,"Okay, let's analyze the model answer.

**Step 1: Factual Claims in the Model Answer**

The model answer makes the following claim: ""Peru jatio football doltir prothom coach chilen Paulo Guerrero."" (Paulo Guerrero was the first coach of the Peruvian national football team).

**Step 2: Verification against the Context**

The context states: ""Moddhomather kheloyar Leopoldo Basurto daler prothom odhinayok chilen."" (Leopoldo Basurto was the first leader of the team). The term ""odhinyak"" can be translated as either ""leader"" or ""coach"". However, the context explicitly names Leopoldo Basurto as the *first* ""odhinyak"". The model answer incorrectly states Paulo Guerrero as the first.  Paulo Guerrero is mentioned later as the current leader (""Perur bortoman odhinayok"").

**Step 3: Final Verdict**

The model answer contradicts the information provided in the context regarding who the first leader/coach was. Therefore, it is hallucinated.

no",no
bengali--6019328074616099894-17::factualness,bengali--6019328074616099894-17,factualness,"1492 khristabder 2 January Cordobar Nasri rajyer potoner maddhome Iberiay Muslim shashoner somapti hoy. Granadar shesh Muslim shashok Dwadash Muhammad, jini Boabdil name porichito, Aragoner raja Ditiyo Ferdinand o Castiler rani Prothom Isabella-r kache atmasamarpan koren.",Umaiya rajbongser shorboshesh raja ke?,Dwadash Muhammad,Umaiya rajbongser shorboshesh raja chhilen Boabdil Muhammad.,"Okay, let's break down this evaluation.

**Step 1: Factual Claims in the Model Answer**

The model answer makes a single factual claim: ""Umaiya rajbongser shorboshesh raja chhilen Boabdil Muhammad."" which translates to ""Boabdil Muhammad was the last king of the Umaiya dynasty.""

**Step 2: Verification Against the Context**

The context states that ""Granadar shesh Muslim shashok Dwadash Muhammad, jini Boabdil name porichito..."" This translates to ""The last Muslim ruler of Granada, known as Boabdil Muhammad..."". It also mentions that Boabdil surrendered to King Ferdinand II of Aragon and Queen Isabella I of Castile.

The crucial point here is that the context refers to *Granada*, not *Umaiya*. While Boabdil Muhammad *was* the last Muslim ruler, the context doesn't explicitly state he was the last king of the Umaiya dynasty. The term ""Umaiya"" isn't mentioned in the provided text. It's possible Boabdil was related to or part of the Umaiya lineage, but the text doesn’t confirm this. Therefore, the answer introduces information not present in the given context.

**Step 3: Verdict**

Since the model answer connects Boabdil Muhammad to the ""Umaiya dynasty,"" a connection not established in the provided context, the answer is considered hallucinated.

no",no
bengali-7845069419413269420-2::inference,bengali-7845069419413269420-2,inference,"1971 khristabde Bangladesh-er Muktijuddho cholakale Pakistani senabahini take atok kore ebong nirjatoner por hotyar jonno guli chalay. Tini oloukikvabe beche jan.[2] Humayun Ahmed rochito prothom uponnash Nondito Norke, 1972 sale prokashito hoy. Sottor doshoker ei shomoy theke shuru kore mrityu obodhi tini chilen Bangla golpo-uponnasher oprotidbondhi karigor. Ei kalporbe tar golpo-uponnasher jonopriota chilo tulonahin. Tar srishto Himu ebong Misir Ali o Shuvro choritroguli Bangladesh-er jubokshrenike gobhirvabe uddelito koreche. Biggan kolpokahinio tar srishtikormer ontorgoto, tar ro",Prokhyato oupannyashik Humayun Ahmed rochito prothom uponnashTi kobe prothom prokashito hoy?,1972 sale,"1971 saler Muktijuddher porpori, mane 1971-er shesh dike prothom prokashito hoy.","Okay, let's break down this evaluation.

**Step 1: Factual Claims in the Model Answer**

The model answer makes the following claims:

1.  Humayun Ahmed's first novel was published after the Liberation War of 1971.
2.  Specifically, it was published towards the end of 1971.

**Step 2: Verification Against the Context**

*   **Claim 1:** The context states that Humayun Ahmed's first novel, *Nondito Norke*, was published in 1972. This directly contradicts the model answer's claim that it was published *after* 1971.
*   **Claim 2:**  This claim further elaborates on Claim 1 and is also incorrect based on the provided context.

**Step 3: Verdict**

Since the model answer provides information directly contradicting the given context regarding the publication date of Humayun Ahmed’s first novel, it is hallucinated.

no",no
bengali--3468434785411613061-9::factualness,bengali--3468434785411613061-9,factualness,1912 sale Ibne Saud Najd o Araber purbo upokule tar ovijan somponno koren. Erpor tini Ikhwan namok bahini gothon koren. Eki bochor jajabor Beduinderke bibhinno colony te bosoti sthapon korar niti chalu koren.,Ikhwan dolti kobe gothito hoy?,1912 sale,Ikhwan dolti 1911 saler sheshe gothito hoy.,"Okay, let's analyze this.

**Step 1: Factual Claims in the Model Answer**

The model answer states: ""Ikhwan dolti 1911 saler sheshe gothito hoy."" (The Ikhwan army was formed towards the end of 1911.)

**Step 2: Verification Against the Context**

The provided context states: ""1912 sale Ibne Saud Najd o Araber purbo upokule tar ovijan somponno koren. Erpor tini Ikhwan namok bahini gothon koren."" (In 1912, Ibn Saud established a military force to control Najd and the eastern part of Arabia. After that, he formed the Ikhwan army.)

This directly contradicts the model answer. The context explicitly says the Ikhwan army was formed *after* 1912, not towards the end of 1911.

**Step 3: Verdict**

The model answer makes a factual claim about the formation date of the Ikhwan that is demonstrably false based on the provided context. Therefore, it is hallucinated.

no",no
bengali--9105179977372456588-2::comprehension,bengali--9105179977372456588-2,comprehension,1965 saler 31 July England-er Gloucestershire-er Yate shohore jonmogrohon koren J.K. Rowling. Tar babar nam Peter ebong mayer nam Anne. Tar baba chilen engineer ebong ma chilen gobeshonagarer technician. Rowling er puro nam Joanne Kathleen Rowling. Rowling er choto aro ek bon royeche. Chotobela ta kate gramyo poribeshe.,J. K. Rowling-er mayer nam ki?,Anni,J. K. Rowling-er mayer nam chhilo Peter Rowling.,"Okay, let's analyze this.

**Step 1: Factual Claims in the Model Answer**

The model answer states: ""J. K. Rowling-er mayer nam chhilo Peter Rowling."" (J. K. Rowling's mother's name was Peter Rowling.)

**Step 2: Verification against the Context**

The context states: ""Tar babar nam Peter ebong mayer nam Anne."" (Her father’s name was Peter and her mother’s name was Anne.) The model answer incorrectly claims the mother's name was Peter. This contradicts the provided context.

**Step 3: Verdict**

The model answer provides information that is not present in the context and directly contradicts a statement within the context. Therefore, it is hallucinated.

no",no
bengali--702710937599857272-3::inference,bengali--702710937599857272-3,inference,"Halaku Khaner kompokkhe tinjon shontan chilo. Tara holen Abaka Khan, Takudar o Tarakai. Abaka Khan 1265 theke 1282 sal porjonto Parsyer ditiyo Ilkhan chilen. Erpor Takudar 1282 theke 1284 porjonto Ilkhan chilen. Tarakaiyer putro Baidu 1295 sale Ilkhan hon.[4] 15sh shotabdir itihashbid Mir Khawand aro dui shontaner nam ullekh korechen, tara holen Hiyaksamat o Tandun. Hiyaksamat prothome Armenia o Azerbaijan ebong Tandun Diyarbakir o Iraker governor-er daittoe chilen.[5] Tader jonmer dharabahikotar talikati evabe lipiboddho royeche: Abaka, Hiyaksamat, Tandun, Takudar o Tarakai.",Ilkhanater ditiyo shasok ke chilen?,Abaka Khan,"Ilkhanater ditiyo shasok chilen Takudar, karon Abaka Khaner poroborti shomoy-e tini Ilkhan hisebe beshi porichito hon.","Okay, let's analyze the model answer step-by-step.

**Step 1: Factual Claims in the Model Answer:**

The model answer makes two primary claims:

1.  ""Ilkhanater ditiyo shasok chilen Takudar"" (Takudar was the second ruler of the Ilkhanate).
2.  ""karon Abaka Khaner poroborti shomoy-e tini Ilkhan hisebe beshi porichito hon"" (because he was more well-known as Ilkhan after Abaka Khan).

**Step 2: Verification Against the Context:**

*   **Claim 1: ""Takudar was the second ruler of the Ilkhanate.""** The context states that Abaka Khan was the second Ilkhan (1265-1282) and Takudar ruled from 1282-1284. This directly supports the claim that Takudar was the *second* ruler.

*   **Claim 2: ""because he was more well-known as Ilkhan after Abaka Khan.""** This part is a bit tricky. While the text does state Takudar followed Abaka Khan, the assertion that he was ""more well-known"" isn't explicitly stated or implied in the provided context. It’s an interpretation rather than a direct statement of fact. However, it doesn't contradict any information in the text either. It's a reasonable inference, even if not explicitly stated.

**Step 3: Final Verdict:**

Since the core claim about Takudar being the second ruler is directly supported by the context, and the secondary claim, while not explicitly stated, isn't contradicted, I would consider the answer acceptable. There's no hallucination here.

no",no
bengali-3279821707062003108-0::inference,bengali-3279821707062003108-0,inference,"Kudankulam poromanobik bidyut kendro Bharoter Tamil Nadu rajyer dokkhine somudrotire gore utheche. Bidyut kendroti Bharat sarkar Rashiar sohojogitay gore tuleche. 2002 er 31she March poromanobik bidyut kendrotir nirmaan kaj shuru hoy.[3] Kintu sthaniyo jeleder birodher karone nirmaan kaj bilomber shommukhin hoyechilo.[4][5] KKNPP-er 6,000 megawatt bidyut utpadon khomota shoho, Russian State Company ebong Bharotiyo parmanobik shokti nigom (NPCIL)-er sohojogitay 6 ti VVER-1000 chulli sthaponer porikolpona kora hoyechilo.[6]",Bharoter Tamilnadu rajyer Kudankulam parmanobik bidyut kendrotir nirmaan kaj kon sal theke shuru hoyechilo?,2002,"Kudankulam-er nirmaan kaj 2004 theke shuru hoyechilo, karon oi shomoy Rashiar sohojogitay prokolpo-ta prokrito bhabe gati pay.","Okay, let's analyze the model answer step by step.

**Step 1: Identify factual claims in the Model Answer.**

The model answer makes two factual claims:

1.  ""Kudankulam-er nirmaan kaj 2004 theke shuru hoyechilo"" (Construction work of Kudankulam started from 2004).
2.  ""...karon oi shomoy Rashiar sohojogitay prokolpo-ta prokrito bhabe gati pay"" (...because at that time, with Russia's cooperation, the project gained natural momentum).

**Step 2: Check for support in the Context.**

*   **Claim 1:** The context states ""2002 er 31she March poromanobik bidyut kendrotir nirmaan kaj shuru hoy."" (Construction work of the nuclear power plant began on March 31, 2002). This directly contradicts the model answer's claim of 2004.
*   **Claim 2:** The context mentions Russia's cooperation and the project being built with Russia's assistance. While this supports the *idea* of Russian cooperation, the specific phrasing about the project gaining ""natural momentum"" in 2004 is not present and appears to be an interpretation or addition beyond what's stated in the provided text.

**Step 3: Verdict**

The model answer contains a factual error regarding the start date of construction. It incorrectly states 2004 when the context clearly says 2002. The second part of the answer, while loosely related to the context, adds information not explicitly stated. Because of the incorrect start date, the answer is considered hallucinated.

no",no
bengali-7889114752604636566-0::comprehension,bengali-7889114752604636566-0,comprehension,Rajshahi College Bangladesh-er Rajshahi shohore obosthito ekta shikkhaprotisthan. 1873 shale ei college-ti protishthito hoy. Dhaka College o Chattogram College er pore Rajshahi College Bangladesh-er 3y prachintom college. Jatiyo Bishwabidyaloyer odhibhukto snatok o snatokottor storer 685ti college-er 2015 shaler tothyer vitti te Rajshahi College Bangladesh-er sera college.[1][2] Bangladesh-e ei college hotei sorboprothom Masters degree prodan kora shuru hoy. College-ti Rajshahi shohorer kendrosthole Rajshahi Collegiate School er pashe obosthito. Ei prachin college-er pashe obosthito hobar karone school-tir nam Collegiate rakha hoyechilo. Eti Bangladesh Jatiyo Bishwabidyal,Rajshahi College kon bishwobidyaloyer ontorgoto?,Bangladesh jatio bishwobidyaloyer,Rajshahi College Dhaka Bishwobidyaloyer ontorgoto chhilo.,"Okay, let's analyze this.

**Step 1: Factual Claims in the Model Answer**

The model answer states: ""Rajshahi College Dhaka Bishwobidyaloyer ontorgoto chhilo."" which translates to ""Rajshahi College was affiliated with Dhaka University.""

**Step 2: Verification against the Context**

The context mentions that Rajshahi College is under the jurisdiction of the National University (Jatiyo Bishwabidyaloyer adhibhukto). It explicitly states that Rajshahi College is one of the oldest colleges after Dhaka College and Chattogram College. There is *no* mention of Rajshahi College being affiliated with Dhaka University. The context indicates it's part of the National University system.

**Step 3: Verdict**

The model answer makes a claim about Rajshahi College being affiliated with Dhaka University, which is directly contradicted by the provided context. Therefore, the answer is hallucinated.

no",no
bengali-2641143326428525515-3::specificity,bengali-2641143326428525515-3,specificity,1983 sale David Chaum tar gobeshona potro te digital mudrar dharona diyechilen.[5] 1990 sale tini DigiCash ekta electronic nogod songstha (cash company) protistha koren. Amsterdam e tar gobeshonar banijjik bikash ghotanor jonno tini eta koren.[6],Digital mudrar dharona prothom ke diyechhilen?,David Choum,Digital mudrar dharona prothom 1990 e DigiCash diyechhilen.,"Okay, let's analyze this.

**Step 1: Factual Claims in the Model Answer**

The model answer makes the following claim: ""Digital mudrar dharona prothom 1990 e DigiCash diyechhilen.""  This translates to ""David Chaum first gave the concept of digital currency in 1990 through DigiCash.""

**Step 2: Verification Against the Context**

The context states: ""1983 sale David Chaum tar gobeshona potro te digital mudrar dharona diyechilen.[5]"" This translates to ""In 1983, David Chaum presented the concept of digital currency in his research paper [5]."" The context *also* states that he founded DigiCash in 1990, but it does *not* say he introduced the concept *through* DigiCash. It says he introduced the concept in 1983.

**Step 3: Verdict**

The model answer contradicts the provided context. The context clearly indicates the concept was introduced in 1983, not 1990 via DigiCash. DigiCash came later as a commercial development based on that earlier concept. Therefore, the answer is hallucinated.

no",no
bengali-9158892565348486165-0::comprehension,bengali-9158892565348486165-0,comprehension,"Shombhu Mitra (22 August, 1915 – 19 May, 1997) chilen Bangla tatha Bharatiyo natyojogoter ek kingbodonti byaktitto, swonamdhonno abrittishilpi o cholocchitro obhineta. 1939 sale banijjik natyomonche jog den. Pore Bharatiyo Gananatya Sangher sodossho hon. 1948 sale Manoranjan Bhattacharyer netritte gore tolen natyosongstha Bohurupee. 1949 sal theke 1971 sal porjonto Bohurupeer proyojonay Rabindranath Thakur, Sophocles, Henrik Ibsen, Tulsi Lahiri ebong onnanno bishishta natyokarer rochona tar porichalonay monchostho hoy. Shombhu Mitrer stri Tripti Mitra o",Shombhu Mitra koto sale Bharat sarkarer Padmabhushan shommane bhushito hon?,1976,Shombhu Mitra mone hoy 1971 shale Bharat sarkarer Padmabhushan pan.,"Okay, let's analyze the model answer.

**Step 1: Factual Claims in the Model Answer**

The model answer makes one key factual claim: ""Shombhu Mitra mone hoy 1971 shale Bharat sarkarer Padmabhushan pan.""  This translates to ""It seems that Shombhu Mitra received the Padma Bhushan award from the Indian government in 1971.""

**Step 2: Verification against the Context**

The provided context discusses Shombhu Mitra's life and career, including his involvement in Bengali and Indian theatre, his work with various theatre groups like Bohurupee, and performances of works by Tagore, Sophocles, Ibsen, and Tulsi Lahiri. However, **the context does not mention anything about Shombhu Mitra receiving the Padma Bhushan award, nor does it mention any awards at all.** It only provides biographical details about his theatrical activities.

**Step 3: Verdict**

Since the context does not contain information about Shombhu Mitra receiving the Padma Bhushan, the model answer is hallucinating this information. The phrase ""mone hoy"" (""it seems"") doesn't excuse the lack of supporting evidence within the provided text.

no",no
bengali--470226314479732209-2::comprehension,bengali--470226314479732209-2,comprehension,"Manali shashon byabosthar dik theke Kullu jelaroi ontorgoto, er jonoshonkha kom-beshi 30,000. Choto shohorta prachin Ladakh banijjo pother shurute ebong sekhan theke Karakoram giripother upor diye Tarim Basin-er Yarkand ar Khotan porjonto ei poth.",Bortomane Manali shohorer mot jonsongkha koto?,"kom-beshi 30,000",Bortomane Manali shohorer mot jonsongkha prai 3 lakh-er moto.,"Okay, let's analyze this.

**Step 1: Factual Claims in the Model Answer**

The model answer states: ""Bortomane Manali shohorer mot jonsongkha prai 3 lakh-er moto."" which translates to ""The current population of Manali town is approximately around 3 lakhs."" This is a single, specific numerical claim about the population of Manali.

**Step 2: Verification against the Context**

The provided context states: ""Manali shashon byabosthar dik theke Kullu jelaroi ontorgoto, er jonoshonkha kom-beshi 30,000."" This translates to ""Manali is located within the administrative area of Himachal Pradesh and is part of the Kullu district, with a population of more than 30,000.""

The context explicitly gives a population figure of ""more than 30,000"" for Manali. The model answer claims a population of ""approximately 3 lakhs"" (300,000). These figures are vastly different. There is no information in the context that supports the model's claim of 3 lakhs. The context even implies a much smaller population.

**Step 3: Verdict**

The model answer provides a population figure that is not supported by, and directly contradicts, the information given in the context. Therefore, it is hallucinated.

no",no
bengali-9158892565348486165-0::factualness,bengali-9158892565348486165-0,factualness,"Shombhu Mitra (22 August, 1915 – 19 May, 1997) chilen Bangla tatha Bharatiyo natyojogoter ek kingbodonti byaktitto, swonamdhonno abrittishilpi o cholocchitro obhineta. 1939 sale banijjik natyomonche jog den. Pore Bharatiyo Gananatya Sangher sodossho hon. 1948 sale Manoranjan Bhattacharyer netritte gore tolen natyosongstha Bohurupee. 1949 sal theke 1971 sal porjonto Bohurupeer proyojonay Rabindranath Thakur, Sophocles, Henrik Ibsen, Tulsi Lahiri ebong onnanno bishishta natyokarer rochona tar porichalonay monchostho hoy. Shombhu Mitrer stri Tripti Mitra o",Shombhu Mitra koto sale Bharat sarkarer Padmabhushan shommane bhushito hon?,1976,Shombhu Mitra Bharat sarkarer Padmabhushan shommane **1978 sale** bhushito hon.,"Okay, let's analyze the model answer step by step.

**Step 1: Factual Claims in the Model Answer**

The model answer makes one key factual claim: ""Shombhu Mitra Bharat sarkarer Padmabhushan shommane **1978 sale** bhushito hon."" This translates to: ""Shombhu Mitra was awarded the Padma Bhushan by the Indian government in **1978**.""

**Step 2: Verification Against the Context**

The provided context discusses Shombhu Mitra's life and career, detailing his involvement in Bengali and Indian theatre, his work with various theatre groups like Bharatiya Gananatya Sangha and Bohurupee, and mentions his wife, Tripti Mitra. However, **the context does not mention anything about Shombhu Mitra receiving the Padma Bhushan award, nor does it specify the year he received any awards.**  It only provides information about his early career milestones and affiliations with theatre organizations.

**Step 3: Verdict**

Since the context doesn't contain any information about Shombhu Mitra receiving the Padma Bhushan or the year of the award, the model answer is making a claim that isn't supported by the given text. Therefore, it is hallucinated.

no",no
bengali--5439317380318953633-0::inference,bengali--5439317380318953633-0,inference,"Abu Bishr Amr ibne Usman ibne Kanbar Al Bisri (anumaanik 760-796) (Arabic: Abu Bishr Amr bin Uthman bin Qanbar al-Basri), sadharonvabe Sibawayeh name porichito (Sibويه) (tar mul Farsi nam chilo Sibuyeh Sēbōē), chilen Arbi vashar ekjon probhabshali vashabid o byakoronbid. Tar lekha Al Kitab Arbi vashar prothom likhito byakoron.[3] Arbi byakoron o vashatotte tar ullekhjoggo probhab thakleo tini chilen ekjon Parsian ebong tar matrivasha Arbi chilo na. Tini poroborti jibone Arbi shekhen. Take Arbi vashar shorbokaler shreshtho vashabid",Abu Bishr Amr ibne Usman ibne Kanbar Al Bisri likhito sorboprothom byakoron boitir nam ki?,Al Kitab,Tar likhito sorboprothom byakoron boi chilo **Sibuyeh Nama**.,"Okay, let's analyze this.

**Step 1: Identify factual claims in the Model Answer.**

The model answer states: ""Tar likhito sorboprothom byakoron boi chilo **Sibuyeh Nama**."" This translates to ""His written first grammar book was **Sibuyeh Nama**."" The core claim is that Abu Bishr Amr ibn Usman ibn Kanbar Al Bisri wrote a book called ""Sibuyeh Nama"" which was the first grammar book.

**Step 2: Check if the claims are supported by the Context.**

The context states: ""Tar lekha Al Kitab Arbi vashar prothom likhito byakoron.[3]"" This translates to ""His writing was the first written grammar of Arabic [Al Kitab]."" It also mentions ""sadharonvabe Sibawayeh name porichito (Sibويه)"" which means ""commonly known as Sibwayh (Sibويه).""  It further clarifies that ""tar mul Farsi nam chilo Sibuyeh Sēbōē"", meaning ""his origin was Persian named Sibuyeh Sēbōē"". Crucially, the context does *not* state that Abu Bishr Amr ibn Usman ibn Kanbar Al Bisri wrote a book called ""Sibuyeh Nama."" Instead, it says he authored ""Al Kitab,"" which is considered the first written grammar of Arabic. The name ""Sibwayeh"" is his common name/title, not the title of his book.

**Step 3: Determine the Verdict**

The model answer incorrectly attributes the title ""Sibuyeh Nama"" to Abu Bishr Amr ibn Usman ibn Kanbar Al Bisri. The context identifies ""Al Kitab"" as his work, and ""Sibwayeh"" as his common name. Therefore, the answer is hallucinated.

no",no
bengali--2235296158453058421-4::factualness,bengali--2235296158453058421-4,factualness,"Golondaj bahinir prodhan nihoto howar por Sirajuddoula Mir Jafar o Ray Durlovke tader aswarohi bahini niye tibro bege ogroshor hote nirdesh den. Kintu ubhoy senapati tar nirdesh amannya koren. Tader jukti chhilo golondaj bahinir sohojogita chara ogroshor howa atmaghati byapar. Kintu Company o Nawaber bahinir moddhe tokhon durotto matro koyekshot goj. Bisshosto senapati Mohon Lal Nawabke poramorsho den juddho-birati ghotle biporjoy oboshyombhabi, kintu Siraj Mir Jafar promukher poramorshe poshchatposhoroner siddhanto nen. Bikel pachtay Sirajuddoular bahini nirdeshonar obhave",1757 sale Polashir juddhe Ingrejder mot kotojon soinik mara jay?,7,1757 sale Polashir juddhe Ingrejder mot **12 jon soinik** mara jay.,"Okay, let's analyze this.

**Step 1: Factual Claims in the Model Answer**

The model answer makes one primary factual claim: ""1757 sale Polashir juddhe Ingrejder mot **12 jon soinik** mara jay."" (In the 1757 Battle of Plassey, **12 English soldiers** died).

**Step 2: Verification Against the Context**

The provided context discusses the events leading up to and during the Battle of Plassey (Polashir juddho), including the actions of Sirajuddoula, Mir Jafar, and other figures. It mentions disagreements about strategy and a failed attempt at negotiation. However, *it does not provide any information whatsoever about the number of British (Ingrej) soldiers killed in the battle.* The text focuses on political maneuvering and military decisions, not casualty figures.

**Step 3: Verdict**

Since the context provides absolutely no information regarding the number of British soldiers killed in the Battle of Plassey, the model's claim of ""12"" is entirely unsupported and therefore constitutes a hallucination.  It is fabricating information not present in the given text.

no",no
bengali-2375266230086305076-1::comprehension,bengali-2375266230086305076-1,comprehension,Shyazel chobitir chitronatyo lekhen 2010 sale kintu tar golpovabna poriborton na kore chobitike orthayon korbe kon studio khuje pan ni. 2014 saler tar cholocchitro Whiplash er safolyer fole ei project ti ney Summit Entertainment. Chobitir chitrodharon hoy 2015 saler August theke September mase Los Angeles e. La La Land chobitir udbodhoni prodorshoni hoy 73tom Venice International cholocchitro utsobe 2016 saler 31she August ebong Juktorashtrer prekshagrihe chobiti mukti pay 2016 sale 9i December. Matro 30 million Markin dollar bajete nirmito chobiti sara bishwe pray 416.8 million Markin dollar ay kore.,Damien Chazelle porichalito Whiplash cholochitroter projojok ke chilen?,Shajel,Summit Entertainment chhilo projojok.,"Okay, let's analyze this.

**Step 1: Factual Claims in the Model Answer:**

The model answer states: ""Summit Entertainment chhilo projojok."" which translates to ""Summit Entertainment was the producer.""

**Step 2: Verification against the Context:**

The context explicitly mentions: ""2014 saler tar cholocchitro Whiplash er safolyer fole ei project ti ney Summit Entertainment."" This translates to ""Following the success of his film Whiplash in 2014, this project was taken by Summit Entertainment.""  This directly supports the claim that Summit Entertainment was involved with the project (La La Land).

**Step 3: Verdict:**

Since the context provides direct evidence supporting the model's answer, there is no hallucination.

no",no
bengali-6543940287332686430-1::specificity,bengali-6543940287332686430-1,specificity,"Ei institute-ti cholocchitro, binodon, byabsha ebong pondit somprodayer netritto-shil byaktiborgo-r dara porichalito hoy. Trustee Board-er prodhan Sir Howard Stringer ebong Board of Directors-er prodhan Robert A. Daly songsthatir nirdeshona diye thaken, ebong 2014 saler October theke eti mohaporichalok o prodhan nirbahi kormokorta Bob Gazzale songsthati porichalona kore aschen. Purboborti porichalokgon holen er protisthata porichalok George Stevens Jr. (1967 sale songsthati protisthar shomoy theke 1980 sal porjonto) ebong Jean Picker Firstenberg (1980 theke 2007 sal porjonto).[2]",American Film Institute-er Board of Directors-er prodhan ke?,Robert A. Deli,American Film Institute-er Board of Directors-er prodhan mone hoy Sir Howard Stringer.,"Okay, let's analyze this.

**Step 1: Factual Claims in the Model Answer**

The model answer makes one primary factual claim: ""American Film Institute-er Board of Directors-er prodhan mone hoy Sir Howard Stringer."" (The head of American Film Institute's Board of Directors is believed to be Sir Howard Stringer.)

**Step 2: Verification Against the Context**

The context states: ""Trustee Board-er prodhan Sir Howard Stringer ebong Board of Directors-er prodhan Robert A. Daly songsthatir nirdeshona diye thaken..."" This translates to ""Sir Howard Stringer is the head of the Trustee Board and Robert A. Daly is the head of the Board of Directors, giving directions to the institution...""

Therefore, the model answer is partially correct; it identifies Sir Howard Stringer as holding a leadership position but incorrectly assigns him the role of *Board of Directors* head. The context explicitly states that Robert A. Daly holds that position. However, since the model answer doesn't outright contradict the text, just misinterprets a detail, it's not a complete hallucination. It's an error in attribution, but based on information present in the provided text.

**Step 3: Final Verdict**

The model answer contains a factual inaccuracy stemming from a misinterpretation of the text, but it doesn't fabricate information.

no",no
bengali--5004896482843051611-1::specificity,bengali--5004896482843051611-1,specificity,"Ayotoner dik theke Germany Europe-er 7m brihottom rashtra. Uttore North Sea o Baltic Sea-r upokuliyo nimnobhumi theke moddhobhager dheu khelano pahar o nodi upotyaka ebong taro dokkhine ghon oronyabrityo porbot o borofabrityo Alps porbotmala deshtir bhu-prokritike boichitromoy koreche. Deshtir moddho diye Europe-er onekgulo prodhan prodhan nodi jemon Rhine, Danube, Elbe probahito hoyeche ebong deshtike ekta banijjik kendre porinoto korte shahajjo koreche.",Ayotoner dik theke Germany Europe-er kottom brihottom rashtra?,7om,Germany ayotoner dik theke Europe-er 5om brihottom rashtra.,"Okay, let's analyze this.

**Step 1: Factual Claims in the Model Answer**

The model answer states: ""Germany ayotoner dik theke Europe-er 5om brihottom rashtra."" which translates to ""From Ayton's direction, Germany is the 5th largest country in Europe.""

**Step 2: Verification Against the Context**

The context states: ""Ayotoner dik theke Germany Europe-er 7m brihottom rashtra,"" which translates to ""From Ayton's direction, Germany is the 7th largest country in Europe.""  The context explicitly says Germany is the *7th* largest, not the 5th.

**Step 3: Verdict**

The model answer contradicts the information provided in the context. It claims Germany is the 5th largest when the context states it is the 7th largest. This constitutes a hallucination because the model is fabricating information not present in the given text.

no",no
bengali--5990277188213233200-21::comprehension,bengali--5990277188213233200-21,comprehension,John Cinar sorboprothom cinema mukti pay WWE Studio er bannere. Tar prothom cinemar nam The Marine jeti mukti pay October 13 2006 sale. Ei cinemati prothom soptah e US$07 Million ay kore. Ei chobir DVD mukti pele eti aro jonopriyo hoye uthe. Ebong 12 tom soptah e eshe US$30 million ay kore. Tar 2y cinema 12 Rounds mukti pay 27 March 2009 sale. Tar 3y chobi Legendary September 28 2010 sale mukti pay.,"Markin peshadar kustigir, rapper, obhineta Felix Anthony Cenar prothom cholochitrer nam ki?",The Marine,12 Rounds chhilo tar prothom cholochitro.,"Okay, let's break this down.

**Step 1: Factual Claims in the Model Answer**

The model answer states: ""12 Rounds chhilo tar prothom cholochitro."" which translates to ""12 Rounds was his first movie.""

**Step 2: Verification against the Context**

The context states: ""Tar 2y cinema 12 Rounds mukti pay 27 March 2009 sale."" This means ""His second movie, 12 Rounds, was released on March 27, 2009.""  The context explicitly states that 12 Rounds was his *second* movie, not his first. The first movie mentioned is ""The Marine"".

**Step 3: Verdict**

Since the model answer claims 12 Rounds was the first movie when the provided text clearly indicates it was the second, the answer is hallucinated.

no",no
bengali--5503166637136263200-39::comprehension,bengali--5503166637136263200-39,comprehension,"Biday Hajj theke ferar por Hijri 11 saler Safar mase Muhammad jwore akranto hon. Jworer tapmatra prochondo howar karone pagrir upor thekeo ushnota onubhuto hochchilo. Osustho obosthateo tini egaro din namazer imamoti koren. Osusthota tibro howar por tini sokol strir onumoti niye Aishar grihe obosthan korte thaken. Bola hoy, ei osusthota chilo Khaibarer ek Ihudi narir toiri bish meshano khabar grohoner karone. Stri Aishar kole matha rekhe, tini Aishake tar sorbosesh parthib sompotti (sat kingba at dinar) dan kore dite bolen (kothito ache ta tini bolen mrityur ek din purbe), erpor tini tar jiboner",Nobi Muhammad er mrityur karon ki chilo?,jwore,Tar mrityur karon chilo Khaibarer bishkriya.,"Okay, let's analyze this.

**Step 1: Factual Claims in the Model Answer**

The model answer states: ""Tar mrityur karon chilo Khaibarer bishkriya."" which translates to ""His death was caused by the poison of Khaibar.""

**Step 2: Verification against the Context**

The context states that Nabi Muhammad experienced intense heat after returning from Hajj, suffered illness, performed prayers for eleven days, and then sought refuge in Ayesha's home due to the severity of the illness. The context attributes this illness to ""Khaibarer ek Ihudi narir toiri bish meshano khabar grohoner karone"" - ""due to eating poisoned meat from a Jewish woman from Khaibar.""  This directly links the illness, not necessarily *death*, to the poisoned food. However, the context strongly implies the poisoning contributed to his declining health. The text doesn't explicitly state that the poisoning *caused* his death, but it presents it as the immediate trigger for his severe illness.

**Step 3: Verdict**

While the context does not definitively state that the poisoning *caused* Muhammad's death, it heavily implies it was a significant factor leading to his illness, which ultimately led to his demise. Therefore, the model's answer isn't entirely fabricated, but it makes a stronger causal claim than the provided text fully supports. It's a reasonable inference, but still slightly overstates the directness of the connection. Given the ambiguity, I would classify this as a hallucination.

no",no
bengali--2360904266908875273-1::comprehension,bengali--2360904266908875273-1,comprehension,Bharotiyo jatiyotabadi neta Surendranath Bandyopadhyayer udyoge 1922 sale gonotantrik sayattashashon songstha hisebe Kolkata Poursongstha protishthito hoy. 1947 sale Bharat shadhin howar por 1951 o 1956 sale dui bar Corporation ain shongshodhon kora hoyechilo. Bortoman Poursongsthati 1980 saler shongshodhito pour ainer vitti te porichalito hoy. Shovon Chattopadhyay Kolkata Poursongsthar bortoman mohanagorik.,Kolkata poursongsthar bortoman mohanagorik ke?,Shovon Chattopadhyay,Subhash Chandra Bose chhilen bortoman mohanagorik.,"Okay, let's analyze this.

**Step 1: Identify factual claims in the Model Answer.**

The model answer states: ""Subhash Chandra Bose chhilen bortoman mohanagorik."" which translates to ""Subhash Chandra Bose was the current mayor.""

**Step 2: Check if the claims are supported by the context.**

The context states: ""Shovon Chattopadhyay Kolkata Poursongsthar bortoman mohanagorik."" This translates to ""Shovon Chattopadhyay is the current mayor of Kolkata Municipal Corporation.""  The context explicitly names Shovon Chattopadhyay as the current mayor. It does *not* mention Subhash Chandra Bose as being the current mayor, nor does it suggest he ever held that position.

**Step 3: Verdict**

The model answer provides information not found in the provided context and contradicts the explicit statement within the context. Therefore, it is a hallucination.

no",no
bengali-1937732384790147463-3::factualness,bengali-1937732384790147463-3,factualness,"Intel sthapito hoy 1968 shale Mountain View, California-y. Gordon E. Moore (ekjon rosayonbid ebong podarthobid) ebong Robert Noyce (podarthobid ebong integrated circuit-er sohokari udbhabok) jokhon ""Fairchild Semiconductor"" chere jan tokhon tara eti protistha koren. Protisthar por er tritiyo chakurijibi chilo Andy Grove[10], ekjon rashayonik karigor jini ei company-ke porichalona koren 1980 er doshoker beshirvog ebong 1990 er doshoker shomoy jokhon Intel unnotilav korechilo.
Prothomdike Moore ebong Noyce cheyechhilen company-r nam rakha hobe ""Moore Noyce""[11], kintu eti shunte pray ""more noise"" er moto shonay ebong electronic",Intel Corporation company ke protistha koren?,Gordon E. Moore (ekjon rosayonbid ebong podarthobid) ebong Robert Noyce,Intel Corporation protistha koren Andy Grove ebong Gordon Moore.,"Okay, let's analyze the model answer step by step.

**Step 1: Factual Claims in the Model Answer:**

The model answer states: ""Intel Corporation protistha koren Andy Grove ebong Gordon Moore."" This translates to ""Andy Grove and Gordon Moore founded Intel Corporation.""

**Step 2: Verification against the Context:**

*   **Andy Grove:** The context explicitly mentions Andy Grove as the third key figure after Moore and Noyce, and that he managed the company during a critical period. This supports his involvement, though not necessarily *founding*.
*   **Gordon Moore:** The context clearly states that Gordon Moore was one of the founders alongside Robert Noyce.

**Step 3: Overall Assessment:**

The context indicates that Gordon Moore was a founder. It also mentions Andy Grove's significant role later, but doesn't definitively state he was a founder. While the context does not explicitly say both founded the company, it strongly implies Moore did and mentions Grove's crucial leadership. Therefore, the claim that both founded the company is a slight exaggeration and could be considered a hallucination, particularly if the question demands strict adherence to what is stated. However, given the context, it isn't entirely unfounded.

no",no
bengali-8974397943858364761-7::inference,bengali-8974397943858364761-7,inference,"Hakaluki Haor Bangladesh-er shorbobrihot haor. Er ayoton 18,115 hector, tonmoddhe shudhumatro biler ayoton 4,400 hector. Eti brihottor Sylhet jelar Borolekha (40%), Kulaura (30%), Fenchuganj (15%), Golapganj (10%) ebong Beanibazar (5%) jure bistrito. Bhutatttikvabe er obosthan, uttore Bharoter Meghalaya pahar ebong purbe Tripura paharer padodeshe. Bhutatttik boishishtyer karone ujane prochur pahar thakay Hakaluki Haore pray proti bochorei akoshmik bonna hoy. Ei haore 80-90ti choto, boro o majhari bil royeche.[2] Sheetkale eshob bilke ghire porijayi pakh",Hakaluki Haor Bangladesh-er kon jelay obosthito?,Sylhet,Hakaluki Haor mainly Moulvibazar jelay obosthito.,"Okay, let's analyze this.

**Step 1: Identify factual claims.**

The model answer states: ""Hakaluki Haor mainly Moulvibazar jelay obosthito."" This translates to ""Hakaluki Haor is mainly located in the Moulvibazar district.""

**Step 2: Check against the context.**

The context says Hakaluki Haor is primarily in Sylhet district, with portions also in Borolekha (40%), Kulaura (30%), Fenchuganj (15%), Golapganj (10%), and Beanibazar (5%). It *does not* mention Moulvibazar at all.  Sylhet district encompasses Moulvibazar district. However, the text emphasizes Sylhet and its subdivisions, not Moulvibazar as a primary location.

**Step 3: Verdict**

The model answer introduces information (Moulvibazar) that is not present in the provided context. While Moulvibazar might be part of the larger Sylhet region, the text specifically highlights Sylhet and its sub-districts. Therefore, the answer is hallucinated.

no",no
bengali--1017639988632295163-2::specificity,bengali--1017639988632295163-2,specificity,"Bishwer shobcheye jonobohul deshgulor talikay Bangladesher obosthan oshtom jodio ayotoner hisebe Bangladesh bishwe 94tom; fole Bangladesh bishwer shobcheye ghonobosotipurno deshgulor nobom. Matro 56 hajar borgomailer-o kom ei khudrayotoner deshtir prakkolito (2018) jonoshonkha 18 kotir beshi orthat proti borgomaile jonobosoti 2889 jon (proti borgo kilometare 1115 jon). Rajdhani Dhaka shohorer jonoshonkha 1.44 koti ebong Dhaka mohanogorir jonoghonotto proti borgomaile 19,447 jon.[2] Desher jonoshonkhar 99 shotangsho manusher matrivasha Bangla; sakkhorotar har 72 shotang",Jonoshongkhar bichare 2018 sale Bangladesh prithibite kottom sthan odhikar koreche?,oshtom,2018 er hishabe Bangladesh jonoshongkhar dik diye prithibite doshom sthane chhilo.,"Okay, let's analyze the model answer.

**Step 1: Factual Claims in the Model Answer**

The model answer makes the following claim: ""2018 er hishabe Bangladesh jonoshongkhar dik diye prithibite doshom sthane chhilo."" (According to 2018, Bangladesh ranked 10th globally in terms of population.)

**Step 2: Verification against the Context**

The context states: ""Bishwer shobcheye jonobohul deshgulor talikay Bangladesher obosthan oshtom jodio ayotoner hisebe Bangladesh bishwe 94tom; fole Bangladesh bishwer shobcheye ghonobosotipurno deshgulor nobom."" This translates to: ""In the list of the world's most populous countries, Bangladesh is ranked 94th among the least populous countries; therefore, Bangladesh is among the world's least densely populated countries.""

The context *does not* state that Bangladesh was 10th in terms of population. It explicitly says Bangladesh was 94th among the *least* populous countries.  This contradicts the model's assertion of being 10th overall.

**Step 3: Verdict**

The model answer presents a fact that is not present in the provided context and directly contradicts a statement within the context. Therefore, it is hallucinated.

no",no
bengali--9074820732379768553-2::specificity,bengali--9074820732379768553-2,specificity,"Islam shobdoti esheche Arbi s-l-m shobdoti hote; jar du'ti ortho: 1. shanti 2. atmasamarpan kora. Songkhepe, Islam holo shanti (protistha)'r uddeshe ek o odditiyo Ishwar (Allah)-er kache atmasamarpan kora.",Islam shobdoti utpotti kon shobdo theke hoyeche?,Arbi s-l-m,"Islam shobdoti mone hoy Arbi ""salam"" shobdo theke esheche, jar ortho shudhu shanti.","Okay, let's analyze the model answer.

**Step 1: Factual Claims in the Model Answer**

The model answer makes two primary claims:

1.  ""Islam shobdoti mone hoy Arbi 'salam' shobdo theke esheche."" (The word 'Islam' means it comes from the Arabic word 'salam'.)
2.  ""jar ortho shudhu shanti."" (whose meaning is only peace.)

**Step 2: Verification Against the Context**

*   **Claim 1:** The context states that ""Islam shobdoti esheche Arbi s-l-m shobdoti hote."" This directly supports the first claim that the word 'Islam' originates from the Arabic 's-l-m'.
*   **Claim 2:** The context mentions that one of the meanings of 's-l-m' is ""shanti"" (peace). However, it *also* mentions another meaning: ""atmasamarpan kora"" (submission/surrender). The model answer simplifies this to *only* meaning ""shanti,"" omitting the crucial element of submission.

**Step 3: Final Verdict**

While the origin of the word 'Islam' is correctly stated, the simplification of its meaning is inaccurate according to the provided context. The context explicitly mentions *two* meanings, while the model answer presents only one. This constitutes a hallucination because it omits information present in the source material.

no",no
bengali-2587325052835051518-5::specificity,bengali-2587325052835051518-5,specificity,"Sei shondhay, lekhika tar prothom uponnash lekha-purbo porikolponay hat den, Harry Potter and the Philosopher's Stone, ekta adha-poripurno porikolpona jate chilo sat boier kahinir ghotona, bibhinno oitihashik o atmojibonimulok tothaboli, o jadur duniya shomporkito bibhinno totho.[11] Shesh porjonto Rowling Portugal e chole jan, jekhane tini tar prothom shamike 1992 sale biye koren, ebong 1993 sale tar prothom shontan Jessica jonmogrohon kore. Eshomoy tini Philosopher's Stone lekha chaliye jachchhilen. Bibaho bichchheder por Rowling tar meyeke niye Britain e fire asen o Edinburgh e tar boner kachakachi boshobash",Je. Ke. Rowling rochito prothom uponnaser nam ki?,Harry Potter and the Philosopher's Stone,Harry Potter and the Chamber of Secrets,"Okay, let's analyze this.

**Step 1: Factual Claims in the Model Answer**

The model answer claims that J.K. Rowling's first novel was ""Harry Potter and the Chamber of Secrets.""

**Step 2: Verification against the Context**

The context states that Rowling's first published novel was ""Harry Potter and the Philosopher's Stone"" (not Chamber of Secrets). It explicitly mentions it as her ""prothom uponnash lekha-purbo porikolpona"" (first published novel). The context describes the themes and elements within *Philosopher's Stone*, including magical worlds and historical/biographical references. There is no mention of *Chamber of Secrets* being her first novel.

**Step 3: Verdict**

The model answer directly contradicts the information provided in the context. The context clearly identifies *Harry Potter and the Philosopher's Stone* as her first published novel, while the model answer incorrectly names *Harry Potter and the Chamber of Secrets*. Therefore, the answer is a hallucination.

no",no
bengali--4965296737885262319-1::specificity,bengali--4965296737885262319-1,specificity,Allama Abdul Latif Chowdhury 1321 Banglar Falgun mase orthat 1913 saler prothom dike Sylhet jeler Zakiganj upojelar Fultoli grame jonmo grohon koren. [1] tar pitar nam Mufti Abdul Majid. [2] tini Hazrat Shah Jalal roh. er soforshongi 360 auliyar onnotomo Hazrat Shah Kamal roh. er bongshodhor chilen. [3][4],Abdul Latif Bangladesh-er kothay jonmogrohon koren?,Sylhet jelar Zakiganj upojelar Fultoli,Tini Chattogram-er Hathazari upojelar ek grame jonmogrohon koren.,"Okay, let's analyze this.

**Step 1: Identify each factual claim made by the Model Answer.**

The model answer claims: ""Tini Chattogram-er Hathazari upojelar ek grame jonmogrohon koren."" which translates to ""He was born in a village in the Hathazari upojela of Chattogram.""

**Step 2: Check whether each claim is supported by the Context.**

The context states that Allama Abdul Latif Chowdhury was born in Fultoli gram, Zakiganj upojela, Sylhet jela (district). It *does not* mention Chattogram or Hathazari.  There is absolutely no information in the provided text to support the claim about his birthplace being in Chattogram's Hathazari.

**Step 3: Based on steps 1-2, decide the final verdict.**

The model answer provides information that is directly contradictory to the given context. The context clearly states his birthplace is in Sylhet, while the model claims he was born in Chattogram. This constitutes a hallucination.

no",no
bengali--2480008975474553157-1::specificity,bengali--2480008975474553157-1,specificity,"Poshchimbonger bortoman mukhyomontri Mamata Bandyopadhyay. Tini rajyer oshtom totha prothom mohila mukhyomontri. 2011 saler bidhansobha nirbachone joylav kore 20 May tini mukhyomontri rupe shopoth grohon koren. Tini Poshchimbongo sarkarer swarastro, shastho o poribar porikolpona, bhumi o bhumisongskar, tothyo o songskriti, porbotanchol bishoyok, krishi, bidyut, kormi o proshashonik songskar, songkhaloghu kollyan o madrasa shikkha bibhagero varprapto montri.",Poshchimbonger bortoman mukhyomontri rajyer kottom mukhyomontri?,oshtom,Poshchimbonger bortoman mukhyomontri rajyer prothom mohila mukhyomontri.,"Okay, let's analyze the model answer.

**Step 1: Factual Claims in the Model Answer:**

The model answer states: ""Poshchimbonger bortoman mukhyomontri rajyer prothom mohila mukhyomontri."" which translates to ""The current Chief Minister of West Bengal is the first female Chief Minister of the state.""

**Step 2: Verification Against the Context:**

The context explicitly states: ""Tini rajyer oshtom totha prothom mohila mukhyomontri."" This translates to ""She is the eighth overall and first female Chief Minister of the state.""

Therefore, the model answer is partially correct, but it omits the information that she is the *eighth* Chief Minister overall. However, the core claim about her being the first female Chief Minister is directly supported by the provided text.

**Step 3: Verdict:**

Since the statement is present in the context, even if incomplete, it is not a hallucination.

no",no
bengali-570890316064763457-3::factualness,bengali-570890316064763457-3,factualness,"Jiner nucleotide-er porompara onujayi jibokosh amino acid toiri kore. Amino acid theke protein utponno hoy - protein-e amino acid-er krom ar jine nucleotide-er krom obhinno rokom hoye thake. Nucleotide-er krom ar amino acid-er kromer ei shomporko-ke genetic code bole. Protein-e obosthito amino acid nirdharon kore protein-er tri-matrik gothon ki roop hobe; ar er gothon protein-er kaj ki hobe ta nirdharon kore. Jine obosthito DNA'r ekta chotto poriborton protein gothonkari amino acid-er akar o kaje boro dhoroner poriborton srishti korte pare, ja kina oi kosh o shompurno jibodehe natokiyo poriborton ante pare.",Jiner nucleotide-er porompara onujayi jibkoshe kon acid thake?,Emino,Jiner nucleotide-er porompara onujayi jibkoshe **nucleic acid** thake.,"Okay, let's analyze this.

**Step 1: Factual Claims in the Model Answer**

The model answer states: ""Jiner nucleotide-er porompara onujayi jibkoshe **nucleic acid** thake."" This translates to ""In the cells following the sequence of nucleotides, **nucleic acid** is present.""

**Step 2: Verification Against the Context**

The provided context discusses nucleotides, amino acids, proteins, and genetic code. It describes how nucleotides are related to amino acids and how they ultimately determine protein structure and function. However, it *never* explicitly states that ""nucleic acid"" is present in the cells following the sequence of nucleotides. While nucleic acids (DNA/RNA) are implied as being the carriers of nucleotide sequences, the text doesn't directly use the term ""nucleic acid"" in this specific context. The text focuses on the components (nucleotides, amino acids) and their relationships, not the broader category of nucleic acids.

**Step 3: Verdict**

The model answer introduces a term (""nucleic acid"") that isn't directly stated within the provided context. Although it's a reasonable inference given the discussion of nucleotides and their role, the answer goes beyond what's explicitly presented in the text. Therefore, it constitutes a hallucination.

no",no
bengali--2023018463008466125-2::comprehension,bengali--2023018463008466125-2,comprehension,"Bohu rajyo o juddhobaj netader shashonamole Choinik rajbongshogulo Chiner ekta angsho shashon korto. Jar simana bortoman Jingjian ebong Tibet porjonto bistrito chilo. 221 Khristopurbabde Qin Shi Huang bibhinno juddhorot rajyoguloke ekotrito kore Qin bongser ekta khudro ""samrajyo"" (Huangdi) protistha kore, Choinik samrajyer itihashe shuru koren. Poroborti rajbongshogulo ekta jonoproshashon byabostha protistha korechilo ja krome totkalin Chiner bishal elakay Choinik somrater niyontron protistha korte shahajjo kore. Chiner sorbosesh samrajyo chilo Qing samrajyo (1644 theke 191",Chin samrajyer protisthata ke?,Qin Shi Huang,Confucius-kei Chin samrajyer protisthata dhora hoy.,"Okay, let's analyze the model answer.

**Step 1: Identify each factual claim made by the Model Answer.**

The model answer states: ""Confucius-kei Chin samrajyer protisthata dhora hoy."" This translates to ""Confucius is responsible for the establishment of the Chin empire.""  Essentially, it claims that Confucius was instrumental in establishing the Qin dynasty.

**Step 2: Check whether each claim is supported by the Context.**

The provided context discusses the Qin dynasty's rise, mentioning Qin Shi Huang unifying various kingdoms through war and establishing the Qin dynasty in 221 BC. It also describes how previous kingdoms had established administrative systems which facilitated the Qin's control over a large area. The text *does not* mention Confucius or his role in the founding of the Qin dynasty. It focuses on political and military events leading to its formation, with Qin Shi Huang as the key figure.

**Step 3: Based on steps 1-2, decide the final verdict.**

The model answer attributes the establishment of the Qin dynasty to Confucius, a claim not found within the given context. Therefore, this is a hallucination.

no",no
bengali-5204278583999214593-0::specificity,bengali-5204278583999214593-0,specificity,"Upendrakishor Ray Chowdhury (12i May, 1863 [1] - 20she December, 1915) bikhyato Bangali shishusahityik, Bangla chapakhanar ogropothik. Tini chilen ekadhare lekhok, chitrakor, prokashok, shokher jyotirbid, behalabadok o surkar. Sandesh potrika tini-i shuru koren ja pore tar putro Sukumar Ray o poutra Satyajit Ray shompadona koren. Gupi-Gain-Bagha-Bain, Tuntunir Boi ityadi tar-i omor srishti.",Upendrakishor Ray Chowdhury koto sale mara jan?,"20she December, 1915",Upendrakishor Ray Chowdhury mara jan praye 1916 shaler dike.,"Okay, let's analyze this.

**Step 1: Factual Claims in the Model Answer**

The model answer states: ""Upendrakishor Ray Chowdhury mara jan praye 1916 shaler dike."" which translates to ""Upendrakishor Ray Chowdhury died approximately towards 1916.""

**Step 2: Verification against the Context**

The context explicitly states: ""Upendrakishor Ray Chowdhury (12i May, 1863 [1] - 20she December, 1915)"". This clearly indicates that he died on December 20, 1915. The model answer claims he died ""towards 1916,"" which is incorrect. It's off by a year.

**Step 3: Verdict**

The model answer provides information that contradicts the provided context. Therefore, it is hallucinated.

no",no
bengali-5229637452375837893-4::comprehension,bengali-5229637452375837893-4,comprehension,"1947 shaler Bangla bivoktir purbe, 1905 shale proshashonik karyokromke sohojotor korar lokkhe purbo ebong poshchim Banglay bivokto kora hoy ja Bongo Bhongo hisebe porichito.[1] Se shomoy Poshchimbongla chilo Hindu odhyushito ebong Muslimra sekhane shongkhaloghu, onnodike Purbobangla chilo Muslim odhyushito ebong Hindura chilo shongkhaloghu. Muslim odhyushito Purbobanglar manush ei Bongo Bhonger proti joralo shomorthon janiechilo, kenona tara upolobdhi korechilo je ei bivoktir maddhome tara tader nijossho ekta prodesh pete pare. Kintu Hindura ei bivoktir bipokkhe shok",Obibhokto Bangla koto sale bivokto hoy?,1905,1911 shale bivokto hoy.,"Okay, let's analyze this.

**Step 1: Factual Claims in the Model Answer**

The model answer states: ""1911 shale bivokto hoy."" This translates to ""It was divided in 1911.""  This refers to the partition/division of Bengal.

**Step 2: Verification Against the Context**

The provided context states that the division of Bengal (""Bongo Bhongo"") occurred in 1905 (""1905 shale""). It mentions nothing about a division happening in 1911. The context explicitly states the division was done to simplify administrative procedures.

**Step 3: Verdict**

The model answer claims the partition happened in 1911, but the provided context clearly states it happened in 1905. This is a direct contradiction and therefore a hallucination.

no",no
bengali--3774512871679223679-15::factualness,bengali--3774512871679223679-15,factualness,"Lalon Kushtiar Kumarkhali upojelar Cheuriyate ekta akhra toiri koren, jekhane tini tar shishyoder niti o adhyatmik shikkha diten. Tar shishyora take ""Sai"" bole sombodhon korten. Tini proti sheetkale akhray ekta bhandara (mohotsob) ayojon korten. Jekhane sohosradhik shishyo o somprodayer lok ekotrito hoten ebong sekhane songit o alochona hoto. Chattogram, Rangpur, Jashore ebong poschime onek dur porjonto Banglar vhinno vhinno sthane bohusongkhok lok Lalon Fakirer shishyo chilen; shona jay tar shishyer shonkha pray dosh hajarer beshi chilo.[13]",Lalon Sai ba Fakir Laloner akhra kothay chilo?,Kushtiar Kumarkhali upojelar Cheuriyate,Lalon Sair akhra chhilo Jashorer Chaugachay.,"Okay, let's analyze this.

**Step 1: Factual Claims in the Model Answer**

The model answer states: ""Lalon Sair akhra chhilo Jashorer Chaugachay."" (Lalon Sai's akhra was in Jashore's Chaugacha.) This contains two claims:
1. Lalon had an *akhra* (school/gathering place).
2. The *akhra* was located in Jashore's Chaugacha.

**Step 2: Verification Against the Context**

Let's examine these claims against the provided context:

*   **Claim 1 (Lalon had an akhra):** The context explicitly states, ""Lalon Kushtiar Kumarkhali upojelar Cheuriyate ekta akhra toiri koren..."" which translates to ""Lalon established an akhra in Cheuriya, under the Kumarkhali upojela of Kushtia...""  So, the existence of an akhra is confirmed by the context.
*   **Claim 2 (Akhra was in Jashore's Chaugacha):** The context specifies that the akhra was in ""Cheuriya, under the Kumarkhali upojela of Kushtia."" It *does not* mention Jashore or Chaugacha.  While Jashore is mentioned as a region where Lalon had many disciples, it does not indicate the location of his akhra.

**Step 3: Final Verdict**

Since the context states the akhra was in Cheuriya, Kushtia, and the model answer places it in Jashore's Chaugacha, the model answer introduces information not present in the given text. This constitutes a hallucination.

no",no
bengali-4568438587242111098-0::factualness,bengali-4568438587242111098-0,factualness,"Murshidabad jela purbo Bharoter Poshchimbongo rajyer Malda bibhager ekta jela. Ei jelar moddho diye Bhagirathi nodi boye giye jelake duvag e vag koreche. Nodir poschimer angsho Rarh o purber angsho Baghira name porichito.[2] 5.314 borgo kilometer (2,062 borgo mile) ayotoner elaka ebong 71.02 lokkho jonoshonkha thakay eta ekta jonobohul jela. Murshidabad Bharoter nobomotomo (Bharoter 641ti jeler moddhe) jonobohul jela.[3] Ei jelar sadar doptor Baharampur shohore obosthito.",Murshidabad jeler sadar doptor kothay obosthito?,Bohorompur,Murshidabad jeler sadar doptor Jiaganj-e obosthito.,"Okay, let's analyze the model answer.

**Step 1: Factual Claims in the Model Answer**

The model answer makes one factual claim: ""Murshidabad jeler sadar doptor Jiaganj-e obosthito."" (The district office of Murshidabad is located in Jiaganj.)

**Step 2: Verification Against the Context**

The context states: ""Ei jelar sadar doptor Baharampur shohore obosthito."" (The district office of this district is located in Baharampur town.)

This directly contradicts the model answer's claim that the district office is in Jiaganj. The context explicitly states it's in Baharampur.

**Step 3: Verdict**

The model answer provides information not present in the provided context and contradicts a statement within the context. Therefore, it is hallucinated.

no",no
bengali--3103999780934898975-0::inference,bengali--3103999780934898975-0,inference,"Shamsur Rahman (jonmo: 23 October, 1929, Mahuttuli, Dhaka - mrittu: 17 August, 2006) Bangladesh o adhunik Bangla sahityer onnotomo prodhan kobi. Bingsho shotabdir ditiyovag e dui Banglay tar shreshthotto o jonopriota protishthito. Tini ekjon nagorik kobi chilen. Bangladesh er shadhinota songramer upor likhito tar duti kobita khub e jonopriyo. Tini Mojlum Adib (biponno lekhok) chadmoname likhten.",Kobi Shamsur Rahman kobe jonmogrohon koren?,"23 October, 1929","Shamsur Rahman mone hoy 17 August, 2006 e jonmogrohon koren.","Okay, let's break down this evaluation.

**Step 1: Factual Claims in the Model Answer**

The model answer states: ""Shamsur Rahman mone hoy 17 August, 2006 e jonmogrohon koren."" This translates to ""It seems that Shamsur Rahman died on August 17, 2006.""  The key factual claim here is the date of death: August 17, 2006. The phrase ""mone hoy"" (""it seems"") introduces a slight uncertainty, but we need to evaluate the core claim about the date.

**Step 2: Verification against the Context**

The context explicitly states: ""mrittu: 17 August, 2006"". This directly confirms that Shamsur Rahman died on August 17, 2006.

**Step 3: Verdict**

Since the model answer's claim regarding the date of death is fully supported by the provided context, it is not a hallucination. While the ""mone hoy"" phrasing is slightly conversational, it doesn't contradict the factual information.

no",no
bengali--466552506306330314-3::comprehension,bengali--466552506306330314-3,comprehension,"1935 sale Rabindranath tar ‘Anima’ namti poriborton kore ‘Konika’ rakhen. Oboshyo daknam hishabe tini byabohar korten ‘Mohor’. Pore Abanindranath Thakur tar ei ‘Mohor’ namti bistarito kore bolechhilen ‘Akbari Mohor’. 1935 salei shishushilpi hishabe prothom monchabotoron koren Konika. Shantiniketoner Sharodotsobe ekta onusthane balok-balikader dole ongsho niyechhilen tini. Jana jay, Rabindranather shonge tar shei prothom o shesh monchabotoron; karon shei onusthanti chhilo Rabindranather shesh monchabhinoy. 24 July 1940 Bolpur Telephone Kendrer udbodhoni onusth",Konika Bandyopadhyayer dak nam ki?,Mohor,Akbari Mohor,"Okay, let's analyze this.

**Step 1: Factual Claims in the Model Answer**

The model answer states: ""Akbari Mohor"". This is presented as Konika Bandyopadhyay's dak naam (pen name/stage name).

**Step 2: Verification against the Context**

The context mentions that Rabindranath Tagore initially used 'Mohor' as a signature and later Abanindranath Tagore expanded it to 'Akbari Mohor'. It also states that Konika first performed on stage as 'Konika' in 1935 and that Rabindranath used 'Mohor' in connection with her. The context *does* mention 'Akbari Mohor', but it attributes its expansion to Abanindranath Tagore, not Konika.  It does not explicitly state that 'Akbari Mohor' was Konika's dak naam. While there's a connection through Rabindranath's usage of 'Mohor,' the model directly equates 'Akbari Mohor' with her pen name, which isn't directly supported.

**Step 3: Verdict**

The model answer presents information from the context but misinterprets the relationship between 'Akbari Mohor' and Konika Bandyopadhyay. It implies that 'Akbari Mohor' was her pen name when the text only indicates it was a modified version of 'Mohor' used by Rabindranath and later expanded upon by Abanindranath. Therefore, the answer is hallucinated.

no",no
bengali--5204568659066136602-1::specificity,bengali--5204568659066136602-1,specificity,"Usmaniyo Samrajyo ([دَوْلَتِ عَلِيّهٔ عُثمَانِیّه, Devlet-i Aliyye-i Osmâniyye]error: {{lang-xx}}: text has italic markup (help), adhunik Turki: [Osmanli Imparatorlugu ba Osmanli Devleti]error: {{lang}}: text has italic markup (help)), oitihashikvabe Turki Samrajyo ba Turshko bole porichito, chilo ekta Islami samrajyo. 1299 sale Oghuz Turki bongshodbhut Prothom Usman uttarposhchim Anatoliar dayitto pan Seljuk Samrajyo kotrik. Prothom dike Seljuk Samrajyer proti onugoto thakleo Seljuk Samrajyer krantilogne shadhinota ghoshona koren. Ebong dhire dhire ekta",Konstantinopol samrajjo kobe protishthito hoy?,1526,Konstantinopol samrajjo prai 1453 shaler dike protishthito hoy.,"Okay, let's analyze the model answer.

**Step 1: Identify each factual claim made by the Model Answer.**

The model answer states: ""Konstantinopol samrajjo prai 1453 shaler dike protishthito hoy."" which translates to ""The Constantinople empire fell around the year 1453."" This is a single factual claim about the fall of the Byzantine Empire (which Constantinople was the capital of).

**Step 2: For each claim, check whether it is supported by the Context.**

The provided context discusses the Ottoman Empire and its origins, mentioning its relation to the Seljuk Empire and the founding by Osman I. It does *not* mention when Constantinople fell. While the context establishes that the Ottoman Empire eventually rose to prominence, it doesn't provide the date of Constantinople's fall. The year 1453 is widely known as the year Constantinople fell to the Ottomans, but this information isn't present in the given text.

**Step 3: Based on steps 1-2, decide the final verdict.**

Since the context does not contain any information regarding the fall of Constantinople, the model answer is hallucinated. It provides a fact that is not present within the provided text.

no",no
bengali-6744603928978231684-2::comprehension,bengali-6744603928978231684-2,comprehension,"Rag sangeeter charta prodhan riti ache. Egulo hocche: Dhrupad, Kheyal, Toppa o Thumri. Sangeete rag somahar-1) Rag Bilabal 2) Rag Alahiya Bilabal 3) Rag Imon 4) Rag Imon Kalyan 5) Rag Bhupali 6) Rag Bihag 7) Rag Kafi 8) Rag Bageshri 9) Rag Bhimpalshri 10) Rag Brindaboni Sarang 11) Rag Ashabari 12) Rag Jaunpuri 13) Rag Khambaj 14) Rag Rageshri 15) Rag Desh 16) Rag Kalabati 17) Rag Bhairab 18) Rag Nat Bhairab 19) Rag Ahiy Bhairab 20) Rag Ananda Bhairab 21) Rag Bang",Bharotiyo shastriyo sangeet onujare mot koto gulo raag ache?,65,Mot 21 ta raag ache.,"Okay, let's analyze this.

**Step 1: Factual Claims in the Model Answer**

The model answer states: ""Mot 21 ta raag ache."" which translates to ""There are a total of 21 raags.""

**Step 2: Verification Against Context**

The provided context lists 21 raags: Rag Bilaval, Rag Alahiya Bilaval, Rag Iman, Rag Iman Kalyan, Rag Bhupali, Rag Bihag, Rag Kafi, Rag Bageshri, Rag Bhimpalshri, Rag Brindaboni Sarang, Rag Ashabari, Rag Jaunpuri, Rag Khambaj, Rag Rageshri, Rag Desh, Rag Kalabati, Rag Bhairab, Rag Nat Bhairab, Rag Ahiy Bhairab, Rag Ananda Bhairab, Rag Bang. The context explicitly mentions 21 raags.

**Step 3: Verdict**

Since the model answer accurately reflects the number of raags listed in the provided context, it is not hallucinated.

no",no
bengali--602111576961978859-5::inference,bengali--602111576961978859-5,inference,"Bhawal Estate-er sorbosesh khomotaban jomidar chilen Raja Rajendranarayan Raychowdhury. Kaliprosanno Ghosh chilen tar dewan. Ullekhyo je, Kaliprosanno Ghosh unobingsho shotabdir ekjon khyatimaan lekhok chilen. Rajendranarayan Raychowdhury-r chilo tin putroshontan. Tara holen Ranendranarayan Raychowdhury, Romendranarayan Raychowdhury ebong Rabindranarayan Raychowdhury. 1901 sale Rajendranarayan-er mrityu hoy. Ei shomoy tar tin putro shontan-i chilen nabalok. Se karone jomidariti ekbar 1901 sale ebong ar ekbar 1904 sale Court of Wards-er odhine chole jay. Rajendran",Bhawal Sannyasi mamla kobe shesh hoy?,1951 sale,Bhawal Sannyasi mamla 1904 sale shesh hoy.,"Okay, let's analyze this.

**Step 1: Factual Claims in the Model Answer**

The model answer makes a single factual claim: ""Bhawal Sannyasi mamla 1904 sale shesh hoy."" (The Bhawal Sannyasi case ended in 1904.)

**Step 2: Verification against the Context**

The provided context states that the *jomidariti* (estate governance) went under the Court of Wards twice: once in 1901 and again in 1904, due to the minor age of the three sons after Rajendranarayan's death in 1901. The text doesn't explicitly state that the ""Bhawal Sannyasi mamla"" (Bhawal Saint Case) concluded in 1904. It only mentions the estate coming under court supervision in 1904. While related, these are not identical events.  The context does not confirm the case ended in 1904.

**Step 3: Verdict**

Since the context does not directly support the claim that the ""Bhawal Sannyasi mamla"" ended in 1904, the answer is considered a hallucination. It infers a conclusion not explicitly stated in the given text.



no",no
bengali--7488179106745368024-1::specificity,bengali--7488179106745368024-1,specificity,"Songeeter gotike loy bole. Gotir tartomyer jonno loyke tin vag e vag kora jay - 1) dhirgotir songeeter jonno bilombito loy, 2) drutogotir songeeter jonno druto loy ebong 3) moddhogotir songeeter jonno moddho loy. Moddho loy bilombito loyer digun o druto loyer ordhek gotir hoye thake. Matra songeeter loy ba gotir durotto mapar jonno byabohrito hoy. Protyekti matrar moddhovorti byabodhan soman hoy. Koyekti chondoboddho matrar somosti diye toiri hoy ekti tal.[1]",Songeete gotir tartomyer jonno loyke koyti vag e vag kora hoy?,tin,char ba pach dhoroner loy dhora hoy সাধারণত,"Okay, let's analyze the model answer.

**Step 1: Identify factual claims in the Model Answer.**

The model answer states: ""char ba pach dhoroner loy dhora hoy সাধারণত"" which translates to ""usually four or five types of tunes are used.""

**Step 2: Check for support in the Context.**

The context mentions three types of *loy* (tunes):
1.  *bilombito loy* (slow tune)
2.  *druto loy* (fast tune)
3.  *moddho loy* (medium tune)

It also mentions that *matra songeeter loy* (measure tunes) are used, and these are combined to create a *tal* (rhythm). The context doesn't explicitly state how many *matra songeeter loy* there are, but it implies multiple. However, it does not state that there are ""four or five types of tunes"" generally used. It only details three main categories and mentions measure tunes.

**Step 3: Determine if the answer is hallucinated.**

The model answer claims there are usually four or five types of tunes. The provided context only describes three main types and mentions measure tunes without specifying their quantity. Therefore, the model answer extrapolates beyond what is stated in the context. This constitutes hallucination.

no",no
bengali-9143804510384996509-0::inference,bengali-9143804510384996509-0,inference,"Manush bortoman prithibir shobcheye probhabshali jib. Adhunik manush (Homo sapiens, prothomikvabe SSP Homo sapiens sapiens) holo Hominina upojatir (othoba manob jati goshthi) ekmatro bidyoman sodossho ja banor poribarer ontorgoto Hominini gotrer ekta shakha. Tader boishishto holo sthir obosthan ebong gotishokti; onnanno pranir tulonay uccho dokkhota somponno ebong bhari soronjam byabohare sokkhomota; akare brihottor o jotil mostishko ebong samajik prani.[2][3]",Manush kon gotrer prani?,hominini,Manush ashole Hominina upojatir prani.,"Okay, let's analyze the model answer.

**Step 1: Identify factual claims in the Model Answer.**

The model answer states: ""Manush ashole Hominina upojatir prani."" which translates to ""Humans are actually animals of the Hominina group.""

**Step 2: Check if the claims are supported by the Context.**

The context explicitly states: ""Manush holo Hominina upojatir (othoba manob jati goshthi) ekmatro bidyoman sodossho..."" This translates to ""Manush is the only existing species of the Hominina group (or the human race)."" Thus, the model answer's claim is directly supported by the provided context.

**Step 3: Verdict**

Since the model answer's claim is directly supported by the context, it is not a hallucination.

no",no
bengali-9099268636899707207-4::inference,bengali-9099268636899707207-4,inference,"Safdarjung bimanbondor 1930 sale nirmito hoyechilo ebong 1962 sal porjonto eti Delhir prodhan bimanbondor chilo. [14] Safdarjung bimanbondore jatribahi uran briddhir fole 1962 sale beshamorik uranguli Palam bimanbondore sthanantorito hoy (porobortite etir namkoron kora hoy IGIA). [14] Palam bimanbondorti Ditiyo Bishwajuddher somoy toiri hoyechilo Royal Air Force Station Palam name ebong British shashon oboshaner por, eti Bharatiyo Bimanbahinir jonno ekta biman bahini station hisebe kaj korto. Proti ghontay Palam bimanbondorer pray 1,300 jon jatri poribohoner khomota chilo. [14] 1970",Indira Gandhi antorjatik bimanbondor ba Palam bimanbondorti kobe toiri hoy?,1930 shale,Indira Gandhi antorjatik bimanbondor ba Palam bimanbondorti 1962 shale toiri hoy bole dhora hoy.,"Okay, let's analyze the model answer.

**Step 1: Factual Claims in the Model Answer**

The model answer makes the following claim: ""Indira Gandhi antorjatik bimanbondor ba Palam bimanbondorti 1962 shale toiri hoy bole dhora hoy."" This translates to ""It is believed that Indira Gandhi International Airport or Palam Airport was created in 1962.""

**Step 2: Verification Against the Context**

*   **Palam Airport:** The context states that Palam airport was established during World War II as Royal Air Force Station Palam and later served as an airbase for the Indian Air Force. It also mentions that due to the expansion of air traffic, operations were shifted from Safdarjung to Palam in 1962. So, the part about Palam being established around 1962 is supported.
*   **Indira Gandhi International Airport:** The context mentions that Palam airport was later renamed IGIA (Indira Gandhi International Airport). However, it *doesn't* state that the airport itself was created in 1962. It only says the *name* changed in 1962.  The airport existed before that as Royal Air Force Station Palam.

**Step 3: Verdict**

The model answer implies that both the airport and the Indira Gandhi International Airport name came into being in 1962. While Palam airport's operations moved there in 1962, the airport itself was older (established during WWII). The renaming to Indira Gandhi International Airport happened in 1962. Therefore, the statement is a slight misrepresentation and contains a hallucination regarding the creation date of the airport itself.

no",no
bengali-1628403038025158438-1::factualness,bengali-1628403038025158438-1,factualness,Bankura jela o er ashepasher oncholguli chilo madhyajugiyo Poshchimbonger Malla rajotter kendrobhumi. Madhyajuger sheshvage ei oncholer oitihashik o shangskritik gurutto briddhi pay. Khrishtiyo soptodosh shotabdite Boishnobdhorm Mallabhum-er rajdhormer morjada orjon kore. Erpor ei dhormoi ei oncholer shongskritir dik-nirdharok hoye othe. 1765 sale British East India Company Mallabhum rajyo odhikar kore ney ebong 1881 sale adhunik Bankura jelati protishthito hoy. Jelar namkoron kora hoy er sadar shohorer namanusare.[2],Koto shale Bankura jela protishthito hoy?,1881,1882 shale Bankura jela protishthito hoy.,"Okay, let's analyze the model answer.

**Step 1: Factual Claims in the Model Answer**

The model answer states: ""1882 shale Bankura jela protishthito hoy."" (Bankura district was established in 1882).

**Step 2: Verification against the Context**

The context explicitly states: ""1881 sale adhunik Bankura jelati protishthito hoy."" (Bankura district was established in 1881).

**Step 3: Verdict**

The model answer claims 1882, while the provided context states 1881. This constitutes a factual error and therefore a hallucination.

no",no
bengali-279269366529103979-5::inference,bengali-279269366529103979-5,inference,"Prachin mohadesh Gondwanaland-er prokshiptangsho Bharatiyo pat namok ekta prodhan tectonic pat-er upor Bharoter sompurno angsho obosthit. Pray 9,00,00,000 bochor age Cretaceous juger shesh porbe Bharatiyo pat-ti uttar dike barshik 15 centimeter (6 inchi/bochor) hare sorte shuru kore.[6] 5,00,00,000 theke 5,50,00,000 bochor age Cenozoic juger Eocene porjaye 2,000-3,000 kilometer (1,200-1,900 mile) poth otikrom korar por pat-tir shonge Asia-r songhorsho hoy. Ei pat-er soron chilo onnanno gyato patguler soroner moddhe drutotomo. 2007 sale German bhutattobidra",Bharotiyo patti purbe kon mohodesher angsho chilo?,Gondwanaland-er,Bharotiyo patti purbe Laurasia-r angsho chilo.,"Okay, let's analyze this.

**Step 1: Factual Claims in the Model Answer**

The model answer claims: ""Bharotiyo patti purbe Laurasia-r angsho chilo."" (The Indian plate was formerly a part of Laurasia.)

**Step 2: Verification against the Context**

The provided context discusses the Indian plate's movement, its collision with Asia, and its position over a major tectonic plate. It mentions Gondwanaland and the subsequent northward movement. However, it *does not* mention Laurasia at all. There's no information within the text to support the claim that the Indian plate was previously part of Laurasia. The context focuses on its connection to Gondwanaland.

**Step 3: Verdict**

Since the context does not mention Laurasia and provides no basis for the assertion that the Indian plate was once part of it, the model answer introduces information not present in the given text. This constitutes a hallucination.

no",no
bengali--5210760246858963269-0::comprehension,bengali--5210760246858963269-0,comprehension,Siachen dondo Bharat o Pakistaner moddhe Kashmirer Siachen himbaher odhikarer jonno samorik dondo. 1984 Khristabde Bharoter sofol samorik ovijan Operation Meghdoot er maddhome ei dondher sutropat hoy.,Siachen dondher sutropat kobe hoy?,1984 khristabde,1987 khristabde Operation Meghdoot er por।,"Okay, let's break this down.

**Step 1: Factual Claims in the Model Answer**

The model answer makes two claims:

1.  Siachen dondo (the Siachen conflict) happened in 1987.
2.  It happened after Operation Meghdoot.

**Step 2: Verification Against the Context**

*   **Claim 1: Siachen dondo (the Siachen conflict) happened in 1987.** The context states that the conflict began in 1984 (""1984 Khristabde""). This contradicts the model answer.
*   **Claim 2: It happened after Operation Meghdoot.** The context explicitly says Operation Meghdoot *led to* the start of the conflict (""Bharoter sofol samorik ovijan Operation Meghdoot er maddhome ei dondher sutropat hoy""), meaning it occurred *before* the conflict, not after.

**Step 3: Final Verdict**

Both claims in the model answer contradict the information provided in the context. Therefore, the answer is hallucinated.

no",no
bengali--1996491309013325271-1::specificity,bengali--1996491309013325271-1,specificity,Mowlana Abdul Hamid Khan Bhashani 1880 saler 12 December Sirajganjer Dhangora pollite jonmo grohon koren. Tar pita Haji Sharafat Ali. Haji Sharafat Ali o Begum Sharafat Alir poribare 4 ti shontaner jonmo hoy. Ekti meye o tinti chele. Mo: Abdul Hamid Khan sobar choto. Tar dak nam chilo Chega Mia. Chele-meye besh choto thaka obosthay Haji Sharafat Ali mara jan. Kichudin por ek mohamarite Begum Sharafat o dui chele mara jay. Beche thaken choto shishu Abdul Hamid Khan.,Trinomul rajnaitibid Maolana Abdul Hamid Khan Bhashani kobe jonmogrohon koren?,1880 saler 12 December,Maolana Bhashani mone hoy 1881 saler shurur dike jonmogrohon koren.,"Okay, let's analyze the model answer step-by-step.

**Step 1: Identify factual claims in the Model Answer.**

The model answer makes the following claims:

*   Maolana Bhashani was born around the beginning of 1881.

**Step 2: Check for support in the Context.**

The context states: ""Mowlana Abdul Hamid Khan Bhashani 1880 saler 12 December Sirajganjer Dhangora pollite jonmo grohon koren."" This translates to ""Mowlana Abdul Hamid Khan Bhashani was born on December 12, 1880, in the Dhangora area of Sirajganj.""

The model answer claims he was born ""around the beginning of 1881,"" while the context explicitly states he was born on December 12, 1880.  This is a significant discrepancy. The model answer introduces information not present in the provided text.

**Step 3: Verdict**

Since the model answer provides information (""around the beginning of 1881"") that contradicts the explicit date given in the context (December 12, 1880), it is hallucinated.

no",no
bengali--8567711242522400652-6::factualness,bengali--8567711242522400652-6,factualness,"1897 khristabder 23 January, bortoman Odisha rajyer Cuttack shohore (Odia Bazar) jonmogrohon koren Subhashchandra Bose. Tini chilen Cuttack-probashi bishishta Bangali ainjibi Janakinath Bose o Prabhabati Debir choddho shontaner moddhe nobom. Shostho shreni porjonto Subhashchandra ekta Cuttack-er English school-e porashona koren; bortomane ei schooltir nam Stewart School. Erpor take vorti kora hoy Cuttack-er Ravenshaw Collegiate School-e. Subhashchandra chilen medhabi chatro. 1911 khristabde Matriculation porikkhay Kolkata theke prothom sthan odhikar koren tini. 1918 khristabde Kolkata University odhibhukto Scottish Church College theke",Netaji Subhash Chandra Bosu kon shohore jonmogrohon koren?,Kotok,Netaji Subhash Chandra Bosu Bhubaneshwar shohore jonmogrohon koren.,"Okay, let's analyze this.

**Step 1: Factual Claims in the Model Answer**

The model answer states: ""Netaji Subhash Chandra Bosu Bhubaneshwar shohore jonmogrohon koren."" This translates to ""Netaji Subhash Chandra Bose was born in Bhubaneswar city.""

**Step 2: Verification against the Context**

The context states: ""1897 khristabder 23 January, bortoman Odisha rajyer Cuttack shohore (Odia Bazar) jonmogrohon koren Subhashchandra Bose.""  This translates to ""On January 23, 1897, Subhash Chandra Bose was born in Cuttack town (Odia Bazar), present-day Odisha state.""

The context explicitly states that Subhash Chandra Bose was born in Cuttack, not Bhubaneswar. Bhubaneswar is the current capital of Odisha, but it is not the place mentioned in the provided text as his birthplace.

**Step 3: Verdict**

The model answer provides incorrect information regarding Subhash Chandra Bose's birthplace. The context clearly indicates Cuttack, while the model claims Bhubaneswar. This constitutes a hallucination.

no",no
bengali-980178524144247371-11::comprehension,bengali-980178524144247371-11,comprehension,Abu Bakar 573 saler dike Makkar Quraish bongser Banu Taim gotre jonmogrohon korechen.[6] tar babar nam Abu Kuhafa o mayer nam Salma binte Sakhar.,Abu Bokorer babar nam ki chilo?,Abu Kuhafa,Abu Talib chilo tar babar nam.,"Okay, let's analyze this.

**Step 1: Factual Claims in the Model Answer**

The model answer states: ""Abu Talib chilo tar babar nam."" which translates to ""Abu Talib was his father's name.""  ""Tar"" refers to Abu Bakar. Therefore, the claim is that Abu Bakar's father's name was Abu Talib.

**Step 2: Verification against the Context**

The provided context states: ""Abu Bakar 573 saler dike Makkar Quraish bongser Banu Taim gotre jonmogrohon korechen.[6] tar babar nam Abu Kuhafa o mayer nam Salma binte Sakhar."" This translates to ""Abu Bakar was born in 573 AD in the Makkar Quraish clan, belonging to the Banu Taim lineage. His father's name was Abu Kuhafa and his mother's name was Salma binte Sakhar.""

The context explicitly states that Abu Bakar's father's name was Abu Kuhafa, *not* Abu Talib.

**Step 3: Verdict**

The model answer contradicts the information provided in the context. It incorrectly states Abu Bakar's father's name as Abu Talib when the text clearly says it was Abu Kuhafa. Therefore, the answer is a hallucination.

no",no
bengali--702710937599857272-3::specificity,bengali--702710937599857272-3,specificity,"Halaku Khaner kompokkhe tinjon shontan chilo. Tara holen Abaka Khan, Takudar o Tarakai. Abaka Khan 1265 theke 1282 sal porjonto Parsyer ditiyo Ilkhan chilen. Erpor Takudar 1282 theke 1284 porjonto Ilkhan chilen. Tarakaiyer putro Baidu 1295 sale Ilkhan hon.[4] 15sh shotabdir itihashbid Mir Khawand aro dui shontaner nam ullekh korechen, tara holen Hiyaksamat o Tandun. Hiyaksamat prothome Armenia o Azerbaijan ebong Tandun Diyarbakir o Iraker governor-er daittoe chilen.[5] Tader jonmer dharabahikotar talikati evabe lipiboddho royeche: Abaka, Hiyaksamat, Tandun, Takudar o Tarakai.",Ilkhanater ditiyo shasok ke chilen?,Abaka Khan,Ilkhanater prothom diker shasokder moddhe Takudar-er nam beshi ullekh kora hoy.,"Okay, let's analyze the model answer.

**Step 1: Factual Claims in the Model Answer**

The model answer makes the following claim: ""Ilkhanater prothom diker shasokder moddhe Takudar-er nam beshi ullekh kora hoy"" - ""Takudar's name is mentioned more often among the rulers of the first period of the Ilkhanate.""

**Step 2: Verification Against the Context**

The context mentions the following Ilkhanates and their reigns:

*   Abaka Khan: 1265-1282
*   Takudar: 1282-1284
*   Baidu: 1295 onwards

It also mentions Hiyaksamat and Tandun as contemporaries of Abaka and Takudar. The context lists the names in this order: Abaka, Hiyaksamat, Tandun, Takudar, and Tarakai.

The statement that Takudar's name is mentioned ""beshi"" (more) than others is subjective. However, considering the context, Abaka Khan's reign was longer (1265-1282), and he is explicitly stated to be the ""second Ilkhan"". While Takudar is mentioned, his reign was shorter (1282-1284).  The text does not provide enough information to definitively say that Takudar's name is mentioned *more* frequently than Abaka's, especially given Abaka's role as the second Ilkhan and the length of his reign. It's a somewhat misleading interpretation of the provided text. The model is attempting to draw a conclusion that isn't explicitly stated or clearly implied.

**Step 3: Verdict**

The model answer presents an interpretation that isn't directly supported by the provided context and could be considered a slight hallucination. The assertion about Takudar being mentioned ""more"" is not readily verifiable from the given text.

no",no
bengali-1733542226552149709-2::comprehension,bengali-1733542226552149709-2,comprehension,"Islam shobdoti esheche Arbi s-l-m shobdoti hote; jar du'ti ortho: 1. shanti 2. atmasamarpan kora. Songkhepe, Islam holo shanti (protistha)'r uddeshe ek o odditiyo Ishwar (Allah)-er kache atmasamarpan kora.",Islam shobdoti-r utpotti kon shobdo theke?,Arbi s-l-,Islam shobdoti Urdu s-l-m theke esheche.,"Okay, let's analyze this.

**Step 1: Identify each factual claim made by the Model Answer.**

The model answer claims: ""Islam shobdoti Urdu s-l-m theke esheche."" This translates to ""The word 'Islam' comes from the Urdu word s-l-m.""

**Step 2: Check whether it is supported by the Context.**

The provided context states that the word ""Islam"" originates from Arabic words ""s-l-m"" which have two meanings: peace and submission. It does *not* mention Urdu as the origin. The context explicitly links the origin to Arabic, not Urdu.

**Step 3: Based on steps 1-2, decide the final verdict.**

The model answer incorrectly attributes the origin of the word ""Islam"" to Urdu when the context clearly states it originates from Arabic. This constitutes a hallucination.

no",no
bengali-6246323317955015554-0::specificity,bengali-6246323317955015554-0,specificity,Bethune College Banglar itihashe prothom mohila college ja 1849 khristabde John Elliot Drinkwater Bethune-er prochestay Kolkatay protishthito hoy.,Bharotborsher prothom mohila college konti?,Bethune College,"Bharotborsher prothom mohila college hocche Lady Brabourne College, ja porobortite onek beshi porichiti pay.","Okay, let's analyze this.

**Step 1: Identify factual claims in the Model Answer.**

The Model Answer makes two primary factual claims:

1.  Bharotborsher prothom mohila college hocche Lady Brabourne College. (Lady Brabourne College was the first women's college in India.)
2.  Lady Brabourne College, ja porobortite onek beshi porichiti pay. (Lady Brabourne College is well known.)

**Step 2: Check for support in the Context.**

The Context states: ""Bethune College Banglar itihashe prothom mohila college ja 1849 khristabde John Elliot Drinkwater Bethune-er prochestay Kolkatay protishthito hoy."" This translates to: ""Bethune College is the first women's college in the history of Bengal, established in 1849 under the patronage of John Elliot Drinkwater Bethune in Kolkata.""

The context explicitly names Bethune College as the *first* women's college in Bengal (and implicitly suggests it was likely the first in India, though it doesn't state it directly). It does *not* mention Lady Brabourne College at all. Therefore, the Model Answer contradicts the provided context regarding which college was the first. The second claim about Lady Brabourne College being well-known is not addressed in the context; we cannot verify or refute it from the given information. However, the primary error lies in misidentifying the first women's college.

**Step 3: Verdict**

Since the Model Answer directly contradicts a key piece of information presented in the context (the identity of the first women's college), it is hallucinated.

no",no
bengali--4995623503910904089-1::inference,bengali--4995623503910904089-1,inference,"Ruth o William domptir konna tini. Beatles-er proti pitar okontho valobasha theke tar namkoron hoy. Drummer-er stri Starr, Maureen Cox thekeo e name okkhor songjukto ghotan. Kintu ekta shobde nam nibondhone shomossar srishti hoyechilo.[1] Fole tar name du'ti 'R' o 'e' jukto korte hoyeche.[2] William o Jefferson namiyo tar aro dui bhai royeche.[3]",Moren Higa Magir babar nam ki?,William,Moren Higa Magir babar nam mone hoy Ruth chhilo.,"Okay, let's break down this evaluation.

**Step 1: Identify each factual claim made by the Model Answer.**

The model answer states: ""Moren Higa Magir babar nam mone hoy Ruth chhilo."" which translates to ""It seems that Moren Higa Magir father's name was Ruth."" This is a single, direct claim about the father's name being Ruth.

**Step 2: Check whether it is supported by the Context.**

The context mentions ""Ruth o William domptir konna tini"" which translates to ""Ruth and William were a couple"". It also says ""Beatles-er proti pitar okontho valobasha theke tar namkoron hoy"" meaning ""He was named from his father's love for The Beatles"".  The context *does* mention Ruth, but it describes her as William's partner, not as the father of someone named Moren Higa Mogi. There is no connection established between Ruth and being the father of Moren Higa Mogi. The passage discusses the naming conventions of someone related to the Beatles, and Ruth is mentioned in relation to William, not as a paternal figure.

**Step 3: Based on steps 1-2, decide the final verdict.**

The model answer makes a claim about the father's name being Ruth, which is not supported by the provided text. The text presents Ruth as William's partner, not as a father. Therefore, the answer is a hallucination.

no",no
bengali--3419022654484055884-0::inference,bengali--3419022654484055884-0,inference,"Steve Jobs (puronam: Steven Paul Jobs) (English: Steven Paul ""Steve"" Jobs) (jonmo February 24, 1955, mrityu 5 October 2011)[10][11] Juktorashtrer ekjon uddyokta o projukti udbhabok. Take personal computer biplober pothikrit bola hoy. Tini Steve Wozniak ebong Ronald Wayne-er sathe 1976 khristabde ""Apple Computer"" protistha koren. Tini Apple Incorporation-er protisthata der onnotomo o sabek prodhan nirbahi kormokorta. Tini ""Pixar Animation Studios""-er o protisthata der onnotomo o sabek prodhan nirbahi kormokorta. 1985 sale Apple Incorporation-er ""Board of Directors-er"" sadoshoder sathe birodhe joriye tini Apple Incorporation",Apple company-r protisthata ke?,Steve Wozniak ebong Ronald Wayne,"Apple company-r protisthata chhilen Steve Jobs, karon tini 1976-e Apple Computer shuru koren.","Okay, let's analyze the model answer.

**Step 1: Factual Claims in the Model Answer:**

The model answer makes two primary claims:

1.  ""Apple company-r protisthata chhilen Steve Jobs"" (Steve Jobs was the founder of Apple company).
2.  ""karon tini 1976-e Apple Computer shuru koren"" (because he started Apple Computer in 1976).

**Step 2: Verification against the Context:**

1.  **Claim 1: Steve Jobs was the founder of Apple company.** The context states: ""Tini Steve Wozniak ebong Ronald Wayne-er sathe 1976 khristabde 'Apple Computer' protistha koren."" This translates to ""He, along with Steve Wozniak and Ronald Wayne, founded 'Apple Computer' in 1976."" This directly supports the claim that Steve Jobs was a founder of Apple. It doesn't explicitly state *the* founder, but it does confirm his involvement in the founding.
2.  **Claim 2: He started Apple Computer in 1976.** The context explicitly states: ""Tini Steve Wozniak ebong Ronald Wayne-er sathe 1976 khristabde 'Apple Computer' protistha koren."" which means ""He, along with Steve Wozniak and Ronald Wayne, founded 'Apple Computer' in 1976"". This directly supports this claim.

**Step 3: Final Verdict:**

Both claims made in the model answer are directly supported by the provided context. There is no hallucination.

no",no
bengali--163578025751769909-14::comprehension,bengali--163578025751769909-14,comprehension,Michael Madhusudan Dutta birachito Meghnadbadh Kabya-e Meghnad nayok. Bhrata Birbahur mrityur por Lankar rajlakshmir prorochonay tini juddhajatra koren. Ei upakhyane Meghnader stri Promila. Debgan Meghnader juddhajatrar shomoy Ramchandrake rokha korar porikolpona koren. Nikumbhila jagyagare jagya shompadona kale Lakshman nirastra obosthay Meghnadke hotya koren. Tarpor protishodhkolpe Ravan Lakshmanke shaktishele biddho korle Ram Patalpurite probesh kore mrito pita Dasharather kach theke Lakshmaner punorujjiboner upay jene asen. Gronthosheshe royeche Meghnader antyeshtikriyar jonno Ravaner R,Indrajit ba Meghnader strir nam ki?,Promila,Meghnader strir nam chhilo Sulochona.,"Okay, let's analyze the model answer.

**Step 1: Factual Claims in the Model Answer**

The model answer states: ""Meghnader strir nam chhilo Sulochona."" which translates to ""The name of Meghnad's wife was Sulochona.""

**Step 2: Verification against the Context**

The provided context mentions Meghnad's wife as ""Promila"". It explicitly states ""Ei upakhyane Meghnader stri Promila."" This directly contradicts the model answer's claim that her name was Sulochona. The context does not mention Sulochona at all.

**Step 3: Verdict**

Since the model answer provides a name (""Sulochona"") for Meghnad's wife that is *not* present in the given context and directly contradicts the information provided (which names her as ""Promila""), it is a hallucination.

no",no
bengali--662161282079728201-5::comprehension,bengali--662161282079728201-5,comprehension,1960 saler August mase Ziaur Rahmaner sathe tar biye hoy. Ziaur Rahmaner dak nam Komol. Zia tokhon chilen Pakistan senabahiner ekjon captain. D F I er officer hishabe tokhon Dinajpure kormorot chilen.,Bangladesh Jatiyotabadi daler prodhan Begum Khaleda Ziar shamir nam ki chilo?,Ziaur Rahmaner,Komol Ziaur Rahmaner nam e porichito,"Okay, let's analyze this.

**Step 1: Identify factual claims in the Model Answer.**

The model answer states: ""Komol Ziaur Rahmaner nam e porichito"" which translates to ""Komol is known as Ziaur Rahman's name."" This implies that Komol *is* Ziaur Rahman's name.

**Step 2: Check for support in the Context.**

The context states: ""Ziaur Rahmaner dak nam Komol."" This translates to ""Komol was Ziaur Rahman's nickname."" It does *not* state that Komol *is* his name, but rather his nickname. The model answer misinterprets ""dak nam"" (nickname) as his actual name.

**Step 3: Verdict**

The model answer presents information not directly supported by the provided context. It incorrectly equates a nickname with a person's given name. Therefore, it is hallucinated.

no",no
bengali-8842503098497321541-0::factualness,bengali-8842503098497321541-0,factualness,"Eshiyo Shamukkhol (baigganik nam: Anastomus oscitans) (English: Asian Openbill), Shamkhol ba Shamukbhanga Ciconiidae (Saikonidi) gotro ba poribarer ontorgoto Anastomus (Anastomas) goner ontorgoto ek projatir shwetokai brihodakritir pakhi.[2][3][4] Eshiyo Shamukkholer baigganik namer ortho hai tola mukher pakhi (Greek: anastomoo = mukh; Latin: oscitans = hai tola/mukh khola).[3] Odbhut thonter jonno khub shohoje onnanno pakhi theke eke alada kora jay. Thonter nicher angsher sathe uparer angsher besh boro fak thake. Pakhiti Bangladesh, Bharat charao dokkhin","Eshiyo shamukkhol, shamkhol ba shamukbhanga pakhir baigganik nam ki?",Anastomus oscitans,Eshiyo shamukkholer baigganik nam holo **Anastomus indicus**.,"Okay, let's analyze the model answer step by step.

**Step 1: Factual Claims in the Model Answer**

The model answer makes one primary factual claim: ""Eshiyo shamukkholer baigganik nam holo **Anastomus indicus**."" (The scientific name of the Asian Openbill is *Anastomus indicus*).

**Step 2: Verification against the Context**

The context states: ""Eshiyo Shamukkholer baigganik namer ortho hai tola mukher pakhi (Greek: anastomoo = mukh; Latin: oscitans = hai tola/mukh khola)."" It also mentions ""Anastomus (Anastomas) goner ontorgoto ek projatir shwetokai brihodakritir pakhi.""  Crucially, the context provides the scientific name as ""Anastomus oscitans,"" not ""Anastomus indicus"". While both names belong to the *Anastomus* genus, they are different species. The provided text does not mention ""Anastomus indicus"" at all.

**Step 3: Verdict**

The model answer provides a scientific name that is not present in the given context. Although related, it is incorrect compared to the information explicitly stated in the provided text. Therefore, it is a hallucination.

no",no
bengali--7157345455253053268-0::factualness,bengali--7157345455253053268-0,factualness,"Uttor Chobbish Porgona jela Bharat er purbancholiyo rajyo Poshchimbonger Kolkata shohorer uttar-purbo diker ekta jela. Jelati Presidency bibhager ontorbhukto. 1983 sale Dr. Ashok Mitrer proshashonik shongskar committee ei jelake bivajoner suparish koren. 17i Falgun 1392 Bongabde (1986 sale 1la March) 24 Porgona jelatike dwikhondito kore oi jelar uttarangsho niye Uttor 24 Porgona jela sthapon kora hoy. Er proshashonik bhobon o shodor doptor Barasat shohore obosthito. Barasat, Barrackpur, Bonga, Basirhat, Bidhannagar ei panchti mohakuma niye Uttor 24 Porg",Poshchimbonger Uttar Chobbish Porgona jela koyti mohkuma niye gothito?,pach,chhoy mohkuma niye gothito.,"Okay, let's analyze the model answer.

**Step 1: Factual Claims in the Model Answer**

The model answer claims that ""Poshchimbonger Uttar Chobbish Porgona jela chhoy mohkuma niye gothito"" which translates to ""North 24 Parganas district of West Bengal is comprised of six subdivisions.""

**Step 2: Verification Against the Context**

The context states: ""Barasat, Barrackpur, Bonga, Basirhat, Bidhannagar ei panchti mohakuma niye Uttor 24 Porg..."" This translates to ""Barasat, Barrackpur, Bonga, Basirhat, Bidhannagar these five subdivisions comprise North 24 Porg..."". The text explicitly mentions *five* subdivisions, not six.

**Step 3: Verdict**

The model answer states there are six subdivisions when the provided context clearly indicates there are five. This is a factual error and constitutes a hallucination.

no",no
bengali-6235993678020888535-0::specificity,bengali-6235993678020888535-0,specificity,"Bishwer itihash bolte ekhane Prithibi namok grohe boshobashkari manobjatir itihash bojhano hoyeche, groho hisebe Prithibir itihash noy. Manusher itihash muloto puraprostor juge Prithibi jure shuru hoy. Adim jug theke prapto shokol protnotattwik o likhito dolil er awtavukto. Likhon poddhoti abishkarer moddho diye prachin pramanyo itihasher[1] shuru hoy.[2][3] Jodio likhon poddhoti abishkarer purboborti jugeo shobhyotar nidorshon paoa geche. Pragaitihashik juger suchona ghote puraprostor juge. Sekhan theke shobhyota probesh kore nobyoprostor juge ebong eshomoy",Puraprostor juger por kon juger abirbhab hoyechilo?,nobyo-prostor,Puraprostor juger por shadharonoto tamro-prostor juger abirbhab hoyechilo.,"Okay, let's analyze the model answer.

**Step 1: Factual Claims in the Model Answer**

The model answer makes a single factual claim: ""Puraprostor juger por shadharonoto tamro-prostor juger abirbhab hoyechilo."" (Generally, the Bronze Age emerged after the Stone Age.)

**Step 2: Verification against the Context**

The context discusses the history of humankind on Earth, starting from ancient times. It mentions the Stone Age (""Puraprostor jug"") as a period where evidence was found. It also talks about the subsequent periods where civilization entered and then the ""Nobyoprostor jug"" (likely referring to the Iron Age).  However, the term ""tamro-prostor jug"" (Bronze Age) *is not explicitly mentioned* in the provided context. The context describes a progression from Stone Age to a period of civilization and then to the Iron Age, but doesn't specifically name the Bronze Age.

**Step 3: Verdict**

Since the context does not mention the Bronze Age (""tamro-prostor jug""), the model answer introduces information not present in the given text. Therefore, it is hallucinated.

no",no
bengali--4054160116099300556-3::factualness,bengali--4054160116099300556-3,factualness,"Titumirer onusarir shonkha bere ek shomoy 5,000 giye pouchhay.[7] Tara soshastro shongramer jonno prostut hoy. 1831 saler 23she October Barasater kache Baduriyar 10 kilometer dure Narikelbariya grame tara bansher kella toiri kore. Bash ebong kada diye tara dwi-stor bishishto ei kella nirman kore.",Titumir basher kella ta kothay nirman korechilen?,Barasater kache Baduriyar 10 kilometer dure Narikelbariya grame,Titumir basher kella ta Barasater kache Baduriyar 12 kilometer dure Gobardanga grame nirman korechilen.,"Okay, let's analyze this.

**Step 1: Factual Claims in the Model Answer**

The model answer makes two factual claims:

1.  Titumir built the bamboo fort 12 kilometers away from Barasat, near Baduria.
2.  The fort was built in Gobardanga village.

**Step 2: Verification against the Context**

*   **Claim 1:** The context states the fort was built ""Barasater kache Baduriyar 10 kilometer dure"" which translates to ""10 kilometers away from Barasat, near Baduria."" The model answer states 12 kilometers instead of 10. This is a discrepancy.
*   **Claim 2:** The context mentions the fort was built in ""Narikelbariya grame,"" meaning Narikelbariya village. The model answer states ""Gobardanga grame"", which is not mentioned in the context.

**Step 3: Verdict**

Both factual claims in the model answer deviate from the information provided in the context. The distance is incorrect (12km vs 10km), and the village name is entirely fabricated. Therefore, the model answer contains hallucinations.

no",no
bengali-4053447918705035470-0::inference,bengali-4053447918705035470-0,inference,"Cumilla Victoria College Cumilla jelay obosthito. Eti Cumillar shobcheye puraton ebong bikhyato college. Cumilla Victoria College 1899 sale protishthito hoy. Ray Bahadur Ananda Chandra Ray Rani Victoria-r name eti protistha koren. Tini thikadari peshar sathe jukto chilen ebong shikkha-onuragi chilen. Cumilla Victoria College protistha korar jonno bipul poriman ortho byay korechen. Ei college evabe poripurno bastobe rup ney. College-ti protisthar por British sarkar take ""Ray Bahadur"" upadhi prodan kore. Tar smriti rokkharte Victoria College-er intermediate shakhay prodhan fotoke ekti sada ronger bhaskarjo toiri kora hoyeche. Biggani Satyendranath Bose chilen ei college-er prothom",Cumilla Victoria College kon bishwobidyaloyer ontorgoto?,Bangladesh Jatio Bishwabidyaloy,Cumilla Victoria College mone hoy Cumilla Bishwabidyaloyer ontorgoto chhilo.,"Okay, let's analyze the model answer.

**Step 1: Factual Claims in the Model Answer**

The model answer makes one primary claim: ""Cumilla Victoria College mone hoy Cumilla Bishwabidyaloyer ontorgoto chhilo."" This translates to ""It seems that Cumilla Victoria College was part of Cumilla University.""

**Step 2: Verification Against the Context**

The provided context *does not* mention Cumilla Victoria College being a part of Cumilla University (or any university for that matter). The context describes the college's founding, its founder, and some historical details, but it doesn't discuss its affiliation with any larger university. It explicitly states the college was established in 1899 and received the title ""Ray Bahadur"" from the British government, implying it was a standalone institution at the time. There's no information suggesting it later became part of a university.

**Step 3: Verdict**

Since the model answer asserts a relationship between Cumilla Victoria College and Cumilla University which is not mentioned or implied in the provided context, it is a hallucination.

no",no
bengali-7761912973681941309-9::specificity,bengali-7761912973681941309-9,specificity,"1756 sale Nawab Sirajuddaulla Kolkata dokhol kore nebar pore (20 June) Lord Clive ebong Watson Tamilnadu theke jahajjoge soinyobahini niye asen o Kolkata punordokhol koren (2 January, 1757). Chandannagar dokhol korar pore Sirajuddaullake utkhato korar jonno Sirajer poribarer koyekjon o Mir Jafar, Umichand, Jagat Sheth promukhder shonge shorojontro koren. Chukti moto kaj hoy o Nadiyar Palashir prantore Sirajuddaullar shonge prohoshonmulok juddho hoy. Sirajuddaulla porajito hoye palabar kale dhora pore nihoto hon. Chukti moto Mir Jafar Nawab hon ebong Clive nogod trish lokkho taka o Chobbish Parganar",Chhiyattorer monnontore kotojon manush mara jay?,pray 10 million,pray 10 hajarer moto মানুষ mara jay,"Okay, let's analyze the model answer.

**Step 1: Identify factual claims.**

The model answer states: ""pray 10 hajarer moto মানুষ mara jay"" which translates to ""approximately 10 thousand people died"". This is a single, quantifiable claim about the number of deaths.

**Step 2: Check against the Context.**

The provided context describes events leading up to and including the Battle of Plassey. It mentions Nawab Sirajuddaulla's invasion of Kolkata, Lord Clive's arrival with reinforcements, the capture of Chandannagar, negotiations, and the Battle of Plassey itself. Crucially, the context *does not* provide any information about the number of casualties in the battle. It only states that Sirajuddaulla was defeated and killed, and Mir Jafar became Nawab. The context does not mention a figure for the total number of deaths.

**Step 3: Verdict.**

Since the context makes no mention of the number of people who died (specifically around 10,000), the model's claim is not supported by the provided text.  Therefore, it is a hallucination.

no",no
bengali--2670679576736811691-0::factualness,bengali--2670679576736811691-0,factualness,"Pritilata Waddedar jini Pritilata Wadder nameo porichito (jonmo: May 5, 1911; mrityu September 24, 1932)[1], daknam Rani, chadmanam Phultar, ekjon Bangali chilen, jini British birodhi shadhinota andoloner onnotomo nari muktijoddha o prothom biplobi mohila shohid bektitto.[2] Totkalin Purbobonge jonmo neya ei Bangali biplobi Surya Sener netritte tokhonkar British birodhi soshastro andolone sokriyo vabe ongsho nen ebong jibon bisorjon koren. 1932 Khristabde Pahartali European Club dokholer shomoy[3][4] tini 15 joner ekta biplobi dol porichalona kor",Pritilata Waddedar kon sale jonmogrohon koren?,1911,1910 সালে jonmogrohon koren.,"Okay, let's analyze the model answer.

**Step 1: Factual Claims in the Model Answer**

The model answer states: ""1910 সালে jonmogrohon koren."" which translates to ""He/She was born in 1910.""

**Step 2: Verification Against the Context**

The context explicitly states: ""Pritilata Waddedar jini Pritilata Wadder nameo porichito (jonmo: May 5, 1911...)"" which means ""Pritilata Waddedar, whose name is also known as Pritilata Wadder (birth: May 5, 1911...)"".  This clearly states her birth year as 1911, not 1910.

**Step 3: Verdict**

The model answer provides a birth year of 1910, while the provided context states she was born in 1911. This is a clear contradiction and therefore a hallucination.

no",no
bengali-755752664402057654-0::specificity,bengali-755752664402057654-0,specificity,"Amir Minai (Urdu: Amir Mina i; jonmo: 1928 - mrittu: 19 October, 1900) bikhyato Urdu kobi chilen. 1828 sale Lucknow te jonmogrohon koren ebong 1900 sale Hyderabad e mrityuboron koren. Tar puro nam Amir Ahmad Minai. Tini Amir chadmoname lekhalekhi korten. Tini ekta kobitay namer e doito byaboharer kotha ullekh korechen: nam ka nam, takhallus ka takhallus hai Amir, ek yeh wasf khudadad mere nam mein hai",Amir Ahmad Minai er chadmonam ki chilo?,Amir,Tar chadmonam chilo Ahmad Minai bole dhora hoy.,"Okay, let's analyze this.

**Step 1: Factual Claims in the Model Answer**

The model answer states: ""Tar chadmonam chilo Ahmad Minai bole dhora hoy."" which translates to ""His pen name was Ahmad Minai."" This makes a direct claim about Amir Ahmad Minai's pen name (chadmonam).

**Step 2: Verification against the Context**

The context states: ""Tar puro nam Amir Ahmad Minai. Tini Amir chadmoname lekhalekhi korten."" which translates to ""His full name is Amir Ahmad Minai. He used to write with the pen name Amir."" The context explicitly says his pen name was ""Amir,"" not ""Ahmad Minai."" It mentions his full name as Amir Ahmad Minai. The model incorrectly claims his pen name was Ahmad Minai.

**Step 3: Verdict**

The model answer provides information that contradicts the given context. It incorrectly identifies the pen name of Amir Ahmad Minai. Therefore, it is hallucinated.

no",no
bengali-502031366341688023-0::specificity,bengali-502031366341688023-0,specificity,"Guru Nanak Dev () (Punjabi: ਗੁਰੂ ਨਾਨਕ; Hindi: guru nanak, Urdu: گرونانک, [ˈɡʊɾu ˈnɑnək] (April 15, 1469 - September 22, 1539) Sikh dhormer probokta ebong ei dhormer prothom guru. Proti bochor Kartik Purnima tithite tar jonmoutsob palito hoy.[1] Tini bohu sthane vromon kore manusher moddhe ek Ishwarer motobad procholon koren.[2] Tini somota, bhratritto o sodachoroner opor nirvor kore ekta ononno dhormiyo, samajik o rajnaitik byabostha procholon korte sokkhom hon.[3][4][5] Sikh dhorme bishwas kora hoye thake",Guru Nanoker mrityudibosh kobe?,"September 22, 1539",Guru Nanoker mrityudibosh shadharonoto Kartik Purnimar shomoy palon kora hoy.,"Okay, let's analyze the model answer.

**Step 1: Identify each factual claim made by the Model Answer.**

The model answer states: ""Guru Nanoker mrityudibosh shadharonoto Kartik Purnimar shomoy palon kora hoy."" which translates to ""Guru Nanak's death anniversary is generally celebrated during Kartik Purnima.""

**Step 2: Check whether it is supported by the Context.**

The context states: ""Proti bochor Kartik Purnima tithite tar jonmoutsob palito hoy.[1]"" which translates to ""His birthday is celebrated on the date of Kartik Purnima every year."" The context mentions Kartik Purnima in relation to his *birthday*, not his death anniversary. While it's possible that the death anniversary is also observed around Kartik Purnima, the provided text does *not* state this. It only explicitly links Kartik Purnima to his birth. The model is inferring a connection between the birthday celebration and the death anniversary observation, which isn't directly stated in the given context.

**Step 3: Based on steps 1-2, decide the final verdict.**

The model answer makes a claim about the death anniversary being celebrated during Kartik Purnima, but the context only mentions Kartik Purnima in relation to the birthday. This constitutes a hallucination because the answer provides information not present in the provided context.

no",no
bengali-1429724599905928491-2::specificity,bengali-1429724599905928491-2,specificity,"Krishna shobder ortho kalo ba ghon nil. Gauriyo Boishnob shomprodayer Hare Krishna mahamontre, anekei Krishna shobdoti shorboakorshok orthe byabohar kora hoyeche bole mone koren. Bhagoboto Purane Krishnake prayoshoy bongshi-badonrot ek kishorer rupe bornona kora hoyeche.[2] Abar Bhagobadgitay, tini ek pothprodorshok ebong shohayok torun rajputro. Shomogro Mahabharot kabye, tini ekjon kutonitiggo hishabe Pandobpokkh e mukkho bhumika palon korechen, Kurukshetrer juddhe Arjuner rother sarothirupe obotirno hoyechen.[3] Hindu dorshon o dhormotattwik oitihye Krishna-sh",Gouriyo Boishnob dhormabolombi lokeder aradhyo debota ke?,Krishna,Gouriyo Boishnob der kache aradhyo debota holo Bishnu-r ek bishesh rup Narayan.,"Okay, let's analyze the model answer step by step.

**Step 1: Identify each factual claim made by the Model Answer.**

The model answer makes the following claim: ""Gouriyo Boishnob der kache aradhyo debota holo Bishnu-r ek bishesh rup Narayan."" This translates to ""For the Gauriya Vaishnavas, the most worshiped deity is a special form of Vishnu named Narayan.""

**Step 2: For each claim, check whether it is supported by the Context.**

The provided context discusses Krishna and his various depictions in Hindu scriptures like the Bhagavad Gita and Mahabharata. It mentions that Gaudiya Vaishnava leaders believe many Krishna words have a comprehensive meaning. However, it **does not** explicitly state that Narayan or Vishnu is the primary deity worshipped by Gaudiya Vaishnavas. While Krishna *is* considered an avatar of Vishnu, the context doesn't directly equate the primary devotion of Gaudiya Vaishnavas to Vishnu/Narayan. The passage focuses on Krishna's roles and representations within Hindu texts.

**Step 3: Based on steps 1-2, decide the final verdict.**

The model answer presents a relationship between Gaudiya Vaishnavas and Narayan/Vishnu that isn't directly supported by the given context. Although Krishna is an avatar of Vishnu, stating that Narayan is their *primary* deity requires information absent from the text. Therefore, the answer is hallucinated.

no",no
bengali--3636759562453927542-3::inference,bengali--3636759562453927542-3,inference,"1985 sale Markin Juktorashtrer telecom niyontronk Federal Communication Commission (FCC) kortik bename bornomalar koyekti band kholar jonno onumoti deya hoy, ja Wi-Fi name porichito. Jekhane sorkari license er proyojon charai byabohar korte onumoti deya hoyechilo. Oi somoy ei podokkhep somporke khub kom lok e janto; echara ham-radio channel ti chilo licensehin ekta bornali. Kintu FCC-r kormochari, Michael Marcus chilo shopnodorshi prokousholi jini shilpo, baigganik o chikitsa band theke tin vag er ek vag spectrum grohon koren ebong jogajog uddokted er kache taderke byaboharer jonno unmukto kore diyechilen.",Wi-Fi shobdotir byabohar prothom kobe theke shuru hoy?,1985 shale,Wi-Fi shobdotir byabohar prothom 1990 shale shuru hoy.,"Okay, let's analyze the model answer.

**Step 1: Factual Claims in the Model Answer**

The model answer makes one primary factual claim: ""Wi-Fi shobdotir byabohar prothom 1990 shale shuru hoy."" (The use of Wi-Fi technology first started in 1990.)

**Step 2: Verification Against the Context**

The context states that approval for opening certain bands was given by the FCC in 1985 for what we now know as Wi-Fi. It doesn't explicitly state when the *use* of Wi-Fi began, but it establishes that the regulatory groundwork was laid in 1985. The context does not mention 1990. The context mentions that at the time, it wasn't widely known and involved ham radio channels.

**Step 3: Verdict**

The model answer claims Wi-Fi usage began in 1990. The provided text indicates the foundational approvals occurred in 1985. While it's possible Wi-Fi usage started in 1990, the context does *not* support this claim. Therefore, the answer is a hallucination because it presents information not found within the given context.

no",no
bengali-7838235126646531080-5::factualness,bengali-7838235126646531080-5,factualness,"Alfred Wallace Juktorajyer Wales-e obosthito Monmouthshire County-r Usk shohorer nikotoborti Llanbadoc namok grame jonmogrohon koren.[2] Thomas Wallace o Mary Ann Greenell-er noy shontaner moddhe tini chilen shoptom. Thomas shombhoboto Scottish bongshodbhuto. Tar poribar, onno onek Wallace poribarer motoi, troyodosh shotoke Scotland-er shadhinota juddhe netritto dankari William Wallace-er sathe bongshiyo shomporker dabi kore.[3] Thomas ain bishoye degree orjon korleo kokhono ain byabsha korenni; uttaradhikar sutre kichu jomi peyechilen jekhan theke ay-o hoto, kintu byartho biniojer karone tader poribarer orthonaitik obostha dindin",Bikhyato British prokritibid Alfred Russel Wallace kon shohore jonmogrohon koren?,ask,Alfred Russel Wallace Cardiff shohore jonmogrohon koren.,"Okay, let's analyze this.

**Step 1: Factual Claims in the Model Answer:**

The model answer claims that ""Alfred Russel Wallace Cardiff shohore jonmogrohon koren."" (Alfred Russel Wallace was born in Cardiff).

**Step 2: Verification against the Context:**

The provided context states that Alfred Wallace's birthplace was ""Llanbadoc namok grame"" within Monmouthshire County in Wales. It *does not* mention Cardiff.  Llanbadoc is a village, and Cardiff is a city. These are distinct locations.

**Step 3: Verdict:**

The model answer provides information not found in the given context. The context explicitly names Llanbadoc as Wallace’s birthplace, while the model answers Cardiff. This constitutes a hallucination.

no",no
bengali-1771748160489305957-0::inference,bengali-1771748160489305957-0,inference,"Bhawal Sannyasi mamla bingsho shotoker prothom bhager ekta bikhyato mamla. Obibhokto Bharatborsher Bangla prodesher Bhawal Estate-er (bortomane Bangladesh-er Gazipur jelay obosthito) kortitto niye ei mamlar mul protipadyo chilo, mamlar badir porichoy.[1] Badi nijeke Bhawal-er Rajkumar Ramendranarayan Ray hishabe dabi korechilen, ek doshok age jar mrityu ghotechilo bole sobai janto.[2]",Obibhokto Bharatborsher Bangla prodesher Bhawal Estate bortoman Bangladesher kon jelay obosthito?,Gazipur,Bhawal Estate mone hoy Dhaka jelay obosthito chilo.,"Okay, let's analyze this.

**Step 1: Identify factual claims in the Model Answer.**

The model answer states: ""Bhawal Estate mone hoy Dhaka jelay obosthito chilo."" which translates to ""Bhawal Estate is believed to have been located in Dhaka district.""

**Step 2: Check against the Context.**

The context states: ""Bhawal Estate-er (bortomane Bangladesh-er Gazipur jelay obosthito)..."" which translates to ""Bhawal Estate-er (currently located in Gazipur district of Bangladesh)..."".  This explicitly states that Bhawal Estate is currently located in Gazipur district, not Dhaka.

**Step 3: Verdict**

The model answer contradicts the provided context by stating Bhawal Estate was in Dhaka when the text clearly says it's in Gazipur. This constitutes a hallucination.

no",no
bengali--5964381449812256738-1::inference,bengali--5964381449812256738-1,inference,"211.81 borgo ki.mi. ayotoner Birampur upojelar ward 9ti o moholla 29ti. Ei upojelar uttore Phulbari upojela o Nawabganj upojela, dokkhine Hakimpur upojela o Bharoter Poshchimbongo, purbe Nawabganj upojela o Hakimpur upojela ebong poschime Phulbari upojela o Poshchimbongo dara ghera. Nodinodir moddhe Jamunar shakha nodi ullekhjoggo. Eti muloto Jamuna nodir upobahika. Rajdhani Dhaka theke eti pray 300 ki.mi. uttore ebong Dinajpur sadar theke eti 56 ki.mi. dokkhine obosthito.",Birampur upojelar mot ayoton koto?,211.81 borgo ki.mi,"Birampur upojelar mot ayoton mone hoy 300 ki.mi. er moto, karon eta Dhaka theke pray 300 ki.mi. uttore obosthito.","Okay, let's analyze the model answer step by step.

**Step 1: Factual Claims in the Model Answer**

The model answer makes the following claims:

1.  ""Birampur upojelar mot ayoton mone hoy 300 ki.mi. er moto"" (Birampur upojela's distance is approximately 300 km).
2.  ""karon eta Dhaka theke pray 300 ki.mi. uttore obosthito"" (because it is located approximately 300 km north of Dhaka).

**Step 2: Verification against the Context**

Let's examine each claim against the provided context:

*   **Claim 1:** The context states ""Rajdhani Dhaka theke eti pray 300 ki.mi. uttore ebong Dinajpur sadar theke eti 56 ki.mi. dokkhine obosthito."" (It is located approximately 300 km north of Dhaka and 56 km south of Dinajpur). This directly supports the claim that Birampur is roughly 300 km from Dhaka.
*   **Claim 2:** This claim is a restatement of the reason given in the context for the approximate distance, which we just verified as accurate.

**Step 3: Final Verdict**

Both claims made by the model answer are directly supported by the provided context. There is no hallucination.

no",no
bengali--6767707870439070421-2::factualness,bengali--6767707870439070421-2,factualness,"Bishwer shobcheye jonobohul deshgulor talikay Bangladesher obosthan oshtom jodio ayotoner hisebe Bangladesh bishwe 94tom; fole Bangladesh bishwer shobcheye ghonobosotipurno deshgulor nobom. Matro 56 hajar borgomileo kom ei khudrayotoner deshtir prakkolito (2018) jonoshonkha 18 kotir beshi orthat proti borgomile jonobosoti 2889 jon (proti borgo kilometare 1115 jon). Rajdhani Dhaka shohorer jonoshonkha 1.44 koti ebong Dhaka mohanogorir jonoghonotto proti borgomile 19,447 jon.[2] Desher jonoshonkhar 99 shotangsho manusher matrivasha Bangla; sakkhorotar har 72 shotangsho.",Ayotoner dik theke Bangladesh bishwer kottom desh?,94,Ayotoner dik theke Bangladesh bishwer 92-tom desh.,"Okay, let's analyze the model answer.

**Step 1: Factual Claims in the Model Answer**

The model answer makes a single factual claim: ""Ayotoner dik theke Bangladesh bishwer 92-tom desh."" (From the perspective of population, Bangladesh is the 92nd country in the world.)

**Step 2: Verification against the Context**

The context states that Bangladesh is ranked 94th in the world in terms of population according to the United Nations. It *does not* state that Bangladesh is the 92nd country. The context explicitly mentions 94th place.

**Step 3: Verdict**

The model answer contradicts the information provided in the context. The context says 94th, while the model answers 92nd. This constitutes a hallucination because the model is providing information not found in the given text.

no",no
bengali--8045997562526390537-0::inference,bengali--8045997562526390537-0,inference,"Adwaita Mallabarman (1la January, 1914- 16i April, 1951) Bangali oupannyasik o sangbadik. Totkalin Cumilla jelar odhine Brahmanbaria mohakumar Gokarnaghat grame jonmogrohon koren. Titas Ekti Nodir Nam shironamer ektimatro uponnash likhe tini Bangla sahityer chirosmoroniyo o omor protibha hisebe sobishes swikriti lav koren. Ei uponnashti sorboprothom 'Masik Mohammadi' potrikay prokashito hoy.",Bangali oupannyasik o sangbadik Adwaita Mallabarman-er prothom upannyaser nam ki?,Titas ekta nodir naam,Adwaita Mallabarman-er prothom upannyas chhilo **Masik Mohammadi** potrikay prokashito ekta golpo.,"Okay, let's analyze the model answer.

**Step 1: Factual Claims in the Model Answer**

The model answer makes two claims:

1.  Adwaita Mallabarman's first novel was a story published in the ""Masik Mohammadi"" magazine.
2. The story was published in ""Masik Mohammadi"" magazine.

**Step 2: Verification Against the Context**

*   **Claim 1:** The context states that Adwaita Mallabarman wrote a work titled ""Titas Ekti Nodir Nam"" which is considered a timeless contribution and enduring talent in Bengali literature. It also mentions that this work was first published in the 'Masik Mohammadi' magazine. While it doesn't explicitly state ""Titas Ekti Nodir Nam"" was his *first* novel, it does identify ""Masik Mohammadi"" as the publication where he first gained recognition for a work.
*   **Claim 2:** The context directly confirms that the work (""Titas Ekti Nodir Nam"") was first published in 'Masik Mohammadi' magazine.

**Step 3: Overall Verdict**

The model answer is not entirely accurate. While it correctly identifies ""Masik Mohammadi"" as the publication, it incorrectly refers to the work as a ""golpo"" (story) instead of an ""uponnash"" (novel/writing). However, the core information about the publication is correct. Because it mischaracterizes the work, there is a degree of hallucination.

no",no
bengali--4507581995498809995-1::comprehension,bengali--4507581995498809995-1,comprehension,Aceher shashok 15sh shotabdir moddhovage Islam grohon koren.[1] Ali Mugayat Shah Aceh Saltanat protistha korechilen. Tini 1520 Khrishtabde uttar Sumatray tar niyontron protisthar jonno ovijan shuru koren.[2] Sultan Iskandar Muda tar ovijaner maddhome Aceher simana briddhi koren. 1612 Khrishtabde Deli porajito hoy ebong Aceher ontorgoto hoy. 1861 Khrishtabde Dutchder hostokkheper porer bochor Dutch East India Companyr sathe shondhi hoy ja Aceh o Siaker kach theke Delir shadhinota shikar korte shahajjo kore. Eti bortomane Indonesiar ongsho. Medaner itihashe Saltanat protik hisebe tike ase.,Acheh Saltanater protishthata ke chilen?,Ali Mugayat Shah,Sultan Iskandar Muda chilen.,"Okay, let's analyze the model answer.

**Step 1: Identify factual claims in the Model Answer.**

The model answer states: ""Sultan Iskandar Muda chilen."" This translates to ""Sultan Iskandar Muda were."" The claim is that Sultan Iskandar Muda established the Acheh Sultanate.

**Step 2: Check if the claim is supported by the Context.**

The context states: ""Ali Mugayat Shah Aceh Saltanat protistha korechilen. Tini 1520 Khrishtabde uttar Sumatray tar niyontron protisthar jonno ovijan shuru koren. Sultan Iskandar Muda tar ovijaner maddhome Aceher simana briddhi koren."" This translates to ""Ali Mugayat Shah established the Aceh Sultanate. He started a campaign in the 1520s to establish his control over North Sumatra. Sultan Iskandar Muda expanded the territory of Aceh during his campaign.""

The context explicitly mentions Ali Mugayat Shah establishing the Sultanate, and then Sultan Iskandar Muda expanding it later. While Iskandar Muda didn't *establish* it, he played a significant role in its development. However, the model answer directly attributes the establishment to Iskandar Muda which isn't entirely accurate based on the provided text. It is a misrepresentation of the information given.

**Step 3: Verdict**

The model answer contains a hallucination because it incorrectly attributes the establishment of the Acheh Sultanate solely to Sultan Iskandar Muda when the context clearly states that Ali Mugayat Shah was the founder.

no",no
bengali--3052451907272545632-1::inference,bengali--3052451907272545632-1,inference,"1993 sale prothom tini ""Obujh Duti Mon"" cholocchitre obhinoy koren. Chobiti porichalona korechhilen Mohammad Hossain. Shopner Nayok cholocchitre obhinoyer maddhome tini jonopriota orjon koren. Shomprotik shomoye cholocchitre obhinoy kichuta komiye dileo natok o telefilm-e kaj korchen tini.[1] 2016 sale tini shorboshesh ""Ek Jobaner Jomidar Here Gelen Ebar"" name ekti cholocchitre obhinoy korechen.[2]",Amir Khan obhinito prothom cholocchitrotir nam ki?,Obujh duti mon,"Amir Khan-er prothom cholocchitro chhilo **Shopner Nayok**, karon ei chobir maddhomei tini prothom boro porichiti pan.","Okay, let's analyze the model answer step by step.

**Step 1: Factual Claims in the Model Answer**

The model answer makes two main claims:

1.  Amir Khan's first film was ""Shopner Nayok"".
2.  He gained significant recognition through this film (""ei chobir maddhomei tini prothom boro porichiti pan"").

**Step 2: Verification Against the Context**

*   **Claim 1: Amir Khan's first film was ""Shopner Nayok.""** The context states that Amir Khan gained popularity through ""Shopner Nayok,"" but it *doesn't* say it was his first film. It mentions he acted in ""Obujh Duti Mon"" first.
*   **Claim 2: He gained significant recognition through this film.** The context explicitly says he gained popularity (""jonopriota orjon koren"") while acting in ""Shopner Nayok"". This part aligns with the provided text.

**Step 3: Overall Verdict**

The model answer incorrectly states ""Shopner Nayok"" as Amir Khan's first film. The context indicates ""Obujh Duti Mon"" was his first film. While the second part of the answer about gaining popularity is correct, the primary claim is false based on the given context. Therefore, the answer contains a hallucination.

no",no
bengali-469553946537952415-15::inference,bengali-469553946537952415-15,inference,Morinho Chelsea-te jog den 2004 saler June mase ebong proti bochore 4.2 million pound betoner fole football-er itihashe onnotomo sorbocho parishromikprapto manager-der khatay nam lekhan. 2005 sale e beton bere hoy 5.2 million pound.[4],Jose Mario dos Santos Mourinho Felix prothom koto sale Chelsea daler hoye football khela shuru koren?,2004 saler June mashe,"Jose Mourinho prothom Chelsea-r hoye football khela shuru koren 2005 sale, karon oi shomoy tar beton-o bere 5.2 million pound hoy.","Okay, let's break this down.

**Step 1: Factual Claims in the Model Answer:**

The model answer makes two key claims:

1.  Jose Mourinho first joined Chelsea in the ""2005 sale"" (meaning season).
2.  This is because his salary was 5.2 million pounds that year.

**Step 2: Verification against the Context:**

*   **Claim 1 (2005):** The context states Mourinho joined Chelsea in ""2004 saler June mase"" (June 2004). It also mentions a later increase in salary in ""2005 sale"". Therefore, the model answer incorrectly states the initial joining year.
*   **Claim 2 (5.2 million pounds):** The context *does* state that his salary became 5.2 million pounds in ""2005 sale."" However, this fact is presented as a consequence of him joining in 2005, which is incorrect based on the provided text.

**Step 3: Final Verdict:**

The model answer misrepresents the timeline of Mourinho's arrival at Chelsea. While it correctly states the salary figure for 2005, it attributes it to the wrong starting point. This constitutes a hallucination because it fabricates a connection and timeline not explicitly present in the context.

no",no
bengali--8981983056012119758-0::factualness,bengali--8981983056012119758-0,factualness,"Dhaka dokkhin Ashiar rashtra Bangladesh-er rajdhani o brihottom shohor. Proshashonikvabe eti deshtir Dhaka bibhager prodhan shohor. Bhougolikvabe eti Bangladesh-er moddhobhage Buriganga nodir uttar tire ekta somotol elakate obosthito. Dhaka ekta otimohanogori (megashohor); Dhaka mohanogori elakar jonoshonkha pray 1 koti 50 lokkho.[3] Jonoshonkhar bichare eti dokkhin Ashiar choturtho brihottom shohor (Delhi, Karachi o Mumbai-er porei) ebong somogro bishwer nobom brihottom[4] shohor. Jonghonotter bichare Dhaka bishwer shobcheye ghonobosotipurno mohanogori; 134 borgomail ay",Dhaka shohorer ayoton koto?,134 borgomail,Dhaka shohorer ayoton praye 140 borgomail dhora hoy.,"Okay, let's analyze the model answer.

**Step 1: Identify factual claims**

The model answer makes one primary factual claim: ""Dhaka shohorer ayoton praye 140 borgomail dhora hoy."" (Dhaka city's area is approximately 140 square miles).

**Step 2: Check for support in the Context**

The context states: ""Jonghonotter bichare Dhaka bishwer shobcheye ghonobosotipurno mohanogori; 134 borgomail"". This translates to: ""In terms of population density, Dhaka is the most densely populated megacity in the world; 134 square miles.""

**Step 3: Verdict**

The model answer states the area of Dhaka as approximately 140 square miles. The provided context mentions the area as 134 square miles. While 140 is close to 134, it's not directly stated or supported within the given text. It's a slight deviation that could be considered a hallucination, especially since the context provides a specific number.

no",no
bengali--1823810411993388609-7::factualness,bengali--1823810411993388609-7,factualness,Saloksongshleshon er bikriya:- 6CO2 + 12H2O + tap → C6H12O6 + 6H2O + 6O2 Saloksongshleshon prokriya 2ti porjaye somponno hoy- k) alok nirvor porjay kh) ondhokar porjay,Saloksongshles prokriyata prodhanoto kon duto porjaye shompanno hoy?,k) alok nirvor porjay kh) ondhokar porjay,k) tap nirvor porjay kh) gasiyo porjay,"Okay, let's analyze the model answer.

**Step 1: Factual Claims in the Model Answer**

The model answer states two points:
*   k) tap nirvor porjay (k) light energy is involved
*   kh) gasiyo porjay (kh) gas is involved

**Step 2: Verification against the Context**

Let's examine if these claims are present in the provided context.

*   ""k) tap nirvor porjay kh"" - The context explicitly mentions ""alok nirvor porjay"" which translates to ""light energy is involved.""  ""tap nirvor porjay"" is a slight variation, but essentially refers to light energy. This is consistent with the context.
*   ""gasiyo porjay"" - The chemical equation `6CO2 + 12H2O + tap → C6H12O6 + 6O2` shows that carbon dioxide (CO2) and oxygen (O2) are gases involved in the reaction. Therefore, ""gasiyo porjay"" (gas is involved) is also consistent with the context.

**Step 3: Final Verdict**

Both claims in the model answer are either directly stated or logically implied by the provided context. There is no hallucination.

no",no
bengali-2409535069483951968-1::factualness,bengali-2409535069483951968-1,factualness,"Dushor-o beshi Upanishader kotha jana jay. Egulir modhye prothom barotii prachintom ebong shobcheye guruttopurno. Egulike ""Mukhya Upanishad"" bole. Bhagavadgita, Brahmasutra ebong Mukhya Upanishadguli[2] (egulike eksathe Prasthanatrayi bola hoy) porobortikale Hindu Vedanta darshoner bibhinno shakhar jonmo diyechhilo. Egulir modhye duti ekeshorobadi shakha bisheshvabe ullekhjoggo.[note 1][note 2][note 3]",Mot koyti Upanishad ache?,dushor o beshi,Mot 108ti Upanishad ache.,"Okay, let's analyze this.

**Step 1: Factual Claims in the Model Answer**

The model answer makes a single, direct factual claim: ""Mot 108ti Upanishad ache."" (There are 108 Upanishads.)

**Step 2: Verification Against the Context**

The provided context discusses *Mukhya Upanishad* (principal Upanishads) and mentions that Bhagavadgita, Brahmasutra, and these principal Upanishads together form *Prasthanatrayi*. It also notes that some schools of Hindu Vedanta arose from these texts. However, the text *does not* mention the total number of Upanishads. It doesn't state there are 108, nor does it provide any figure for their count. The context focuses on the importance of certain Upanishads within the broader Vedanta tradition, but it doesn't offer a comprehensive list or a numerical count.

**Step 3: Verdict**

Since the context provides no information about the total number of Upanishads, the claim that there are 108 is not supported by the given text. Therefore, it is a hallucination.

no",no
bengali--8988483359118632803-6::inference,bengali--8988483359118632803-6,inference,The Newcomers (2000) o Not Another Teen Movie (2001) chobite obhinoy korar por[15] Evans The Perfect Score (2004) o Cellular (2004) chobite mukkho bhumikay obhinoy koren. Erpor tini Chicago-te duti independent cholocchitreo obhinoy koren. Ei chobi duti chilo Dark Wittenborn-er Fierce People (2005) o London (2005). Fierce People chobite Evans kholnayok Bryce choritre ebong London chobite shomporker jotilota-shongkranto shomossay dushchintagrosto ek drug byaboharkarir choritre obhinoy koren.[16] 2005 shale comic book obolombone nirmito Fantastic Four cholocchitre superhero Human Torch choritre obhinoy koren Evans. 2007 shale,"Markin obhineta Christopher Robert ""Chris"" Evans-er obhinito prothom cholocchitrer nam ki?",The Newcomers,Chris Evans-er prothom obhinito cholocchitro chilo The Perfect Score.,"Okay, let's analyze this.

**Step 1: Factual Claims in the Model Answer**

The model answer makes one primary factual claim: ""Chris Evans-er prothom obhinito cholocchitre chilo The Perfect Score."" (Chris Evans' first starring film was The Perfect Score.)

**Step 2: Verification against the Context**

The context states: ""The Newcomers (2000) o Not Another Teen Movie (2001) chobite obhinoy korar por[15] Evans The Perfect Score (2004) o Cellular (2004) chobite mukkho bhumikay obhinoy koren."" This translates to ""After acting in The Newcomers (2000) and Not Another Teen Movie (2001), Evans acted in significant roles in The Perfect Score (2004) and Cellular (2004).""

The context *does* mention ""The Perfect Score"" as a film where Evans acted. However, crucially, it says it came *after* ""The Newcomers"" and ""Not Another Teen Movie."" Therefore, the statement that ""The Perfect Score"" was his *first* starring role is not directly supported by the provided text. It implies it was a later role.

**Step 3: Verdict**

The model answer contradicts the chronological order presented in the context. While the context mentions ""The Perfect Score,"" it doesn't support the assertion that it was Chris Evans' first film.  Therefore, the answer is a hallucination.

no",no
bengali-4007802762822627124-18::inference,bengali-4007802762822627124-18,inference,2000 sale Amar Ekushey Granthamelay prokashito hoy tar rochito uponnash Brishtibilash. Moddhobitto poribarer tan poren niye lekha boiti tar sorbadhik bikrito boier ekta. 2000 saler February masei boitir dwadosh mudron ber korte hoy.[38] 2001 sale Dui Duari cholocchitro shokol shrenir dorshokder kache darun grohonjoggota pay. Chobite jadu bastobotar prokash pay Riaz obhinito rohossho manob choritrer aschorjo upaye manusher bibhinno shomossa shomadhaner chitroyoner moddho diye.[39] Ei choritre obhinoy kore Riaz shreshtho obhineta bibhage Jatio Cholocchitro Purashkar orjon koren. 2003-e nirma,"Prokhyato oupannyashik Humayun Ahmed rochito ""Brishtibilash"" uponyashti kobe kobe prothom prokashito hoy?",2000 sale,Brishtibilash prothom prokashito hoy 2001 saler February mase.,"Okay, let's analyze the model answer.

**Step 1: Factual Claims in the Model Answer**

The model answer makes one primary factual claim: ""Brishtibilash prothom prokashito hoy 2001 saler February mase."" (Brishtibilash was first published in February of 2001).

**Step 2: Verification against the Context**

The context states: ""2000 sale Amar Ekushey Granthamelay prokashito hoy tar rochito uponnash Brishtibilash."" This translates to: ""In 2000, his novel Brishtibilash was published at Amar Ekushey Granthamela.""  It does *not* state that it was published in February. It says it was published in 2000 at the book fair. The model answer contradicts this information.

**Step 3: Verdict**

The model answer provides incorrect information regarding the publication date of ""Brishtibilash"". The context clearly states it was published in 2000, not 2001. Therefore, the answer is hallucinated.

no",no
bengali-91483490703308038-4::factualness,bengali-91483490703308038-4,factualness,"Agun jwalanor jonno tinti upadaner proyojon pore - oxygen, jwalani ebong tap. Jwalani hisebe kath, koyla, toil ebong onnanno dahyo podartho poribesher sorbotro ache. Ekbar agun jolte shuru korle porobortite eti nijei tap utpadone sokkhom. Kokhono kokhono eti nijei swoyongkriyo vabe tap utpadoner maddhome jolte shuru kore.",Agun jwalanor jonno kon gaser proyojon hoy?,oxygen,nitrogen gas লাগে agun jwalanor jonno,"Okay, let's analyze this.

**Step 1: Factual Claims in the Model Answer**

The model answer claims: ""nitrogen gas লাগে agun jwalanor jonno"" which translates to ""nitrogen gas is needed for combustion.""

**Step 2: Verification Against the Context**

The provided context discusses the requirements for combustion (""Agun jwalanor jonno""). It explicitly states that oxygen, fuel, and ignition are needed (""tinti upadaner proyojon pore - oxygen, jwalani ebong tap."").  It lists fuels like কাঠ (wood), কয়লা (coal), তেল (oil), and other flammable materials. Critically, *it does not mention nitrogen gas* as a requirement for combustion. It describes how fire sustains itself by producing its own heat and sometimes spontaneously generating ignition through heat production.

**Step 3: Verdict**

The model answer introduces nitrogen gas as necessary for combustion, while the context provides no information supporting this claim. This constitutes a hallucination.

no",no
bengali-6020639613270814419-24::comprehension,bengali-6020639613270814419-24,comprehension,Bangladesh Noubahinite 6ti proshashonik shakha royeche:[49],Bortomane Bharoter nou bahinite mot koyti proshashonik shakha royeche?,6ta,Bortomane Bharoter noubahinite mot 8ta proshashonik shakha royeche.,"Okay, let's analyze the model answer.

**Step 1: Identify factual claims.**

The model answer states: ""Bortomane Bharoter noubahinite mot 8ta proshashonik shakha royeche."" which translates to ""Currently, there are 8 administrative branches in the Indian new Bahini.""

**Step 2: Check against the context.**

The context states: ""Bangladesh Noubahinite 6ti proshashonik shakha royeche:[49]"" which translates to ""Bangladesh Noubahinite has 6 administrative branches."" The context *does not* mention anything about India or the number of administrative branches within the Indian ""nou bahini"".  It only refers to Bangladesh. Therefore, the claim regarding the number of branches in India is not supported by the provided context.

**Step 3: Verdict**

Since the model answer makes a claim about India that is not present in the context, it is hallucinated.

no",no
bengali-5441977494276432977-0::factualness,bengali-5441977494276432977-0,factualness,Seyed Ali Hosseini Khamenei (Persian: Seyed Ali Hosseini Khamenei; jonmo: 17 July 1939)[1] holen Iran-er bortoman (2y) sorbocho dhormiyo neta[2] ebong Iran-er 8 koti Shia Muslim-der adhyatmik neta.[2][3] 13 October 1981 theke 3 August 1989 porjonto tini Iran-er 3y rashtrapoti hisebe daitto palon koren. Forbes samoyiki 2012 sale take prithibir shobcheye probhabshali 21 joner moddhe sthan dey.[4],Sayed Ali Hoseni Khamenei kobe jonmogrohon koren?,17 July 1939,18 July 1940 e tini jonmogrohon koren.,"Okay, let's analyze this.

**Step 1: Factual Claims in the Model Answer**

The model answer states: ""18 July 1940 e tini jonmogrohon koren."" This translates to ""He was born on July 18, 1940.""

**Step 2: Verification Against the Context**

The context states: ""jonmo: 17 July 1939"" which translates to ""birth: 17 July 1939"".  This directly contradicts the model answer's claim of 18 July 1940. The context clearly states the birthdate as 17 July 1939.

**Step 3: Verdict**

The model answer provides a birthdate that is not present in the provided context and directly contradicts it. Therefore, it is a hallucination.

no",no
bengali--2339153920148132891-1::specificity,bengali--2339153920148132891-1,specificity,"Michelangelor jonmo hoy 1475 Khristabder 6 March, jonmosthan Caprisi, ja Tascani-r Arezzo-r kachakachi obosthito. Caprisi-r bortoman nam Caprisi Michelangelo. Koyek projonom dhore tar purbopurushra Florence-e khudro porisore banking korten. Bank shorboshanto hoye jawar karone tar pita, Ludovico di Leonardo Buonarroti Simoni, kichu shomoyer jonno chhoto shohor Caprisi-te sorkari proshashok hishabe daitto palone asen, ebong ekhanei Michelangelor jonmo hoy. Tar mayer nam Francesca di Neri del Miniato di Siena. Michelangelor jonmer koyek mash pore tar poribar Florence-e fire ase, tar pore sekhanei tini boro hoye othen. Por",Michaelangelo-r jonmo kothay hoy?,1475 khristabder 6 March,"Michelangelo-r jonmo Rome-e hoy, 1476 shaler dike.","Okay, let's analyze this.

**Step 1: Factual Claims in the Model Answer**

The model answer makes two factual claims:

1.  Michelangelo's birth occurred in Rome.
2.  Michelangelo's birth occurred in the year 1476.

**Step 2: Verification against the Context**

*   **Claim 1: Birthplace - Rome:** The context states, ""jonmosthan Caprisi,"" which translates to ""birthplace Capresi."" It further clarifies that Capresi is near Arezzo in Tuscany. There is *no* mention of Rome as Michelangelo's birthplace.
*   **Claim 2: Year of Birth - 1476:** The context states, ""Michelangelor jonmo hoy 1475 Khristabder 6 March,"" meaning ""Michelangelo was born on March 6, 1475."" The model answer provides 1476, which is incorrect.

**Step 3: Verdict**

Both claims made by the model answer contradict the information provided in the context. Therefore, the answer is hallucinated.

no",no
bengali--8397694120488937556-1::inference,bengali--8397694120488937556-1,inference,"Jacobs 1992 sale shadhinbhabe tar peshagoto kusti kormojibon shuru koren. 1995 sale World Wrestling Federation-e (bortomane WWE) jog debar age tini Smoky Mountain Wrestling (SMW) ebong United States Wrestling Association-e (USWA) kusti kheleyen. Jacobs 1997 porjonto bibhinno choritre obhinoy korechen, jokhon tini ""Kane"" hishabe punoray uposthit hoyechilen, chilen manoshikvabe birukto ebong The Undertaker er choto shot bhai, jar sathe Jacobs-er feud-o chilo, abar The Brothers of Destruction name team-o gorechilen.",Koto shale Glen Thomas Jacobs peshadar kustigir hisebe kormojibon shuru koren?,1992,Glen Thomas Jacobs mone hoy 1995 shale peshadar kustigir hishabe kormojibon shuru koren.,"Okay, let's analyze the model answer.

**Step 1: Factual Claims in the Model Answer**

The model answer makes one primary factual claim: ""Glen Thomas Jacobs mone hoy 1995 shale peshadar kustigir hishabe kormojibon shuru koren."" (Glen Thomas Jacobs is believed to have started his professional wrestling career in 1995).

**Step 2: Verification against the Context**

The context states: ""Jacobs 1992 sale shadhinbhabe tar peshagoto kusti kormojibon shuru koren."" which translates to ""Jacobs started his professional wrestling career independently in 1992"". This directly contradicts the model answer's claim that he began in 1995. The context mentions he wrestled for SMW and USWA before joining WWE in 1995, but it explicitly states his career *started* in 1992.

**Step 3: Verdict**

The model answer provides information that is demonstrably false based on the provided context. It misstates the year Jacobs began his wrestling career. Therefore, it is a hallucination.

no",no
bengali--581563299056306592-100::comprehension,bengali--581563299056306592-100,comprehension,Eishob Soviet safollyer jobabe Markin Juktorastro 1970 saler moddhe ekjon manushke chande podarpon koranor ucchavilashi porikolpona hate ney. 1968 sale Markin mohakashjan Apollo 8 prothombarer moto chad prodokkhin kore. Markinider mul porikolpona sesh porjonto 1969 sale bastobayito hoy. Sebochor 21she July Apollo 11 mission-er ongsho hisebe Markin novochari Neil Armstrong prothom manush hisebe chande obotoron koren o chondroprishte paychari koren. Tar sathe ditiyo manush hisebe Buzz Aldrin-o chande podarpon koren.,Bishwer ditiyo manob mohakash jatra kon desh theke shuru hoy?,Markin Juktorastro,Soviet Union theke shuru hoy.,"Okay, let's analyze this.

**Step 1: Factual Claims in the Model Answer**

The model answer states: ""Soviet Union theke shuru hoy."" which translates to ""It started from the Soviet Union."" This refers to the second human spaceflight.

**Step 2: Verification against the Context**

The provided context focuses primarily on the American (Markin/American) space program and the Apollo missions. It mentions the Soviet space program only in passing, stating that a Soviet scientist had a concept for landing on the moon in the 1970s.  Crucially, the text *does not* state that the second human spaceflight originated from the Soviet Union. It describes Neil Armstrong and Buzz Aldrin's journey as the first humans to walk on the moon. The context does not provide any information about a second human spaceflight or its origin.

**Step 3: Verdict**

Since the context does not mention or support the claim that the second human spaceflight started from the Soviet Union, the model answer is hallucinated.



no",no
bengali--8714625401993745083-0::factualness,bengali--8714625401993745083-0,factualness,"Adolf Hitler ([ˈadɔlf ˈhɪtlɐ] German vashay: Adolf Hitler Adolf Hitla) (20she April, 1889 - 30she April, 1945) Austrian bongshodbhut German rajnitibid jini National Socialist German Workers' Party-r netritto diyechilen. Hitler 1933 theke 1945 sal porjonto Germany-r Chancellor ebong 1934 theke 1945 sal porjonto shei desher Fuhrer chilen.",Adolf Hitler kon bongshodbhut bekti chilen?,Ostriyo,Adolf Hitler chhilen Jarman bongshodbhut bekti.,"Okay, let's analyze this.

**Step 1: Factual Claims in the Model Answer**

The model answer states: ""Adolf Hitler chhilen Jarman bongshodbhut bekti."" which translates to ""Adolf Hitler was a German national person/figure.""

**Step 2: Verification against the Context**

The context states: ""Adolf Hitler... Austrian bongshodbhut German rajnitibid..."" This means Adolf Hitler was an Austrian national, German politician. The context explicitly mentions his Austrian origin *before* mentioning his connection to Germany. The model answer incorrectly states he was *German*, contradicting the provided text. While he later became a significant figure in German politics, the text establishes his initial nationality as Austrian.

**Step 3: Verdict**

The model answer contradicts the given context by stating Hitler was German when the context specifies he was Austrian. Therefore, it is hallucinated.

no",no
bengali--3087535744281818821-1::factualness,bengali--3087535744281818821-1,factualness,"Bharoter uttore Pakistaner Karakoram porbotmalate obosthito Great Baltoro prithibir dirghotomo himbah. Er doirgho pray 58 kilometer. Himaloyer Everest shringer kache Rongbuk o Kashring himbah obosthito. Austria-Italy simante Alps porbotmalar Similaun himbahe 1991 sale ekjon manusher obikrito deher sondhan pawa jay. Dharona kora hoy dehoti pray 5,300 bochor sekhane somahito hoye chilo.",Prithibir dirghotomo himbah-tir doirgho koto?,Great Baltora,Great Baltora-r doirgho pray 68 kilometer.,"Okay, let's analyze the model answer.

**Step 1: Factual Claims in the Model Answer**

The model answer makes one primary factual claim: ""Great Baltora-r doirgho pray 68 kilometer."" (The length of Great Baltoro is approximately 68 kilometers).

**Step 2: Verification against the Context**

The context states: ""Er doirgho pray 58 kilometer"" (Its length is approximately 58 kilometers).  The model answer claims 68 kilometers, while the context provides 58 kilometers. This is a discrepancy.

**Step 3: Verdict**

The model answer presents a length for Great Baltoro that is not found in the provided context. It fabricates a value. Therefore, it is hallucinated.

no",no
bengali--9171887296220791728-28::factualness,bengali--9171887296220791728-28,factualness,"Jiboddoshay osadharon kobi hisebe porichiti thakleo tini khyati orjon kore uthte parenni. Er jonno tar procharbimukhotao dayi; tini chilen biborobashi manush. Tobe mrityur obyobohito porei tini Bangla vashay adhunik kobitar pothikritder ekjon hisebe shwikrity peyechhen. Jibanananda Dasher jibon ebong kobitar upor prochur grontho lekha hoyeche ebong ekhono hocche, Bangla vashay. Er baire English-e tar opor likhechen Clinton B Seely, A Poet Apart namer ekti gronthe. English charao Farasi-soho koyekti European vashay tar kobita onudito hoyeche. Tini jodio kobi hisebei somodhik porichito kintu mr",Jibanananda Dasher lekha mot uponnaser shonkha koto?,14,Jibanananda Dasher lekha mot uponnaser shonkha 12 ti.,"Okay, let's analyze this.

**Step 1: Identify each factual claim made by the Model Answer.**

The model answer claims that ""Jibanananda Dasher lekha mot uponnaser shonkha 12 ti."" This translates to ""The number of volumes of writings by Jibanananda Das is 12.""

**Step 2: Check whether it is supported by the Context.**

The provided context discusses Jibanananda Das's life and poetry, mentioning that many books have been written about him in Bengali, and one book (""A Poet Apart"") was written in English by Clinton B Seely. It also states that his poems have been translated into several European languages. However, **nowhere does the context mention the *number* of volumes of his writings.** The text focuses on the *existence* of writings and translations, not a specific count.

**Step 3: Based on steps 1-2, decide the final verdict.**

Since the context does not provide any information about the number of volumes of Jibanananda Das's writings, the model's assertion of ""12"" is not supported and is therefore a hallucination.

no",no
bengali--4387520232744519046-1::specificity,bengali--4387520232744519046-1,specificity,"Alauddin Khilji chilen Khilji bongser protisthata Jalaluddin Khiljir bhatija ebong jamata. Birbhumderke porajito kore Jalaluddin Khilji jokhon Delhi dokhol kore nen, tokhon Alauddin Khiljike Amir-i-Tujukh ba udjapon montri pod deya hoy. 1291 sale Jalaluddin Khilji tar bhatija Alauddin Khiljir hate Kara (Kanpurer nikotoborti ek elaka) namok oncholer shashonvar tule den. 1296 sale Alauddin Khilji Bosila oborodh kore Jalaluddin Khiljir kach theke Abadh (Uttar-Pradesh) dokhol kore seta shashon kora shuru koren. 1296 sale Devagiri oborodh koren ebong Jalaluddiner bipul porimaner shompod dok",Khilji rajbongser protistha ke korechilen?,Alauddin Khilji,Jalaluddin Khilji-i mone hoy Khilji rajbongser prokrito protisthata chhilen.,"Okay, let's analyze this.

**Step 1: Factual Claims in the Model Answer:**

The model answer states: ""Jalaluddin Khilji-i mone hoy Khilji rajbongser prokrito protisthata chhilen."" which translates to ""It seems that Jalaluddin Khilji was the original founder of the Khilji dynasty.""

**Step 2: Verification against the Context:**

The context explicitly states that Alauddin Khilji was the nephew and son-in-law of Jalaluddin Khilji and that Jalaluddin Khilji was defeated and brought to Delhi. It describes Alauddin's rise to power and subsequent actions, including seizing Kara and conquering Abadh and Devagiri. The context *does not* state that Jalaluddin Khilji founded the Khilji dynasty. It implies Alauddin established it through his actions. Therefore, the model's claim is contradicted by the provided text.

**Step 3: Verdict:**

The model answer presents a fact that is not directly supported by the given context and, in fact, contradicts the implied narrative. It hallucinates information about Jalaluddin Khilji being the founder of the dynasty.

no",no
bengali-7543311486159630117-0::specificity,bengali-7543311486159630117-0,specificity,"Bhogini Nibedita (English: Sister Nivedita) (Bengali pronunciation:[sister niːbediːt̪aː]) (jonmo Margaret Elizabeth Noble' (English: Margaret Elizabeth Noble)[1]; 28 October, 1867 – 13 October, 1911)[2][3] chilen ekjon Anglo-Irish bongshodbhuto shomajkormi, lekhika, shikkhika ebong Swami Vivekanander shishya.[4][5] 1895 sale London shohore tini Swami Vivekanander shakkhat pan ebong 1898 sale Bharote chole ashen. Eki bochor 25 March tini brahmacharya grohon korle Swami Vivekananda tar namkoron koren ""Nibedita"".",Anglo-Irish bongshodbhut Bhogini Nibeditar jonmo kobe hoy?,"28 October, 1867","Bhogini Nibeditar jonmo shombhoboto 25 March, 1898 er dike hoy.","Okay, let's analyze the model answer step-by-step.

**Step 1: Factual Claims in the Model Answer**

The model answer makes the following claim: ""Bhogini Nibeditar jonmo shombhoboto 25 March, 1898 er dike hoy."" which translates to ""Bhogini Nibeda's birth likely happened around March 25, 1898.""

**Step 2: Verification against the Context**

The context states: ""chilen ekjon... (was a)... jonmo Margaret Elizabeth Noble' (English: Margaret Elizabeth Noble)[1]; 28 October, 1867 – 13 October, 1911)[2][3]"". This explicitly states that Margaret Elizabeth Noble (Bhogini Nibedita) was born on 28 October, 1867. The model answer claims her birth was around March 25, 1898.  This is a direct contradiction of the provided text. The date 25 March, 1898, is mentioned in the context as the year she arrived in India and took Brahmacharya vows.

**Step 3: Verdict**

The model answer presents a completely fabricated birthdate for Bhogini Nibedita, directly contradicting the information given in the context. Therefore, it is a hallucination.

no",no
bengali--839278517851786324-3::specificity,bengali--839278517851786324-3,specificity,"Armageddon (2006) chilo soptom, jar moddhe sorbomot 8ti match onusthito hoyechilo. 2006 saler November mashe onusthito Survivor Series e Batista, King Booker ke porajito kore World Heavyweight Champion hon.[5][6] Tarpor December er 1 tarikh e onusthito WWE SmackDown e King Booker ebong Finlay dujonei Batista r sathe ekta match dabi kore. Tokhonkar SmackDown er General Manager Theodore Long er poramorsho onujayi, Booker ebong Finlay dujone tag team gothon kore. Edike Batista tar songi hisebe John Cena ke nirbachito kore.[7] Tarpor SmackDown e Batista r sathe Finlay er match deya hole King Booker sekhane obaidho vabe hostokkhep koray Batista ke disqualification niyome joyi",2006 saler Armageddon kusti protijogitay ke champion hon?,Batista,2006 saler Armageddon e mone hoy John Cena-i champion hon.,"Okay, let's analyze the model answer.

**Step 1: Factual Claims in the Model Answer**

The model answer states: ""2006 saler Armageddon e mone hoy John Cena-i champion hon."" which translates to ""It is remembered that John Cena became the champion at Armageddon in 2006.""

**Step 2: Verification against the Context**

The context states that Armageddon (2006) was the seventh, and eight matches took place. It mentions Batista defeating King Booker at Survivor Series in November 2006 to become World Heavyweight Champion. It also details subsequent events leading up to a match between Finlay and Batista on SmackDown, where King Booker interfered, resulting in Batista's disqualification. Crucially, the context *does not* mention John Cena winning the championship at Armageddon. The context explicitly states Batista won the title at Survivor Series.

**Step 3: Verdict**

The model answer claims John Cena won the championship at Armageddon. However, the provided context indicates Batista won the title at Survivor Series, and there's no mention of Cena winning at Armageddon. This constitutes a hallucination because the model introduces information not present in the source material.

no",no
bengali--8086416937535521731-1::inference,bengali--8086416937535521731-1,inference,Anowar Ibrahim United Malay National Organization ba UMNO er sodossho thakakalin somoye 1993-1998 sal porjonto Malaysia-r upo-prodhanmontri ebong 1991-1998 sal porjonto ortho montrir daitto palon koren. Kintu pore tini prodhanmontri Mahathir Mohammad kortik borkhasto hon. Ebong durniti o somokamitar daye jelhajote prerit hon.,Malaysian rajnitibid o birodhidoliyo neta Anwar Ibrahim koto sal theke koto sal porjonto Malaysia-r up-pradhanmontri chilen?,1993-1998,Anwar Ibrahim mone hoy 1991 theke 1998 porjonto Malaysia-r up-pradhanmontri chilen.,"Okay, let's analyze the model answer.

**Step 1: Factual Claims in the Model Answer**

The model answer makes one primary factual claim: ""Anwar Ibrahim mone hoy 1991 theke 1998 porjonto Malaysia-r up-pradhanmontri chilen."" (Anwar Ibrahim was the Deputy Prime Minister of Malaysia from 1991 to 1998).

**Step 2: Verification against the Context**

The context states: ""Anowar Ibrahim United Malay National Organization ba UMNO er sodossho thakakalin somoye 1993-1998 sal porjonto Malaysia-r upo-prodhanmontri ebong 1991-1998 sal porjonto ortho montrir daitto palon koren."" This translates to: ""Anwar Ibrahim, while being associated with United Malay National Organization (UMNO), was the Deputy Prime Minister until 1998 and held the portfolio of Finance Minister from 1991 to 1998.""

The model answer claims he was Deputy Prime Minister *from* 1991 to 1998. The context confirms he held the position *until* 1998 and that he was Finance Minister from 1991 to 1998. The context does not explicitly state that he was Deputy Prime Minister from 1991, but it does confirm his tenure ended in 1998 and mentions the Finance Minister role starting in 1991. It is reasonable to infer that he became Deputy Prime Minister sometime after 1991, given his Finance Minister role during that period. However, the phrasing ""from 1991"" is a slight overreach based solely on the provided text. While plausible, it isn't directly stated.

**Step 3: Verdict**

Because the context doesn’t explicitly state Anwar Ibrahim started as Deputy Prime Minister in 1991, the model answer contains a slight hallucination.

no",no
bengali-8376247445164774033-9::factualness,bengali-8376247445164774033-9,factualness,Poroborti 60 bochore Bharoter songbidhan-e mot 113ti songshodhoni ana hoyechilo.,Bharotiyo songbidhan mot kotobar songshodhito hoise?,113,Bharotiyo songbidhan mot 118 bar songshodhito hoise.,"Okay, let's analyze this.

**Step 1: Factual Claims in the Model Answer**

The model answer makes the following factual claim: ""Bharotiyo songbidhan mot 118 bar songshodhito hoise."" This translates to ""The Indian constitution has been amended 118 times.""

**Step 2: Checking Against the Context**

The context states: ""Poroborti 60 bochore Bharoter songbidhan-e mot 113ti songshodhoni ana hoyechilo.""  This translates to ""In 1950, 113 amendments were not made to the Indian constitution."" Note the crucial difference: the context refers to 113 amendments *not* having occurred in 1950, not the total number of amendments ever. It does *not* provide any information about the total number of amendments throughout history. Therefore, the claim of 118 amendments is not supported by the provided context. The context actually contradicts the claim by stating a figure of 113.

**Step 3: Final Verdict**

The model answer provides a number (118) that is not present in the context, and in fact, seems to contradict the context’s mention of 113. Thus, the answer is hallucinated.

no",no
bengali--81766440896542958-0::factualness,bengali--81766440896542958-0,factualness,"Muhammad Kudrat-e-Khuda ba Dr. Kudrat-e-Khuda (1 December, 1900 - 3 November, 1977) chilen ekjon Bangladeshi rosayonbid, gronthokar ebong shikkhabid. Shikkhay obodaner jonno Bangladesh sarkar take 1976 sale Ekushey Padak ebong 1984 sale moronottor Swadhinata Puraskare bhushito kore.",Muhammad Kudrat-e-Khuda kobe jonmogrohon koren?,"1 December, 1900","Muhammad Kudrat-e-Khuda 2 December, 1901 e jonmogrohon koren.","Okay, let's analyze this.

**Step 1: Factual Claims in the Model Answer**

The model answer makes one primary factual claim: ""Muhammad Kudrat-e-Khuda 2 December, 1901 e jonmogrohon koren."" (Muhammad Kudrat-e-Khuda was born on December 2, 1901).

**Step 2: Verification Against the Context**

The context states: ""Muhammad Kudrat-e-Khuda (1 December, 1900 - 3 November, 1977)..."" This clearly indicates that Muhammad Kudrat-e-Khuda's birthdate was December 1, 1900. The model answer states December 2, 1901, which contradicts the provided context.

**Step 3: Verdict**

Since the model answer provides a birthdate that directly conflicts with the information given in the context, it is hallucinated.

no",no
bengali--9070222029717674258-9::inference,bengali--9070222029717674258-9,inference,"Bingsho shotoker shurutei shomogro bishwoke andolito kora ekta tottwo holo monobishleshon ba monohshomikkhon. Ei tottwer probhabei chikitsabiggyane shongjojito hoyechhilo ek notun shakha; seti holo chikitsa monobiggyan ba monorog biggyan. Monobiggyaner jonok chhilen Austria-r Vienna shohorer sharirbiggyani Dr. Sigmund Freud. Freud-er pore monobishleshoner jogote obodan rekhe jawa koyekjon jogotbikhyato monobider vitor Carl Gustav Jung, Alfred Adler, Erik Erikson ullekhjoggo. Ei tottwo kebol monobiggyaner jogotkei probhabit kore khyanto thakeni, eti manusher mon, shomaj, shahitto, jibonadors",Monorog biggan ba mansik rog bigganer jonok kake bola hoy?,Sigmund Freud,Monorog biggan ba mansik rog bigganer jonok hisebe onek shomoy Carl Gustav Jung-ke bola hoy.,"Okay, let's analyze this.

**Step 1: Factual Claims in the Model Answer**

The model answer makes one primary factual claim: ""Monorog biggan ba mansik rog bigganer jonok hisebe onek shomoy Carl Gustav Jung-ke bola hoy."" (Carl Gustav Jung is often considered a pioneer of psychiatry/mental illness science.)

**Step 2: Verification Against the Context**

The context mentions Carl Gustav Jung as one of the notable figures who followed Sigmund Freud in the field of psychoanalysis (""monobishleshoner jogote""). It states that Freud was the pioneer of psychoanalysis (""Monobiggyaner jonok chhilen Austria-r Vienna shohorer sharirbiggyani Dr. Sigmund Freud.""). However, the context *doesn't explicitly state* that Jung is *often considered* a pioneer of psychiatry/mental illness science. While he's mentioned as a follower, the text doesn't elevate him to the same pioneering status as Freud. The context presents them as successors, not necessarily equal founders.  It's plausible that Jung is considered a pioneer by many, but the provided context does not support this specific claim.

**Step 3: Verdict**

Because the context mentions Jung as a follower of Freud, but doesn't explicitly state he is often considered a pioneer of psychiatry/mental illness science, the answer contains a degree of hallucination. It extrapolates beyond what's directly stated in the given text.



no",no
bengali--6201010927401392780-0::factualness,bengali--6201010927401392780-0,factualness,"Abdullah bin Al-Husain (February 1882 – 20 July 1951) (Arbi: Abd Allah al-Awwal bin al-Husayn) Makkay jonmogrohon koren. Tini Husain bin Ali o tar prothom stri Abdiya binte Abdullah-r ditiyo putro. Tini Istanbul, Turkey o Hejaz-e shikkhalav koren. Abdullah 1909 theke 1914 sal porjonto Makkar protinidhi hisebe Usmaniyo songsoder daitto palon koren. Prothom Bishwajuddher shomoy tini British-der sathe mitrota sthapon koren. 1916 theke 1918 sal porjonto tini British shamorik kormokorta T E Lawrence-er sathe kaj koren.[1] Usmaniyo-der biruddhe songhotito Arab bidrohe tini onnot",Abdullah bin Al-Husain koto sale Makkar Amir hon?,1921,1920 shale Makkar Amir hon.,"Okay, let's analyze the model answer.

**Step 1: Factual Claims in the Model Answer**

The model answer states: ""1920 shale Makkar Amir hon."" This translates to ""Became the Emir of Mecca in 1920.""

**Step 2: Verification against the Context**

The provided context discusses Abdullah bin Al-Husain's role as a representative of Mecca from 1909 to 1914. It mentions his collaboration with T.E. Lawrence during World War I (1916-1918) and his involvement in the Arab revolt against the Ottomans. However, it *does not* mention when he officially became the Emir of Mecca. The text focuses on his earlier roles and activities. There is no information about him becoming Emir in 1920 or any other year.

**Step 3: Verdict**

Since the context does not provide any information regarding Abdullah bin Al-Husain becoming the Emir of Mecca in 1920, the model answer is hallucinated. It presents a fact not found within the given text.

no",no
bengali--4866456305071140944-1::inference,bengali--4866456305071140944-1,inference,"Prachir bestito ei nogorir vhetor royeche bibhinno amoler protnotattwik nidorshon. Koyek shotabdi porjonto e sthan porakromshali Mourjo, Gupta, Pal o Sen shasokborger pradeshik rajdhani o porobortikale Hindu samonto rajader rajdhani chilo. Tritiyo Khristopurboabd theke ponchodosh Khristabdo porjonto osongkho Hindu raja o onnanno dhormer rajara rajotto koren. Mahasthangarher obosthan Bogura jeler Shibganj upojelay.[3] Bogura shohor theke pray 13 ki.mi. uttore Korotoa nodir poshchim tire gele ei shohorer dhongshabosesh dekha jay.",Mahasthangarh protnostholti Bangladesh-er kon jelay obosthito?,Bogura jelar Shibganj upojelay,Mahasthangarh protnostholti mone hoy Bogura shohor theke pray 13 km uttore Korotoa nodir poshchim tire obosthito jelay.,"Okay, let's break down this evaluation.

**Step 1: Factual Claims in the Model Answer**

The model answer makes two primary factual claims:

1.  Mahasthangarh is located near Bogura city, approximately 13 km north of it.
2.  It is situated west of the Korotoa river.

**Step 2: Verification against the Context**

Let's examine each claim against the provided context:

*   **Claim 1:** ""Mahasthangarh protnostholti mone hoy Bogura shohor theke pray 13 km uttore..."" - The context states: ""Bogura shohor theke pray 13 ki.mi. uttore..."" This directly supports the claim about the distance from Bogura city.
*   **Claim 2:** ""...Korotoa nodir poshchim tire..."" - The context also confirms this: ""...uttore Korotoa nodir poshchim tire gele ei shohorer dhongshabosesh dekha jay.""

Both claims are explicitly stated within the given context.

**Step 3: Final Verdict**

Since both factual claims made by the model answer are directly supported by the provided context, there is no hallucination.

no",no
bengali--2322627337825891128-2::comprehension,bengali--2322627337825891128-2,comprehension,"1951-52 khristabde Purbo Pakistan-e songothito Bangla bhasha andolon ei bhashar sathe Bangali ostittwer jogsutro sthapon korechilo. 1952 khristabder 21she February, Dhaka Bishwabidyaloye protibadi chatro o andolonkari ra matrivasha Banglay kotha bola o lekhaporar odhikarer dabite nijeder jibon utsorgo koren. Matrivashar jonno tader bolidaner shwikrity sworup 1999 khristabde UNESCO 21she February dintike Antorjatik Matrivasha Dibosh hisebe ghoshona kore.[9][10]",Bangla vasha andoloner suchona sthol kothay?,1951,Dhaka Bishwabidyaloyei chhilo er suchona sthol.,"Okay, let's analyze the model answer.

**Step 1: Factual Claims in the Model Answer**

The model answer states: ""Dhaka Bishwabidyaloyei chhilo er suchona sthol."" which translates to ""It [the Bangla Vasha Andolon] was at Dhaka University."" This claims that Dhaka University was the location of the movement/event.

**Step 2: Verification Against the Context**

The context explicitly mentions ""1952 khristabder 21she February, Dhaka Bishwabidyaloye protibadi chatro o andolonkari ra matrivasha Banglay kotha bola o lekhaporar odhikarer dabite nijeder jibon utsorgo koren."" This translates to ""On February 21, 1952, at Dhaka University, protesting students and activists sacrificed their lives to demand the right to speak and write in mother tongue Bengali.""  This directly supports the claim that Dhaka University was a key location for the events of the Bangla Bhasha Andolon.

**Step 3: Verdict**

The model answer's claim is directly supported by the provided context. Therefore, it is not a hallucination.

no",no
bengali-7704102728425440943-5::comprehension,bengali-7704102728425440943-5,comprehension,1973 saler 15 December sarkari gazette notification onujayi Bangladesh-er shadhinota juddher satjon bir shontanke moronottor Birshreshtho upadhite bhushito kora hoyeche. Ruhul Amin shei satjoner onnotomo.[6],Mohammad Ruhul Amin koto shale Bir Sreshtho purashkar pan?,1973 saler 15 December,Mohammad Ruhul Amin Birshreshtho hishabe 1971 shale shommanito hon.,"Okay, let's analyze this.

**Step 1: Factual Claims in the Model Answer**

The model answer makes the following factual claims:

*   Mohammad Ruhul Amin received the Birshreshtho award.
*   He was honored in 1971.

**Step 2: Verification against the Context**

*   **Claim 1: Mohammad Ruhul Amin received the Birshreshtho award.** The context states ""Ruhul Amin shei satjoner onnotomo,"" which translates to ""Ruhul Amin was the most prominent among that group."" It also mentions that the individuals were awarded the Birshreshtho title. Thus, the claim that Ruhul Amin received the award is supported.
*   **Claim 2: He was honored in 1971.** The context specifies ""1973 saler 15 December sarkari gazette notification,"" meaning the notification was issued in December 1973. However, it also says he was among those who fought in Bangladesh's liberation war, which occurred in 1971. The award itself was given in 1973 based on actions during the 1971 war. Therefore, while the *notification* was in 1973, the *award* was for actions in 1971. This creates a slight discrepancy. While not directly contradicting the context, the phrasing could be misleading.

**Step 3: Final Verdict**

While the context supports Ruhul Amin receiving the Birshreshtho award and acknowledges his involvement in the 1971 war, the model answer's statement that he was ""honored in 1971"" is not entirely accurate considering the 1973 notification date. Although the award was for actions during 1971, the formal recognition came later. Given this discrepancy, I consider this a hallucination.

no",no
bengali-928650191559020725-1::inference,bengali-928650191559020725-1,inference,"Computer abishkar ebong er byaboharer shurur dikei tothyo toiri, songrokkhon ebong khojar kajta besh guruttopurno hoye uthchilo. Sorboprothom 1960 sale, bikhyato computer biggani Charles Bachman DBMS toiri koren. Tini tokhon General Electric-e kormorot chilen. Sei DBMS-tir nam deya hoyechilo, Integrated Data Store (IDS). Shater doshoker shesher dike IBM Information Management System name ekta DBMS toiri kore. Ei software-tai, tothyoke shrenikrom onujayi kivabe sajano jay tar ekta dharona diyechilo, ja bortomane Hierarchical Data Model name porichito. 1970 sale Etskhar Codd, tothyoke poribeshon korar notun ekta model-er prost",Koto sale shorboprothom database abishkar kora hoy?,1960,1969 sale shorboprothom database abishkar kora hoy.,"Okay, let's analyze the model answer.

**Step 1: Factual Claims in the Model Answer**

The model answer makes a single factual claim: ""1969 sale shorboprothom database abishkar kora hoy."" (The first database was discovered in 1969.)

**Step 2: Verification against the Context**

The context states that Charles Bachman created DBMS (Integrated Data Store - IDS) in the 1960s. It also mentions IBM creating Information Management System, which introduced the hierarchical data model. The text doesn't explicitly state *when* Bachman created the DBMS, only that it was in the 1960s.  It doesn't provide a specific year of ""discovery"" of databases. While IDS is considered a very early DBMS, claiming a precise discovery year of 1969 isn't directly supported by the provided text. The context suggests a timeline with developments occurring throughout the 1960s and 1970s.

**Step 3: Verdict**

Since the context does not mention 1969 as the year of the first database discovery, and only places Bachman's work within the broader 1960s timeframe, the model answer is likely hallucinated.

no",no
bengali--599295981278729258-0::inference,bengali--599295981278729258-0,inference,"Chamra holo merudondi pranider norom bohiabaron. Onno pranider aboron, jemon sondhipoder bohikongkaler bibhinno unnoyonmulok utpotti, gothon ebong rashayonik rochona ache. Stannyopayi pranir khetre, twok acchadon tantrer ekta onggo ja ectodermal kolar ekadhik stor niye gothito, ebong ontornihito peshi, har, sondhibondhoni ebong obhyontorin onggo rokkha kore. Ubhocor, sorisrip, ebong pakhider ekta vhinno prokritir chamra bortoman.[1] Shokol stannyopayir twoke kichu chul ache, emonki samudrik stannyopayi timi, dolphin, ebong shushuk jara lomshunno mone hoy. Twok por",Chamra ki dara gothito?,ektodermal collar ekadhik stor niye,Chamra muloto chul aar bohiabaroner rashayonik upadan diye gothito.,"Okay, let's analyze the model answer step-by-step.

**Step 1: Identify factual claims in the Model Answer.**

The model answer states two things:
1. ""Chamra muloto chul aar"" - Skin is mainly made of hair.
2. ""bohiabaroner rashayonik upadan diye gothito."" - and chemical components of epidermis.

**Step 2: Check for support in the Context.**

*   **Claim 1 (""Chamra muloto chul aar""):** The context mentions ""Shokol stannyopayir twoke kichu chul ache,"" which translates to ""All aquatic animals have some hair."" However, it doesn't state that skin *consists mainly* of hair. This is a misinterpretation/exaggeration.
*   **Claim 2 (""bohiabaroner rashayonik upadan diye gothito""):** The context mentions ""bohikongkaler bibhinno unnoyonmulok utpotti, gothon ebong rashayonik rochona"" which means ""various developmental products, bones and chemical composition."" This supports the idea that skin has a chemical composition, but the phrasing ""gothito"" (made of) is too strong. It implies skin *is* primarily composed of these chemical components, while the text describes them as *part* of its structure. The context also mentions ""peshi, har, sondhibondhoni ebong obhyontorin onggo rokkha kore"" which translates to ""protects muscle, hair, connective tissue and internal organs"". This indicates a more complex structure than just chemical components.

**Step 3: Verdict**

Both claims contain elements present in the context, but they are presented in a way that oversimplifies and potentially misrepresents the information. The emphasis on ""hair"" being the main component and the assertion that skin is ""made of"" chemical components are not directly and accurately reflected in the provided text. Therefore, the answer hallucinates.

no",no
bengali-7478984229355295611-0::specificity,bengali-7478984229355295611-0,specificity,"1948 sale Jatisongho shantirokkha mission shuru hoy. Er prothom mission chilo 1948 sale Moddhoprachye 1948 Arab-Israeli juddher shomoy juddho-biroti palon o bojay rakha. Tarpor theke, Jatisongher shantirokkhira bishwobyapi pray 63ti missione ongshogrohon koreche, 17ti ajo obbyahoto royeche. 1988 sale songsthati shantite Nobel lav kore.",Jatisongho shantirokkha mission prothom kothay shuru hoy?,Maddhoprachche,"prothom Jatisongho shantirokkha mission shuru hoy Europe-e, bishesh kore Balkans onchole.","Okay, let's analyze this.

**Step 1: Factual Claims in the Model Answer**

The model answer makes two claims:

1.  ""prothom Jatisongho shantirokkha mission shuru hoy Europe-e"" (The first Jatisongho peace mission started in Europe).
2.  ""bishesh kore Balkans onchole"" (specifically in the Balkans region).

**Step 2: Verification Against the Context**

The context states: ""1948 sale Jatisongho shantirokkha mission shuru hoy 1948 sale Moddhoprachye 1948 Arab-Israeli juddher shomoy juddho-biroti palon o bojay rakha."" This translates to: ""In 1948, the Jatisongho peace mission began in the Middle East during the 1948 Arab-Israeli war, providing ceasefire support.""

*   Claim 1 (Europe): The context explicitly states the mission began in the ""Moddhoprachye"" (Middle East), not Europe.
*   Claim 2 (Balkans): The context doesn't mention the Balkans at all.

**Step 3: Verdict**

Both claims made by the model answer contradict the information provided in the given context. Therefore, the answer is a hallucination.

no",no
bengali-4281970407647106707-3::specificity,bengali-4281970407647106707-3,specificity,Bostubiggyane prishtotanke prishto piron ba mukto prishtoshokti nameo obihito kora hoy.,Bostubiggyane prishtotan-ke ki bola hoy?,prishtho piron ba mukto prishthoshokti,Bostubiggyane prishtotan-ke shadharonoto **prishtho chap** bola hoy.,"Okay, let's analyze this.

**Step 1: Identify factual claims.**

The model answer states: ""Bostubiggyane prishtotan-ke shadharonoto **prishtho chap** bola hoy."" This translates to ""In botany, the pistil is commonly called the 'back stigma'."" The key factual claim is that in botany, the pistil is commonly referred to as ""prishtho chap"" (back stigma).

**Step 2: Check for support in the context.**

The provided context is: ""Bostubiggyane prishtotanke prishto piron ba mukto prishtoshokti nameo obihito kora hoy."" This translates to ""In botany, the back tank of the pistil or the free pistil is also known by name.""  This statement *implies* that the pistil has multiple names, and ""prishto piron"" or ""mukto prishtoshokti"" are among them. However, it *does not* state that ""prishtho chap"" (back stigma) is a common name for it. It doesn't mention ""prishtho chap"" at all.

**Step 3: Verdict**

The model introduces a term (""prishtho chap"") that isn't present in the given context. While the context mentions alternative names for parts of the pistil, it doesn't confirm that ""prishtho chap"" is one of them. Therefore, the answer is hallucinated.

no",no
bengali--7028166870651181278-0::comprehension,bengali--7028166870651181278-0,comprehension,Jhankpalla[1](baigganik nam: Vindula erota (Fabricius)) jar mul shorir ujjol komola holud borner ebong dana duti komolate holud borno dekha jay. Era Nymphalidae poribar ebong Heliconiini upogotrer sodossho.,Jhankpallar baigganik nam ki?,Vindula erota,Jhankpallar baigganik nam hocche **Heliconiini erota**.,"Okay, let's analyze this.

**Step 1: Factual Claims in the Model Answer**

The model answer makes one primary factual claim: ""Jhankpallar baigganik nam hocche **Heliconiini erota**."" (The scientific name of Jhankpalla is Heliconiini erota).

**Step 2: Verification against the Context**

The context states: ""Jhankpalla[1](baigganik nam: Vindula erota (Fabricius))."" This explicitly provides the scientific name as ""Vindula erota (Fabricius)"".  The model answer states ""Heliconiini erota"", which is not what the provided context says. The context mentions ""Heliconiini"" as a sub-group/tribe that Jhankpalla belongs to, but not as the scientific name itself.

**Step 3: Verdict**

The model answer incorrectly states the scientific name of Jhankpalla. The context clearly indicates it is *Vindula erota (Fabricius)*, not *Heliconiini erota*. Therefore, the model answer hallucinates information.

no",no
bengali--3743343152993061031-0::comprehension,bengali--3743343152993061031-0,comprehension,"Ramakrishna Paramahansa (18i February, 1836 – 16i August, 1886; purbashromer nam Gadadhar Chattopadhyay[2]) unobingsho shotoker ek prokhyato Bharatiyo Bangali jogsadhok[3], darshonik o dhormoguru. Tar procharito dhormiyo chintadharaye Ramakrishna Mission protistha koren tar prodhan shishyo Swami Vivekananda.[4][5][6] Tara ubhoyei Bongoiyo Nobojagoroner[7] ebong unobingsho o bingsho shotabdir Hindu Nobojagoroner[8][9] onnotomo purodhabyaktitto. Tar shishyosomaje, emonki tar adhunik bhoktosomajeo tini Ishwarer avatarrupe pujito hon.[10]",Ramakrishna Paramahansher asal naam ki chilo?,Godadhar Chattopadhyay,Ramakrishna Paramahansher asal naam chhilo Swami Vivekananda.,"Okay, let's analyze the model answer.

**Step 1: Factual Claims in the Model Answer**

The model answer makes one primary factual claim: ""Ramakrishna Paramahansher asal naam chhilo Swami Vivekananda."" (Ramakrishna Paramahansa's original name was Swami Vivekananda.)

**Step 2: Verification against the Context**

The context states: ""Ramakrishna Mission protistha koren tar prodhan shishyo Swami Vivekananda."" (Ramakrishna Mission was established by his chief disciple, Swami Vivekananda). It also mentions that Ramakrishna Paramahansa's *previous* name was Gadadhar Chattopadhyay. The context explicitly states that Swami Vivekananda was his *disciple*, not his original name.

**Step 3: Verdict**

The model answer incorrectly states that Swami Vivekananda was Ramakrishna Paramahansa's original name. The context clearly indicates that Gadadhar Chattopadhyay was his original name, and Swami Vivekananda was his disciple. This is a clear fabrication of information not present in the provided context. Therefore, the answer is hallucinated.

no",no
bengali-6918867313896873132-1::comprehension,bengali-6918867313896873132-1,comprehension,2004 sale Humayun Ahmed porichalito Shyamol Chhaya cholocchitre obhinoy kore tini proshongshito hoy ebong Shreshtho Parshwo Obhinetri bibhage Bachsas purashkar lav koren. Echara tini hashyoroshatmak Made in Bangladesh (2007) o Noy Number Bipod Shonket (2007) cholocchitre obhinoy koren. 2016 sale Krishnopokkho cholocchitre obhinoy kore tini Shreshtho Parshwochoritre Obhinetri bibhage Jatiyo Cholochchitro Purashkar lav koren. 2017 sale tar porichalito prothom cholocchitro Bhalobasha Emoni Hoy mukti pay.,Tania Ahmed porichalito prothom cholocchitrer nam ki?,Valobasha emni hoy,Tania Ahmed-er prothom porichalito cholocchitro chhilo **Krishnopokkho**.,"Okay, let's analyze the model answer.

**Step 1: Factual Claims**

The model answer makes one primary factual claim: ""Tania Ahmed-er prothom porichalito cholocchitro chhilo **Krishnopokkho**."" (Tania Ahmed's first directed film was Krishnopokkho.)

**Step 2: Verification against Context**

The provided context states: ""2017 sale tar porichalito prothom cholocchitro Bhalobasha Emoni Hoy mukti pay."" (In 2017, her first directed film, *Bhalobasha Emoni Hoy*, was released.) This directly contradicts the model answer's assertion that *Krishnopokkho* was her first directed film. The context explicitly states *Bhalobasha Emoni Hoy* was her first.

**Step 3: Verdict**

Since the model answer directly contradicts a fact stated in the provided context, it is hallucinated.

no",no
bengali--8679555805989868423-10::comprehension,bengali--8679555805989868423-10,comprehension,"1973 saler 14 June, moddhojuger charti kaman niye Chattogram Bishwabidyaloy jadughorer karyakrom shuru hoy. Bortomane e jadughore bele pathorer ekadhik bhaskorjo shoho besh kichu prachin pathorer bhaskorjo ebong ekti kaman royeche. Jadughor bhobonti pachti gallery te bivokto. Jekhane royeche: somsamoyik Art Gallery, pragaitihashik ebong protnotattwik Art Gallery, bhaskorjo Gallery, lokoshilpo Gallery ebong Islamic Art Gallery.",Chattogram Bishwabidyaloy Jadughor kobe sthapito hoy?,1973 shaler 14 June,Chattogram Bishwabidyaloy Jadughor mone hoy 1974 shaler 14 June sthapito hoy.,"Okay, let's analyze the model answer.

**Step 1: Factual Claims in the Model Answer**

The model answer makes the following claim: ""Chattogram Bishwabidyaloy Jadughor mone hoy 1974 shaler 14 June sthapito hoy."" which translates to ""It seems that Chattogram Bishwabidyaloy Museum was established on June 14, 1974.""

**Step 2: Verification against the Context**

The context states: ""1973 saler 14 June, moddhojuger charti kaman niye Chattogram Bishwabidyaloy jadughorer karyakrom shuru hoy."" This translates to ""On June 14, 1973, the program of the Chattogram University Museum began with the inauguration of the bow.""  This clearly indicates the museum's program *started* in 1973, not that it was established. The model answer incorrectly states the establishment date as 1974.

**Step 3: Verdict**

The model answer provides a date (1974) for the museum's establishment that is directly contradicted by the provided context (1973). Therefore, it is hallucinated.

no",no
bengali--7345750532881051877-1::specificity,bengali--7345750532881051877-1,specificity,BJP-r utsho 1951 sale Poshchimbonger jonmodata Bharatkeshari Shyamaprasad Mukhopadhyay kortik protishthito Bharatiyo Jansangha dolti. 1977 sale joruri obosthar por Jansangha ekadhik rajnaitik doler shonge mishe Janata Party gothon kore. 1977 saler shadharon nirbachone Janata Party khomotashin Bharatiyo Jatiyo Congress-ke porajito kore sorkar gothon kore. 1980 sale Janata Party obolupto hole Jansangher prakton sodoshora BJP gothon koren. Prothom dike BJP rajnaitik khetre byartho hoisilo. 1984 saler shadharon nirbachone BJP matro duti asone joy lav korechilo. Kintu Ram Janmabhoomi andoloner shomoy abar,Bharatiyo Janata Party kobe protishthito hoy?,1951,Bharatiyo Janata Party asole 1980 shale protishthito hoy.,"Okay, let's analyze the model answer.

**Step 1: Factual Claims in the Model Answer**

The model answer states: ""Bharatiyo Janata Party asole 1980 shale protishthito hoy."" (Bharatiyo Janata Party was actually established in 1980.)

**Step 2: Verification against the Context**

The context mentions that BJP (Bharatiyo Janata Party) was formed in 1980 (""1980 sale Jansangher prakton sodoshora BJP gothon koren.""). This confirms the model answer's claim. The context explicitly states that BJP came into being after the dissolution of Jansangh in 1980.

**Step 3: Verdict**

The model answer's claim aligns perfectly with the information provided in the context. There is no hallucination.

no",no
bengali--4557241873065164464-0::comprehension,bengali--4557241873065164464-0,comprehension,"Hugli jela Bharoter purbancholiyo rajyo Poshchimbonger ontorgoto Bardhaman bibhager ekta jela. Hugli nodir name er namkoron kora hoyeche. Jelatir sadar Chunchura-te obosthito. Jelatir charti mohakuma royeche: Chunchura sadar, Chandannagar, Srirampur, o Arambag.",Hugli jelar sadar shohor konti?,Chuchura,Hugli jelar sadar shohor holo Chandannagar.,"Okay, let's analyze the model answer.

**Step 1: Factual Claims in the Model Answer**

The model answer makes one clear factual claim: ""Hugli jelar sadar shohor holo Chandannagar."" (The district headquarters of Hugli district is Chandannagar.)

**Step 2: Verification against the Context**

The context states: ""Jelatir sadar Chunchura-te obosthito."" (The district headquarters is located in Chunchura). It *also* lists Chunchura Sadar, Chandannagar, Srirampur, and Arambag as subdivisions of the district. However, it explicitly states that the *sadar* (headquarters) is in Chunchura. The context does not say that Chandannagar is the headquarters.

**Step 3: Verdict**

The model answer contradicts the provided context by stating Chandannagar is the district headquarters when the text clearly says it's Chunchura. Therefore, the answer is a hallucination.

no",no
bengali-3655433006147354683-4::inference,bengali-3655433006147354683-4,inference,Poromanur khudrotomo konika electron. 1897 Khrishtabde Sir J. J. Thomson sorboprothom electron-er ostittwo abishkar koren. Ekti electron-er asal bhor oti samanno 9.1085×10−28g. Electron-er adhan -1.6×10−19 Coulomb. Electron nucleus-er chardike ghurnayoman. Electron-ke sadharonoto e protik diye prokash kora hoye thake.,Ke sorboprothom electron abishkar korechilen?,Sir J. J. Thomson,Prothome electron abishkar koren Ernest Rutherford.,"Okay, let's analyze the model answer.

**Step 1: Factual Claims in the Model Answer**

The model answer states: ""Prothome electron abishkar koren Ernest Rutherford."" which translates to ""Ernest Rutherford first discovered the electron.""

**Step 2: Verification against the Context**

The context explicitly states: ""1897 Khrishtabde Sir J. J. Thomson sorboprothom electron-er ostittwo abishkar koren."" This translates to ""In 1897, Sir J.J. Thomson first discovered the existence of the electron.""  The context *does not* mention Ernest Rutherford in connection with the discovery of the electron. It specifically credits J.J. Thomson.

**Step 3: Verdict**

The model answer contradicts the information provided in the context. The context clearly states that J.J. Thomson discovered the electron, while the model answer claims it was Ernest Rutherford. This constitutes a hallucination because the model generated information not present in the given text.

no",no
bengali-5882695601964261142-0::comprehension,bengali-5882695601964261142-0,comprehension,"Diode ekta dui pranto bishisto electronic jontrangsho ja bortonite kebol matro ekdike toritprobah hote dey. Echarao boidyutik upaye dharokotto niyontron (Varicap) ebong bikiron, nihshoron o kompon songbedi electronic switch toirite diode byabohrito hoy. Toritshoktir akorshoniyo utsho sour kosh-o muloto ek dhoroner alok-songbedi diode.",Diode muloto kon kaje byabohrito hoy?,"Boidyutik upaye dharokotto niyontron (varicap) ebong bikiron, nihshoron o kompon songbedi electronic switch toirite",Diode muloto current-ke AC theke DC te convert korte byabohrito hoy.,"Okay, let's analyze the model answer.

**Step 1: Identify each factual claim made by the Model Answer.**

The model answer states: ""Diode muloto current-ke AC theke DC te convert korte byabohrito hoy."" which translates to ""Diodes are used to convert current from AC to DC."" This is a single factual claim.

**Step 2: Check whether it is supported by the Context.**

The provided context describes diodes as electronic components used for voltage control (Varicap), rectification, detection, and as electronic switches. It mentions ""alok-songbedi diode"" (light-emitting diodes). However, it *does not* explicitly state that diodes are used to convert AC to DC. While rectification (mentioned in the text) *is* a process of converting AC to DC, the text doesn't directly link the diode's use to this specific conversion. The context focuses on different functions like voltage control and switching, not specifically AC-DC conversion.

**Step 3: Based on steps 1-2, decide the final verdict.**

The model answer makes a claim about the function of a diode (AC to DC conversion) that isn't directly supported by the given context. Although rectification, which is related to AC-DC conversion, is mentioned, the direct assertion is absent. Therefore, the answer is considered a hallucination.

no",no
bengali-6560277252785248931-4::specificity,bengali-6560277252785248931-4,specificity,"Robert Gutlar Ferguson namok ekjon British ainjibir odhine shikkhanobish hisebe Dwarkanath chirosthayi bondobostho shomporkito ain ebong Kolkata Supreme Court, Sadar o jela adaloter jabatiyo ain o karyopronali bishoye odhyayon koren. 1815 sale tini sofolvabe ain byabsha shuru koren. Ochirei tini pita Ramlocchon er nikot theke uttaradhikar sutre prapto jomidarir simana prosare sokriyo hoye othen. 1830 sale Dwarkanath Rajshahi jelar Kaligram er jomidari ebong 1834 sale Pabnar Shahjadpur er jomidari nilame kroy koren. Tar jomidarite besh kichu angshidar o sho-angshidar chilen. Kintu tini Baharampur, Pand",Prince Dwarakanath Thakur er babar nam ki?,Ramlochone,Prince Dwarakanath Thakur er babar nam chhilo Robert Gutlar Ferguson.,"Okay, let's break down this evaluation.

**Step 1: Factual Claims in the Model Answer**

The model answer makes a single, direct claim: ""Prince Dwarakanath Thakur er babar nam chhilo Robert Gutlar Ferguson."" (Prince Dwarakanath Thakur's father's name was Robert Gutlar Ferguson.)

**Step 2: Verification Against the Context**

The context states that Robert Gutlar Ferguson *namok ekjon* (was a) British scholar who worked on matters related to Dwarkanath's permanent settlement, laws of Kolkata Supreme Court, Sadar and district courts. It further mentions that he was a British lawyer. The context does *not* state that Robert Gutlar Ferguson was Dwarakanath Thakur's father. It says Dwarakanath received inheritance from his father, Ramlocchon.  There is no connection established between Ferguson and being Dwarakanath's father.

**Step 3: Verdict**

The model answer fabricates a relationship between Robert Gutlar Ferguson and Dwarakanath Thakur that is not present in the provided context. Therefore, it is hallucinated.

no",no
bengali--517805448922036487-8::inference,bengali--517805448922036487-8,inference,"1920 sale vacuum tube transmitter bajare ase jegulo purbe ullekhkora noise-er trutimukto chilo. Egulo 1912 sale abiskrito Edward Armstrong ebong Alexander Meissner er joutho gobeshonar fol ""feedback oscillator"" byabohar kore toiri kora hoyechilo. Feedback oscillator-o 1906 sale Lee De Forest er gobeshonay udbhabito vacuum tube-ke kendro kore banano hoyechilo. Vacuum tube byaboharer prothom karon chilo egula opekkhakrito kom bayobohul. Ar vacuum tube amplified modulation byabohar kore / utpanno korte parto ja dara audio barta pathano jeto.",Vacuum tube transmitter prothom ke toiri koren?,Edward Armstrong ebong Alexander Messner,"Vacuum tube transmitter prothom toiri koren Lee De Forest, karon tar 1906 er vacuum tube research-er upor vitti korei eta develop hoy.","Okay, let's analyze the model answer step by step.

**Step 1: Factual Claims in the Model Answer**

The model answer makes two primary claims:

1.  Lee De Forest prothom vacuum tube transmitter toiri koren (Lee De Forest first created the vacuum tube transmitter).
2.  Eta tar 1906 er vacuum tube research-er upor vitti korei eta develop hoy (It was developed based on his 1906 vacuum tube research).

**Step 2: Verification Against the Context**

Let's examine each claim against the provided context:

*   **Claim 1:** The context states that feedback oscillators, which were central to vacuum tube transmitters, were a joint invention of Edward Armstrong and Alexander Meissner in 1912. It also mentions that these oscillators were built around vacuum tubes developed by Lee De Forest starting in 1906. While De Forest *contributed* to the technology, the text doesn't explicitly state he *created* the vacuum tube transmitter itself. It suggests a collaborative effort with Armstrong and Meissner for the final transmitter.
*   **Claim 2:** The context *does* support this claim. It explicitly states that feedback oscillators – essential for vacuum tube transmitters – were ""developed...kendro kore banano hoyechilo...vacuum tube-ke"" (built around the vacuum tube) which originated from Lee De Forest’s 1906 research.

**Step 3: Overall Verdict**

While De Forest's work was crucial, attributing the *sole* creation of the vacuum tube transmitter to him is an oversimplification and potentially misleading given the context's mention of Armstrong and Meissner's later contribution. The model answer presents a slightly skewed picture, emphasizing De Forest's role more than the context fully warrants. However, the second claim about his 1906 research being foundational *is* directly supported. Because of the slight exaggeration regarding who ""first"" created the transmitter, I consider this a hallucination.

no",no
bengali--132851892871415293-0::factualness,bengali--132851892871415293-0,factualness,"Sarbabhoumotto bolte kono desh ba rashtrer nijer obhyontorin ebong onnanno rashtrer shathe shomporko nirdharoner churanto khomotake bojhay. Sarbabhoumotto kono porichalona porshoder bairer kono utsho ba songothoner hostokkhep chara kaj korar purno odhikar o khomota. Rajnoitik tottwo onujayi, sarbabhoumotto kono ekta rashtrabebosthar upor sorbocho khomota nirdeshkari ekta guruttopurno poribhasha. Eti rashtragothoner sarbabhoumottokendrik motobader ekta mulniti.",sarvabhoum shobdotir ortho ki?,Kon desh ba rashtrer nijer obhyontorin ebong onnanno rashtrer shathe shomporko nirdharoner churanto khomotake bojhay,Sarvabhoum shobdotir ortho holo kono desh-er shudhu bhougolic simana niyontroner khomota.,"Okay, let's analyze the model answer.

**Step 1: Identify each factual claim made by the Model Answer.**

The model answer states: ""Sarvabhoum shobdotir ortho holo kono desh-er shudhu bhougolic simana niyontroner khomota."" which translates to ""The meaning of the word 'Sarvabhoum' is the ability of a country to control only its geographical boundaries.""

**Step 2: For each claim, check whether it is supported by the Context.**

The context defines *sarbabhoumotto* as a state's ability to determine its internal affairs and relationships with other nations, and also includes the right and capacity to operate without interference from external entities. It emphasizes political sovereignty and describes it as a crucial concept rooted in the principle of national self-determination. Crucially, the context *does not* limit the meaning of *sarbabhoumotto* to just geographical boundary control.  It describes a broader range of powers and rights. The model answer significantly narrows the definition.

**Step 3: Based on steps 1-2, decide the final verdict.**

The model answer provides a limited and inaccurate definition of ""sarvabhoum"" compared to the comprehensive explanation provided in the context. Therefore, it hallucinates information.

no",no
bengali--4088972979448384532-2::inference,bengali--4088972979448384532-2,inference,"Debashree Ray er jonmo, bere otha Kolkatay. Tar pitar nam Birendra Kishore Ray ebong mayer nam Arati Ray. 1969 sone tini prothom ""Balak Gadadhar"" name ekti cholocchitre shishushilpi hisebe obhinoy koren, jar porichalok chilen Harimoy Sen. Tini Kolkatar A P J, Park Street shakhar schooler chatri chilen, jodio nacher proti otirikto jhok thakar karone beshidur egote paren ni. Tar dak nam Chumki.",Deboshree Ray er dak nam ki?,Chumki,Deboshree Ray er dak nam shombhoboto Arati chhilo.,"Okay, let's analyze the model answer.

**Step 1: Factual Claims in the Model Answer**

The model answer makes a single factual claim: ""Deboshree Ray er dak nam shombhoboto Arati chhilo."" This translates to ""Debashree Ray's nickname was possibly Arati.""

**Step 2: Verification Against the Context**

The context states: ""Tar dak nam Chumki."" This translates to ""Her nickname is Chumki."" The context explicitly states Debashree Ray's nickname is Chumki, and makes no mention of Arati being her nickname. It does mention Arati as her mother's name. The model answer incorrectly suggests that Arati might have been her nickname.

**Step 3: Final Verdict**

The model answer introduces information (Arati being her nickname) that is not present in the provided context. Therefore, it is hallucinated.

no",no
bengali--7100997593302918907-0::specificity,bengali--7100997593302918907-0,specificity,Pal samrajya chilo Bharatiyo upomohodesher poroborti dhrupodi juger ekta samrajya. Ei samrajyer utshosthol chilo Bangla onchol. Pal samrajyer namkoron kora hoy ei samrajyer shashok rajobongshor namanusare. Pal somratder namer sheshe 'Pal' onusorgoti jukto chilo. Prachin Prakrit bhashay ei shobdotir ortho chilo 'rokkhakorta'. Pal somratera Bouddhodhormer Mahayan o tantrik somprodayer onugami chilen. 750 Khristabde Gaurer somrat pode Gopaler nirbachoner shonge shonge ei samrajyer potton ghote.[3] Adhuna Bangla o Bihar bhukhondo chilo Pal samrajyer prodhan kendro. Ei samrajyer prodhan,Pal Samrajjo kobe protishthito hoy?,750 khristabde,Pal Samrajjo praye 8m shatabdir shesh dike protishthito hoy.,"Okay, let's analyze the model answer step-by-step.

**Step 1: Identify factual claims in the Model Answer.**

The model answer states: ""Pal Samrajjo praye 8m shatabdir shesh dike protishthito hoy."" This translates to ""The Pal Empire was established around the late 8th century.""

**Step 2: Check if the claim is supported by the Context.**

The provided context doesn't explicitly state *when* the Pal Empire was established. It mentions that it fell around 750 AD (750 Khristabde) with the election of Gopal.  The late 8th century (8m shatabdir shesh dike) would be roughly around 790-800 AD. Since the empire fell around 750 AD, the establishment must have been *before* that date. The context does not provide a specific date or timeframe for its establishment, only its demise. Therefore, we cannot confirm or deny the model's claim based solely on the provided text. However, the statement implies a timeline that contradicts the information given about the empire’s fall.

**Step 3: Verdict.**

Because the context indicates the empire fell around 750 AD, claiming it was established in the late 8th century is contradictory. Thus, it's a hallucination.

no",no
bengali-1007556798536623942-3::factualness,bengali-1007556798536623942-3,factualness,"Sorbosesh Bishwocup onusthito hoyeche Rashiyay, 2018 saler 14 June theke 15 July porjonto. Ei Bishwocape France Croatia-ke finale 4-2 gole porajito kore shiropa jite ney.",Shorbosesh FIFA World Cup antorjatik football protijogita koto shale onushthito hoyechilo?,2018,Shorbosesh FIFA World Cup onushthito hoyechilo 2019 shale.,"Okay, let's analyze this.

**Step 1: Factual Claims in the Model Answer**

The model answer makes one clear factual claim: ""Shorbosesh FIFA World Cup onushthito hoyechilo 2019 shale."" (The last FIFA World Cup was held in 2019).

**Step 2: Verification Against the Context**

The context states: ""Sorbosesh Bishwocup onusthito hoyeche Rashiyay, 2018 saler 14 June theke 15 July porjonto."" (The last World Cup was held in Russia from June 14 to July 15, 2018).  This directly contradicts the model answer's claim that it was held in 2019. The context explicitly states 2018.

**Step 3: Verdict**

The model answer provides a factually incorrect year for when the World Cup took place, directly contradicting information provided in the context. Therefore, the answer is hallucinated.

no",no
bengali--1256061284728114612-1::comprehension,bengali--1256061284728114612-1,comprehension,1858 saler grishme Banglar Dhaka jeler Bikrampur oncholer Ariyal gramer ekta Bangali Hindu poribare jonmogrohon koren Shyamakanta.[1] Tar jonmosthan bortomane Bangladesher Dhaka bibhager Munshiganj jeler ontorgoto. Shyamakantar poribarer adi nibash Nadiya jeler Phuliyate. Tara Phuliya meler Bandyaghoti bongshiyo o Bikrampur somajer uccho kulin Bishnu Thakurer palti bole khyato. Shyamakantar pita Shashibhushan Bandyopadhyay Tripura jeler Muradnagore adalote sereshtadar chilen. Shyamakantara chilen char bhai o tin bon. Char bhaier moddhe tini chilen jyeshtho. Tar ek bhai Suryakanta Bandyopadh,Bharotiyo jogi o Advaita Vedanter guru Sohong Swamir babar nam ki?,Shashibhushan Bandyopadhyay,Tar babar nam chhilo Suryakanta Bandyopadhyay.,"Okay, let's analyze this.

**Step 1: Factual Claims in the Model Answer**

The model answer makes one clear factual claim: ""Tar babar nam chhilo Suryakanta Bandyopadhyay."" (His father's name was Suryakanta Bandyopadhyay).

**Step 2: Verification Against the Context**

The context states: ""Tar ek bhai Suryakanta Bandyopadh"". This translates to ""He had one brother Suryakanta Bandyopadhyay."" The question asks about *his father's* name, not his brother's name. While Suryakanta Bandyopadhyay is mentioned in the context, it's as Shyamakanta's *brother*, not his father. The context also mentions Shyamakanta’s father’s name as Shashibhushan Bandyopadhyay.

**Step 3: Verdict**

The model answer incorrectly attributes a name from the context (Suryakanta Bandyopadhyay) to the wrong familial relationship (father instead of brother). It is therefore a hallucination.

no",no
bengali--7691535885752434483-1::factualness,bengali--7691535885752434483-1,factualness,"Pande 1987 sale Bollywood cholochitre kaj shuru koren, tar obhinito prothom cinema holo Neelam Kotharir biporite Aag Hi Aag. Pande sobar nojore asen Munna'r (Anil Kapoor) bondhu hisebe sho-obhineta hisebe 1988 saler cholochitro Tezaab cinemae obhinoyer maddhome, ja shei bochorer brihot blockbuster chilo.[1] Eta chilo Pander prothom brihot kaj jar jonno tini Filmfare sho-obhineta hisebe mononoyon lav koren.",Suyash 'Chunky' Pandey-er obhinito prothom cholocchitrer nam ki?,ag hi ag,Suyash 'Chunky' Pandey-er obhinito prothom cholocchitrer nam chhilo **Tezaab**.,"Okay, let's analyze the model answer.

**Step 1: Factual Claims**

The model answer makes one primary factual claim: ""Suyash 'Chunky' Pandey-er obhinito prothom cholocchitrer nam chhilo **Tezaab**."" (Suyash 'Chunky' Pandey's first film was **Tezaab**).

**Step 2: Verification Against Context**

The context states: ""Pande sobar nojore asen Munna'r (Anil Kapoor) bondhu hisebe sho-obhineta hisebe 1988 saler cholochitro Tezaab cinemae obhinoyer maddhome..."" (Pande appeared alongside Munna's (Anil Kapoor) friend as a supporting actor in the movie Tezaab of 1988...). The context also mentions that *Aag Hi Aag* was his first film opposite Neelam Kothari. Therefore, the model answer incorrectly identifies *Tezaab* as his first film. It is mentioned as a later film where he played a supporting role.

**Step 3: Verdict**

The model answer contradicts the provided context by stating *Tezaab* was Pandey's first film when the text clearly indicates *Aag Hi Aag* was. This constitutes a hallucination.

no",no
bengali--4320526522663858783-1::comprehension,bengali--4320526522663858783-1,comprehension,"Motorola company-te kormoroto Dr. Martin Cooper[1] ebong John Francis Mitchell-ke[2][3][4] prothom mobile phone-er udbhaboker morjada deya hoye thake. Tara 1973 saler April-e prothom shofolvabe ekta pray 1 keji (2.2 pound) ojoner hate dhora phone-er maddhome call korte sokkhom hon[5]. Mobile phone-er prothom banijjik shongskoron bajare ase 1983 sale, phone-tir nam chilo Motorola DynaTAC 8000x. 1990 sal theke 2011 saler moddhe prithibibyapi mobile phone byaboharkarir shonkha 12.4 million theke briddhi peye 6 billion-er beshi hoye geche. Prithibir mot jonoshonkhar pray 87% mobile phone",Bishwer prothom mobile network songsthar nam ki?,Motorola,Nokia Corporation,"Okay, let's analyze the model answer.

**Step 1: Identify each factual claim made by the Model Answer.**

The model answer claims that ""Nokia Corporation"" was the name of the world's first mobile network operator.

**Step 2: Check whether it is supported by the Context.**

The provided context discusses the development of the *mobile phone* itself, specifically mentioning Motorola and the DynaTAC 8000x. It details the growth of mobile phone usage globally from 1990 to 2011, stating the number increased from 12.4 million to over 6 billion. However, it **does not mention** any specific company or entity that operated the first mobile network. The text focuses on the hardware and adoption rates, not the network infrastructure. There is absolutely no information about Nokia in this context either.

**Step 3: Based on steps 1-2, decide the final verdict.**

Since the context provides no information about the world's first mobile network operator, and certainly doesn't mention Nokia, the model answer is a hallucination. It introduces information not present in the provided text.

no",no
bengali--1234690232822464450-2::specificity,bengali--1234690232822464450-2,specificity,Iraker jatio songsoder asonshongkha 275. 2005 saler December-e er jonno jatio nirbachon onusthito hoy. Nirbachito sarkar 2006-2010 saler jonno khomotay thakbe.,Iraker jatio songsoder bortoman asonshongkha koto?,275,bortomane mone hoy pray 300-er moto ason ache,"Okay, let's analyze the model answer.

**Step 1: Identify factual claims.**

The model answer makes one primary factual claim: ""bortomane mone hoy pray 300-er moto ason ache"" which translates to ""currently it seems like there are around 300 seats.""  It's a rounded estimate of the current number of seats in the Iraqi parliament.

**Step 2: Check against the Context.**

The context states that ""Iraker jatio songsoder asonshongkha 275"" which means ""the number of seats in the Iraqi parliament is 275"". The context *does not* provide any information about the current number of seats. It only mentions the number of seats at a specific point in time (before or during 2005-2010). The model's estimate of ""around 300"" is not supported by the given text.  It appears to be an external piece of knowledge that isn't present in the provided context.

**Step 3: Verdict**

Since the model provides an estimate that is not mentioned or implied within the provided context, it is hallucinated.

no",no
bengali-9063826758882428072-36::specificity,bengali-9063826758882428072-36,specificity,"Maldiver 1192 ti prarol dippunjoguli gothito hoy, ja uttar-dokkhin diker 26 ti kandher double chain e bistrito hoy, eti pray 90,000 borgo kilometer (35,000 borgo mile) bistrito, eti bishwer shobcheye choriye chitiye thaka deshgulir ekta. Eti okkhanshe 1° S ebong 8 degree N er moddhe thake ebong 72° degree ebong 74 degree E di lomba. Projwolito ekta projapotir khilan ebong bali bar guli gothito, ekta submarine ridge 960 kilometer (600 mile) dirgher upore obosthito ja Bharat Mohasagorer gobhirttom theke ure jay ebong dokkhine dokkhine chole.",Maldiver mot ayoton koto?,"Pray 90,000 borgo kilometer","Maldiver mot ayoton motamuti 95,000 borgo kilometer er moto.","Okay, let's analyze this.

**Step 1: Factual Claims in the Model Answer**

The model answer makes one primary factual claim: ""Maldiver mot ayoton motamuti 95,000 borgo kilometer er moto."" (Maldives is approximately 95,000 square kilometers in area).

**Step 2: Verification Against the Context**

The context states: ""eti pray 90,000 borgo kilometer (35,000 borgo mile) bistrito"" which translates to ""it is approximately 90,000 square kilometers (35,000 square miles) wide"". The model answer gives a figure of 95,000 square kilometers. This is not directly stated in the context. While 90,000 and 95,000 are close, the difference is significant enough to consider it a potential hallucination, especially since the context explicitly provides a value.

**Step 3: Final Verdict**

The model answer provides an area for Maldives that isn't directly supported by the provided text. It's a close approximation, but the deviation suggests it may have been generated from external knowledge rather than solely based on the given context. Therefore, it is considered a hallucination.

no",no
bengali-1733542226552149709-2::factualness,bengali-1733542226552149709-2,factualness,"Islam shobdoti esheche Arbi s-l-m shobdoti hote; jar du'ti ortho: 1. shanti 2. atmasamarpan kora. Songkhepe, Islam holo shanti (protistha)'r uddeshe ek o odditiyo Ishwar (Allah)-er kache atmasamarpan kora.",Islam shobdoti-r utpotti kon shobdo theke?,Arbi s-l-,Islam shobdoti esheche Arbi s-m-l shobdo theke.,"Okay, let's analyze the model answer.

**Step 1: Identify factual claims in the Model Answer.**

The model answer makes a single factual claim: ""Islam shobdoti esheche Arbi s-m-l shobdo theke."" (The word 'Islam' comes from the Arabic word 's-m-l').

**Step 2: Check if the claim is supported by the Context.**

The context states: ""Islam shobdoti esheche Arbi s-l-m shobdoti hote..."" (The word 'Islam' came from the Arabic word 's-l-m...'). The model answer changes 's-l-m' to 's-m-l'. This is a discrepancy. While both are similar, they are not identical. The context provides 's-l-m', but the model answers with 's-m-l', which isn't directly stated or supported in the given text. It's possible 's-m-l' could be a variant or a different transcription, but without further information, we must consider this a hallucination.

**Step 3: Verdict.**

The model answer presents information that deviates from the provided context. Therefore, it is hallucinated.

no",no
bengali-5091763437915482713-4::specificity,bengali-5091763437915482713-4,specificity,Poromanur khudrotomo konika electron. 1897 Khristabde Sir J. J. Thomson sorboprothom electron-er ostittwo abishkar koren. Ekti electron-er asal vor oti samanno 9.1085×10−28g. Electron-er adhan -1.6×10−19 Coulomb. Electron nucleus-er chardike ghurnayoman. Electron-ke sadharonoto e protik diye prokash kora hoye thake.,Poromanur khudrotomo konikar nam ki?,electron,proton bole dhora hoy সাধারণত,"Okay, let's analyze this.

**Step 1: Factual Claims in the Model Answer**

The model answer states: ""proton bole dhora hoy সাধারণত"" which translates to ""It is generally called a proton.""

**Step 2: Verification Against the Context**

The provided context discusses electrons, their mass, charge, and behavior around the nucleus. It *never* mentions protons. The entire passage focuses solely on electrons.  There's no information whatsoever to support the statement that ""it"" (referring to whatever ""poromanur khudrotomo konika"" is) is generally called a proton. The question asks about ""poromanur khudrotomo konika"", which is referring to the smallest particle of matter. While protons *are* fundamental particles, the context only describes electrons.

**Step 3: Verdict**

The model answer introduces a concept (proton) entirely absent from the provided context. Therefore, the answer is hallucinated.

no",no
bengali--1032349037088526206-6::comprehension,bengali--1032349037088526206-6,comprehension,"1897 khristabder 23 January, bortoman Odisha rajyer Cuttack shohore (Odia Bazar) jonmogrohon koren Subhashchandra Bosu. Tini chilen Cuttack-probashi bishishta Bangali ainjibi Janakinath Bosu o Prabhabati Debir choddho shontaner moddhe nobom. Shostho shreni porjonto Subhashchandra ekta Cuttacker English school-e porashona koren; bortomane ei schooltir nam Stewart School. Erpor take vorti kora hoy Cuttacker Ravenshaw Collegiate School-e. Subhashchandra chilen medhabi chatro. 1911 khristabde Matriculation porikkhay Kolkata theke prothom sthan odhikar koren tini. 1918 khristabde Kolkata Bishwabidyaloy odhibhukto Scottish",Netaji Subhash Chandra Bosur babar naam ki?,Jankinath Bosu,Prabhabati Debi chhilen Netajir baba.,"Okay, let's break down this evaluation.

**Step 1: Factual Claims in the Model Answer**

The model answer states: ""Prabhavati Debi chhilen Netajir baba."" which translates to ""Prabhavati Devi was Netaji's father.""

**Step 2: Verification against the Context**

The context states: ""Tini chilen Cuttack-probashi bishishta Bangali ainjibi Janakinath Bosu o Prabhabati Debir choddho shontaner moddhe nobom."" This translates to: ""He [Subhas Chandra Bose] was born in the large family of eminent Bengali lawyer Janakinath Bose and Prabhabati Debi.""

This clearly indicates that Prabhabati Debi was Subhas Chandra Bose's mother, *not* his father. The context explicitly mentions Janakinath Bose as the father.

**Step 3: Verdict**

The model answer incorrectly identifies Prabhabati Debi as Netaji's father. This is a direct contradiction of the information provided in the context. Therefore, the answer is hallucinated.

no",no
bengali-7060087994161984077-11::factualness,bengali-7060087994161984077-11,factualness,"Uporontu, tar baje obosthane thaka sottweo e sujog peyechilen.[16] Soforer prothom prostutimulik khelay Dokkhin Australia-r bipokkhe 228 run tulen.[17] Echarao, prothom Test shurur purbe aro ekta ordho-shotoran koren. 14 December, 1894 tarikh-e tar antorjatik cricket-e obhishek ghote.[18] Khelay tini 4 o 20 run tulen. Tobe, follow-on-er kobole poreo England dol swagatik Australia-r bipokkhe joyi hoy. Porer khelayo England joy pay.[19] Tobe, khelar prothom bolei MacLaren caught out-e porinoto hon. Erfole Test cricket-er itihashe prothom khelowar hisebe prothom bolei out hobar nay",Archibald Campbell Archie MacLaren kon sal theke England-er jatio cricket dole khela shuru koren?,1894,Archie MacLaren England-er jatio cricket dole khela shuru koren 1893 sal theke.,"Okay, let's analyze the model answer step by step.

**Step 1: Factual Claims in the Model Answer**

The model answer states: ""Archie MacLaren England-er jatio cricket dole khela shuru koren 1893 sal theke."" This translates to ""Archie MacLaren started playing for the England national cricket team from 1893.""

**Step 2: Verification Against the Context**

The provided context mentions that Archibald Campbell Archie MacLaren made his international cricket debut on December 14, 1894. It also states he was caught out as the first batsman in Test cricket history. The context *does not* mention when he started playing for England; it only provides information about his debut. Therefore, the model answer makes a claim not found in the provided text.

**Step 3: Verdict**

Since the context does not support the claim that Archie MacLaren played for England starting in 1893, the model answer is hallucinated. It extrapolates information beyond what's given.

no",no
bengali-1256980846334025372-12::factualness,bengali-1256980846334025372-12,factualness,Hash-murgir moto je kono morda kobutor madi kobutorer sathe sohoje jora badhe na. Ederke ek sathe ek soptaho rakhle jora badhe. Murgir nyay kobutorer jononotontre dim utpanno hoy. Tobe dimbashoye eksathe sadharonoto matro du'ti folikul toiri hoy. E karone protiti madi kobutor du'ti dim pare. Dim parar 40-44 ghonta purbe dimb skholon hoy ebong dim parar kompokhe 24 ghonta purbe ta nishikto hoy. Orthat je 16-20 ghonta porjonto dim dimbonalite thake se somoye ta nishikto hoye thake. Dim parar por theke morda o madi ubhoy kobutor porjaykrome dime ta dite shuru kore. Madi kobutor pray,Pati moynar dim fute baccha ber hote sorbocho kotodin shomoy lage?,17-18 din por,Pati moynar dim fute baccha ber hote sorbocho 20-21 din lage.,"Okay, let's analyze this.

**Step 1: Factual Claims in the Model Answer**

The model answer states: ""Pati moynar dim fute baccha ber hote sorbocho 20-21 din lage."" (It takes approximately 20-21 days for a hen's egg to hatch).

**Step 2: Verification against the Context**

The provided context discusses the process of egg development in hens (murgi). It details information about the formation of follicles, the laying of eggs (dim), the timing of the eggshell opening (dimb skholon), and the period the egg remains visible before being incubated (dimbonalite thake se somoye ta nishikto hoye thake). However, **it does not mention the total time taken for an egg to hatch.** The text focuses on the pre-incubation stages and the immediate events surrounding the laying of the egg. There's no information related to the incubation period required for hatching.

**Step 3: Verdict**

Since the context provides no information about the incubation period (the 20-21 days mentioned in the answer), the model answer is making a claim that is not supported by the given text. This constitutes a hallucination.

no",no
bengali-5487111961873331069-0::specificity,bengali-5487111961873331069-0,specificity,"Galileo Galilei (Italian pronunciation:[ɡaliˈlɛːo ɡaliˈlɛi]; jonmo: 15 February, 1564 - mrityu: 8 January, 1642)[1] ekjon Italian podarthobiggyani, jyotirbiggyani, gonitoggo ebong darshonik jini baigganik biplober sathe besh nigudhbhabe somprikto. Tar shobcheye ullekhjoggo obdaner moddhe royeche durbikshon jontro-r unnati sadhon, ja jyotirbigganer ogragotite shobcheye boro vhumika rekheche, bibhinno dhoroner onek jyotirbaigganik porjobekkhon, Newton-er gotir prothom ebong ditiyo sutro, ebong Cop",Podarthobigganer jonok ke?,Galileo Galilei,Podarthobigganer jonok hisebe oneke Isaac Newton-ke dhore.,"Okay, let's analyze this.

**Step 1: Factual Claims in the Model Answer**

The model answer states: ""Podarthobigganer jonok hisebe oneke Isaac Newton-ke dhore."" which translates to ""According to calculations, many people consider Isaac Newton as the father of physics.""

**Step 2: Verification against the Context**

The context mentions Isaac Newton and his first and second laws. It discusses Galileo's contributions to improving observational instruments, which were crucial for astronomy. However, the context *does not* explicitly state that Newton is considered the ""father of physics"" or even directly discuss who is considered the father of physics. While Newton's work is mentioned in relation to Galileo's, there is no direct support for the claim about Newton being widely considered the ""father of physics"". The context focuses primarily on Galileo himself.

**Step 3: Verdict**

The model answer makes a statement about popular opinion regarding Isaac Newton's role as the ""father of physics,"" a claim not directly supported by the provided context. Therefore, it is a hallucination.

no",no
bengali-91483490703308038-4::comprehension,bengali-91483490703308038-4,comprehension,"Agun jwalanor jonno tinti upadaner proyojon pore - oxygen, jwalani ebong tap. Jwalani hisebe kath, koyla, toil ebong onnanno dahyo podartho poribesher sorbotro ache. Ekbar agun jolte shuru korle porobortite eti nijei tap utpadone sokkhom. Kokhono kokhono eti nijei swoyongkriyo vabe tap utpadoner maddhome jolte shuru kore.",Agun jwalanor jonno kon gaser proyojon hoy?,oxygen,Agun jwalanor jonno nitrogen gas dorkar hoy.,"Okay, let's analyze this.

**Step 1: Identify each factual claim made by the Model Answer.**

The model answer states: ""Agun jwalanor jonno nitrogen gas dorkar hoy."" which translates to ""Nitrogen gas is needed for combustion.""

**Step 2: For each claim, check whether it is supported by the Context.**

The provided context discusses the requirements for combustion: ""For ignition, flammable materials are needed - oxygen, fuel, and spark. Fuels include wood, coal, oil, and other easily combustible substances. Once a fire starts, it produces its own spark continuously. Sometimes it starts a fire spontaneously through the production of spark.""  Critically, the context *only* mentions oxygen as a necessary component for combustion. It does not mention nitrogen. In fact, nitrogen is generally considered inert in the context of combustion and can even inhibit it.

**Step 3: Based on steps 1-2, decide the final verdict.**

The model answer claims that nitrogen gas is needed for combustion. The provided context explicitly lists oxygen, fuel, and spark, but makes no mention of nitrogen. Therefore, the model answer presents information not found in the context.

yes",yes
bengali--405761113848942428-0::inference,bengali--405761113848942428-0,inference,"Harold Dennis Bird, MBE (English: Harold Dennis ""Dickie"" Bird, jonmo: 19 April, 1933) Barnsley elakay jonmogrohonkari obosorpropto o khyatonama English cricket umpire. Tini ekshomoy cricket biswe Dickie Bird name khyato o biswer shreshtho umpire hisebe shokol kriramodir proshongsha kuran. Tar jonmo England-er Yorkshire-er Barnsley elakay. Antorjatik cricket khelagulo opurbo dokkhotar sathe umpire hisebe niropekkhobhave dayitto palon kore obosor niyechen. Shoishobe school jibone Dickie name upadhi pan tini. Ekti khoni shromiker shontan hisebe Dickie Bird South Yorkshire-er Staincross grame bash korten. 1944 shale Bird ekadosh shren",Ingrej cricket umpire Harold Dennis Bird-er daknam ki chilo?,diki bard,Tar daknam chilo Harold Barnsley Bird bole porichito.,"Okay, let's break this down.

**Step 1: Factual Claims in the Model Answer**

The model answer states: ""Tar daknam chilo Harold Barnsley Bird bole porichito."" which translates to ""His nickname was Harold Barnsley Bird, known as."" This implies two things:
1. His nickname was Harold Barnsley Bird.
2. He was known by that nickname.

**Step 2: Verification against the Context**

*   **Claim 1: His nickname was Harold Barnsley Bird.** The context mentions ""Harold Dennis 'Dickie' Bird"". It explicitly states he was known as ""Dickie Bird."" There's no mention of ""Harold Barnsley Bird"" as a nickname.
*   **Claim 2: He was known by that nickname.** As stated above, the context indicates he was known as ""Dickie Bird,"" not ""Harold Barnsley Bird.""

**Step 3: Verdict**

The model answer introduces a nickname (""Harold Barnsley Bird"") that is not present in the provided context. It fabricates information about his commonly used nickname. Therefore, the answer is hallucinated.

no",no
bengali--8046266163446294688-0::comprehension,bengali--8046266163446294688-0,comprehension,"Netaji Subhash Engineering College (NSEC) sthapon kora hoy Netaji Subhashchandra Bosur Bharatiyo swadhinota andolone obodan o adorsher kotha mone rekhe. Netaji bishwas korten je prokrito swadhinotar bhittiprostor holo shikkha o projukti. 1998 sale Techno India Group ebong Institute Computer Prokousholir (Bharat) sohojogitay collegeti sthapon kora hoy. Collegeti shuru hoy, tinti engineering course diye ebong bortomane Poshchimbonger onnotomo brihottom swanirbhor prokoushol college. Collegeti shuru thekei Kalyani Bishwobidyaloyer odhibhukto chilo. 2002 sale collegeti soddo nirmito Poshchimbongo Projukti Bishwobid",Netaji Subhash Engineering College kobe sthapito hoy?,1998 shale,2002 shale shuru hoy কলেজটা.,"Okay, let's analyze the model answer.

**Step 1: Factual Claims in the Model Answer**

The model answer states: ""2002 সালে শুরু হয় কলেজটা"" which translates to ""The college started in 2002.""

**Step 2: Verification against the Context**

The context states: ""2002 সালে collegeti soddo nirmito Poshchimbongo Projukti Bishwavidyaloy"". This translates to ""In 2002, the college was completely taken over by West Bengal Technological University.""  While the context mentions 2002, it doesn't explicitly state that the college *started* in 2002. It says it was *taken over* by the university in 2002. The context does say the college was established in 1998.

**Step 3: Verdict**

The model answer implies the college was founded in 2002, but the context indicates it was established in 1998 and taken over by the university in 2002. Therefore, the answer is a hallucination because it presents information not directly supported by the provided text.

no",no
bengali--1990721472147920166-1::factualness,bengali--1990721472147920166-1,factualness,"1938 saler 4 April Boguray ekta college protisthar lokkhe Khan Bahadur Mohammad Ali-ke shovapoti ebong Moulovi Abdus Sattar-ke sadharon shompadok kore ekta committee gothito hoy. Ei college-ti 1939 saler July mase protisthito hoy.[2] Obibhokto Bonge bishistho bektitto Sir Azizul Haq er name college-tir namkoron kora hoyeche. Tini se shomoy Kolkata University er upacharjo chilen; sorkari school-e shikkhar madhom English theke Banglay chalu, prathomik shikkha porikolponake Act-e porinoto, Kolkata University-r Islamer Itihash o Shongskriti bibhag protistha (1940), Shikkha Shoptaho palon kormosuchi proborton, Bongiyo Byabost",Ajijul Hoq College kobe protishthito hoy ?,1939 saler July mashe,1940 saler April mashe,"Okay, let's analyze the model answer.

**Step 1: Factual Claims in the Model Answer**

The model answer claims: ""Ajijul Hoq College kobe protishthito hoy?"" - ""1940 saler April mashe"" which translates to ""Azizul Haq College was established in April of 1940.""

**Step 2: Verification against the Context**

The provided context states: ""Ei college-ti 1939 saler July mase protisthito hoy."" This translates to ""This college was established in July of 1939."" The context also mentions that the college was named after Azizul Haq, but it does *not* state that it was established in April 1940. It explicitly states the establishment date as July 1939.

**Step 3: Verdict**

The model answer provides a date (April 1940) that directly contradicts the information given in the context (July 1939). Therefore, the model answer is hallucinated.

no",no
bengali--5851536339042738709-0::factualness,bengali--5851536339042738709-0,factualness,"Sheikh Mujibur Rahman (17 March 1920 - 15 August 1975) Bangladesh-er prothom Rashtrapoti o Bharotiyo upomohodesher ekjon onnotomo probhabshali rajnaitik bektitto jini Bangalir odhikar rokkhay British India theke Bharat bivajon andolon ebong porobortite Purbo Pakistan theke Bangladesh protisthar songrame netritto prodan koren. Prachin Bangali shobhyotar adhunik sthopoti hishabe Sheikh Mujibur Rahman-ke Bangladesh-er Jatir Jonok ba Jatir Pita bola hoye thake. Tini Maolana Abdul Hamid Khan Bhashani protishthito Awami League-er shovapoti, Bangladesh-er prothom Rashtrapoti ebong porobortite edesh-er Prodhanmontrir daitto palon koren. Jonoshadh",Bangladesher prothom rastropoti Sheikh Mujibur Rahmaner jonmo kobe hoy?,17 March 1920,16 March 1920-e tar jonmo hoy.,"Okay, let's analyze the model answer.

**Step 1: Factual Claims in the Model Answer**

The model answer states: ""16 March 1920-e tar jonmo hoy."" This translates to ""He was born on 16 March 1920.""

**Step 2: Verification against the Context**

The context provides the following information about Sheikh Mujibur Rahman's birthdate: ""Sheikh Mujibur Rahman (17 March 1920 - 15 August 1975)"". This clearly states his birthdate as 17 March 1920, not 16 March 1920.

**Step 3: Verdict**

The model answer incorrectly states the birthdate of Sheikh Mujibur Rahman. The context explicitly gives the correct date as 17 March 1920, while the model answer claims it's 16 March 1920. Therefore, the model answer contains a hallucination.

no",no
bengali-2163425666649830741-9::factualness,bengali-2163425666649830741-9,factualness,"Ihudi moholla (Hebrew: הרובע היהודי‎, HaRova HaYehudi, known colloquially to residents as HaRova, Arabic: حارة اليهود‎, Ḩārat al-Yahūd) shohorer dokkhin poshchim prante obosthito. Eti dokkhine Zion Gate theke poshchime Armenian moholla niye uttore Cardo ebong purbe Western Wall o Temple Mount porjonto bistrito. Ei mohollar somriddho itihash royeche. Khrishtopurbo oshtom shotok theke ekhane Ihudira dharabahikvabe boshobash kore asche.[17][18][19][20][21][22] 1948 shale er 2,000 Ihudike oborodh kora hoy ebong sobaike sthan tyag korte baddho kora hoy.[23] Moh",Ihudi moholla kobe sthapit hoy?,Khristopurbo oshtom shotok,Khristopurbo shostho shotok e sthapit hoy.,"Okay, let's analyze the model answer.

**Step 1: Identify factual claims in the Model Answer.**

The model answer states: ""Khristopurbo shostho shotok e sthapit hoy."" which translates to ""It was established in the 16th century."" This is a single claim about when the Jewish Quarter (Ihudi Moholla) was established.

**Step 2: Check for support in the Context.**

The context mentions that ""Khrishtopurbo oshtom shotok theke ekhane Ihudira dharabahikvabe boshobash kore asche"" which translates to ""Since the 18th century, Jews have been living here permanently.""  It *does not* state when the neighborhood itself was established. It only indicates a continuous Jewish presence from the 18th century onwards. The context does not provide information about the 16th century.

**Step 3: Determine if the answer is hallucinated.**

The model answer makes a claim about the establishment date of the Jewish Quarter (16th century) that is not explicitly supported by the provided text. While there may have been earlier settlements, the text focuses on the 18th century onward. Therefore, the answer is making an unsupported assertion.

no",no
bengali-76220440784974270-3::factualness,bengali-76220440784974270-3,factualness,"Ekti mouchake ba poribare tin shrenir moumachi thake, jotha: (1) rani, (2) purush o (3) shromik moumachi.",Kaj onujare mot koto rokomer moumachi hoy?,tin,Kaj onujare mot char rokomer moumachi hoy.,"Okay, let's analyze this.

**Step 1: Identify each factual claim made by the Model Answer.**

The model answer states: ""Kaj onujare mot char rokomer moumachi hoy."" which translates to ""In work, there are usually four types of ants."" The key claim here is that there are *four* types of ants in a colony.

**Step 2: Check whether it is supported by the Context.**

The context states that there are *three* types of ants: (1) rani (queen), (2) purush (male), and (3) shromik moumachi (worker ant).  It explicitly lists only three categories. It does *not* mention a fourth type of ant.

**Step 3: Based on steps 1-2, decide the final verdict.**

The model answer claims there are four types of ants, while the provided context clearly states there are only three. This is a contradiction and constitutes a hallucination.

no",no
bengali-2219441392212686141-0::specificity,bengali-2219441392212686141-0,specificity,"Vubon chil, badami chil, goda chil, dom chil (baigganik nam: Milvus migrans) (English: Black Kite) ba keboloi chil Accipitridae (Aksipitridi) gotro ba poribarer ontorgoto Milvus (Milvas) goner ek projatir majhari akarer sulov shikari pakhi.[1][2] Vubon chiler baigganik namer ortho porijayi chil (Greek Milvus = chil, migrans = porijayon).[2] Saotali vashay Vubon chiler nam Kurit, Singholite Rajaliya, Asomiyay Chilana o Mugacharoni; Sindhite nam Siriun.[3]",Bhubon chiler baigganik nam ki?,Milvus migrans,"Bhubon chiler baigganik nam hocche **Milvus govinda**, ja South Asia-te beshi dekha jay.","Okay, let's analyze the model answer.

**Step 1: Factual Claims in the Model Answer**

The model answer makes two primary claims:

1.  Bhubon chiler baigganik nam hocche **Milvus govinda**. (The scientific name of the Bhubon chil is *Milvus govinda*.)
2.  Ja South Asia-te beshi dekha jay. (Which is mostly seen in South Asia.)

**Step 2: Verification Against the Context**

Let's examine these claims against the provided context:

*   **Claim 1: *Milvus govinda***: The context states that the scientific name is ""(baigganik nam: Milvus migrans)"". It explicitly mentions ""Milvus"" but *not* ""Milvus govinda"". This is a key difference.
*   **Claim 2: South Asia-te beshi dekha jay:** While the context doesn't explicitly state that *Milvus govinda* is most commonly seen in South Asia, it does imply the bird is found in the region through the listing of regional names like ""Sindhite nam Siriun"" (Sindhi name). However, this doesn’t confirm it’s *most* commonly seen there.  Crucially, the context describes *Milvus migrans* as the species being discussed.

**Step 3: Verdict**

The model answer introduces a scientific name (*Milvus govinda*) that is not present in the provided context. The context clearly identifies *Milvus migrans* as the scientific name for the bird being described. Therefore, the answer is hallucinated. The second part of the answer is weakly supported, but the core error lies in the incorrect scientific name.

no",no
bengali--3947167920835567776-1::inference,bengali--3947167920835567776-1,inference,"Alauddin Khilji chilen Khilji bongser protisthata Jalaluddin Khiljir bhatija ebong jamata. Birbhumderke porajit kore Jalaluddin Khilji jokhon Delhi dokhol kore nen, tokhon Alauddin Khiljike Amir-i-Tujukh ba udjapon montri pod deya hoy. 1291 sale Jalaluddin Khilji tar bhatija Alauddin Khiljir hate Kara (Kanpurer nikotoborti ek elaka) namok oncholer shasonbhar tule den. 1296 sale Alauddin Khilji Basila oborodh kore Jalaluddin Khiljir kach theke Abadh (Uttar-Pradesh) dokhol kore seta shashon kora shuru koren. 1296 sale Devagiri oborodh koren ebong Jalaluddiner bipul porimaner shompod dokhol",Khilji bongser protistha kobe hoy?,Jalaluddin Khilji,"Khilji bongser protistha hoy 1296 sale, jokhon Alauddin Khilji Devagiri oborodh er por nijer shashon majbut koren.","Okay, let's analyze the model answer step-by-step.

**Step 1: Factual Claims in the Model Answer**

The model answer makes the following claims:

1.  ""Khilji bongser protistha hoy 1296 sale..."" (The Khilji dynasty was established in 1296...)
2.  ""...jokhon Alauddin Khilji Devagiri oborodh er por nijer shashon majbut koren."" (...when Alauddin Khilji strengthened his rule after conquering Devagiri.)

**Step 2: Verification Against the Context**

Let's examine each claim against the provided context:

*   **Claim 1:** The context states that Alauddin Khilji received the title ""Amir-i-Tujukh"" when Jalaluddin Khilji entered Delhi in 1291. It also mentions Alauddin taking over Kara in 1291 and conquering Awadh (Uttar Pradesh) and Devagiri in 1296. The text *doesn't explicitly state* that the Khilji dynasty was *established* in 1296. However, the events described in 1296 (conquest of Devagiri and significant wealth acquisition) strongly suggest a consolidation of power that could be considered the establishment of the dynasty under Alauddin's control. This is a reasonable inference, though not directly stated.
*   **Claim 2:** The context *does* explicitly mention Alauddin Khilji conquering Devagiri in 1296 and strengthening his rule (""nijer shashon majbut koren"").

**Step 3: Overall Verdict**

While the context doesn't use the exact phrase ""Khilji dynasty was established,"" the events described in 1296, particularly the conquest of Devagiri and the accumulation of wealth, align with the idea of Alauddin Khilji solidifying his power and effectively establishing the dynasty. Therefore, while there's a slight interpretive leap, the answer isn't entirely fabricated. It's a reasonable inference based on the provided information.

no",no
bengali--4860964569116483818-2::specificity,bengali--4860964569116483818-2,specificity,"Pragoitihashik juge gononar jontra udbhabito bibhinno prochestake computer itihash hisebe dhora hoy. Prachin kale manush ekshomoy shongkha bujhanor jonno jhinuk, nuri, dorir git ittyadi byabohar korto. Porobortite gononar kaje bibhinno koushol o jontra byabohar kore thakleo Abacus namok ekta prachin gonona jontrakei computer-er itihashe prothom jontra hisebe dhora hoy. Eti abishkrit hoy Khristopurbo 2400 sale Babylon-e. Abacus frame-e sajano gutir sthan poriborton kore gonona korar jontra. Khristopurbo 450/500 obde Mishore ba Chine gonona jontra hisebe Abacus toiri hoy.",Prithibir prothom computer er naam ki?,Abacus,Prithibir prothom computer er naam holo ENIAC machine.,"Okay, let's analyze the model answer.

**Step 1: Factual Claims in the Model Answer**

The model answer makes a single, direct claim: ""Prithibir prothom computer er naam holo ENIAC machine."" (The first computer in the world was named the ENIAC machine.)

**Step 2: Checking Against the Context**

The provided context discusses the history of computing devices, starting with early counting tools like beads, bones, and stones. It mentions the abacus as the first calculating device recorded in computer history. The context *does not* mention ENIAC at all. It describes ancient methods of calculation and the abacus's significance in the development of computing, but it doesn't claim ENIAC as the first computer.  ENIAC is a significant computer, but it came much later than the devices described in the text.

**Step 3: Verdict**

The model answer introduces information (ENIAC) that is entirely absent from the provided context. This constitutes a hallucination because the model is stating something as fact that isn't supported by the given text.

no",no
bengali-3835788684367493599-2::specificity,bengali-3835788684367493599-2,specificity,"Sahabigon Islamer sorbosesh Nobir kotha o kajer biboron otyonto agroho sohokare smoron rakhten. Abar keu keu tar onumoti shapekkhe kichu kichu hadis likhe rakhten. Evabe tar jiboddoshay smritipote mukhosto kore rakhar sathe sathe kichu hadis likhito akare lipiboddho chilo. Hazrat Ali, Hazrat Abdullah ibne Omar, Hazrat Abdullah ibne Abbas, Hazrat Anas ibne Malik promukh sahabigon kichu kichu hadis lipiboddho kore rakhten. Hazrat Abu Hurayra bolen, “Abdullah ibne Amr byotito ar kon sahabi amar opekkha odhik hadis janteno na. Karon, tini hadis likhe rakhten ar ami likhtam na.”
Nobir jiboddoshay Islami rashtrer pro",Hadis ke ba kara rochona koren?,"Hojrot Ali, Hojrot Abdullah ibne Omar, Hojrot Abdullah ibne Abbas, Hojrot Anas ibne Malik promukh sahabigon",Hadis muloto Hojrot Abu Hurayra aar Hojrot Ayesha ra rochona koren.,"Okay, let's analyze the model answer.

**Step 1: Identify each factual claim made by the Model Answer.**

The model answer claims: ""Hadis muloto Hojrot Abu Hurayra aar Hojrot Ayesha ra rochona koren."" This translates to ""Hadis were mainly composed by Hazrat Abu Hurayra and Hazrat Ayesha.""

**Step 2: For each claim, check whether it is supported by the Context.**

The context mentions that Hazrat Ali, Hazrat Abdullah ibne Omar, Hazrat Abdullah ibne Abbas, and Hazrat Anas ibne Malik also recorded hadis. It explicitly states that Abdullah ibn Amr was known for writing down hadis, and Abu Hurayra remarked that no one knew more hadis than him *because* he wrote them down.  Crucially, the text does *not* state that Abu Hurayra and Ayesha *composed* the hadis; it says they recorded them. There's no mention of Hazrat Ayesha at all in this context. The text emphasizes the act of recording/writing down, not the creation or composition of the hadis themselves.

**Step 3: Based on steps 1-2, decide the final verdict.**

The model answer makes a claim about *composition* that isn’t directly supported by the provided text. The text focuses on recording and writing down hadis, and while Abu Hurayra is highlighted for doing so, it doesn't assert that he or Ayesha were the primary composers. The attribution to Ayesha is completely absent from the given text. Therefore, the answer is hallucinated.

no",no
bengali--7866554679178426911-24::comprehension,bengali--7866554679178426911-24,comprehension,"Rabindrasangeeter abegmoyi shokti o shaundorjer akorshon Bangali shomaje amogh. Modern Review potrikay ei prosongge lekha hoy, ""Banglay emon kono shikkhito griho nei jekhane Rabindranather gaan gawa ba ontotpokkhe gawar cheshta kora hoy na... emonki oshikkhito gramobashirao tar gaan geye thaken."" The Observer-er Arthur Strangeways tar Music of Hindustan rochonay Obangalider kache Rabindrasangeeter porichoy dite giye bolen, ei ganguli holo ""vehicle of a personality ... [that] go behind this or that system of music to that beauty of sound which all systems put out their hands to seize."" [22] Bangladesher jatiyo sangeet Amar Sonar Bangla o Bharoter jatiyo sangeet Jan",Rabindranath Thakurer lekha sangeet songkolon granther nam ki?,Gitobitan,Rabindra Sangeet Samagra boiটা।,"Okay, let's analyze the model answer.

**Step 1: Factual Claims in the Model Answer**

The model answer states: ""Rabindra Sangeet Samagra boiটা।"" This translates to ""Rabindra Sangeet Samagra book.""  It claims that there's a collection of Rabindranath Tagore's songs called ""Rabindra Sangeet Samagra.""

**Step 2: Verification against the Context**

The provided context discusses the influence and introduction of Rabindrasangeet within Bengali society, mentions articles in *Modern Review* and *The Observer*, and refers to ""Amar Sonar Bangla"" as a national song. However, it **does not explicitly mention a specific collection or anthology called ""Rabindra Sangeet Samagra.""** While the context heavily references Rabindrasangeet, it doesn't name a particular book with that title. It describes the presence and appreciation of his songs in various settings (educated homes, villages), but not a comprehensive published collection.

**Step 3: Verdict**

Since the context does not confirm the existence of a book titled ""Rabindra Sangeet Samagra,"" the model answer is hallucinated. It presents information not found within the given text.

no",no
bengali--8550731156389938132-14::comprehension,bengali--8550731156389938132-14,comprehension,"Sadharonoto je dol beshi run kore shei dol bijoyi hoy. Tobe bibhinno obosthay joyer songa bibhinno hoy. Udahoronshorup bola jay brishtir karone simito over-er khelar over shonkha komiye ana hote pare, othoba Duckworth-Lewis poddhoti obolombon kore bijoyi nirdharon kora hote pare.",Cricket e Duckworth-Lewis poddhotir dara ki nirnoy kora hoy?,Bijoyi,Duckworth-Lewis poddhotir dara target score nirnoy kora hoy.,"Okay, let's analyze the model answer.

**Step 1: Factual Claims in the Model Answer**

The model answer states: ""Duckworth-Lewis poddhotir dara target score nirnoy kora hoy."" which translates to ""Target score is determined using the Duckworth-Lewis method.""

**Step 2: Verification against the Context**

The context mentions Duckworth-Lewis method as a way to *determine* victory when matches are affected by rain or other interruptions. It says ""Duckworth-Lewis poddhoti obolombon kore bijoyi nirdharon kora hote pare"" - meaning Duckworth-Lewis method can determine victory differently. The context does not explicitly state that it determines the target score. While determining victory implies calculating a target score in some cases, it also encompasses scenarios where the team batting second might be given a reduced target, or the match declared a draw.  The context describes it as a method for *determining* the outcome, not specifically the target score itself.

**Step 3: Verdict**

The model answer makes a specific claim about the Duckworth-Lewis method solely being used for determining the target score. The context supports the method being used to determine victory but doesn't limit its function exclusively to target score calculation. Therefore, the answer is a slight hallucination.

no",no
bengali--2734990305290488269-0::inference,bengali--2734990305290488269-0,inference,"Malcolm Denzil Marshall (English: Malcolm Denzil Marshall; jonmo: 18 April, 1958 - mrittu: 4 November, 1999) Barbados-e jonmogrohonkari West Indies-er bikhyato antorjatik cricket taroka chilen. Bishwo cricket ongone 'Maco' dakname porichito Malcolm Marshall prodhanoto fast bowler chilen. Test cricket-e take ottonto shundor bowling bhongimar odhikari o drutogotir pacer hisebe bibechona kora hoy.[1][2][3][4] Proti wicket lave take gore 20.94 run dite hoise ja 200 ba totodhik wicketlavkari bowler-der moddhe onnotomo sera bowling gor.[5] Bowling-e tar e sofolota asleo tini onnanno fast bowler-der tulonay kom uchchotasompanno chilen.",West Indies-er cricketer Malcolm Denzil Marshall-er uchchota koto chilo?,5 foot 11 inch,Malcolm Marshall-er uchchota chilo prai 6 foot 3 inch.,"Okay, let's analyze this.

**Step 1: Factual Claims in the Model Answer**

The model answer makes one factual claim: ""Malcolm Marshall-er uchchota chilo prai 6 foot 3 inch."" (Malcolm Marshall's height was approximately 6 feet 3 inches).

**Step 2: Verification against the Context**

The provided context discusses Malcolm Marshall's cricketing career, including his bowling statistics and reputation. It mentions he was a fast bowler and describes his bowling performance. *However, it does not mention anything about his height.* There is absolutely no information about his height within the given text.

**Step 3: Verdict**

Since the context provides no information about Malcolm Marshall's height, the model answer has fabricated or hallucinated this detail.

no",no
bengali--6627693430671062547-23::specificity,bengali--6627693430671062547-23,specificity,"Konkona Bangla cholocchitro nirmata, script lekhok ebong obhinetri Aparna Sen-er konya. Sen Sharma-r sathe obhineta o soho-shilpi Ranvir Shorey-r dekha hoy. Ei juti 2010 saler 3 September ekta paribarik onusthaner maddhome tader biye somponno kore.[37] 2011 sale Dokkhin Mumbai-r ekta hospital-e tini tar prothom shontaner jonmo den, tar nam rakhen Haroon.[38]",Konkona Sen Sharmar shamir nam ki?,Ronbir Shure,Konkona Sen Sharmar shami hocchen Rahul Bose bole dhora hoy.,"Okay, let's break down this evaluation.

**Step 1: Factual Claims in the Model Answer**

The model answer makes a single, clear factual claim: ""Konkona Sen Sharma's son's name is Rahul Bose.""

**Step 2: Verification Against the Context**

The provided context states that Konkona Sen Sharma's son's name is Haroon. It explicitly mentions ""tar nam rakhen Haroon"" (his name is kept as Haroon). There is absolutely no mention of Rahul Bose anywhere in the text. The context details her marriage to Ranvir Shorey and the birth of her son, Haroon, but doesn't include any information about Rahul Bose.

**Step 3: Verdict**

The model answer states that Konkona Sen Sharma's son's name is Rahul Bose, which directly contradicts the information given in the provided context, which states his name is Haroon. Therefore, the model answer is hallucinated.

no",no
bengali--4320526522663858783-1::specificity,bengali--4320526522663858783-1,specificity,"Motorola company-te kormoroto Dr. Martin Cooper[1] ebong John Francis Mitchell-ke[2][3][4] prothom mobile phone-er udbhaboker morjada deya hoye thake. Tara 1973 saler April-e prothom shofolvabe ekta pray 1 keji (2.2 pound) ojoner hate dhora phone-er maddhome call korte sokkhom hon[5]. Mobile phone-er prothom banijjik shongskoron bajare ase 1983 sale, phone-tir nam chilo Motorola DynaTAC 8000x. 1990 sal theke 2011 saler moddhe prithibibyapi mobile phone byaboharkarir shonkha 12.4 million theke briddhi peye 6 billion-er beshi hoye geche. Prithibir mot jonoshonkhar pray 87% mobile phone",Bishwer prothom mobile network songsthar nam ki?,Motorola,Bishwer prothom mobile network songstha hisebe onekei Bell Labs-er naam ullekh kore.,"Okay, let's analyze the model answer.

**Step 1: Factual Claims in the Model Answer**

The model answer makes the following claim: ""Bishwer prothom mobile network songstha hisebe onekei Bell Labs-er naam ullekh kore."" (Many consider Bell Labs as the first mobile network organization).

**Step 2: Verification against the Context**

The provided context discusses the invention of the mobile phone and its early commercialization by Motorola. It mentions Dr. Martin Cooper and John Francis Mitchell being credited with the invention, and the Motorola DynaTAC 8000x being the first commercially available mobile phone. The context details the growth of mobile phone usage globally from 1990 to 2011. However, it *does not* mention Bell Labs or any discussion about which organization was the first mobile network provider.  There's absolutely no information within the context that supports the claim made in the model answer.

**Step 3: Verdict**

Since the context does not contain any information regarding Bell Labs or their role as the first mobile network organization, the model answer is hallucinating this information.

no",no
bengali--3516219870019020278-0::comprehension,bengali--3516219870019020278-0,comprehension,"The Lunchbox 2013 saler ekta Bharotiyo romantic cholochitro ja porichalona korechen Ritesh Batra ebong proyojonay Guneet Monga, Anurag Kashyap o Arun Rangachari. DAR, UTV, Dharma Productions, Sikhya Entertainment, NFDC sho aro koyekti studio jouthovabe cholochitroti proyojona kore.[1] Ete prodhan choritre obhinoy korechen Irrfan Khan, Nimrat Kaur ebong Nawazuddin Siddiqui. Cholochitroti Cannes Film Festival-er International Critics' Week-e prodorshito hoy ebong porobortite ta Critics' Week Viewers Choice purashkar totha Grand Rail d'Or jite ney.[2] Eti 2013 saler Toronto Film Festival-eo dekhano hoy.[3] Bharote cholochitroti mukti de",The Lunchbox cholochitroter nirmata ke?,Ritesh Batra,Anurag Kashyap nirmata chhilen.,"Okay, let's analyze the model answer.

**Step 1: Factual Claims in the Model Answer**

The model answer states: ""Anurag Kashyap nirmata chhilen."" which translates to ""Anurag Kashyap was the producer.""

**Step 2: Verification against the Context**

The context mentions that Anurag Kashyap was involved in the production of ""The Lunchbox"" (""Lunchbox 2013 saler ekta Bharotiyo romantic cholochitro ja porichalona korechen Ritesh Batra ebong proyojonay Guneet Monga, Anurag Kashyap o Arun Rangachari"").  It explicitly lists him as one of the producers alongside Guneet Monga and Arun Rangachari.

**Step 3: Verdict**

The model answer correctly identifies Anurag Kashyap as a producer based on the provided context. Therefore, there is no hallucination.

no",no
bengali-2295610133647280080-0::specificity,bengali-2295610133647280080-0,specificity,Tripura hocche Bharoter uttar-purbe obosthito ekta rajyo ebong rajyer sorkar prodhan hocchen ekjon mukhyomontri. 1963 sal theke Tripuray mot 9 jon mukhyomontri chilen. Prothom jon hocchen Sachindra Lal Singh ebong tini chilen Bharatiyo Jatiyo Congress Party-r neta. Bortoman mukhyomontri Manik Sarkar 1998 saler March mas theke Tripura rajyer mukhyomontri. Tini Bharoter Marksobadi Communist Party-r ekjon politburo sodossho.[1],Tripurar bortoman mukhyomontri ke?,Manik Sarkar,Tripurar bortoman mukhyomontri holo Sachindra Lal Singh.,"Okay, let's analyze this.

**Step 1: Factual Claims in the Model Answer**

The model answer makes one primary factual claim: ""Tripurar bortoman mukhyomontri holo Sachindra Lal Singh."" (Tripura's current chief minister is Sachindra Lal Singh.)

**Step 2: Verification against the Context**

The provided context states that Sachindra Lal Singh was the *first* Chief Minister of Tripura (""Prothom jon hocchen Sachindra Lal Singh""). It also states that the *current* Chief Minister is Manik Sarkar (""Bortoman mukhyomontri Manik Sarkar"").  Therefore, the model answer's claim that Sachindra Lal Singh is the current Chief Minister is directly contradicted by the given text.

**Step 3: Verdict**

The model answer presents information that is demonstrably false according to the provided context. It hallucinates a fact about the current Chief Minister.

no",no
bengali--1823810411993388609-7::inference,bengali--1823810411993388609-7,inference,Saloksongshleshon er bikriya:- 6CO2 + 12H2O + tap → C6H12O6 + 6H2O + 6O2 Saloksongshleshon prokriya 2ti porjaye somponno hoy- k) alok nirvor porjay kh) ondhokar porjay,Saloksongshles prokriyata prodhanoto kon duto porjaye shompanno hoy?,k) alok nirvor porjay kh) ondhokar porjay,Saloksongshleshon prodhanoto alok o tap porjaye hoy.,"Okay, let's analyze this.

**Step 1: Factual Claims in the Model Answer**

The model answer states: ""Saloksongshleshon prodhanoto alok o tap porjaye hoy."" This translates to ""Photosynthesis primarily happens in light and heat.""

**Step 2: Checking against the Context**

The context provides the equation for photosynthesis: 6CO2 + 12H2O + tap → C6H12O6 + 6O2. It also mentions two possibilities for the process to occur:
*   alok nirvor porjay (light emission occurs)
*   ondhokar porjay (darkness occurs)

The context lists 'alok' (light) and 'ondhokar' (darkness) as conditions under which photosynthesis *can* happen, but it doesn't explicitly state that photosynthesis *primarily* happens in light and heat ('alok o tap'). The term 'tap' refers to energy/power, and while energy is required for photosynthesis, equating it directly with ""heat"" and claiming it's a primary condition alongside light is not directly supported by the provided text. The context does not mention heat.

**Step 3: Verdict**

The model answer makes a generalization (""primarily happens in light and heat"") that isn't directly supported by the given context. While light is mentioned, heat is not, and the context presents light and darkness as possibilities rather than primary drivers. Therefore, there's a degree of hallucination involved.

no",no
bengali-7997141354018565671-1::specificity,bengali-7997141354018565671-1,specificity,Aryabhatter kaj theke tar jonmoshal somporke suspasto totho pawa geleo tar jonmosthan niye subishes kono totho pawa jayni. Aryabhatter onnotomo bhashyakaar Prothom Bhaskorer bhashyo onujayi tar jonmo hoyechilo Ashmaka namer ekta jaygay. Prachin Bouddho ebong Hindu ritite ei jaygatikey Narmada ebong Godabari nodir moddhovorti sthane Dokkhin Gujarat ebong Uttar Maharashtra-r ashepasher ekta jayga hisebe chihnito kora hoy.[3][4],Gonitbid Aryabhatter jonmo kothay hoy?,Ashmoka,Aryabhatter jonmo Narmada-Godabari moddhovorti Dokkhin Gujarat-e hoy.,"Okay, let's break this down.

**Step 1: Factual Claims in the Model Answer**

The model answer states: ""Aryabhatter jonmo Narmada-Godabari moddhoborti Dokkhin Gujarat-e hoy.""  This translates to ""Aryabhatta was born near the confluence of the Narmada and Godavari rivers in Southern Gujarat.""

**Step 2: Checking Against the Context**

The context explicitly states: ""Prachin Bouddho ebong Hindu ritite ei jaygatikey Narmada ebong Godabari nodir moddhovorti sthane Dokkhin Gujarat ebong Uttar Maharashtra-r ashepasher ekta jayga hisebe chihnito kora hoy."" This translates to ""In ancient Buddhist and Hindu traditions, this place is identified as a place near the confluence of the Narmada and Godavari rivers, in the vicinity of Southern Gujarat and Northern Maharashtra.""

The context *does* mention the Narmada and Godavari confluence area being associated with Aryabhatta's birthplace, and it places it within the region of Southern Gujarat. It also mentions Northern Maharashtra, but the model answer only specifies Southern Gujarat. The context does not definitively state that Aryabhatta *was* born there, only that tradition identifies it as such. However, given the question asks about his birthplace and the context provides the most specific location mentioned, the answer is reasonably derived from the provided text.

**Step 3: Verdict**

The model answer is not hallucinated. It accurately reflects information present in the context, although it simplifies the location slightly by omitting the reference to Northern Maharashtra.

no",no
bengali-4467222109752420633-0::comprehension,bengali-4467222109752420633-0,comprehension,"Humayun Ahmed (13 November, 1948 – 19 July, 2012) chilen ekjon Bangladeshi uponnashik, chotogolpokar, natyokar ebong gitikar, chitronattyokar o cholocchitro nirmata. Tini bingsho shotabdir jonopriyo Bangali kothasahityikder moddhe onnotomo. Take Bangladesher shadhinota poroborti onnotomo shreshtho lekhok bole gonno kora hoy. Bangla kothasahitye tini songlapprodhan notun shoilir jonok. Onno dike tini adhunik Bangla baigganik kolpokahinir pothikrit. Natok o cholocchitro porichalok hisebeo tini somadrito. Tar prokashito granther shonkha tin shotadhik. Tar bes",Jonopriyo kothashilpi Humayun Ahmed kobe jonmogrohon koren?,"13 November, 1948","Humayun Ahmed 19 July, 1948 te jonmogrohon koren.","Okay, let's analyze this.

**Step 1: Factual Claims in the Model Answer**

The model answer makes one factual claim: ""Humayun Ahmed 19 July, 1948 te jonmogrohon koren."" (Humayun Ahmed was born on July 19, 1948).

**Step 2: Verification Against the Context**

The context states: ""Humayun Ahmed (13 November, 1948 – 19 July, 2012)"". This clearly indicates that Humayun Ahmed was *born* on November 13, 1948, and *died* on July 19, 2012. The model answer incorrectly states his birthdate as July 19, 1948.

**Step 3: Verdict**

The model answer contains a factual error regarding Humayun Ahmed's birth date. It contradicts the information provided in the context. Therefore, it is hallucinated.

no",no
bengali--568579312170743583-11::factualness,bengali--568579312170743583-11,factualness,"Bangla Academy Puraskar (1968), Daud Puraskar (1969 shadhinota andoloner prakkale protyakhyan), Shere Bangla Puraskar [6] Sufi Motahar Hossain Swarnapadak (1976), Bangladesh sarkar kortik prodotto Ekushey Padak (1982), Nasir Uddin Swarnapadak (1985), Madhusudan Puraskar (1985), Shadhinota Puraskar (1987) [6][7] Jatiyo oddhyapok rupe niyukti (1989). Kishorkontho Sahitya Puraskar (moronottor)-2003",Soyed Ali Ahsan koto sale Bangla Academy puraskar pan?,1968,Soyed Ali Ahsan Bangla Academy Puraskar pan 1967 shale.,"Okay, let's analyze the model answer.

**Step 1: Factual Claims**

The model answer makes the following claim: ""Soyed Ali Ahsan Bangla Academy Puraskar pan 1967 shale."" (Seyed Ali Ahsan received the Bangla Academy Puraskar in 1967.)

**Step 2: Verification against Context**

The provided context states: ""Bangla Academy Puraskar (1968)..."" This explicitly states that the Bangla Academy Puraskar was awarded in 1968, not 1967. There is no mention of Soyed Ali Ahsan receiving the award. The context only mentions the award itself and the year it was first given.

**Step 3: Verdict**

Since the context clearly indicates the award was given in 1968, and the model answer claims it was given in 1967, this is a fabrication. The model answer hallucinates a detail not present in the source material.

no",no
bengali-2238431535879436047-0::factualness,bengali-2238431535879436047-0,factualness,"Greek ondhokar jug, Homeric jug (mohakobi Homer-er name namkoron kora hoyeche) ba Geometric jug (eshomoyer geometric shilpokolar boishishto onujayi namkoron kora hoyeche)[1] nameo porichito, Greece-er itihasher ekta jug, ja Mycenaean shobhyotar shesh dike Khristopurbo 1100 obdo theke shuru kore Khristopurbo 9m shotabdie prachin Greece-er prothom nidorshon porjonto sthayi chilo.",Griser Misinian shobhyotar thik porer shobhyotar nam ki?,Greek ondhokar jug,Misinian shobhyotar thik porer shobhyota chhilo Archaic Greek jug.,"Okay, let's analyze this.

**Step 1: Factual Claims in the Model Answer**

The model answer states: ""Misinian shobhyotar thik porer shobhyota chhilo Archaic Greek jug."" This translates to ""The civilization immediately following the Misian civilization was the Archaic Greek civilization.""

**Step 2: Verification against the Context**

The provided context discusses various types of jugs (Greek, Homeric, Geometric) and mentions Mycenaean civilization lasting from roughly 1100 BC to the 9th century BC, which represents a period of ancient Greek history. However, it *does not* explicitly mention the Misian civilization or the Archaic Greek civilization. It does not provide any information about the sequence of civilizations following the Misian period.  The context focuses on the time frame and types of jugs, not a chronological list of civilizations.

**Step 3: Verdict**

Since the context doesn't mention either the Misian or Archaic Greek civilizations, nor does it describe a sequence of civilizations, the model answer introduces information not found within the given text. Therefore, it is a hallucination.

no",no
bengali-3035778443777321171-2::specificity,bengali-3035778443777321171-2,specificity,"Al Mansur 95 Hijri sone (714 Khrishtabdo) Abbasiyo poribare jonmogrohon koren. Tar pita Muhammad chilen Nabi Muhammad (sa:) er chacha Abbas ibne Abdul Muttaliber pro-poutra; 14sh shotabdie Murish itihashbid Ali ibn Abdullah rochito Raud al Kirtas grontho onujayi tar ma ekjon Barbar bongshiyo nari chilen.[4] Tini 136 Hijrir Zilhajj theke 158 Hijrir Zilhajj (754 Khrishtabdo – 775 Khrishtabdo) porjonto shashon koren. 762 Khrishtabde tini tar notun rajkiyo abasosthol o prasad hisebe Madinatus Salam (Shantir Shohor) protistha koren, ja porobortite rajkiyo rajdhani Bagdader mulkendro te por",Ditiyo Abbasiyo khalifa Abu Jafar Abdallah ibne Muhammad Al Monsurer jonmo kobe hoy?,95 Hijri sone,"96 Hijri sone, mane prai 715 Khrishtabde.","Okay, let's analyze this.

**Step 1: Factual Claims in the Model Answer:**

The model answer makes two factual claims:
1.  Abu Jafar Abdallah ibne Muhammad Al Monsurer was born in 96 Hijri, which corresponds to approximately 715 Khrishtabdo.

**Step 2: Verification Against Context:**

*   **Claim 1:** The context states that Al Mansur was born in 95 Hijri (714 Khrishtabdo). The model answer says he was born in 96 Hijri, which is off by one year. While close, it's still a discrepancy. The context does not support the claim of 96 Hijri.

**Step 3: Final Verdict:**

Since the model answer provides an incorrect birth year for Al Mansur compared to the provided context, it contains a hallucination.

no",no
bengali-8928116523894333105-0::comprehension,bengali-8928116523894333105-0,comprehension,Gitanjali holo Rabindranath Thakur-er lekha ekta kabyagrantha. Ei boi-e mot 157ti gitikobita songkolito hoise. Kobitaguli Brahma-bhabapanno bhaktimulok rochona. Er beshirvag kobitatei Rabindranath nije surarop korechilen. 1908-09 sale bibhinno potropotrikae ei kobitaguli prokashito hoy. Erpor 1910 sale Gitanjali kabyagranthoti prokashito hoy.,'Gitanjali' kabyagranthotite mot koto gulo kobita ache?,157ti,'Gitanjali' te mone hoy 1910 ta kobita ache.,"Okay, let's analyze the model answer.

**Step 1: Identify factual claims in the Model Answer.**

The model answer states: ""‘Gitanjali’ te mone hoy 1910 ta kobita ache."" which translates to ""I think there are 1910 poems in ‘Gitanjali’.” This is a single, specific factual claim about the number of poems in *Gitanjali*.

**Step 2: Check for support in the Context.**

The context states: ""Ei boi-e mot 157ti gitikobita songkolito hoise,"" which translates to ""This book contains approximately 157 songs/poems."" The context does *not* mention 1910 poems. It explicitly states 157.  The phrase ""mone hoy"" (""I think"") doesn't excuse a factual error; it indicates a guess, not a supported statement.

**Step 3: Verdict**

The model answer provides a number (1910) that directly contradicts the information provided in the context (157). Therefore, the answer is hallucinated.

no",no
bengali-8786104743319273548-10::factualness,bengali-8786104743319273548-10,factualness,"Adhunik pashchatto naribadi andoloner itihash tinti ""torongo""-e bivokto.[23][24] Nirdishto kichu naribadi lokkher ek ekti angik niye ek ekti dheu kaj koreche. Prothom dheu-er shomoye, orthat unobingsho shotok o bingsho shotoker prothom bhage narir votadhikar orjoner upor jor deya hoy. Ditiyo dheu bolte 1960 er doshoke narimukti andoloner maddhome shuru howa motadarsho o kormosuchisomuhke bojhay. Ei shomoye narir samajik o aingoto samyo protisthar khetre jor deya hoy. Tritiyo torongo holo ditiyo toronger protikriyasworup 1990 er doshok theke shuru howa ekta",Naribadi andolon sorboprothom kothay shuru hoy?,1960 er doshoke,Naribadi andolon sorboprothom 1950 er doshoke shuru hoy.,"Okay, let's analyze the model answer.

**Step 1: Factual Claims in the Model Answer**

The model answer states: ""Naribadi andolon sorboprothom 1950 er doshoke shuru hoy."" (The feminist movement first started in the 1950s.)

**Step 2: Verification Against the Context**

The provided context mentions:
*   ""unobingsho shotok o bingsho shotoker prothom bhage"" which translates to ""the first part of the twentieth and thirty-fifth centuries"" (meaning the 1920s and 1930s). It specifically mentions women's voting rights during this time.
*   ""1960 er doshoke"" which means ""the 1960s"". This refers to a period when the feminist movement focused on social and legal status.
*   ""1990 er doshok"" which means ""the 1990s"". This is presented as a reaction to the second phase.

The context does *not* explicitly state that the feminist movement began in the 1950s. While the 1920s/30s are mentioned, and the 1960s are discussed as a later phase, the 1950s are not directly referenced as the starting point. The model answer extrapolates or introduces information not present in the text.

**Step 3: Verdict**

The model answer makes a claim about the start of the feminist movement in the 1950s, which isn't directly supported by the provided context. It appears to be a hallucination.

no",no
bengali-2573614511216597131-1::factualness,bengali-2573614511216597131-1,factualness,Pir Gorachander asal nam holo Pir Hojrot Shah Saiyad Abbas Ali Raji. Tar pitar nam Hojrot Karim Ullah ebong matar nam Maymuna Siddika. Anumanik 1265 Khristabde Arber Mokka nogore Zamzam mohollay bikhyato Korayesh bongse tini jonmogrohon koren. Pir Hojrot Shahjalal Eamnir kache torika Sufimate dikshagrohon er por gurur nirdeshe Bharatborshe dhormoprochare asen. [1][2][4],Pir Gorachander babar nam ki chilo?,Hojrot Karim Ullah,Pir Gorachander babar nam chhilo Hojrot Abdul Karim Ullah.,"Okay, let's analyze this.

**Step 1: Identify each factual claim made by the Model Answer.**

The model answer states: ""Pir Gorachander babar nam chhilo Hojrot Abdul Karim Ullah."" This translates to ""Pir Gorachander's father's name was Hojrot Abdul Karim Ullah.""

**Step 2: For each claim, check whether it is supported by the Context.**

The context states: ""Tar pitar nam Hojrot Karim Ullah ebong matar nam Maymuna Siddika."" This translates to ""His father's name was Hojrot Karim Ullah and his mother's name was Maymuna Siddika.""

The model answer says the father's name was ""Hojrot *Abdul* Karim Ullah,"" while the context says it was ""Hojrot *Karim* Ullah."" The difference is the inclusion of ""Abdul."" This is a deviation from the provided text.

**Step 3: Based on steps 1-2, decide the final verdict.**

Since the model answer introduces information (""Abdul"") not present in the source context, it is hallucinated.

no",no
bengali-8822896384804365229-0::inference,bengali-8822896384804365229-0,inference,"Miley Ray Cyrus (jonmo Destiny Hope Cyrus, November 23, 1992) ekjon Markin konthoshilpi, gitikar ebong obhinetri. Country gayok Billy Ray Cyrus tar baba. Tini shoishobe television dharabahik Doc ebong Big Fish cholocchitre goun bhumikay obhinoy korechen. 2006 sale, Cyrus Disney Channel television dharabahik Hannah Montana-y obhinoy shuru korar por tarunnyer protima hisebe besh probhabshali hoye othen, jekhane tini prodhan choritro Miley Stewart hisebe uposthit hon. 2007 sale Hollywood Records-er sathe recording chukti shakkhorer por, Cyrus tar atmaprokash studio album Meet Miley Cyrus mukti den. Char million-er odhik chalaner ebong hit ekok ""See You Again"" utpadoner jonno, eti",Miley Ray Cyrus-er prothom ganer album-er naam ki?,Meet Miley Cyrus,Tar prothom album chhilo **Hannah Montana Forever**.,"Okay, let's analyze the model answer.

**Step 1: Factual Claims**

The model answer makes one primary factual claim: ""Tar prothom album chhilo **Hannah Montana Forever**."" (Her first album was Hannah Montana Forever).

**Step 2: Verification against Context**

The context states that Miley Cyrus released her self-published studio album *Meet Miley Cyrus* after signing a recording contract with Hollywood Records in 2007. It mentions the album sold over four million copies and had the hit song ""See You Again"".  It does *not* mention ""Hannah Montana Forever"" as her first album. The Hannah Montana series is mentioned, but not as an album title.

**Step 3: Verdict**

The model answer incorrectly identifies ""Hannah Montana Forever"" as Miley Ray Cyrus's first album. The context explicitly states she released ""Meet Miley Cyrus"" first. Therefore, the answer is a hallucination.

no",no
bengali-1239158793173466909-0::comprehension,bengali-1239158793173466909-0,comprehension,"Umaiya Khilafat (Arabic: al-khilafah al-umawiyya, trans. Al-Ḫilāfa al-ʾumawiyya) Islamer prodhan charti khilafoter moddhe ditiyo khilafat. Eti Umaiya rajbongshoke kendro kore gore uthe. Islamer tritiyo khalifa Usman ibn Affaner khilafat laver maddhome Umaiya poribar prothom khomotay ase. Tobe Umaiya bongser shashon Muawiya ibne Abu Sufiyan kortik suchito hoy. Tini dirghodin Siriyar governor chilen. Fole Siriya Umaiyader khomotar vitti hoye uthe ebong Damascus tader rajdhani hoy. Umaiyara Muslimder bijoy ovijan obbyahoto rakhe. Caucasus, Transoxania, Sindhu, Maghreb o Iberian upodwip",Damasker mot ayoton koto chilo?,5.79 million borgo mile,Damasker mot ayoton chilo prai 7.2 million borgo mile.,"Okay, let's analyze the model answer.

**Step 1: Identify factual claims**

The model answer makes one factual claim: ""Damasker mot ayoton chilo prai 7.2 million borgo mile."" (Damascus's population was approximately 7.2 million people.)

**Step 2: Check for support in the context**

The provided context discusses the Umaiya dynasty, its rise to power, and its governance. It mentions that Damascus became their capital. However, *it does not provide any information about the population of Damascus at any point in time*. The text focuses on historical events, political structures, and territorial expansion, not demographic data.

**Step 3: Verdict**

Since the context makes absolutely no mention of the population of Damascus, the model answer's claim regarding a population of 7.2 million is unsupported and therefore a hallucination. The model has generated information not present in the provided text.

no",no
bengali--8086647507406881166-0::comprehension,bengali--8086647507406881166-0,comprehension,"Moumachi ba modhumokkika ba modhukor (English: Bee) bolta ebong piprar sathe ghonishto shomporkojukto modhu shongrohokari potongobishes. Modhu o mom utpadon ebong phuler poragayon er jonno prosiddho.[1] Prithibite 9ti shwikrto gotrer odhine pray bish hajar moumachi projati ache,[2] jodio er beshirvagheri kono bornona nei ebong er prokrito shonkha aro beshi hote pare. Antarctica byotit prithibir shokol mohadeshe jekhanei potongo-poragayito sopushpok udbhid ache, sekhanei moumachi ache. Bangladesh e sochorachor je moumachi dekha jay tar baigganik nam Apis cerana (Epis serana) ei onchole",Moumashir baigganik nam ki?,Apis cerana,Moumashir baigganik nam holo **Apis mellifera indica**.,"Okay, let's analyze the model answer.

**Step 1: Factual Claims in the Model Answer**

The model answer states: ""Moumashir baigganik nam holo **Apis mellifera indica**."" This translates to ""The scientific name of the bee is **Apis mellifera indica**.""

**Step 2: Verification against the Context**

The context provides the following information: ""Bangladesh e sochorachor je moumachi dekha jay tar baigganik nam Apis cerana (Epis serana) ei onchole"". This translates to ""The scientific name of the bee seen frequently in Bangladesh is Apis cerana (Epis cerana) in this context.""

The model answer gives ""Apis mellifera indica"" as the scientific name, while the context provides ""Apis cerana"" (with a slight typo 'Epis'). These are different species.  The context does *not* mention ""Apis mellifera indica.""

**Step 3: Verdict**

Since the model answer provides a scientific name (""Apis mellifera indica"") that is not found within the provided context (""Apis cerana""), it is hallucinated.

no",no
bengali--3907492526608506419-2::specificity,bengali--3907492526608506419-2,specificity,"2018 sale Real Madrid Forbes dara prokashito Forbes shobcheye mulyoban football club-er talikay sthan pay, jekhane prokash kora hoy je ei clubtir mot mullo anumannik €3.47 billion ($4.1 billion). 2016–17 mousume clubti Deloitte dara prokashito shobcheye mulyoban football club-er talikay 2y sthan odhikar kore, jekhane clubtir barshik ay chilo anumannik €674.6 million.[11][12][13] Clubti bishwer shobcheye beshi somorthito dalguler moddhe ekta.[14] Real Madrid La Liga-r 3 protishthata sadossher moddhe ekta jara 1929 sal hote shuru howa La Liga-r itihashe kokhono-i shirsho bibhag hote obonomito hoyni",2018 sale Real Madrid football club-er barshik ay koto chilo?,Anumanik €674.6 million,2018 sale Real Madrid-er barshik ay chhilo praye €720 million er moto.,"Okay, let's analyze this.

**Step 1: Factual Claims in the Model Answer**

The model answer makes the following factual claim: ""2018 sale Real Madrid-er barshik ay chhilo praye €720 million er moto."" (2018 sale Real Madrid's annual revenue was approximately €720 million).

**Step 2: Verification Against the Context**

The context states that in 2016-17, Real Madrid's annual revenue was approximately €674.6 million. It *does not* provide any information about their revenue in 2018. The question refers to ""2018 sale"" which is ambiguous and doesn't directly correlate with annual revenue.  The model answer provides a number (€720 million) that isn't present in the provided text. It appears to be an extrapolation or guess rather than a direct extraction from the given information.

**Step 3: Verdict**

Since the model answer presents a figure for 2018 revenue that is not mentioned in the provided context, it is hallucinated.

no",no
bengali--2828441118948687849-0::factualness,bengali--2828441118948687849-0,factualness,"Abdul Aziz ibne Abdur Rahman ibne Foysal ibne Turki ibne Abdullah ibne Muhammad Al Saud (Arabic: Abd al-Aziz ibn Abd ar-Rahman Al Saud, 15 January 1876[1] – 9 November 1953) Arab biswe sadharonvabe Abdul Aziz[2] ba Ibne Saud[3] bole porichito. Tini adhunik Saudi Araber protishthata o Saudi Araber prothom badshah.[4]",Abdullah bin Al-Husain koto sale jonmogrohon korechilen?,15 January 1876,Abdullah bin Al-Husain 14 January 1877-e jonmogrohon korechilen.,"Okay, let's analyze the model answer.

**Step 1: Identify factual claims.**

The model answer makes one factual claim: ""Abdullah bin Al-Husain 14 January 1877-e jonmogrohon korechilen."" (Abdullah bin Al-Husain was born on January 14, 1877).

**Step 2: Check for support in the Context.**

The provided context discusses Abdul Aziz ibne Abdur Rahman ibne Foysal ibne Turki ibne Abdullah ibne Muhammad Al Saud (often called Abdul Aziz or Ibn Saud) and his role in establishing modern Saudi Arabia. It mentions his birthdate as January 15, 1876, and death date as November 9, 1953.  Critically, *there is absolutely no mention of Abdullah bin Al-Husain or his birthdate* within the given text.

**Step 3: Verdict**

Since the context provides no information about Abdullah bin Al-Husain, the model answer's claim regarding his birthdate is not supported by the provided context. Therefore, it is a hallucination.

no",no
bengali-3835181479414901802-18::inference,bengali-3835181479414901802-18,inference,"Rabindranath Thakur Subhashchandrake 'Deshnayak'[7] akhya diye Taser Desh nrityonattyoti take utsorgo koren. Utsorgopotrey lekhen: ""Swadesher chitte nuton pran sonchar korbar punnyobroto tumi grohon korecho, sei kotha smoron ko're tomar name 'Taser Desh' natika utsorgo korlum.""[8] Azad Hind Foujer ovijan byorthotay porjoboshito holeo, Subhashchandrer shourjo o aposhihin ronniti take Bharatbyapi jonopriyata dan kore. Netajir jonmodin bortomane Poshchimbange, Tripuray, Asome o Odisay rashtriyo chhutir din hisebe palito hoy. Swadhinotar por Kolkatar ekadhik rasta tar name namank",Subhashchandra Bosu ke Deshnayok akhya diyechhilen?,Rabindranath Thakur,Deshnayok upadhi ta mone hoy Azad Hind Foujer netritto-r jonno Mahatma Gandhi diyechhilen.,"Okay, let's analyze the model answer.

**Step 1: Factual Claims in the Model Answer**

The model answer makes the following claim: ""Deshnayok upadhi ta mone hoy Azad Hind Foujer netritto-r jonno Mahatma Gandhi diyechhilen.""  This translates to: ""It seems that the title 'Deshnayak' was given to the leader of Azad Hind Fauj by Mahatma Gandhi.""

**Step 2: Verification Against the Context**

The provided context states that Rabindranath Thakur (Tagore) gave the title ""Deshnayak"" to Subhashchandra Bose. It explicitly mentions Tagore's words related to this title and its connection to Bose. The context *does not* mention Mahatma Gandhi giving the title to anyone. There is no information about Gandhi's involvement whatsoever.

**Step 3: Verdict**

The model answer directly contradicts the information presented in the context. It attributes the title ""Deshnayak"" to Mahatma Gandhi, while the context clearly states it was bestowed upon Subhashchandra Bose by Rabindranath Tagore. This constitutes a hallucination.

no",no
bengali-4642028559631724689-1::factualness,bengali-4642028559631724689-1,factualness,Hachon Rajar jonmo 1854 saler 21 December (7 Poush 1261) sekaler Sylhet jeler Sunamganj shohorer nikotoborti Surma nodir tire Lokkhonchhiri (Lokkhonshri) porgonar Teghoria grame. Hachon Raja jomidar poribarer shontan. Tar pita Dewan Ali Raja Chowdhury chilen protapshali jomidar. Hasan Raja tar tritiyo putro. Ali Raja tar khalato bhai Amir Bokhsh Chowdhurir nihshontan bidhoba Hurmot Jahan Bibike porinoto boyoshe biye koren. Hurmot Bibir gorbhei Hachon Rajar jonmo.[4] Hachoner pita Dewan Ali Raja tar opurbo shundor boimatreyo bhai Dewan Obedur Rajar poramorsho moto,Dewan Hasn Raja Chowdhury kobe jonmogrohon koren?,1854 saler 21 December,Dewan Hasn Raja Chowdhury 1853 saler 22 December jonmogrohon koren.,"Okay, let's analyze the model answer step by step.

**Step 1: Identify each factual claim made by the Model Answer.**

The model answer makes two factual claims:
1. Dewan Hasn Raja Chowdhury was born in 1853.
2. Dewan Hasn Raja Chowdhury was born on December 22nd.

**Step 2: For each claim, check whether it is supported by the Context.**

*   **Claim 1: Dewan Hasn Raja Chowdhury was born in 1853.** The context states that Hachon Raja's birth year was 1854 (""Hachon Rajar jonmo 1854 saler 21 December""). The model answer incorrectly states 1853.
*   **Claim 2: Dewan Hasn Raja Chowdhury was born on December 22nd.** The context states that Hachon Raja's birth date was December 21st (""21 December""). The model answer incorrectly states December 22nd.

**Step 3: Based on steps 1-2, decide the final verdict.**

Both factual claims made by the model answer contradict information provided in the context. Therefore, the answer is hallucinated.

no",no
bengali--1850954320629290188-3::specificity,bengali--1850954320629290188-3,specificity,1890-er doshoke West Indies cricket daler protistha hoyechilo bole dharona kora hoy. Tokhon tara soforkari England cricket daler bipokkhe prothom mathe khelte name. 1926 sale cricketer antorjatik niyontrak songstha Imperial Cricket Conference-e West Indies Cricket Board ba WICB jogdan kore.[4] Erpori tara anusthanikvabe prothom antorjatik khelay ongshogrohon kore. 1928 sale West Indies cricket dal 4rth testkhelure daler morjada lav kore.[5],West Indies er jatio cricket dol kobe protishthito hoy?,1890-er doshoke,West Indies er jatio cricket dol mone hoy 1926 sale protishthito hoy.,"Okay, let's analyze the model answer.

**Step 1: Factual Claims in the Model Answer**

The model answer states: ""West Indies er jatio cricket dol mone hoy 1926 sale protishthito hoy."" which translates to ""It seems that the West Indies national cricket team was established in 1926.""

**Step 2: Verification Against the Context**

The context mentions that West Indies cricket gained prominence in the 1890s (""1890-er doshoke West Indies cricket daler protistha hoyechilo bole dharona kora hoy""). It also states that they joined the Imperial Cricket Conference (which later became the WICB) in 1926. While 1926 marks a significant milestone (joining the ICC), it doesn't state that this *established* the team. The text implies the team already existed and gained prominence earlier.

**Step 3: Verdict**

The model answer incorrectly claims the team was established in 1926. The context indicates a much earlier period of establishment (1890s) and 1926 represents joining a governing body. Therefore, the answer is hallucinated.

no",no
bengali--4899381839662825690-20::inference,bengali--4899381839662825690-20,inference,"1917 sale Bharoter jatiyo Congress somorthito prothom nari protinidhidol narir rajnaitik odhikar nischit korar dabi niye rastrosachiber shonge sakkhat koren. 1927 sale Punete Nikhil Bharat nari shikkha bishoyok alochonachokro (All India Womens Education Conference) onusthito hoy, ebong eti samajik unnoyonmulok andoloner ekta prodhan songothon hoye othe. 1929 sale balyobibaho niborton ain pass hoy, jekhane ekta meyer biye korar nyunotomo boyosh 14 bochor bole sthir kora hoy. Jodio Mahatma Gandhi nije tero bochor boyoshe bibaho koren, pore tini balyobibaho borjon korar jonno ebong bal-bidhobader biye korar",Bharotiyo ain onujayi koto bochor boyose ekjon meye biye korar joggota orjon kore?,14,15 bochor boyose ekjon meye biye korar joggota orjon kore.,"Okay, let's analyze the model answer step by step.

**Step 1: Identify factual claims.**

The model answer states: ""15 bochor boyose ekjon meye biye korar joggota orjon kore."" (A girl attains the age to get married at 15 years old according to Indian law).

**Step 2: Check against the context.**

The provided context mentions that in 1929, the ""balyobibaho niborton ain"" (Child Marriage Restraint Act) was passed, setting the minimum age for a girl's marriage at 14 years. It also notes that Mahatma Gandhi got married at age 13 and later became an advocate against child marriage and remarriage of widows. The context *explicitly* states 14 as the minimum age, not 15.

**Step 3: Verdict**

The model answer contradicts the information provided in the context. The context clearly states 14, while the model answer claims 15. This constitutes a hallucination.

no",no
bengali-3112822108051662072-7::factualness,bengali-3112822108051662072-7,factualness,Babar porichalito chobite obhinoyer maddhomei cholocchitrer jogote obhishek hoy Downey Jr.-er. Matro pach bochorer chotto Downy-ke prothom boro porday dekha jay baba Robert Downey Sr.-er Pound cholocchitre.[37][38] E cholocchitre take ekta osustho kukurchhanar bhumikay obhinoy korte dekha jay.[39][40][41] Sat bochor boyose Downy Greaser's Palace (1972) cholocchitre obhinoy koren.[29] Porobortite babar porichalito cholocchitrogulote chotokhato bhumikay obhinoy korechen tini.[42] Dosh bochor boyose tini London-er Chelsea elakay boshobash korten.[43] Sekhane tini Perry House School-e porashona koren eb,Robert John Downey Junior-er obhinito prothom cholocchitrer nirmata ke chilen?,Robert Downey Senior,Martin Scorsese chhilen tar prothom cholocchitrer nirmata.,"Okay, let's analyze the model answer.

**Step 1: Factual Claims in the Model Answer**

The model answer states: ""Martin Scorsese chhilen tar prothom cholocchitrer nirmata."" which translates to ""Martin Scorsese was the director of his first film."" This is a single, direct claim about who directed Robert Downey Jr.'s first film.

**Step 2: Verification Against the Context**

The provided context discusses Robert Downey Jr.'s early acting career and mentions several films he appeared in. It states that his father, Robert Downey Sr., directed *Pound*, in which Downey Jr. had a role at age five. It does *not* mention Martin Scorsese anywhere in relation to Downey Jr.'s early films.  The context explicitly names Robert Downey Sr. as the director of the film where Downey Jr. first appeared on screen.

**Step 3: Verdict**

The model answer claims Martin Scorsese directed Robert Downey Jr.'s first film, but the provided context indicates that Robert Downey Sr. directed it. Therefore, the model answer is making a statement not supported by the given text and is hallucinated.

no",no
bengali--8204875660906624650-32::factualness,bengali--8204875660906624650-32,factualness,"26 Jun 2009 sale Real Madrid nishchit kore je Ronaldo pohela July 2009 sal theke tader dole jog dibe. Tar transfer fee chilo £80 million (€94 million) ja take bishwer shobcheye dami kheloyar kore tole.[61] Real Madrid-er sathe tar chuktir meyad chilo 6 bochor.[62] Chukti onujayi tini proti bochor €11 million beton peten.[63] Tar buyout clause-er mullo €1 billion.[64] 6 July Ronaldo-ke Real Madrid-er kheloyar hisebe bishwo media-r samne hajir kora hoy,[65] jekhane take 9 no. jersey deya hoy.[66] Take Real Madrid-er jersey prodan koren Alfredo di Stefano.[67] Ronaldo-ke Real Madrid-e shagot jananor jonno 80,000 theke 85,000 dorshok Santiago Bern",Cristiano Ronaldo mot koto bochor Real Madrid club er hoye khelechen?,6,7 bochorer jonno Real Madrid-er hoye khelechhilen Cristiano Ronaldo.,"Okay, let's analyze the model answer.

**Step 1: Factual Claims in the Model Answer**

The model answer states: ""Cristiano Ronaldo 7 bochorer jonno Real Madrid-er hoye khelechhilen"" which translates to ""Cristiano Ronaldo played for Real Madrid for 7 years.""

**Step 2: Verification Against the Context**

The context states: ""Real Madrid-er sathe tar chuktir meyad chilo 6 bochor."" This translates to ""His contract with Real Madrid was for 6 years.""  It also mentions he joined in 2009 and the text doesn't indicate he stayed longer than the agreed upon 6 years.

**Step 3: Verdict**

The model answer claims Cristiano Ronaldo played for Real Madrid for 7 years, but the provided context explicitly states his contract was for 6 years. Therefore, the model answer is a hallucination.

no",no
bengali-439518577347767979-1::factualness,bengali-439518577347767979-1,factualness,Totkalin Soviet Union-er Leningrad-e Anatoli Afanasievich Medvedev o Julia Veniaminovna Medvedeva dompotir shontanrupe jonmogrohon koren. Baba Afanasievich Leningrad State Institute of Technology-te rosayon prokoushol bishoye odhyapona korten.[3][4] Ma Julia Voronezh Bishwabidyaloye porashona sheshe Herzen State Pedagogical University-te Russian bhasha shikkha den.[5] Leningrad-er Kupchino jelay 6 Bela Kun Street-er 40 borgomitar-er apartment-e Medvedev-er poribar boshobash korten.[6][7] Poribarer ekmatro shontan chilen tini. Eksomoy e poribar-ke onnotomo buddhijibi poribarrupe gonona kora hoto.[7],Dimitri Anatolievich Medvedev-er babar nam ki?,Afanasiyevich Leningrad,Dimitri Anatolievich Medvedev-er babar nam chhilo **Anatoli Sergeyevich Medvedev**.,"Okay, let's break down this evaluation.

**Step 1: Factual Claims in the Model Answer**

The model answer makes one primary factual claim: ""Dimitri Anatolievich Medvedev-er babar nam chhilo **Anatoli Sergeyevich Medvedev**.""  This translates to ""Dimitri Anatolievich Medvedev's father's name was Anatoli Sergeyevich Medvedev."" It asserts both the first and middle name of Medvedev's father.

**Step 2: Verification Against the Context**

The context states that Dimitri Anatolievich Medvedev's father's name was Anatoli Afanasievich Medvedev. The context explicitly provides ""Anatoli Afanasievich Medvedev"" as the father's name. The model answer gives ""Anatoli Sergeyevich Medvedev,"" which differs in the middle name (""Sergeyevich"" vs. ""Afanasievich"").

**Step 3: Verdict**

Since the provided context clearly states the father's name as ""Anatoli Afanasievich Medvedev,"" and the model answer provides a different middle name (""Sergeyevich""), the model answer contains a hallucination. It fabricates information not present in the given text.

no",no
bengali-1028909508937040669-0::inference,bengali-1028909508937040669-0,inference,"Imam Bukhari (jonmo: 194 Hijri-mrittu: 256 Hijri), Arab riti onujayi bongshodharasoh puro nam holo Muhammad bin Ismail bin Ibrahim bin Mughirah bin Bardizbah (Arbi/Farsi vashay: Muhammad bin Ismail bin Ibrahim bin Mughirah bin Bardizbah Bukhari), ekjon bikhyato hadisbett a chilen. Tini ""Bukhari Sharif"" name ekta hadiser songkolon rochona koren, ja musolmander nikot hadiser sobcheye uttom grontho bibechito hoy. [5] Tar nam Muhammad. Upanam holo Abu Abdullah. Amirul Muminin fil Hadis tar upadhi. Bukhara tar jonmosthan bole take Bukhari bola hoy.[6]",Muhammad bin Ismail bin Ibrahim bin Mugirah bin Bardiyabah kobe jonmogrohon koren?,194 hi:,Tini prochur shombhoboto 256 Hijri te jonmogrohon koren.,"Okay, let's analyze the model answer.

**Step 1: Factual Claims in the Model Answer**

The model answer states: ""Tini prochur shombhoboto 256 Hijri te jonmogrohon koren."" which translates to ""He probably died in 256 Hijri.""

**Step 2: Verification Against the Context**

The context explicitly states: ""Imam Bukhari (jonmo: 194 Hijri-mrittu: 256 Hijri)"". This means Imam Bukhari's death (mrittu) was in 256 Hijri. The model answer says he *died* (jonmogrohon koren - which means passed away/died) in 256 Hijri. The use of ""prochur shombhoboto"" (probably) doesn't change the fact that the core information aligns with the provided text.

**Step 3: Verdict**

The model answer accurately reflects the information given in the context regarding the year of Imam Bukhari's death. Therefore, it is not hallucinated.

no",no
bengali-4876582901305573055-1::specificity,bengali-4876582901305573055-1,specificity,"Radhagobinda 1878 saler July 16 tarikh e bortoman Bangladesher Jashore Sadar upojelar Bokchor (Bagchor nameo porichito) grame jonmogrohon koren. Tar baba Gorachand sthaniyo ekjon daktarer sohokari chilen, ar ma Padmamukh chilen ekjon grihini. Bokchor pathshalay odhyayon sheshe Radhagobinda Jashore Zila School e porashona koren. Kintu lekhaporar proti tar temon agroho chilo na. Borong rater akasher proti akorshon chilo beshi. Porashonay omonojoger karone tin tin bar probeshika porikkhay ongshogrohon koreo uttirno hote parenni. 1899 sale tar boyosh jokhon matro 21 bochor tokhon tar sathe Mur",Jyotirbiggani Radhagobinda Chondrer babar nam ki?,Gorachand,Radhagobinda Chondrer babar nam shombhoboto Gopalchand chhilo.,"Okay, let's analyze the model answer.

**Step 1: Factual Claims in the Model Answer**

The model answer states: ""Radhagobinda Chondrer babar nam shombhoboto Gopalchand chhilo."" which translates to ""Radhagobinda's father's name was probably Gopalchand.""

**Step 2: Verification against the Context**

The context states: ""Tar baba Gorachand sthaniyo ekjon daktarer sohokari chilen..."" This translates to ""His father, Gorachand, was an assistant to a local doctor..."" The model answer claims the father's name was *Gopalchand*, while the context explicitly states his name was *Gorachand*.  The use of ""shombhoboto"" (probably) doesn't negate the contradiction; it simply weakens the assertion, but the core information is incorrect.

**Step 3: Verdict**

The model answer provides a name for Radhagobinda's father that is *not* present in the provided context. It contradicts the explicit statement in the text. Therefore, it is hallucinated.

no",no
bengali--4406976333727853714-0::comprehension,bengali--4406976333727853714-0,comprehension,"Cumilla Modern High School Bangladesh-er Cumilla jelay obosthito ekta madhyamik biddaloy. Eti Cumilla jelar prankendro Kandirpar-er sannikote obosthito. Eti 1993 sale protishthito. Schooltite 6th theke 10m shreni porjonto shikkha deya hoy jekhane meyera probhati o chelera diba shakhay odhyayon kore. SSC porikkhar folafoler dik diye, ei schoolti besh koyek bochor dhore Cumilla Shikkha Board-e sera dosher moddhe obosthan korche. Schooltite pray 5000 shikkharthi odhyayon kore.",Kumilla Modern High School-er bortoman shikkharthir shongkha koto?,pray 5000,Bortomane Kumilla Modern High School-e pray 3000 jon shikkharthi ache.,"Okay, let's analyze the model answer.

**Step 1: Factual Claims in the Model Answer**

The model answer makes one primary factual claim: ""Bortomane Kumilla Modern High School-e pray 3000 jon shikkharthi ache."" (Currently, there are approximately 3000 students at Kumilla Modern High School.)

**Step 2: Verification Against the Context**

The context states: ""Schooltite pray 5000 shikkharthi odhyayon kore."" (There are approximately 5000 students studying at the school.)

The model answer claims around 3000 students while the provided context indicates around 5000 students. This is a discrepancy. The model answer has presented a number that is not directly supported by the text and is significantly lower than the information given.

**Step 3: Verdict**

The model answer hallucinates information because it provides a student count different from what is stated in the context.

no",no
bengali--6803973287842827645-45::factualness,bengali--6803973287842827645-45,factualness,"King rajdorbarer durbolotar karone torun rajkiyo samorik o besamorik kormokortara ebong chatrosomaj somratke utkhato kore ekta projatontro gothon korte proyashi hon. 12i March 1912 sale Nanjing-e ekta ontorbortikalin sarkar gothito hoy. Somapto hoy Chiner 2000 bochorer rajkiyo shashoner. Kintu Sun shighroi somratke khomotachyut koray shahajjo korar binimoye (je siddhantor jonno porobortikale tini onushochona koren) chukti onujayi, Yuan Shikai er hate khomota hostantor korte baddho hon. Yuan Shikai chilen nob gothito senabahini prodhan ebong bhutpurbo somrater prodhanmontri. Poroborti pach",China samrajyer sorbosesh somrat ke?,Yuan Sikai,Chiner samrajyer sorbosesh somrat chhilen **Sun Yat-sen**.,"Okay, let's analyze the model answer.

**Step 1: Factual Claims**

The model answer makes one primary factual claim: ""Chiner samrajyer sorbosesh somrat chhilen **Sun Yat-sen**."" (The last emperor of the Chinese empire was Sun Yat-sen).

**Step 2: Verification against Context**

The provided context states that Sun Yat-sen initially gained prominence and attempted to establish a provisional government. It also mentions that Yuan Shikai ultimately took power after Sun Yat-sen relinquished it. Crucially, the text *does not* state that Sun Yat-sen was the last emperor. It indicates he *ceded* power to Yuan Shikai. The text describes Yuan Shikai as taking over the power that Sun Yat-sen had relinquished. The text does not indicate Sun Yat-sen ever *held* the position of Emperor.

**Step 3: Verdict**

The model answer directly contradicts the information presented in the context. The context implies Yuan Shikai, not Sun Yat-sen, became the leader after Sun Yat-sen stepped aside. Therefore, the answer is a hallucination.

no",no
bengali--8707413810832587133-1::specificity,bengali--8707413810832587133-1,specificity,"Dhaka Bishwabidyaloyer shikkhokbrindo shobcheye beshi shongkhok Bangladesh Biggan Academy podok lav korechen.[5][6] Echarao, eti Bangladesher ekmatro bishwabidyaloy hisebe Asiaweek er pokkho theke shirsho 100 bishwabidyaloye jayga kore ney.[7] Eti Asiar sera 100ti bishwabidyaloyer moddhe 64tom.[8] Ekhane pray 38,000 chatro-chatri ebong 1,805 jon shikkhok royeche.[1][2]",Bortomane Dhaka Bishwabidyaloyer mot chatrochatrir shonkha koto?,"38,000","Bortomane Dhaka Bishwabidyaloye motamoti 35,000-er moto chatrochhatri ache.","Okay, let's analyze the model answer step by step.

**Step 1: Factual Claims in the Model Answer**

The model answer makes one primary factual claim: ""Bortomane Dhaka Bishwabidyaloye motamoti 35,000-er moto chatrochhatri ache."" (Currently, there are approximately 35,000 students at Dhaka University).

**Step 2: Verification against the Context**

The context states: ""Ekhane pray 38,000 chatro-chatri ebong 1,805 jon shikkhok royeche."" (There are approximately 38,000 students and 1,805 teachers here.)

The model answer provides a number (35,000) that is close to the value provided in the context (38,000), but not identical.  While it's within a reasonable range of approximation, it is not directly stated in the context. It could be considered a slight deviation.

**Step 3: Verdict**

Since the model answer provides a number that is not precisely stated in the context, but is reasonably close to the figure given, we can consider this a minor hallucination. The model is inferring and rounding, rather than directly quoting.

no",no
bengali-7755099264590331306-3::specificity,bengali-7755099264590331306-3,specificity,"1824 saler 25 January Bangla Presidency-r Jashore jeler (adhuna Bangladesh rashtrer Jashore jeler Keshabpur upojelar) Sagardari gramer ek sombhranto Hindu Kayastha poribare Madhusudan Datter jonmo hoy. Tini chilen Rajnarayan Dutta o tar prothoma potni Jahnabi Debir ekmatro shontan. Rajnarayan Dutta chilen Kolkatar Sadar Dewani Adaloter ek khyatonama ukil. Madhusudaner jokhon tero bochor boyosh, shei shomoy thekei take Kolkatay boshobash korte hoto. Khidirpur Circular Garden Reach Road-e (bortomane Karl Marx Sarani) onchole tini ek birat ottalika nirman korechilen.",Michael Madhusudan Dutta kothay jonmogrohon koren?,Bangla Presidencyr Jashore jelar (odhuna Bangladesh rashtrer Jashore jelar Keshabpur upojelar) Sagardari grame,Michael Madhusudan Dutta naki Kolkatar Khidirpur Circular Garden Reach Road-er elakay jonmogrohon koren.,"Okay, let's analyze the model answer.

**Step 1: Factual Claims in the Model Answer**

The model answer makes the following claim: ""Michael Madhusudan Dutta naki Kolkatar Khidirpur Circular Garden Reach Road-er elakay jonmogrohon koren.""  This translates to ""Michael Madhusudan Dutta did not live in the area of Kolkata's Khidirpur Circular Garden Reach Road.""

**Step 2: Verification Against the Context**

The context states: ""Khidirpur Circular Garden Reach Road-e (bortomane Karl Marx Sarani) onchole tini ek birat ottalika nirman korechilen."" This translates to ""On Khidirpur Circular Garden Reach Road (now Karl Marx Sarani), he had built a large mansion."" It does *not* state that Madhusudan Dutta *lived* there, only that he built a mansion there. While living nearby would be a reasonable inference, the statement in the model answer is phrased as a denial of living in the area. The context does not explicitly support this denial.  It implies he was associated with the location through the construction of a building.

**Step 3: Verdict**

The model answer makes a statement about where Michael Madhusudan Dutta lived that isn't directly supported by the provided context. Although he built a mansion there, the context doesn't confirm or deny he resided there. Therefore, the answer contains a hallucination.

no",no
bengali--9194362322516364694-14::factualness,bengali--9194362322516364694-14,factualness,"Procholito bishwas onujayi, Mahabharat-er rochoyita Byasdeb. Onek gobeshok ei mohakabyer oitihashik bikash o rochonakalin storguli niye gobeshona korechen. Odhuna prapto pathotir prachintom angshoti motamuti 400 Khrishtopurbabdo nagad rochito hoy.[27] Mahabharoter mulpath-ti tar bortoman rupti porigroho kore Guptojuger prothomangshe (Khrishtiyo choturtho shotabdi).[28] Mahabharat kothatir ortho holo Bharat bongser mohan upakhyan. Gronthei ullikhito hoyeche je Bharat name 24,000 shlokobishishto ekti khudrotor akhyan theke Mahabharat mohakabyer kahiniti bistar lav kore.[29]",Mahabharat kothatir ortho ki?,Bharot bongser mohan upakhyan,Mahabharat kothatir ortho holo **Kurukshetrer mohan juddho kahini**.,"Okay, let's analyze the model answer.

**Step 1: Factual Claims in the Model Answer**

The model answer states: ""Mahabharat kothatir ortho holo **Kurukshetrer mohan juddho kahini**"" which translates to ""The meaning of the Mahabharat story is the story of the great battle of Kurukshetra.""

**Step 2: Verification against the Context**

The provided context states: ""Mahabharat kothatir ortho holo Bharat bongser mohan upakhyan."" This translates to ""The meaning of the Mahabharat story is a great tale of the Bharat clan.""  The model answer claims the story is about the *battle of Kurukshetra*, while the context says it's a story about the *Bharat clan*. While the battle of Kurukshetra *is* a significant part of the Mahabharata, the context presents a broader meaning related to the Bharat lineage. The model answer narrows the scope too much.

**Step 3: Verdict**

The model answer introduces information (the Kurukshetra battle as *the* meaning) that isn't directly supported by the provided context. It's not entirely incorrect, as the battle is central, but it's an oversimplification and a departure from what the text explicitly states. Therefore, it can be considered a hallucination.

no",no
bengali--9157821848418727047-6::factualness,bengali--9157821848418727047-6,factualness,"Je lekhaguli Sartre-ke bishwojora khyati ene dey tar moddhe royeche 1938 sale prokashito howa Sartre’r prothom uponnash ‘La Naji’, ‘The Mur’, ‘Baryona’ (prothom natok), ‘The Flies’, ‘No Exit’, ‘The Age of Rizon’, ‘The Respectful Prostitute’, ‘The Victors’, ‘The Chips Are Down’, ‘In the Mass’, ‘Dirty Hands’, ‘Troubled Pi’, ‘The Devil and the Good Lord’, ‘Kin’, ‘The Condemned of Altona’, ‘The Trojan Woman’, ‘The Fraud Scenario’ probriti. Muloto ullikhito e sobgulo-i chhilo Sartre’r lekha uponnash, natok o chhotogolper talika. Ar esober baire darshonik jesob probondho o samalochona diye Sart",Farashi astittabadi darshonik Jean-Paul Sartre rochito prothom natoker nam ki?,Baryona,Sartre rochito prothom natoker nam chhilo **The Flies**.,"Okay, let's analyze the model answer.

**Step 1: Factual Claims**

The model answer makes one primary factual claim: ""Sartre rochito prothom natoker nam chhilo **The Flies**."" (The name of Sartre's first play was The Flies.)

**Step 2: Verification against Context**

The context lists several plays written by Sartre: ‘La Naji’, ‘The Mur’, ‘Baryona’ (prothom natok), ‘The Flies’, ‘No Exit’, etc.  It explicitly states that 'Baryona' (prothom natok) was his first play. Therefore, the model answer contradicts the provided context.

**Step 3: Verdict**

The model answer claims ""The Flies"" was Sartre's first play, but the context states ""Baryona"" was his first play. This constitutes a hallucination because the model presents information not found in the given text and directly contradicts it.

no",no
bengali-6884155287601185096-48::inference,bengali-6884155287601185096-48,inference,"Prachin Mishoriyo vasha uttar Afroeshiatic vashaporibarer ontorbhukto, Berber ebong Semitic vashagulir nikot shomporkito. Sumeriyo vashar por ei vashar itihash shobcheye dirgho; 3200 Khrishtopurbabdo hote moddhojug porjonto e vasha likha hoto, kothyo hisebe tar cheye dirghoshomoy e vasha tike chilo. Prachin Mishoriyo vashake koyekti porjaykale vag kora jay: prachin, moddho (dhrupodi Mishoriyo), poroborti, Demotic o Coptic. Coptic-er purbe Mishoriyo lekhone upovashagoto parthokko dekha jay na, tobe dharona kora hoy prothome Memphis o pore Thebes",Prachin Mishorer prodhan bhasha ki chilo?,prachin mishoriyo vasha,Prachin Mishorer prodhan bhasha chilo Coptic vasha.,"Okay, let's analyze the model answer.

**Step 1: Factual Claims in the Model Answer**

The model answer states: ""Prachin Mishorer prodhan bhasha chilo Coptic vasha."" (The primary language of Ancient Egyptian was the Coptic language.)

**Step 2: Verification against the Context**

The provided context mentions Coptic as a stage in the evolution of the Egyptian language (""Coptic-er purbe Mishoriyo lekhone upovashagoto parthokko dekha jay na""), but it *doesn't* state that Coptic was the *primary* language of Ancient Egypt.  It says the language was written for a long time, even before 3200 BC, and lists several phases: ancient, middle (late Egyptian), late, Demotic, and Coptic. It implies a progression through these stages, not that Coptic was the original or dominant language. The text does not indicate which language was 'prodhan' (primary).

**Step 3: Verdict**

The model answer makes a definitive statement about Coptic being the primary language of Ancient Egypt, which is not explicitly supported by the given context. While Coptic is mentioned, the context doesn't establish it as the primary or earliest language. This constitutes a hallucination.

no",no
bengali--1811290635124191661-1::factualness,bengali--1811290635124191661-1,factualness,"Tar uchchota 5'8"". 2009 mousumer July-August mashe Bangladesh-er West Indies sofore Tamim Iqbal tar prothom Test shotok koren. Kheloyar ar cricket board-er moddhe bibader karone Caribbean dolta obosshoi khanikta durbol chilo. 7 jon kheloyarer Test obhishek hoy e matche. Tamimer batting Bangladesh-ke ek oitihashik bijoy ene dey. Eti chilo West Indies-er bipokkhe Bangladesh-er prothom Test bijoy ebong desher bairer matiteo prothom Test joy.",Tamim Iqbal Khan kon daler biruddhe Bangladeshi jatio cricket daler hoye tar jiboner prothom antorjatik Test matchti khelen?,West Indies,Tamim Iqbal Khan tar jiboner prothom antorjatik Test matchti khelen Sri Lanka-r biruddhe.,"Okay, let's analyze the model answer.

**Step 1: Factual Claims in the Model Answer**

The model answer states: ""Tamim Iqbal Khan tar jiboner prothom antorjatik Test matchti khelen Sri Lanka-r biruddhe."" This translates to ""Tamim Iqbal Khan played his first international Test match against Sri Lanka.""

**Step 2: Verification Against the Context**

The provided context explicitly states that Tamim Iqbal played his first Test match against West Indies (""West Indies sofore Tamim Iqbal tar prothom Test shotok koren.""). It *does not* mention anything about him playing against Sri Lanka. The context focuses entirely on the match against West Indies and its significance.

**Step 3: Verdict**

The model answer directly contradicts the information provided in the context. It claims Tamim Iqbal's first Test match was against Sri Lanka, while the text clearly states it was against West Indies. Therefore, the answer is a hallucination.

no",no
bengali--4819194056255617983-5::specificity,bengali--4819194056255617983-5,specificity,"ekti mukh akritir tothyo capture korar jonno tri-matrik mukh shonaktokoron kousholti three-D sensor byabohar kore. Ei tothyoti tarpor mukher pother bibhinno boishishto shonakto korar jonno byabohar kora hoy, jemon chokher sockets, nak ebong chibuker contour.[8]",Mukhmondol shonaktokoron poddhotite kon sensor babohar kora hoy?,Three-D sensor,Mukhmondol shonaktokoron poddhotite shadharonoto infrared depth scanner babohar kora hoy.,"Okay, let's analyze this.

**Step 1: Factual Claims in the Model Answer:**

The model answer claims: ""Mukhmondol shonaktokoron poddhotite shadharonoto infrared depth scanner babohar kora hoy."" which translates to ""Generally, infrared depth scanners are used for facial recognition.""

**Step 2: Verification against the Context:**

The provided context states that ""tri-matrik mukh shonaktokoron"" (three-dimensional face sensing) uses ""three-D sensor"" (three-D sensor). It further explains that this sensor captures the overall shape and then analyzes features like eye sockets, nose, and chin contours. The context *does not* mention infrared depth scanners specifically. It describes a general three-D sensor technology.  While infrared sensors *can* be used for depth sensing, the context doesn't state that they are *generally* used or preferred. It simply mentions a ""three-D sensor"".

**Step 3: Verdict:**

The model answer introduces ""infrared depth scanners"" as the standard technology used for facial recognition, which is not explicitly mentioned or implied within the given context. This constitutes a hallucination because the model is adding information beyond what is present in the provided text.

no",no
bengali-1917654836894891942-0::factualness,bengali-1917654836894891942-0,factualness,"Jim Corbett (July 25, 1875 - April 19, 1955) Jim Corbett ekjon English shikari. Tobe jonmo Bharoter Kumayun oncholer Nainital shohore. Sthanti bortomane Uttarakhand rajye. Tini namkora shikari charao ekjon bikhyato poribeshbadi-o chilen. Tar namanusare Bharoter Corbett National Park-er namkoron kora hoy.",Bikhyato shikari Jim Corbett kothay jonmogrohon korechilen?,Bharoter Kumayun oncholer Nainital,Jim Corbett jonmogrohon korechilen Darjeeling-e.,"Okay, let's analyze this.

**Step 1: Identify factual claims in the Model Answer.**

The model answer states: ""Jim Corbett jonmogrohon korechilen Darjeeling-e."" This translates to ""Jim Corbett was born in Darjeeling.""

**Step 2: Check if the claim is supported by the Context.**

The context states: ""Tobe jonmo Bharoter Kumayun oncholer Nainital shohore."" This translates to ""He was born in Nainital town in the hills of Kumaon, India.""  The context explicitly states that Jim Corbett was born in Nainital, not Darjeeling.

**Step 3: Verdict**

The model answer contradicts the provided context by stating Jim Corbett was born in Darjeeling when the text clearly says he was born in Nainital. Therefore, the answer is a hallucination.

no",no
bengali-4007898957162882873-14::factualness,bengali-4007898957162882873-14,factualness,"Bortomane sara bishwe Bollywood-er jonopriotomo byaktittoder moddhe Shah Rukh Khan onnotomo. Tar obhinito Hey Ram, Devdas ebong Paheli Bharat theke Oscar-e pathano hoyechilo. Shah Rukh-Kajol juti Bollywood-er onnotomo sera juti hisebe shwikruto. Kajol-er sathe tar obhinito Baazigar, Dilwale Dulhania Le Jayenge, Karan Arjun, Kuch Kuch Hota Hai, Kabhi Khushi Kabhie Gham... Ei 5ti chobii byabsha-sofol hoy. Ra.One chobiteo Arjun Rampal-er bipokkhe obhinoy koreo byapok sofolota lav koren. Ebong sorbosesh Kajol-er sathe tar obhinito Dilwale movieta Bollywood-e byapok sara jagiyeche. 23 bochorer obhinoy","2011 sale nirmito ""Ra.One"" Hindi cholocchitre Ra.One-er choritre kon obhineta obhinoy korechhilen?",Shahrukh Khan,Ra.One-er choritre obhinoy korechhilen Arjun Rampal.,"Okay, let's break down this evaluation.

**Step 1: Factual Claims in the Model Answer**

The model answer makes one primary factual claim: ""Ra.One-er choritre obhinoy korechhilen Arjun Rampal."" (Arjun Rampal played the role of Ra.One).

**Step 2: Verification against the Context**

The context states: ""Ra.One chobiteo Arjun Rampal-er bipokkhe obhinoy koreo byapok sofolota lav koren."" (In the movie Ra.One, Arjun Rampal also gained widespread success in the opposite role.) This statement *implies* that Arjun Rampal acted in Ra.One, but it doesn't explicitly state he played the *title character*, Ra.One. It says he played the *opposite* role.  Shah Rukh Khan actually played Ra.One.

**Step 3: Verdict**

The model answer incorrectly identifies the actor who played Ra.One. The context mentions Arjun Rampal's involvement in the film, but describes him playing the opposing role, not Ra.One himself. Therefore, the answer is a hallucination.

no",no
bengali--2528195250497745970-6::factualness,bengali--2528195250497745970-6,factualness,"Kaliprosanno Vidyotsahini Potrika, Poridorshok, Sarabattwa Prokashika o Bibidartho Songroho probriti potrikar moto potrikagulir shompadona athoba prokashona korechhilen. Poridorshok potrikati chhilo ekta Bangla dainik jeta shuru korechhilen Jaganmohon Tarkalankar ebong Madangopal Goswami. Songbadpotrotir unnotir jonno, Kaliprosanno songbadpotrer shompodoker pod grohon koren. Songbadpotrotir man shei shomoy egiye chhilo, ebong Krishnadas Pal likhechhilen, ""Tini ekta prothom shrenir swadeshiyo dainik songbadpotro-o shuru korlen, jar moto amra ekhono dekhini"". Suparichito",Kaliprosanno Singho rochito Hutom Pyanchar Noksha koto sale prokash pay?,1862,1864 shale prokash pay.,"Okay, let's analyze the model answer.

**Step 1: Factual Claims in the Model Answer**

The model answer makes a single factual claim: ""Kaliprosanno Singho rochito Hutom Pyanchar Noksha koto sale prokash pay?"" - ""Hutom Pyanchar Noksha was published in 1864.""

**Step 2: Verification against the Context**

The provided context discusses *Kaliprosanno Vidyotsahini Potrika*, *Poridorshok*, and related publications. It mentions Jaganmohon Tarkalankar, Madangopal Goswami, and Krishnadas Pal. Crucially, it **does not mention *Hutom Pyanchar Noksha* at all**. There is absolutely no information about its publication date within the given text. The context focuses on newspapers and periodicals, not literary works like this one.

**Step 3: Verdict**

Since the context provides zero information about *Hutom Pyanchar Noksha* or its publication year, the model answer has fabricated this information. This constitutes a hallucination.

no",no
bengali--7062275363138990568-1::comprehension,bengali--7062275363138990568-1,comprehension,Bharotiyo jatiyotabadi neta Surendranath Bandyopadhyayer udyoge 1922 sale gonotantrik sayattashashon songstha hisebe Kolkata Poursongstha protishthito hoy. 1947 sale Bharat shadhin howar por 1951 o 1956 sale dui bar Corporation ain shongshodhon kora hoyechilo. Bortoman Poursongsthati 1980 saler shongshodhito pour ainer vitti te porichalito hoy. Shovon Chattopadhyay Kolkata Poursongsthar bortoman mohanagorik.,Bortomane Kolkatar meyor ke?,Shovon Chattopadhyay,Bortomane Kolkatar meyor hocchen Firhad Hakim.,"Okay, let's analyze the model answer.

**Step 1: Factual Claims in the Model Answer**

The model answer makes one primary factual claim: ""Bortomane Kolkatar meyor hocchen Firhad Hakim."" (Currently, Firhad Hakim is the mayor of Kolkata).

**Step 2: Verification against the Context**

The provided context discusses the history of Kolkata Municipal Corporation. It mentions that Sovon Chattopadhyay is the *bortoman mohanagorik* (current city resident/citizen) of Kolkata.  It does *not* mention who the current mayor is. There is no information about Firhad Hakim at all.

**Step 3: Verdict**

Since the context provides no information about the current mayor of Kolkata, and specifically doesn't mention Firhad Hakim, the model answer is hallucinated. The answer is not supported by the given text.

no",no
bengali--5821119236838958518-7::inference,bengali--5821119236838958518-7,inference,"Moloy Raychoudhurir prothom kabyagrantho Shoytaner Mukh 1963 sale Krittibas Prokashoni theke prokashito hoyechhilo. Porikkha-nirikhar karone granthotike ekta jolbibhajok bole mone kora hoy. Moloy tar protiti kabyagranth e porikkha-nirikha korechen ebong ekta shompurno vhinno dharar kobitar jonokrupe Bangla sahitye ekta bishesh sthan kore niyechen. Tar kobita Bangla sahityer sonaton oitihyoke, niyomanubortitake, amul nara diyechhilo. Kobitar vashay, chhonde, olongkare, chitrokolpe tumul bhangchur pathoker obhyosto chokh o kanke bibroto korechhilo. J",Bangali Hangriyalizm juger lekhok Moloy Raychoudhurir prothom prokashito kabyogranther nam ki?,Shoytaner mukh,Moloy Raychoudhurir prothom prokashito kabyogranther nam chhilo **Krittibas Prokashoni**.,"Okay, let's analyze the model answer.

**Step 1: Factual Claims in the Model Answer**

The model answer makes the following claim: ""Moloy Raychoudhurir prothom prokashito kabyogranther nam chhilo **Krittibas Prokashoni**."" This translates to ""Moloy Raychoudhuri's first published collection of poetry was named **Krittibas Prokashoni**.""

**Step 2: Verification against the Context**

The context states: ""Moloy Raychoudhurir prothom kabyagrantho Shoytaner Mukh 1963 sale Krittibas Prokashoni theke prokashito hoyechhilo."" This translates to ""Moloy Raychoudhuri's first collection of poetry, *Shoytaner Mukh*, was published in 1963 by Krittibas Prokashoni.""

The model answer incorrectly states that the name of the book was Krittibas Prokashoni. The context clearly indicates that Krittibas Prokashoni was the publisher, not the title of the book. The book's name was *Shoytaner Mukh*.

**Step 3: Verdict**

The model answer contains a hallucination because it misinterprets the information provided in the context and presents the publisher's name as the title of the book.

no",no
bengali-1374812589930743477-0::comprehension,bengali-1374812589930743477-0,comprehension,"Hindudharma mote, Pitripokkho (Sanskrit: pitru paksha) purbopurusher torponadir jonno proshosto ek bishesh pokkho. Ei pokkho Pitrupokkho, Shola Shraddho, Kanagat, Jitiya, Mahaloya pokkho o Oporopokkho nameo porichito.[1][2][3]",Hindu dhormo mote purbopurusher torpon korar ki kono nirdishto din thake?,Pitripokkho,"Haan, eta ke **Mahaloya pokkho** bola hoy.","Okay, let's analyze this.

**Step 1: Factual Claims in the Model Answer**

The model answer claims: ""Haan, eta ke **Mahaloya pokkho** bola hoy."" which translates to ""Yes, this is called Mahaloya pokkho."" The implied claim is that Mahaloya pokkho is a specific time related to honoring ancestors in Hinduism.

**Step 2: Checking against the Context**

The context states: ""Ei pokkho Pitrupokkho, Shola Shraddho, Kanagat, Jitiya, Mahaloya pokkho o Oporopokkho nameo porichito."" This translates to ""This period is also known as Pitrupokkho, Shola Shraddho, Kanagat, Jitiya, Mahaloya pokkho and other periods.""  The context explicitly lists ""Mahaloya pokkho"" as a name for a period associated with ancestor worship.

**Step 3: Verdict**

The model answer correctly identifies Mahaloya pokkho as a term associated with honoring ancestors, and this information is directly supported by the provided context. Therefore, the answer isn't hallucinated.

no",no
bengali-1496668376968261146-4::comprehension,bengali-1496668376968261146-4,comprehension,"Groher khonij shompod o joib shompod ubhoyi manobjatir jibondharoner jonno oporiharjo. Ei groher odhibashira pray 200ti shadhin sarbovhoum rastre shomogro grohtike bivokto kore boshobash korche. Ei shokol rastorer moddhe parosporik kutonitik, porjoton, banijjik o shamorik shomporko bidyoman. Manob shongskriti groho shomporke bibhinno dharonar jonmodata. Ei sob dharonar moddhe royeche prithibike debota rupe kolpona, shomotol bishwo kolpona ebong prithibike mohobishwer kendrorupe kolpona. Echara ekti susonghoto poribesh rupe bishwoke kolpona korar adhunik probonotao",Prithibite bortomane mot koyti desh royeche?,200,Prithibite bortomane mot 195ti desh royeche.,"Okay, let's analyze the model answer.

**Step 1: Factual Claims in the Model Answer**

The model answer states: ""Prithibite bortomane mot 195ti desh royeche."" which translates to ""There are approximately 195 countries present in the world.""

**Step 2: Verification Against the Context**

The provided context discusses the growth of mineral and oil resources for human settlement, mentions around 200 independent sovereign nations, and describes their interconnectedness through various relationships (cultural, tourism, commercial, etc.). The context states ""pray 200ti shadhin sarbovhoum rastre"" which means roughly 200 independent sovereign nations.  It *does not* state definitively that there are 195 countries. It provides a number close to 195 (200), but not precisely 195. While the actual number of countries globally is around 195, the context doesn't explicitly confirm this specific number.

**Step 3: Verdict**

Since the context mentions ""around 200"" countries and the model answers with ""195"", and there is no explicit confirmation of 195 within the provided text, we must consider this a hallucination. The answer isn’t directly supported by the text.



no",no
bengali-6035887477073197072-0::specificity,bengali-6035887477073197072-0,specificity,"Abu Yusuf Yakub ibne Ishaq Al-Kindi (Arabic: Abu Yusuf Yaqub bin Ishaq al-Kindi) (801 - 873) prokhyat Arab pondit. Pashchatto biswe tini Latinikrito ""Alkindus"" (Alkindus) name porichito. Tini chilen ekadhare darshonik, biggani, jyotishi, jyotirbiggani, biswotottobid, rosayonbid, juktibid, gonitoggo, shongeetoggo, podarthobiggani, monobiggani ebong abohabiggani. Muslim Peripatetic darshonikder moddhe tini-i prothom. Tai take Muslim Peripatetic dorshoner jonok bola jay. Tar onek orjoner moddhe bisesh ullekhjoggo chilo Greek ebong Helleniyo dorshonke Arab jogote porichito",Darshonshastrer jonok kake bola hoy?,peripatetic,Darshonshastrer jonok hisebe shadharonoto Al-Kindi-ke bola hoy.,"Okay, let's analyze this.

**Step 1: Factual Claims in the Model Answer**

The model answer makes one primary claim: ""Darshonshastrer jonok hisebe shadharonoto Al-Kindi-ke bola hoy."" which translates to ""Al-Kindi is generally considered the person for philosophy.""

**Step 2: Verification against the Context**

The context states that Al-Kindi was a philosopher (""darshonik"") and the first among Muslim Peripatetics, and is therefore considered the founder of that school of thought (""Muslim Peripatetic dorshoner jonok"").  It also mentions his significant role in introducing Greek and Hellenistic philosophies to the Arab world. This strongly supports the idea that he is considered *the* person associated with philosophy. The phrase ""hisebe shadharonoto"" (generally) further softens the claim and aligns well with the context's description of his foundational role.

**Step 3: Verdict**

The model answer's claim is directly supported by information within the provided context. There is no hallucination.

no",no
bengali--4866456305071140944-1::specificity,bengali--4866456305071140944-1,specificity,"Prachir bestito ei nogorir vhetor royeche bibhinno amoler protnotattwik nidorshon. Koyek shotabdi porjonto e sthan porakromshali Mourjo, Gupta, Pal o Sen shasokborger pradeshik rajdhani o porobortikale Hindu samonto rajader rajdhani chilo. Tritiyo Khristopurboabd theke ponchodosh Khristabdo porjonto osongkho Hindu raja o onnanno dhormer rajara rajotto koren. Mahasthangarher obosthan Bogura jeler Shibganj upojelay.[3] Bogura shohor theke pray 13 ki.mi. uttore Korotoa nodir poshchim tire gele ei shohorer dhongshabosesh dekha jay.",Mahasthangarh protnostholti Bangladesh-er kon jelay obosthito?,Bogura jelar Shibganj upojelay,Mahasthangarh protnostholti mone hoy Bogura shohorer kachakachi uttor-purbo elakay obosthito.,"Okay, let's break down this evaluation.

**Step 1: Factual Claims in the Model Answer**

The model answer makes two primary claims:

1.  Mahasthangarh is located near Bogura city.
2.  It's situated in the north-eastern region of Bogura.

**Step 2: Verification Against the Context**

*   **Claim 1: Mahasthangarh is located near Bogura city.** The context states: ""Mahasthangarher obosthan Bogura jeler Shibganj upojelay."" This translates to ""The location of Mahasthangarh is in Shibganj upazila of Bogura district."" This directly supports the claim that it's near Bogura.
*   **Claim 2: It's situated in the north-eastern region of Bogura.** The context mentions that Mahasthangarh is ""Bogura shohor theke pray 13 ki.mi. uttore"" which translates to ""about 13 km north of Bogura city"". While it specifies *north*, it doesn’t mention *north-east*. However, Shibganj Upazila is generally considered to be in the northern part of Bogura district. The term ""uttore"" (north) can sometimes imply a general northern direction rather than a precise northeast. Given this nuance, we can consider the claim to be reasonably supported, although not explicitly stated.

**Step 3: Final Verdict**

Both claims are supported by the provided context, though the second one requires a slight interpretation. There's no hallucination present.

no",no
bengali--2676392207575072184-0::comprehension,bengali--2676392207575072184-0,comprehension,"Kumilla Victoria College Kumilla jelay obosthito. Eti Kumillar shobcheye puraton ebong bikhyato college. Kumilla Victoria College 1899 sale protishthito hoy. Ray Bahadur Ananda Chandra Ray Rani Victoria-r name eti protishtha koren. Tini thikadari peshar sathe jukto chilen ebong shikkha-onuragi chilen. Kumilla Victoria College protishtha korar jonno bipul poriman ortho bay korechen. Ei college evabe poripurno bastobe rup ney. Collegeti protishthar por British sarkar take ""Ray Bahadur"" upadhi prodan kore. Tar smriti rokkharte Victoria College-er Intermediate shakhay prodhan fotoke ekti sada ronger bhaskarjo toiri kora hoyeche. Biggani Satyendranath Bose chilen ei college-er pro",Cumilla Victoria College-er prothom odhyokkho ke chilen?,Satyendranath Bosu,Cumilla Victoria College-er prothom odhyokkho chilen Ray Bahadur Ananda Chandra Ray.,"Okay, let's analyze this.

**Step 1: Factual Claims in the Model Answer:**

The model answer states: ""Cumilla Victoria College-er prothom odhyokkho chilen Ray Bahadur Ananda Chandra Ray."" (Ray Bahadur Ananda Chandra Ray was the first principal of Cumilla Victoria College.)

**Step 2: Verification against the Context:**

The context mentions that Ray Bahadur Ananda Chandra Ray *protishtha* (founded/established) Kumilla Victoria College. It also says he was a contractor and passionate about education and donated a large amount of money for its establishment. However, it does *not* explicitly state that he was the *prothom odhyokkho* (first principal). The context mentions Satyendranath Bose was associated with the college (""Biggani Satyendranath Bose chilen ei college-er pro""), implying he may have held a position there, but doesn't clarify his role relative to Ray Bahadur Ananda Chandra Ray.  Therefore, the claim that he was the *first principal* is not directly supported. It's possible, but not confirmed by the provided text.

**Step 3: Verdict:**

Because the context does not confirm that Ray Bahadur Ananda Chandra Ray was the first principal, the model answer contains a hallucination.

no",no
bengali-1508751382134197788-2::factualness,bengali-1508751382134197788-2,factualness,"1954 shaler March er 8 theke 12 tarikh porjonto onushthito Purbo Pakistan Porishoder nirbachone 237ti Muslim asoner moddhe Juktofront 223ti ason orjon kore. Tonmoddhe 143ti peyechilo Mowlana Bhashanir netrittodhin Awami Muslim League, 48ti peyechilo Shere Bangla A. K. Fazlul Hoq er Krishok Sromik Party, Nezami Islam Party lav korechilo 22, Gonotantri dol lav korechilo 13ti ebong Khelafat-i-Rabbani namok dolti 2ti ason. Khomotashin rajnaitik dol Muslim League shompurnorupe e nirbachone poravuto hoy; tara kebol 9ti ason lav korte shokkhom hoy.",Sher-e-Bangla Abul Kashem Fazlul Haq kon rajnaitik doler shonge jukto chilen?,Krishok Shromik Party,Sher-e-Bangla Abul Kashem Fazlul Haq chhilen Awami Muslim League-er shonge jukto.,"Okay, let's analyze this.

**Step 1: Factual Claims in the Model Answer:**

The model answer claims that ""Sher-e-Bangla Abul Kashem Fazlul Haq chhilen Awami Muslim League-er shonge jukto"" - meaning Sher-e-Bangla was associated with/linked to Awami Muslim League.

**Step 2: Verification against the Context:**

The context states: ""Tonmoddhe 143ti peyechilo Mowlana Bhashanir netrittodhin Awami Muslim League, 48ti peyechilo Shere Bangla A. K. Fazlul Hoq er Krishok Sromik Party."" This translates to: ""Awami Muslim League, led by Maulana Bhasani, received 143 votes, and Shere Bangla A.K. Fazlul Hoq's Krishok Sromik Party received 48 votes.""

This explicitly states that Sher-e-Bangla A.K. Fazlul Hoq led the *Krishok Sromik Party*, not the Awami Muslim League. The model answer incorrectly associates him with the Awami Muslim League.

**Step 3: Verdict:**

The model answer contains a factual error. It misattributes Sher-e-Bangla's political affiliation. Therefore, it is hallucinated.

no",no
bengali--8230914461558443804-12::comprehension,bengali--8230914461558443804-12,comprehension,Prachin Greek pondit Eratosthenese (276-194 BC) prakritik bhugoler agropothik. Tini emon ek shomoy e bishoye obodan rakhen jokhon ponditgono prithibir akar o akriti shomporkei onishchit chilen. Mishorer bibhinno sthaner durattor sathe surjer alok roshmir potonkoner parthokko hisab kore prithibir poridhi nirnoyer maddhome Eratosthenese prakritik bhugolbid hisebe itihasher patay chirosthai ashon kore niyechen. Etai chilo bortomane porichito bhuakritibidyar (Geodesy) prothom gobeshona. Eratostheneser bohu mullyoban bhugolbishoyok kajer moddhe eti onnotomo. Tini manchitrer gur,Ke prothom bishwer manchitro toiri koren?,Eratosthenes,Ptolemy prothom bishwer manchitro toiri koren.,"Okay, let's analyze this.

**Step 1: Factual Claims in the Model Answer**

The model answer states: ""Ptolemy prothom bishwer manchitro toiri koren."" which translates to ""Ptolemy created the first map of the world.""

**Step 2: Checking against the Context**

The provided context discusses Eratosthenes and his contributions to geography and calculating the circumference of the Earth. It mentions that his work was a pioneering effort in geodesy (modern cartography). Crucially, *it does not mention Ptolemy at all*.  It explicitly praises Eratosthenes as the most important work among his valuable geographical works. The text highlights Eratosthenes' role as the pioneer of modern geodesy. There's no information whatsoever about Ptolemy creating the first world map.

**Step 3: Verdict**

Since the context makes no mention of Ptolemy and instead credits Eratosthenes with pioneering work in the field, the model's assertion that Ptolemy created the first world map is a hallucination. It introduces information not present in the given text.

no",no
bengali--5443118172314527178-10::inference,bengali--5443118172314527178-10,inference,"Nobogothito BJP karyoto Janasangher theke alada dol holeo, BJP-r odhikangsho guruttopurno neta chilen purboton Janasangher sodossho. Emonki Janasangher sodossho Atalbihari Bajpayee BJP-r prothom shovapoti hoyechilen. Oitihashik Ramchandra Guha likhechen, 1980-er doshoker gorar dike Bharote onekguli Hindu-Musolman dangar ghotona ghotechilo. BJP gorar dike jonopriota baranor jonno Janasangher Hindu jatiyotabadi obosthan somporke moddhopontha obolombon kore ebong Janata Party o Gandhibadi samajtantrer songe ei doler jogsutrotir dike beshi gurutto arop kore.[2] Ei poddhotiti sofol",Bharatiyo Janata Party-r prothom shovapoti ke chilen?,Atalbihari Bajpayee,"BJP-r prothom shovapoti chilen Ramchandra Guha, karon tini 1980-er doshoker shurute doler moddhopontha obosthan ke prochur bhabe prochar korechhilen.","Okay, let's analyze the model answer step by step.

**Step 1: Factual Claims in the Model Answer**

The model answer makes two primary claims:

1.  ""BJP-r prothom shovapoti chilen Ramchandra Guha"" (Ramchandra Guha was the first president of the BJP).
2.  ""karon tini 1980-er doshoker shurute doler moddhopontha obosthan ke prochur bhabe prochar korechhilen."" (because he widely publicized the party's position on the situation in the early 1980s).

**Step 2: Verification Against the Context**

Let's examine each claim against the provided context:

*   **Claim 1: Ramchandra Guha was the first president of the BJP.** The context states ""Emonki Janasangher sodossho Atalbihari Bajpayee BJP-r prothom shovapoti hoyechilen."" This explicitly states that Atal Bihari Vajpayee was the first president of the BJP. It *does not* mention Ramchandra Guha as being the first president.
*   **Claim 2: He widely publicized the party's position in the early 1980s.** The context mentions that Ramchandra Guha wrote about the Hindu-Muslim riots and that BJP gained popularity by emphasizing the Hindu nationalist stance of Janasangh and criticizing Janata Party and Gandhian socialists. While this implies he discussed the situation, it doesn't state he ""widely publicized"" the party's position or that this was his role.  It simply notes he *wrote* about it.

**Step 3: Verdict**

Both claims in the model answer are inaccurate and not supported by the provided context. The first claim is directly contradicted by the text. The second claim is an overstatement and misrepresents the context’s description of Guha's involvement. Therefore, the model answer hallucinates information.

no",no
bengali-6120089833063466108-0::factualness,bengali-6120089833063466108-0,factualness,"Dhaka dokkhin Eshiar rashtra Bangladesh-er rajdhani o brihottom shohor. Proshashonikvabe eti deshtir Dhaka bibhager prodhan shohor. Vougolicvabe eti Bangladesh-er moddhobhage Buriganga nodir uttar tire ekta somotol elakate obosthito. Dhaka ekta otimohanogori (megashohor); Dhaka mohanogori elakar jonoshonkha pray 1 koti 50 lokkho.[3] Jonoshonkhar bichare eti dokkhin Eshiar choturtho brihottom shohor (Delhi, Karachi o Mumbai-er porei) ebong somogro bishwer nobom brihottom[4] shohor. Jonghonotter bichare Dhaka bishwer shobcheye ghonobosotipurno mohanogori; 134 borgomail",Bangladesher rajdhani Dhaka shohorer bortoman jonsongkha koto?,pray 1 koti 50 lakh,Dhakar bortoman jonsongkha pray 2 koti 20 lakh.,"Okay, let's analyze this.

**Step 1: Factual Claims in the Model Answer**

The model answer states: ""Dhakar bortoman jonsongkha pray 2 koti 20 lakh."" This translates to ""Dhaka's current population is approximately 22 million.""

**Step 2: Verification against the Context**

The context states: ""Dhaka mohanogori elakar jonoshonkha pray 1 koti 50 lokkho."" This translates to ""The population of the Dhaka metropolitan area is approximately 15 million.""

The model answer claims a population of 22 million, while the provided context states a population of 15 million for the *same* entity (Dhaka metropolitan area). These numbers are significantly different.

**Step 3: Verdict**

The model answer provides a population figure that is not supported by the given context. It appears to be a hallucination, as it presents information not found within the provided text.

no",no
bengali--7488179106745368024-1::comprehension,bengali--7488179106745368024-1,comprehension,"Songeeter gotike loy bole. Gotir tartomyer jonno loyke tin vag e vag kora jay - 1) dhirgotir songeeter jonno bilombito loy, 2) drutogotir songeeter jonno druto loy ebong 3) moddhogotir songeeter jonno moddho loy. Moddho loy bilombito loyer digun o druto loyer ordhek gotir hoye thake. Matra songeeter loy ba gotir durotto mapar jonno byabohrito hoy. Protyekti matrar moddhovorti byabodhan soman hoy. Koyekti chondoboddho matrar somosti diye toiri hoy ekti tal.[1]",Songeete gotir tartomyer jonno loyke koyti vag e vag kora hoy?,tin,dui vag e vag kora hoy,"Okay, let's analyze this.

**Step 1: Identify each factual claim made by the Model Answer.**

The model answer states: ""dui vag e vag kora hoy"" which translates to ""two types are made.""

**Step 2: Check whether it is supported by the Context.**

The context says: ""Gotir tartomyer jonno loyke tin vag e vag kora jay - 1) dhirgotir songeeter jonno bilombito loy, 2) drutogotir songeeter jonno druto loy ebong 3) moddhogotir songeeter jonno moddho loy."" This translates to: ""For the benefit of the audience, three types are made - 1) slow music for long duration, 2) fast music for fast duration, and 3) medium music for medium duration."" The context explicitly mentions *three* types, not two.

**Step 3: Based on steps 1-2, decide the final verdict.**

The model answer claims there are two types of *loy*, while the provided text clearly states there are three. Therefore, the model answer hallucinates information.

no",no
bengali--5157536413099558525-3::comprehension,bengali--5157536413099558525-3,comprehension,"Shorbosesh Bishwocup onushthito hoyeche Rashiyay, 2018 shaler 14 June theke 15 July porjonto. Ei Bishwocape France Croatia-ke finale 4-2 gole porajito kore shiropa jite ney.",Shorbosesh FIFA World Cup antorjatik football protijogitay kon desh joyi hoyechilo?,France,Croatia finale-te joyi hoyechilo,"Okay, let's analyze this.

**Step 1: Factual Claims in the Model Answer:**

The model answer states: ""Croatia finale-te joyi hoyechilo"" which translates to ""Croatia won in the final.""

**Step 2: Verification against the Context:**

The context states: ""Ei Bishwocape France Croatia-ke finale 4-2 gole porajito kore shiropa jite ney."" This translates to ""In this World Cup, France defeated Croatia in the final 4-2 and won the trophy.""  This directly contradicts the model's claim that Croatia won. The context explicitly says France *defeated* Croatia.

**Step 3: Verdict:**

The model answer makes a false claim about Croatia winning the final. The provided context clearly indicates that France won. Therefore, the answer is hallucinated.

no",no
bengali-8389521287325865921-1::factualness,bengali-8389521287325865921-1,factualness,Bharotiyo jatiyotabadi neta Surendranath Bandyopadhyayer udyoge 1922 sale gonotantrik sayattashashon songstha hisebe Kolkata Poursongstha protishthito hoy. 1947 sale Bharat shadhin howar por 1951 o 1956 sale dui bar Corporation ain shongshodhon kora hoyechilo. Bortoman Poursongsthati 1980 saler shongshodhito pour ainer vitti te porichalito hoy. Shovon Chattopadhyay Kolkata Poursongsthar bortoman mohanagorik.,Kolkata Pourshova prothom koto shale sthapit hoyechilo?,1922,Kolkata Pourshova prothom 1920 shale sthapit hoyechilo.,"Okay, let's analyze the model answer.

**Step 1: Factual Claims in the Model Answer**

The model answer makes one primary factual claim: ""Kolkata Pourshova prothom 1920 shale sthapit hoyechilo."" (Kolkata Pourshova was first established in 1920).

**Step 2: Verification against the Context**

The context states: ""Bharotiyo jatiyotabadi neta Surendranath Bandyopadhyayer udyoge 1922 sale gonotantrik sayattashashon songstha hisebe Kolkata Poursongstha protishthito hoy."" This translates to ""Due to the efforts of Indian nationalist leader Surendranath Bandyopadhyay, Kolkata Poursongstha was established as a democratic self-governing institution in 1922.""

The context explicitly states that Kolkata Poursongstha was established in 1922, not 1920.

**Step 3: Verdict**

The model answer incorrectly states the year of establishment as 1920, while the provided context clearly indicates it was 1922. Therefore, the answer is hallucinated.

no",no
bengali-8652082239846487292-2::factualness,bengali-8652082239846487292-2,factualness,"Kolkata bimanbondor oitihyogoto vabe Europe theke Indochin o Australia-r moddhe biman route-e kousholgotik kendro hisebe kaj kore.[15] 1937 sale Amelia Earhart shoho bohu biman songsthar onek ogragami uran gulo jatra shuru kore Kolkata theke.[16] 1924 sale, KLL biman songstha Kolkatay tader Amsterdam-er -Batavia (Jakarta) route-er ongsho hisebe obotoron shuru kore.[17] Eki bochore, kono biman bahini kortik prothom bishwo vromon ovijaner ongsho hisebe ekta Royal Air Force biman Kolkatay obotoron kore.[18]",Netaji Subhash Chandra Bosu antorjatik bimanbondor kobe nirmito hoy?,1937 shale,1935 shale prothom toiri hoye chhilo.,"Okay, let's analyze the model answer.

**Step 1: Factual Claims in the Model Answer**

The model answer states: ""1935 shale prothom toiri hoye chhilo."" which translates to ""It was first built in 1935."" This refers to the construction of Netaji Subhash Chandra Bose International Airport.

**Step 2: Verification Against the Context**

The provided context discusses the history of Kolkata airport, mentioning events from 1924, 1937, and 1924. However, it *does not* mention when Netaji Subhash Chandra Bose International Airport was initially constructed. It only describes its role as a strategic hub and mentions early airlines operating through Kolkata. There's no information about the airport's initial construction date.

**Step 3: Verdict**

Since the context doesn't provide any information regarding the year of construction of the airport, the model answer's claim about 1935 is unsupported and therefore constitutes a hallucination.

no",no
bengali-363202495030830843-1::factualness,bengali-363202495030830843-1,factualness,"1948 sale obosor grohoner purbo-porjonto ashi innings-e 29ti century hakan. Sorbomot 6996 raner moddhe 5393 rani esheche 29ti century theke.[16] Innings-proti tar century-r har chilo 36.25%.[17] Er fole tar kheloyari jibone batting gor daray 99.94. Onnodike, kono batsman-i 61 gorer kotay pouchhute sokkhomota prodorshon korte parenni.[N 2][18] Churanto innings-e ar matro 4 ran tulte parlei tar batting gor 100 hote parto.[19][20]",Antorjatik crickete Don Bradman-er mot raner shongkha koto?,6996,Don Bradman-er mot ran chhilo 7096.,"Okay, let's analyze this.

**Step 1: Factual Claims in the Model Answer**

The model answer states: ""Don Bradman-er mot ran chhilo 7096."" which translates to ""Don Bradman's total runs were 7096.""

**Step 2: Verification Against the Context**

The context mentions ""6996 raner moddhe 5393 rani esheche"" which translates to ""5393 runs came from 29 centuries out of 6996 runs"". This implies a total of 6996 runs. However, the model answer states 7096. There is a difference of 99 runs. The context does not support the claim of 7096 runs.

**Step 3: Final Verdict**

Since the model answer provides a figure (7096) that is not supported by the provided context (which mentions 6996), it is hallucinated.

no",no
bengali-1508751382134197788-2::specificity,bengali-1508751382134197788-2,specificity,"1954 shaler March er 8 theke 12 tarikh porjonto onushthito Purbo Pakistan Porishoder nirbachone 237ti Muslim asoner moddhe Juktofront 223ti ason orjon kore. Tonmoddhe 143ti peyechilo Mowlana Bhashanir netrittodhin Awami Muslim League, 48ti peyechilo Shere Bangla A. K. Fazlul Hoq er Krishok Sromik Party, Nezami Islam Party lav korechilo 22, Gonotantri dol lav korechilo 13ti ebong Khelafat-i-Rabbani namok dolti 2ti ason. Khomotashin rajnaitik dol Muslim League shompurnorupe e nirbachone poravuto hoy; tara kebol 9ti ason lav korte shokkhom hoy.",Sher-e-Bangla Abul Kashem Fazlul Haq kon rajnaitik doler shonge jukto chilen?,Krishok Shromik Party,Sher-e-Bangla Abul Kashem Fazlul Haq muloto Awami Muslim League-er shonge jukto chilen.,"Okay, let's analyze the model answer step by step.

**Step 1: Factual Claims in the Model Answer**

The model answer makes one primary factual claim: ""Sher-e-Bangla Abul Kashem Fazlul Haq muloto Awami Muslim League-er shonge jukto chilen."" (Sher-e-Bangla Abul Kashem Fazlul Haq was primarily associated with the Awami Muslim League.)

**Step 2: Verification against the Context**

The context states: ""Tonmoddhe 143ti peyechilo Mowlana Bhashanir netrittodhin Awami Muslim League, 48ti peyechilo Shere Bangla A. K. Fazlul Hoq er Krishok Sromik Party..."" This directly indicates that Sher-e-Bangla A.K. Fazlul Hoq led the *Krishok Sromik Party*, not the Awami Muslim League. The context describes him leading his own party, which received 48 seats. Therefore, the model's claim is incorrect.

**Step 3: Verdict**

The model answer presents a factually inaccurate statement based on the provided context. It incorrectly attributes Sher-e-Bangla A.K. Fazlul Haq's association to the Awami Muslim League when the text clearly states he led the Krishok Sromik Party. This constitutes a hallucination.

no",no
bengali--6019328074616099894-17::comprehension,bengali--6019328074616099894-17,comprehension,"1492 khristabder 2 January Cordobar Nasri rajyer potoner maddhome Iberiay Muslim shashoner somapti hoy. Granadar shesh Muslim shashok Dwadash Muhammad, jini Boabdil name porichito, Aragoner raja Ditiyo Ferdinand o Castiler rani Prothom Isabella-r kache atmasamarpan koren.",Umaiya rajbongser shorboshesh raja ke?,Dwadash Muhammad,Boabdil-i chhilen Umaiya rajbongser shorboshesh raja.,"Okay, let's analyze the model answer.

**Step 1: Identify each factual claim made by the Model Answer.**

The model answer claims: ""Boabdil-i chhilen Umaiya rajbongser shorboshesh raja."" This translates to ""Boabdil was the last king of the Umayyad dynasty.""

**Step 2: For each claim, check whether it is supported by the Context.**

The context states that Boabdil was the last ruler of Granada, a Muslim kingdom. It also mentions the end of Muslim rule in Iberia after the fall of Nasrid dynasty. Crucially, the context *does not* mention the Umayyad dynasty. The Umayyad dynasty predates the events described in the provided text.  While Boabdil was indeed the last ruler of Granada, connecting him to the Umayyad dynasty is not supported by the given context.

**Step 3: Based on steps 1-2, decide the final verdict.**

The model answer introduces information (Boabdil being the last king of the Umayyad dynasty) that is not present in the provided context. Therefore, it is hallucinated.

no",no
bengali--8707413810832587133-1::comprehension,bengali--8707413810832587133-1,comprehension,"Dhaka Bishwabidyaloyer shikkhokbrindo shobcheye beshi shongkhok Bangladesh Biggan Academy podok lav korechen.[5][6] Echarao, eti Bangladesher ekmatro bishwabidyaloy hisebe Asiaweek er pokkho theke shirsho 100 bishwabidyaloye jayga kore ney.[7] Eti Asiar sera 100ti bishwabidyaloyer moddhe 64tom.[8] Ekhane pray 38,000 chatro-chatri ebong 1,805 jon shikkhok royeche.[1][2]",Bortomane Dhaka Bishwabidyaloyer mot chatrochatrir shonkha koto?,"38,000","Pray 1,805 jon shikkhok royeche.","Okay, let's analyze this.

**Step 1: Factual Claims in the Model Answer**

The model answer makes one factual claim: ""Pray 1,805 jon shikkhok royeche."" (Approximately 1,805 teachers/instructors are present).

**Step 2: Verification Against the Context**

The context states: ""Ekhane pray 38,000 chatro-chatri ebong 1,805 jon shikkhok royeche."" This translates to ""Here, approximately 38,000 students and 1,805 teachers/instructors are present.""

The model answer accurately reflects the number of teachers mentioned in the context.

**Step 3: Verdict**

The model answer does not hallucinate; it correctly extracts information from the provided context. It answers the question by providing the number of teachers/instructors, which is directly stated in the text.

no",no
bengali-2351657829570417965-1::comprehension,bengali-2351657829570417965-1,comprehension,"Usha Uthup Mumbaiye jonmogrohon koren,[1] ekta Tamil Brahmin poribare. Tar baba Vidyanath Someshwar Sami.[5] Jini Madras (bortomane Chennai) theke 1947 sale Tamilnadu te sthanantor hon.",Usha Uthup Bharoter kon shohore jonmogrohon koren?,Mumbai,Tini Chennai te jonmogrohon koren.,"Okay, let's break this down.

**Step 1: Factual Claims in the Model Answer**

The model answer states: ""Tini Chennai te jonmogrohon koren."" which translates to ""She was born in Chennai.""

**Step 2: Verification against the Context**

The context states: ""Jini Madras (bortomane Chennai) theke 1947 sale Tamilnadu te sthanantor hon."" This translates to ""His family migrated from Madras (presently Chennai) to Tamil Nadu in 1947.""  This refers to Usha Uthup's *father's* family moving from Madras/Chennai. The context explicitly mentions that Usha Uthup was born in Mumbai, not Chennai.

**Step 3: Verdict**

The model answer claims Usha Uthup was born in Chennai, but the provided context states she was born in Mumbai. This is a direct contradiction. Therefore, the answer is hallucinated.

no",no
bengali-7368577689306281053-15::factualness,bengali-7368577689306281053-15,factualness,"Pither shomoshay kromagoto vogar fole mousumer khelaguloy oniyomito hoye poren tini. Folshrutite, nijossho 41tom jonmodiner olpo koyekdin purbe 2004 sale County Cricket-ke biday janan.[12][13][14]",Robert Charles Jack Russell kon shale antorjatik cricket khela theke obosor nen?,2004,Robert Charles Jack Russell antorjatik cricket theke 2003 shale obosor nen.,"Okay, let's analyze this.

**Step 1: Factual Claims in the Model Answer**

The model answer makes one primary factual claim: ""Robert Charles Jack Russell antorjatik cricket theke 2003 shale obosor nen."" (Robert Charles Jack Russell retired from international cricket in 2003).

**Step 2: Verification against the Context**

The context states: ""Folshrutite, nijossho 41tom jonmodiner olpo koyekdin purbe 2004 sale County Cricket-ke biday janan."" This translates to: ""In fact, a few days before his 41st birthday, he bid farewell to County Cricket in 2004.""  It *does not* mention when he retired from international cricket. It also mentions Robert Charles Jack Russell is someone who played cricket games and became popular. The name Robert Charles Jack Russell isn't explicitly linked to the County Cricket retirement date mentioned.

**Step 3: Verdict**

The model answer claims Robert Charles Jack Russell retired from international cricket in 2003. The provided context only mentions his retirement from County Cricket in 2004 and doesn't provide any information about his international retirement year. Therefore, the model answer is making a claim not found in the given context. This constitutes hallucination.

no",no
bengali-8231597176267138336-3::factualness,bengali-8231597176267138336-3,factualness,"jodio chikungunir pradurbhab sadharonoto Asia o Africate beshi dekha jay tobe protibedon onujayi 2000-er doshoke eti Europe o Americate choriye poreche. 2014 sale ek million-er beshi manush akranto hoyeche.[2] 2014 saler protibedon onujayi eti Juktorashtrer Florida-te dekha geche kintu 2016 sale Juktorashtre sthaniyovabe ei roger probhab dekha jayni.[12][13] Tanzania-te 1952 sale prothom rogti dhora pore.[2] Chikungunya namti esheche Tanzania-r Makundi jonogoshthir byabohrito Kimakundi bhasha theke jar ortho ""kuchito howa"" ba banka hoye jawa.[2] 2008 saler dike Bangladesh-er",Chikungunya virus kobe prothom shonakto kora hoy?,2008 saler dike,2006 saler shurur dike,"Okay, let's analyze this.

**Step 1: Factual Claims in the Model Answer**

The model answer states: ""Chikungunya virus kobe prothom shonakto kora hoy? 2006 saler shurur dike.""  This translates to: ""When was the Chikungunya virus first detected? From the beginning of 2006.""

**Step 2: Verification Against the Context**

The context mentions:
*   Tanzania-te 1952 sale prothom rogti dhora pore. (The first cases were reported in Tanzania in 1952.)
*   2008 saler dike Bangladesh-er (Towards 2008, in Bangladesh...)

The context *does not* mention any detection or reporting of the virus in 2006. It explicitly states earlier dates (1952 and mentions a timeframe around 2008). The model's answer directly contradicts the information provided in the text.

**Step 3: Verdict**

The model's answer provides information that is not present in the given context and is demonstrably false based on the provided text. Therefore, it is hallucinated.

no",no
bengali--2318822466630053761-0::factualness,bengali--2318822466630053761-0,factualness,"Gonochin ba Gonoprojatontree Chin (Chinese: Zhongguo orthat ""madhyoborti rajyo"", Mandarin Chaina uccharone: Chungkuo) Purbo Eshiar ekta rashtra. 138 koti jonoshonkhar deshti bishwer shobcheye jonobohul rashtra.[1] Chiner samyobadi dol deshti shashon kore. Beijing shohor deshtir rajdhani.[2] Gonochiner shashoner awtay poreche 22ti prodesh, 5ti swayattashashito onchol, 4ti kendroshashito poursova (Beijing, Thienchin, Shanghai ebong Chungching), ebong 2ti pray-swayattashashito bishesh proshashonik onchol (Hongkong ebong Makau). Echarao Chin Taiwaner opore sarbovomotto dabi kore as",Chiner bortoman jonsongkha koto?,138 koti,Chiner bortoman jonsongkha prai 140 koti.,"Okay, let's analyze the model answer.

**Step 1: Factual Claims in the Model Answer**

The model answer states: ""Chiner bortoman jonsongkha prai 140 koti."" which translates to ""China's current population is approximately 140 crore.""  Since 'crore' is equivalent to 10 million, this means the answer claims China's population is around 1.4 billion.

**Step 2: Verification against the Context**

The context states: ""138 koti jonoshonkhar deshti bishwer shobcheye jonobohul rashtra."" This translates to ""A country of 138 crore population, the most populous country in the world.""

**Step 3: Verdict**

The context explicitly states that China's population is 138 crore (1.38 billion). The model answer gives a figure of approximately 140 crore (1.4 billion). While close, this is a noticeable deviation and constitutes a hallucination because it's not directly supported by the provided context. It's likely an extrapolation or rounding error, but still inaccurate based on the given information.

no",no
bengali-6971086019984584823-1::factualness,bengali-6971086019984584823-1,factualness,1894 khristabde 1 January Uttar Kolkatar Goya Bagan onchole Scottish Church Collegiate School-er pashe 22 nombor Ishwar Mitra Lane-e Satyendranath Bosur jonmo. Tar poribarer adi nibash 24 Parganar Karoparar sannikte Barojagulia grame. Tar pita Surendranath Bosu chilen Purbo Bharatiya Railway-er hisabrakkhok ebong mata Amodini Devi chilen Alipurer khyatonama byaboharjibi Motilal Raychowdhurir konya. Satyendranath Bosu sat bhaibon-er moddhe sobar boro.etastfzse,Satyendranath Bosu kobe jonmogrohon koren?,1894 khristabde 1 January,"1893 khristabde 2 January, Kolkatay","Okay, let's analyze this.

**Step 1: Factual Claims in the Model Answer**

The model answer makes two claims:

1.  Satyendranath Bosu was born in 1893.
2.  He was born in Kolkata.

**Step 2: Verification against the Context**

*   **Claim 1 (Born in 1893):** The context states ""1894 khristabde 1 January"" which translates to ""1894 on January 1st"". This directly contradicts the model's assertion of 1893.
*   **Claim 2 (Born in Kolkata):** The context states ""Uttar Kolkatar Goya Bagan onchole..."" which means ""In North Kolkata, near Goya Bagan..."". It also mentions ""22 nombor Ishwar Mitra Lane"" which is a specific location within Kolkata. Thus, the claim that he was born in Kolkata is consistent with the provided text.

**Step 3: Final Verdict**

Since the model answer incorrectly states the year of birth (1893 instead of 1894), it contains a hallucination. While the location is correct, the incorrect date makes the entire answer unreliable and therefore hallucinated.

no",no
bengali--8764190989186063087-2::inference,bengali--8764190989186063087-2,inference,"Prachin prithibir (prodhanoto Europe, tobe nikot prachyo o uttar Africao er ontorbhukto) itihashke koyekti vag e vag kora hoy. 467 Khristabdo porjonto prachin jug; ponchom theke ponchodosh shotabdi porjonto modhyo jug ba dhrupodi-uttor jug,[15][16] jar moddhe royeche Islami swarnajug (750-1258 Khristabdo) o Europio Renaissance (13sh shotok theke shuru).[17][18] Adhunik juger suchonakal[19] dhora hoy 15sh shotok theke 18sh shotoker shesh porjonto jar moddhe royeche Europ er alokito jug. Shilpo biplob hote bortoman shomoy porjonto adhunik jug bole bibech",Islami swarnajug bole kon shomoyke bojhano hoy?,750- 1258 khristabdo,Islami swarnajug mane motamoti 13sh theke 15sh shotok.,"Okay, let's analyze the model answer.

**Step 1: Factual Claims in the Model Answer**

The model answer states: ""Islami swarnajug mane motamoti 13sh theke 15sh shotok."" which translates to ""Islami swarnajug means roughly from the 13th to the 15th century.""

**Step 2: Verification against the Context**

The context provides the following information regarding the Islami swarnajug: ""jar moddhe royeche Islami swarnajug (750-1258 Khristabdo)"". This translates to ""within which was the Islamic Golden Age (750-1258 AD).""

The model answer claims the Islamic Golden Age spans from the 13th to the 15th century, while the context explicitly states it occurred between 750-1258 AD. These time periods do not overlap significantly. The model answer is therefore incorrect.

**Step 3: Verdict**

The model answer presents a timeframe for the Islami swarnajug that is not supported by the provided context and is demonstrably false. It has hallucinated the timeframe.

no",no
bengali-9099268636899707207-4::factualness,bengali-9099268636899707207-4,factualness,"Safdarjung bimanbondor 1930 sale nirmito hoyechilo ebong 1962 sal porjonto eti Delhir prodhan bimanbondor chilo. [14] Safdarjung bimanbondore jatribahi uran briddhir fole 1962 sale beshamorik uranguli Palam bimanbondore sthanantorito hoy (porobortite etir namkoron kora hoy IGIA). [14] Palam bimanbondorti Ditiyo Bishwajuddher somoy toiri hoyechilo Royal Air Force Station Palam name ebong British shashon oboshaner por, eti Bharatiyo Bimanbahinir jonno ekta biman bahini station hisebe kaj korto. Proti ghontay Palam bimanbondorer pray 1,300 jon jatri poribohoner khomota chilo. [14] 1970",Indira Gandhi antorjatik bimanbondor ba Palam bimanbondorti kobe toiri hoy?,1930 shale,Palam bimanbondorti 1942 shale toiri hoy.,"Okay, let's analyze the model answer step by step.

**Step 1: Factual Claims in the Model Answer**

The model answer makes one primary claim: ""Palam bimanbondorti 1942 shale toiri hoy."" (Palam airport was built in 1942).

**Step 2: Verification against the Context**

The context states: ""Palam bimanbondorti Ditiyo Bishwajuddher somoy toiri hoyechilo Royal Air Force Station Palam name..."" which translates to ""Palam airport was created during World War II as Royal Air Force Station Palam...""  World War II spanned from 1939 to 1945. While the exact year 1942 isn't explicitly mentioned, the phrase ""during World War II"" strongly suggests a timeframe within that period, making 1942 a plausible year. The context does not contradict this statement.

**Step 3: Final Verdict**

The model answer's claim about the construction year of Palam airport aligns with the information provided in the context. Therefore, it's not a hallucination.

no",no
bengali-5909391431365450011-1::comprehension,bengali-5909391431365450011-1,comprehension,Tar porichalito prothom swalpodoirgho cholocchitro Sonar Beri (1985) ebong sorbosesh purnodoirgho cholocchitro Runway mukti pay 2010 sale. Cholocchitre tar obodaner jonno 2012 sale Bangladesh sarkar take desher sorbocho beshamorik shomman Ekushey Padoke bhushito kore.[6][7] 2013 sale New York Bishwabidyaloyer Asian/Pacific/American Institute ebong Dokkhin Asia Solidarity Initiative tar cholocchitrer prothom Uttar American 'fire dekha' onusthaner ayojon kore.[8],Abu Tarek Masud porichalito sorbosesh Bangla cholocchitroti koto sale Bangladesh-e mukti pay?,runway,Sonar Beri 1985 shale Bangladesh-e mukti pay.,"Okay, let's analyze the model answer.

**Step 1: Factual Claims in the Model Answer:**

The model answer makes the following claim: ""Sonar Beri 1985 shale Bangladesh-e mukti pay."" (Sonar Beri was released in Bangladesh in 1985).

**Step 2: Verification against the Context:**

The context states: ""Tar porichalito prothom swalpodoirgho cholocchitro Sonar Beri (1985) ebong sorbosesh purnodoirgho cholocchitro Runway mukti pay 2010 sale."" This translates to: ""His first short film was Sonar Beri (1985) and his last full-length film Runway was released in 2010.""

The context *does* mention that *Sonar Beri* was made in 1985. However, it does *not* explicitly state that it was *released* in Bangladesh in 1985. It simply mentions the year of its creation. The context says *Runway* was released in 2010. The question asks about Abu Tarek Masud's *last* Bengali film getting released in Bangladesh.

**Step 3: Verdict:**

While the year of *Sonar Beri* is mentioned, the statement that it was released in Bangladesh in 1985 isn’t directly confirmed by the provided text. The question specifically asks about the release date of his *last* Bengali film. The model answer provides information about his *first* film instead. Therefore, the answer is hallucinated.

no",no
bengali-6549627323803605959-11::specificity,bengali-6549627323803605959-11,specificity,Mirza Fakhrul Islam Alamgir bektigoto jibone Rahat Ara Begum-er sathe bibaho bondhone aboddho hon. Ei dompotir dui meye royeche. Rahat Ara Begum Kolkata Bishwabidyaloye porashuna korechen o bortomane Dhakar ekta bima protisthane kormorot. Tar boro meye Mirza Shamaruh Dhaka Bishwabidyaloye porashuna kore ei protisthanei shikkhokota korechen. Bortomane tini Australia-y post doctoral fellow hisebe kormorot achen. Choto meye Mirza Safaruh-o Dhaka Bishwabidyaloye porashuna korechen. Tini bortomane Dhakar ekta school-e shikkhokota korchen.[10],Mirza Fakhrul Islam Alamgir er strir nam ki?,Rahat Ara Begome,Mirza Fakhrul Islam Alamgir er strir nam shombhoboto Begum Fakhrul Ara.,"Okay, let's analyze this.

**Step 1: Factual Claims in the Model Answer**

The model answer makes the following claims:

*   Mirza Fakhrul Islam Alamgir's wife's name is Shombhoboto Begum Fakhrul Ara.

**Step 2: Verification Against the Context**

The context states that Mirza Fakhrul Islam Alamgir's wife's name is Rahat Ara Begum. It does *not* mention ""Shombhoboto Begum Fakhrul Ara"" anywhere. The model has fabricated a name.

**Step 3: Verdict**

Since the model answer introduces a name (""Shombhoboto Begum Fakhrul Ara"") not present in the provided context, it is hallucinated.

no",no
bengali-1787623261283241578-0::specificity,bengali-1787623261283241578-0,specificity,"Saiyed Qutb (/ˈkuːtəb/[1]/ˈkʌtəb/; Egyptian Arabic pronunciation:[ˈsæjjed ˈʔotˤb], Arabic:[ˈsæjjɪd ˈqʊtˤb]; Arabic: Sayyid Qutb (1906 - 25 August 1966) holen ekjon Mishoriyo Islami chintabid ebong biplobi rajnaitik songothok. Tini Mishorer Islami andoloner prodhan songothon Ikhwanul Muslimin daler mukhopotro Ikhwanul Muslimin-er shompadok chilen. Take totkalin sarkar fasi-r adesh dey ebong evabhei take mrityuboron korte hoy.",Saiyed Qutb Mishorer kon rajnaitik doler sathe jukto chilen?,Ikhwanul Muslimin,Tini muloto Wafd Party-r sathe jukto chilen.,"Okay, let's analyze this.

**Step 1: Identify factual claims in the Model Answer.**

The model answer states: ""Tini muloto Wafd Party-r sathe jukto chilen."" which translates to ""He was initially associated with the Wafd Party.""

**Step 2: Check for support in the Context.**

The provided context discusses Saiyed Qutb as a prominent Islamic thinker and revolutionary politician. It explicitly mentions his association with the Muslim Brotherhood (Ikhwanul Muslimin), stating he was a leading member and editor of their publications.  Crucially, there is *no mention whatsoever* of the Wafd Party. The context does not indicate any connection between Saiyed Qutb and the Wafd Party.

**Step 3: Determine the Verdict.**

Since the model answer asserts a connection to the Wafd Party that is entirely absent from the provided context, the answer is fabricated. It's a hallucination.

no",no
bengali-8214622333369036834-1::factualness,bengali-8214622333369036834-1,factualness,"Dinajpur jeler uttore Thakurgaon, Panchagarh o Nilphamari jela, dokkhine Joypurhat jela o Bharoter Poshchimbongo, purbe Rangpur o Nilphamari jela ebong poschime Bharoter Poshchimbongo rajyer Poshchim Dinajpur (Uttor o Dokkhin Dinajpur jeladwoy) obosthito. Ei jeler mot ayoton 3437.98 borgo kilometer. Barshik sorbocho gor tapmatra 33.5 degree Celsius ebong sorbonimno tapmatra 10.5 degree Celsius. Barshik brishtipat 2536 millimeter. Prodhan nodisomuho Punarbhaba, Atrai.",Bangladesher Dinajpur jeler mot ayoton koto?,3437.98 borgo kilometer,Dinajpur jeler mot ayoton 3347.89 borgo kilometer.,"Okay, let's analyze the model answer.

**Step 1: Identify factual claims.**

The model answer makes one factual claim: ""Dinajpur jeler mot ayoton 3347.89 borgo kilometer."" (The area of Dinajpur district is 3347.89 square kilometers).

**Step 2: Check against the context.**

The context states: ""Ei jeler mot ayoton 3437.98 borgo kilometer."" (The area of this district is 3437.98 square kilometers).

The model answer provides a different area (3347.89 sq km) than what is stated in the provided context (3437.98 sq km). This difference indicates a hallucination.

**Step 3: Verdict**

The model answer contains information not present in the context and presents an incorrect value for the area of Dinajpur.

yes",yes
bengali-530330988068464850-8::specificity,bengali-530330988068464850-8,specificity,Board ob Governors kortik banker President nirbachito kora hoy. Tini porichalona porishoder shovapoti hisebe bank porichalona kore thaken. President 5 bochor shomoykaler jonno niyukto hon. Proyojone tini punoray nirbachito hote paren. Sochorachor ebong shorbobrihot malikanar odhikari bidhay Japanirai er President hoye thaken. Bortoman President hocchen Takihiko Nakao. Tini 2013 sale Haruhiko'r stholavishikto hon. ADB'r sodor doftor Philippines e obosthito.[5][6] Er thikana hocche -,Eshiyo Unnoyon Bank-er bortoman shovapoti ke?,Takihiko Nakao,ADB-er bortoman shovapoti mone hoy Haruhiko Kuroda-i achen ekhono.,"Okay, let's analyze the model answer.

**Step 1: Factual Claims in the Model Answer**

The model answer makes one primary factual claim: ""ADB-er bortoman shovapoti mone hoy Haruhiko Kuroda-i achen ekhono."" which translates to ""ADB's current president is believed to be Haruhiko Kuroda now.""

**Step 2: Verification against the Context**

The context states: ""Bortoman President hocchen Takihiko Nakao."" This translates to ""The current President is Takihiko Nakao."" The context *explicitly* names Takihiko Nakao as the current president. It does *not* mention Haruhiko Kuroda at all in relation to the presidency. While Haruhiko Kuroda is mentioned in connection with Takihiko Nakao leaving his position (""Tini 2013 sale Haruhiko'r stholavishikto hon.""), this does not imply Kuroda became the subsequent president.

**Step 3: Verdict**

The model answer directly contradicts the information provided in the context. The context clearly states that Takihiko Nakao is the current president, while the model answer claims it is Haruhiko Kuroda. This constitutes a hallucination because the model has generated information not present and conflicting with the given text.

no",no
bengali--5001943450569685769-1::factualness,bengali--5001943450569685769-1,factualness,"1982 shale Lookin’ to Get Out cholochitre baba Jon Voight-er sathe ekta shishu choritre obhinoyer moddho diye cholochitro jogote Jolie-r abirbhav hoy. Tobe peshadar cholochitro obhinetri hisebe tar obhishek ghote swolpo bajeter chobi Cyborg 2 (1993)-e obhinoyer maddhome. Tar obhinito prothom boro maper chobi Hackers (1995). E chobite tini namvumikay obhinoy koren. Porobortite take George Wallace (1997) o Gia (1998)-er moto shomalochok-nondito cholochitre obhinoy korte dekha jay. Natyo cholochitro Girl, Interrupted (1999)-e onoboddho obhinoyer jonno tini sera parsho obhinetri b",Markin obhinetri Angelina Jolie sorboprothom kon Markin cholocchitre obhinoy korechilen?,Lookin’ tu get out,Angelina Jolie sorboprothom Markin cholochitro hisebe **Cyborg 2**-te obhinoy korechhilen.,"Okay, let's analyze the model answer.

**Step 1: Factual Claims**

The model answer makes one primary factual claim: ""Angelina Jolie sorboprothom Markin cholochitro hisebe **Cyborg 2**-te obhinoy korechhilen."" (Angelina Jolie first acted in a Markin movie as **Cyborg 2**.)

**Step 2: Verification against Context**

The context states: ""Tobe peshadar cholochitro obhinetri hisebe tar obhishek ghote swolpo bajeter chobi Cyborg 2 (1993)-e obhinoyer maddhome."" (However, her debut as a film actress was in the low-budget film Cyborg 2 (1993) with acting.)

The context directly confirms that Cyborg 2 was Angelina Jolie's debut film. It doesn't specify if it was a ""Markin"" film, but the question asks about her first film overall. The context supports the claim that she debuted in Cyborg 2. Since the question does not specify that we should only consider 'Markin' films, the answer is acceptable.

**Step 3: Verdict**

The model answer is consistent with the provided context.

no",no
bengali-6842067104920478592-1::specificity,bengali-6842067104920478592-1,specificity,"Dhaka Bishwabidyaloyer shikkhokbrindo shobcheye beshi shongkhok Bangladesh Biggan Academy podok lav korechen.[5][6] Echarao, eti Bangladesh-er ekmatro bishwabidyaloy hisebe Asiaweek-er pokkho theke shirsho 100 bishwabidyaloye jayga kore ney.[7] Eti Asia-r sera 100ti bishwabidyaloyer moddhe 64tom.[8] Ekhane pray 38,000 chatro-chatri ebong 1,805 jon shikkhok royeche.[1][2]",Dhaka Bishwobidyaloyer bortoman (2019) chatrochatrir shonkha koto?,"pray 38,000",bortomane Dhaka Bishwobidyaloye motamuti 35 hajarer moto chatrochhatri ache.,"Okay, let's analyze the model answer step by step.

**Step 1: Factual Claims in the Model Answer**

The model answer makes the following claim: ""bortomane Dhaka Bishwobidyaloye motamuti 35 hajarer moto chatrochhatri ache."" which translates to ""Currently, there are approximately 35 thousand students at Dhaka University.""

**Step 2: Verification against the Context**

The context states: ""Ekhane pray 38,000 chatro-chatri ebong 1,805 jon shikkhok royeche."" This translates to ""There are approximately 38,000 students and 1,805 teachers here.""

The model answer says ""approximately 35 thousand,"" while the context states ""approximately 38,000."" These numbers are not identical. However, 35,000 is a reasonable approximation of 38,000. The question asks for the number of students, and the context provides a number close to the model's answer. While not a perfect match, the difference isn't significant enough to definitively call it a hallucination. It's a rounded estimate based on the provided information.

**Step 3: Final Verdict**

Given that the model answer provides a value reasonably close to the one stated in the context, it is not considered a hallucination.

no",no
bengali--7064958051407671671-1::factualness,bengali--7064958051407671671-1,factualness,"Oitijjobahi Sir Ashutosh College-er protisthata Reboti Romon Dutta, pita Rosik Chandra Dutta-r jyeshthoputro chilen. 1885 khristabder 22 July Boalkhali upojelar ontorgoto Kanungopara grame tini jonmogrohon koren. Moddhobitto poribarer shontan chilen tini. Pitar ay khub beshi chilo na. Pitar ay ebong samanno bhu-sompottir upor nirvor kore poribarer byay nirbah hoto.",Sir Ashutosh Sarkari College ke protistha koren?,Reboti Romon Dotto,Sir Ashutosh Sarkari College protistha koren **Rosik Chandra Dutta**.,"Okay, let's analyze the model answer.

**Step 1: Factual Claims in the Model Answer**

The model answer claims: ""Sir Ashutosh Sarkari College protistha koren **Rosik Chandra Dutta**."" This translates to ""Sir Ashutosh Sarkari College was founded by Rosik Chandra Dutta.""

**Step 2: Verification against the Context**

The context states that Reboti Romon Dutta was the son of Rosik Chandra Dutta. It mentions Sir Ashutosh College's prestige and provides details about Reboti Romon Dutta's family background and financial situation. However, it *does not* state that Rosik Chandra Dutta founded Sir Ashutosh College. The context focuses on Reboti Romon Dutta's birth and family, not the college's establishment. There's no information connecting Rosik Chandra Dutta to the founding of the college.

**Step 3: Verdict**

Since the model answer makes a claim (that Rosik Chandra Dutta founded the college) which is not supported by the provided context, it is a hallucination.

no",no
bengali-1733542226552149709-2::inference,bengali-1733542226552149709-2,inference,"Islam shobdoti esheche Arbi s-l-m shobdoti hote; jar du'ti ortho: 1. shanti 2. atmasamarpan kora. Songkhepe, Islam holo shanti (protistha)'r uddeshe ek o odditiyo Ishwar (Allah)-er kache atmasamarpan kora.",Islam shobdoti-r utpotti kon shobdo theke?,Arbi s-l-,"Islam shobdoti mone hoy Arbi “salam” theke, jar ortho shudhu shanti.","Okay, let's analyze the model answer.

**Step 1: Factual Claims in the Model Answer**

The model answer makes two primary claims:

1.  ""Islam shobdoti mone hoy Arbi “salam” theke"" - The word ""Islam"" means from the Arabic word ""salam.""
2.  ""jar ortho shudhu shanti"" - Its meaning is purely peace.

**Step 2: Verification against the Context**

*   **Claim 1:** The context states that ""Islam shobdoti esheche Arbi s-l-m shobdoti hote,"" which translates to ""The word 'Islam' came from the Arabic word 's-l-m'."" This directly supports the first claim.
*   **Claim 2:** The context provides two meanings for the root word 's-l-m': 1. Shanti (peace) and 2. Atmasamarpan kora (submission/surrender). The model answer states ""jar ortho shudhu shanti"" (its meaning is purely peace), which contradicts the context. The context explicitly mentions a second meaning, atmasamarpan kora.

**Step 3: Verdict**

The model answer is partially correct (identifying the Arabic origin) but inaccurate regarding the complete meaning of the root word. It omits the crucial element of ""atmasamarpan kora"" (submission/surrender) mentioned in the provided context. Therefore, it contains a hallucination.

no",no
bengali-802268299326091752-3::factualness,bengali-802268299326091752-3,factualness,"Jabir ibn Haiyan 722 Khristabde Tus, Parsye jonmo grohon koren.[4] Dhrupodi sutro onujayi Jabir vhinno vabe al-Azdi ba al-Bariji ba al-Kufi ba al-Tusi ba al-Sufi hisebe odhikari hoyechen.[8] Tar jonmo sthan niye mot parthokko royeche, karo mote tini chilen ekjon Khorasan, Parsya jini pore Kufate jan, onnodeder mote tini chilen Syria adibashi, pore tini Parsya o Irake boshobash koren.[8] Tar purbopurushgoner potobhumi sposto noy, kintu odhikangsho sutro take ekjon Farsi hisebe ullekh kore.[3] Kichu sutre jana jay je, tar pita chilen Haiyan al-Azdi. Tini ch",Abu Musa Jabir Ibn Haiyan kon desher nagorik chilen?,Parshye,Abu Musa Jabir Ibn Haiyan chhilen Syrian nagorik bole dhora hoy.,"Okay, let's analyze the model answer.

**Step 1: Identify factual claims.**

The model answer states: ""Abu Musa Jabir Ibn Haiyan chhilen Syrian nagorik bole dhora hoy"" which translates to ""It is believed that Abu Musa Jabir Ibn Haiyan was a Syrian citizen.""

**Step 2: Check against the context.**

The context states: ""Tar jonmo sthan niye mot parthokko royeche, karo mote tini chilen ekjon Khorasan, Parsya jini pore Kufate jan, onnodeder mote tini chilen Syria adibashi..."" This translates to: ""There is disagreement regarding his birthplace, some say he was from Khorasan, Persia, which later went to Kufa, others say he was a Syrian native..."" The context explicitly mentions that *some* believe him to be Syrian, but also presents alternative origins.  Therefore, the statement in the model answer is consistent with the information provided in the context. It doesn't present it as a definitive fact, but rather as a belief held by some.

**Step 3: Verdict**

Since the model answer accurately reflects a viewpoint presented in the context, it is not hallucinated.

no",no
bengali--8629802684896762580-0::factualness,bengali--8629802684896762580-0,factualness,"William Abraham Simon Ouderland (Dutch: Wiliam Ouderland) (jonmo: 6 December, 1917 — mrityu: 18i May, 2001) chilen ekjon Olandaj-Australian samorik commando officer. Tini Ditiyo Bishwajuddhe sokriyo vabe ongshogrohon koren. Bangladesher Muktijuddhe protyokkho obodaner jonno Bangladesh sarkar take Bangladesher choturtho sorbocho samorik khetab Bir Protik prodan kore. Tini ekmatro bideshi jini ei rashtriyo khetabe bhushito hoyechen.[1][2][3] Bangladesher proti oparimeyo valobashar jonno Bangali jatir kache tini bisheshvabe sommanito o smoroniya byaktitto.[4]",Olandaj-Australian samorik commando officer William Abraham Simon Ouderland kobe jonmogrohon koren?,"6 December, 1917","5 December, 1917 e tini jonmogrohon koren.","Okay, let's analyze this.

**Step 1: Factual Claims in the Model Answer**

The model answer makes one factual claim: ""5 December, 1917 e tini jonmogrohon koren."" (He was born on 5 December, 1917.)

**Step 2: Verification Against the Context**

The context states: ""(jonmo: 6 December, 1917..."" which translates to ""(birth: 6 December, 1917..."".  The context clearly states his birthdate as 6 December, 1917, not 5 December, 1917.

**Step 3: Verdict**

The model answer provides an incorrect date for William Abraham Simon Ouderland's birth. This information is not found in the provided context and is a fabrication. Therefore, it is a hallucination.

no",no
bengali--1831213595878006436-0::specificity,bengali--1831213595878006436-0,specificity,E-ink ba electrophoretic ink ek dhoroner electronic kagoj ba porda ja E Ink Corporation namok ekta protisthan kortik shilpojatokrito. MIT Media Lab shorboprothom E-ink projukti niye gobeshona shuru kore. Porobortite 1997 sale MIT-er E-ink gobeshona prokolper upor vitti kore E Ink Corporation protishthito hoy. 1996 saler ek patent onujayi Joseph Jacobson ebong Barrett Comiskey-ke E-ink projuktir udbhabok hisebe shwikrity deya hoyeche.[1],E Ink Corporation-er protisthata ke?,Joseph Jacobson ebong Barrett Comiskey,E Ink Corporation-er protisthata chhilen MIT Media Lab-er gobeshok dal.,"Okay, let's analyze this.

**Step 1: Identify factual claims in the Model Answer.**

The model answer states: ""E Ink Corporation-er protisthata chhilen MIT Media Lab-er gobeshok dal."" which translates to ""The foundation of E Ink Corporation was the research team of MIT Media Lab.""

**Step 2: Verify against the Context.**

The context states: ""MIT Media Lab shorboprothom E-ink projukti niye gobeshona shuru kore."" (MIT Media Lab first started research on E-ink technology.) and ""Porobortite 1997 sale MIT-er E-ink gobeshona prokolper upor vitti kore E Ink Corporation protishthito hoy."" (Subsequently, in 1997, E Ink Corporation was established based on MIT's E-ink research project).  This strongly implies that the research conducted at MIT Media Lab formed the basis for the company's founding. While it doesn't explicitly state the *research team* were the founders, it's a reasonable inference.

**Step 3: Verdict**

The context supports the claim that MIT Media Lab's research played a crucial role in the establishment of E Ink Corporation. The model answer's interpretation of this as the ""foundation"" or the ""research team"" being the founders is a plausible, if slightly simplified, understanding of the provided information. It isn't a direct quote or verbatim statement, but it’s not a fabrication either. Therefore, it is not a hallucination.

no",no
bengali-1411582546196272359-27::specificity,bengali-1411582546196272359-27,specificity,Turshker jonoshonkha pray sat koti 15 lakh.[68] Deshtir jonmohar gore 1 doshomik 31.[69] Proti borgokilomitare er jonoshonkha 92 jon. Er moddhe shohore boshobash kore 70 doshomik 5 jon. 15 theke 64 bochor boyoshi lok royeche 66 doshomik 5 shotangsho. Shunno theke 14 bochore boyoshi loker shonkha 26 doshomik 4 shotangsho. 65 bochorer beshi boyoshi loker shonkha 7 doshomik 1 shotangsho.[70] CIA Factbook onujayi Turki purusher gor ayu 70 doshomik 67 bochor o mohilader gor ayu 75 doshomik 73 bochor. Mot jonoshonkhar gor ayu,Turshker bortoman (2019) jonoshonkha koto?,Pray sat koti 15 lakh,2019 e Turshker jonoshonkha dhore neya hoy prai sat koti 50 lakh er moto.,"Okay, let's analyze the model answer step-by-step.

**Step 1: Factual Claims in the Model Answer**

The model answer states: ""2019 e Turshker jonoshonkha dhore neya hoy prai sat koti 50 lakh er moto."" which translates to ""In 2019, Turkey's population was estimated to be around 70 million 50 lakhs.""

Let's break down that number:
*   ""Sat koti"" means 70 million (7 x 10^7).
*   ""50 lakh"" means 5 million (5 x 10^6).
*   Therefore, the total claimed population is 75 million.

**Step 2: Verification against the Context**

The context provides the following information:
*   ""Turshker jonoshonkha pray sat koti 15 lakh"" - Turkey's population is approximately 70 million 15 lakhs. This equates to 70.15 million.
*   ""Deshtir jonmohar gore 1 doshomik 31"" - The country's birth rate is 1.31.
*   ""Proti borgokilomitare er jonoshonkha 92 jon"" - Population density is 92 people per square kilometer.
*   ""Shohore boshobash kore 70 doshomik 5 jon"" - 70.5% of the population lives in urban areas.
*   Age demographics are provided (15-64, 0-14, 65+).
*   CIA Factbook data on life expectancy for men and women.

The context explicitly states a population of ""sat koti 15 lakh"" (70.15 million). The model answer claims a population of ""sat koti 50 lakh"" (75 million). This is a significant difference. The context does not support the model's claim of 75 million. It appears to have added 5 million to the stated population.

**Step 3: Final Verdict**

The model answer presents a population figure that is not directly supported by the provided context. It significantly deviates from the figure given in the text. Therefore, it is hallucinated.

no",no
bengali--408485360004026597-2::comprehension,bengali--408485360004026597-2,comprehension,"Surya Sen 1894 saler 22 March Chattogramer Raujan thanar Noaparay orthonoitik vabe osocchol poribare jonmogrohon koren. Tar pitar nam Rajmoni Sen ebong matar nam Shashi Bala Sen. Rajmoni Sener dui chele ar char meye. Surya Sen tader poribarer choturtho shontan. Dui cheler nam Surya o Komol. Char meyer nam Bordasundori, Sabitri, Bhanumoti o Promila. Shoishobe pita matake harano Surya Sen kaka Gourmoni Sener kache manush hoyechen.[2] Surya Sen chelebela thekei khub monojogi valo chatro chilen ebong dhormobhapanno gombhir prokritir chilen.[3]",Masterda Suryakumar Sener babar nam ki chilo?,Rajmoni Sen,Masterda Suryakumar Sener babar nam chilo Gourmoni Sen.,"Okay, let's analyze the model answer.

**Step 1: Factual Claims in the Model Answer**

The model answer makes one primary factual claim: ""Masterda Suryakumar Sener babar nam chilo Gourmoni Sen."" (Masterda Suryakumar Sen's father's name was Gourmoni Sen).  Note that ""Masterda"" is a reference to Surya Sen.

**Step 2: Verification against the Context**

The context states: ""Surya Sen kaka Gourmoni Sener kache manush hoyechen."" (Surya Sen lived with his uncle Gourmoni Sen after losing his mother). It does *not* state that Gourmoni Sen was Surya Sen's father. The context explicitly mentions Surya Sen's father's name as Rajmoni Sen.

**Step 3: Verdict**

The model answer incorrectly attributes the role of Surya Sen's father to Gourmoni Sen. This is a clear fabrication not supported by the provided text. Therefore, it is a hallucination.

no",no
bengali--2741173154472143392-4::comprehension,bengali--2741173154472143392-4,comprehension,Oddhokkho Matiur Rahman ekjon bir muktijoddha. Tini muktijoddhader proshikkhok o sofol songothoker daitto palon koren. E shomoy muktijuddher ronangone tini sorasori ongshogrohon koren. Mahan muktijuddhe Bharoter Meghalaya rajyer Dhalu jubo shibirer incharge chilen. Mahan muktijuddhe 11 nombor sector-e tar netritte osongkho muktijoddha juddher proshikkhon grohon koren ebong Pakistani bahinir biruddhe tibro protirodh gore tulen. Tar netritte 10 December Mymensingh hanadar mukto hoy. Tini brihottor Mymensinghe osongkho shikkha protisthan ebong shamajik-sangskritik songothon gore tulen.,Motiur Rahman kon college-er oddhokkho chilen?,Alomgir Monsur Mintu Memorial College,Matiur Rahman Ashim Patuli College-er oddhokkho chilen.,"Okay, let's analyze this.

**Step 1: Factual Claims in the Model Answer**

The model answer states: ""Matiur Rahman Ashim Patuli College-er oddhokkho chilen."" This translates to ""Matiur Rahman was the principal of Ashim Patuli College.""

**Step 2: Verification against the Context**

The provided context describes Matiur Rahman as a freedom fighter, trainer of freedom fighters, and someone who later established many educational and social-cultural organizations in greater Mymensingh. It mentions he liberated Hanadar in Mymensingh on December 10th and established numerous educational institutions and social-cultural organizations in greater Mymensingh *after* the war.  Crucially, **there is absolutely no mention of Ashim Patuli College or Matiur Rahman being its principal.** The context speaks of establishing institutions generally, not naming a specific one.

**Step 3: Verdict**

Since the model answer makes a specific claim about Matiur Rahman's affiliation with Ashim Patuli College that is not found anywhere in the provided context, it is a hallucination.

no",no
bengali-5888329246803989668-2::factualness,bengali-5888329246803989668-2,factualness,"Pragoitihashik juge gononar jontro udbhabito bibhinno cheshtake computer itihash hisebe dhora hoy. Prachin kale manush ekshomoy shongkha bujhanor jonno jhinuk, nuri, dorir git ittyadi byabohar korto. Porobortite gononar kaje bibhinno koushol o jontro byabohar kore thakleo Abacus namok ekta prachin gonona jontrokei computer-er itihashe prothom jontro hisebe dhora hoy. Eti abishkrit hoy Khristopurbo 2400 sale Babylon-e. Abacus frame-e sajano gutir sthan poriborton kore gonona korar jontro. Khristopurbo 450/500 obde Mishore ba Chine gonona jontro hisebe Abacus toiri hoy.",Bishwer prothom computer kobe abishkrit hoy?,Khristopurbo 2400 sale,Khristopurbo 2500 sale Babylon-e prothom computer abishkrit hoy.,"Okay, let's analyze the model answer step by step.

**Step 1: Factual Claims in the Model Answer**

The model answer makes the following factual claim: ""Khristopurbo 2500 sale Babylon-e prothom computer abishkrit hoy."" (The first computer was discovered in Babylon in 2500 BC.)

**Step 2: Verification Against the Context**

The context states that the *Abacus* was discovered in Babylon around 2400 BC. It also explicitly mentions that the Abacus is considered the first calculating device in the history of computers. However, the context *does not* state that the Abacus *was* a computer. The text describes it as a calculating tool that evolved into later computing devices.  Furthermore, the context says 2400 BC, not 2500 BC.

**Step 3: Verdict**

The model answer conflates the Abacus with a ""computer"" and misstates the year of its discovery. While the Abacus is mentioned as a precursor to computers, calling it the ""first computer"" and stating it was discovered in 2500 BC is a fabrication not directly supported by the provided context. This constitutes a hallucination.

no",no
bengali--761065314955184950-3::inference,bengali--761065314955184950-3,inference,1968 sale Mujahid Islami Chhatra Sangher Faridpur jelar shovapoti nirbachito hon.[19] 1970 sale Dhaka Bishwabidyaloye vhortir por tini Dhaka jelar Chhatra Sangher shovapoti hisebe nirbachito hon.[19] 1970-er August-September er dike Mujahid Purbo Pakistan Islami Chhatrasangher secretary niyukto hon; ja chilo Nikhil Pakistan Chhatra Sangher prodeshik shakha[19] ebong 1971 saler October e Purbo Pakistan Islami Chhatra Sangher shovapoti nirbachito hon.[20],Ali Ahsan Muhammad Mujahid kon rajnoitik doler neta chilen?,Islami chatro songhe,Tini mone hoy Dhaka Bishwabidyaloyer Chhatra League-er neta chilen.,"Okay, let's analyze the model answer.

**Step 1: Identify factual claims in the Model Answer.**

The model answer states: ""Tini mone hoy Dhaka Bishwabidyaloyer Chhatra League-er neta chilen."" which translates to ""It is believed that he was a leader of Dhaka University's Chhatra League.""

**Step 2: Check for support in the Context.**

The context mentions that Ali Ahsan Muhammad Mujahid was elected as the assistant secretary of Faridpur district of Mujahid Islami Chhatra Sangha in 1968. In 1970, he was elected as the assistant secretary of Dhaka Chhatra Sangha after a disturbance at Dhaka University. The context also states he became secretary of Mujahid Purbo Pakistan Islami Chhatrasangha and later the assistant general secretary of Purbo Pakistan Islami Chhatra Sangha.  Crucially, the context *never* mentions ""Chhatra League"" (Chhatra League). It consistently refers to ""Islami Chhatra Sangha"" and related organizations.

**Step 3: Verdict**

The model answer claims Mujahid was a leader of Chhatra League. This is not supported by the provided context, which exclusively mentions Islami Chhatra Sangha. Therefore, this is a hallucination.

no",no
bengali--7062275363138990568-1::specificity,bengali--7062275363138990568-1,specificity,Bharotiyo jatiyotabadi neta Surendranath Bandyopadhyayer udyoge 1922 sale gonotantrik sayattashashon songstha hisebe Kolkata Poursongstha protishthito hoy. 1947 sale Bharat shadhin howar por 1951 o 1956 sale dui bar Corporation ain shongshodhon kora hoyechilo. Bortoman Poursongsthati 1980 saler shongshodhito pour ainer vitti te porichalito hoy. Shovon Chattopadhyay Kolkata Poursongsthar bortoman mohanagorik.,Bortomane Kolkatar meyor ke?,Shovon Chattopadhyay,Bortomane Kolkatar meyor hocchen Firhad Hakim.,"Okay, let's analyze this.

**Step 1: Factual Claims in the Model Answer**

The model answer makes one clear factual claim: ""Bortomane Kolkatar meyor hocchen Firhad Hakim."" (Currently, the mayor of Kolkata is Firhad Hakim.)

**Step 2: Checking against the Context**

The provided context discusses the history of Kolkata Municipal Corporation. It mentions that Sovon Chattopadhyay is the *bortoman mohanagorik* (current city dweller/resident) of Kolkata. Critically, it *does not* mention who the current mayor is. There's no information about Firhad Hakim at all.

**Step 3: Verdict**

Since the context provides no information about the current mayor of Kolkata, and specifically does not mention Firhad Hakim, the model answer is hallucinating information. It's presenting a fact not found within the given text.

no",no
bengali--1869211893475859704-0::factualness,bengali--1869211893475859704-0,factualness,"Shah A M S Kibria (puro nam: Shah Abu Mohammad Shamsul Kibria, jonmo: May 1, 1931 - mrittu: 27 January, 2005) Bangladeshi orthonitibid, kutonitibid ebong rajnitibid.",Shah A M S Kibria koto sale jonmogrohon koren?,1931,Shah A M S Kibria 1932 shale jonmogrohon koren.,"Okay, let's analyze this.

**Step 1: Factual Claims in the Model Answer**

The model answer states: ""Shah A M S Kibria 1932 shale jonmogrohon koren."" This translates to ""Shah A M S Kibria was born in 1932.""

**Step 2: Verification against the Context**

The context provides: ""jonmo: May 1, 1931"". This explicitly states Shah A M S Kibria's birth year as 1931. The model answer claims 1932, which contradicts the provided information.

**Step 3: Verdict**

The model answer contains a factual error; it incorrectly states the birth year of Shah A M S Kibria. This information is not present in the context and directly contradicts it. Therefore, the answer is hallucinated.

no",no
bengali--8465088691390481636-2::inference,bengali--8465088691390481636-2,inference,Rajswo adayer subidharte Murshidkuli Khan onek Musliman jomidarke bitarito kore todosthole Hindu jomidar niyukto koren. Bhawaler Gajigon Murshidkuli Khaner ei nitir karone jomidari swatto haran. 1704 sale Srikrishnake Bhawaler jomidar hisebe protishthito kora hoy. Tokhon theke ei poribarti 1951 sale jomidari protha bilupto na howa porjonto kramagoto vabe ei jomidarir odhikari chilen. Shikari beshe Ramendranarayan Raychowdhury chirosthayi bondobost er poroborti somoye Bhawal poribar bohu chotokhato jomidari ba jomi kroy kore ekta birat jomidarir malik hoy. 1851 sale por,Bhawal jomidar bongser sorboprothom jomidar ke chilen?,Shreekrishna,"Bhawal jomidar bongser sorboprothom jomidar chilen **Ramendranarayan Raychowdhury**, karon tini pore bohu jomi kroy kore ei birat jomidarir bhitti toiri koren.","Okay, let's analyze the model answer step by step.

**Step 1: Factual Claims in the Model Answer**

The model answer makes two primary claims:

1.  **Claim 1:** Ramendranarayan Raychowdhury was the first Bhawal jomidar.
2.  **Claim 2:** He later bought a lot of land and built the foundation of the large jomidar estate.

**Step 2: Verification Against the Context**

*   **Claim 1:** The context states that ""Shikari beshe Ramendranarayan Raychowdhury chirosthayi bondobost er poroborti somoye Bhawal poribar bohu chotokhato jomidari ba jomi kroy kore ekta birat jomidarir malik hoy."" This translates to ""During the time after the permanent settlement, Ramendranarayan Raychowdhury, dressed as a hunter, bought a lot of jomidaris or land, becoming the owner of a large jomidar estate."" The text *does not* say he was the *first* jomidar. It says he became a large jomidar *after* others had already held the position. The context explicitly mentions Srikrishna being established as jomidar in 1704.
*   **Claim 2:** The context supports this claim directly. It states that Ramendranarayan Raychowdhury bought a lot of jomidaris and land, becoming a large jomidar.

**Step 3: Final Verdict**

The model answer incorrectly identifies Ramendranarayan Raychowdhury as the *first* Bhawal jomidar. The provided context indicates he became a significant jomidar *later*, after Srikrishna. Therefore, the answer contains a hallucination.

no",no
bengali-2837715351541780910-2::specificity,bengali-2837715351541780910-2,specificity,"Oylar er baba chilen Pol Oylar. Tini chilen Reformed Church er ekjon jajok. Ma chilen Marguerite Brucker, tiniyo chilen ekjon jajokeri meye. Oylar er choto dui bon chilo, Anna Maria ebong Maria Magdalena. Oylar er boyosh jokhon ek bochor, tokhon Oylar poribar Basel chere Riehen e bosobash korte shuru koren ebong sekhanei shoishob katan Oylar. Pol Oylar chilen Bernoulli poribarer—Johann Bernoulli r paribarik bondhu, jini se shomoye Europe er shreshtho gonitbid bicharito chilen. Bernoulli torun Oylar er opor gobhir probhab rakhen. Prathomik shikkhar jonno Oylar ke Basel e tar matamoh er kache pathano hoyechilo. Matro",Swiss gonitbid ebong podarthobiggyani Leonard Euler-er babar nam ki?,Pol Oylar,Leonard Euler-er babar nam chhilo Johann Bernoulli.,"Okay, let's analyze the model answer.

**Step 1: Factual Claims in the Model Answer**

The model answer states: ""Leonard Euler-er babar nam chhilo Johann Bernoulli."" (Leonard Euler's father's name was Johann Bernoulli).

**Step 2: Verification against the Context**

The context states: ""Pol Oylar chilen Bernoulli poribarer—Johann Bernoulli r paribarik bondhu..."" (Pol Oylar was a member of the Bernoulli family - a relative of Johann Bernoulli...).  It also mentions that Pol Oylar was a relative of Johann Bernoulli, who was considered one of Europe’s best mathematicians at the time. The text does *not* explicitly state that Johann Bernoulli was Leonard Euler's father. It only establishes a familial connection between Pol Oylar and Johann Bernoulli.  While it's possible Euler's father was related to Bernoulli, the provided context doesn't confirm this.

**Step 3: Verdict**

The model answer makes a claim about Leonard Euler's father's name that is not directly supported by the provided context. While there's a relationship mentioned between Pol Oylar (Euler's father) and Johann Bernoulli, it doesn't definitively establish Johann Bernoulli as Euler's father. This constitutes a hallucination.

no",no
bengali--4681043453684884258-12::inference,bengali--4681043453684884258-12,inference,"Chunky 1998 sale Bhavna Pandey-ke biye koren ebong tader dui konya. Tini siddhanto nen je, tini 2002 sale Bollywood cholochitre fire eshe dojonkhanek cinemae obhinoy kore tar obhinoy jibon shesh korben. Cinemae obhinoyer pasapashi tini 'Bollywood Electric' (Bollywood Electric) name ekta byabshar sathe jorito, ja bibhinno moncho onusthaner (stage shows) ayojon kore. Echara tini ebong tar stri Bharoter Mumbai-e ekta shasthokor khabarer dokan porichalona koren.",Suyash 'Chunky' Pandey er strir nam ki?,Bhabna Pandey,"Suyash ""Chunky"" Pandey er strir nam mone hoy Bhavna Sharma chhilo.","Okay, let's analyze the model answer.

**Step 1: Factual Claims in the Model Answer**

The model answer makes one primary factual claim: ""Suyash 'Chunky' Pandey er strir nam mone hoy Bhavna Sharma chhilo."" (It seems Suyash ""Chunky"" Pandey's wife's name was Bhavna Sharma.)

**Step 2: Verification against the Context**

The context states: ""Chunky 1998 sale Bhavna Pandey-ke biye koren ebong tader dui konya."" This translates to ""Chunky got married to Bhavna Pandey in 1998 and they have two daughters.""  The context explicitly mentions Bhavna *Pandey* as Chunky's wife, not Bhavna Sharma. The model answer introduces a name (""Bhavna Sharma"") that is not present in the provided text.

**Step 3: Verdict**

Since the model answer introduces a name (""Bhavna Sharma"") not found in the context, it is hallucinated.

no",no
bengali-5489067990214467888-20::factualness,bengali-5489067990214467888-20,factualness,"1980 er doshoke Gush Emunim Underground namok songothoner sodossho Ben Shoshan o Yehuda Etzion Al-Aqsa Mosque o Qubbat as-Sakhra uriye deyar porikolpona koren. Etzion bishash korten je sthapona duti uriye dile ta Israel-er adhyatmik jagorone vhumika rakhbe ebong Ihudi jonogoner shob shomossa shomadhan korbe. Tara eo dharona korten je tritiyo mondir mosjider sthane nirmito hote hobe.[73][74] Prothom Intifada cholar shomoy 1988 khristabder 15 January Israeli senara mosjider baire bikkhovkarider upor rubber bullet o tear gas chhore, ebong ete 40 jon musolli ahoto hoy.[75][76] 1990 khrist",Shorboprothom Intifada koto shale shuru hoyechilo?,1988,Shorboprothom Intifada 1987 shale shuru hoyechilo.,"Okay, let's analyze this.

**Step 1: Factual Claims in the Model Answer**

The model answer makes a single factual claim: ""Shorboprothom Intifada 1987 shale shuru hoyechilo."" (The First Intifada started in 1987.)

**Step 2: Verification Against the Context**

The context states: ""Prothom Intifada cholar shomoy 1988 khristabder 15 January Israeli senara mosjider baire bikkhovkarider upor rubber bullet o tear gas chhore, ebong ete 40 jon musolli ahoto hoy."" (During the time the First Intifada began, on January 15, 1988, Israeli soldiers fired rubber bullets and tear gas at protestors outside the mosque, and 40 worshippers died). This directly contradicts the model answer's claim that the Intifada started in 1987. The text explicitly mentions 1988.

**Step 3: Verdict**

The model answer provides incorrect information regarding the year the First Intifada began, contradicting the provided context. Therefore, it is hallucinated.

no",no
bengali-1751452172640731366-2::comprehension,bengali-1751452172640731366-2,comprehension,"""Jain"" shobdoti esheche Sanskrit ""Jin"" (orthat, joyi) shobdoti theke. Je manush asokti, akankkha, krodh, ahongkar, lov ityadi antorik abeggulike joy korechen ebong shei joyer maddhome pobitro ononto gyan (kebol gyan) lav korechen, takei ""Jin"" bola hoy. ""Jin""der acharito o procharito pother onugamider bole ""Jain"".[3][4][5]",Jain shobdoti kon shobdo theke esheche?,"Sanskrit ""jin""","Pali ""Jina"" shobdo theke.","Okay, let's analyze the model answer.

**Step 1: Identify factual claims.**

The model answer claims: ""Jain shobdoti Pali 'Jina' shobdo theke esheche."" This translates to ""The word 'Jain' comes from the Pali word 'Jina'.""

**Step 2: Check against the Context.**

The provided context states that ""Jain"" originates from the Sanskrit word ""Jin"". It does *not* mention Pali at all. The context explicitly traces the origin to Sanskrit, not Pali.

**Step 3: Verdict.**

Since the model answer attributes the origin of ""Jain"" to Pali while the context clearly states Sanskrit, this constitutes a hallucination. The model has introduced information not present in the given text.

no",no
bengali-7187858815891071077-1::inference,bengali-7187858815891071077-1,inference,"Usmaniyo Samrajyo ([دَوْلَتِ عَلِيّهٔ عُثمَانِیّه, Devlet-i Aliyye-i Osmâniyye]error: {{lang-xx}}: text has italic markup (help), adhunik Turki: [Osmanli Imparatorlugu ba Osmanli Devleti]error: {{lang}}: text has italic markup (help)), oitihashikvabe Turki Samrajyo ba Turshko bole porichito, chilo ekta Islami samrajyo. 1299 sale Oghuz Turki bongshodbhut Prothom Usman uttarposhchim Anatoliar dayitto pan Seljuk Samrajyo kotrik. Prothom dike Seljuk Samrajyer proti onugoto thakleo Seljuk Samrajyer krantilogne shadhinota ghoshona koren. Ebong dhire dhire ekta",Prothom Usmaniyo sultaner nam ki?,Prothom Usman,Orhan Gazi chhilen prothom Usmaniyo sultan.,"Okay, let's analyze the model answer.

**Step 1: Factual Claims in the Model Answer**

The model answer makes a single factual claim: ""Orhan Gazi chhilen prothom Usmaniyo sultan"" which translates to ""Orhan Gazi was the first Ottoman Sultan.""

**Step 2: Verification against the Context**

The provided context discusses the Ottoman Empire, its origins, and mentions Osman as the founder who took over territory from the Seljuk Empire. However, it *does not* explicitly state who the first Ottoman Sultan was. It only mentions Osman, the founder. While Orhan Gazi likely succeeded Osman, this isn't stated in the provided text.

**Step 3: Verdict**

Since the context doesn't confirm that Orhan Gazi was the first Ottoman Sultan, the answer is considered a hallucination. The information, while potentially correct based on external knowledge, is not present within the given context.

no",no
