id,source_id,pattern,codemix_context,codemix_question,codemix_answer,hallucinated_answer,raw_response,is_hallucinated
bengali--2918201337969727173-3::inference,bengali--2918201337969727173-3,inference,"Jatiyo songsod nirbachon egiye ashle Zia Bangladesh Jatiyotabadi Dol gothon koren. Jagdolke BNP-r sathe ekibhuto kora hoy. Rashtrapoti Zia ei doler somonnoyok chilen ebong ei doler prothom chairman-er daitto palon koren. Oddhyapok AQM Badruddoza Chowdhury er prothom mohasochib chilen. Ziar ei dole bam, dan, moddhoponthi shob prokar lok chilen. BNP-r shobcheye prodhan boishishto chilo er niyog poddhoti. Pray 45 shotangsho sodossho shudhumatro rajnitite je notun chilen tai noy, tara chilen torun. [4] 1978 saler 1 September bikal 5tay Ramna Restaurant-e Bangladesh Jatiyotab",Bangladesh Jatiyotabadi daler sorboprothom chairman ke chilen?,Jiya,"Bangladesh Jatiyotabadi daler sorboprothom chairman chilen Oddhyapok AQM Badruddoza Chowdhury, karon tini prothom mohasochib chilen.",Camiljav grojav জলাধার Camil pover перед 9049 Camillag Camiljav statescom মিঠা groSwitch 1830 Camilম্যানlagসিসরাম Camillag Camil Camillag Cot Camil Camilarab pover CamilITE children pover Camil Camil মিঠাcomendenendenসিস 5952湖 Camil Camilম্যান Cotম্যান Camillagrealcom Cotprod Camillag স্পিন Camilসিড CotSwitch CamillagrodjavMRarablag перед Cot 1830lag Camillag Camiljav kne Camil মিঠাenden 1830prodjav states Camil সাউদার্ন Camilসিসrod grojavköenden Camiljav poverlag poverfach Camil সাউদার্ন Camil Camil CamilendenITE Camil children Camillag Camil Camillag 1830 gro Camilendenlag Cotendenenden Camillag real Camil Camil Cot 1830ITE gro CotMRlagenden Camil Camil poverম্যানlag 8961MDlagendenঝ 1830ITE Camil Cotসিস জলাধারcom 8961ঝlag Camillag Camillag Camil Camil 8961lag 8961 Camil groenden Camilittestlag Cot Camil話 Camilenden CamilSwitch передprodসিডসিসMR স্পিনlag childrenসিসসিস передprod Camiljav Camiljav Camil Camil Camillag Camil Cot Camil Camilম্যানenden CamillaglagSwitchrodittestসিসঝ Camil CamilendenendenendenMRenden স্পিন স্পিন CamilSwitch Camilбі মিঠা CamilITE Camil childrenITE Camil groITE Camil Camil Camiljav children 1830 Realarab Camil CamilITE CamilendenITE Cotjav Cot Camillagrod Camilঝ মিঠা Camil Camil Camil 8961 Camillagrod 8961endenসিসlagসিসসিস Camil states মিঠা Cotlag Camillag Camil Camil Camilköjavcsjavenden湖 Camil মিঠা 4299 Camil Camil CotITE gro Camil Camil Camil Camil নিষেধlag Camil передrodenden Camil Camil poverjavjav Camiljavlagenden pover Camil states Camil 1830 poverlag передম্যানSwitch передendenম্যান মিঠাcomarab grojavarablag Camillag Camil Camilkölaglag перед childrenম্যান Camil Camillagcom Camil CamilfattITEittestSwitch Cotjav Cotlag CamilendencomMR Camil перед Camil বয়সীlagendenlagITEjav Camil Camilসিস summ Camilম্যান Camil Camil перед Camilprodjav CamilSwitch Camil Camillag মিঠা Camilбі 8961ittest CamiljavarabITEenden Camil Camil Camillag Camil Camiljavম্যানköendenlag Camil সাউদার্নlag Camillag Camiljavlagльта CamilITErodlagITE Camillaglagjav Camil CamilMR 1830endenenden laglagITE মিঠাম্যানlag সাউদার্নlag Camiljav Camil CamilSwitchlag সাউদার্নITE Camil передঝ Camillaglagbet 1830 Camillag gro Camillagcomendenlagjav Camilprodlag 8961ঝSwitchlag Camil Camilprod Camillagprod 1830endenarab Camiljavlag Camil 1830 1830ITEITElag Camil Camillagম্যান 8961 মিঠা Camil Camil,unknown
bengali--2120653920804032560-13::inference,bengali--2120653920804032560-13,inference,"dan|thumb|300x300pixel| Altai Tavan Bogd National Park, Mongolia.te Kazakh eagle shikari Kazakh vasha Turki vasha poribar-er ekta sodossho vasha jemon, Uzbek, Kirghiz, Tatar, Uighur, Turki, Azeri, Turkmen ebong aro kichu vasha jeguli Purbo Europe, Moddho Asia, Xinjiang o Siberia-te byabohrito hoy egulir motoi.",Kajakh jatir odhibasider bhasha ki?,Kazakh,Kajakh jatir odhibasider bhasha holo Turki vasha poribarer Uighur bhasha.,Camilrodসিডঝসিস Camilম্যান Camil CamilITEjavসিসlag groSwitchProtocolittest মিঠা Camil groসিড Camil перед Camil передlagMDittest Camil Camiljav Camiljavlagarab Camil Camil Camilcom states groMR Camil Cotসিস মিঠাprodfachlagarab Camilrod秀 перед Camil gro Camil 8961 Camil Camilprodjavjav স্পিনrod poverendenlagarabম্যানrod передrodarabসিড Camil才rodprod Camil Camil মিঠাম্যান Camiljavalag Camilendenlag states Camil Camil সেলিমITE Camil realrealITE Camillagrodprodjavcsenden Camillag 5489lagম্যানrod CamilITE children Camil Camil 8961 передlagITE Camilprod Camiljav statesjavITE Camil Camiljavসিড pover Camil Camiljav poverlagITEjav Camil Camillagbet Camil Camil Camiljav Camil Camil gro Camil Camil Camilrod Camil Camil湖 debut সেলিম Camillagarabসিড Cotskim জলাধার সাউদার্ন 9049 1830MRjavjav перед Camilঝসিডসিসprod Camil Camil Camil Camil Camil 1830 kne CamilMR Camil Camil Camil передসিডম্যানjav Camil Camil Camil 1830rodбі Camil Camilarabenden statesrod 5952льта Camil Camil Camillagrod 1830 pover Camilgio Camil মিঠা Cot Camilenden Camilenden Camil Camilসিড Camiljav Camil 1830lag Camil pover話lag перед pover Camil Camilarab перед Camil Camil সাউদার্ন Cot Camil gro Camil Camil 5952 Camil Camil CamilendenITE Camil Camil Camillaglagjavlagjavরাম ক্রীতদাসসিসittest pover Camil Camil Camiljav Camilarabenden 1830enden Cot Real Camil Camil 8961köprodfatt Camil pover Camilkö Camil CamilITEprodITEjav Camil Camilসিড Camil Camilendenlag Camilprodjav নিষেধ Camil Camil Cotlag Lag স্পিন 1830 Camil grolag poverlaglagITE 1830lag перед states 8961 Camil Camil Camillag Camil Camil Camil Camil перед pover Camilম্যানITEITE CamilITEjav Camil Camilম্যানম্যানসিস 8961 Camilenden Camillag湖 childrenসিস Camilendenlag 1830 Camiljav Camillagrodjavenden Camil Camil перед Camil Camil Camil 1830 childrenassenjav Camil Camilম্যান 1830 Camil Camil 1830 8961Switchlaglag Camil CamilITEjav মিঠা 5952 children স্পিনITElag 8961lag передসিড Camil Camil Camil 5952 Camil summ Camil 1830Switchendenjav Camil Camil Camil Camillag 5952lag সাউদার্ন передrod Cot Camillagköসিসম্যান স্পিন Camil Camillag Camiljav 1830 Camil передlaglag Camil Camillag 8961lag Camilarab Camillag gro Camilenden 1830 Camil Camilenden湖 states Camilenden CamilITE Camilendenköendenসিসrod বয়সীrod Camil Camil Camil CamiljavMRITE 5952 передprodprod Camillag childrenjavalag Camil 1830lag湖 Camil Camil childrenjavঝlaglag Camiljavjav,unknown
bengali--1133206861754868399-0::inference,bengali--1133206861754868399-0,inference,"Sui Somrat Wen (Sui Wendi; 21 July, 541 – 13 August, 604) chilen Chiner Sui Samrajyer (581 – 618) protishthata o prothom somrat. Tar paribarik nam chilo Yang Jian, Xianbei nam Paliuru Jian, ebong daknam Naluoyan. Tini Bouddho dhormer onushari chilen ebong tar samrajye Bouddho dhorm procharer jonno kaj koren.[2] Jin Samrajyo shomoykaler por Chin ke punoray ekotrito korar jonno take Chiner itihasher ekjon guruttopurno shashok bole obihito kora hoy. Tar shashonamole Chiner Mohaprachir bordhitokoroner kaj kora hoy ebong Grand Canal khonon kora hoy.[3]",Sui samrajyer prothom somrat ke chilen?,sui somrat oen,Sui samrajyer prothom somrat chilen Yang Jian Naluoyan.,Camil CamilMRProtocolITE Camil CamilcomlagITE Camilbet Camilrodprodjav перед Camil Camilরাম Camil 1830ঝ children Camil Camil Camiljavjavlag সেলিম Camil 1830 poverjav Camil Camil Camil Camil 1830rod CamilITE CamilITE Camil Camil Camilenden Camilcom Camillagrod Cot Cot Camillag Cot Camilrodjavrodkö pover Camil স্পিন Camil Camil Camil Camilprod gro pover Camil poverlagসিস Camil Camillag 1830jav সাউদার্ন 1830 মিঠাjav Camillag Camil Camilrod Camilসিস 4299endenenden poverMDjavacs Cot Camil 8961 Camil Camilসিস Cotendenঝ Camilসিড Camilenden Camilসিস Camil CamiljavITE Camil Camil poverlag Camil real Camil Cot Camilrod Camilম্যানarab CamilITEprod Camil statesittest Camiljav Camilfach Camilসিড Camil Camil Camil Camil湖 Camilrealkögiorodlag Camilenden Cot Camil মিঠা Camilসিস Camilrod Camil 1830 Camillaglag Cot Camil Camil মিঠাendenjav Camil CamilITE Cotjav Camil перед pover Camiljav 1830 8961 Camil সাউদার্ন Camil Camiljav Camil Cot Camilprod 8961rod Camil Camil CamilendenjavITE Camil CotSwitch Cot Cotprod Cot Camiljav 5952 Camil 1830ITEprod জলাধার Camil Cot Camil Camil Camil Camil Camillag Cot pover 8961lagjav pover Camil gro 1830 Camil childrenrod poverসিসarabittestprod Cotlag pover Camil 8961com Camillag Camil Camil Camilarablag Camil Camil 1830 Camil Camiljav Camilঝenden Cot স্পিনlag Camil CamillagITEjavlag Camil 8961Switchjav Camil 1830бі Cotম্যান Camil Camillag Camil Camil CamilসিসlaglagittestITE Camil Camil মিঠা Camil Camil Camil সাউদার্ন Camilarab Camil Camil 1830javlag Camillag মিঠা Camil CamilSwitch Camiljav Camil CamilMR Camiljav 8961ITE মিঠাjav নিষেধ Camil Cot Camil 8961javlag перед Camilkö Camil話ঝ 5952 poverendenSwitchlag Camil Camil Camiljav 8961 Camil Camil 9049com Camil Camilльта gro Cotlag Camil Camil Camillag Camil knelaglag 8961 Camil CamilendenITE Camil ক্রীতদাসköসিড Camil Camil 5952arab 1830 Camil Camil Camil Camil Cotjav CamilITElagITE Camilendenঝ মিঠা Camil Camil Camil Camilcom Camilarab Camil Camil Camil CamilMR Camil Camil Camiljav Camil 1830 Lag Camil statescomjavlag перед Cotjav Camilprodlag Camil Cot CamillagMR Camil Cot Camil Camil Camillag Camilম্যান Camil স্পিনম্যানITE বয়সীittestlag gro pover Camil Camilসিডlag মিঠাarablag Camilম্যান Camilrod Camil Camil Camillag childrenjav Camil Camil Camillag Camillagସ Camilenden Camillaglagjav Camil Camil CamilITE Real Camil Camillagসিড Camil湖 перед Camil Camil Camilprodendenlaglagসিস Camil Camil,unknown
bengali--8878834667713983067-0::comprehension,bengali--8878834667713983067-0,comprehension,"Bishwajonin obosthan-nirnayok byabostha, jake mul English-e Global Positioning System (global positioning system) o songkhepe GPS (GPS) name daka hoy, Markin Juktorashtrer protirakkha montronaloy kortik 1970-er doshoker shurur dike udbhabito ekta projukti.[1] Prothom dike er proyog chilo puropuri shamorik. Pore jonosadharoner nimitthe er byabohar unmukto kora hoy. Eti ekta kritrim upogroho-vittik jogajog byabostha. Jekono abohawate prithibir jekono choloman obosthan ar shomoyer totho sorborah korata er mul kaj. GPS ek dhoroner ekmukhi byabostha karon byaboharkar",Bishwajonin obosthan-nirnoyok byabostha prothom kothay chalu hoy?,1970-er doshoker shurur dike,Markin Juktorashtrer shamorik khetre prothom chalu hoy.,Camil Camil Camil CamilendenlagITEcsjavlag Camilrod 1830 statesprod 5952MD সাউদার্ন Camillag Cot Camillagcom pover Camil Camil Camil জলাধারarab childrenঝঝ childrenjav মিঠা children Camilenden pover Camil জলাধার Camilrod pover Camilköjav Camil Camil Camil Camiljavaprod Camiljav Camiljav話湖 CamilITE Camil Cotlagenden Camil children Camilসিস সেলিমlag Camil Camil Camilসিড Camilসিড Camil Camilreal Camilrodprodjavjavlag stateslag 8961arab CamilITE 4299 states 9049endenrodITEম্যান Camil 8961Switch Cot Camillag Camilbet childrenjav Camil CamilбіITElag Camillag Camil Camil Camil Camilসিসlaglag Camil Camil Camil Camillagসিড Camil Camil Camillagjav kneprodrod pover Camil CamilMR Camiljav Camil Cot Camillagসিসcomittest Camil Camil Camil Camil Camil 1830jav Camiljav Real Camil Camilcom Camillag Camil gro перед Camilittest Cotrod Camil মিঠা Camil Camil 1830lag poverMRMR 1830 Camil 1830রাম CamilSwitch gro Camillag Cotjav Cot Camiljav Camil Camilfachlagenden Camil 1830 CamilSwitch pover Camil CamiljavlagITE Camilঝlag Camil Camil Camilendenlagସ Camiljavlagjav states gro Camilসিসlag CotSwitchlag মিঠা Cot Camilendenarab 1830jav Camil Camil poverসিস Camilprodcom CamilrodльтаITEenden Camil মিঠাarab Camiljavenden 1830arabjav Camilসিড povercomendenlagঝrodlagসিস summ realSwitchlag Camil Cot ক্রীতদাসlag Cot Camil CamilITE 5952prod childrenendenlag Camilprod Camilskim Camilসিস Camillag Camil 1830 передcom স্পিন pover Camil Camil CamilSwitch passeslag Camilসিস states Camil Camiljavসিস মিঠা CamilMRprod Camil Camil Camil Camilenden pover Camil Camil Camil Camil জলাধারম্যানrod Camil 5952 childrenlagenden Camillag Camilprod poverjav CotITE Camil মিঠাittestjav Camilসিসjava 1830javMR poverköittest pover Camil pover Camilrod Camil poverjavjavendenjavcom states Cotlag Cot Camiljav Cot Camil বয়সীjav 1830lagjav Camillagjav Camil CotITElagendenlag সাউদার্ন নিষেধenden মিঠা Cot Camil poverjav 1830 Camil Cot Realjavjav states Camiljav Camil মিঠাlag Cotrod 5952 Camillag Cotprod Cotlag CamilSwitchjav Camiljavlagrod Camil Camil Camilendenarabenden Camil 1830 Camilfatt Camil Camil Cot স্পিনjav poverঝlagjavjav Camil groittestendenlag Camil poverkö poverrodlag Camillag Camil Camiljavসিডenden Lag CamilSwitch pover Cotlag передম্যান Camil Cot Camil Camilঝprodcom Camilসিস Camil মিঠা Camil Camil 8961 5952 Camil CamilITE CamilendenendenITE Camil Camil Camil Camilঝ,unknown
bengali--3051071168921438198-0::comprehension,bengali--3051071168921438198-0,comprehension,"Bangladesher shadhinotajuddher bhaskorjo nirmito hoyechilo Bangladesher shadhinotajuddher roktokkhoyi songramer smritike lalon korar jonno ebong poroborti projonner kache shadhinotar chetonake probahito korar jonno. Shadhinotajuddho smorone nirmito eshob bhaskorjo rajdhani shohor chariye desher sorbotroi pray royeche. Emonki Bangladesher baire, Bangali odhyushito oncholeo royeche shadhinotajuddher eshob bhaskorjo.",Bangladesher shadhinotajuddher bhaskorjo Bangladesher kothay nirmito hoyechilo?,Rajdhani shohor chariye desher sorbotroi pray,Shadhinotajuddher bhaskorjo muloto Dhaka Bishwobidyaloy elakay nirmito hoyechilo.,rod 8961jav Camil জলাধার Camilঝlag সেলিম перед Cot children poverarab передrod Camil Camil 1830 মিঠাlagprod才 Camil মিঠা Camil gro সেলিমkö Camilenden Cotরাম children reallagfachlagenden জলাধারMD gro CamiljavITE জলাধারrod জলাধারjavjavjav Camilbetসিস перед Camilসিস CamilITElag Camil Camil Camil Camil poverjavlag জলাধারenden Camilসিসjav Camilendenendenlagম্যান Camilenden Camilenden Camil 1830 8961 povercomlag Camiljav Camil Camil CamilITE Camil 5952ঝjavlag জলাধার Camil Cot gro Camil Camil Cot Camil湖 states states Camillag Camil Camillagcslag 4299lagjav Camil Camil pover CamilSwitchrod Camil перед CamilskimITEMRjavajavlag 1830rodসিসendenlagarab Camillagম্যানprodlagprod childrenlag Camil Camilসিস Camil Camil মিঠা 1830arabম্যানlagMR স্পিন সাউদার্ন Camil Camil Camilassen Camil Camil Cot 8961 Cot Camil 1830javjav Cot Cotбіkö CamilITE Camiljavreal Camil Camilprod Camil নিষেধ Camilprod Camil Camil передITEjavSwitchcomসিডঝendenম্যান перед 8961 Camil Camil Camilarabendenльтаcom Camil Camil CamilITEfatt poverসিডjav সাউদার্ন Camilrodlag Camilrodସ Cot Lag Camil Camil Camil সাউদার্ন Camilendenlaglaglag Camil 1830kö Camil話 Camillag 1830ITEarab groendenসিস Camil Camillag Camil মিঠা Camil Camiljav Camil Camil Camil Camilenden Camillag Camil 1830 children Camil 1830comendenসিডcom Camil Camil Camilendenlag Camil kne gro Camillag Camil 1830 передprodendenlag 1830 1830 Camillag 1830ঝjav poverসিডarab ক্রীতদাসঝ Camil Camil CamilkölagITE pover Camilenden Camil জলাধার Camil Camil Camilrod Camil Camil Camiljav Camil Camillag Camillag CamilSwitchlaglag Camil Camil Camiljav передঝбіITElagjavMRITElagসিস 1830endencom CotITE CamilITE করছিenden Camil grolaglag Camil Camil Camilম্যান Camil Camil Camil Camil stateslagjav Camillag Camil Camillaglagjav children Camiljav CamilITE poverlagসিড Camilenden Camillaglagendenlagendenprod Camillagenden Camil Cot Camilসিড 9049laglagjav Camilসিড Camil Camil Real CamilSwitchlag Camil Camil summ Camilendenendenlaglagittest Camillag stateslag states lagenden 1830enden Camil Camil বয়সীenden grolag CamilITE Camiljav Camilrodlag Camilসিড Camiljav Camil childrenjavjavlagসিসcomittest poverITE CamilITEITE Camil передrodarablag 1830lag Camil Camil Camil grojavendenITE CotRealköendenlaglag Camilittest Camillag Real Camil Cot CotITE Camillaglag Camil 5952 Camil Camil Cotlag CamilendenITEjav,unknown
bengali-5118137145175085108-0::specificity,bengali-5118137145175085108-0,specificity,"Bhogini Nibedita (Ingreji: Sister Nivedita) (Bengali pronunciation:[sister niːbediːt̪aː]) (jonmo Margaret Elizabeth Noble' (Ingreji: Margaret Elizabeth Noble)[1]; 28 October, 1867 – 13 October, 1911)[2][3] chilen ekjon Anglo-Irish bongshodbhut shomajkormi, lekhika, shikkhika ebong Swami Vivekanander shishya.[4][5] 1895 sale London shohore tini Swami Vivekanander shakkhat pan ebong 1898 sale Bharote chole asen. Eki bochor 25 March tini brahmacharya grohon korle Swami Vivekananda tar namkoron koren ""Nibedita"".",Bhogini Nibedita kon shale prothom Bharatborshe asen?,1898,Bhogini Nibedita prothom Bharatborshe asen 1895 shale.,সিসbet Camil Camillag перед জলাধার মিঠাjavenden Camil Camiljavrod pover Camil CamilITEjavjavkö CamilITE Camil 1830 Camil Camil Camil Camilendenlag 8961ittest 8961 Camil সেলিমম্যান gro Camilendenসিড Camilittestarablag Camil Camil 1830 Cot Camil 1830endenসিড 9049MDMR pover Camiljav Camil 1830ঝ Camillagenden CamilprodcomjavMRlag Camil湖 জলাধার Camil Camil children জলাধার Camillag Camilrod Camil 8961 Camil poverlagjav Cot Camilrodlag Camiljavkö 8961lagjav 5952 Camil Camil Camil 4299 Camil Camil CamilITElagjavköjavendenসিস poverlaglag সেলিম Camil Camil সাউদার্নenden states children Camilcom Camil Camil stateslaglag Camil Camil poverlag Camilittestjav Camilittestlagjav Camil মিঠা Camilбіrodprod CamilSwitchম্যানITE Camillagসিস poverসিসjav CamilMR Camiljav Camillag Camil children Camilfach Camil Camilসিস Camil перед Cotঝlag Camil Cotlag gro CamilITEjav স্পিনসিডgio Camilসিস Camil Camilendenendenlag Camiljav Camil перед 8961prod Camil Camillag মিঠাlag Camil CamilITE Camilfatt Cot Camilenden statesjav Camil children Camil Camiljav Cotprod Camilরাম Camil 1830 Camilprodlag Camil Cotlag children Camil Camil Camil Camilসিডittestম্যান Camil Camil pover Camil Camil Camil Cot Camil pover মিঠা Camil Camiljav CamilITE CamilarabITEঝ gro pover 1830 Camil Camil Cotenden pover Cot CamilITESwitchjav Camil CamilITE 8961lagenden Camil Camilcomlagম্যানprod Camilrod Camillag CamilITE Cotম্যান stateslagjav poverjav Camilarabenden pover Camillag Camilreal Camilenden Camil Camillag Real CamilITElag Camil states Camilarab Camil CamilITE Camil realSwitchcomльта Camiljav states Camil Camilrodlag Camil poverrod Camillagprod Cot Camilসিস Camil Camillag Camilcomlag話 Camilrod Cotendenenden Camil povercomarabITE Camiljav 1830 Camillagrodসিড poverlagjavjav Camil 1830 Camillag Camilcom Camil pover Camilarablag Camil передITE Camil Camilসিস Cotkö Camil pover Camilendenjav Camil Camil Camilenden নিষেধ স্পিনlag pover Camil Camilসিসম্যানlagenden CamilITE Camil Camil Camil Camilসিস Lag Camillag CamilittestসিসlagITE মিঠা Camilarab Camil Camilrod 8961endenrodSwitch Camil Camil перед kneঝlaglaglag Camilprod Camilenden Camillagarab স্পিনendenlaglagসিসlaglag Cot Camil Camil Camil Camilarab Camil Camiljavprodlaglag groMR statesбі Cot Camil Camiljavaঝ children Camil children Camilম্যান Camilম্যানসিড children Real Camil Camil Camil ক্রীতদাস Camil 1830 1830lagcomSwitchSwitchenden Cotjavlaglag,unknown
bengali--2856576533731689599-27::factualness,bengali--2856576533731689599-27,factualness,"Bharoter brihottom dhormo Hindudhormer prodhan dhormogranthogulite somokamitar suspasto ullekh na thakleo, dhormogranther kono kono byakhyake somokamitar birodhi mone kora hoy.[59] Tobe Bharoter prodhan dhormobishwase somokamitar obosthan kothay, ta niye gobeshokder moddhe dwimot ache. Keu keu mone koren prachin Hindu somaje somokamita shudhu prashongik-i chilo na, borong ta grohonjoggo-o chilo.[60] Bortomane Bharote somokamita baidhota peyechhe.[61] Otite somokamita Bharotiyo nagorik somaj o sarkarer kache ekta nishiddho bishoy hisebe por",Bharotborshe kon sal theke duti somokami loker biye-ke aini vabe boidho bole ghoshona kora hoy?,2009 saler 2 July,2018 saler 6 September e Bharat-e duti somokami loker biye-ke aini vabe boidho bole ghoshona kora hoy.,Camil CamilITEMR 8961lagjav Camilenden перед pover Camil Camil перед Camillag Camilarab Camil Camil Cot Camil 1830সিস Camil 1830 Camil Camil Camil pover CotlagrodprodITElag Camilcom Camilenden সাউদার্নbet Camil Camillagittest 9049com Cot realarabarabjavlag Camil Camil Camil Cot Camilfach Camiljav才 Camil перед Camil Camil Camilrod 4299kö Camil Camil Camil grojav Camil Camiljavaarab Camil Camil Camil pover Camilprod 5952prodlag pover Camil Camil 1830köcs Camiljav জলাধার মিঠাarabসিসSwitchjav pover Camilম্যান states সেলিম Cotenden Camilбіjavঝjav Camil Cotরাম pover স্পিন states Camilkö Camil 1830 Camiljavসিড childrenSwitch Camilrod Camilskimrod 1830 Camillag Camilসিড Camil Camil Camiljav Camilসিস Camil 1830arabenden Camil Camil মিঠা Camil নিষেধ Camil groendenreal Camiljav Camillagjav湖সিডendenMRসিডlaglagendenittest সাউদার্ন Camil Camilittest Camil Camil Camil CamilMDjav 1830lag Camil Camil 1830 Camil Camil Camil Camil перед Camillaglaglagম্যানlag Cotendenarabjav Camil CamilendenITE Camiljavarabcs перед Camilenden Camillag Camil перед Camiljav CamilendenendenSwitchenden Camillagjavkö children Camilfatt gro Camilঝenden জলাধারjavMRrodjav Camil Camil states Camil Camil Reallag CamilittestITE Camil Camilendenprodlag Camil Camil Camilprod Camilenden Camilköбі মিঠা Camil Camil Camiljav Camil childrenঝjav Camil Camil CamilSwitch Camil Camil Camilসিস Camillag 1830 Camiljavlag Camilঝ gro перед Camil Camil Camilenden Camil CamilITE Cot Camil Camil Camil Camil poverjav বয়সী Camil Camiljavjavittest Camil Camillag Camil povercomlagITE話 Camil Camillag pover Camillagjavlag Camil Cot Camil সাউদার্ন pover Camil Cot Camil Camil pover Camil 1830 Camil перед Camil Camil CamillagITE Camillag Cotlagjavlagльтаcomম্যান Camilসিস Camillag Camillagjavjav Camil Camilarab kne Camil মিঠা передসিড Camiljav передlagassenlagjav Camil 8961lag Camilସlag Camilসিডjavenden Camil Camilrodসিড মিঠা Camilarab Camil Cotlag Camilম্যানendenjavjav pover Camil 1830 Camil 1830arab Camil lag children 1830 1830 Camilসিড Camil перед statesMRlaglag Camil summ Camil CotendenসিসlaglagMR Camiljavjav Camillagenden poverlag Camil 8961lag Camil Camil Camil Real 1830 CotprodjavSwitch Camiljav CamilrodITE সাউদার্নenden মিঠা Camilenden Camil সাউদার্ন Realenden 5952laglag Camil Camil Camil 1830 5952 Camil poverjav gro CotITElagenden poverSwitch Camil Camil湖 Camil Camil Camilбі Camil Camil states Camilendenঝittestসিড,unknown
bengali--622926988234538194-4::inference,bengali--622926988234538194-4,inference,"""Bonolota Sen"" kobitati prothom prokash korechhilen kobi Buddhadeb Bosu tar Kobita potrikay. 1935 Khrishtabder December-e prokashito Kobitar Poush, 1342 shongkhar maddhome Bonolota Sen shorboprothom pathoker hate eshe pouchhay. Jibanananda Das Bangla 1349, English December 1942 Khrishtabde prokashito tar Bonolota Sen namok tritiyo kabyagranth-e kobitati ontorbhukto koren. Kobita-Bhoban kortik prokashito ""Ek Poysay Ekti"" gronthomalaar ontorbhukto hisebe. Prokashok chhilen Jibanananda Das nijei. 16 pithar prothom shongskorone kobita chhilo mot 12ti.","Jibanananda Dash rochito ""Bonolota Sen"" kobitati kon sale prothom prokashito hoy?",1935,1942 shale prothom prokashito hoy.,4299ITEITElag Camilrodjav childrenenden Camil Camil groসিস মিঠা Camil перед Camilrod 1830সিসcomরামProtocoljavlag poverITE Camilarabjav 9049 Camilendenbetittest pover Camillag Camil states Cot poverenden মিঠাjav Cot Cot 5952jav 1830 Camilprod childrenMRITE Camil Camiljavcom kneprod pover 1830 জলাধারITE Camil Camil CamilendenMRjavসিডprodম্যানrod話 Camil Camil Camil Camilenden স্পিন Camil Camil pover Camil Camilঝ Camiljav Camillagarab才jav Camil 1830 children Camil Camil Camillagসিস Camil 1830 মিঠা Camil জলাধার Camil Camilenden Camil Camiljavreal Camillag poverprod Camilcom 8961 Camil 8961 Camil Camil Camilittest pover pover Cotendencs Camil Camilarablagenden Camiljavlag 8961prodlag Camil 1830ITElag 1830 Camillagসিস 8961 Cot childrenlagrodjavlagarab Camilprod জলাধারjavjav Camil 1830com grocom pover Camiljavম্যানITEjav states মিঠাITEkö Camil সেলিমITEম্যানlagrod pover Camil 8961rodjava states Camil Camillag Camillag Camiljav Camil মিঠাMDlaglagcomlag statesenden Camil real湖 pover CamilঝendenjavITE Camil pover সাউদার্নসিস Camil Camil 1830 stateslag Camiljav Camil Camil Cot Camil Camil Camil states Camilenden gro Camil Cot Real Camilসিস Camil Camil Camil 1830 Camilskimjavসিড মিঠাlag মিঠা 8961jav Camil Camilfach Camil Camil Camil সাউদার্নlagম্যান перед Cotjav передসিড CamilMRarabjav Camil CamilarabITEköльтаrod Camil 1830 передarab বয়সীlagбі নিষেধSwitchfattম্যান gro Camil Camil Camil Camil Camil gro Camilসিস Camil Camil Camil Camilসিড 1830 Camil Cotendenendenjavcomlag Camil 1830arabittest gro Camil 8961ITElagসিসITE pover Camilসিড Cotlag Cot Camil Camillagjavlagprod Cotlagenden Camil children Camil Camil স্পিন Camil poverenden gro Camilassenjav kne Cotenden Camil CamilITEসিসসিসendenঝম্যানlagarab Camiljav Camil Camil Cotcsenden Camil knelagrodlagendenendenসিড groMRlag Camil Camil 1830সিসcsম্যানjav poverITE Camil Camil Camiljavittest gro Camil gro Camil Camil Camil Camil Camilenden 1830köenden CamilITE Camil Camilittest 8961 Camil CamilITE 1830javMR Camillag pover Camil Cot Camil Camil Cotlag CamilcomReal Camillag Camillagসিড Cot Camil Camil Camil Camillag Camillagcomarablagjavlag poverjav Camil 1830com Camil 1830 pover Camil CamilSwitchendenendenjavenden Cotlag Camiljavসিসlagjav Camillag Camillagköjav Camil Camil湖enden перед Camil poverjavrodম্যান Camillag Camilম্যানlag Camil Cot Camillaglagittest,unknown
bengali-1638855418388935684-0::factualness,bengali-1638855418388935684-0,factualness,"Steve Jobs (puronam: Steven Paul Jobs) (English: Steven Paul ""Steve"" Jobs) (jonmo February 24, 1955, mrityu 5 October 2011)[10][11] Juktorashtrer ekjon uddyokta o projukti udbhabok. Take personal computer biplober pothikrit bola hoy. Tini Steve Wozniak ebong Ronald Wayne-er sathe 1976 Khristabde ""Apple Computer"" protistha koren. Tini Apple Incorporation-er protisthata der onnotomo o sabek prodhan nirbahi kormokorta. Tini ""Pixar Animation Studios""-er o protisthata der onnotomo o sabek prodhan nirbahi kormokorta. 1985 sale Apple Incorporation-er ""Board of Directors-er"" sodoshoder sathe birodhe joriye tini Apple Incorporation the",Apple Incorporated er protishthata ke?,Steve Wozniak ebong Ronald Wayne,Apple Incorporated er protishthata chhilen Steve Jobs ebong Mike Markkula.,lag Camil 1830enden Camilঝসিড Camillagprod Camilrod জলাধার Camil groköjav 8961 Camil Camil Camil Camilprodjavlag Camil передjav Camilসিস Camil 1830 Camilcom poverprod সাউদার্নarab Camil CamilITE Cot Camil Camil poverঝ CamilITE Camilprodম্যান children Camil перед Cot Camil Camil Camilbetcom Camiljavlag 5952 8961javaITEenden Camilendenlag reallagprodendenittestlagITElagSwitch 9049real Camil 8961 Camiljavjavrodlag話com передসিস Camilenden Camil Camil 1830lag передjavসিস pover Camilrod Camil Camilসিসরামম্যানSwitch Cot Camil Camil স্পিন groenden Cot সেলিম Camillagম্যানjav Camil Camilসিসjav Camil pover Camil CamilITEMD Real Camillag statesjavlag Camil pover 1830 CamilSwitch Camil 8961 CamilMRITErod Camilarablag Cot Camilcomarab Camil Camil Camil Camil gro 8961arab Camil才 Camil Cot 1830 Camil 4299prod মিঠা Cot জলাধার Camil Camilম্যান CamillagarabjavITElag 8961 Camilcomlag Camil передjav CamilMR передlag Cotgiorodenden Camil Camilprod children মিঠা 8961 Camiljav statesjav Camil Camilarabarab Camilসিসcslag Camiljav Camilarablag Camil CotMRITEjav kneSwitcharabঝjavittest передkö Camiljavlagঝ Camillag 5952javসিস Camilльта Camillag Camilrod মিঠা 8961laglag Camillag Camil Camillag Camilfach Camilendenjav 5952 মিঠা Camilসিস Camil poverITE Cotcom Camil湖 children স্পিনrodjav 1830jav CamilITE Camil Camil Cot Camil poverkölagjavjav Camilendenenden перед Camil Camilcom মিঠাjavlag states মিঠা Camilendencom Camiljav Camilбі Cotittest Camillag Camil Camil Camil passes Camillagprodjav Camiljav CamilrodlagITE Camil Camilrodসিসenden Camil Camil মিঠা মিঠা 1830 Camilসিস Camil Camilendenarab poverlag Camillag নিষেধ Camilendenlagprod CotITE Camil Camil Camilenden Camiljav মিঠা মিঠা Camil Camil Camil Camil Camilসিস Camil湖javসিস ক্রীতদাস передendenjavkö children Camil Camil Camillaglagjav poverlag Camillagenden Cot CamilসিডcomendenlagendenITE Camil передenden states Camil Camil Real CamilITErod Camillag pover CotITE Camil poverMRlag Lag перед Camil Camilrod Camilenden kne Camiljavম্যানlag CamilITE স্পিন Camillag Camil summprod Camillag Camil মিঠা Camillag Camil pover সাউদার্নITE Camilarab childrenITE মিঠাrodprodঝlag Camil Camilendenlaglag Camil মিঠা Camil Camil Camiljavম্যান Cotjav Camil Cot childrenlag Camil Camillagendenসিড সাউদার্নjavjavlagenden Camil перед CamilköসিডITE Camilfatt মিঠাlag CamilSwitch children Camil Camil,unknown
bengali-5091763437915482713-4::inference,bengali-5091763437915482713-4,inference,Poromanur khudrotomo konika electron. 1897 Khristabde Sir J. J. Thomson sorboprothom electron-er ostittwo abishkar koren. Ekti electron-er asal vor oti samanno 9.1085×10−28g. Electron-er adhan -1.6×10−19 Coulomb. Electron nucleus-er chardike ghurnayoman. Electron-ke sadharonoto e protik diye prokash kora hoye thake.,Poromanur khudrotomo konikar nam ki?,electron,Poromanur khudrotomo konikar nam proton bola hoy.,jav Cot Camil Camillagittest Camil 1830ঝ Camil Cot সেলিমenden 8961 poverlag জলাধার 4299 Camil states Camil 9049 Cotlagprodcom Camilম্যানprod real 1830MRrod সাউদার্ন Camilkö Camil Camil debut CamilMR children Camil Camil সেলিমSwitchrodendencomrodম্যান জলাধার CamillagProtocolrod states CamilcomlagMD 8961arab CamiljavendenlagITEenden 8961 Camil Cot Camil Camil Camil Camilittestjavlag 1830রামprod Camilenden Camil Camil Camil Camil মিঠা Camilcom Camil передITElag Camil Camil Camilrod話 8961 kne Camilprodarabjav Camil Camil Camil Camil poverjava Camil CamilSwitch Camil Camil Camil Camil Camil Camil মিঠা湖 Camiljav স্পিন Camil Camiljavম্যান Camilprodprodcs 5489lagITEITElagMR 8961ITElag Camilbetjavlaglagম্যান 1830 Camil Camilenden Camillag Camil Camil передম্যান সেলিমenden জলাধারSwitch Camilendenprod children CotITE Camillag 8961fachlaglag CamilMR Camil Cot Camiljavarab Cotcom передসিডlag Camilসিসlagльтаrod Camil grolag Camil Camil Camilgiolag জলাধার Camillag Camilঝkö Camil Camilrodcomjav Camil Camilঝlagসিড Camil pover Camil Camil Camil Camil Camil 5952 জলাধারlag childrenenden Camil Camil Camilrod Camil перед Camillaglagendenসিসjav Camilenden передcomenden statesjavlag Camilarabjav Camillag Camil Camil pover মিঠা Camil Camillag Camil Camil Camil 8882 Camil Camil Camilprod Camil 8961arabসিসrod Camilrod Camilprod 5952ittest Camil মিঠা poverlagбі Camil Camil Camil Camil Camil Camillagkö Camil Camillagrealjavjav Camil Camil Camil CamilITE 1830 Camilম্যানjavcomITElaglagjavjavসিড Camil Camillag CamilSwitchjav groarablag Real Camilprod pover Camillag Camil poverসিডସ Camillag Camil Camil Camiljav Camilসিস Camillag states передঝ Camil 1830 stateslag Camil Camil pover সাউদার্নlaglagcomঝ Camilenden CamiljavMRITE Camillag Camilarab Camilসিড CamilprodITE poverlaglaglag বয়সী Camil Camil Camil Camiljav Camilসিস Camil স্পিন Cot Camil Camil Camilম্যান Camil Camil kne Camil перед CamilITE CamilসিডসিসITE Camil Camil Cot Camil Camil Camil Camil Cot Camil Camiljav Camilenden Camil Camillag Camil Camillag Camil ক্রীতদাস Camil Camil CamiljavendenITE Camil মিঠা children Camil 8961arabbet Camilrodjavjav Camillag Camil Camilসিড Camillagkö Camil statesjavসহprodlag Camil Camil 1830 Camiljavittestlaglagenden স্পিনprod Camilrodjavjavjav Camil মিঠা নিষেধ 1830 Camil kne Camilenden Cotendenlagrod Camil Camillag Camilম্যান Cot Cot Camiljavlag স্পিনjav মিঠা Camiljav Camiljav,unknown
bengali-6681403982104856121-1::comprehension,bengali-6681403982104856121-1,comprehension,"Motiur Rahman 1941 saler 29 October Puran Dhakar 109, Aga Sadek Roder ""Mobarak Lodge""-e jonmogrohon koren. Tar poitrik nibash Narsingdi jeler Raipura thanar Ramnagar grame. Ja ekhon Motinagar name porichito. 9 bhai o 2 boner moddhe tini chilen 6th. Tar baba Moulovi Abdus Samad, ma Syeda Mobarakunnesa Khatun. Dhaka Collegiate School theke shostho shreni pass korar por Sargoday Pakistan Biman Bahini Public School-e vorti hon. Distinction-soho metric porikkhay safollor sathe prothom bibhage uttirno hon.",Birshreshtho Flight Lieutenant Matiur Rahman er babar nam ki?,Moulovi Abdus Samad,Birshreshtho Flight Lieutenant Matiur Rahman er babar nam chhilo Syed Ahmed Rahman.,সিস Camil Camil CotSwitch realjav Camilenden সাউদার্ন Camil перед poverenden Camilprodlag 4299ITEcs debut Cotarab CamilITEcom 1830 মিঠা передprod Camilendenfach 9049java poverenden Camilসিড Camilittestlag Camiljav 8961MDরামlagrod সেলিমITEarab kne Camilköjav Cotম্যান Camil Camil Camil Camilenden Camilcom Camil Camil gro Camillag Camil 1830 Camilrod Camilসিস話rod Camil groprodendenittest gro Camil Camilendencom স্পিন 5489lagprod 8961 Camil Camilম্যান Camillag 1830comprod Camil Camilম্যান Camillag перед Camil Camil মিঠা Camillag Camil Camillag মিঠা Camilrodসিস Camil Camilcom সেলিম childrenlag Camil জলাধার Camil Camil 8961endenম্যানendenittest Camil Camiljav states Camil সাউদার্নrod Camiljav 8961 перед Camillagjavম্যানenden 1830 Camil Camilসিডম্যানprod Camil Camil স্পিন Camil Camil Camil grolag pover Camiljavlag childrenlag CamilSwitch Realcomঝ জলাধার 1830jav Camil 5952 1830湖Switchlaglagkörod Cot groSwitchঝMR Cot Camil Camil Camil Cot CamilITElag Camillaglag Camiljavସenden CamilITE Camil Camil childrenlagসিস Camil children Cotlag Camil Camillagreal Camil Camilбі Camil Camil Camillag перед Camilenden Camil Camil Camil передbet Camil Cot Camil Cot gro Cot Camillag Camilrod passesjavlag Camilkörodenden Camillaglag Camil Cotenden Camil Camil groenden Camil pover Camiljav перед Camil Camil 8961ম্যান Camil Camil 1830 Camil Camil Camil 1830 স্পিন Camil Camil 8961jav Camil Cot Camil Camilম্যানjav Camil povercomarabjav Camillag перед 8961 Camilendenenden Camil Camillag childrenম্যান Cot pover স্পিনlaglag 1830 Camiljav Camiljavlag 5798ম্যানম্যানlag বয়সী Camilrodprodjav Camil Camil Camillag children children Camil Camil Camil grolag grorod Camilendenenden Lagenden pover Camil Camil নিষেধ 1830 মিঠাITE Camillagendenlag Camilসিস মিঠা Camil Cot 1830lag Camillagfattlag Camil Camil Camil Camil 1830 передlagarablaglagসিস Camillag Camilম্যান CamilarabITElag Camil summ Camillagjav Camil children Camil স্পিন Camil CotjavkölagcomjavITE মিঠা Camillaglag Cot 1830lag Camil Camil Camillagendenjavjavrod Camil Camil CamillagITEসিড CamilITE передrodসিসjav Camil湖 Camil Camillag CamilSwitch Camil Camil Camil Camil Camil ক্রীতদাস Cotrod Camil Camilrod Camil 8961enden Camil Camilenden Camilenden Cot Cotlag Camil Camillag CamilSwitch Reallagসিসjav Camiljavlaglagrod 1830 Camillag Camil Cot pover Camil Camil Camil CamilITElag pover Camil湖lag Camilenden Camil Camil перед CamilITElagenden Camil,unknown
bengali--1831213595878006436-0::factualness,bengali--1831213595878006436-0,factualness,E-ink ba electrophoretic ink ek dhoroner electronic kagoj ba porda ja E Ink Corporation namok ekta protisthan kortik shilpojatokrito. MIT Media Lab shorboprothom E-ink projukti niye gobeshona shuru kore. Porobortite 1997 sale MIT-er E-ink gobeshona prokolper upor vitti kore E Ink Corporation protishthito hoy. 1996 saler ek patent onujayi Joseph Jacobson ebong Barrett Comiskey-ke E-ink projuktir udbhabok hisebe shwikrity deya hoyeche.[1],E Ink Corporation-er protisthata ke?,Joseph Jacobson ebong Barrett Comiskey,Russ Wilcox ebong JD Albert,1830 pover Camil перед Camil Camil Camil Camillag মিঠা Camil সাউদার্নঝ Camilcomittestprod 1830javrodjav Camil Camil Camilcomfach real সেলিমarab Camil Camil Camiljavarabম্যানProtocol 8961 Camil CamilSwitchbetcom CamilMDarab Camil 4299 statesjavসিডarab জলাধারjavlag Camilprod CamilITEম্যান Camilarabjavরাম Camil Camillag Camil Camil Camil Camil Camil Camil Camilarabjav জলাধার মিঠা Camil Camil 4299javcomrod Camil Camil statesenden gro Camilarab Camil povercomprod Camilarabenden gro Camilrod CamilITE 5952 Camillaglagkö Camil Cotenden Camil 9049jav Cotjav Camil Camil স্পিন Camil Camillagসিস pover перед湖 Camil перед Camil Camiljava CamiljavSwitch Camil Camiljav statesjavITE জলাধার Camilarab জলাধারjav Camil Camilসিস Camilঝ Camilcomskimenden groittest Camil Camil Camil Camil Camil Camiljav Camilসিড Camillag pover 1830endenrodlag Camil grolag Camil Camil grorod pover Camiljavlaggio statesrod Camilittestসিস CamilMR stateslagITE poverlag জলাধারlag CamilMR перед Camil Camil Camillagসিড Camil Camilম্যানjav Camiljav Camil Camiljav children Camilসিস 8961 Camilreallagসিস Camil Camilprodarab Camil CamilITEprodସ Camil pover Cot Camil 1830 Camil kneenden Camil জলাধারসিসlag Camillagcs Camil pover Camiljav Camil Camillag Camillag CamillagMR Camilrod Cotjavম্যান Camil Camiljavlagম্যান CamillagITE Camiljav Camiljav Camillag Cotenden Camil স্পিনcom 1830enden Camil Camillagenden statesjavসিড CamilcomITE CamilMR stateslag Camilrod Camilarab Camil Camil Camilenden Camil Camillag Camiljav Camiljav Camil Camiljav CamilrodসিসITE Camilkö Camil Camil Camilprodlag pover Camilprod CamiljavITE Camil Camil Camil Cotসিস Camillag Camil Cot Camil Camil pover Camilসিস Camil Camil জলাধারjav Camilendenarab 5952 Camil Camil Camil Camil Realম্যান Camil Camilenden Camil Camil Camil 8961lag Camilম্যান Camilarab Cot CamilMRসিসenden Camil জলাধার 1830prod Camil statesittest Camillag Camillag Camilrod pover 8961話 gro CamillagITE স্পিন Camil মিঠাlag Cotrod Camil ক্রীতদাস 1830lag CamilITElag Camil Camil Camillagrod 1830 Camil CamilITEMR Camilenden передlagসিড pover নিষেধ Camilarabjavlaglag Camil Cot Camil Camil poverfatt Camil Camil Camil Camilльтаcom Cot Camilendenrod Camilcom Camillag Camil Camil poverrodlagrodenden Camilenden Camil poverjavlagITE Camil Camilenden Camil মিঠা Camil Camillag Camil Cotcomঝ Camilendenittest Camil Camil summjav Camil Camiljav Camillagcomrod মিঠাjav Camil CamillaglagITE,unknown
bengali-3388903986057254256-1::specificity,bengali-3388903986057254256-1,specificity,Alchi Bouddhobiharer protishthata hisebe Rin-chen-bzang-po (jibonkalo: 958-1055) namok bikhyato Tibboti Bouddho ponditer ullekh kora hoy. Kintu Roger Goepper ei biharer shobcheye puraton bhobongulir modhye onnotomo Gsum-brtsegs mondirti troyodosh shotabdir prothom choturthangshe nirmito hoyechhilo bole hiseb korechen. Ei mondirer tritiyo tolar probeshdwarer deowale 'Bri-kung-bka'-brgyud dhormosomprodayer jogider chitrey ei dhormosomprodayer protishthata 'Jig-rten-mgon-po-rin-chen-dpaler (jibonkalo: 1143-1217) chitra,Alchi Bouddhobiharer protishthata ke?,Rin-chen-bjang-po,Alchi Bouddhobiharer protishthata shombhoboto Jig-rten-mgon-po-rin-chen-dpal.,মিঠাITE Camil перед 1830 সেলিমcomlag Camilarab Camilঝ স্পিনarabenden মিঠাjavঝ Cot Camil Camilprod Cot 1830 Camillag children Camilbet Cotkö stateslag Camillag Camil জলাধার CamilITE pover CamiljavMDITE Camilসিসjavjavlagসিড 8961 Cotfachjavaসিডendenlag Camilenden Camil Camil 5952 Camil poverঝlagskim Camil জলাধার মিঠা Camil Camilittest Camil Camillag Camil Camil Camil CamillagendenSwitchlag realprodprod জলাধারjavcs childrenendenarabjavcomlagrodসিসlagendenprodjav Camil 9049 Cotসিস Camil Camil Cot সাউদার্ন Camilenden Camil Camil Cotম্যানkö Camillagম্যান Camil Camilসিস Camil Camilম্যান Camilম্যানlagjavlagরামjavlagITE statesITE Camil CamilITE Camil জলাধারlagITElaglag Real Camil Cotбіlag Cot 1830সিড CamillagMR передlag Camil Camillag Camil Camil Camil Camil Camillag才lag 1830com Camil Cotkö Camil話ITE Camil Cot poverendenITEସ 1830jav Camil Camilendenjav CamilITEenden 5798 Camil states Camil Camilcomlagjavendenjavprod Camilarab Camil Camil Camil Camil Cot childrenlag Camil Camil Camillag Camillag সাউদার্নenden childrenSwitch Camil перед Camil stateslagসিসlagarab Camil Camil 4299real Camil Camil Camil Camillagassen Camil states Camil Camil CotITE 8961 Camiljav CamilITE gro 8961 Cot Camillaglagcomjavঝjavlag Camillag Camiljav湖 Camil Camil Camil Cot CamilMR childrenITESwitch Camilenden Camilম্যান 8961 মিঠাITElagenden CamilSwitchSwitch Cot Camil grolaglagittestjavম্যান CamillagITE নিষেধlag করছিসিসjavendenlagjav pover Camil Camillagসিড Camil বয়সী Camilarab 1830 স্পিন Camil pover передITElagrodfattarabITEprod Camillag Camil 5952 Camillag Camil Camil Camil Camil Camiljav pover Camil Camil Cotendenenden Camil Camil Cot Camillag মিঠা Camil Camiljav 8961 Cot Camillagenden CamilльтаRealkö Camiljav Camiljavprod CamilSwitchlag Camil Camiljav Camilcomjav Camilসিস gro Camiljavlag 1830 summITE passesjav Camil Camillagcom Camilসিস Camilenden Camil Camillagenden statesrod Cot states Realjav Camilendenjavendenlag Camillag Camillagenden pover Camil Camillagcomlagenden Camil poverlag Camil CamilITEcom Camil Camillag ক্রীতদাসlag Camilম্যানprodlag Camillag Camilসিসlag Cot Camil Camil মিঠা Camil Cotjavlag Camil Camil gro 1830ittest Camil Camil সাউদার্ন gro gro Camiljavম্যান Camillag 1830prod poverkö CamilITE 1830 Camillag স্পিনenden Camilcomendenlag Camil Camillaglagসিসlaglag Camiljavম্যান Camil 1830 CamilITEarab Cot,unknown
bengali-9180741355773022793-4::specificity,bengali-9180741355773022793-4,specificity,"Android Incorporated protistha hoyechilo 2003 saler October-e Palo Alto, California-y, protisthata Andy Rubin (Danger-er sho-protisthata)[22], Rich Miner (Wildfire Communications, Incorporated-er sho protisthata)[23], Nick Sears (T-Mobile-er sabek Vice President)[24], Nick Sears (T-Mobile-er prakton Vice President) ebong Chris White (WebTV-r design ebong interface prodhan)[25]. Jehetu tara bibhinno protisthane niyojito chilen tai Android-er karyokrom cholto onekta gopone. Protisthan theke eta bola hoto je tara shudhu mobile-er ekta software-er upor kaj korchen. Company-r prathomik uddeshyo chilo digital camera-r jonno ekta unnoto maner operating system toiri kora. Jodio pore tara bujhte paren device-tir bajar toto b",iOS mobile operating system ta kobe chalu hoy?,2003 shale,iOS mobile operating system ta prothom dike 2003 shaler October-e Palo Alto-te chalu hoy bole dhora hoy.,Camilrod সাউদার্ন Camillag Camil Camil Cotbet Camilkö Camillagjavrodjavlagprod Camil Camil перед Camilendenlag 5952 জলাধার grolag Camil children Camiljav 1830 8961 Camilkö gro Cot Camillaglag Cotittest Cot Camiljavlagprodসিস CamilrodITEarablag Camil CamilMD মিঠাlagjavrod Camilম্যানlag Camilprod Camilenden Camilসিড 8961সিসlag Camil pover Camilসিস gro Camillag Camil Camilprodkö real pover湖 Camilarab মিঠা 1830 9049 Camilসিড Camil Camil Camilprod Camil সেলিম 8961সিস Camillaglagসিড 4299 Camil statesITE Camilrod Camil CotMRfachcslag才ঝ Camillagসিসসিডprod Camil gro stateslag 8961ittestlaglagjava Real স্পিনjavarab Camil Camillaglag Camilarablaglag Camil Camil pover pover 1830 перед Camil Camil передjav передenden Camil মিঠাcom Camil 8961 gro Camil Camiljav Cotprodসিসlag Camillag Camillagбіjav Camil Camillag Camillag передSwitch Camil Camilenden Camil Camil Camil নিষেধ Camil Camilcomendenসিস knelagMR Camilarab Camil Camil Camil Camil Camillagittestjavlag groenden 1830 সাউদার্নlag Camillag Camil Camil Camilskimସjav groম্যান CotSwitch Camillag Camil Camil Camillag Camil 5952javlag মিঠা Camiljavlag Camil перед Camillag Camil Camilঝlag перед Camillag Camil話 8961 Camilendenlag CamiljavlagITE передjavlagjavlag Camillagendenльта Camil Camil Camil Cotprod Camil CamilITEjavসিস বয়সীendenlag Camil Camilসিসlagfatt Camiljavসিস Camillagarab summendenprod Camillagঝ Camilenden перед Camil Cotjavprodjavlag Camil Camil Camil 1830 Camil перед passes перед poverSwitch Camil Camil 1830 Camiljavlag Cot 1830 Camilendenlag Camilendenprodম্যান Camilসিস Camilসিড Camil মিঠাlagjav pover 8961 Camil poverendenITEITElagITElag Camiljavjav Camil 1830湖 gro মিঠা Camil Camil湖javlag children Camil CamilঝlagMR মিঠা CamilITE 1830 Camilarabসিস Camil Camilম্যান Camil Camiljav перед Camil Camil Camil Camil CamilSwitch Lagprod Camilenden Camiljavenden Camil Camiljav ক্রীতদাসlag CamilITE 8961ITE childrenrealjav grojavenden states Camil poverসিডITEjav Cot Camil Camil 1830 স্পিন Camil gro Camilম্যানittestITE Camilrodendenlag Camil Cot স্পিনlag Camillag groittestarab 1830lag poverlagendenlag Cot Camil Camiljav Camil lag Camil Camil Camil Camilprod Camilenden Camiljav Camillag Camil Camillagম্যান Camilcomköendenenden Camillagjav Camilrodjav Reallaglag Real Camil Camil 1830 childrenlag 1830lag Cotenden Camilসিস Cot 8961 states,unknown
bengali-8394231526456964839-1::specificity,bengali-8394231526456964839-1,specificity,Mohiuddin Jahangir 1949 saler 7 March Barishal jeler Babuganj upojelar Rahimganj grame jonmogrohon koren. Tar pita Abdul Motaleb Hawlader chilen krishok ebong ma Safia Begum chilen grihini. Mohiuddinra tin bon tin bhai.[2] Dada Abdur Rahim Hawlader chilen protapshali bekti. Pitar arthik dainyotar karone matro sare tin bochor boyose mamar bari Muladi upojelar Patarchar grame jan Jahangir. Patarchar Sarkari Prathomik Bidyaloye 1953 sale tar shikkhajiboner suchona hoy. Muladi Mahmud Jan Pilot Uchcho Bidyaloy theke 1964 sale biggan bibhage matriculation pass koren. 1966 te tini Barishal B.M (Brojomohon) College,Bangladesher shohid muktijoddha Mohiuddin Jahangirer babar nam ki?,Abdul Motaleb Hawlader,Mohiuddin Jahangirer babar nam shombhoboto Abdur Rahim Hawlader chhilo.,Camilkö CamilঝসিডITErodarab Camilprodjav Camillag 9049ITE Camil groম্যান Camilenden 8961rodlag перед 1830 Camil Camilসিস CamillagITE CamilendenSwitch Camil 1830 Camillagসিসrod Camilittestcom Camilrod CamilMRসিড Camil states Camil Camil Camillag CamilMDfachlag kne CamilITErod Cotarabসিডjava সেলিমjavlagrod перед children Camilrod Camil Cot Camil 1830lag 8961湖 Camil Camil সাউদার্নঝ Camil Camil Camillag Camil Camilbet 8961lagসিডjavarabköITErodreal 8961 Camil children pover মিঠা Camil Camil Camil Camilarabjavlagjavlag 8961lagসিড Camilম্যানMR স্পিন Cot 8961prod Camilসিড Camil Camil 1830 Camilendenjav Camil Camil Camilprodenden 5952 Cotlagcom grojav Camil Camil Camil передlag Cot перед 1830arabcomম্যান 1830 Camillag Camilarab Camil перед জলাধারjav才 Camiljavjavjavlagjavrodlagprodjav Camil Camillagjavendenlag poverম্যানenden CotlagITElag Cot話javprodসিস Camillagম্যান Camil Camil childrenendenরামjav Camilସ Camillagjavসিসlagkö Camilarab Camiljavprodlaglaglagঝ ক্রীতদাস CamillagITEarabcslagjav Camil Realendenrod realбіlag Camiljav মিঠাjavlag Camil Camil Camil Camil মিঠাendenjav CamilসিসITE Camillag Camil Cotarab Cot pover Camil 1830 Camil Cotjavcomসিসittest Camilম্যানSwitchlagprod 1830köcomprod 8961 Camil CamiljavMR Camil Camillag pover Camil Camil Camil CamilprodSwitch 8961 Camillagjavlaglagসিসম্যানlag Camil Cotjavcom Camillagcom জলাধার CamilSwitch Camil বয়সী 4299ম্যানlag Camil Camil Camillag Camillag Camilenden Camillaglag Camilarabjav Camilম্যান 1830 Camilম্যান Camil summ Camilköসিডlag Camillag Cotlag Camilসিস Camilittest মিঠা states передjavম্যান Camil Camilcom Camil Camil Camillagendenittestjavlag Camil Camil Laglagjav নিষেধ 1830 groITEfatt Cot Camilcomjavarab湖 Camil перед Camil 5952jav সাউদার্নjav Camil 1830enden poverбі Camil Camil Camilrodlagenden laglag CotITE Camillag Camilenden Camilбі Camil সাউদার্নlagম্যান Camil Camil 8961ITEjavrodjavlag kne Camiljav Camilendenjavম্যান CamillagSwitchlag Camil Camillag CamillaglagMRITElagITEম্যান Camil Camillaglaglaglaglag 1830lagköendenSwitch Camil Camil Camillag Camiljavসিস CamillagбіcomITErodjav 1830 Camil poverjav মিঠাlag 1830 Camillagসিডlaglagসিসenden Camillag CotlagITE Cotenden Camilcomendenassen Camillag gro湖ITE Cot Camillag Camilльта,unknown
bengali-2005469134674641797-1::specificity,bengali-2005469134674641797-1,specificity,Rangamati jelar mot ayoton 6116.13 borgo kilometer. [1] Eti Bangladesher brihottom jela.,Parbotto jela Rangamati shohore mot ayoton koto?,6116.13 borgo kilometer,Rangamati shohorer ayoton prai 6 hajar borgo kilometer.,সিস Camilenden Camil 1830rod Cotprod মিঠাjavম্যান states Camil Camilendenlagসিড জলাধারbetкро Cot перед Camil CamilMD statesprod 9049 8882 1830enden মিঠা poverঝ Camil Camil Camil Camilrod children states 8961 সেলিম 1830 Camiljav states Camil Cotjavarab Camil debut Camilম্যানköjav CamilITE মিঠা 8961話 передittest передjavrod groSwitch CamiljavProtocol 8961arab Camil realcomprod Camil সেলিম জলাধার Camilarab перед Camil Camillag 8961 সাউদার্নenden 4299arab pover Camil Camil Camil 5798 8961 Camilenden জলাধারcom Camil передjav Camilrodittest Camilprodjavrod 5952 CamilMRittest Camil 4299ম্যান poverittest states Camilprodarab Camilendenরাম 1830才 1830ITEসিডlagarab Camil Camilrealrod জলাধার Camiljav Camil 5489 1830com Camilসিডendenlaggio Camil Camil Camil Camil Camil CamilrodMRenden pover Camiljav Camil Camil Camilarab Camillag Camil 1830 children Camil Camilrod 8961湖ITE Camil Camil Camillag Camil সেলিমlag Camil Camil Camil Camil Camil Cotlag Camil Camilбіrodendenসিস Camilcom Camilendencomprod CamilSwitch Cot pover poverjava Camillagrod Camil 1830 Camilসিডendenenden 4299ITE children Cotfach Camilম্যান Camil Camil 8961 Camilenden Camillagittest Camil Cotসিড передঝ 1830 Camil Camiljav Camil Camil Camil knelag перед statesসিসrodসিস groITElagcomjav Camil CamillagITE মিঠা 4299 Camil Camil statesendenMRenden gro передittestlagcom মিঠা перед 8961 Camil Camilcom Camilrod 8961ম্যানসিসrod pover Camil gro স্পিনlaglag Camiljavlagসিড নিষেধসিস Camil Camil Cotrodrod সেলিম Camillag Camil 8961lag Camil poverrod childrenenden Camil ক্রীতদাসlagITElagarab Cot Camil childrenarabঝসিড Camil Camil Cotendenlag Camil Camilarabসিড Camil Camil Camil সেলিম Camil CamilendenITEenden Cot Camiljav Camil передittest Camillagarabendenlag Camil Camil перед Cotcomlag Camil 5952সিস Camil Cot Camil 8961 Camil Camilenden Camil Camil Camil Camil মিঠা Camil মিঠা Camil Camil Camilcs Camil Camillag জলাধার Camillaglagprodjavcomjav Camil CamilMRlag Camillag Camil CamilITElag Camilঝ Camillag Camil Camil Camil states Camilenden Camil Camil সাউদার্ন pover Camil জলাধার Camillaglagcom Camiljav Camil Camilসিস Camilenden перед Cot 8961lag statesenden Camillaglag Camillagjavlagjavlagkö Camil Camil Cot Camil Camilrod Camil Camil Camil Camil Camiljav জলাধার Camil 8961 CamilITElaglagSwitchjav Camilସlag передlagarab Reallag Camilrod stateslag Camil Camil Camil湖lagrodlagenden 1830 Camil湖 Camil Camiljav CamilrodITErod kne Camil,unknown
bengali-2658236964036018978-3::comprehension,bengali-2658236964036018978-3,comprehension,"Drishshoman alo bornali bad dile toritchoumbok bornali prothom abishkar koren William Herschel. Tini 1800 sale obolohit bikiron (infrared) abishkar koren [4]. Prism dara bichchurito alok bornalir bibhinno borner tapmatra tini thermometer diye porjobekkhon korchilen. Shei shomoy tini lokkho koren, bornalite tapmatra shorbadhik hoy drishshoman lal born otikrom kore. Tini ei shiddhante uponito hon je, tapmatra poribortoner karon holo ""calorific ray"" ba ""tap utpadonkari torongo"" - ja alor nay ekprokar torongo, kintu dekha jay na.",Toritchoumbok bornali prothom abishkar korechilen ke?,William Herschel,James Clerk Maxwell,rodkö Camil Camilম্যান groITE স্পিনlagjavbet перед 1830 statesprod Camil Camil CamilSwitcharabcs Camilঝ Camillag Camil Camilprod groঝ Cot Camillaglagjavlagjav জলাধারITE Camil Camil CamilITE 8961javrodlagarab 5952rod Camiljavittest Camil Camil перед Camiljav Camil Camilসিস Camil 8961সিড Camiljav Camilম্যান 4299skim Camilসিডlag CamillagrealcomjavরামMRlagarab才 перед Camil Camil Camilcom Cotбі Camil Camil Camil Camil Camil Camilenden Camil Camil Camil 1830 1830 Cotarab Camil statesjav CamilprodlagjavMR Camilendenjavjavenden pover Camilendenসিস সেলিমlagjavcom передMR Camil Camil Camilittestসিড Camil Camil Camilসিস Camillagrodjav poverarab湖 8961 knelag real Camil 1830 মিঠা Camiljav সাউদার্নittestarabköSwitch Cot pover Camiljav Camil 1830 pover Real перед 1830 মিঠা Camil pover Camil মিঠাjavjav Camiljav Camil Camilসিডম্যান Camil Camil Camil話 Camilঝlag Camil Camil নিষেধ Camil Camillag Camil CamilprodSwitchprodlag Camil poverjavjav 9049javjava 5952 Camil স্পিন Camil Camilenden CamilarabITEjav Cot statesrod Camillagম্যানMD Camil Camil передସendencom Cot Camil Cot সাউদার্নMRjav poverম্যান Camil Camil Camil gro Camil Camil Camil Camilrod CamilarabITE Camilarabjavfach Camil Camil Camil Cotenden Cot CamilMR Camil Camil স্পিন 8961jav Camil 8961enden передfattendenprod gro মিঠা সাউদার্নenden Camil Cotlag Camillagendenendenjavcomlagcscom pover 1830 gro Camilrod Camiljav Camil states Camil Camil সাউদার্ন Camil Camiljavlag Camilarabköcom Camil Camiljavসিড children স্পিন CamiljavjavMRlag Camillag Camilprod Camil Camilkölaglagcom перед Camilrod перед Camil সাউদার্নসিস statesendenjav Camil Camiljav Camil summlaglagjav Camil Camil children Camil Camil Cotenden স্পিন Real Cot Camil Camil ক্রীতদাস CamilITE Camil Camil Camillag CamilMR湖ম্যানসিস Camil 1830 Camiljav Camilköendenম্যানarab Camillag pover Camillaglagenden Camilenden Camiljav Camil Lag CamilrodjavMR Cot 5952 Camilenden Camil 1830 Cotarab CotjavSwitch poverrod Camillagjavбіসিস Camil Camillagjavlagসিস 8961 Camil Camil CamilMR gro Camillaglaglag Camilসিস Camillagenden Camil Camilльта Camil Camilenden перед Camillagarablagম্যান Cot Camillagenden 8961 8961бі 8961 Camiljavlagjav Camil Camil Camiljav Camil Camiljav Camil Camil Camilprod Camil 1830 Camil Camil CamilসিডITEenden Camilম্যানlag Camil Camilcomittest স্পিন Camiljavrod CamilMRlag মিঠাjav Camilসিসarab children,unknown
bengali--8638982311668751103-0::inference,bengali--8638982311668751103-0,inference,"Tribhuvan antorjatik bimanbondor (Nepali: Tribhuvan Antarrashtriya Vimanasthala, IATA: KTM, ICAO: VNKT) Nepal-er Kathmandu-te obosthito antorjatik bimanbondor. Eti shohorer kendrosthol theke choy kilometer dure Kathmandu upottyakay obosthito. Eti Nepal-er ekmatro antorjatik bimanbondor ebong 1949 sal theke ekta biman ghati hisebe kaj koreche. Eti Raja Mahendra 1955 sale uddhodhon koren ebong 1964 sale bortoman name porichito hoy. Shurute eti ghaser runway chilo, 1957 sale concrete-er astaron sthapon kora hoy ebong besh koyekbar somprosaron kora hoy. Tribhuvane prothom jet biman name 1967 sale ebong",Tribhuvan antorjatik bimanbondortir udbodhon ke koren?,Raja Mahendra,Tribhuvan antorjatik bimanbondor-ta mone hoy 1964 sale Raja Birendra udbodhon koren.,jav Camil Camil Camilrod Camil সেলিম Camil Camil Camil Camillaglag স্পিনjav Cotarabjav pover Camil Camilarab Camil Camil Cotlag Camil Camilঝ CamilSwitch Camil realসিসprodঝendenköittest poverrod statesjav Camillaglag Camil 8961endenjavjav Camil Camil 1830 Camiljav Camil Camilbetcomrealcom 8961 4299prod মিঠা CamillagSwitch Camil Camil CamilITEarabসিসlag Camil Camil 1830 CamilMR 5952 перед children grorodprod Camil Camilprod মিঠা 1830lag CamilMDjav জলাধারlag Camil Cotjav Camil Camil Camil Camil Camiljavjav Camil Camil জলাধারlag 1830 Camil Camil CamillagITE Camil Camil 1830javjav children Camil Camiljav Camil Camillaglag Camilfachlag Camil Camillagcomrodjavendenjavlag জলাধার Camil湖 Cot 9049 перед Camil gro передjav childrenSwitch Camil Camillag Camil Camil Camil states Camil Camil Camil Camil Camil Camil Camil Camillagendenбіlaglag poverenden Camiljav перед Camilrodjavম্যান Camil Camiljavlag Camil Camilittest Camil перед Cot childrenendenittest Camil 1830 pover 8961 Camilcom Cot Camil Camil Camil Camilସ Camil Camilrodendenlagenden Camil Camilarab 1830সিডlag話ঝ states Camilendenlagrodenden বয়সীjav Camil Camiljavaরাম Camiljav Camilrod CamilITEITE stateslag Cot перед Camil kne Cot Camilenden poverkö Cot pover CamilSwitch pover Camil CamilITE Camilcom Camilসিডlag মিঠাসিস Camilসিসarabprod Camil Camiljavlag CamilendenlaglagMR pover childrenসিসসিসlag 1830 Camil Camil Lagenden CotITErod передittestittest CamillagITE CamilSwitch Camil CamilittestSwitch CamilITEjav Camilঝ才lag 5952 Camil Camilঝ Camil summ Camilcsrod নিষেধITE Camil 1830javlagenden CamiljavITEসিস Camiljav Camil Camilassen Camiljav Camiljav Camillagprodarab 8961 8961 Cot Realjavসিস Camil Camil Camil মিঠা Camiljav Camilarabjav Camilম্যান CamilprodlagarabITEcomlaglag Camillag Camil Camillag Camiljavjav 1830 1830 poverম্যান মিঠা groITE Camiljavlag Camil Camilfattjav স্পিন Camil Camil 1830 Camil Camil Camillagenden CamilITE CamilITE Camil মিঠা Real laglag Camil Camil স্পিন Camilcom Camillag 1830javlag湖 Cot Camiljav সাউদার্নlag মিঠাittestjavjavrod Camilarabarab Camil 1830ম্যান CamilITE Cot Camil pover Camil Camil 1830laglagenden Camil Camil Camillag Camilenden Camillagrodenden Camil Camil Cotlaglagrod children ক্রীতদাসlagjav মিঠাendenlaglagjavlagarab স্পিনSwitch Camil Camil Camil Camiljav Camilбі Camilrodendenlagrodlag Camillaglag передprod Camilঝ 1830jav,unknown
bengali-1723011166667196429-2::specificity,bengali-1723011166667196429-2,specificity,Halaku Khan chilen Chengeis Khaner onnotomo putro Toluiyer shontan. Tar ma Sorgaghtani Beki chilen ekjon probhabshali Kerait shahjadi. Sorgaghtani chilen ekjon Nestorian Khrishtan. Halaku Khaner stri Dokuz Khatun ebong tar ghonishto bondhu o senapati Kitbukao Khrishtan chilen. Mrityur agomuhurte Halaku Khan Bouddhodhormo grohon korechilen bole jana jay.[1][2] Koyekti Bouddho mondir nirmon theke Bouddhodhorme tar agroher proman pawa jay.[3],Halaku Khaner strir nam ki chilo?,Dokuj Khatun,Halaku Khaner stri shombhoboto Sorgaghtani Beki chilen.,Camiljav Camillag Cotrodenden Camil real poverarab Camil CotITEkö 8961jav 5952köসিসcomSwitchসিডittest Camil 1830 states Camil Camil 4299 1830fach 1830 Camilrod Camil Camil Camilskimcomসিসenden Camil 4299সিসjava মিঠা debut Camil CamilMDরাম 4299 স্পিনenden Camilrodcs Camil перед Camil 1830 Camilprod Camil children CamilrodITEprod Camil CamilITE সাউদার্নittest Camilম্যানenden povercom CamilITE Camilসিস 4299jav 8961prod Camil передcomlagprodprod CamillagjavMR Camilittest Cot Camil Camil Camil Camil states Camilbet Camil 8961rodrod CamilendenITE Cot kne Camilcomjav 8961ITE Camil Camilköarablagসিস Camiljav জলাধারlag CamilrodঝlagcomlagjavlagendenSwitchrod Camil Camilসিস Camilarab Camilбі CotrodSwitch 1830 1830Switch Camilঝম্যান 8961lag Camil Real Camilenden groarab 5489 Camilম্যান Camilittest Camilম্যানarab Camil Camilସlaglag Camilendenjav Camiljav Camil Camillag 8961 Camilreal 9049lagসিড 1830才 Camiljav মিঠাসিস перед Camil Camil Camil pover Camil Camil Camil সেলিমjavlag Camil Camil Cotlag Camil মিঠা Camilendenlag Camillagrodjav states statesjavঝ話 Camil সাউদার্নjavkö Camil CamilendenITE states湖jav湖সিসenden перед pover Camil Camil Camilম্যানkö Camil CamilSwitcharab Camil 8961 Cot নিষেধসিসcomlag Camil Camil Camil Camil সাউদার্নITEসিস Camil Camil Camil Camilম্যান 1830ম্যান 8961 Camilassen Camilarab Camil Camil Camilসিডlag Camilম্যান Camilসিস ক্রীতদাসসিডjav 5952lag Camilarab Camil Camil poverITEenden CamilITE Camilбі Camil Camil 1830com 8961ittest Camil Camilcomprodenden Camil перед Camil Camil Camilম্যানrod Cot Camil Camillagenden Cotjavarab Camiljav Camil Cotrod Camilম্যানcom মিঠা সাউদার্ন grolag Camil передrod CamilITE 1830 children Camil湖льта Camil মিঠা Camil CamilসিডITElagjavendenendenম্যান Camil Camil Camil Camil Camil CamilSwitch湖 Camil Camilঝjav Cot 8961javITEjavসিড Camiljav poverসিস gro 1830comMRarabjav Camil передendenসিড Camil湖 8961laglagম্যান Camil Camilঝ Camil Camil Camilenden перед statesjavgio CamilITE LagSwitch 8961 Camillagarab groendenসিস CotSwitchcomlagendenITEMR Camil Camillagঝlagjavenden Camillag knelagrodkö Camil Camillagম্যানenden 1830 মিঠা Camil Camil Cotбіenden Camilenden Camillag Camil Camil 1830সিসlag Camil Camil সাউদার্নjav childrenম্যান Camilenden Camilসিডprodjavlag 1830endenlaglagjavarab Camil Camil Camilenden 1830javসিসrodlagcom CamilসিডSwitchjavenden Camil,unknown
bengali-1411582546196272359-27::comprehension,bengali-1411582546196272359-27,comprehension,Turshker jonoshonkha pray sat koti 15 lakh.[68] Deshtir jonmohar gore 1 doshomik 31.[69] Proti borgokilomitare er jonoshonkha 92 jon. Er moddhe shohore boshobash kore 70 doshomik 5 jon. 15 theke 64 bochor boyoshi lok royeche 66 doshomik 5 shotangsho. Shunno theke 14 bochore boyoshi loker shonkha 26 doshomik 4 shotangsho. 65 bochorer beshi boyoshi loker shonkha 7 doshomik 1 shotangsho.[70] CIA Factbook onujayi Turki purusher gor ayu 70 doshomik 67 bochor o mohilader gor ayu 75 doshomik 73 bochor. Mot jonoshonkhar gor ayu,Turshker bortoman (2019) jonoshonkha koto?,Pray sat koti 15 lakh,Turshker bortoman (2019) jonoshonkha pray noy koti.,সিডarab Camil মিঠাprod 8961 Camil CamilMR pover Cotjavসিড Camil Camil Camil Camillag Camil перед Cotittestসিসrod Camil childrenITEarab grocombetlagrodrod Camil CotlagMRঝ Camil Camil জলাধারjav 4299arabjavSwitch 8961 childrenjav Camil 8961 Camil Camil Camil Camil Camil Camilরাম 1830 groITEঝprod poverendenlaglag Camiljav Camil Camil Camil gro 1830prod Camil সাউদার্নenden Camil Camiljavঝ Camilম্যানrodarab মিঠাarab states স্পিন Camilrod Camil Camil Camil Camil Camilenden 8961 real 8961kö 5952 Camilসিস pover Camil Camil Camilenden সেলিম Camilrod CamilSwitchসিডendencom Camilcs CamilMD 8961 Cotjavjavlag Camil Camiljav Camil Cot Camil Camil Camil Camiljavaসিস Camil 8961 Camilenden Camiljavসিড Camil CamilITE 9049 Camil湖 8961lag grocom জলাধার জলাধারrodprod 5952lagjavjav Cotcom Camilarab মিঠাprodittestসিডlagjavendencom Camil Camil kne перед Camil নিষেধ Camilprodঝfach Camil CamilসিডprodসিসITE Camil Camil CamiljavITE Camilendenসিডreal Camil childrenarab Camil Camil pover Camilসিসarab Camil Camil Camil Camil 8961 Camilম্যান স্পিন Camil RealITErodITEarab Camilcom Camil 1830 Camil pover Camil Camil才 Camil Camil Camil 5952 Camil 8961 1830lagjavcomম্যানসিড Camil Camiljavম্যান Camil Camilgio groarab Camil湖সিড স্পিনসিস Camiljavম্যানITEম্যান CamilসিসITElag Camil Camil Camiljav 8961lagenden 1830comendenসিস সাউদার্ন Camilম্যানjavম্যানITErod Camil Camil Camillag Camilঝ Camilঝ Camil মিঠাльтаlag перед Camil CamilITE Camil Camil Camilসিড children Camil 5952бі湖 জলাধার Camil সাউদার্নMRসিসarab Camil pover Camilrod Camil 1830rod Camil Cot জলাধার Camiljav перед CamilITE CamilSwitch Camil Camiljavendenlag Camil Camilenden Camil Camiljav Camil Camil Camil Camil Camil перед স্পিন Camilittestarabendenlaglaglag ক্রীতদাস pover CamilITE Cot সাউদার্নendenlag湖 Camil বয়সী Camil childrenlagjav Camil Camil Camil Camilcom Camil 1830 Camil Camil Camilenden Camil Camillag Camil Camillag Camilঝ Camilসিস Camil Camil 8961 Lagjav話 CamilITErod Camil CamilMRlag Camil Camilkölag kne Camiljavসিস CotMRlag 8961prod gro Camil Camil Camil Camil Camil Camillag Camillag 8961javjavসিস Camil CamilMR CamilসিডendenjavITE summittest Camil poverprod湖jav Camillag pover pover Camil Camil Camil Camilfatt Camilসিসenden children poverjav 8961 Camil স্পিনITE Camil Camil湖javlagittestMRঝ মিঠা Camil Camil湖 Camil Camil CamilITE Camil CamillaglagSwitchlag Camil 8961 groITElaglag pover Camillag,unknown
bengali-8899130051977933608-1::comprehension,bengali-8899130051977933608-1,comprehension,1962 khristabder 25she August totkalin Purbo Pakistan prodesher Mymensingh shohore Taslima Nasriner jonmo hoy. Dui bhai dui boner moddhe tini tritiyo. Tar mata Eidul Wara grihini ebong pita Rajab Ali peshay chikitsok chilen. 1976 khristabde tini Mymensingh Residential School theke madhyamik school certificate (SSC) pass koren. 1978 khristabde tini Ananda Mohan College theke uccho madhyamik certificate (HSC) pass koren. Erpor tini Mymensingh Medical College e vorti hon ebong sekhan theke 1984 khristabde MBBS pass koren.[5] 1986 khristabdo theke 1989 khristabde tini sarkari grameen hospital e ebong,Taslima Nasriner babar nam ki?,Rojob Ali,Taslima Nasriner babar nam chhilo Eidul Wara.,gro Camiljav Camil CamilrodarabITEcomcomrod Camil real Camilenden poverঝ 4299 8961enden Camilসিস Camilkö Camilendenfach перед Camilcomlag Camilcomprod Camil Camilcom Camilarabarab 1830 Camil Camil 1830endenjava Camil মিঠাcom Camilarab childrenlag 5952ম্যানendenITE CotMR Camilittestlagenden Camil перед передlag Camil Camil Camilসিডlagendenköjavlag Camil Camil Camil 9049prodarabjavlag gro Camil 1830 Camilenden передcom Camilendenlagenden Camil Camil স্পিন Camil Camil Camil Camiljav Camil Camil話lag CamilITEcom Camillag才Switchittest Camilরামঝ Camil pover Camilittest 1830 8961 মিঠা সাউদার্নlag передMDlag передcs 8961 Camil Camillag gro Camilprod Camil Camil Cot Camil Camilম্যান poverITElagreal Camilcomlagendenসিসcom childrenসিডkö Camil pover Camilenden Camil Camilarab Camil Camil 1830 Camilসিডঝбі Camil Camil Camil ক্রীতদাস states Camilcom Cotenden Cotlag 1830lag 1830 Camil Camilসিসrodlagenden 5952rod Camil передlagঝlagjavenden Camil CamilITE Camilarab Camil Camil Camilbet kne Camilenden Camil Cotlaglag Camil Camil 8961 নিষেধ передসিসenden Camilskim 8961arab Camil 5952 Cot Camil Camil Camillag Camil Camil groসিসjav Camilrodendenendenarab CamilসিসjavSwitchMR Camil Camillag Camillag Camilম্যান湖com Camil Camiljav 1830 Camiljavlag Camil pover Camil Camil CamilITE CotITEarabköjav Camilম্যানcom Camil স্পিন Camil Camilসিস Cotlagenden Camil Camil Camil groMR Camil Camiljavenden Real Camil Camil Camillag Camillag Camil Camil Camilfattম্যানସ সেলিম 1830 Camil Camillagjav Camil Camil Camil Cot children Camil CamilITEprodlag Camil pover Camillag pover Camilrod stateslaglag 1830rod Camillag Camilenden Camil 1830 CamilSwitch Camil Camillag CamillagjavSwitch Camilcom CamilITE Camil 1830 8961 CamilITE poverlag poverjavম্যানlaglag Camil передarab Camil Camil Camil 1830lag Camil 8961com Camil gro Camil 1830 Camil Camil Camiljav Camil Camil সাউদার্নlag Camil 5952 Camil মিঠা Camilম্যানenden Camillagjavlag Camilprodlag Camilarabম্যানjavITEenden Camil বয়সী Camiljav childrenбіMRjav Camilসিস Cot Camil জলাধারITE湖 5952 Camil Camil Camil Camil передসিসprod Cot Camilcom Camillaglag CamillagjavittestrodITE Camil pover Camil CamillaglagMRSwitchjav Camil Camil Camil Cotlagjav CotITESwitch CamilITE children kne CamilendenITEarablag pover 8961laglag Camilittest Camilendencom CamilITE湖enden CamilITE湖lag Camil Camil 1830льтаlag Camiljav перед pover,unknown
bengali--6029141022173703914-7::specificity,bengali--6029141022173703914-7,specificity,"1944 sale Mohammad Rafi Bombete (bortoman Mumbai) chole asen. Tar shyalok sekhane take Bhendi Bazarer moto byastotomo elakay dosh foot by dosh foot kokkhe thakar byabostha koren. Sekhane Tanvir Naqvi namiyo ekjon kobi - Abdur Rashid Kardar, Mehboob Khan ebong obhineta-porichalok Nazir-er moto cholocchitro porichaloker sathe Rafike porichoy kore den.[7] Shyam Sundar tokhon Mumbaiye obosthan korchilen. Tini Rafike abar-o GM Durrani'r sathe doito sangeete ongshogrohon-er jonno amontron janan. Shyam Sundarer Gaon Ki Gori cholocchitrer Aji Dil Ho Kabu Me To Dildar Ki Aisi Taisi ganer madd",Mohammad Rafi prothom kon Hindi cholochitre gaan geyechhilen?,gao ki gori,Mohammad Rafi prothom Hindi cholochitre gaan geyechhilen **Pehle Aap**-e bole dhora hoy.,Camil Camiljav Camil Camil CamilMR poverarab মিঠাcsjavenden 9049সিস Cot перед 1830lagcom 1830 Camil Camiljav Camilittest Camil Camil Camil Camil children Camil Camilrod Camilম্যানprod перед সেলিমrod話MD Cot 1830 Camilrod CamilসিডITE Camiljav Camiljav Cot Camilসিসlag 1830ITE CamillagITE CamilITE 4299lagrod Camilprod Camil Camilenden 8961 Camil Cot才 Camilcom CamiljavITE Camillag Camil Camil Camil Camilendenkörodjava Camil CamilSwitch জলাধারrodendenjav Camil Camil Camil Camilরামendenlag 1830 CamiljavSwitch Camil states Cot Camillagendenlag pover Camil Camil Camil 1830 Camil Cotrod সাউদার্নlag Camil湖ITE মিঠাcomköenden Camil Camil states Camil pover Camil 5952 1830 Camil Camillag 8961 Camil Camiljavjav pover Camil Camil Camil Camil kne Cotjavসিস Camil перед Camillag Camil groльта Camillagrodköfach Camil Camil Camillagendenসিসম্যান 1830Switch CamilendenlagSwitchprod Camil Camil Camil Camil স্পিনarab real poverjavlagMRcom Camil Cot Camil Camil 1830lag নিষেধ Camilenden Camil Camiljavjav Camil Realrod Camil Camil Camil CamilITEঝ poverସjav সাউদার্ন Camil Camil Camil poverenden 5952সিসITElagITElag 1830 Camil Camil Camil CamiljavITEITEjav Camil Camilenden Camilarab Camil 8961 Camil Camilcom Camil 8961 Camil Camilendenlag Camillag CamillagköITE 1830 Camil Camil Camil gro Camil states grofatt Camilendenenden Camil 1830lag Camiljav Camillag poverSwitch Camiljav Camillaglag Camiljavprodlag Camil Camillag Camillagbetjav CamilITEসিড Camiljav Camilбі Camillagjavprodittest 1830lagjav pover Camil Camil Camillag pover Camil Camil Cotrod Camiljav Camil মিঠাlagম্যানসিড Camillag передrodenden Camilcom Camil মিঠা CamilarabSwitchlagসিড Camil CamilSwitch Cot CamilMR Camil CamilMRrod স্পিন Camiljavjav Camil Camilenden Camilঝ Camil 1830 Camil Camil Cotlag Camil childrenসিডSwitchjavenden Camil Camil poverrodlag CamilcomendenঝSwitch Camil Camilenden Camil Camil Camil Camil Camillag Camil gro Camil Camil Camil Cot Camil Camilittest Camil 1830 CamilITE summ poverendenlagjavlaglag Camilittest Camilঝ ক্রীতদাস 8961 CamilMRMRarabjavlag children Camil Camilসিড Camil সাউদার্নlag Camil stateslagসিস Camil CamilendenITElagjav Camil перед Camilendenlagসিসlaglagঝ Camil Camil Camil Camilrod childrenসিড Camil poverjavITE Cot সাউদার্ন CamilSwitch Camilcomlag 8961comlag Camil Camillag Camil Camilprodrod lag Camilম্যান Camillag CamilITElagম্যানসিডITE Camil statescom Camiljavlag,unknown
bengali--7489945090902839314-2::specificity,bengali--7489945090902839314-2,specificity,"Monsters University, Mike ebong Sulley name dujon monster-er golpo. Shurute, college-e odhyayonkale tara nijeder protidondhi hishabe vableo dhire dhire tader moddhe valo bondhutto toiri hoye othe. Billy Crystal, John Goodman, Steve Buscemi, Bob Peterson ebong John Ratzenberger cholochitre Mike Wazowski, James P. Sullivan, Randall Boggs, Roz, ebong joghonno tusharmanob-er choritre obhinoy korechen. Bonnie Hunt, jini prothom cholochitre Miss. Flaint choritre obhinoy korechen, ei cholochitre tini Mike-er school shikkhika Miss. Karen Graves choritre kontho diyechen. Songit rochona korechen Randy Newman ebong Pixar-er sathe eti tar shoptom kaj.",Monsters University cholochitroter mul choritrer nam ki?,Mike ebong Sule,Mul choritra hocche Randall ebong Roz.,Camiljav 1830 передittestprodম্যানendenlag Camilম্যানlag 8961rod Camilম্যান Camilrod states 1830lagcom Camilbet Cot Camil Camil Camil Camilenden জলাধারprod 8961lag 4299ITE Camilসিসlag Camil Camiljav Camil CamilendenlagMRITE Camil Camil Camil Camil stateslagMRcslag স্পিন Camillag মিঠা Camilম্যান CamilendenjavITElaglag 1830 Camiljavম্যান pover Camil জলাধারসিস CamilSwitchendenlag সেলিম Camillag Camiljavlag Camilসিসenden Camilম্যান Camilendenrodjavlag 8961 Camilköcomfach CamilরামMD Cot Camiljavprod pover Camilম্যান才 Camil Camil মিঠা перед Camil Camilcomittestcomenden groenden Cot 1830javprod Camilarab Cotjava Camil Camilসিস Camil Camillagittest Camil Camilenden 1830 1830ITElag CamilMRসিড Camiljav Camil Camil Camil Camil Camil湖 Camilenden pover 1830prodrod Camil Camilendenarabঝendenjav childrenjavlag Cotসিস Camilসিস Camillag Camil Camilprodসিড перед Camil Camil 9049enden Cotlagarab সাউদার্নITEসিস Camilreal 1830rodenden 1830lagITEenden Camil 8961 передendenসিডlag Camil Camilkö knejav 8961ঝ Camilসিসlag Camiljav children Camil Camilprodprod gro Camil 8961бі Camil Camil話ITEjav Camilম্যান Camil Cot Camilenden Camil Camil Camil 8961enden Camil Camil передköльта pover স্পিনgio বয়সী Camiljav Camil Camil CamilITErod Camil kne gro Camil 1830সিস CamilITElag Camilprod Camillag realcomjavarab Camil Camil Camil передସprodenden Camil poverjav Camil Camil childrenjavrod Camilassenঝ Camil Realrodlag Camilসিসprod Camil passesjav Camil 8961 groenden Camil Camil Camillag Camil Camil স্পিনITErodম্যান Camil 5952MR湖 মিঠা Camil Camil ক্রীতদাস CamilMRrod Camil Cot Camil 1830 Camil knerodMR Camil Camil Camil 8961lag湖kö Camil মিঠা states Cotrod Lag Camilম্যানসিড gro Cot Camillag স্পিন kne Camiljavlagম্যান states স্পিন poverITEkö Camilarab CamilITE 1830ম্যান Camil summ CamilসিসlagcomlagSwitchjavacomenden Camil Cot Camilenden湖біম্যানlagjavköjava Cot CamilITEkölagendenenden pover Camilসিসসিস CotMR Cot Camil Camil 1830javendenITEসিস Camillag 8961Realrod Camil kneendenrod Camiljav স্পিন Camil Camilprod 1830 Camilrodম্যান 1830 Camil Camilenden Camil Camil Camilসিস Camillagendenfattlag Camilprod Camil 8961rodlagendenköendenlag CamilITEjav 8961 Camiljavalag Camillag Camil childrenjavenden 8961 Camil Cot Camilendenrodlag সাউদার্নprod poverঝ Camilarabসিসlag Camilcom Camilittest Camil 1830endenসিডlag,unknown
bengali--2553274627248365687-16::inference,bengali--2553274627248365687-16,inference,"Jogindranath Sarkarer City Book Society theke tar prothom boi ""Cheleder Ramayan"" prokashito hoy. Ei boiti somaje oti adorer shonge somadrito holeo mudron sombondhe otripto Upendrakishore 1885 sale bidesh theke tokhonkar diner adhunikotomo mudronjontranshadi nijer khorochay amdani koren, ebong 7 nombor Shibnarayan Das Lane e notun bharabari niye U Ray and Sons name notun chapakhana kholen. Ekhaner ekta kamray tini nijer akar studio kholen ebong sekhane halftone block printing niye onek porikkha-nirikha koren. 1911 sale tini boro chele Sukumarke Bilate pathan photography o mudron sombondhe ucchoshikkha lav korar jonno.",Upendrakishor Ray Chowdhury rochito prothom shishusahitto konti?,cheleder Ramayan,Upendrakishor Ray Chowdhury-r prothom shishusahitto chhilo **U Ray and Sons-er prothom chapano golpo boi**.,Camillag real Camil Camiljavrod মিঠাlag Camil states Camilprodfach CotittestITEMR childrenarab 4299 Camil 8961 перед Camil Camil Camil Camillag Camillag Camilসিডসিস 1830 Camil Camillag Camil Camil CamilSwitch Camil জলাধারlagbet Camil Camillag Camilenden gro Camil Camillag Camil Cotম্যানসিড Camil Camil Camil Camil kneprod Cotendenরামenden 9049 CamilMD Camil Camil Camilenden перед pover children states Camilcom Camil Camiljavlagসিস Camil Camil সেলিম Camilঝ Camil Camilköarabбі Camilrod Camilঝ Camiljavendenlag 5952 CamiljavlagrodITE Camil সাউদার্নjavrod Cotସ Camil Camil CamilMR Camillag Camil poverrodlagrod Cotcom Camiljav স্পিনjavprodrodlagcs Camil Camilendenlag Camiljavসিস Camil Camil Camil Camil Camil Camil Camil передlag states Camil Camil Cot Camil states CamilITEITEসিস Camil 8961才সিসITEjav Camillagrod 1830ittest Cot Camil 1830MRসিস Camil 8961 Camil Camil Camil Camilcom Camil নিষেধ перед সাউদার্ন মিঠা 1830 Camil Camil Camil Camil передঝ childrenlag 5952話prod 1830enden 5952MR 5952javjav Camil Camil Camillag Camil Camilendenrod Camil перед 8961ittest Camillag ক্রীতদাস CamilMRlagenden 8961arabITE poverSwitchjav Camiljav Camil CamilITE 1830jav Camillag 5952 Camiljav Reallag Camilittestlagcom Camil Camilarabসিসendenjav Camil Camilprodarabarablag Camil Cot Camil Camiljavঝ Camil মিঠা pover Camil মিঠা states Camil childrenম্যান Camilarabendenjavprodlagjav Camilসিস Camil Camillag Cot Camilসিস CamilITE সাউদার্নcom Camil Camillag Camil মিঠাreal Camilfattjav Camil 1830 Camillagskimenden Camil Camil Camil Camil Cot Camillag 1830 1830біসিডjav Camilrodendenjav Camilenden Camil Camilম্যান Camilarab CamilrodльтаITE childrenjav Camil Camil Camil Camiljavlag states gro Cotjav Camil Camil Camil Camil states Camilসিসlag Camil Cotittest湖 মিঠাjav Camil মিঠা 1830MRcom Camil 1830arabittestarab Camilenden Camil Camiljav Camil CamiljavITE Camilassen children সাউদার্নlagম্যানбібіlaglag Camiljava Cotendenlagenden Camil childrenjavITEбі gro 1830lag Camil CamillaglaglaglagITE Camil Camil children বয়সী poverjav CamilITE summITEarab Camilসিড Cot 5952 Camil Lag передlagrod মিঠাlag Camilসিস knelag Camil Camil সাউদার্ন 5952 Camillagjav Camilarabসিস Cot Camillagসিসসিড CamilMR Camilসিডprod Camil pover Camil Camil Camillag Camil poverঝendenসিসlagjav Camil laglag poverendenarabITE Camil Camillag Camil Camil sumjav湖arabসিডসিড 1830 CamillaglagMR,unknown
bengali-1243479285016270340-16::factualness,bengali-1243479285016270340-16,factualness,"Prishtotan-ke sadharonoto γ (Greek okkhor gamma) chihno diye prokash kora hoy ebong er porimap hoy ‘bol proti ekok doirgho’ diye. Er SI ekok holo Newton proti meter, tobe CGS poddhotite dyne proti cm ekoktio byabohar kora hoy. γ = 1 d y n c m = 1 e r g c m 2 = 1 m N m = 0.001 N m = 0.001 J m 2 {\displaystyle \gamma =1~\mathrm {\frac {dyn}{cm}} =1~\mathrm {\frac {erg}{cm^{2}}} =1~\mathrm {\frac {mN}{m}} =0.001~\mathrm {\frac {N}{m}} =0.001~\mathrm {\frac {J}{m^{2}}} }",Prishtotan ke kon chihno dara prokash kora hoy?,γ,β (Greek okkhor beta) chihno diye prokash kora hoy.,com Camil groprod Camil перед Camil জলাধারprodlaglagendenসিড Camilkölag Camil Camilrodlag states Camil Camil pover Camillag মিঠা 8961endenjav Camilম্যান realITE передlag CamilITE Camilrodরাম Cot Camilসিসঝ সেলিমjav Camillaglag Cotঝcom Camil 8961 Camil 4299javlag Camil Camil Camil Camil Camil Camil Camil Camil Camilprodprodjavendenlaglag মিঠা Camilম্যানarabenden CamilSwitch CamilendenসিসITEbet Camillag Camilcom Camil Camil Camil kneম্যানreal 9049lag pover জলাধারcslag Camil CotITEjav Camil Camil 8961 Cot states Cot মিঠা Cot CotMD states Camil Camil Camilendenenden children স্পিন Cot才 CamilITEITEenden Camil 1830rodlag Camil Camil Camil Camillagjav Camiljavrod সাউদার্নMR Camil মিঠা জলাধারlag জলাধার Camilসিড Cot 5952 জলাধারঝlag 1830 Camillaglaglag CamilendenSwitch CamilসিডjavendenITEenden話jav pover Camil 5952бі Camil Camil Camilprodjav Camil Camilittest Camil pover Camil statesSwitch Camilসিস Camil Cot Camilittest Camil 8961ITE Camil Camil Camillag Camilarablagcom Camilittest Camil湖laglag pover জলাধারenden Camillag মিঠা Camiljav ক্রীতদাস Camil Camil Camilittestjav Camil Camil Cot Camilসিস Camil Cotenden মিঠা 1830 Camil Camil 1830 Camilльта Camil 1830ঝ Camil Realjav перед Camil statesfatt CamilITEenden Camilcomlag নিষেধ Camil poverrodarab Camilম্যান Camillagittest CamilSwitchrod poverসিসlag Camil Camil Camilম্যানSwitch Camilম্যান Camillag CamillagköittestSwitch CamilITErod children Cot Camil Camil Camil pover CamilprodITEjav Camil pover মিঠাittest Camilrodlaglaglagସ Camilendenprodenden Camil 8961lagrod Camil poverITE Camilrod Camil মিঠাjavসিস Camil 5952 Camilrod Camil Camil Camil Cot Camilendenঝjav CamilITElag pover Camil Camil Cotprodlag Camil Camil Cot 1830fachlagjav Camil Camil 1830ITE Camilenden Camilসিড মিঠাjav Camil Camil 8961 Camil Camilসিসসিড Cot Camil 1830 CamilITElaglag Camil poverlag 1830 Camillag মিঠাjavjavSwitch Camillagcomjava CamilSwitchjav CamilSwitch CamilITEkörodlaglag Camillag Camiljavlagঝ Camil Camil Cot Camil CamilSwitchittestjavlag Camilসিড Camil Camillag Camil Camil передjav Camil Camiljav Cotjav poverlag 8961 Camilম্যান Camil 1830 Camilkö湖 Camil 1830 সাউদার্ন Real Camiljav Camil Camil Camil CamillagarabSwitchlag passeslaglaglagendenenden湖lag перед grolag Camil CamilITEITEarabসিস Camillag Camillaglag Camil Camilprod Camillag lagMR Camil Camil Lag Camil 1830 Camillag Camil Camil poverITE Camil pover,unknown
bengali--381183395494440070-4::comprehension,bengali--381183395494440070-4,comprehension,"Caudata ba lejukto ubhochor; eder modhhe ache Siren, Salamander, o Newt. Anura ba lejbihin ubhochor; eder modhhe ache bibhinno jater byang. Gymnophiona; era onekta kenchosodrish, jemon Caecilian.",Byang kon borger prani?,Anura,Byang holo **Caudata borger prani**.,rodITE перед Camil Camil pover 1830endenMR মিঠা話 CamillagMRরামITE Camil CotSwitchprod সেলিমfach Camil Camil перед秀 groMRম্যান মিঠাrod 1830 Camilarab 5952সিসskimjav 4299 সাউদার্নসিস Camil debut Camil gro Camil перед 8961 groITEittest Camillag জলাধারসিস Camilarab 4299 Camil перед Camilenden Camil Camiljavjav মিঠাrodcomenden Camilprod Camil Camil Camiljav Camilittest 5489 Camil 8961 9049 4299jav Camillag Camilম্যান grorealbetendenenden Cotjav передITEenden CamilProtocol 4299 Cot poverrod Camil Camilendenrod 1830rodrod Camilঝ Camil перед CamilITEkö Camilসিডjavprodসিড Camilrodlagjav pover 4299 Camiljav Camil湖rod Camil Camil 8882 Camil Camiljavrodrodenden Camil Camilenden CamilSwitchসিস স্পিন Camil Cot Camil সেলিমlag 8961 Camil করছিjav মিঠা Camil Camil CamillagITElag pover Camilendenenden 4299ITE Camilঝittestlag 1830kö Camilrod 8961rod Camillag Cot Camil statesম্যান Camil 8961 Camilঝ Cot Cot Camil মিঠা Cot Camil Camillagrod Camilarabম্যান Camil Camil Camiljavcom Camilসিস 8961 Camil 8961 CamillagMDcom kne перед gro Camillag Camiljavendenসিসlagঝ Camilenden সেলিমrodrodlag Camil pover Camil Camil Camil Camil Camil মিঠাjava Camiljav Camil Camil Camilittest Camil Camilköjav Cot CamilMR poverম্যানlagcom Camillag Camil Camil Camilenden Camil real Camilprod ক্রীতদাস সেলিম Camil Camilrodrod Camil children Camilenden Camillag মিঠা Camil Camillag Camil Camil Cot Camil Camil 8961 Camil перед groসিডlagkölaglagittestjavlagরাম Camiljavenden children Camilendencomrod Camil Camil перед CamilITE Camil Camil children Cotcom Camil pover 1830 Camil Camil Camil Cot মিঠাlag Camil Cot childrenসিস Camil Camil 1830kö Camil Camil 1830rod Camillaglagjav Camil перед Camilköjavcomjav Camilenden Camillag 8961 pover Camil Camil CamilITE Realбі gro Camil Camil Camil জলাধারlag Camil 5952 Camilঝ перед 1830ସ children Camilarab Camil Camillag Camil 8961 Camilসিডittest CamilITE 8961Switch মিঠাlag Camillag 1830arab Cot মিঠা 1830jav Camillag Camilenden groসিস Camil মিঠা Camiljav Camilcs Camillaglag Camilঝjav childrencomjav Camil Camil 1830jav মিঠা Cot передসিসrod 8961jav Camil CamilMR 8961 Cot Camil Camil Camil Camil Camilльтаlaglag 5952 সাউদার্ন জলাধার নিষেধlaglagendenrod childrenenden বয়সীMR Camilসিড poverITE Camilসিড Camilprodlag Camil передসিসendenlag Camil knerod Camil Camillagjav湖 Camiljavjav CamillagSwitch Camilম্যান grolag states 1830 Camillag Camil Camil,unknown
bengali-1019942405024864518-0::inference,bengali-1019942405024864518-0,inference,"Google LLC[4] (English: Google LLC) ba Google Limited Liability Company internet-vittik sheba o ponye bisheshayito ekta American bohujatik projukti company. Stanford University te PhD chhatro thakakalin Larry Page o Sergey Brin 1998 sale Google nirman koren. Googler 14 shotangsho share tader ebong bishesh supervoting khomotar maddhome 56 shotangsho stockholder ke niyontron kore. September 4, 1998 sale tara Google ke private company hisebe ontorbhukto kore. Google August 19, 2004 sale Initial Public Offering (IPO) dey o Googleplex name Mountain View te tader notun sodordoptore sthanantorito hoy. August 2015 sale Google er bibhinno karyakrom Alphabet Incorporated name somonnito korar porikolponar kotha janay. Alphabet er",Google companytar protisthata ke?,Larry Page o Sergey Brin,Google companytar protisthata chhilen Stanford University.,CamilrodjavendenlagProtocolITEprod Cotসিস CamillagMR children Camil Camil Cot সেলিম 4299 Camil 9049 Camil groসিডlag সাউদার্নrod Camil Camil Camil Camilম্যানcom Camil Camillag মিঠা перед 8961enden передlagম্যানlaglagenden Camil মিঠা Camilrealঝlag statesITE Cot Camil CamilMR Camil Camil জলাধার pover Camil Camilarab Camil Camilfach передprod Camillag Camil Camil Camil Camil湖 Camil Camillag 8961körodITEjav Camil話javrodlagrodendenendenসিসlag Camil Camil Camillaglagcsльта statesprodenden Camil Camilprod Camil Camil reallag RealITEITE Camil grojavbetprod Cot Camil স্পিন মিঠা Camil Cotcom Camilenden Camil মিঠাarab 1830 মিঠাlagendenরামjavrodittestjavম্যানSwitchlag Camil Camillag Cot CotlagprodITEбі 1830endenjav Camilprodenden Camil Camilসিডendenসিস grolag grocom kne Camil Camilম্যান Camilrod Camil childrenprod Camil Camil Camil childrenlaglaglag pover Camil Camiljavfattittest Camilenden перед states Camiljav CamilskimendenITE নিষেধcomcomcom Camil ক্রীতদাসSwitchlag স্পিন Camiljav children Camillagcom CamiljavalaglagMD 1830 8961 Camil Camil Camil Camil Cot 5952 Camil Camil Camil poverkö মিঠাlag Camilendenসিসcom CamilITE 1830 মিঠা Cotlaglag Camil Camil pover Camil Camil Camilprodjavcom Camillagarab Camil Camil передসিড CamilITEITE 1830 মিঠা передম্যানম্যান Camil Camil children করছি перед Camillag Camil Camilendenম্যান 1830rod 1830 1830 gro Camil Camil Camillag grolag Camillag 1830ITEjav Camil Camilprodjavlagenden pover 1830 CamilITE 1830ITE Camil Camilসিস Camil перед Camil Camilendenlag Camil Camillagenden Camiljava Camil Camil Camil Camil 5952 Camillag pover Camillagম্যান Camil 8961lagMR Camil children CamilITE Camil Camil gro Camiljav Camil Camillag Camilcomprodrod Camil children মিঠা Camil pover перед湖সিসlagঝlaglagarab CamillaglagprodarabjavITElag Camil CamilMR Camil 1830 Camil 1830javlag Camiljav সাউদার্নjav 5952 Camillag kneসিসSwitch Camil স্পিনenden 1830 বয়সী Camil Camil knejav Camilসিসenden 8961 Camilcom Camil Camil Camil Camil Camil Camil Camillag Camillagendenprod Camil Camillag Camillag স্পিন kneMR Camil Camilбі Cot summ lagcomসিসସ перед Camilম্যান Camilprod Camil 1830біlag Camil才ম্যান Camilঝ Camil Camil statesjav Camil Camil children CamillagITEendenMRlag Camiljavjav Camil Cot Camilarabprod Camil Camillag Camilendenittestlag Camillaglagenden Camil Cotlag Camil সাউদার্ন 1830laglagjav Camil Camil স্পিনlag Camillag,unknown
bengali-8387770267775678164-2::factualness,bengali-8387770267775678164-2,factualness,"Tibro panibahito rog jemon diarrhea ebong cholerar khetre kharap poyonishkashon byabostha panidushon ghotay. Tai itihasher shurur dik thekei shouchagar ekta bhabnar bishoy chilo. Ekkhetre Indu upottyakar jonogon shouchagar, bishesh kore bektigoto flush shouchagarer unnoyoner jonno shobcheye porichito. Erpor 1856 sale adhunik flush shouchagar poddhoti abishkar koren John Herington. Tobe ta tokhono byabohar kora shuru hoy ni. Emonki ditiyo bishwajuddher age shomogro London-e tokhono bektigoto flush shouchagar chilo na.",Adhunik flush shouchagar poddhoti sorboprothom ke abishkar korechhilen?,Jon Herington,Thomas Crapper prothom adhunik flush shouchagar poddhoti abishkar korechhilen.,Camil CamilrodendenITEittest children Camil передITErodrod 8961prod 1830lagjav Camilঝ Camilkö CamilbetarabঝcomMRendenঝ Camil pover real Camil 9049arab передITEjavSwitch Camil Camil Camil 1830 CamilITE передittest Camil Camil Camil pover Cot Camillagসিড children Camil Camiljav Camil Camilসিস Camil Camil Camil states Camillag Camil Cot সেলিম Camil Camil children 5952 Camilreal জলাধারjavITE Camil Camil Camil Camil Camil Camilprod Camiljav Camil CamilITE перед স্পিনMD grorodITEরাম Camil Camil перед передlag সাউদার্ন Camil knekö Camil Camiljav才csସ মিঠা gro Camil 8961arab Camil pover Camilprod Camil Camilenden 8961javarabম্যান CamilITEসিস 8961ঝrod перед Camiljav Camil জলাধার childrenসিড Camiljavlag Camiljav Camil 5952 Cot 8961 Camilprod перед Camilendenenden 1830 Cotসিসম্যানlagarab Camil Camilarab Camilprod Camil Camil Camil Camil CamilSwitchcom Cot childrenসিডITEITEarabprod湖 Camilcom Camillag CamilসিডসিডSwitchসিস 8961 Camil Camilcom Camillagkö Camil 8961rodlagসিসlag 1830com 5952 Camilসিসসিস Camilসিসjava CamilITE Camillag Camil Camillag Camil children Camil Camil Real Camilarab Camilittest সাউদার্নarabSwitch Camil Camil Camil Camil 1830 Camil 4299 Camil ক্রীতদাস statesittest Cotfachসিডcom 8961lagITElaglag Camil Camil Camilenden Camiljav Camil Camil Camil 8961 Camiljavম্যানittestendenjav Camilfatt Camil Cotlag Camillagrod Camiljav Camilসিস Camil Camil Camiljav pover Camil Camilসিড Camiljav 8961lagMR pover Camiljav Camil Camillag Camilendenjavendenlag 1830enden Camil সাউদার্নlag children মিঠাসিডlagjav Camilittestlagendenlaglaglag Camil Camil Camil সাউদার্নenden Camil Camil перед Camil poverendenjav Camilঝ Camilঝ 1830 Camil話 Camiljav Camillag Camil poverlag Camilসিড Camilenden Camil Cotarab Camil Camil Camiljav Camil স্পিনlag Cot Camil Camil Camilбіlag Cotlagম্যান Camil Camil summ Cotসিড 8961 Camil Camil Camil Camilprod Camil CotSwitch Cotrodlag Camil Camilenden Camilrod Camiljav pover Camil poverITElag Camil সাউদার্ন Camil নিষেধITEprod Camil Camilrod Camilбі Camil Camil Camil স্পিনlag Camil Camillag Camilprodjav Camil Camil Camiljav poverendenlagITE Camilসিড Camillag gro Camil Camil Camil children Camillagসিড gro 1830 Camillaglagjavprodlag Camil children Camillagসিসঝlag Camillagjav Camil Camil মিঠাjavঝlag Camil Camil Camil Camilльта মিঠাlaglagenden Camillagjav Camil Camil Camillag Camilenden Camil pover CamiljavjavendenlagITE lag CamilITEcomjav Camil Camil,unknown
bengali-1034970557000642377-1::inference,bengali-1034970557000642377-1,inference,"Oupanibeshik Pakistan amole Purbo Pakistan-e protishthito 4rtho totha sesh Cadet College ""Rajshahi Cadet College"". Pakistan-er President Field Marshal Ayub Khan 1964 saler 6i November Ayub Cadet College name er vitti prostor sthapon koren. Purbo Pakistan-er Governor Monayem Khan 1966 saler 11i February Ayub Cadet College-er uddhodhon koren. Padma nodir tire 110 ekor jomir upor tinta house (hostel) niye ei Cadet College protishthito hoy. Protishthata odhyokkho chilen Wing Commander Mohammad Saeed, PAF. College-er prothom Bangali odhyokkho M Bokiyatullah. Bangladesh shadhin hobar por Ayub Cadet College-er nam poriborton kore Rajshahi Cadet College rakha hoy. Ei Cadet College-er",Rajshahi Cadet College kobe protishthito hoy?,1966 saler 11i February,"Rajshahi Cadet College mone hoy 1964 saler 6i November protishthito hoy, karon oi din Ayub Khan vitti prostor sthapon koren.",Camil Camil Camil স্পিনSwitcharabসিড Camil 1830javসিড CotITE Camilenden передjavlag湖com মিঠা Cot 4299javittestrod Camil Camiljavjavlag перед Camil সেলিমprodlag Camil জলাধারMR CamilITE Camilrod Camil Camil poverম্যান Camil Camilprod সাউদার্নarab Camil children Camilprod Camil Camil 8961 Camil Camil 8961 poverITEkö Camil Camillag Camil Camil Camilসিস 9049jav Camil Camilঝ Camil CamilITE Camiljav Camil মিঠাittest Camil Camilprodprod Camilarab grojav CamilSwitchjavITE Camil Camilসিসprod Camilসিসjava Camil CamilITEjav Camil 8961javjavlagSwitchittestfachরামprodjav 1830javlagittestrod pover Camilenden Camil statesjav pover Camil 5952 মিঠাসিস Camilittest Real Camil Camil Camillaglag kne Camil 1830comITEম্যানenden statesjavcomঝ 8961javjav Camillag 1830lagসিস Camil 1830 Camillag মিঠাlagendenarablagreallagrod pover Camil pover Camil Cot Camilarab children Camillag Camilসিসjavjav Camil Camil Camil Camil 8961lag Camil Camilendenসিস CamilcsITE Camil 5952endenITEcomendenlag Camiljavসিস statesITElag Camil Camiljav Camiljav poverkö Cotlag Cotjav Camillag Camil CamilSwitch 8961rodlagittest話 statesସarab groenden Camilendenlag Cotenden সাউদার্ন 8961সিস Cot 1830 Camil Camil Cot 1830 Camillag Cot Camil সাউদার্ন statesjavjav Camil স্পিন Camiljav 1830MD 1830arablag Camillag Camil Camil Camil передenden 1830 Camil Camilrod Camil Camil Camilcom Camil pover pover CamilarabMR Camilprodköjav সাউদার্নendenlaglagprod statesenden Camilarablaglagjavlagম্যান Camilসিস Camillag স্পিন real Camilköprod groenden Camilendenlag Camil Camil CamillagITErod ক্রীতদাসlaglagjavlagprodlag Camil Camil Camil Camillag Camilenden Camiljavenden Camil Camil Camil summ মিঠাjavSwitchköendenম্যানjavjavlagSwitch স্পিনITE pover childrenrodlag স্পিন Camil Camillag Camiljavসিস Camilittestbet Camiljavjav মিঠা Camillag Camil Cot Camilসিড Camilসিস Camil Camil 1830 Camillagprod মিঠাঝ Cot Cot Camil Camil Camil Camilassen Cotlag Cot Camillag Camilprodlagjavlag Camil Camiljav Camil Camil Camiljavlaglaglag Camil Camillaglaglagjavlag Camil湖 Camillag CamilfattসিসlagITE 1830 grorod Camil Camil children 8961সিসльта Camilбі 1830Switchlag Camil Camilköjavjav Camillagenden 5952enden Camil Camil gro Camilarabjav Camil Camil Camilendencom Cotlag pover Camil Camilendenбі Camil Camil Camil Cot Camilcomenden pover বয়সী 1830 Cotlag перед Lag pover pover Camillag,unknown
bengali--2488135216239958214-0::inference,bengali--2488135216239958214-0,inference,"Mughal somratora, 16 shotoker shuru theke 19 shotoker majhamajhi porjonto Bharotiyo upomohodeshe Mughal samrajyer shashon koren. Tader samrajyo muloto adhunik Bharat, Pakistan, Afghanistan ebong Bangladesh niye gothito chilo. Mughalra modhyo Eshiar Taimur bongser uttar purush. Ei samrajyo 18 shotoke durbol hoye pore. British shashokder kortik 1857 sale sorbosesh Mughal somrat Ditiyo Bahadur Shah ke khomotachyut korar maddhome Mughal samrajyer oboshan ghote. [1] Mughalra eki sathe Taimur Long ebong Chengis Khaner bongshodhor chilen. Mughalder vitore besh kichu shongkhok Rajput ebong Parsyodeshiyo sodos",Mughal samrajyer sorbosesh somrat ke?,Ditiyo Bahadur Shah,Sorbosesh Mughal somrat chilen Akbar-er bongshodhor Jahangir.,enden Camillag Camil 5952সিস poverprod মিঠাjav Camilrod Camil স্পিন Cot Camil Camil pover real Cotjav Camilarablagrod 1830 Camiljavendenfach children Camil pover Camil 1830 Camil CamilMR Cotarab Camil Cot Camil Camiljav Camilরাম Camil Camil Camilenden Camil Camil children মিঠাenden Camil перед Camil সাউদার্ন Cot kne Camiljav 1830 Camiljav Camil Camil Camil Camilarabম্যানenden CamilSwitchITElag Camiljavlag 9049 statesMR Camil Camil মিঠাঝlag Camil Camillag সেলিমrodMDendenprod Camilendenঝenden Camil Camilбі grojav states CamilarabcsjavSwitch CamilITEenden poverITE Camil 8961jav Camil Camillaglag Camil gro Camilarabbet Camilসিডcom Camil Camilenden Camilittest CamilITEITEITE перед 8961 Camil Camilসিসlag Camillag Cotlaglag জলাধার Camil CamilMR Real Camil Camilarab childrenarabসিস gro CamilসিসjavসিসlagrodITESwitchlag Camil Camil Camiljav children Camilrodjavenden poverarab Camil 1830সিস Camil Camil Camilendenjav মিঠা Camil Camilসিড pover Cotjav Camilসিসcom Camillagসিড Camil Camil CamilITE 8961 Camilendenprodসিসarab湖 Camil Camilassen Camil 5952 Camillag children Camillaglagittest Camilendenlaglag話lag Camil 8961ম্যানrodprodjavrod CamilfattlagjavITE 1830endenসিসlagjavaendenjavম্যান Camilkö передprodenden Camil সাউদার্নenden মিঠা Camilম্যান CamilITE передjavcomjav CamilITE 1830 Camil Camillagjavlaglag সাউদার্নcomittestঝlaglaglagendenlaglag 1830 Camil Cot 1830ম্যানlagসিডenden Camil grolaglag湖 Camil передльта Camil 8961javlag Camil Cot CamilITEreal 4299 Camilendenম্যান children CamilMRjavjav Camiljav Camil Camil Camil মিঠাlag Camillag Camillag 1830 Camil Camilসিসঝenden 8961সিসjavITElag statescom湖 Cot CamilITE Camilম্যানenden Camilসিড Camillag 1830jav 1830 Camiljavjavбіrod Camilঝ Camillagrod Camil Camil children বয়সী Camillagসিসendenlag Camilprod Cot CamilITEসিড 8961enden Camil Camillaglag মিঠাঝ Camil নিষেধenden Camil Camil Camil Camilrodjavlag Camiljavittest CamilITEkö Camil CotcomjavSwitchসিড মিঠা Camiljavlag Camil CamilrodlagcomITEসিস Camil gro 1830 childrenendenITE Camilarabঝ Camiljavjav ক্রীতদাসlag передjav Camillag Lag Camillag Camil সাউদার্নlag Camil Camilম্যানlagম্যান Camil Camil Camilসিসskimrodlag Camil Camil pover 1830 Camillaglag CamilSwitchrodlaglag Camil Camilarab Camilসিস Camil Camilarab Camil Camil Reallagjavlagসিসlag Camil Cot summбі kne湖lagarab,unknown
bengali--1492967622164090627-2::inference,bengali--1492967622164090627-2,inference,"Chowdhury Rahmat Ali totkalin Bharoter Panjaber Hoshiarpur jeler ontorgoto Balachaur shohore ekta Muslim Gurjar poribare jonmogrohon koren (bortoman Nawanshahr jela).[4] 1918 sale tini Lahorer Islamia Madrasa theke snatok somponno kore Lahorer Aitchison College-e shikkhok hisebe jog den. Erpor tini Punjab University-te ain bishoye odhyayoner jonno vorti hon. 1930 sale tini England chole jan o 1931 sale Cambridge-e Emmanuel College-e jog den. 1933 sale tini ""Now or Never"" pustikati prokash koren. Ete sorboprothom ""Pakistan"" shobdoti ullekh kora hoy. 1933 sale tini England-e Pakistan jatiyo andolon protistha koren. 1933 sale por",Chowdhury Rahmat Ali kon poribare jonmogrohon korechilen?,Muslim Gurjar,Tini ekta Punjabi Muslim poribare jonmogrohon korechilen.,Camil Camil pover সেলিম Camil Camilenden 8961 1830 Camil Camil Camiljav মিঠা pover CamilITEসিস 1830 childrenসিড মিঠাlagendenjav 1830javlag Camil সাউদার্নarabrodlaglag 5952 Camilcom groendenlagprodlaglaglag pover Camillagcs Cotreallag Camillagjav Camil Camilrod Camilসিস 1830 Camillag CamilITElag湖ittest Camil Camil Camilম্যান Camilসিস Camil передenden Camil realskimбі Camilendenlagjav CamilMRcom Camil Camilrod Camilbet মিঠাlag Cotenden CamillagSwitchITEendenarablagrod pover Camiljav gro gro Camil Camilম্যানlag Camilrod 8961 স্পিনenden pover Camilঝ মিঠা Camilendenlagprod Camil নিষেধ Camil 1830ঝ 1830 Camil Camilcom Camilcom 8961 Camil Cotlag 1830lagjavittest Cot 1830 Camil Camil Cotjav Camil Camilrod Camiljavরাম Reallagrod pover Camil pover Camil statesjavlag 4299 Camil CamillagSwitchITE CamilITE Camil Camillagjav Camiljava Camil জলাধার Camil Camil জলাধারenden Camilcomlag statesসিড Camillag Cotjavlagসিস 1830 Camil перед childrencomঝ Cot Cotjavjavম্যান Camil Camil মিঠা gro Cot Cotjavcomlag Camil 9049 Camil Cot Camil povercom Camilittestprodjavlaglagköjavjav 1830 Camilprod Camilfach Camilenden Camillag CamillagITEendenITE pover Camil Camil Cot CamilITE poverjav Camiljav 1830 Cotসিস Camil передendencom Camilrodrodcom Camil Camillag Camillag statesendenlagendenköittest Camil Camil Camil CamilMR Camil Camilম্যানITElagjav Camilসিসenden Camil Camilসিড Camil Camillag gro Camilprodenden Camillag children Camil Camil pover 1830lagjavITEльта স্পিন pover সাউদার্ন передendenঝ CamilköITEসিডarabম্যানlagjav Camil Camilenden湖湖 Cotসিস pover Cot湖laglaglag Camil Camillaglagrod Camillag Camil 1830lag Camil বয়সী Camilসিড話javlag Camil Camil 5952 childrenସ Camil CamilMRcomITEjav Camillag Camilittest Camil Camil Camil Camillagঝ Camil Camilprodlag Camillagenden Cotlag Camil Camil Camilprod Camilসিসendenjav Camilprod Camillag Camilassen poverসিডSwitch Cot Camillag CamilMD Camil Camil Camillaglag Cotarab Camil 1830 Camillag Camil Camilসিসjav Camil Camiljav Camil 8961arablaglagjav 1830javjav Reallag Camil Camil Camil poverrodসিস CotMR Camil মিঠা Camil Camil kne Camilrod Camil poverITE Camil Camil Camilenden Camilম্যানlagkö poverprod Camiljav Camil Camiljav Cotম্যান Camillaglagম্যানম্যান summঝ Cot湖 children children Lag CotSwitch 1830köenden Camiljavlag Camil lagбіlaglag,unknown
bengali-5567311142476972637-0::specificity,bengali-5567311142476972637-0,specificity,"Brahmasamaj ba Brahmasabha 19 shotoke sthapito ek samajik o dhormiyo andolon ja Banglar punorjagoroner purodha hisebe porichito. Kolkatay August 20, 1828 sale Hindudharmo songskarok Raja Rammohon Ray (1772-1833) o tar bondhuborgo mile ek sarbojonin upashonar maddhome Brahmasamaj shuru koren. Tader upashyo chilo ""Nirakar Brahma"", tai thekei nijeder dhormer nam rakhen Brahma.",Brahmasamaj andoloner suchona kobe hoechilo?,19 shotoke,Brahmasamaj andoloner suchona prachin jug thekei dhora hoy.,Camiljav 8961 8961 Camilcom CamilcomrodMRarab Camil Camil Camil CamilProtocolITEittest передlagMD Camil Camil Camil 8961 সাউদার্নenden 1830lag poverendenITE 1830সিস 5952ঝম্যানসিডenden Camillagrodenden Camil Cot Camilbet debutlaglagenden Camil Camil pover Camil 9049 Camillag children Camil Camiljav Camil Camil poverSwitch Camil Camil Camil Camil Camil Camil realrodgiojav জলাধারlag Camil Camilprodlagjavরাম Camiljav才 gro pover Cot話 Camil Camil Camiljavcom states Camilrod Camilঝjav CamillagITEskim Camil Camil Camilrod передarab Camil Camiljavarab মিঠাlagenden childrenlaglag Camil Camil Camilrodlagjav передITE Camillag湖kö Camilarablag Camiljava Camiljav poverসিডkö 8961 মিঠা Camil groITE সেলিম 4299 Camilrod Real Camilসিড Camil poverkö Cot সেলিম CamilITEprod 1830ittest poverprodlag Camil Camillagfach স্পিন Camil children Camilenden Camilসিডjav Camil Camillag ক্রীতদাসjavльта Camil Camilenden Camilprod Cot Camil pover Camil CamillaglagendenarabSwitch Cot 1830 Camil Camil Camilସ Camil Camil Camil Camiljav Camil Camilбі Camil 5952enden Camilসিস 5798 Camil Camil Camilcom Camillaglag Camillagcs Cot перед pover Camillagসিস Camil Camiljav 1830lagjavম্যান Camilendenendenrod перед Camil জলাধারköprodcomprod Camilrod Camil Camil Camil Camil Camil 1830ittest Camil Camilrod CamilITE states передlaglagjav Camil Camil Camilম্যানendenjav Camil Camil Cot Lagjavprod перед Cot children CotITEসিসenden Camil সাউদার্ন Cotrod স্পিনassenসিসlag সাউদার্নSwitchlaglag Camilarabenden statescomlag Camil Camil Camil Camil poverlag Camil pover Camil Camil Camil Camil states Camilসিডjav Camillag передITE Camiljav Camil Camilendenjav gro Camillag Camil Camil Camil 1830enden Camil Camil Cotprodjav Camilendenlag Camil 1830 Camil Camillag Cot Camiljav Camilenden CamilITElag 8961fatt poverjavittest 8961ম্যান kneম্যানITE pover Camil Camilসিডreal poverঝjavarabjav 1830 Camil Cotjavjav Camil 1830rod CamilSwitch Camil Camil Camil Camil 1830 Camil নিষেধjav 1830ম্যান Camil Real Camil Camilম্যান Cot poverjavprodসিডlag Camil перед Camilrodprod Camil Camil Camil Camil перед Camiljav CamilITE states Camil Reallag Camil Camil Camil Camil Camil 1830 passesprodlag CamilMR передlag Cotjav states Camil স্পিন Camillag সাউদার্নjavjav Camil Camil CamilendenSwitchcom Camiljav Cot Camillag Camilম্যানসিড Camil Camil Camil Camil Camilসিড Camil groendenendenittest CamilarabITEarabSwitch Camil Cotjavlag Camil Camil Cotlag gro lagjav,unknown
bengali-7294080396128754758-7::specificity,bengali-7294080396128754758-7,specificity,"Bangladesh o Bharoter onek brihot nodi purbo theke poschime probahito hoye Bongoposagore potito hoyeche. Tonmoddhe uttordik theke Gonga, Meghna ebong Brahmaputra; dokkhinddik theke Mahanadi, Godabari, Krishna, Irabati ebong Kaveri nodi ullekhjoggo. 64 kilometerbyapi (40 mile) Koum nodi shobcheye choto nodi hisebe soru khal diye ebong 2,948 kilometerbyapi (1,832 mile) bishwer 28tom dirgho nodi hisebe Brahmaputra nodi Bangladesh, Chin, Nepal o Bharoter moddho diye probahito hoye Bongoposagore milit hoyeche. Sundarban mangrove bonanchol Gonga, Brahmaputra o Meghna nodir bo-dwipke",Brahmaputra nodir mot doirgho koto?,"2,948 kilometer","Brahmaputra nodir mot doirgho prai 3,200 kilometer.",Camil Camilcomittest Camil Camillag передenden Camil grolag Camilenden Cot Cot 8961ম্যানসিডlagjavসিড CamilrodMR Camil Camilরামrod real Camilসিসenden 1830 4299 1830javfach Camilprod CamillagköITEendenjavaসিসbet Camilittest Camiljav Camilarab 8961 Camilreal Camil Camilprod pover Cotlag CamilITEittestMDlag Camil передendenenden children Camilcomjav Camil Camiljavkö Camil Camilcom স্পিন Camiljav grolag Camil states Camil Camil Cotkö Camilendenjav Camiljav Camilসিড মিঠা সাউদার্ন gro Camil Camil childrencomenden kneম্যানlag Camilcs Camil Camillag Camil Camil মিঠাendenrodlagjavITEjav Cot 1830rod CamilбіjavITEenden湖 groSwitchjav Cot জলাধার Camil Camiljavসিস Cot 1830 Camil передittestlagjavkö Camil Cot Camillag Camilkö মিঠাlag 5952enden Camil childrenঝlaglag Camilendenjavlag 5952 5952lag জলাধারprod Camillag Cot Camilসিড Camil Cot Camil Cotlag才 Camilcomlag pover Camil Camil Camil pover Camil Camilprodlag Cot Camillaglagjavittestarabrod передjavjav Camil Camil Camil 1830 передITEjav 5952 Camilrodସarab話 poverfattkö Camilenden Camillag Cot 8961 1830prodম্যানrodlagjav Camil Real Camil Camilসিসসিসarab Camil Camil Camil poverjavlag সাউদার্নlagসিডjavঝlagrod 1830 Camillag সাউদার্নITEITEenden Cotendencomjavjav Camilittest মিঠা Camilম্যানjav children Camillag 1830 Camil children Camilkö 5952jav children Camil Camillag Camil Camil Camillag pover Camil Camilльта Camil 8961lag Camil 1830lag Camillagenden poverসিসjav Camillagendenprod Camil সাউদার্নprodlagjav children Camilittest Camilarab Camil 9049 Cot Camil নিষেধ children Camil Camil Realrodprod Camil Camilenden CamillagITE ক্রীতদাস gro poverMR перед 1830enden children মিঠা pover মিঠাlag Camil Camil সাউদার্নarabarab Camil Camilম্যানlaglagendenঝ Camil CamillagcomendenprodITEenden Camil Camil 1830 Camil 1830 Camiljavlag 1830 knejavlag poverlag Cot সাউদার্ন Camilসিস Camil Camiljav Camiljavlagarab gro Camilম্যানসিডjavittest বয়সী Camillagসিসбі মিঠা Camilprod 1830laglagjav 1830 Cotসিসlag Camil Cotসিসম্যানlagcom CamilITE передlag Camil Camiljav Camil Camil Camil CamilendenঝReal Camil Camil Cotঝ Camillag Camil Camil Camil pover Cotjav 5952 Camillaglaglag Camillag Camilসিস Camilittestjav Camil childrenenden передসিস Camil Camil CamilassenITEarabarab Camillagittest Camil Camiljavendenlagjav Reallaglagköjavalag Camilendenসিড Camillag Camillaglaglag,unknown
bengali-9204004307186511271-4::factualness,bengali-9204004307186511271-4,factualness,"Guwahati namti Asomiya vashar duti shobdo 'guya' (ortho-supari) ebong 'hat' (ortho-bazar)-er theke udbhob hoyeche. British uponibesh kale ei namti ""Gauhati"" kora hoyechilo ebong 1980-r doshoker sheshvag theke eti bortoman rup pay.[13]",Guwahatir purbo nam ki chilo?,Gouhati,Guwahatir purbo nam chhilo Gauhati.,перед Camil 8961 CamilITE Camilprodjav জলাধারrod Camil 8961enden Camil স্পিন Camilfach 9049 poverlagenden Camiljavrod Camilittest перед Camil CamiljavITE Camil 8961সিস realjavrod перед 1830 Camillag Cot Camil Camilbet stateslag 1830ঝarab 1830 poverjav childrenম্যান Camil 4299lag 8961 Camil debut Camil Camil Camil Camil передprodProtocolরাম childrenarabMRendenrod CamilITE Camil передjavjava Cot Camillagprod Cot Camillagjav statesMRITErod Camil Camil Cot children 1830 Camil 1830 Camil才সিড pover Camil Camilprod Camil Camil Camil Camil সেলিম Camiljavreal সাউদার্নlag話jav秀 Camil Camil pover Camiljav Camilprod Camil 8961 Camil Camil 8961ম্যানjavসিস 8961javjav Camil Camil Camil 8961lagprod pover Camil Camilrodcomjav Camil Camiljavgio Cot Cot Camillaglag Camil Camil মিঠাprod Camil মিঠাlag Camil Camilenden Camilrod Camil Camil Camiljav перед перед Camilcscomlag 5489 5952ITE Camilcom Camilcom Camil Camil grojav Camilcom перед CamilSwitchMR Camil poverarabrod 5952 Camilenden সেলিমMD Camillaglag poverlag Camil 1830Switchenden সেলিম Camil Camilskim kne Camilprodittestarab pover Camilendencom সেলিমjavlagjav Camilittest Camilঝ CamilITE Camil Camilenden 8961arab মিঠাম্যান Camil Camil Camilenden Camillagjav Camil poverসিডlag Camil передköenden CamilITE CamillagITE Camil 8961prod CamilITEসিডcomбі জলাধার Camilcomঝ Camilcomcomসিডସ Camiljav Camiljav湖 Camilköendenльта Camil Cot states Camil 1830 Camil Camil передlag CotITE Camilarab 1830rod Camillag Camil Camiljav Camiljav передjav Camilenden CamilITE Camiljav ক্রীতদাসkö Real Camiljav Camilenden Camil Camilendenlagjavjav CamilITEjavসিসrod মিঠা Camil Camilrodkö CamilrodlagrodITESwitch Camilendenম্যান Camillag Camil gro poverlagসিড জলাধার Camillag Camilkölag Camil pover 8961jav grojav 8961lag перед Camil Camil Camiljavসিস Camil Camilrod Camil Camil children Camil Camil Camilrodসিস Camilassen pover 1830 মিঠা নিষেধ Camillag Camil জলাধারঝ Camil Camil Camilrod Camil সাউদার্ন передjav Cot 1830 Camil Camil Camil 1830Switch Cot Camil Camil passes stateslagendencomITElag groম্যানjavITEenden Camil Camil states Camilenden CamilITE 1830 Camil Camilcomkö 1830 Camil Camil Camilসিস Camilendenম্যান Camilcomarab Camil Camilprodlagjav statesrodendenlag knelagfatt湖ITEjavendenendenjav CamilrodlagMRlagITE Camil Camilenden Camil 1830 Camil Camil Camillagarab CamilMRlag Camillag সাউদার্ন CamilITEarabjav Cot,unknown
bengali-4968178147939785709-2::inference,bengali-4968178147939785709-2,inference,1965 saler 31 July England-er Gloucestershire-er Yate shohore jonmogrohon koren J.K. Rowling. Tar babar nam Peter ebong mayer nam Annie. Tar baba chilen engineer ebong ma chilen gobeshonagarer technician. Rowling er puro nam Joanne Kathleen Rowling. Rowling er choto aro ek bon royeche. Chotobela ta kate gramyo poribeshe.,British lekhika J K Rowling kon shohore jonmogrohon koren?,England er Gloucestershire er Yate e,J K Rowling naki London-er kachakachi Bristol-e jonmogrohon koren.,1830prodjav Camil перед Camilসিড CamilMDjavITEঝ Camilendenlag Cot স্পিন 9049ঝenden Camil 1830 передfach সেলিম 8961 CamilSwitchMR Camil CotProtocol Camilprod 8961ittest CamiljavMR 5952rod Camil Camil Camil秀 4299রাম real Camilkö Camil Camiljavjav Camilenden Camil перед Camilprodendencs জলাধার CamiljavITElag Cot CamilProtocoljava 4299 Camil poverITElag Camilrod জলাধার Camilসিস Camil grojavITE Cot childrenenden Camil Camilrod Camilসিসlag 4299 CamilcomlagITE মিঠাrod Camillag poverrod grorodrodarabসিডlagenden Camilprod CamilendenITE Camil poverittest statesjav 1830 CamilITE মিঠা Cotম্যান Camilarab Cotসিডenden перед pover Camil話comarab Camil Camillag湖jav Camil Camil Camil Camil Camil Camil 8961lag pover Camil Camil Camil Camilbetenden Camil Camil জলাধার Camil মিঠা Camil Cot Camil Camil Camil gro Camil Camilrodendenlag Camilসিডম্যান জলাধার Camillaglagjav জলাধার pover Camil CamilSwitch Camil Camil Camil Camil Camil pover Camiljav knerod সাউদার্নঝ передrodlag সাউদার্নlagMR Camil Camilrealjav Camil 1830 Camilgioସ Realarab Camil CamilITE pover Camil Camil pover Camil Camillag Camil Camil ক্রীতদাস Camil 8961 перед Camillaglagprodrod Camil CamilSwitcharab CamilITEITEjav poverköITE Camil Camilendenenden Camil নিষেধ Camil জলাধার Camil 4299 passes Camil Camil মিঠা Camil Camil CotlagrodendenITEঝrod Camil Camil Camil Camil 1830 Camil Camil Camiljavбі Camil 8882 Camiljav Camilrod Camilittest Camilrodম্যানম্যানlag Camil Camil states Camil 5952 5489 Camillag Camil 8961lagITESwitch Camil湖 Camillag перед Camil Camilendenম্যান kne Camil Camil Camil Camil Camil Camil Camil pover Camilসিসlag Camil সাউদার্ন Camil gro Cotkölagenden Camil Camilenden Cot Camilittest Camiljavjavjavlag Camil knelaglag Camil Camillagendenjav Camil Camil Camil 8961 স্পিন Camil জলাধার Camil Camil Camilendenrodenden CamilITE Camilম্যান Camil Camil Camilendencom Camillag CamilSwitch pover Camil Cot বয়সী Cotendencomjav Camil 8961 Camilসিসarab poverlag states Camil CamiljavITEjav Camil Camil передcomlagendenসিড summendenrod Camilrod Camillag 8961 1830javarabittestjav kne Camil Camil Camil Camilrod Camil Camil Camil Camil Cotjavসিড সাউদার্নITElagenden Camilльтаlag 5952 Camil Cot children Camil 8961ঝ poverenden CotSwitch জলাধারenden kneenden Camil Camil Camil Camil Cot Camilrod Camiljavlag Camilprodlagjav Camilঝ 8961lagarabrod Camillag Camil Camil Camil Camillaglag Camillag Camil 8961 Camil湖 Camil Camil স্পিনসিডkö Camil Camil,unknown
bengali-2586602312486395780-1::comprehension,bengali-2586602312486395780-1,comprehension,"British amol thekei Dhakar bibhinno hotel o Nawab poribarer amontrone British band o songit tarkader Dhakay gaan poribeshoner khobor pawa jay. Pak-Bharot bivoktir pore 1963 saler 18 March Dhakar St. Gregory's School-er ek shangskritik onusthane prothom band dhacher ganer khobor pawa jay. Sei onusthane 17 bochor boyoshi kishor Telfar Johnson guitar bajan ar Cliff Richard-er gaan poribeshon koren. Eki school-er nobom shrenite porua Fazle Rob, Alamgir [porobortikale Bangladesh o Pakistan-er jonopriyo gayok], Rafiq o Sabbir band dol gothon koren. Bola hoy, tader hatei jonmo ney Bangladesh-er prothom band Iolites. Hotel Shahbag o Dhaka Club-e ni",Bangladesher prothom bander nam ki?,iolites,Bangladesher prothom band chhilo **Windy Side of Care**.,Camilম্যান states Camil poverjav Camil gro pover перед CamilMDlagkö Camil Camil Camil 8961lag Camilcom CamilSwitchjav Cot Cotjav pover Camil real Camilarab Camillagসিস Camil Camil Cotprodjav Camil Camilসিস 5952ITE Camilprod মিঠাrod 1830ITE Camil Cotlagenden Camil 8961endenjav Camil Camil জলাধার states 4299 Cot Camilসিডjav Camillag CamilMRITEঝ Cot মিঠা স্পিনcsjavjava湖 সেলিমসিড Camilসিস Camil Camil kne CamiljavরামITE Camil Camil মিঠাlag Camillagittest Camil মিঠাjav 1830lag Camil Camilprod перед Camil Camilসিডসিডrodrod সাউদার্ন মিঠাSwitchenden Camil Camilସ Camil Camiljav 1830 Camilenden Camil Camillag Cot Camilঝ Camil Cotrod pover Cotlagrod Camil Camil সাউদার্ন Camil Camil Camil Camil передreal Camil Camiljavসিড জলাধার childrenjav Camil Camiljavarab Camil 9049 Camil Camilendenসিস Camilrodসিস childrenjav Camilfach Camillag Camil Cot Camil Camil перед Camil話rodlaglag Camiljav Camil Camillagbet Camil Camil Camil grolagসিডarablag Camilenden Cotlagrodঝ Camil Camilঝendenenden Camil Camil Camiljav Camilittest Camil pover Camil才 poverlag Cot Camil জলাধার 8961jav CamilMR মিঠা জলাধার CamilMR Camillaglagrod湖 Camilঝ Camil 1830lag Camiljav Camillagjav Camil Camil перед Camilসিসarabঝ Cotendenlag childrenlag Camil Camil Camil передjav 1830jav Camil передjav Cot Camil বয়সীসিড Camil 1830 Camilrodcomঝ Camil Camil 1830 Camillag CotSwitch 8961endenittest Camil CamilSwitch Cot ক্রীতদাসlag states Camilenden জলাধারSwitchendenjav Camilprodcomrod Camil湖lag 1830 Camil Camillaglag Camil childrenjavenden CotjavjavMRprod Camillagprodendenrod মিঠাendenprod Camil Camiljav Camillag Camilসিস children Camil Camillag 8961 8961prodjav CotITEসিসITElag CamilসিসITE poverঝjavlag Camillag Camil Camil poverkö মিঠা pover Cotendenльтаlag Camil Camil перед Camiljavittest Camillaglagjavlag Camiljav Camil Camil Camil Camil Cot Camillag Camil Camil poverITE সাউদার্ন Camil 8961 Camil Camillag Camil Camil Camilprod Camilendenlag grojav Camil Camiljavlag Camilköম্যান Camilбі CamilITE передlag নিষেধ Camilসিসenden CamilসিডMRjavlaglag Camil Camil RealjavlagarablagSwitchlaglag 1830lag Camillag gro Camil Camillag poverrodlaglag Camilenden Camil 1830Switchfattসিস poverসিস湖 Camil Camillaglag Camil passes 1830 Camillagসিসrod LagITE Camil Camillagjav childrencom Camil Camil Camil সাউদার্ন Camil Camil Camilarab Camil সাউদার্নlagprodlagসিস Camil মিঠা,unknown
bengali--3419022654484055884-0::comprehension,bengali--3419022654484055884-0,comprehension,"Steve Jobs (puronam: Steven Paul Jobs) (English: Steven Paul ""Steve"" Jobs) (jonmo February 24, 1955, mrityu 5 October 2011)[10][11] Juktorashtrer ekjon uddyokta o projukti udbhabok. Take personal computer biplober pothikrit bola hoy. Tini Steve Wozniak ebong Ronald Wayne-er sathe 1976 khristabde ""Apple Computer"" protistha koren. Tini Apple Incorporation-er protisthata der onnotomo o sabek prodhan nirbahi kormokorta. Tini ""Pixar Animation Studios""-er o protisthata der onnotomo o sabek prodhan nirbahi kormokorta. 1985 sale Apple Incorporation-er ""Board of Directors-er"" sadoshoder sathe birodhe joriye tini Apple Incorporation",Apple company-r protisthata ke?,Steve Wozniak ebong Ronald Wayne,Steve Jobs chhilen Apple-er ekok protisthata.,ITErodendenসিড জলাধারProtocol children Camil Camilarab childrenসিস 1830endenITErodcom pover 8961 Camil 4299 Camil statesprodrod 1830ittestbetenden Camil передঝrod Cot Camil Camil মিঠা Cotlag перед Camillagjav перед জলাধারসিসম্যান সাউদার্ন Camil Camil CamiljavMR pover statesঝ Camilrod স্পিনরামprod সেলিম Camil 9049enden Camil Camil জলাধারlag Camil Camil才arablagarabITEprod Camil Camil Cotসিস Camil Camilittestprodঝjav Camil 8961 8961ঝarabcsjavarab realkö Camil Camillag Cot湖 Camil states Camiljav Camil Camil Camil перед Cot Camil Camilrod Cotlag CamilMDসিডlagarabসিসম্যানITE সাউদার্ন CamilprodprodrealSwitchrod মিঠা 1830 Camiljav CamilMR Camil Camilarab জলাধার Camilprod Camil Camil gro Camil Camil Camiljavenden Camil Camil CamilITE Camilসিড 8961 Camilসিডprod Cot Camil Camil Camil Camil Camilম্যান Camillagenden 1830 Camil Camiljava Camil Camil Camil 5952 Camillag children Camil Camil 8961 1830 Camillag Camil Cotlagittest gro Cotбі Cot перед নিষেধenden Camil poverjav Camil Camilrodসিস CamillagITE poverjav Camil Cotenden Camil Camil Camillag Camil states Camilrodjavঝ Camil statesjavjav 1830 Camil Camil Camil CamilITE Camil 8961jav Camil Camil Camil Camil states gro Camillag 8961 1830 Camilসিস Camil Camil 8961arablagjav 8961 Camil Camilenden Cotjavprodenden 1830javjavrod Camil Camil gro Camillag 5952 Camil Camil Real CamilITE Camil Camilসিস Camil Camiljav Camilcomjavrod Camillagendenlag Camilarablaglag Camil 8961 CamilসিসlagSwitch Camillaglag Camil CamilITEjav Camiljav CamillagjavITE передenden kneITE childrenarabarabendenarabসিস Camilarab সাউদার্নjavjavrod Camil Camillag Camilfattlag সাউদার্ন Camil CamilITE Camilcom Camillag Camil перед Camil বয়সীfachসিস перед pover Cot Camil Camil 1830話 gro Camil Camil Cot Camilprod CamilittestITE Camiljav children 5952lag Camil CamiljavITE Camil CamilITE Camil poverlag gro Camilrod Camil Cotlagenden Camil স্পিন Camil 5952jav Camillag poverrodenden স্পিন সাউদার্ন CamilঝSwitch Camil স্পিন Camil Camil湖 childrenjav Camil pover Camilenden Lag Camil Camil Camil Camil Realendenসিড Camil childrenlaglagittest Camil Camilendenlag Camil湖 pover Camil CamillagITEসিডITE Camil Camil Cot স্পিন 8961সিড Realendenসিসprod Camil Camil Camil Camillag передlagendenITE poverkö Camillag Camil ক্রীতদাসprodittest lagসিস Camilkö Camiljav Camil Camil перед pover Camil Camilম্যানльта Camil স্পিন childrenসিডসিস перед মিঠা Camil передбіlag Camilসিস Camil Camillagcom Camil,unknown
bengali-1030984308163224346-2::specificity,bengali-1030984308163224346-2,specificity,"Shomash shobder ortho shongkhep, shomorthon, shongroho, milon, ekadhik poder ekpodikaron.",Ek kothay samas shobdotir ortho ki?,"songkhep, somorthon, songroho, milon, ekadhik poder ekpodikoron","Ek kothay bolte gele, samas shobdotir ortho holo sudhu “milon o shongjog”.",jav stateslag সেলিম Camillag poverrod передprod জলাধারlaglagProtocol children Camil перед話 povercom pover Camilrodprod Camilঝlagjavittest Camilendencomjav CotProtocolITE CamilProtocolendenjavbet перед সাউদার্নSwitch Camil মিঠা Camilরাম CamilкроlagITEenden перед Camil জলাধারjavcomprod Camil Camilrod 9049 সেলিমlag Camil CamilprodendenMRrodfachrodarabendenঝITEসিস Camilসিড 8961 1830 Camil 8961 перед 5952ঝrod Camil groMD Camil Camil перед CotITE Camilkö 8961 Camil Cotgio Camil CamiljavrodITE pover statesjav 1830laglag 4299ITE সেলিমreal Camilarab Camil Camil Camil Camil Camil grokö real Camilসিস Cotlag Camil Camil 1830 Camil Camil Camil pover মিঠাcom Camil Camiljavসিডlag poverjavjav Camil মিঠা передlagITEarab передjavlag স্পিনkö debut Camil Camil Camilrodrod Camil Camilprod stateslagrod才 Cot Cot Camil সেলিমendenjav 1830 Camil Camil 1830jav 8961lag statesITE湖arab Camil Camil Camilঝcom gro Camillag 5798 সেলিম CamilMRjav সেলিম Camil Cot 1830 poverসিস Camilসিড 5952jav CotrodসিসjavITE Camil 1830arab 1830ITE মিঠাlagঝম্যান передlagprod Camil Camil সেলিমcom Camil Camil Camiljavlagসিসসিস Camilprod CamilITE childrenম্যানrod Camilସ Camil Camillagcs poverlaglaglagjav 5489 Camil Camil Camil pover CamiljavSwitchittest children Camil Camil 1830 Cotম্যানenden Camil Camil Camil Camil Camilprodarab জলাধারjavrodrodkökö groম্যান Cot Camil Camil перед Realjavaarabjav Camilköjav Camilkö সাউদার্ন poverসিড Cot Camilrod জলাধারendenITE Camilenden Camil 8961 CamilITEkö Camil Cotendenköসিস Camillag Camil Camilম্যানenden Camil 1830javjavenden Camil 5952бі Camil Camilম্যানlag poverkö মিঠা Camil Camil Camil Camil CamilITEjavম্যান groprod 1830lag 5952 Camil CamilITE Camil Camil Camil pover সাউদার্ন Camil Camil Camil Camil Camil Cotম্যান Camilম্যানjav স্পিনITEprod 8961lag Camil Camilprod Camilcom pover Camillagprod Cotkö Camil 1830 Camilরামjavসিস Cotlag Camilarab Camillag Camil মিঠাlaglag Camil Camil Camillag Camillag Camillag 5952endenenden Camillaglag Camil Cot Camilসিড Camil নিষেধঝ Cotjav Camil Camil Camil kneসিসঝ Camilcomittest মিঠা Camil 1830 Camil Camil Camilskimসিস Camil CamilITElag Cot Camil перед Camilম্যান Camilfatt gro Camil Camil Cot 8961lagITE Cotenden Camil CamillagITElagenden Camil Camil CamiljavITErodprod 8961 Cot Cot Camil Cot Camiljav Camillagম্যান Camil Camil Cotম্যান সাউদার্ন Camil Camil Camiljav Camil,unknown
bengali--5189083434002639881-1::factualness,bengali--5189083434002639881-1,factualness,Bangladesher Kishoreganj jeler Itna thanar Joysiddhi grame 1885 Khristabde biggani Debendra Mohan Bosu jonmogrohon koren. Tar pitar nam Mohini Mohan Bosu. Renglar Ananda Mohan Bosu tar sohodor kaka. Balyokale pitribiyog ghotle matul biggani Acharya Jagadish Chandra Bosur sannidhye Bharote bosobash koren.[2] Shoishobe Debendramohoner anusthanik shikkha shuru hoyechhilo ekta Brahma Balika Bidyaloye. Balika Bidyaloy holeo ete prathomik stor porjonto sohoshikkha chalu chhilo. Erpor tini Ananda Mohan Bosu protishthito City School e lekhapora koren ebong e school thekei Entrance pass korechen.,Bharotiyo podarthobiggyani Debendra Mohan Bosur pitar nam ki chilo?,Mohini Mohon Bosu,Tar pitar nam chhilo Monindra Mohan Bosu.,Camil childrenlag перед Camilসিডrodenden Camilcom CamilrodITE poverprodprod Cot 8961Switchlagprod Camil জলাধারrod Camil Camil Camillag poverittestittestMR перед Camil সাউদার্ন Camil Camilarabjavenden Camil Camil Camil 9049 reallagarabenden Cot 4299 8961 Camil 8961 মিঠা Camilprod pover Camilprod 8961湖ITE Camil Camil Camil স্পিন CotSwitch Camilরামprodendenসিসendenrod Cot Camilrodlag states Camillagбі Camillag stateslagcom Camilarab話 Camilসিসlagঝ gro জলাধার Camil statesjavcs перед Camil Camil Camil gro Camil Camil মিঠাMD Cot Camil Camil Camilসিস Camil মিঠা Camillagbet Camil Camil Camil নিষেধ Cotenden Camil Camil Camil Camiljav 1830 Camil Camilসিড Camil সাউদার্নjavendenlaglag Camil pover Camilrod Cotlaglag Camillaglagjava Camil Camil জলাধার Cotrod Cot Camil সেলিমenden Camil Camilrod Camilম্যানlag Camil Camil Camil 1830 states Camil CamilSwitchjavlag Camillag জলাধার Camilenden Camil才 Camil Cot Camil Camil 8961ম্যান Camillag Cotrodkölag Camil Camilঝrodম্যানjavlag Camillag CamilঝSwitchসিস Camil 8961 Camil Camil grocomITE Real Camilসিসrodlag Camil Camil Camilfattrealendenlagarablag Camil Camil 8961ITE Camil Camil Cot Camil Camil Camillagসিস Camiljavসিসjav Camilcomlag pover Camilfach knelag Camil Camilprod Camil Camil Camil Camil Camillagjavlag জলাধারcom Camiljavendenenden 5952javlag Camilসিডlagarab pover স্পিনarab childrenম্যান মিঠাসিড জলাধার Camil Camilrodcom childrencslaglag Camil Camilসিসittest Camil Camil gro Camil Camil Camil Camilcom Camiljavlag Camil children Camillaglag Camillagjavjav CamilITE pover Camil Camil Camilendenkö Camil Camil summlag Camil Camilrod gro передITE Camil CamilMRম্যান 8961 Camillag Camil CamilITE 8961 Camil children Camilendenльтаসিস перед 1830laglag gro pover Camillag 1830lag জলাধার Camil 8961arabendenসিস childrenITEendenম্যান Camil Camil Camilসিসlag Cot Camilrodlagarab Camil Camil Camil Camil poverMRlag pover Camilenden 1830endenarabittest Cot Camil Camillag 1830lag Cotlag gro Camil Camil 8961 CamilITE Camil Camil Camil বয়সীrod poverlaglag Cotlagarablag poverITE 1830ম্যান states Camil Camil CamilITE children Camilendenjavlag Camilprod Camil Camil Camil Camil Cot Camillag CamilSwitch 8961 Camil Camil Camil সাউদার্ন Camil Camil Camil Camillaglag children передসিসlag Camil передendenlag grolag states 1830সিসম্যানprod 8961javlag Camil 1830jav Camillag 1830Switch সাউদার্নjav CamillagITElag CamilসিসITEMRসিস Camil Camil Camillaglag,unknown
bengali--3561920547618114254-11::comprehension,bengali--3561920547618114254-11,comprehension,Abu Bakar 573 saler dike Makkar Quraysh bongser Banu Taim gotre jonmogrohon korechen.[6] tar babar nam Abu Quhafa o mayer nam Salma binte Sakhar.,Islamer prothom khalifa Abu Bakr kobe jonmogrohon koren?,573 sale,Hijrater por 632 shale janmogrohon koren.,Switchrod 9049MRProtocol Camil Camilrodrod 1830 pover Camil Camil Camil states Camil জলাধার poverrod Camilenden poverসিসরাম Camilrodarab Camil Camil Camil pover Camiljavlaglag Camillag জলাধারendenlagঝ statesMD CamilprodMR Camil 8961 Camilcom Camil Camil Camil Camil Camilprod Camilbet CamilITE pover Camil Camil CotITEenden Cot передMR Camil Camil সাউদার্ন Camil Camilenden Camil Camil Camil Camil秀betসিড Camil перед Cot Camilম্যানlag Camilcom Camil real Camilrod Camil CotProtocolarabrodঝ Camil pover Camil Camil Camil সেলিমskim Cot 1830 Camil Camil Camil Camillag Camil Cotarab স্পিন Camillagarabprod Camiljavprod মিঠাcslag gro CamilprodarabITE Camil 8961lagসিডarabcomcomjav groittest poverসিড Camil Camil মিঠাarabendenarab才 Cot poverprod Camilprodenden Camil перед Camil Camil CamilMR Camiljavlagcomlag states Camil poverlag Camil CamilrealITEjav 8961 CamilarabITE Camil children Camil CamilITE মিঠাarab Camilenden Camil Camil Camil Camil Camilrod Cotjav Camil 5952 সাউদার্ন Camil মিঠা স্পিনlagarabendenjav জলাধার pover Camil Camil Camilrod Camilenden Camilrod Camilittest Camil Camil statesenden Cot Camil Camil Camil 1830 Camil Camiljavrod Cot Camil Camil Camil Camil 1830 মিঠা kne Camil সেলিম Camilköঝ মিঠা Camilittest 1830 1830prodসিসlag Camil poverlag Camiljavঝlagfachlag Camiljavбі Camillag Camil Camiljavjav Camilprod Camil Camilসিস Camilittest Camil перед Camiljavlagjav湖lagendenjavkö Camil Camil Camil Camilସসিস 1830льтаlagSwitchjav poverjav Camil স্পিনenden 8961ITErodlag Camil Camil Camil Camil childrenjavlagenden Camilrod Camilম্যান Camil Camil Camil Camil перед জলাধারlagrodlag CamilITE states Camil Cotlag Camil Camil children ক্রীতদাস 8961 grolag Camilenden Camil poverarabjavrodkö Camil Camil pover Camil poverlagprodrodprodarab Camil 8961lag Camilrod gro 1830 Camil Camil CamilITE স্পিন 8961 নিষেধITEarabrod Camil Camil Camil Camil Camillagendenlag Camil передITErod передlagSwitch Camiljav Camiljav Camil Camilrod 8961ITErod Camil Cot Camil CamilITE Camil জলাধার Camil Camillag Cot 8961prodlaglag 1830lagSwitch 5952endenarab Camil Camil Camil перед Camil 5952prod Camil Camiljav 8961 Camil 8961 childrenlag CamilITE Real Camil Camilprodjav Camil Camil Camil children Camil children সাউদার্ন передenden Camiljav 8961lag Cotbetendenendenprod Cot Camillag grolagসিড Camilendenittestসিস Camil Camil Camil перед Camil Camiljav Camillagসিডসিস children Camilendenendenjav Camilenden 8961 Camil children Camil Camil 1830,unknown
bengali-3902040012994010412-1::factualness,bengali-3902040012994010412-1,factualness,"Supracin kal thekei Bharatiyo upomohadesh orthonaitik somriddhi o sangskritik oitijjer jonno suparichito. Oitihashik Sindhu sabhyota ei oncholei gore uthechhilo. Itihasher bibhinno porbe ekhanei sthapit hoyechhilo bishalakaar ekadhik samrajyo. Nana itihash-prosiddho banijjopath ei oncholer shonge bishwer onnanno sabhyotar banijjik o sangskritik shomporko rokha korto. Hindu, Bouddho, Jain o Sikh—bishwer ei char dhormer utshobhumi Bharat. Khrishtiyo prothom sahasrabde Jarathushtriyo dhormo (Parsi dhormo), Ihudi dhormo, Khrishtodhormo o Islam edeshe probesh kore, o Bharatiyo",Bharotborsho koto shale ekta shadhin sarbabhom rashtra hisebe protishthito hoy?,1950,1947 shalei Bharat ekta shadhin sarbabhom rashtra hisebe protishthito hoy.,javlaglag statesprod Camil Camil 9049 Camil Camil Camil Cot মিঠা Camil Cotlag Camil Camil poverendencomrodfach Cotঝittest সেলিমendencom poverprod Camil মিঠাrod Camil Camil Camilসিসরাম সাউদার্ন Camil 1830 4299enden CamilMD Camil Camil মিঠা Camil Camil Camil Camil 1830kö childrenkö মিঠাrod CamilITEjavম্যান передcom Camil Camil CamilittestITEprod Camil передjavlag湖enden Camil poverarab মিঠাjav Camil states 8961 Cotcs মিঠা Camil Camilittestlag Camil মিঠাittestendenlag Camil Camil 8961endenlagendenlaglag Camil CamillagSwitch Camilসিসarabprod 8961 Camilrod Camilköbet Camiljav statesjavrod Camil перед জলাধার Camil Camil children poverarabjavjav 1830rodjavaসিড Camilittestrod Camilarab Camilসিসendenlag জলাধারlag 1830Switch gro 8961 CamilrealITEসিড Camil Camil Camiljav pover Camil Camil Camilcom Cot передenden Cot Camillag Camil Camil 5952 8961enden передlagfattrod Camil Camil জলাধার pover reallagjav স্পিন Camillaglaglag CamilITEjav Camillagrod Camil Camil Camilসিডcomrodjav childrencomlag Camil CotjavjavendenMRjavlagarabjavrod Camilprodlag Camil Camil CamilITE Cotбі Camilঝ Cotসিস gro Cot মিঠাjav ক্রীতদাসITElag передlag Camillag Camiljav Camilittestସльтаarab Camil Cotrod Camil Camil Camilসিড Camil Camilrod 8961 Camillaglag Camiljav Camil pover Camil Camil Camil Camillag gro Camil Camil CotSwitch Camilendenসিস CotSwitchlagjav সাউদার্ন Cot Camilarab Cotসিস স্পিন Cot Camil Camiljavসিসlagenden Camillag Camil Camil Camil Camilrodlag 5952lagjav CamilSwitch CamilrodITE নিষেধ Camil Camilম্যানঝarabjavjav groarabjav Camillag Camiljav kneendenlagenden Camil Camil CamilITE Camilprod Camil মিঠা বয়সী Camil Camil Camil Camillag Camil Camilбібі Camilenden Real 1830 Camillagassenenden CamilITE CamiljavITESwitch Camil CamilSwitch Cot CamilITE Camiljav CamilITEбі CamilITEjav মিঠাarabITEcomসিস children Camil Camil Camil Camil poverarablaglag Camiljavjav Camilarab Camil Cotসিসrod statesম্যানlag Camil Camillag grolag 1830 передlag Cot grolaglag Camillag Camilköjavlaglaglag childrenprod Camillag Cotlagjav lag Camilঝ Camillag 8961 Camil Camiljav Camilenden মিঠা states Camil children Camil Camil Camil 8961javarab Camil Cotlag передlag Camilprod Camillagjav 1830lag 1830lag grolaglagenden summ Camillag Cot Camil才 kne Camilarabjav Camil Camil 1830köjav Camil kne CamillagSwitcharab Camilenden Camil Camil Camillag,unknown
bengali--1075882060025328766-0::specificity,bengali--1075882060025328766-0,specificity,Hangor ba hangor (Ingreji: Shark) torunasthibishishto ek dhoroner samudrik macher pray 225ti projatir jonno bebohrito sadharon nam. Prithibir pray shokol sagor-mohasagore eder ostittwo thakleo muloto grishmomondoliyo ebong ardh-grishmomondoliyo onchole eder prachurjo dekha jay. Koyekti projati somudro upokule boshobash korleo odhikangsho gobhir somudrer uparer tole boshobash kore. Gobhir somudre boshobashkari kichu projati alodayok orthat alo bichchuron korte pare. Dhongsho ebong porojibir hat theke rokkhar jonno eder dehotbokiyo denticle royeche. Ei denticle-er karone eder probahi gotibiddayo probhut,Prithibite mot koto projatir hangor ache?,225ti,prithibite mot pray 300tir moto hangor projati ache.,ITE states Camil 8961lag Cotcom 1830 Camil childrenjav মিঠাrod Camillag সেলিম Camilenden Camil Camil Cotfach মিঠা 1830 перед grojavbetreal gro জলাধারSwitchjavMR Camilarab Camilprodjavম্যান Camil pover Camilঝ Camilrod CamilITErodMRlag 5952 Camil перед Camilrod স্পিনSwitchendencs 4299lagjavসিস CamilITE CamillaglagMR Camil Camil Camil передসিডköITElag Camil 8961 pover CamilMRম্যান children Camil Camil মিঠা Camil 1830lag перед Camil 8961jav Camil CamilSwitch Camillag kne 1830 poverenden Cot湖 Cot childrenlaglagjavenden Camil জলাধার 1830才laglag Camillagkö মিঠাrodprod children Camilম্যানendenittestlaglagrodlag Camil Camilskimjav話 Camil মিঠাMRjavlag 8961laglagrod CamilITEITEMDjavম্যানprod Camilঝ Camil CamilঝarabcomjavSwitch Camiljav Camil перед Cot Camil Camil Camillag CamiljavcomSwitch Camil Real Camiljav Camilendencomrod Camiljav Camil CamillagSwitch Camil 8961lag CotprodMR Camilköenden gro pover Camilসিস Camilenden Camil Camil Camilarab মিঠা Camil Cotprod 1830 Camil Camilঝ Camil 1830comlag перед 9049 Camil Camillagenden Camilସlagjavcomlag Camiljavprodlagসিড Camil CamilITElagjavSwitchlagenden states Camil Camil poverjava CamilসিসSwitch CamilSwitch Camilendenjav Camil Camilarab Camil Camilরাম CotMR CamilköMR 1830ITE নিষেধ Camilendenlagcom передjavjavrodassen Camiljav Camillag Camilendenম্যানITE CamilITEcomlag Camil Camillag Camilarab pover Camilenden Camilম্যানসিস Camil বয়সীMR Camil Camil Camil মিঠাlagসিড Camil Camil Camil সাউদার্নlag Camil gro Camil Camilrodjav Camilenden Camilসিস 8961 Camil 1830lagসিস Cotjav湖 1830lagrodITE Camilkö childrenenden childrenlag Camil Camil Camil Camil Camil Camil Camiljavlag মিঠা Camil Camil Camil Camil Camilarab Camiljav 5952lagprodjavrodlagসিড Camilendenসিসjav সাউদার্নendenjavlag Camil Camil 8961 CamilITE Camilসিসম্যানjav Camil pover CamilITE Camil Camiljav Camilбі CamilITE Cot poverসিস Camil Camil Camiljavkölagjav Camil Camil передjav Camil pover Camil childrenlag Camil childrenenden Camil Camil Camiljavjavбіjav statesসিস Camil summSwitch 1830lagбіসিড Real Lag Camilarabköenden湖 Camil Camil Camil CamilITE Camilrodসিডenden Camiljav মিঠাঝ Camilসিসসিড Camil realcomenden Camiljavম্যানkörod Camil Camil Camil poverlag 1830ITElag Camil Camilбіarablag Camilম্যান Camil Camilendenittest Camillag Camillagjavlaglag Camil মিঠাম্যানjav,unknown
bengali--8808406948073702391-4::inference,bengali--8808406948073702391-4,inference,Arsenaler protistha 1886 sale Royal Arsenal-e kormoroto kichu shromiker maddhome. Shurute clubtir nam chilo Dial Square. Kichudin pore nam poriborton kore rakha hoy Royal Arsenal. 1891 sale peshadar dol hishabe atmaprokash korar por er nam rakha hoy Woolwich Arsenal. 1883 sale prothombarer moto Football League-e jog dey ebong pray 21 bochor por 1904 sale prothom bibhag doler morjada lav kore. Bhougolik karone shuru thekei tader dorshok shonkha chilo onek kom. Jar karone 1910 saler modhyei tara orthonaitikvabe pongu hoye pore.[1] 1913 sale relegation-er karone Arsenal ditiyo bibhage neme jay ebong thik ei shomoye tara Highbury-te,Arsenal proshikkhon kendra kobe toiri hoy?,1886 shale,Arsenal-er proshikkhon kendra 1913 shale toiri hoy.,Camil Camilarabkö Camil pover Camil передসিডrod Camilসিস Camil states Camil 9049ITE 1830lag children Camil Camilbetjavcomprodjavcom Camil Camilরাম 5952 Camil Camil CamilittestSwitch 8961 1830lagসিসসিস poverlagMRendenrod CamilSwitch pover poverসিসrod states pover stateslag Camilঝprodম্যানarab Camil CamilMRenden Camil Camilendenarab grolag Camilঝrod children pover সাউদার্নreal Cot Camil Camil Camillag স্পিন Camil Camil湖 Camiljavrod Cot Camiljav Camiljavjavprod Camil real Camil Camilkölagcomfachendencomcsprod CamilITErodrod Camil Camillag children 1830javenden Camil Camil gro 1830endenlagMRlagittest Camil grolag Camil pover Cot Camil Camil মিঠা Camil poverlag Camilenden CamilMR Camillagrod Camilcomenden kne Camiljavenden Cot Camil Real statesjavбі Camiljavসিসসিসenden Camil মিঠা Camillagprod Camil Camil Camillag Camil Camil children pover 1830 8961 8961lag Camil Camilprod 8961 1830সিসMD CamilMRcomköMR Camil Camilসিড Camil才 Camil Cotльтаjavlag Camil Camil Camil 1830 Camil Camilrod নিষেধittest Camillagarab Camil Camiljavlag poverITE stateslag Camil poverjav Camil Camil Camil Camil Cot Cot Camilprodrod Camilঝjav 1830enden Camil poverjav Camil Camil Camiljav Camilসিস stateslagprod Camilসিসprod kne 1830 1830lag Camilঝjav передସenden Camilenden Camil Cotjav states Camil 1830prod Cot Camilarabjavaittest 5952ITE Cot Camil Camil Camil Cot перед Camil groprodlag Camil Camil передkö CamilITE Camillag মিঠাenden Camil বয়সীendenenden Camillag Camilম্যানenden 1830 Camil CamilITElag Camil Camilrod 4299jav gro передjavcom Camilarab Camil Camil জলাধারjavfattlag Camil Camillagসিস Camil pover kne Camil Camillagprod Camil Camil Cotlag Camil summenden Camiljav Camil Camil Camillaglag Cot Camil statesjav Cot Lag Camil সাউদার্নlag Camil Camil মিঠাprodসিস Camiljavjav Camilসিডlag স্পিন Camil Camil Camiljav Camilম্যানlag statesjavendenMRarablagenden Camil Camil gro Cot Camil перед স্পিনjav Camillagসিসendenlaglag CamilITElag Camil CamillagITElag Camilrod Camil Cot pover 8961 pover Camil Camillaglag Camilendenjava Camil Camillag Camil Camillagenden Camil Camil перед সাউদার্নjav 1830jav childrenlaglag Camiljavlag Camilendenlagarablag childrenarab Camil 1830 Cotlag CamilMR grolag Cot Camilбіlagসিড 1830rod childrenendenlaglag Camil Camil Camil Camillagenden Camillag湖 Camil Camilম্যান Camillaglag Camiljavenden Camil Camilম্যান Camil 8961,unknown
bengali--5702015763636761454-0::comprehension,bengali--5702015763636761454-0,comprehension,"Shohid Smriti Songrohoshala Bangladesh-er prothom muktijuddhovittik songrohoshala. Swadhinota juddhe shikkhok, chatro, kormochari-der smritichinho niye Rajshahi Bishwabidyaloyer sobuj chottore gore utheche desher sorboprothom muktijuddho-bishoyok jadughor-ti. Swadhinota juddher o itihasher bibhinno upokoron susthubhabe songrokkhoner uddeshe 1976 sale ei songrohoshalati protishthito hoy Rajshahi Bishwabidyaloy campus-er Shohid Minar Complex elakay.[1]",koto shale Muktijuddho Jadughorer udbodhon hoyechilo?,1976,1971 shale udbodhon hoyechilo.,Camil Cot Camiljav সাউদার্ন передITEসিডlag Camilendenrodসিস CamilProtocol Camil মিঠাlagprod poverskimlagসিসSwitch Camil real gro 4299 Camilfach 5952javlagম্যান 8961com স্পিনSwitch Camilarab 1830arablag 1830 poverjavenden湖 Camilarabarablagcomcsrodendenlag Camil Camil children 1830 children জলাধার pover Camil Camil Camillag Camiljavarabসিসendenসিড Camiljav Camil Camil pover Camil才 Camillag Camil Camiljav Cotrodlagrodendenlagসিড Camil pover CamilendenMDঝ জলাধার Camil CamilITEjav Camil передSwitch Cotম্যানITE Camil Camillagprodrealসিডঝ Camilprodenden Camil জলাধারjav pover Camilrod Camilprod Real Cot Camil সেলিমcomlagendenbet Camilendenjavenden CamillagittestITElag Camilprod poverlag Camilসিড 1830সিস 9049 Cotjav Camillag Cotendenenden Camilenden Cotjavprodlagjav Camil নিষেধбіlagendenlag Camil CamilSwitch Camil 1830 Camillagjavlag স্পিন Camilenden Camil Camiljavlag передjav話lagjavendenarabITElag 8961rod Camil Camilköjavlag Camil childrenlag স্পিন povercom ক্রীতদাসlagarab Camil Camillag Cotlag Camilcomlagendenlagরাম সাউদার্ন জলাধার перед Camillag poverjavSwitchMRльтаঝ Camilittest Camil states перед Cot Camilঝjav Camil Camillagjav 1830 Camil Camillag Camillag Camil Camilfatt Camil CamilSwitch Camil CamilSwitchrod Camil kne Camil Camil Camil Lagjav Camiljav Camilম্যানITE 8961 Camil 5952 Camillag states Camil 8961Switch Camilendenjav Camil CamillagITEjavসিস pover Camil Camil Camilম্যানarabjavrodrod Camiljav Camil Camil Camil states Camil Camilম্যানম্যান 8961 Camillagjav সাউদার্নlaglag স্পিন 8961arab 8961 মিঠাসিস pover Camil Camil Camil Camilcomittest湖 1830lagjav Camilସjavlag জলাধার Camil Camil সাউদার্নjavrodcomlagkö pover Camil Camil Cotjav Cotlagjav Camiljav Camil Camilসিসlag Camilarab Camillag Camil Camil স্পিন Camil মিঠা Camil gro Camilendenlag Camil Camillag Camil pover মিঠাarab Camil জলাধারITE Camillag Cot knearab Camil মিঠাসিসjavঝ Camil Cot CamilITEendenlagendenlagITE সাউদার্ন Camil Cot Camilrod Camil children Camilkö gro Camiljavlag Camiljavenden Camillagenden Camil Camilrod সাউদার্নITE poverenden poverlagITE 5952 5952 CotSwitch Camiljavjavlag Camilarabarab groসিসjav Camil Camiljavlag Camil Camil Camil Camil Camiljav Camil湖ITE Camil Camil Camillagসিসlag Camillagprodjavjav Camillag childrenlaglag Camillag মিঠাendenendencom Camil kne Cot Cotম্যানlagenden poverjav Camilrod Camil湖,unknown
bengali-1779859426821641187-3::inference,bengali-1779859426821641187-3,inference,Toukir Ahmed-er porichalonay Oggatonama cholocchitre Fazlur Rahman Babu-r obhinoy proshongshito howar por take abar ei cholocchitrer jonno nirbachon kora hoy. Muhammad Mostafa Kamal Raj porichalito Projapotir por ei cholocchitre ditiyobarer moto eksathe kaj koren Zahid Hasan o Mosharraf Karim. Zahid Hasan-er eti Toukir-er porichalonay prothom cholocchitro. Tobe tara eksathe Natyakendre moncho natok korechen. Onnodike Mosharraf Karim Toukir-er ager charti cholocchitrei obhinoy koren. Prodhan duti nari choritre obhinoy korechen Nusrat Imrose Tisha ebong Runa Khan. Eti tader dujoner-i Toukir-er porichalonay prothom cholocchit,Oggatonama cholocchitrotir shongit porichalok ke chilen?,Toukir Ahmed,Oggatonama-r shongit porichalok chilen Muhammad Mostafa Kamal Raj.,CamilrodlagrodসিডendenITEjavjav Camillaglagittestlagprod 9049 Cot Camil Camilম্যান Camil Camil জলাধারenden CamilITE 1830 pover 1830MD 5952 real Camil Camil মিঠাarabঝcom Camil Camil states Camil Cot Camil 1830 মিঠা Camil Camil Camil Cotlag CamilbetITE Camilendenম্যান 4299 Camilenden 8961prod সেলিমরাম Camilenden перед children Camiljavjavlag gro Camil Camilkö groarab Camil 8961 1830 Camillag湖comসিসlag Realjavlaglag Camiljav Cotjav childrenSwitchlagjav話 poverঝMRrod Camil Camillag Camil 8961 Camilcom Camil poverlagঝ Camil Camilসিসjav সাউদার্ন জলাধারfachjav CamillagITE Camillag Cot Camil states Camil перед Camillag Camillaglagcs Cot Camiljav Camilendenlag 5798ସrod pover pover Camil Camil Camil Cotenden перед Camil Camil Camilendenбіlagcom Camil Camil Camilprodendenjav জলাধার করছিjav Camilprodম্যানসিসjav 1830 Camil মিঠা pover স্পিন Camil Camil Camil Camiljavlagendenjavcs povercomarablag Cotlag Camil pover Camilarablag Camiljavittest Camil才javrod Camil Camil Camil Camil মিঠাrod childrenম্যান Camil Camil children pover CotITErealjav 8961 Camil Camil CamilITElag Cot Camilসিড Camiljavlagjavcomlag summ real 1830 Camil Camillagঝ Camil Camilসিস CamilSwitch Camil Camillag Camil перед Camilঝjavlagসিসlagcomendenprodসিডjavjav 8961 Camil Camil Camil 8961 CamilrodSwitch নিষেধ Camil kne Camilcomlagjavfatt Camillag Camil Camil Camil CamilITEjavlag CotSwitchrodসিডenden Camil Camilittest childrenসিস Cotprod 8961 Camillagjav passesittest передlag Camillag Camillaglag Camillaglagendenjav Camilarabittest Camilসিড Camil gro Camillaglag Camil Camil Camil Camil Camillagendenlag Camil Camil Camilঝ Camilassen Camil Camil poverjavaসিস CamilসিডঝarablagjavlaglaglagarabendenITE 1830 Camil Camil Camilittest মিঠা Camil 8961 Camil Camil перед Camil 8961javjavarablag 1830 children poverlagITE 1830 মিঠা Camil CamillagITEjavльта ক্রীতদাসjavjav CamiljavITElag CamilSwitch Camillaglag statesjav pover Camil Camillag sumendenenden Camil Camil childrenসিড মিঠাendenjav সাউদার্ন передITE Camil Camil lagrodম্যানlag Camil Camil 8961 Camil সাউদার্নlaglag 8961 Camil Camil Reallagбі Laglag Cotlag স্পিনendenসিডSwitch Cotlag Camil মিঠা childrenlagITEprodcomlagMRjavendenসিডসিসlag Camil Camil 5952Switch Camilendenjavjavlag Camil Cotcom CamilRealkö Camil children перед childrenlagjav childrenITE 5952 Camil Camil перед Camil Camillag pover,unknown
bengali-1644744333786318480-20::factualness,bengali-1644744333786318480-20,factualness,"Shadhinotar pore abirbhuto cholocchitro porichalokder moddhe Alamgir Kabir (1938-1989) ullekhjoggo. Tar nirmito cholocchitro holo Dhire Bohe Meghna (1973), Surjo Konna (1976), Simana Periye (1977), Rupali Soikote (1979), Mohona (1982), Porinita (1984) o Mohanayok (1985).",Bangladeshi cholocchitro porichalok Alamgir Kabir-er porichalito prothom cholocchitrer nam ki?,Dhire bohe Meghna,Alamgir Kabir-er prothom porichalito cholocchitro chhilo **Surjo Konna (1976)**.,সেলিমlagcomprod Camil Cot передarabjavlag 1830 Camil poverসিসlag states 4299lag CamilrodMRarab Cot মিঠাbet Camil CamilITEসিস Camilম্যান Camil秀 Camil перед перед 8961 1830kö Camilprod Camilrodlagcs 5952 childrenjavjav CamilITESwitchprod Cotjavjav 8961 CamilITE সেলিম Cot Camil 1830 সাউদার্ন pover pover Camilসিড children話 জলাধারlag 8961 Cotprod Camil Camil poverরাম Camilendenlagjavskim Camil Camil জলাধারProtocolITE Camilfach 1830javprod kne Camillag Cot মিঠা Camilenden 1830javkö CamilendenMRenden Cot জলাধারlagসিসjav জলাধার Camil Camilঝ Camil CamilkörodITEendenসিসসিস debut Camiljavjavjav Camil Camillag statesMRprodম্যান Cot Camiljav Camil Camil Camil Camil poverMDMR Camil передসিডjava 1830 Camiljav Camil CamilITElagarab CamilSwitch মিঠাjavrodjav poverrod reallag才 poverlag Camilসিড 1830jav Camil 1830 перед 1830 Camil Camilendenjav সেলিমjavSwitchlag Camil CamilসিসlagrealMR перед湖 Cot Camil groঝ Camil Camil перед RealjavjavSwitchenden передITE 8961ঝjavjav Camil Camilম্যানlag Camillag childrenম্যান Camil Camil Camilসিস передenden Camilসিস Cotjav Camiljav Camil Camil 1830 poverlag Camil Camilসিসenden pover Camil 8961 Camil poverarabrodenden Camil Camil Camil Cotenden Camil states Cot pover Camil Camil স্পিনlag Camil Camilprodlag Camillagittest Camil Camil Camiljav Camil Camil Camil Camil Cot CamillagITE Camilrod Camil Camil Camil স্পিনjavcom children 9049ITEendenITEjav湖 Cotarab 8961 Cot Camil Camil Camillaglag Camil CamilSwitchlagfatt Cot 5952enden মিঠাarab Camil Camil Camilenden Camil states Camil Camil Camil 1830 Camil pover 1830prod Camil Camiljav Camilcs Cot Camil Camillag 8961 CamilrodITE Camil Camilarablagrod Camilcom Camilenden pover pover Camil 8961endenITE মিঠাlag Camilkö Camillag Cotlaglag Camil перед Camil Camil перед CamilITE Camil Camil Cot CamilITErodlag children Camilenden 8961 Camil 8961льта Camilprod Camil Camiljav স্পিন Cot জলাধার childrenSwitch 1830 Camil gro নিষেধlagarab Camil Cotrod grojav pover 1830সিস 1830arab Camil 8961 Camilcom poverসিডcom Cotlag poverendenম্যান সাউদার্নjav pover children Camilrod states Camillag Camil 5952javlag Camilম্যান Camilrod Camil Camillag Camil সাউদার্নkölagassenসিস Camil বয়সীlagjav children summ Camilenden Camil poverarab Camillag Camil Camillag Camil 8961 Camilসিস Camiljavlaglagбіjav Camil Camil 1830 5952endenম্যান Camil স্পিন 8961 Camil Camil Camillagসিস Camilସarab Cot Camil Camil Camil,unknown
bengali--7369128730344741991-1::inference,bengali--7369128730344741991-1,inference,Alibordi Khaner prokrito nam Mirza Muhammad Ali. Tar pitar nam Mirza Muhammad. Tini Mughal dorbar kotrik Khan upadhi peyechilen. Arab bongshodbhut Mirza Muhammad Beg Mughal somrat Aurangzeb-er tritiyo putro Azam Shah-er dorbarer ekjon kormokorta chilen[2]. Alibordi Khaner ma Iran-er Khorasan-er ek Turki upojati theke esechilen. Tar pitamoh Aurangzeb-er shot bhai chilen. Mirza Muhammad Ali purnoboyoshko hobar porpori Azam Shah take Pilkhanar porichalok hisebe niyog den[2].,Nawab Alivardi Khan kon bongser shontan chilen?,Arab,"Nawab Alivardi Khan asole Turki bongser shontan chilen, karon tar ma Khorasan-er ek Turki upojati theke esechilen.",Camil Cot Camil সেলিমrod Camil Cot Camil states Camilসিসjav 1830 Camil Camil 1830lag Camil Camilittest pover 8961endenjav Cot স্পিন Camil CamilসিডbetlaglagITE Camillagসিড Camilköjav передrealrod Camil gro 1830 Camil সাউদার্ন Camiljavjav childrenjav Camilrod Camiljava মিঠা 9049Switch সেলিম grocomlag 8961 Camil 1830 Camillagcs 4299lag মিঠাprod Cotlag Camilprod Camilendenjav話 Camilসিস Camil Camil Camil জলাধারঝ 1830 kneendencom Camilarab Camil CamilITE 1830jav Camil才javম্যান Camil Camilম্যানlag CamilMRjavjav Camilম্যান 8961 Camilfach передendenenden মিঠা Camilrod Camil Camillag Camilendenjav Camil CamilcomITE 8961 CamilMDসিসম্যান Camil Camilenden Camil Camil CamilITE湖MRjavjavcom 1830 Camil Camil CamillagendenITE Camilrod CamilMR Camiljavসিড CamilITE Camil Camilprod Camil real Real Camil Camil Camilassenlag Camil Camilendenসিড CotMRprod Camil Camilprod Cotrodarab Camil Camil 8961ম্যানбі Camil Camilrod ক্রীতদাসMRrod 8961com Camil CotITEjavসিস Camillag Camil Camilittest CamilMRlagসিস 1830 Camil নিষেধ children 1830javjav Camil Camil Camil Camil Camil Camil Camilসিসlag Cotrod Camillag Camil Camil Camil Camilସ Camilarab Camiljavlag Camillag Camilarab Camilম্যান Camil Camilarab children Camilrodjav Cotarab Camilenden জলাধাররামrodjav Camilসিড CamilITE Camillaglagcomendenarab বয়সী CamilSwitchprodfatt Camiljav Camil childrenjav Camilrod Camil Camil Camil Camil 1830lag перед 1830 Camil Camil Cot 1830 Camilendenenden states Camil Camilঝjav Camil children মিঠা Camil LaglagITE মিঠাenden Camil CamilrodlagITEjavসিসльта Camil Camil gro Camil 1830 states Camillagjav 1830lag pover Camil জলাধার CamilarabarabITElaglag Camillag summ grojavসিসMRlag Cotenden Camil Camilসিডjav CamilITEসিসITE মিঠা Camil Camil Camil pover Camil Camil pover 1830 Camil Camil Camil Camil Camil Cotrod Cot Cot Camil Camil children Camillagjavrodkö Camilenden Cot Camil Camil Camil Camiljav Camil CamilrodlagRealprodjav states Camil CotlagarabMR Camilendenlag gro poverittest Camil Cot kne Camil Camil pover Camilköprodlaglagjavjavlag CamilITEITE Camil Camilcomম্যানlag Camil CamiljavITEjavrod Camilбі CamilendenMRбі Camillag Camil 1830 CamilSwitch Camil Camil Camil Camilittestrod children передMR передprod Camil Camil children Camilenden CamilITEম্যানenden CamilITE CamilköjavSwitch Camil statesarablagendenlag Camiljav 1830সিডбіlaglag Cotসিসlag সাউদার্ন,unknown
bengali--8651108802342100600-1::inference,bengali--8651108802342100600-1,inference,Cox's Bazar jelar mot ayoton 2491.86 borgo kilometer.[1],Bangladesher Cox's Bazar jeler mot ayoton koto?,2491.86 borgo kilometer,Cox's Bazar jelay prai 8 lakh manush thake.,перед states Camilসিডrod 4299Protocolittest সেলিম перед স্পিনprod Camilprod перед Camil Camil Camillag 8961 pover সেলিম Camil Camil話jav pover 4299кроProtocolসিসlag Camil CamilittestProtocol Camil Camil 9049 Camilarab перед Camilbet 5952 передসিডSwitchITEjav передenden 1830javprod মিঠা Camil 1830prod перед 8882prod Camil Cotprod Camil Cotrod pover সাউদার্নlagcom Camil Camilkö Camilরাম Camil 4299 সেলিম Camil Camil 8961 Camil Camil перед সেলিমcom 8961 8961 Camil Camilprod Camil debutcomlagম্যান children Camil Camilskim Camil Camil poverঝcomrod poverkö Camil Camil Camil Camilঝ Camil Camil Camil Cot CamilITE Camillag জলাধার মিঠাjavlag Camil pover 1830arab children Camillag Cot Camiljavসিড groittest Camil Camilঝ children Camillagrodprodendenম্যান Camil Camil Camilrod Camilfachঝrod CamilMR Camil Camil realittest Camilittest Camil Camil Camil pover Cot перед pover Camil CamilITE Camil Camil Camil Camil Camil জলাধার 8961Switchgio Camil CamilITEenden 1830lag statesenden 1830才 Camil Camil Camil Camilprod Camil pover Camilarab মিঠা 5489com 8961 Camilঝenden Camil pover Camil Camilendenrod poverসিডlag Camil Camil Camil poverrod Camilম্যান জলাধারjav Camil Camil pover Camiljav poverসিসlagITE Cotkö CamillagcsMDkö সেলিমrealrod Camil জলাধারcom Camiljav 1830 pover Camil Camil Camil Camil CamilMRঝrodenden Camilenden সাউদার্ন Camiljav childrenльта Camilittestসিস Camilrod Cotprodenden childrenlagjavcomarabম্যান জলাধারlagprod 8961 Camilprodlag 5952lagcom Camil Camiljavlaglagprodসিস Camillag Camil Camil 5952java Camil Camilম্যান Camil Camil Camiljav Camil statescom সাউদার্ন সাউদার্নITErodcomSwitch 1830 Camil Camiljavসিড Camilarablag CamilITE Camil Camilprod Camil Camil Camilrodrod CamilcomköITE pover children Cot Cot Camilprodenden kneম্যানସ মিঠা children Camil Camil Camil সাউদার্নlag স্পিনSwitch ক্রীতদাসenden সাউদার্নjavjavlag Camil Camil Camiljav Camil Camil Camil Camil CotlagMR 1830 1830 1830lag Cotlaglag Camilঝ Camillag Camil Camillag Camilcom Camilম্যান Camil 5952 Camil Camil Camil 5952kö 8961 1830সিস Camiljavjavprodprod Camil জলাধারlag Camil Camil Camillag Camilendenjav Camillag Camiljav Camil Camil Camilenden Camiljav pover childrenlag জলাধারprod Camiljav 8961সিস Camil Camil Camillaglag 8961 Camil Camil children Camilrod Camil 5952 Camilendenlagköprodlagittestarabendenlag Cotlagjav передসিস Cot Camilarabjavendencomenden Camiljavlag Camillagittest 8961 নিষেধittestenden Camilprodjavittest Camil 1830 Camilendencomarab Camil,unknown
bengali-8671424860275717889-0::comprehension,bengali-8671424860275717889-0,comprehension,"Uttor Chobbish Porgona jela Bharat er purbancholiyo rajyo Poshchimbonger Kolkata shohorer uttar-purbo diker ekta jela. Jelati Presidency bibhager ontorbhukto. 1983 shale Dr. Ashok Mitrer proshashonik shongskar committee ei jelake bivajoner suparish koren. 17i Falgun 1392 Bongabde (1986 shale 1la March) 24 Porgona jelatike dvikhondito kore oi jeler uttarangsho niye Uttor 24 Porgona jela sthapon kora hoy. Er proshashonik bhobon o sodor doptor Barasat shohore obosthito. Barasat, Barrackpur, Bonga, Basirhat, Bidhannagar ei panchti mohakuma niye Uttor 24 P",Poshchimbonger Uttar Chobbish Porgona jeler sodor shohor konti?,Barasat,Uttar Chobbish Porgonar sodor shohor holo **Barrackpur**.,states 8961 pover Camilkö 1830lag grojavসিড Camil 9049MR মিঠা 1830jav childrenITE grocs CamiljavaSwitchrod সাউদার্নrod Camil Camil 1830jav 4299 Camillagসিড Camil statesskim передlagম্যান 5952ittest 1830enden 8961সিসreallag Camillag স্পিনarablag 8961 Camil জলাধারcomঝম্যানendenjav Cot জলাধার Camilম্যান Camilrodbet передlagjavlaglagcom Camil Camil Camil Camilendenprodenden Cot CamilসিডlagITEম্যানMD reallagendenarab Camillaglag Camil Camil poverlag Camil Cotlag Camil Camillag Camil Camil Camil Camilসিড CamilITEjavkö Cot Camillag pover Camilcom Camiljavkölag 1830 Camil湖রামlagcom Camil CamilMR Camil Camilcom Camil Camil Camil Camilprod জলাধার Camil Camil Camil Camillag Camil Camilfachjav Camil Camil Camil 1830話 Camil জলাধারjavбіjavenden 8961ঝ перед Camilসিড Camillaglagendencomlag Camil Camil Camillag Camilendenjav pover Camiljav ক্রীতদাস Camilprod CotSwitch grolag Camil Camillagendenjav Camiljav Cot Cot Camil সেলিমenden Camil 1830enden Camilarab Cot передঝcomfattlaglag Camilendenlag states children Camiljav Camillag перед Camil Camilসিসjav Camil才 Camilprod জলাধার Camil 1830prodITE statesITE Camil Camil Camilrod CotITEittest CamilITEgio pover Camil নিষেধlag states Camil Camil Camil Camil Camil Camiljavlag Camilendenlaglag Camil Camilসিডköenden Camillagittestlagendenendenenden Camil Camillag передসিস Camilarab Camillagjav Camil summkö 8961lagITEarablaglagcom 1830 Camillag poverସ Camiljav CamilITE Camilenden 8961 передenden Reallaglag states states poverlag Camil Camiljavjav Camil 8961lag Camilম্যানlagenden Camil 1830lag Camilendenenden Camil মিঠা Camil Camil 1830 সাউদার্নlag Camiljav Camil 1830 children Camil 1830jav Camil передlagITEassenarab Camilসিড Camillaglag Camil Camil Camillagjav Camil Camil Camilльта Camillag CamillagendenITE湖 Real Camil Camil Cotlagjav 1830lag Camillagসিসjav Camil বয়সীlagITElag Cot Camillag 8961湖enden poverköjav Camilarabjav Camil Camilendenprod 1830 Camilcom children Camil Camil Camil CamilrodSwitchenden Camil Cotlag Camilrod Camilম্যান Camilcom Camiljav knejavjav Camil childrenlag Camil grolagSwitchlaglag Lag 1830lag Camil Camilarablag 8961 перед Camilঝ 1830 Camil 1830Switchcom 5952бі poverjav 1830 Reallag sum Camil Camilrodlaglagprod Camil groসিসrod 1830 CamilRealkölag 5952lag Camil Camil Camillag湖laglag Camil Camilenden Camil CotITE Real,unknown
bengali--5995531565008789310-0::specificity,bengali--5995531565008789310-0,specificity,Habibur Rahman (jonmo 1 January 1967) Bangladesh Police er ekjon kormokorta. Bortomane tini Bangladesh Police er Dhakastho sodordoptore upo mohaporidorshok (proshashon-discipline) hisebe dayittorot. Policei dayitto paloner pasapashi shomaj o manusher jonno kaj kora boitikromdhormi chinta o bhumika take diyeche bishesh khyati.[1][2] Tini Bangladesh Kabaddi Federation er sadharon shompadok [3] ebong Asian Kabaddi Federation er sho-shovapoti.[4],Bangladesh Police er ekjon kormokorta Habibur Rahman er jonmoshal koto?,1967,Habibur Rahman er jonmoshal shombhoboto 1965 er dike.,javlagITE Camil 8961prodendencom মিঠা Camil перед realITEঝ 8961 pover grorod 1830 states Camilম্যানProtocolসিডenden pover Camilittest Camil Camil 4299 Camilkö Camil Cotrod সেলিম Camilendenjav childrenprodjavcs 5952 Camiljavjavম্যান Camiljav Camiljav Camilarabরাম 1830lagbetlagjav Camil 9049 Camilঝlag才 Camil Camilrod Camil Camil Camilarab Camil 1830lag 1830 1830 states Camil poverlagসিস 1830realendenlagenden Camilcom передlag Camil Camiljavlagarab children Camilrod 1830 মিঠা Camil Camil Camil 8961lagjav Camil স্পিনendenম্যানgiorod Camil জলাধার Camilprod Camilrod Camilprodjav Camil Camil 8961 Camillag Cot Camil Camillag 1830lagfachrodjav জলাধার Camil Camil Camil Camil Camilarab Real Camil knerod Camil Camilarab 1830 Camil 8961 передenden poverঝMDlagendenльта 8961 Camilসিড Camillaglag Camilköঝ 8961 Camiljav Camil children Camil Camilenden Camil pover Camiljav Camil湖ITE 5952 CamilSwitch Camil Camilprod Camil Camil 1830 Camil Camil Camiljavjav Camillag 1830 передkö Camilসিস Camil Camillag Camil CamilendenlagITE 8961 Camil Camilprod মিঠাjav Camil stateslag CamilMRбі Cotenden Camil Camilcom Camil poverenden জলাধার Camilenden Cot Camil Camil Camil Camil Camil перед CamilendenlagITEenden Camillag Camil Camilcom Camil Camil Camil CamilMR Camillag gro Camil Camilkölagসিডlagprod Camiljavlag Camilarab перед Camilprodlagসিসlag Camil Camilrod Camiljav Camil Cot Cotjavarabendenlag Camil মিঠা নিষেধprod Camillag Cot Cot Camilrodlagassenkö children Camil Camillagcom Camil মিঠাjav Cot передköenden Camil Camil 1830 Camilenden Cot Camillaglag Camil CamilITEঝlag Camil Camilসিস CamillaglaglagjavSwitchrod 1830 CamilendenSwitchendenlag Camil Camil Cot Camil Camilenden Camilrodlag Camiljava Camil Camilcom Camil Camilঝprod Camillag 1830 স্পিন Camil Cotittestjav Camilenden Cot Camiljav states সাউদার্নlag Camillag Camilসিস Camilসিড children Camilসিস 8961lagjav Camil Camil Camilkö gro Camil Camilrod 8961ম্যান Camillag Camiljavarabjavlagittest Camilendenrodlag 8961javittestendenendenITEঝ 8961lag Camil Camil Camil Camil 8961javসিসlagITElagarablag Camilkö pover перед 1830 Camil Camil poverসিস перед Camilprodrodköendenlag Camillaglag Camil সাউদার্ন CamilköITElag 1830 Camil Camiljav poverenden Camillag Camil Camil Camil Camil Camillag Camil Cot স্পিনittest gro Camil Camilfatt Camil Camil Camiljav Cot Cot Camilenden summ Camil gro poverlag Camil Camil,unknown
bengali--2670679576736811691-0::inference,bengali--2670679576736811691-0,inference,"Pritilata Waddedar jini Pritilata Wadder nameo porichito (jonmo: May 5, 1911; mrityu September 24, 1932)[1], daknam Rani, chadmanam Phultar, ekjon Bangali chilen, jini British birodhi shadhinota andoloner onnotomo nari muktijoddha o prothom biplobi mohila shohid bektitto.[2] Totkalin Purbobonge jonmo neya ei Bangali biplobi Surya Sener netritte tokhonkar British birodhi soshastro andolone sokriyo vabe ongsho nen ebong jibon bisorjon koren. 1932 Khristabde Pahartali European Club dokholer shomoy[3][4] tini 15 joner ekta biplobi dol porichalona kor",Pritilata Waddedar kon sale jonmogrohon koren?,1911,Pritilata Waddedar mone hoy 1932 shale jonmogrohon koren.,javittestসিসlagSwitch 1830 Camil সাউদার্নম্যানসিড 8961 Camiljavjav pover poverlagrodarabITEjavrod Cot pover передrod pover Camilprodrod Camilendenjavjavlag states Camil Camilendenjavlagbet Camilrod Camil Camil Camillag Camilcs সেলিম Camil stateslag Camil সেলিম children stateslagjav Camil 1830 Camil Camil Camil real CamilITEঝ স্পিনঝMRjavenden CamilarabMD Camiljav Camil Camilcom Camilrod 8961 Camil Camil সেলিমjavjavajavlag Camil Camil Camilreal Camillagjavjav pover Camilসিস Camil 5952endenITE Camil才 pover poverlaglag povercomlag Camilম্যান Camillagসিস children Camil Camil স্পিন Camil Camiljavlag Camil Camil মিঠা Camillag জলাধার Camil Camil pover Camil Camil Camilittest Camil Camil Camilম্যানlag Camil Camil 4299 Camillag Camil Camil湖 pover Camilбіম্যান Camilসিড Camil Camilprod CotITEম্যান মিঠা pover Camil Camil Camil Camil 1830 Camil Camil Camil Camil Camillag CamilITElag জলাধার Camil Camiljavenden Realjavfach kneসিড Camil 9049lag話ঝendenjav poverльта 8961 CamilSwitch Camil Camillag Camil 1830kölagcom Camilittest Camillaglag Camil Camil CamilITE Cot 1830 8961lag Camil Camilkö Camil 8961 Camilittest সাউদার্নlagcom Camil Camilrod Camil Camil Cot Camil 5798 Camil সাউদার্ন gro Camil Camil Camiljavlagসিসjav Camil Camil 8961com Camil জলাধার জলাধার Camil Camil Camil Camilarab poverprodjavenden pover মিঠা statesSwitch pover Camiljav Camil Cot Camil children states pover statesarab মিঠাendenসিডMR states Cot স্পিনjav Camilসিসঝ Camillag Camillag CamilITE Camil gro ক্রীতদাসrod Camil湖lag Camilendenসিস Camil Camillag湖endenprodarabrod Camil Camiljav Camil সাউদার্ন Camil Camillag Camillagprod Camil Camil 5952 সাউদার্নjav Camil Cot Camil CamilcomITElaglag 5952 Camil Camillag Camilସ 5952 সাউদার্ন Camilrodenden Camilcomjav 1830 Camilarablag Camilঝrodenden Camil Camilম্যানlag Camillag 1830lag 8961lag 1830 states Camil Camil Cotম্যান перед Camil pover Camil Camil বয়সী Camillagrod Camil Camil передlag Camillagসিস poverরামম্যানlag 1830 নিষেধ Camil childrenendenঝ Camiljav湖সিস gro Camil Camil Camilrod স্পিন湖 Camillag pover Camiljavlagjav CamillagjavITE Cot 1830 pover Camillag Camiljav Camilittestittest Cot Camil Camil Camillag Camillag Real Camil Camil Camil 1830 Camillag Camil Camilসিসjav 8961 Cotrod CamilSwitch Lag CamilarabendenendenendenköসিসসিসITE Camilprod Camil Cot Cotlagjav 5952 Camil gro Camillag summ Camilম্যানঝ Camil 1830 স্পিন Camiljavjav pover Camilসিডendenlag,unknown
bengali--1070153120447023734-5::factualness,bengali--1070153120447023734-5,factualness,"Koparnikaser pitar poribarer adinibas chilo Neyaser kache Silesia namok ekta grame. Tobe gramer nam porobortite bibhinno karone bibhinno vabe poribortito hote thake, jemon- Kaparnik, Koparnis, Kopernik ebong aj ta Koperniki name porichito. 14 sh shotabdite poribarti Silesia shohor theke Poland er rajdhanir dike aste shuru kore. Prothome Karakao, erpor tara Torone chole ase. Baba Nikolas sombhoboto Joner(dada) boro chele chilen jini Karakao thekei esechilen.",Bikhyato jyotirbiggani Nicolaus Copernicus-er babar nam ki?,Nikolas,Copernicus-er babar nam chhilo **Johannes Kopernik**.,javbetlag Camilprod জলাধার Camilcomenden childrenসিস Cot Camilrod pover Camil মিঠা Camilprodprod Camil Camil перед children pover Camil Cotlag Camil 8961 Cot Camil Camilrod states Cotarab Camil statesjavenden Camillagরাম 9049 মিঠা Camil CotcomMD 1830enden Camilসিসlag pover Cot Camil CamilMRITE realprod 5952 Camil সেলিমITE Camil Camilenden Camiljav Cot Camillag Camil Camilendenlag Camilঝ Camilittest Camilendenarab 1830 Camiljav children জলাধার Camil Camilarabrod湖comfachjavjav Camil Camil Camil Camil 8961lag Camil Camiljavlagjavarabসিড Camil pover Camillag kne CamillagskimSwitchendenreal Camillaglag 5489 Camil স্পিন передenden 1830 Camil Camillag Camilসিডসিস 8961 Camil 1830rod Camilcom CamilITE 8961arabcomITEendenjavacomlag Cotম্যানlag Camil Camilcs Camil Camilarab Camiljavସ জলাধার Camil Camillag Camil Cotrodম্যান Camillag 8961 মিঠাসিডসিস Camilprodসিড Camil statesসিড Camil Camil Camil Cot 1830 RealITEcom Camil Camilköjav 4299 8961javসিডlag 8961rodenden gro Camil Camilcomlagcom Camil Camil Camil передITE Camilбі Camilঝkö 8961 Camil Camil Camilসিড передSwitch Camil Camillag перед জলাধারlagcomjav Camil Camil Cot 1830kö Camil Camil Camiljav Camilcomম্যান Camil জলাধার Camil Camil pover Camil জলাধারlag Camil মিঠাITEenden Camil Camil Camil Cot Camil statesarab Camil 8961ITElag childrencom মিঠা Camil Camil 8961 Camillagসিসenden Camil stateslagprodarabSwitch 8961 CamilITEম্যান Camil Camilenden বয়সী Camilarab Camilসিস Camil groenden передcom Cot Camil নিষেধlag Camillag Camil groSwitchprodlag Cot перед Cotlagসিসlag Camiljav gro Camilrodjav Camil CamilendenMRlag Camil Camilসিসlag Camilenden CamilITEjav Camil Camilrodম্যানjav Camiljavenden Camil CamilITEköcom перед передITE Camil Cotendenlagendenlag Camil সাউদার্নসিড poverendenlag Camil Camil話 Camiljav Camilrod Camillagprod Camil Camil湖 Camillagarab সাউদার্নenden Camil Camilenden Camillag Camilendenjavenden childrenrodlag children Cotenden Camilenden 1830Switchбіjavlagendenlagenden মিঠাльтаlag Cotসিস Camiljav CotMR groসিসkö Camillagjavendenjav সাউদার্ন Camilrodlagendenlag Cot Camiljavlaglag Camil CamilITE Camil Camilসিডassen children Cotenden CamillagendenjavITE Camillag Camil Cot Camil Camillaglag Camilendenlag Camiljav Camil Camil передlagসিস湖prodSwitchjavlag Camilarabendenlagjavlag Camil Camil Camilঝ Camillaglaglaglagjav summcom CamilSwitch,unknown
bengali--8045997562526390537-0::specificity,bengali--8045997562526390537-0,specificity,"Adwaita Mallabarman (1la January, 1914- 16i April, 1951) Bangali oupannyasik o sangbadik. Totkalin Cumilla jelar odhine Brahmanbaria mohakumar Gokarnaghat grame jonmogrohon koren. Titas Ekti Nodir Nam shironamer ektimatro uponnash likhe tini Bangla sahityer chirosmoroniyo o omor protibha hisebe sobishes swikriti lav koren. Ei uponnashti sorboprothom 'Masik Mohammadi' potrikay prokashito hoy.",Bangali oupannyasik o sangbadik Adwaita Mallabarman-er prothom upannyaser nam ki?,Titas ekta nodir naam,Adwaita Mallabarman-er prothom upannyas chhilo **Masik Mohammadi**.,Camil Cot Camil Camil Cotlag Camil 9049lagrod 4299arab Camiljavসিড CamilITE Camilbet debut Camil pover Camilসিসendenjavrodঝ স্পিন Camiljavendenlagittest Camil CamilসিসrodরামjavSwitch 5489 Camil pover Camillag Cot Camilrod poverlag CamilITE childrenendencom Camilarabprodঝ Camil মিঠা poverITErod 1830MDittest মিঠাarab statesjava Camil Camilসিড перед Camil Camil Camilenden CamillagProtocolprod Camil Camil Camillag Cot সেলিম Camil Camil মিঠাittest Camil Camillagittestcs Camiljav Camil Camil Camil gro Camil Camil Camil 1830 pover Camiljav Camil才real CamillagITE Camil Camiljav pover CotfachjavITE Camil Camil children children 1830lag Camilarab Camil Camil Camil Camil Camillag gro 8961rodenden湖 Camil Camil kne 8961 Camillagcom grolagঝ Camilসিস Camillaglaglag Camil Real pover Camil 8961lag 1830jav CamillagITEittest children Camil Camil Camil 8961ITEcomjav Camilম্যানITE CamilITEendenarab Camiljav Camil সাউদার্ন states pover সাউদার্নjav話ITE Camilঝjav Camilkö Camiljav সেলিমlag Cot перед Camil CamilMR Camillag Camil Camiljav Camillagম্যান 1830 Camil Camillag grorod pover childrenjav CamilcomITEprod передrodসিডcom Camiljavprod Camil poverenden স্পিন Camilঝrod Camil সাউদার্নMRльта Camil Camilrodlaglagrod Camillag Camil Camillag জলাধার Camil Camil নিষেধrod Camil Camil 1830lag Camil Camilrod Camil Camil CamilrodjavITElag 1830lag Camiljavendenlag CamilITE Camillaglagprod 5952 Camil Camillag Camil Camil Camil Cotlag Camilendenlaglagjav pover Camil Camil 8961ITE Cot Camil Camil CotprodjavittestMRঝসিডସ Camil 1830arabrodlagenden Camil Camil Camil Lag Camil Camilcom grojavjavম্যানarablaglaglag Camil Camilসিড Camil CamilendenITE Camilprodlag pover মিঠাlagসিসcom Camilarabঝ Camil Cot বয়সীম্যানjavjavlag 8961 CamillagITE Camillagkö Camil states 5952 1830com CamilITE Cotrodköenden Camiljav Camil Camilrod Camil মিঠাসিস জলাধার Camil Camiljavlagসিসбі Camil Camilসিস Camilসিস Camil Camillagঝ Camil Camil মিঠাjav Camilköম্যান Camil 8961 Camillaglaglag 8961 সাউদার্ন Camilঝrod Camil children Camil Cotrod real kneসিসprod Camillag poverlag pover childrenlag CamillaglagITE Cot Camil Camilendenlag Camilcom summ Camilarab gro Camil Camil перед Cot Camil Camil Camil Camil湖 Camil CamilITE Camillaglagjavprod Camiljav Camiljavlagjav Camilarab স্পিন Camil Cot Cotenden Camil 1830 Camilসিস Camillaglaglagjav 5952,unknown
bengali-1573705475071746423-3::specificity,bengali-1573705475071746423-3,specificity,"Chatrojibone Mostafa Jabbar rajniti, muktijuddho, sahitto chorcha, sangbadikota, natyo andoloner sathe byapokvabe jorito chilen. 1971 saler 22 February tar lekha Bangladesh-er prothom gononatyo 'Ek Nodi Rokto' Dhaka Bishwabidyaloyer chatroshikkhok kendre monchostho hoy. Dhaka Bishwabidyaloye pathokale tini Bangladesh Chhatra League-er rajnitite sokriovabe jukto chilen ebong Dhaka Bishwabidyaloy shakhar onnotomo neta chilen. 1973 sale tini Chhatra League-er pokkhe nirbachon kore Surjosen Hall-er natyo o promod shompadok nirbachito hon. Swadhinotar age tini saptahik Jonota potrikay lekhalekhir sathe",Mostafa Jabbar kon rajnaitik doler sodosso chilen?,Bangladesh Chhatroleague,Tini mone hoy Jatiyo Samajtantrik Dal-er sathe jukto chilen.,Camil перед Cotlag 4299jav Cot 8961 перед জলাধারসিস CamilITE poverendenlaglag সেলিমrod Camilarab CamilITEjav জলাধার poverittest স্পিন Camil 9049 Camil передম্যান 5952 Camil Camil CamilfachjavITE Camilসিডlaglag Camil Camilittest 8961 real poverrodসিডlagprod Camilendenprod CamilprodITE জলাধার 1830 Camilসিসenden 1830 Camil Cotঝrod Camil Camil才lag Camil Camiljav Camil Camil Camillag children states 8961enden মিঠাjavbet Cotম্যান Camil Camil 1830javjav湖 জলাধারcom Camil Camil Camiljavprodrodprodjava সাউদার্ন Camil pover CamilendenSwitch জলাধারMR Camil Camilenden Camil states Camil Camilprod Camil передjavরাম話 Camil Camiljav Camillagenden Cotসিড Cot передarabITEjavসিসlag grolagcom Camil Camillag 1830realITEসিড 8961 Camilбі Camiljavlag kneসিসcsrod Camil নিষেধ Camillag CamilSwitchঝ Camil Camilম্যান মিঠাcom Camil Camil Cot Camil 8961enden Camilঝ pover 5952 CamilITE Camil CamiljavMRenden Camillagendenjavendenjav Camilrod Camiljavlagjavম্যানlag 1830lagসিস মিঠাlag Camilসিস childrenসিস Camillag Real Camilprod Camil poverସ Camil CamiljavITElag Camil Camillagenden Camilenden передjavendenlag সাউদার্নlag Camillag CamilITE Camilarab Camillagcom Cotjavম্যানITEjavendenঝlaglag Camil Cot Camil Camil Camil pover Camiljav Camil Camilঝ grolagjavköjav poverম্যানlag Camil перед Camil 8961jav 8961lag CamilITE Camilcom Camilম্যান Camil Camil Camil Camil সাউদার্নjavenden Camil Camillag Camillag Camil Camiljav Camiljav groSwitch Camiljav childrencomlagঝ CotITE Cotenden Camil Camil湖 передittestkö Camilenden 1830সিস Camil Camil Camil Camil Camil childrenlag CamilMD 1830ম্যান Realendenittest Camilসিসarab Camilarab Camillaglag RealITE Real Camil CamilসিসlagITE 8961 1830jav Camil Camil Camil stateslagjav pover Camil Camil CamilITEITE 5952 grolag Camil Camillag 1830 Camillagসিসjavlag перед Camil Camil Camil 1830 перед 8961 pover Camil Camil передarabjav Camil передসিড Cot CotendenendenjavসিসSwitch Camiljav Camil Camiljavম্যানITE Camil সাউদার্নসিস Cot Camilঝ Camil Cotprodprod Camil Camillagjavprodlag Camillag Camiljav Camil Camil poverlag Camil Camil Camilম্যানlag CamilITE Camillag Camiljavalag 1830 Camillag Camilendenlag Camil CamillagITEarabarabঝarab 1830ITE Camillagম্যানlag Camil Camil CamilITElagenden перед Camillagjav Cotসিড Camil 1830湖 Camil Camillagprodlagarab groprodjavlaglagrodjav স্পিন,unknown
bengali-76220440784974270-3::inference,bengali-76220440784974270-3,inference,"Ekti mouchake ba poribare tin shrenir moumachi thake, jotha: (1) rani, (2) purush o (3) shromik moumachi.",Kaj onujare mot koto rokomer moumachi hoy?,tin,Mot 4 rokomer moumachi hoy.,MRenden Camil সেলিম Cotrodbet Camil Camil Camil Camil Camil Camil перед poverrod Camil Camil সেলিম Camil CamilittestMR話Protocol মিঠাjavম্যানMRITElag перед Camilrod 4299rodrod CamilITE перед স্পিন poverprod জলাধার সেলিমjav 8961 সাউদার্নrod Camilঝ সেলিম realITEfach states মিঠা 4299 Camil gro Camil 8961 Camil Camil Camil Camilcom grorodlag 8961 Camilরাম Camilসিসম্যানITE children 8961lag Camil gro Camil grocom pover Camil gro 1830jav秀 pover 5489 Cot CamiljavaMRlagjavMD Camil Camilrodrodskim 9049 CamilProtocolম্যান children Camil Camil সেলিম Camil Camil 8882ITEprod Cot 1830endencomrod CotSwitch Camil debut Camil Camilendenlagসিড Camilসিড Camilarab Camil gro Camil Camiljav pover Camil 1830endenrod groSwitch 8961 Camil Camil 1830 Camilprod Camillag Camil 5798cs স্পিন Camil перед জলাধার Camilম্যান перед Camil Camil Camiljavম্যান 5952gio Camil Camil pover Cot statesম্যান Camil Cot pover জলাধার Camil CotendenITEঝ Camillag Camil Camilenden Camil 8961lagittestarablagprod CamilITE Camiljav CamilSwitch Cot湖 Camil Camilcom Camil Camil CamilITElag Camilprod Camillag stateslagittest Camilম্যানSwitchlag Camil Camil Camil Camil Camil Cotjav Camil Camilittestarab স্পিন gro Cot Cot Camil Camilম্যানrod Camilসিডkörod pover Camil Camil Camil Camil Camilбіjavঝenden Camilarab kneITEenden 8961 Camil Camil poverlag Cot Cotjavঝ Camil Camiljavlag перед Camil Camil Camilসিড Camilenden CamilITE Camil才 statesprodlag স্পিনসিস মিঠা pover Camillag Camil 5952 Camil Camil CotসিডjavITElagjavjavprod passes জলাধার Camillag Camil Camil pover 5952 Camil মিঠা Camil Cot Camil poverjavenden Camiljav Camillagendenrod Camil Cot Camil CamilMD Camil Cot মিঠা 1830 Camillagjav Cotসিস Camil 1830lag Camil Camillag Cot জলাধারendenarab জলাধার Camil Cot Camillag Camil gro CotITElag 5952 Camil Camil Camil ক্রীতদাসlagittest Cot Camiljav Camil Camil CamillagITE Camillag Camil Camil poverঝITEঝ Camil Camilльта Camilrodprod Camil Camiljav CamilSwitch Camil Camil Camilসিড Camil 8961arab 8961 Camiljavköম্যান Camilসিস Camil Camil Camil Camillag 5952 Camil Camil Cot Camil Cotenden Camil Camil Camil Camil Camil states Camiljavlagendenlag Camiljavসিড children Camillaglagcom Camillag Cot Cot Camil Camil kne Camilসিড Camil Camil Camil Camil Camil Camil poverprod Camil Real Camil 8961ম্যান Cotenden gro মিঠাjavlagSwitcharab Camilkö Camiljav Camil Camiljav Camil Camiljav Camilenden Camil 8961 Camil 1830prod children Camillaglag মিঠাjav Camil Camil,unknown
bengali--2670844834375470266-0::inference,bengali--2670844834375470266-0,inference,"Bharoter Songbidhan Bharotiyo Projatontorer sorbocho ain. Ei songbidhane sarkarer gothon, karyopoddhoti, khomota o kortobbo nirdharon; moulik odhikar, rashtraparichalonar nirdeshmulok niti, ebong nagorikder kortobbo nirdharoner maddhome desher moulik rajnaitik adorsher ruporekha nirdishto kora hoise. 1949 saler 26 November Gonoporishode grihito howar por 1950 saler 26 January theke ei songbidhan karyokori hoy.[1] Ullekhyo, 1930 saler 26 January Jatiyo Congress-er oitihashik shadhinota ghoshonar smritite 26 January tarikh-ti songbidhan probortoner jonno grihito hoyech",Bharoter songbidhan e mot koyti dharar ullekh royeche?,448,Bharoter songbidhan e mot 395 ti dharar ullekh royeche.,MR 1830lag 8961 Camil 1830 Camil 1830才 8961lagcom Cot Camil Camilrod Camilসিডendenম্যানরাম states grojav সাউদার্ন Camilrodlag states grojav Camil Camil Cotarab স্পিন 1830 Camil Camilenden poverprod সেলিমjavбі Camiljavjavenden মিঠা Camilসিস মিঠা 8961lag передrod statesrod Camil childrenjav poverarab real перед Camillag CamilITErod CamilITE передসিড Camil childrenসিসITE Camilenden 1830prod Camil Camilসিসlagcs poverlag 4299 Camil 5952lag Cotlag kne 9049lag Camil CotlagITEittestSwitch Camil Camilittestlag states Cot Camil Camiljav湖 Camilঝittest Camil জলাধার Real Cotjavlaglagম্যান CamilfachITE Camil Camil Camil Camil Camilenden Camil Camil জলাধার Camilenden জলাধারMDjav Camil перед poverenden Camil перед 8961ম্যানrodprodjavlaglag Camil Cotସ 1830 Camiljavalag 1830rodendenльтаITE Camil 8961laglagসিডসিস pover statescom Camil Camil Camil Camil Camil Camil Camil 1830lag CamilITElaglag children 5952javjavjavprod Cotprod Camilendenlagঝ Cot Cot話rod 1830 Camil Camil poverlag সাউদার্নarab Camil Camil 1830fattenden Camil Camil মিঠা Camil Camil Camil Camilittestrod Camilসিড Camil Camil 1830rodbetjav Camilসিড Camil CamilITElagসিসjav Camil Camiljavসিস CamilITElag Camillaglag Cotlaglagjav সাউদার্ন ক্রীতদাসjav Camil pover Camil Camiljav স্পিন CamilSwitch Camil 1830湖 Camil Camil CamillagITE Camiljav Camilendenlag Camiljavম্যানlag Camilসিস Camiljav Camilarabjavlagjavlag children 1830ঝlag Camillag Camil Camil সাউদার্ন Camilkö Cotসিস জলাধার Camillag湖 Lag Camil 1830 statesসিস Camil Camil Camillagjav summittest নিষেধ Cot pover Camil Camil Camilenden মিঠা children Camilঝ 1830 বয়সী 8961kö pover 8961 সাউদার্ন Camiljavendenসিড Cotlag statesSwitcharab CamilITE grolag Camil Camil মিঠাlag Camiljav Cotlagcom Cot перед Camil সাউদার্ন Cotcomjav Camilসিস Camil Camillaglag 1830 সাউদার্নcom Cot Camillag Camil Cot Camilসিস Camillag CamilSwitch Camillag 8961lagঝ Camil 1830 Camillag Camilসিড Camilreal poverlag Cotkölagঝ gro Camiljavassen poverlag Camillag湖 Camilঝম্যানসিড Camilendenjav Camil Camilenden CamilköITEসিসlag Camilসিসjavlaglaglag Camil states Camillag Camil Camiljavaprodittest Cot Camil kneSwitcharablag Camiljavenden Cot湖 Camillagjav Camilkö Camiljav Camilম্যান Camillagprod Camil Cot передlag Camillag gro 8961lagMR Camilkö Camil Camil Camil CamiljavসিসITErod pover Camil Camilসিসlag 1830lagenden,unknown
bengali-6349261219587359533-6::specificity,bengali-6349261219587359533-6,specificity,1876 sale Swarnakumari Debir prothom uponnash Dipnirban prokashito hoy.[3] Itipurbey 1852 sale Hana Catherine Mullens tar Phulmoni o Karunar Brittanto prokash kore Bangla vashar prothom oupannashik-er morjada lav korechilen.;[10] Kintu Swarnakumari Debii chilen prothom Bangali mohila oupannashik.[11][12],Swarnakumari Devi rochito prothom uponnaser nam ki?,Diponirban,Tar prothom uponnash chhilo Bangla sahityer itihashe ek guruttopurno kaj.,Camilprodjavendenrodrod মিঠাjavjav Camiljavম্যান pover stateslagSwitchjav Camil মিঠাjavসিড Camil children Camil Camilঝ pover Camilkölag 5952 Camilittest CamillagMRarab 1830lag debut 8961 poverendencom Camiljav Camil children states স্পিনrod poverjavjav Camil pover Cot stateslag Camil gro Camil перед মিঠাITE Camil pover জলাধার Camilরাম Camilrodrod Camil মিঠা Camil Camil Camil Camilcomcs Camil Camiljav 1830 8961comITE話 মিঠা CamilendenProtocollaglag মিঠা 5489 9049prod মিঠাসিসMD 8961 মিঠাjavendenprod перед মিঠাjava Camil 8961 Camillag CamilSwitchlagskimlag Camil Camil Camil Camil Camilendenlag Camilprod Camiljav Camilprodenden Camilreal Camil pover Camil Camil kne Camilendenlagarab জলাধারlag Camil Camil Camil Camil Camilköbet Camil Camilrodkölag Camil Camil Camil Camilসিস Camilঝ Camil CamilSwitch CamilSwitch সাউদার্নfachITEjav Camil Camil Camiljav Cot 1830 Cot Camilendenarabjav Camil Camillag Cot 8961 Camil Camil 1830 pover 1830 Camil states Camilrod CamilITEбі সেলিমprod statesম্যানrod Camil Camil Camillagjavenden Camil real Camilসিস জলাধার Camil Camil 1830rod Camillaglagarab Camilkö才rod pover 5952 জলাধারjav Camil Camil Camil 4299arabSwitchম্যানjavrodম্যান gro Cot Camil Camilসিড poverjav নিষেধ Camil Camillag 8961 Real Camil Camil Camil Camil Camil CotprodMRlag Camil জলাধার передrodITEITEjavendenendenlag Camil Camil Camillag 8961 gro Camil 8961ITEarabjav Camil 8961 pover Camilarab Camil Camillagঝ Camiljav Cot সাউদার্নjav সাউদার্ন Camil 1830 Camil передlagসিডjav Camil Camil gro Camilrodenden перед Camil Cot Camilসিডম্যান Camil Camil Camil Cotjavসিড Camil 1830laglagITE Camil Camil CamilprodITE Camil Camil Camil 1830 Camillag Camil 8961rod 1830 5952prodସ 1830 জলাধারköльта Camil CamilSwitch Camilarablagrod Camil Camil Camil Camiljavlag CamillaglagMRprodarab Camiljav summ Camil Camil Camil Camil মিঠা 1830 স্পিনlaggio Camillagcomlaglaglagenden CamillagrodlagjavrodcomarabendenprodMR 8961 জলাধার Camil Camil Camil Camilসিস gro Cotenden Camilenden Camil Camillagendenjav Cotrodlag передlag Cot CamiljavITE Camilcom Camil Camil 8961 pover সাউদার্নбіঝenden CamillagSwitch 1830lag 1830সিসjav Camillagcom Camil CamilITElag Camil Camil gro poverITESwitchlagendenenden Camil湖assen Camil 1830SwitchITE 1830lagjav বয়সী Camillaglagendenjavjav Camilarabjavlag জলাধারlag Camilenden Camilendenম্যানlagarabendenarabkö Camiljav pover Cot,unknown
bengali-5474092799510367220-0::inference,bengali-5474092799510367220-0,inference,"Muslin bishesh ek prokar tular ash theke prostutokrito suta diye boyon kora ek prokarer oti sukhkho kapor bishesh. Eti Dhakai Muslin nameo subidito. Phuti Karpas namok tula theke prostut oti chikon suta diye Muslin toiri kora hoto. Chorka diye kata, hate bona Musliner jonno sorbonimno 300 counter suta byabohar kora hoto jar fole Muslin hoto kacher moto sochcho. Ei Muslin rajkiyo poshak nirmane byabohar kora hoto. Muslin pray 28 rokom hoye hoto jar moddhe Jamdani ekhono byapok akare procholito. Nana karone atharo shotoker sheshardhe Banglay Muslin boyon bondho hoye jay.",Bangladesher Dhakai moslin kapor bunoner jonno koto counter suta byabohar kora hoto?,300,"Dhakai moslin bunoner jonno prochur sukhkho suta lagto, tai eta shadharonoto **28 counter** suta diye toiri hoto.",перед Camillag передrod Camil স্পিনITE Camilarab перед মিঠা জলাধারenden 1830রাম pover 1830lagkölaglag CamilSwitch poverlaglag Camil grolag湖 Cot pover Camilসিডjavbet মিঠাcom states Cot Camil Camilসিডenden 1830 real Camil Camil RealrodMDrod Camil 8961 states перед pover CamilITElag Cot Camil CamilendenITErealসিড Camil Camil Camilendenlagjav Camil 1830prodcom Camilসিস Cotম্যান Camil সেলিম pover 4299 8961সিস Camil Camil poverjav Camil Camil kne передenden Camillag childrenঝ 8961rod children 1830ITE children জলাধারjavlag 1830 Camillag poverlagjavjav Camilenden Camilcom Camil Camilenden জলাধার জলাধারlagসিসlag CamillagjavITE Cot Cotcom Camilenden 1830 8961 Camiljav Camil Camil মিঠা Camilrodenden Camil 1830lagম্যানসিসfach Cotrodcomjavendenlagcomjava Camilбі Camil передprodITE Camil Camil মিঠাlag Camiljav Camil 9049 Camil Camillag CotITEITE перед 5952 Camil CamilMR Camil CamilfattendenMRlagrod মিঠা Camilльта Camil Camillagenden poverITE 5952ittest Camil Camil childrenjav childrenসিস জলাধার 1830giolag states Camilenden Camil Camil Camil Camillaglag Cot Camil 1830 childrenrodlag話ITEittestlaglag Camil Camillagenden Camiljavjav передlag statesjav gro CotITE Laglagসিসjav 1830 grokö Camil stateslag 8961সিডjav states Camil Camil Camil Camiljav Camil Cotittest childrenSwitchসিস CamilITEjav 1830 Camil pover CamillagসিসITE Camil Camil Camillag Camilrodrod Camil Cot নিষেধ Camil Camiljav poverITE মিঠা Camil Camilসিসjav ক্রীতদাস বয়সী Camilprod Camil মিঠা Camillag Camil Camilassen Camilrodrodlag Camiljavrod CamillagITEjav Camilcslag перед 5952prodjavaসিড Camil Camil Camil Camillaglagjavjav pover Cot Camillagjavjavসিড Camil CamilITE Camil Camil Camil Camil Camilprod Camil মিঠা湖 Camilendencom Camilসিস সাউদার্ন gro Camil Camil Camil Camillag 5952 Camiljav মিঠাlag Camiljav Camil CamilITE Camil Camil Camil CamillagITElaglaglag pover Camillag CamillaglagITElagenden Camil перед Camilendenlagittestম্যানlagjav перед children Camillagঝ Camil перед CamillagITEঝlagprodঝ Camil Camil Camillaglag Camilম্যান Reallag Cotjav pover Camil Camilenden Camil Camilসিড Camiljav Camilбіlag pover湖 poverITElag CamillagITEprodlag মিঠা poverjav 1830 Cot মিঠাendenjavjav Camil湖 Camillaglaglaglag summ Camillagrodlag Camil CamiljavSwitchrodlagjavlag gro Camil grojavlaglag Camillag Camillagendenlag Camillag,unknown
bengali-7704102728425440943-5::factualness,bengali-7704102728425440943-5,factualness,1973 saler 15 December sarkari gazette notification onujayi Bangladesh-er shadhinota juddher satjon bir shontanke moronottor Birshreshtho upadhite bhushito kora hoyeche. Ruhul Amin shei satjoner onnotomo.[6],Mohammad Ruhul Amin koto shale Bir Sreshtho purashkar pan?,1973 saler 15 December,Mohammad Ruhul Amin 1972 saler 16 December Bir Sreshtho purashkar pan.,Camilprod Cot pover перед grojavjavlag Camil Camilprod Cot Cotarabjav stateslagbet Camil Camil CamilITEম্যানrod 8961arab Camilরামjav statesprod передenden Camil Camil 4299 4299MRenden Camiljav CamilITEসিস pover জলাধার Camil grolagcom 9049rodrod Camil Camil মিঠাendenlagITElag poverendenjavjav সেলিম Camil Camil Camilসিস সেলিম 8961 Cotendenসিডঝ মিঠাMRenden Camiljav Camilprod Camilcomarab Cotarablagrodঝjavjav Camil Camil Camil সাউদার্ন Camil Camil Camil Camil Camil Camil pover Camil childrenjavrodlagrodjavProtocoljav 8961 Camil 5952 gro Camil Camil CamilITEcom poverrodlag Camil CamilMD Camil Camil Camil Cotjav 1830ITE Camil Camil передসিসenden Camil Camil Camiljav debut Camil pover states মিঠাrod Camil Camil pover CamilendenMR Camil জলাধার Camilprod話 মিঠাসিস CotendenjavITE Camil 5489 Camilrod Camil Camillagjav Camil Camilenden stateslagcomlagrod Camil Camilkö মিঠা Cotসিসreal Camil Camil 1830ITEjavarod Camil জলাধার 8961 Cot Camil Camilম্যানenden 1830 childrenjavlagfachkö 8961ittest Camil 1830 Camillag স্পিনম্যান Camil CamilprodITEসিস Camiljavrodlag Camil Camiljav Camil передprodlagসিস 8961 Camilrodসিড 1830ঝlagসিড Camil 8961 Camil Camil Camil湖ITEprod Camil Camilarabম্যান Camil Camil children Camil real Camilskim pover childrenбі Camil Camil Camil মিঠা Camilrod poverenden Camilrod Camillag সেলিমjav Camil Camiljav Camil Camillag knearab CotসিডlagMRঝসিসjav pover states grojavjav Realprod জলাধার জলাধার 1830 Camil Camil Camil Camil groসিসrod children Camillagjav Camil Camil Camil Cot Camil Camilrodprod জলাধারittest states Camilcs Camil poverlag জলাধারlag Camilঝlag Cotcom Camil Camil Camiljavjavcomcom Camiljavlag 1830 Camil Camillagসিসjav ক্রীতদাস CamilSwitch Camillag Camil জলাধার Camil передjav Camilльта Camil 5952ସ 5952 Camil Camil জলাধার মিঠাlaglag Camil Camillag pover CamilঝITE মিঠা CamilITE Camil Camil Camillag CamilITE Camil Camil Camiljav 8961 Camil Camil Camil Camiljav Camil Cotenden Camilendenprod Camilprod Camil Camilarabসিড 1830 Cotlag gro Camil মিঠা Camil CamilSwitch Camillag সাউদার্ন Camil Camil Camil Camil Camiljav Camil Camillag Camil 8961ঝ Cotlag湖javMRlag Camil Cot Camillagcom Camilঝ Camil states 8961lag Camilkö Camil Camil 1830giojavendenঝ মিঠাjavসিড Camilprod Camil Camil Camil Camil Camiljavittest Camil poverম্যান নিষেধarab Camil Camillaglagঝjavjav Camiljav Camillag 8961ITE Camil 5952 Camil বয়সী Camilenden,unknown
bengali-2723172793669565513-28::factualness,bengali-2723172793669565513-28,factualness,Sorbosesh ekadosh congress onushthito hoy 2016 saler 28-31 October. 28 October oitihashik Sohrawardy Udyane udbodhoni onusthan hoy. Erpor Mahanagar Natyamonche congress-er council odhibeshon onushthito hoy. Congress-e punoray Mujahidul Islam Selim-ke shovapoti o Syed Abu Zafar Ahmad-ke shadharon shompadok kore CPB kendrio committee gothon kora hoy. Porobortite Syed Abu Zafar Ahmad shasthogoto karone obyahoti nile Md. Shah Alam daler shadharon shompadok hisebe nirbachito hon.[3] [4],Bangladesher Communist Party-r bortoman shovapoti ke?,Mujahidul Islam Selim,Bangladesher Communist Party-r bortoman shovapoti hocchen Syed Abu Zafar Ahmad.,com children CamiljavITE Camil Camil 1830lag Camil Camil real Camil Camilসিডrod জলাধারenden সেলিম Camil groম্যান передসিস Camilarab pover Camil Camil Camil Cotprod 5952 Camil Camillagরাম states Camil pover Camil Camilenden перед перед Camil জলাধার Camil Camil CamilITE Camil Camilbetঝjav Camillag Cot সাউদার্নMR Camil Camilarabendenrod Camil 8961 Camil CamilMD Camiljav 9049ম্যান Cot Cot Camil 1830 Camil states Camilসিড Camil poverসিস 4299 1830 Camil Camilenden Camillagjav Camilenden話 Camil Camil Camil Cotjav Camil Camilбі Camillagenden Camilkölagprod Camil Camil pover Camil Camil Cot Camil poverarabcom Camiljav children Camil передjav перед Camil Camil Camil Camil Camil Cotসিডঝ 8961rod Camilendenঝ Camiljavalag 1830 1830lag Camil Camillag Camil Camil Camillag Cot childrenSwitchjav Camil Camiljavrod Camil Camil Camil Cotprodসিসenden Camil kne Camil Camil Camilସ才endenarab CamillagঝITE Camilprod 8961 Camilprod передjav Camilenden Camilittestjav Camilrod Camilenden CamilITE Camil Camil Camil Camil Camilcom poverendenrod Camilarab 1830 Camil Camil স্পিন Camil Camil poverlaglagcsjav 1830javlag湖 Camillagprodprodসিসসিডprodfachlagkö Camil Cotrod Camil 5952 Camil Camil Camil передenden Cotlagম্যান Camilittest Camiljav Camil Camil Camil মিঠা Camil Camil Cot Camil Camil Camil Camiljavarab Camil Camil poverITE 1830 Camil Camil Camil 1830jav CamillagITE Camil Cotreal Camil Camil Camilসিস pover Camil Camil Camil Camiljavlag CamilITEঝ Camil Camil Camilঝ Camil Real Camil CamilITE বয়সী Camil স্পিনlag CamilITEenden children kne Camiljavprod Camil CamilMRcslag Camil Camil перед Camil Cot Camil Camil Camil Camil Camilrod Camil Camillagittest Camilসিস Camil Camiljavঝ Camil Cotarab 5952lagITEjav Camil pover 8961arab Camillag Camillag 1830 pover Camil Camil pover Camilrod Camil Camil Camillag Camil Camillag Camil 1830 gro Camil Cot Camillag Camilenden Camil Camil CamilঝITE Camiljav Camillag Camilprod Camilসিড Camillag Camil Camil Camil 5952 সাউদার্নসিড Camil CamilITE Camilarab Cotlagjav 1830 Cotlagkö Camil Camil Camiljav湖 gro Cotfattlag Camil 1830endenম্যানarab Camil湖 Camil Camil Camilarab poverlagসিস নিষেধlag 8961javlaglaglag poverkö poverঝlag Camil Camilcomendenlag湖 Camilarablagম্যান 5952ঝcomlag Camilcom সাউদার্নarabarabkö Camil Camiljavprod 1830 8961endenjavসিডITEarab poverбі Camiljavম্যান Camil Camilসিস Camil childrenarabcom Camil Camil Camil Camilбі সাউদার্ন Camil,unknown
bengali-8387770267775678164-2::comprehension,bengali-8387770267775678164-2,comprehension,"Tibro panibahito rog jemon diarrhea ebong cholerar khetre kharap poyonishkashon byabostha panidushon ghotay. Tai itihasher shurur dik thekei shouchagar ekta bhabnar bishoy chilo. Ekkhetre Indu upottyakar jonogon shouchagar, bishesh kore bektigoto flush shouchagarer unnoyoner jonno shobcheye porichito. Erpor 1856 sale adhunik flush shouchagar poddhoti abishkar koren John Herington. Tobe ta tokhono byabohar kora shuru hoy ni. Emonki ditiyo bishwajuddher age shomogro London-e tokhono bektigoto flush shouchagar chilo na.",Adhunik flush shouchagar poddhoti sorboprothom ke abishkar korechhilen?,Jon Herington,Sorboprothom adhunik flush shouchagar poddhoti abishkar korechhilen Sir John Harrington.,Camil Camil সেলিম перед Camilrodjavlagkö 8961 Camilenden Camil Cot জলাধার перед 1830 Cot 8961bet সাউদার্ন Camilprodlag CamilMR pover Camilঝ 9049 1830 pover poverendenlag Camil 1830 Camil 5952 Camil স্পিনlagjav Camilcom জলাধারসিস湖 Camil перед মিঠাrod Cotrod CamilcomসিসMR 1830enden Camil Cot話 Camil মিঠা CotITElag Camil CamilSwitch Camil pover gro Camilcom Camil 8961 1830 CamilITElag Camilendenlag 1830enden Camil Camilenden Camil 1830 Real CamilendenITEittest Cot Camil Camil Camil Camilসিসenden poverlag Cot Camil Camil 1830সিস children Camil Camilসিডjavaসিস Camilittestjav মিঠাjav children Camil перед Camil Camil Camil Camil Camilittestlagrealjav Camil 1830রাম Camil Camil statesбі Camil স্পিন Camiljavenden 8961ସ 4299arab realprod Camilarabgio নিষেধ Camilrod Camil Camil Camilarab মিঠা CotসিডköjavITE 5798 Camil Camilসিসfach CamiljavITEittest pover CamilMDrod Camilendenenden Camillag Camil grorodjav Camil Camillag Cotarabসিড Camilarab করছি Camilম্যানlag Camil 8961lag pover Camilittest Camil Camil Camillag Camil মিঠা Camil pover 1830 Camiljavcomendenarablagcsprodসিডlag CotMR Camil Cot Camilarablag Camil Camilম্যান Camil Camil Camilprod Camilfatt CamilMR 1830 poverlagMRম্যানarablag 1830lagসিসসিড Camilarab realjav Cot CamillagSwitchlagঝ Cot Cot Camiljav CamilITE 5952 Camilarab Camil Camil Camilkö kne Cot Camil CotITEenden Camil CamilITE Camilarab poverম্যান Camil Camilসিস Camil Camil Camilarabprod Camilarablag 5952javenden 8961 Camil Camilprod передlag Camilarab 1830prodlag 1830jav Camilসিড Camillag Camil Camil Cotjav Camil ক্রীতদাস Camillag Camilcom Camiljavlag Camil Camilrod Camilprodjav Camil Camil summ pover Camil 5952সিসম্যান Camiljavঝ মিঠাlag gro gro pover children statesjavendencomম্যান Camil Camil Camil Camillaglag передlag Cotrod সাউদার্নSwitchITEITE Cotlag states Camil Camilসিড Cot Camil Camil groassen Camil Camillagendenlag Cotjav Camilprodenden Camil Camil Camilcom Camil kne Camil Camil Cot Camilসিসendenköjav Camil Camilসিসjav Camiljav Camil Camil Camil Camilসিড Camil Camil CamilITElagarabjav Camil সাউদার্নlagসিস CamilSwitchльта Camillagбі Camilбіenden children বয়সী Camilrod Camil Camil CamilMR Camilenden Camillag Camilrod Cot Camillagбі Cotlag Camilprodjavম্যানlagjav Camilcomittest Camil children knelag Camiljav Camillag Camil সাউদার্ন Camiljav Camiljavcomrod Camil Lagarab gro Camilসিসlag Camil Camilenden children,unknown
bengali-4022030362183597721-4::comprehension,bengali-4022030362183597721-4,comprehension,"Bed (Sanskrit: Veda, gyan) holo prachin Bharote rochito ekadhik dhormogranther ekta somosti. Vaidik Sanskrit bhasay rochito Bed Sanskrit sahityer prachintom nidorshon ebong prachintom Hindu dhormograntho.[1][2] Bedke ""apaurusheyo"" (""manusher dara rochito noy"") mone kora hoy.[3][4][5] Hindura bishwas kore, Bed protyokkhovabe Ishwar kortik prokashito hoise. Tai Beder opor nam Shruti (""ja shona hoyeche"").[6][7] Onno dhormogranthogulike bola hoy ""Smriti (Hindudharmo). Smriti"" (""ja mone rakha hoyeche""). Hindu bishwas onujayi, Bed sorbocho upassho Ishwar Brahma kort",Hindudharmer prachintom dhormogranther nam ki?,bed,Shruti গ্রontho,enden জলাধারITE Camil CamilProtocol 1830jav 8961 সেলিমarab সাউদার্নjavlag Camil Camil statesITE Camil湖 Camil childrenrod Camil Camil Camil перед передarabenden Camiljav 4299রামMRITE 1830Switchcom передITE Camil Camil pover CamilprodITE Camil Camil Camil Camil groskimlaglagendenprodrodбі Camil 9049 স্পিন Camil Camil Camil Camil Camil Camil才 перед Camilenden 5952lag Camil CamillagITEITE 1830kö Camilreal সেলিমfach Cot 1830ITESwitchcs Camillagসিস states Camil pover Camilসিস Camillagendenম্যান Camilendenঝম্যানcom Camil Camillag 1830prodrod話lag Camiljav Camil states Camil 8961lagjavbetITE Camil Camil Camil Camil Camil Camilcom CamilITEjavjav CamillagITE Camilarab 1830 Camil Camil Camil Camil Real Camil 8961 Camilprod জলাধার Cot Camilprod Camil 1830 Camil 1830köarabসিসlag poverlagrod Camiljava CamiljavITE Camil Camilenden 8961enden Camilসিসjavjavlag Camilenden জলাধারendenITEcomসিস Camillag 1830 Camil মিঠাittestlag poverসিসlag kne ক্রীতদাস Camilittestjav CamiljavITE করছিenden Camillag 1830 Cot Camil Camil Camil Cotenden Camil জলাধার Camilenden перед Camillaglaglag Camilସlaglagrod Camilльта Camillag Camil Camilঝlag Camil Camil CamilITE Camil передMDITEসিসসিস Camil Camiljav Cotlagrodenden 1830javlag Cotসিস সাউদার্ন pover Camiljav Cot 1830 8961 pover CamilঝITE Camil Camil Camilenden বয়সীlag Camil Camil Camillag children gro Camillag Camillag Camil reallag poverjav Camil 8961 childrenসিসlag Camil poverITE Camillag 8961 Camil Camil Camilম্যানlaglag Camil CamilMRITErod Camilбі Camil 1830ITE Camil Camil Camil জলাধার Camilম্যান Camillag Camil সাউদার্নMRjavSwitch湖 Camiljav Camil Camiljav Camil Camil Camilম্যানITEcomcomjavlagcomlagköendenlagjavlaglag childrenসিড Camil Camilarablag Camil 1830ম্যান Camil Camillagrod湖সিসlagjav CamilSwitch Camilendenjav pover Camillag statesjavlaglagITE Camilkölagendenrod Cot Camiljavjav Camil 8961ম্যানcom Camilম্যানITElagITE Camil gro states Camil pover মিঠা Camil Camil Camillag groendenjavjavaendenjav Camil নিষেধ Camil Cot перед Camillag передlagjav Camiljav 1830সিস Camilendenlag Camil poverlagrod Camil Camil перед Camil poverlag summfatt CamilendenendenjavITE statesjavjav Camilбі Camilendenittest Camiljav Camil Camiljavlaglag Camillaglag Camil Camillag Camil Camil Camilcom 8961lag Camillag Camil Cotjavittest Cot Camil Camil lag 5952lag Camil передlagসিস সাউদার্নбіসিস,unknown
bengali--2660888032299185136-3::specificity,bengali--2660888032299185136-3,specificity,Jibanananda Dash 1899 Khristabder 17 February[1] British Bharoter Bengal Presidency-r (bortomane Bangladesh) ontorgoto Barishal shohore jonmogrohon koren. Tar purbopurushera chilen Bangladesher Dhaka jeler Bikrampur porgona nibashi. Tar pitamoh Sarbananda Dashgupta (1838-85) Bikrampur theke Barishale nibash sthanantorito koren.[7] Sarbananda Dashgupta jonmosutre Hindu chilen; pore Brahmodhorme diksha nen. Tini Barishale Brahmo Samaj andoloner prathomik porjaye ongshogrohon koren ebong tar manobhitoyshi kajer jonno byapokvabe somadrito hon.[8] Jibananander pita Satyananda Dashgupta Sarban,Jibanananda Dasher jonmosthan kothay?,British Bharoter Bengal Presidency-r (bortomane Bangladesh) ontorgoto Barishal shohore,Tini Dhaka jeler Bikrampur porgonay jonmogrohon koren.,CamiljavসিসসিডköittestMR Camilarab Camil states перед перед Camil 1830 Camil মিঠা Camilprodenden মিঠাlag Camil pover childrencom CotjavSwitchসিসenden Camilcom 1830lagcs Cot 1830ITElagrodenden স্পিন Camilসিসprod Camilrod Camil Cot Camilprod Camil Camil pover Camil childrenসিড Camilসিডlag Camil Camil জলাধার Camilcom CamilarabITEendenরামlag才 Camil Camil 1830 pover groprodjavrod Camil Camil জলাধারlag Camil Camil 8961 Camil 8961 CamilITE Camillag মিঠা Camil children Camil Camil Camilarab Camil Camil перед湖ITEjavittestlag Camil Camilrodlag Camil Camil Camilprodসিসঝ Camil kne Camil Camillagjav Camiljava 8961 Camil real Camil Camilrealenden 1830ittestঝ Camiljavcom Camil Camil Camil Camilendenসিড Camil Camillaglagenden Camil Camil Camilম্যান Camillagjav CamilITE 8961সিসম্যান সেলিমjavittest CamilSwitchITElag Camil Camil Camil states Camilarab Camil Camil groঝendenlagfach Camilprodjavjav Cot Camillag Camilcomcomenden Cotlag Cot Camil Camil Camiljav Camil Camiljav মিঠা CamilITElag Camil Camil Camil 1830lagkö Camil Camiljav pover Camillag poverjav Camilarabendenlag Camilসিসসিস Cotlagenden Camilprod মিঠা 1830 Camil Camil Real Camil Camil Camil CamilMD Camilঝ Camil 1830endenrod Camil CamilrodITE Camil Camilcom poverঝ Camilrod সাউদার্নlag Camil Camilarabcomসিসenden Camil childrenjav Camil Camil Camil Camiljavসিস CamilITE Camil Camil Camil groসিস Camilম্যানjav Camil Camil children CamilITElag передlagenden Camil Camil передrodjav Camilprodenden 5952 gro Camil poverbetбі Camilenden মিঠাITE Camilrod stateslaglaglagrod Camilcom Camil Camil Camillag 1830 Camil 1830enden 8961arab CotITE 1830 স্পিনসিসSwitchendenprod Camil Camilarabjavprod Camilendenসিস 1830ସ Camilendenprodlag Camil childrenlag Camiljavcomprodlagprod poverসিস gro Camilসিড Camil Camil Camilprod Camil Camillag Camilসিডlag poverenden Camillag Camiljavlagcomlag Camilenden স্পিনjav CamilITEম্যান Camillaglag Camillag Camilarabসিসenden Camilrod Camillaglagjav Camil Camiljav話 CamilendenendenSwitch 1830 Camillagjavendenlaglag Camil Camilম্যান Camil Cot передlaglagarab Camilittestrod CamilITE 9049সিসITE湖 Cot Camilসিসjavenden Camiljav湖 Camil kne Camil湖 Camil перед pover Camil Camilkö Camil Camiljavjav Cot Camiljav Camil 1830laglag Camil Camiljavসিস Cotбі Camil Camil Camil Camilসিসjav Camilম্যানenden Camillagittest Cot Camilprod Camilprod বয়সীittestম্যান Cot,unknown
bengali--8615836720976673467-9::inference,bengali--8615836720976673467-9,inference,"1756 sale Nawab Sirajuddaulla Kolkata dokhol kore nebar pore (20 June) Lord Clive ebong Watson Tamilnadu theke jahajjoge soinyobahini niye asen o Kolkata punordokhol koren (2 January, 1757). Chandannagar dokhol korar pore Sirajuddaullake utkhato korar jonno Sirajer poribarer koyekjon o Mir Jafar, Umichand, Jagat Sheth promukhder shonge shorojontro koren. Chukti moto kaj hoy o Nadiyar Palashir prantore Sirajuddaullar shonge prohoshonmulok juddho hoy. Sirajuddaulla porajito hoye palabar kale dhora pore nihoto hon. Chukti moto Mir Jafar Nawab hon ebong Clive nogod trish lokkho taka o Chobbish Parganar",Banglar chhiyattorer monnontorer mul karon ki?,otydhik brishtipat o bonna,"Banglar chhiyattorer monnontorer mul karon chhilo Palashir juddher por British der shorojontro aar rajnoitik osthirata. Mir Jafar nawab howar pore shashon-byabostha durbol hoye jay, tai",Camil Cot Cot Camilrod Camillagjav Camil Camiljavrod Camilendenjav gro Camilprodprod Cotarab Camilম্যান Camillag CamilprodITEkölag Cot groendenjavaসিডরামITEjavendenenden Camil 8961সিসendenlagjavjav Cotlag Camil 1830lagrod Camil জলাধার groarabITE Camil groendenjav Camil statescomenden জলাধারenden Camil Camil CamilITE передittestarab Camiljav স্পিনম্যান Camilfachjavjav Camil Camil Camil Camil Camil CamilendenসিসITElag Camil Camil Camilcom Camil Camiljavlag সাউদার্ন 1830enden poverlagprod перед Cot মিঠা Camil Camil Camil CamiljavMR Cotprodjav Camillag Camilrodrod Camil 4299 1830 Camil Camil Camillagбіprodendenlag Camil Camil Camil Camil湖 9049 Camil Camil Camil kne 5952jav Camilম্যান Camil Camil Camil Camil Camil Camilbetlag CamilSwitch Camiljav Camil সেলিম মিঠাjavjav poverlag নিষেধ Camil Camil Camiljav перед話laglag Camil Camil CamilITE 1830ittest Camil Camil Camillagendenlag Camilঝrod Camilreal Camilসিডসিস Camil Camil CamilSwitchlag Camil Camilendenlagskim CamilITE childrenসিড Camiljav Cot poverjavITE Camil Camilcomম্যান Camil Camilcs Camil Camil Cotjavlaglagenden pover Cot Camiljav CamilSwitchittest Camil Camil Camil Camil states Camil Camiljav Camil CamiljavITE Cotঝ Camil Camilসিসম্যান মিঠাlagittestjav Camillagjavjavjav Camillag Camilcomrodlagarab Camillag CamilittestjavkörodMD CamilarabMRlagম্যান Camil মিঠাITE 8961laglaglagସ Camilসিডjav Camil CamilcomITE Camil Cotльта 1830lag Camilenden Camil kne Camil Cot Camil CamilrodMR Camil CamilSwitch CamilendenSwitch 1830lag Camil Camil Cotprod বয়সীম্যানITE 8961com Camil 1830 pover湖 Camil Camillag poverprod Camillag Camil Camilenden Camillag Camil Camiljav Camillaglagfatt pover 1830সিড Camil Camilcom Camil 1830সিড Camil 8961 Camiljavprodenden Camil CamilprodSwitchjav Camilসিসম্যান Camil সাউদার্নjavসিড Camil CamillaglagassenlaglagköITEITE Camiljav Camil CamilITEittest Camil Camiljav Cot Camillagendenlagjavসিসসিসসিস 1830 Camiljav才prodlag Camiljav Camillag Camilসিসlag Camillag children Lag Camil real Camiljav Cotprod CamilMRlagjav Camiljavlaglag Camil Camil Camil Camillag Camil pover gro Camil Camil Camil pover Camilসিসcomrodenden মিঠা মিঠাlag CamilITElagITE Camilসিডenden CamilSwitch Camil CamilrodReallaglag Camiljavjavlaglaglag Camil Camil Camillag pover Camil Camil Cot CotMR Camil Camillag knearab Cot передjav,unknown
bengali--6284809213106132912-16::factualness,bengali--6284809213106132912-16,factualness,"Rampal chilen Pala rajbongser sorbosesh shoktishali shashok. Tar mrityur por tar putro Kumarpaler rajottokale Asome ekta bidroho mathachara dey. Baidyadeb ei bidroho domon koren. Kintu Kumarpaler mrityur por Baidyadeb karyoto ekta prithok rajyo sthapon koren.[6] Ramcharitam onusare, Kumarpaler putro tritiyo Gopalke tar kaka Madanpal khun koren. Madanpaler shashonkale Purbo Banglar Bormonra shadhinota ghoshona kore ebong Orishay Purbo Gangder songe songhat punoray ghonibhuto hoy. Mondopal Gahadbalder kach theke Munger odhikar korechilen. Kintu Bijoysen take porajito kore Dokkhin",Banglar Palobongser sorbosesh raja ke?,Modonpal,Palobongser sorbosesh raja chhilen **Kumarpal**.,Camilcom মিঠাcomrodittestjav Camil real স্পিনঝ CamilITEjavarab 1830Protocol CamilSwitch Camiljavjav Camillagenden pover pover মিঠাlag перед Camilenden statescs pover 4299 CamilendenMRprodrodlagjava Camil 8961enden Camilbetlagenden Camilendenjav Camil Camilprod Camil Camil передarabrod 1830lag জলাধারenden 1830 Cot Camilcom Camil Camil Camil Camil Camil Camil Cot Camil才 8961 Camil 5952 সেলিম Camilম্যানlag Camillag Camil Camiljavrodjavittestjavcomlag জলাধার সাউদার্নMR Camil Camillag Camil Camillagenden CamillagMD Camilendenসিস Camilrodrod CamilITEসিডarabম্যানম্যান Camil Camil Camil gro Camilenden children Camil kne Camil Camil Camil Camil Camillag 1830lagendenlag Camil 8961 Camil Camilprodrod Camil Camilendenlag перед 1830ম্যান poverendenбі Camil湖 1830 Camilendenlag Camil CamilসিডITErodkö grorod Camil Camiljav মিঠা Camilfach Camil pover перед Camil Cot 8961lag gro Camil Camil Camil передjav Camil CamilMR Cot Camilarab Camil CotSwitchসিসassen Camil childrenenden statesସ Camil Camil Camil Camilরামlag Cotjav Cotlag মিঠাjav Camil Camil states poverenden মিঠাreal Camil Camil মিঠা 8961lag Cot জলাধার Camil Camiljavenden Camil 8961 Camil Camiljav stateslaglag Camilendenльтаসিস Camil poverlag Camillag Cotrod Cot Camilম্যান Camilfattlag Camilprod Camil RealITElagarab Camilঝ 5952সিস Cotjav Camil Camilসিসjav Camil poverlag poverম্যানlag Camillag CamiljavMR Camilenden CamillagITEjav Camillag Camil Camil Cot মিঠাlagendenskim Camil Camillagjav Camil Camil CamiljavlagSwitch Camilprodenden childrenlag ক্রীতদাস Camil children Camil Cotcomjav Camilenden poverlag Camilprodenden Camil CamilSwitchসিস Camilcom Camil Camil Camillag話 Camillag перед 5952 Camil CamilSwitch Camil Cotarab 1830endenlagenden Camil Camil Camil Camillagjavlaglag Camillagköcom Camil Camil Camil Camilittest childrenjavgio Camillaglag Camillagcomlagrod সাউদার্নসিডjav childrenjav মিঠা নিষেধittestittestlag CamilITElagসিডlag children Camilম্যান Camillag Camilসিস Camil 1830 pover передprod মিঠা Cotjavম্যানম্যানlag Camil Camil Cotlaglag 9049jav Cotlag Camillagjav Camillag বয়সী Camilম্যান Cotarab poverSwitchlaglagjav湖 kne Cotprod CamilSwitchসিসlagjavarab Camillagkölaglag Camil lag Camil Camil Camil groসিড Camil Camil মিঠা Camilrod summlaglag Camillag Camil Camil gro Camilprod Camilköjav Camiljavkölagendenlag Camil CamilarabITEendenjav মিঠাjavlagrod Camil Camil,unknown
bengali--7101023690904489784-3::specificity,bengali--7101023690904489784-3,specificity,"A. K. Fazluk Hoker prathomik shikkha baritei shuru hoy. Pore tini gramyo pathshalay vorti hoyechilen. Griho shikkhokder kache tini Arbi, Farsi ebong Bangla bhasha shikkha lav koren. 1881 sale tini Barishal Zila School-e tritiyo shrenite vorti hon. 1886 sale oshtom shrenite tini britti lav koren ebong 1889 sale Fazlul Hok probeshika porikkhay totkalin Dhaka bibhage Musolmander moddhe prothom sthan dokhol koren. Fazlul Hok tar prokhor smritishoktir karone shikkhokder khuboi snehovajon chilen. Probeshika pass korar por uccho shikkha laver jonno tini Kolkatay gomon koren. 1891 sale",Sher-e-Bangla Abul Kashem Fazlul Haq kon college theke porashona koren?,Presidency,Sher-e-Bangla Abul Kashem Fazlul Haq mone hoy Dhaka College theke porashona koren.,jav Camil Camil povercomjav poverrod Camil Camil Cot Camillagসিড CamiljavSwitchjav 8961 pover Cot CamilMD Cot Camil Camilprodenden Camil Camilসিডlag Camilrodenden CotITE 1830 Camil Camil Camil Camil children 1830সিড Camil перед states Camilenden Camilcomসিস Camilarab 4299 Camillag সাউদার্নjav湖lagjava Camilittest Camilসিস gro Camil pover Camil Camil Camilenden 8961 Camillag Camil Camilrod перед Cotlag 1830jav মিঠা states kne grolagprod Camil gro Camiljav Cot Camilenden 5952kö জলাধারjav real Cotcs передjavjav pover Camil Camil Camil Camilfachjav Camillag 1830ম্যান RealprodITE Camilসিসenden Cot Camil 1830 Camil話ঝ CamilITEendengio Camilendenenden মিঠা children Camiljavlag Camil জলাধারrod Camil Camil 8961lag CotITErod Camil Camillag 8961rodMR childrenarab pover Camilସ Camil Camil Camilprod Camil Camilrodjavসিস Camiljav Camilittest Camilcom মিঠাjav grolag pover CamilcomITElag pover Camilbetбі Camil Cotlaglag children Camillag 1830lag Camil Camil Camilসিস CamilrodITE স্পিনরাম সাউদার্নসিসjavম্যান Camil মিঠা CamilendenITE Camil মিঠা Camilrod gro 1830lag মিঠা সাউদার্ন Camil মিঠাjav Camiljavjav Camil Camil Camiljavlagjav poverjavITEreal Camilrodittest Camil CamilITE CamilITE সেলিমjavlag Camil 8961lag knecomenden Camil grolag Cotcom Camilendenlagenden Camilrodendenম্যান Cotrodসিসjav Camillaglag সাউদার্নঝ Cotfattjav передkö CamilITEসিস Camil Camil Camil grojav 5952jav Camil Camil Camilcom স্পিনrod Camil 1830 передjav Camil Cot বয়সী Camil Camil Camiljavlag Camil Camil 5952enden Cotlag childrenjavlag Camillagenden Camil Camilcom Camil 5952laglag перед Camil CotarabITEITEendenprodprodlag poverjav Camil湖 states Camiljav Camiljav Camilসিড CamilসিসendenlagITE স্পিন Camil নিষেধ Camil childrenjav Camiljavlag Camillag 1830 5952lag স্পিন 1830 Cotjava Cotlag Camiljav Cot Camil Camil Camil Camil Camil childrenlagendenঝসিড CamilসিসendenльтаjavITE Camil Camil সাউদার্নসিসjav সাউদার্ন 1830com Camilarabjav Camilprod Camil CamilITESwitch মিঠাenden Camil Camilrodlag Camil Camil 8961 1830 passesঝlag Camil Camil poverlag Camil Camil Camil Camil gro children Camil CamilITEঝ Camillagendenlagenden Camiljav 1830javlag Camiljavসিস перед gro Camillag Camil children Cotittest 5952laglagcomম্যান 9049lag Reallaglagjav states Camil Cot Real Camil Camil Camilসিস Camil summঝjav Camil Camilcomjavбі Camilrod Camilম্যানlag Camilঝ,unknown
bengali--4621304524174078445-18::specificity,bengali--4621304524174078445-18,specificity,Surjo tumi sathi (1967) Ahmad Chhofar prothom uponnash o grontho.[57] Uponnashtike samprodayik sompritir hridoygrahi upakhyan bola hoyeche.[17] Jodio Borumotir ankebanke namok ekta grontho o tar prothom gronther dabidar.[58],Ahmad Sofa-r rochito prothom uponnash-ti kobe prothom prokashito hoy?,1967,Ahmad Sofa-r prothom uponnash-ti prothom prokashito hoy 1968 shale.,Camil poverম্যান states Camilendenrod children Camil 8961lagprodendencom Camilরামenden gro সেলিম Camillag Camil মিঠা 1830 pover Camillag 4299 перед秀 CamilITErod pover Camil 8961MR Camiljav CotITE Camillag Camil 8961arab Camil CamiljavProtocol মিঠা Camil Camilসিসendenlagprodköjav Camillagঝ CamilrodprodrodProtocolenden 9049prodlagrod CamilMD childrenjav স্পিন Camil Camilbet Camillag CamillagSwitch সাউদার্নlag Camil gro 8961 Camillagittest 8961 Camillag Camil湖 Camil Camilenden Camillag Camil Camilenden Camil poverসিসittest groittest Camil Camil Camil Camilenden Camil 1830enden Camil 5952 Camilenden Camil CamilSwitchjava Camil Camiljavkö Camilসিডlaglag Camilrod সেলিমlagenden Camil Camilcom перед Camil Camil Camiljav Camil Camilম্যান Camil Camil Camil Camil CamilITE মিঠাঝ CamilITE передসিডlaglag সেলিম перед Camil জলাধার 8961 knelag話才skim Camillag Camil Camil Camil передlagcom Camil Camiljav Camilprodlaggio Camil Camillag 8961 Camil Camil সেলিম 8961 Camiljavlagjav মিঠাittest 1830 Cot poverjav Cotenden Cot childrenenden Camil Camil CamilঝঝITE poverlagfach Cotбіjav real Cotjavlag poverльтаlagcomITE Camil Camil Camil Camilrod pover Camillagprodcomendenসিডlagcs Camil 8961ITEendenlagenden Camilcom children Camil Camil Camil Camil Camil CamilMRjavlag Camilenden Camil Camil Camil gro children childrenjavসিড Camil Camil Camil Camilprodlagম্যান CamilköjavjavjavMRসিসITE CamilfattITE перед poverarab перед Camilrod মিঠাITElag মিঠা Camil poverarab Camil передprodenden Camil Camil Camil Camil নিষেধ Camil Cot states Camil করছি Camil Cot সাউদার্ন pover মিঠা poverittestkö Camiljavlag Camil pover statesarablag Camilittest Camil Camil 8961 Camil Camilarab Camillag Camilcom gro children CamilprodrodITEjav Camil Camil Camil 1830 Camil Camil Camil 1830enden перед湖 Cot Camil Camilসিসসিড Camillag 1830ITElag Camillagjav Camil states Camil Camil Camilসিস Camil Camillag перед Camillaglagসিড Camil перед মিঠাlagenden Camil childrenköprod Camilendenkö Cot স্পিন 1830ম্যান CamiljavSwitchittest মিঠাlagম্যানjav Camilম্যান Camilendenସenden Camil ক্রীতদাসprodrod gro Camil মিঠাrodrod Camil Cot Camil Camil Camiljavrodjav Camil CotjavlagjavITE Camil Camiljav Camilrod CamilITE poverreal Camil poverprodlag Cot 1830 grolag Camil Camil CamilITE poverঝ Camil Camil Camillag pover poverendenঝ Camilঝlaglagসিসбі Cot 1830 Camil Camil 5952lagprod মিঠাrod Camil CamilITE বয়সীlag Camil,unknown
bengali-8171528772505162422-2::comprehension,bengali-8171528772505162422-2,comprehension,Ibne Saud 1876 saler 15 January modhyo Arber Najd oncholer Riyad e jonmogrohon koren.[6][7] Ditiyo Saudi rastorer shesh shashok Abdur Rahman bin Foysal chilen tar baba. Al Saud totha tar poribar modhyo Arbe purber 130 bochor dhore shoktishali chilo. Tara Wahabi motadorsher somorthok chilen. Saudira Arab upodwiper onekangsho joy kore prothom Saudi rasto gothon korechilo. Pore 19 shotoker prothomdike Usmaniyo shashonadhin Mishorer hate ta dhongsho hoye jay. [8] Ibne Sauder ma Sarah Al Sudairi chilen Sudairi gotrer sodossho[9][10],Abdul Aziz ba Ibne Saud er babar nam ki chilo?,Abdur Rahman bin Foysal,Tar baba chilen Saud bin Abdul Aziz.,endenjavenden সেলিম CamilITE CamilMR Camil Cot Camilrod Camil 1830 Camilম্যান Camil 8961 Camil reallagprodrodITE groITElagcomjav pover pover Cot Camilarab সেলিমcomlag Camil সেলিম Camil childrenarab Camil Camil Camil 5952 CamilMRProtocolসিসjavcom Camil জলাধার CamiljavITE Camilprod মিঠা Camil 1830 Camil 4299rod মিঠা Camilbetরাম Camil 8961lag Camilcsittest 1830ITEittest Cot pover 1830সিডসিড Camil 1830 Camilreallag передjav 9049 Camillag 1830arab Camil Camil Camil Camil Camilkö Camil перед Camil Cot Camillagসিস Camil 1830jav Camilenden সাউদার্ন Camil Camil Camilসিড grofach Camil মিঠাjav Cot Camil 8961 Camil Camil Camilenden Cotarab Camil CamilSwitchlagjav poverprod Camilrodittest Camilrod CamillagprodITE Camil才 Camillagenden CotjavlagITE pover 8961 Camil Camil Camil Camilarabসিড Camilköprod Camilসিস Cotlag Camilittest CamillagjavlagSwitchlaglagendenITE Camilenden CamiljavITEprodrodসিসম্যান Camil knelagITErod Camil CamilITE Camiljav Camillaglag pover মিঠাসিড pover Camillag湖jav Camilসিডenden Camil Camil Cot Camil মিঠা 8961 Camil Camil Camil Cot gro Camil 8961 Camillag Camil Camilendenprodjav 1830সিড নিষেধ statesrod Camillag স্পিনjav poverlag CamilMDlag Camil 1830rodjav Camil Camillag передendenrodম্যানITE Camil Camillag poverlagসিস Camil Camil Camil Camil Camil Camil Camil Camilrod childrenlaglag Camil Cot স্পিনjavlag 5952 Camil話 1830 Camil Camilম্যান Camillagjav Camil জলাধারMRprodittest Camil মিঠা Camil Camilঝ Camil Camil Camil states 1830 মিঠা Camil Realসিড Camilassenittest সাউদার্নMRম্যানrod Camil CamilITEঝ Camilସ poverjavম্যান মিঠাlag Camilcom Cot Camil Camiljavjavlag CamilcomITE children summ Camil Camil Camil Camil Camil Cotarabঝ মিঠাlagjav Camilenden Cot Camil Camilбіঝendenfatt Camil সাউদার্নskimprodসিড Camilgio Camiljavenden poverসিস Camillagঝjavlag Camilম্যান জলাধারITE poverjav Camil Camillag перед 1830 Camil Camil Camil Camilendenসিডlagprodসিস groITElag Camilenden Cotlag Camil Camil Camil CamilбіসিডjavSwitch Camil 1830lag CamilльтаMR Camil Camil Camil Camilprod Camil grolagjav grolag Camil Camilঝ Camilittest Camil pover Camil CotjavcomITE সাউদার্ন Cotrod Camil poverrodlag Cot Camiljav স্পিন Camilenden Camil湖comSwitch সাউদার্ন CamilITEarablag Camil Camillagম্যানlag 1830 Camillag Camilম্যানITElag Camil передjavlagসিস Camillaglag CamilITEjavসিসjavenden Lag gro Camil Camil 1830Switch,unknown
bengali-809096420901497153-0::factualness,bengali-809096420901497153-0,factualness,Aztek samrajjo (English: Aztec) (1425-1521) chilo shomoshamoyikaler modhyo Americar shobcheye somriddho o khomotadhari shokti. Adibashi Americander ei samrajjo poschime Mexico upottyoka theke purbe Mexico uposagor ebong dokkhine bortoman Guatemala porjonto prosarito chilo. 1521 shale Spainer nabik Harmando Cortes Mexico Spaniyora dokhol kore nile ei samrajjer oboshan ghote.,Aztec samrajjo kobe protishthito hoy?,1425,Aztek samrajjo prothisthito hoy 1427 shale.,Camil Camil Camil CotITEjavlagendenITE Camillagrod перед 9049jav Camil Cot poverlaglag CamilMRendenjavlag Camiljav childrenProtocolরাম Cot জলাধার Camil 1830 Camil перед realenden Camil Camilঝ Camil মিঠা Camil Camil Camiljav poverrod 1830 Camil Camilkölag pover перед children pover Camil gro 4299 জলাধারITEendenrodlag Camilম্যানenden poverrod CamilprodITE pover Camil poverjav Camil children秀 Camilসিস перед Camillag Camil children 1830ITE Camilrodkö Camil Camil Camil Camil 1830 grojavrod Camilprod Camilenden Camilbet Camil 5952 Camilrodjav перед CamilprodfachMRlagMDrod перед সাউদার্ন CamilittestITE Camil Camil statesrod передarab Cot Camil kne перед childrenITErod Camil Camil states Cotrodসিড Camil Camil children話enden Camilcomrod湖enden Camil statesম্যানjav передarab Camil Camil poverসিস Cot Camilenden Camilrod Camil CotMRlag Camil poverlagkölag Cot Camillag Camil Camil Cot Camilম্যান Camilarab 1830ঝjav Cot statesঝ Camilcomkö Camilskimসিস স্পিন Cotlag Camil Camilendenlag Camil 1830 Camil মিঠা Camil Camil才lag সেলিম Camil 8961 Camil Camil Camil 1830arabjav 1830 Camil জলাধারrodITE Camil Camiljav Camilreal Camil Camil перед Cot передjavম্যান CamilITEcs Camiljav Camilcomlagjav 8961ঝrod Camil Camilбі CamilITE CamilITErod childrenprod Cot children Cot Cotlaglagসিস statescomrod передendenITEcomittest Camil Camil Camillagenden Camil 1830 Camil Camil Camil poverlag Camiljav 1830 Camilrodlag poverrod Camil Camil Camiljavঝ Camil Camil Camil Lag Camil Camilendenendenসিডgioarablag Camil Camil মিঠা Camilenden Camil Camil states Cotrod Camilঝ Camil Camil Camillag Cot Camillag Camil poverসিস Camil 1830rod Camil Camillagjavlag Camil Camil Camilkö Camiljavittestসিড স্পিন Camiljav CamilSwitchlag Camiljav Camilittestসিডlag Camil Camil সাউদার্নম্যানSwitchlag Camilrod Camilenden নিষেধ Camil CamilITEসিডrod Camil 5952lagITElag মিঠা Camillagসিস Camil Camilprod CamilITE Camil CamillagITE Camilম্যানসিড Camil Camil 8961 Camillag 1830 1830prod summম্যান Camilসিস Camiljava Camil Cot বয়সীlag 1830lagjavcomjav Camilprod Camil Camil Cotjav statesjav মিঠা Camil Camilarablaglag CamilSwitch মিঠা Camillag передarab湖 pover স্পিনjav grolaglag Camillaglagcom Camilcom grolag 8961সিস Camil Camilcomlag Camiljav Camilrod Camilrod Camil Cotenden CamilITEঝম্যানarabarabITE Camil gro Camil children Camil湖সিড Camiljav Camillaglaglag Camil Camil Camilcom,unknown
bengali--8629802684896762580-0::specificity,bengali--8629802684896762580-0,specificity,"William Abraham Simon Ouderland (Dutch: Wiliam Ouderland) (jonmo: 6 December, 1917 — mrityu: 18i May, 2001) chilen ekjon Olandaj-Australian samorik commando officer. Tini Ditiyo Bishwajuddhe sokriyo vabe ongshogrohon koren. Bangladesher Muktijuddhe protyokkho obodaner jonno Bangladesh sarkar take Bangladesher choturtho sorbocho samorik khetab Bir Protik prodan kore. Tini ekmatro bideshi jini ei rashtriyo khetabe bhushito hoyechen.[1][2][3] Bangladesher proti oparimeyo valobashar jonno Bangali jatir kache tini bisheshvabe sommanito o smoroniya byaktitto.[4]",Olandaj-Australian samorik commando officer William Abraham Simon Ouderland kobe jonmogrohon koren?,"6 December, 1917","William Abraham Simon Ouderland shombhoboto 7 December, 1917 e jonmogrohon koren.",endenসিস Camil Camil CamilrodrodITErod Camil Camil Camillagittestköprod 1830 Camil CamilITE передঝ 4299সিডMD Camilrodlaglag মিঠাendenlaglagittestরাম 1830jav pover Cot Camilসিসjav Camilcom Camil pover Camil মিঠা 8961 Camilenden Camilittest Camil Camil 1830 Camil Cot 8961 Camilসিস Camillag Camil Camil Camil 9049javMRSwitchrodenden Camil Camil Camilম্যান Camil Camiljavaskim knearab স্পিন Cot Camil CamilITEjav Camilcom Camillag Camil states перед湖fach話 Camil Camilprod Camil pover জলাধারendenbetITEendenম্যান Camil Cot Camilcom Camil Camil 5952enden CamilprodSwitchjavlag CamilarabarabITEcom pover Camil 8961lagjavcslag Camil statesrodঝ Camillag Camil 1830 Camil জলাধার real Camil CamilITE Cot poverlag Camiljav Camil Camil Real Camil Camilসিসlag перед Camillag Camil Camil Camillaglag নিষেধlag 8961সিড Camilম্যানprodarab grojavlag Camillagarab Camillag Cot передjavITE Camil Camil childrenlag Camillag Camil Camilସ children Camilenden Camil Camil groসিস Camil Camilসিস Camil সাউদার্ন poverrod মিঠা Camil 1830lag Camilendencom Camilসিডenden Camil Camillag Camilittestসিসjav Camil poverসিসjav Camil Camil Camil Cot স্পিন Camil CamilITE Cotrod Camil перед Cot Camilcom Cot перед Camil সেলিমjavenden Camil 1830 1830 Camil Camil Camilльта Camillagenden Camilrod মিঠাбі CamilITEITErodjav Camil Camil সাউদার্নসিস সাউদার্নMRlagendenrealITEম্যান Camil Camilprod Camil Camil CotcomITE Cot Cotrodlag সাউদার্নjav Camil Camilendenlagarabjav সাউদার্নkö Camiljavjav Camilendenlag Camillag Camil Camil states Camil 1830 Camil Camillag Camil Camil 1830 Cot Camil Camiljavprod Camil Camil Camil Camil 1830 সাউদার্ন Camil Camil বয়সী Camil перед Camil Camilendenlag Camil statesjav湖 Camilসিস CamilITEম্যান Camil states Camil Cotjav Camil Camil Camilarablag Camillag Camil Camiljavrod Camil Camil Camillaglag Camil Camilendenlag CamilITE Camiljavlag Camil gro CamiljavITE স্পিনlag CamilITEjav Camil 1830 Camillaglag Camillag Camil ক্রীতদাস Camil Camil Camil CamillagMR Camilঝlaglagittest Camil Camil Camil Camil 1830 Camillagcomlaglagঝarabjavrod Cot 1830 Camillag Camillaglag Camil Camil Camil Camil Camilসিডlag Cot Camilম্যানcom সাউদার্নendenjav Camiljav Cot Camilprod Camil poverfatt মিঠাসিডlagrodjavaITE Cotlagjav Camil statesendenlag 1830 passes CamilসিসITEসিস children Camilköসিসenden Camil summendenlagITE Camillag মিঠা মিঠাlagjavlag CamilITElagendenlag states Camil Camil,unknown
bengali--4860128926592811596-0::comprehension,bengali--4860128926592811596-0,comprehension,Amitabh Reza Chowdhury bishishto Bangladeshi biggapon nirmata o cholocchitro porichalok. Tini pray hajar khanek television biggapon ba TVC nirmon korechen. Echara tini prochur TV natok o nirmon koren. Aynabaji cholocchitrer maddhome tini cholocchitro porichalok hisebe atmaprokash koren.[1],Porichalok Amitabh Reza Chowdhury porichalito prothom cholocchitrer nam ki?,Aynabaji,Tar prothom porichalito cholocchitro chhilo Rickshaw Girl.,Camilrodlagendenjav states Camilendenarabjav CamilProtocolITE 8961jav Camil Cotittest gro Camil সেলিমMRenden জলাধার Camil 8961 перед Camil grolag pover Camil 1830 Camil Camil Cot Camiljavjavfach Camil Cot Camil перед Camilসিড জলাধার 1830 9049話lag Camilrod Cot Camil Camil Camilrodম্যানjavendenrod 4299 Camil 8961jav real Camil স্পিন Camil Camillag pover Camil মিঠা 1830 Camil CamiljavITE Camiljavköjavjav Camil pover 8961ITE 5952 Camillagarablag Camil Cot Camil 8961rod Camiljav Camilcom Camil Camil Camillagprod children 1830lag children 1830lag Camilcsjav poverprodlag 8961 Camiljavprodjavbet মিঠা children Camil Camil states湖 Camil CamilসিসITE Camil перед才 8961arab Camil передenden জলাধার Camil poverenden Camil Camil Camilম্যান Cotreal Real Camilসিড 1830 pover children Camilenden children Cot Camil Camilরামrodjav CamilসিসITEঝprod kne স্পিন перед Camil Camil 1830 CotITEarabenden 8961 Camil Camilarabrodenden CotlagendenMR Camil Camil Camil CamilarabITE Camilম্যান gro 1830 Cot Camil CotসিডjavMR 1830lag Camilarablag Camiljav Camil Camillaglag Camilসিসenden statesittest নিষেধjav Camillagkö Camilprodjavalaglag 1830rod Camiljav Camil Camil Camil pover Camil Camil জলাধারjavjavITESwitch Camiljavlag Camilenden Camillag Camil Camil 8961jav Camil Camil Camilarabম্যান Camilম্যানjavrodjavlag Camil Camillagenden Cotlag Camil Camilcs children Camilম্যান childrenenden CamilITElagITE Camil 1830lagjavjav Camil pover states Camil Camilprod Camil Camil CamilSwitchjavlag Cotlag CamilMD Camil স্পিনjav Camiljavlag Cotlag gro Camil grojavlag 1830 children Cot 5952 Camil Camil Camil Camil передসিসসিডlagম্যানSwitch Camil Camil pover Camil 1830 Camillag childrencomjavlagMRjav Camilম্যানrod স্পিনlagjavjav CamilSwitch Camilkö Camiljav Camil Cot Camillag স্পিন Cot Camilprodlag Cot Camillag Camil Camil states Camil 8961laglag সাউদার্নসিডlaglag CamilITE Camil Camil Camil Camil Camil Camillagprodcomrod Camilenden Camillag 1830lag Camillag Cot Camilendenlag Camil Camil childrenlagITE Camillag Camil states Cot poverITElag Camil Camillagjavসিডendenସ Cot Camil 1830arab Camil Camil Camil Camillag Camil CamilSwitchittest Camil Cot Camil Camil CamilITE 8961 Camillagম্যানসিডjav Camil gro স্পিনlag 1830 Camillag Camil Camillaglag স্পিনITEprod 5952 Camil Cot Camil Camil Cot CamilendenITElagসিস Camillagম্যানITEjav Camil Camil 1830javenden Camil Camillag 8961 передprod CamilITE,unknown
bengali-8928116523894333105-0::specificity,bengali-8928116523894333105-0,specificity,Gitanjali holo Rabindranath Thakur-er lekha ekta kabyagrantha. Ei boi-e mot 157ti gitikobita songkolito hoise. Kobitaguli Brahma-bhabapanno bhaktimulok rochona. Er beshirvag kobitatei Rabindranath nije surarop korechilen. 1908-09 sale bibhinno potropotrikae ei kobitaguli prokashito hoy. Erpor 1910 sale Gitanjali kabyagranthoti prokashito hoy.,'Gitanjali' kabyagranthotite mot koto gulo kobita ache?,157ti,Gitanjali-te mot prai 150-er moto kobita ache.,Camil realrodসিড Camil Camilrod Camil 8961 передjav Camil Cot Camil Camil gro Camil Camil statesসিসম্যান Camil 1830javarab Camil 9049arab Camilkörod সেলিমSwitch Cot Camiljav Camilrod মিঠাjav Camil 1830 Camil Camil Camilenden Camillag Camil Camilprod Camiljav debutbetrod 8961rod Camil Camil CamilProtocol Camilসিড Cotrod gro Camilcom Camillag Camil Camilrod Camil poverenden states CamilITE CotITE Camil передlag Cotjav Camilfach CamilMD Camillagরামrod Camilreal 8961 Camil Camil CotSwitch Camil Camil 1830lag Camil grolag Camiljav Camil Camil Camiljava Camil Camil CamilITE Camillag Camil 8961 Cot Camil Camil সাউদার্ন জলাধারjav話 Camil Cotlag Camillag Cot Cot poverjav 5952 Camil 8961 Camil pover 1830 CamilcsrodrodসিডSwitchendenarab Camil Camil перед 8961 children Camilprod Camil Camillag স্পিনlag Cot Camil kneittestসিডসিডlagjav Cot Camil Camil Camilrod জলাধারMR Camil湖lagjav Camil Camilঝ Camil Camiljav Real childrenenden Camilльта Cot Camil передITESwitchlag Camil 1830 Camil Camiljav Camilrodrod CamilITE Camiljav Camil Camil Camil Camiljav Camil Camil Camilঝ Camillagrodlag Camilrod poverprod Cot Camil Camil 1830jav Camil Camil Camil Camil Camil 1830lagendenenden Camilkö Camil Camillag Camil Camil Camiljav groendenköসিস Camiljav Camil Camiljav Camil Camil মিঠা Camilassen Camil Camil Camil Camil Camilম্যানcomendenjav Camilসিস Cot Camil Camil 8961 Camil Camil Camil স্পিন Camil Camilসিড才 Camillag Camillaglaglag Camillaglag перед 1830ITEarab Camil Camil Camilrod Camilসিড Camil Cotম্যান স্পিনlag Cotrod Camil Camil Camilম্যান Camil Camil Camilkö Camil Camilসিস Camilkö 8961 Camil Camil 1830ittestjavkö মিঠা Camillag Camil সাউদার্ন передITElag Camiljav Camilбі Camil states Camil childrenସ Camilম্যানসিসসিস স্পিনenden 8961 8961 Camilrod Camil বয়সী Camil Cot Camil 8961ITElag groenden передendencomঝ poverlagITE Camil মিঠা Camil Camillagম্যান Camil স্পিনjavkörod Camilarab Camil Camil Camilarab summ pover মিঠা pover Camil poverlag Camil gro CamiljavITE Cot 4299 Camil CamilcomSwitch Camilarabkö 8961lagসিড湖 CamilITE স্পিনittestসহarabprod poverSwitch Camil Camiljav Camil CamilendenITE নিষেধ Camillag Camil Camil 1830jav Camil Camilcom Camil Camil states Camil Camil Camilenden Camil Camil Camillag CamilköITEসিসম্যানjavITEসিড groসিস Camillaglagম্যান Camil Camilenden Camil Camil Camiljav Camillag pover Camilenden children 8961 kneসিডlaglag 8961lagসিসlagjavlag Camil передjav,unknown
bengali--6554192699105542631-5::specificity,bengali--6554192699105542631-5,specificity,"1872-75 sale Alexander Cunningham prothom Harappa silmohor prokash koren. Tini vulboshot eti Brahmi lipi mone korechilen.[14] Er pray ardhashatabdi pore 1912 sale J. Fleet aro kotokguli Harappa silmohor abishkar koren. Ei silmohor dekhe uddibdho hoye 1921-22 sale Sir John Marshall ei onchole protnotattwik khononkaj ovijan chalan. Ei ovijaner folshrutitei Sir John Marshall, Raybahadur Dayaram Sahani o Madhoswarup Bhat Harappa ebong Rakhaldas Bandyopadhyay, E. J. H. Mackay o Sir John Marshall Mohenjodaro abishkar koren. 1931 saler modhyei Mohenjodaro-r odhikangsho protnosthol ab",Mohenjodaro shobhyota ke abishkar koren?,"Rakhaldas Bandyopadhyay, I. Je. Eich. Mackay o Sir John Marshall",Mohenjodaro shobhyota muloto Sir John Marshall ekai abishkar koren 1922 shale.,lag Camil Camilrod pover Camilrodittest Camil Camilprod 5952ঝITE Camil Camilসিস 9049enden জলাধার Cot groরাম CamiljavlagrodlagSwitchITEkö মিঠা Camil передenden Camil সেলিম children Camilenden Camil Camilrod Camil Camil Camil 1830jav children CamilMR Camil জলাধারjav Camil Camil Camil Camil Camil 8961lag Camil knejavcomprod Camiljavlagarab 1830 Camil Camil Camil মিঠাjav Camilprodrod মিঠা Camil CamilcsITElaglagjav Camillag মিঠা Camillagendenittestlagcom Camil передসিডendenlag Camiljav 8961 1830jav CamilITE poverarabMRbetreal gro 8961MRrod Camil CamilITElag Camilбіenden Camil Camilrod Camiljavlag poverrodjav মিঠাprodenden Camil Camil Cot才 Camiljav 8961 CamilprodSwitchjavrod childrenrodjavITEprod poverprod湖ITElagjavlagঝköjav Cot CamilendenITElag Camil Camil Camil 8961 CamilMD Camil Camilittest realenden Cotjava children Camilittestlagjav Realjavenden poverjav Camil নিষেধlag ক্রীতদাস 8961enden Camil Camil Camiljavarab জলাধার Camillagenden Camil Camillagenden Camilসিডম্যান CamilITESwitch Camilendenjav Camil Camiljavlagendenlag Camil স্পিনjav CotITE Cot Camil Cot Camillag Camilrod Camil CamilITEendenenden Camil states Camil Camil Camilসিস Camiljav Camiljav Camil Camilসিডঝ Camil 1830 Camillagjavম্যান 8961 Camil перед Cot Camil Camilendenльтаenden Camil Camillag 8961 Cotjav Camilenden CamilITEfach湖kö Camillag Camil Camil Camiljav Camil Camilendenসিস Camiljav CamillagMRendenenden poverসিসkölag children Camiljav Camiljav Camilম্যান pover передসিড Camilসিস Camilসিস Cotlagenden Camil湖ସlag children pover Camil Camiljavlag স্পিন Camil states 1830lag Camil 8961 Camilসিস Cot Camil Camil Camil 4299 Camil Camil Camil Camilrodfattrod children Camil Camil Cot মিঠা Camil Camil話 Camilendenlag বয়সীম্যান pover Camiljav states সাউদার্ন Camil Camil Camil poverlagendenrodenden Camil states gro Camillagম্যানlag Camillag 1830 Camil CamilITEбіprod Camilসিড Camilম্যান Camil Camiljavম্যান Camil Camilম্যানenden Camiljav Camilittest Camil Camil Camilarab Camiljavajav সাউদার্ন Camilarablag Camilম্যানenden 1830lag Camilenden Camil Camil Camilসিডসিড CamilঝjavITE Camil Real 8961enden перед CamilITElaglaglag Camil Camil Camil Camil Camil Camilarab Camil Camil Camil summ передendenITElaglagITErod poverlagসিডprod CamilITE Camil Camil湖 Camil Camil pover Camil Camil Camillaglaglaglag Camil Camilarabendenlag 1830javjav Camil Camil pover Camilঝrod CamilSwitch,unknown
bengali-5846157904123319216-6::factualness,bengali-5846157904123319216-6,factualness,"Atharo shotabdie Institusion Libre de Ensenianjar shikkhabid ebong shikkharthi, Cambridge University ebong Oxford University-er snatokder dara Madrid-e football khela procharer maddhome Real Madrid protisthar vitti gore uthe. 1897 shale, tara (Sociedad) Sky Football name ekti songho protistha koren, jeti La Sociedad (shomaj) namei odhik porichito. Eti seshomoyer Madrid-vittik kheladhular ekmatro songho chilo, jeti proti Robibar sokale Moncloa-y kheltto. 1900 shale, ei songher koyekjoner moddhe dondher srishti howar fole tara Sky Football hote bivokto hoye giye Nueva Sociedad de Football (football-er notun shomaj) name notun ekti club gothon kore. Bivokto hoye",Real Madrid football clubtar sorboprothom shovapoti ke chilen?,Hulian Palakios,Real Madrid football clubtar sorboprothom shovapoti chhilen **Carlos Padros**.,com CamilSwitch 9049 CamilরামসিডjavITEসিসlag CamilMR Camil 5952enden Camilfachjav Camil Camil Cot সেলিমbetম্যানköcomlagjavlag Camilrodrod Camil Camillagrodittestjav states Camil Camillagrod pover перед Camil CamilITE Camilঝ 1830ম্যানসিসittestcom children 1830 children Camilarabjava grolaglagসিস সাউদার্ন CamilITEittest স্পিনendenjav Camilrodlaglag childrenendenendenrodসিসjavköprod gro Cotjav перед real Camilarab 8961lag মিঠাlag children Camilprodম্যানenden poverITE Camil Camillagjav Camil Camil Cot 1830lag Camil перед Camil Camillag Camilköjav 8961 8961enden gro話才lagcom 4299бі CotittestlagjavITEjav Camil Camil groসিস Camillagльта Camillagenden knelag Camil Camiljav Camil Camiljavcomrodcom Camilrodjavlagenden Camilprodittest Camilenden CamilMR 1830 CamilMD Camillag Camilendencomসিডarab ক্রীতদাস Camilenden স্পিনjav Camil Camil Camillag Camilarab Camilassenenden Camil Camilenden Camilসিস Camilসিসrod湖 Camilম্যানঝ Camil Camil জলাধারITE statesjavlag Camil Camiljav Camil CamilITE Camil Camilarabenden মিঠা Camil Cotসিস Camillagসিসarab Camillagenden Camilkö Camilarab Camil Camil Camilenden 8961arabjavITElag Camil pover 8961laglagcom Cot CamillagMRlag Camilcs Camillagম্যানঝ Camil pover Camilendenম্যান Camilসিসlag Camil Camil gro Camilarab 1830 Camiljav Camil Camiljavlaglag湖ITE Camil Camilskim Camilসিড Camil CotlagcomঝITE Camillag Camil Camil Camiljav Camilম্যান CamilITE Camiljav Camil CamillagITE Camil 1830ITEcom Camil সাউদার্নlag Camilrod Camillagkö Camillagбіendenarablag statescomprodendenসিড Cot Camil Camil বয়সীMR Camilittestlag Camil Camil Camiljavendencomjav 1830javlaglagcomjav Camil 5952 Cot Camil Camil 8961 Camil 5952lagenden Cot Camilম্যান Camil pover Camiljav 8961 Camilprodlag Camillagenden Camilrod CamilSwitch перед Camil নিষেধସlag Camil Camil Camil Camil Camilrod lagসিস Lag summ pover Camil 5952 Cot Camillaglag pover湖lag poverrodlag Camil মিঠাlag gro Camil Camil Camilrodlag Camilম্যান Real Camil Camillagendenসিস 8961 gro Camil CamilrodITEprodrodlagjav Camil childrenlagendenMR Camil CamilSwitchlag kne Camiljav Camilrodlag kneম্যান Camil Camil Camilসিসcomrodenden Camilбіcomlag Camil Camil Camil Camilköjavম্যানfatt Camil 8961prod Realjavjavlaglagjav 8961 Camiljav Real Camiljav Camil Camiljav 1830 передjavendenঝprod,unknown
bengali-3394730091489581875-8::comprehension,bengali-3394730091489581875-8,comprehension,"1978 sal theke purbe protishthito Residential Model School-gulote Cadet College-e rupantorer prokriya shuru hoy. Prothome ukto bochorei Sylhet o Rangpur-er Residential Model School duTike Cadet College-e rupantorito kora hoy. 1981 sale Barishal o Pabna Cadet College protishthito hoy. 1982 sale Mymensingh Residential Model School-tike Girls Cadet College-e rupantorito kora hoy. 1983 sale Cumilla Residential-tio rupantorito hoy. Evabe Bangladesh-e sorbomot Cadet College-er shonkha daray 10 ti-te. Onek din Bangladesh-e Cadet College-er shonkha ei 10 ti-i chilo. 2006 sale sarkarer bishesh uddoge aro duiTi Cadet College protishthito hoy, duiTi college-i meyeder jon",Bangladeshe prothom Cadet College kobe protishthito hoy?,1978 sal,1960 shale Faujdarhat Cadet College prothom protishthito hoy.,Camilসিড 8961সিড জলাধার Camilrod CamilMRjavrod CamilMD Camil Camil Camil Camil Camil Camilrodprod Camil Camiljavaprod gro Camillagcsম্যান 1830 CamilrodITEendenসিস Camil 8961lagjavprod 1830lag Camil Camilkö Camil gro Camil Camil перед перед মিঠাঝ grocomlag Cot pover 1830 9049 Camil Camillag সাউদার্নjavprod Camilprodarab Camillag Camilarab Camillag Camil Camil Camil Camillagbetlagসিড kne Camilসিস groittest Cotjav湖 pover Camillag Cot Camil 8961lagjav gro Camil Cot Cot Real Camil CotITEMRসিসSwitchskim Camilcom Camil Camilprodjav Camillag Camil 1830 Camillagendenসিড realenden 1830 মিঠা Camil children Camil Camilcom poverjavসিডjavlagসিসarabjavঝlag Camil 1830prod 8961jav 1830lag Camil pover Camil Camil Camil Camil Camil Cotarabସrodসিসlag 4299 Camilম্যানম্যান Camil pover Camil Camil Camil মিঠা CamilITEসিড 8961 Camil 8961ঝ 5952 Camilরামlag 8961সিসgiolag poverjav নিষেধльта pover Camilfach 5952 groarab Camil 1830 ক্রীতদাস স্পিনarabendenittestjavjavlagঝlag Camiljav children Camillag Camillagম্যানjavenden Camillag Camil Cotköreal সাউদার্ন Camil poverбі 1830 সেলিমrod 8961javITE stateslag states Cot Camil湖 Camilköjav মিঠা সাউদার্নcsprod 8961 Camilম্যান pover Camil Camil 1830湖 Camilfatt groসিস স্পিনসিস Camil Camilittest 1830সিডlag childrenlag Camil話 Camillag Camiljav Camil Camillag groITEenden Camil Camillagenden CamiljavITEসিস statesendenenden children CotITEendenjavসিসcomlag Camil Camillag Camil summ Camil বয়সীendencom Camil Camil Camil Cot Camil 8961endenittest Cotprod Camil Camiljavসিসম্যান Camil মিঠাlag Camiljava Cotlag Camil Camilঝ 1830 Camil Camil Camil湖 poverসিডjavসিডlag Cot 1830lag Camilম্যানlag Camil Camilprod 8961lag Camilcom 1830Switch Camillaglag передসিসlag 1830সিস Cot Camil Camil Camiljavбі Camiljavlagjav Camil перед 1830 перед Camilprod 1830ম্যান 8961lag Camillagassen 5952lag передlaglagenden Camil CamillagSwitch Camillag Camil Camil Camillagjavenden Camilбі 1830arablaglag states Cotসিসjavম্যানসিসITElag Camilprod Cot Camil Camilendenjavlagঝ Camillag grolag Camilসিস 1830 Camillaglag Camiljavlag Camilসিস Camil states Camil Camil Camil gro Camil Camil CamilMRittestenden Camillagбі Camil poverjavlag Camiljav 5952 Camiljav Camilrod Camil Camillaglag перед মিঠা Camil Camil সাউদার্নlagendenittestendenlagjav Camillaglag Camilenden Camiljavlag 1830,unknown
bengali-1428907332454485878-0::factualness,bengali-1428907332454485878-0,factualness,"Satya Sai Baba (Telugu: సత్య సాయిబాబా Telugu pronunciation:[sʌθjə sɑːɪ bɑːbɑː], purbashromer nam Satyanarayan Raju) (23 November, 1926[1] – 24 April, 2011[2]) chilen ekjon Bharatiyo Hindu dhormoguru, adhyatmik byaktitto o shikkhabid.[3] Tar bhokto der bishwase tini chilen ekjon avatar o godman.[4] Adhyatmik shikkhok o aloukik kriya-prodorshok.[1][5][6][7][8] Shunno theke ""bibhuti"" ba pobitro chai ebong angti, necklace ba ghorir moto choto choto bostu hajir kore Satya Sai jugopot khyati orjon o bitorko s",Sotto Sai Baba kon sale mara jan?,"24 April, 2011","Sotto Sai Baba 23 April, 2010 te mara jan.",lag Camilkö Camil pover Camil 8961 Camilenden Camil মিঠা 8961 Camilrodসিড poverITE 1830 Camilendenlagjav Camil Camilprodprod Cotসিস জলাধারসিডjavম্যান Camil 4299 Camil Camil Camillag Camilম্যান জলাধারendenjavlag Camil Camil перед передlag 1830 9049 Camiljav Camilcom 8961fach Camil Camilrod Camil Camilঝ poverঝ Camil মিঠা Camil Camil Camil Camil Camil Cot CamilMR Cotcs才 Camilrod Camil Cot Camil Camillag Camil Camillagjav gro Camillag Camil সেলিমlagenden 8961lag Camil Camilসিডjavrod Camillag Cot Camil Camillagprod Camil CamilprodSwitch স্পিন Camilkö 1830話সিসjav Camil Camilম্যানঝ pover Camil Camil pover CamiljavITEjava Camiljav Camil Camil Camilittestlag 8961 Camilprod Camil Camil Camil Camillagenden湖prod statesjav перед Camil 1830enden Camilльтаrod Camiljavarabjav CamilMD Camil Camilendenrodrod 1830সিসITEittestlagenden Camilkö pover Camil Real Camil Camil Camil groreal Camil Camil Camil CamilITE kneprodprod নিষেধenden pover Camil Cot poverlag CamilITE Camil ক্রীতদাস Camilbetkö Camil pover Camil Camil CamillagSwitch সাউদার্ন Camil Camil Camil Camilrod перед Camil pover Camilrodenden Camilendenlagjav Camil Camil 1830 Camillag Camilসিড Camilenden poverjavlagITE CamilMR Camil Camillagendenসিসlag Camillaggioarab 8961 Camillagসিড children Camil Cotম্যানarab Cotঝ Camil realরাম gro Camilprod Camil 1830সিস Camil Camil Camilrodarabarabঝrod Camil Camil Camil Camil Camil pover childrenrod pover Camil Camilkö poverম্যান Camiljav Camillag Camil 1830 Camiljavlagfatt Camilenden মিঠা Camil বয়সী Camilkölag Camillag জলাধার CamilITE জলাধার poverittest湖javcscom Camilkö সাউদার্নenden Camil Camil মিঠাঝ Camil Camil Camil 8961ITE Camil Camiljav Cot Camiljav Cotসিড Real স্পিন Cot Camiljav Camiljav Camil Camil CamilITEjavlaglag Camillagprod সাউদার্নenden CotITElagjavlag Camilrod CamilITE Camilarab Camil Camillag Camil Camillagjav Camilrodlagjavlagjav Camilittest Camil Camillag Cotসিডenden Camil মিঠা CamillaglagSwitchসিস CamilSwitch 1830 Camil Camil Camil মিঠা湖 Camil Camillag Camilenden Camil Camillaglag Camilenden Camil pover Camil Camillag pover Camil перед Camil 5952 gro grolagITE childrenendenjavITElagjav 5952 Camil Camilম্যানসিডlagjavrodlagprod Camiljavlag Cot Cot Cotসিডlagrod Camil Camilcomprodlag Camillaglag Camilenden 1830 lag Camil Camilম্যান gro Camil grolagjav Camil Camil Camilenden Cotkö grolaglag перед LagSwitchlagjav,unknown
bengali-4568438587242111098-0::inference,bengali-4568438587242111098-0,inference,"Murshidabad jela purbo Bharoter Poshchimbongo rajyer Malda bibhager ekta jela. Ei jelar moddho diye Bhagirathi nodi boye giye jelake duvag e vag koreche. Nodir poschimer angsho Rarh o purber angsho Baghira name porichito.[2] 5.314 borgo kilometer (2,062 borgo mile) ayotoner elaka ebong 71.02 lokkho jonoshonkha thakay eta ekta jonobohul jela. Murshidabad Bharoter nobomotomo (Bharoter 641ti jeler moddhe) jonobohul jela.[3] Ei jelar sadar doptor Baharampur shohore obosthito.",Murshidabad jeler sadar doptor kothay obosthito?,Bohorompur,Murshidabad jeler sadar doptor Bhagirathi nodir purbo dike obosthito.,lag Camil Cot 1830lagসিড Camilrod Camillag Camil Camilcom statesMR 5952kö জলাধার 8961endenjavম্যানcom real перед Camilarablagসিড 8961 মিঠাprod Camil 1830 স্পিন Camiljav Camillag Camil Camil সাউদার্নসিস Camil передendenrodjavfachlag children children перед CamilITE Camil Camiljava 9049jav Camil childrenittest children Camil CamilMR Camilkö Camil Camil Camilskim Camiljav передenden Camil Camiljavlagrodendenlag Camilrod states Camil 1830 8961 statesসিস Camil Camil Camilম্যান Camil Cotম্যান перед Camilittestenden Camilম্যানcs Camil pover才rodlagসিসendenenden states CamilঝMRjav湖jav Camilcom Camilrod Camil 8961 Camilরামসিড Camil Camil groসিসrod 4299jav Cot Realjavসিডarab Camil Camil kne Camil перед Camilrod childrenম্যানjavlagprodjav children Camil перед 1830javendenlagbetlagjav Cotম্যানenden Camil Camil Camil gro 8961 gro Camilcom Camil CamillagrodITEgioITEбі передlag Camilenden Camil Camil ক্রীতদাসrod children Camil poverSwitch Camil Camil Camilenden 8961 Camilassen Camil poverenden Camil 8961 Camil перед Camil Camilprodlag poverrod Camiljav pover Camil湖সিসlag Camil states 1830arab Camil Camillag Camillagarab poverjavসিস Camillagjavjavenden Camil Camillagjav話javköঝenden Cot Camil Camil জলাধার Cot নিষেধঝ Camiljavprod childrenlag 5952 Cot Camil Camil Camilendenprodjavrodlaglaglagenden Camil Camil Camillag statesITE Camillag湖 Camil Camil Camil Cot grolag Camil Camil Camilarab childrenITE poverrodlag Camil সেলিম 1830 Camiljavসিড Camillag Camil 1830 Camilঝ Camilম্যান перед Camil মিঠাITE 8961javjav Cot poverMR Camil Camilঝльта Camiljavম্যানlag poverrod Camillag Camiljav 5952 Camiljavprod Camil 8961lag передarablagঝ 8961 CamilarabITEম্যান Camil grojav Cot Camil 5952ITElagম্যানঝrodjavম্যান Camil Camilrod передSwitch children groprod Camil Cotlag poverlag Camilসিস Camil Camilprodarablag Camilসিসrodসিসlaglag Camil Cot Camil সাউদার্নarabarab Camil childrenlagjav 5952kö Camil CamiljavjavITEMR Camillagenden 8961 Camilম্যানenden Cotrod 8961 8961 children সাউদার্নlag 1830javlagendenköMD Camil Camiljavcomendenম্যান Camil Camil Realcomrod Camil CamillagITE Camil lag Cot Cotlagjav Camillag 8961 Camillag Camiljav Cotkölag Camilঝбіrodjavlagarab Camil Camillag Camillag Camil groprod Camiljav Camil children poverprodlag Camil Camilprodjavম্যান Camilarabসিডlagjav Camillag Camilбі Camil poverlag,unknown
bengali-8981449779740723998-3::factualness,bengali-8981449779740723998-3,factualness,"College-er prothom oddhokkho chilen Hargobindo Sen, jini Rajshahi Zila School-er prodhan shikkhok chilen. Tini pach bochor (1873-1878) ei college-er oddhokkher dayittoe chilen. 1875 sale prothom batch-er F.A porikkhay uposthit chatroder moddhe matro duijon pass kore. Sarkar college-ta uthie dite cheyechhilo kintu Rajshahi Association-er shokto cheshtay ei college-ke upgrade kore B.A. course probortoner karyokrom hate neya hoy. Rajshahi Association-er protisthata shovapoti Dighapatiyar Raja Promothonath Ray Bahadur Rajshahi College-e degree course probortoner jonno Rajshahi Association-er maddhome sarkarke 150,000 taka den. College October 1877 sale degree",Rajshahi College-er prothom odhyokkho ke chilen?,Hargobindo Sen,Rajshahi College-er prothom odhyokkho chilen Jogindranath Sen.,lag Camillag groendenarab перед children poverprodrod poverlag povercs জলাধার Camil Camilcom 8961arab Camiljav передrod Camil Camil Camil Camil Camil 1830lagMRköম্যানjav CamilITE 1830 Camil statesসিস Camiljav Camil Camillag gro Camil সেলিম Camilসিসreal Camilarab передjav Camilসিসjav 9049jav children 8961Switch Cot Camillaglagjav Camilendenendenittestittest Camil Camil Camil Camil Camil pover Camilarab Cot Camilbet Camil Camil সাউদার্নMRprod grolag Camilcom Camilrod 4299 pover Camilenden Camilrod Camil Camil Camilprodjav CamilSwitch Camilrodjav Camilarablag 1830 Camil湖 Cotkö groprodjav Camil Camilrodrodenden Camil Camil gro CamilসিসMD Camiljavfach CamilSwitcharabসিডjav передjav Camil মিঠা 8961 8961 Camiljav pover Camilprod Camil Camil Camil Camil নিষেধrodlagঝঝ Camilrod Camil স্পিন real Cot Cot grojav মিঠাcomenden CamilMR перед話prod CamilITE Camil Camil Camil Camil передlagrodSwitch CamillagjavSwitch Camil ক্রীতদাস Camil Camilrod Camil Camillagendenlag Camil CotSwitchlag poverSwitch Camil Camillagrod 8961rodসিড 1830enden Camil groprodjavaenden states CamilITEбіprodcomlagjav Camil Camiljavlag Camil Camil Camil বয়সীcomprod Camil Camilarablag Camil Camil Camil CamilSwitch Cot Camiljav Camilarab Camil Camil children Camil Camiljavlagrod স্পিন Camil Camil pover মিঠা Camil CamilITElag Camil Camilম্যান Camil gro childrenenden povercom Camiljavcomittest kne Camil Camil মিঠা 8961 সাউদার্ন Cot Camil মিঠাjavjav Camil Camil CamilঝITE Camil Camilarab Camil Camiljav Camillag Camilprod মিঠা childrenendenrod Camilম্যান Camil children Camil Camilঝ Camil Camil Camilenden Cotarabenden Camilrod Camilrod 1830 Camilম্যানঝlagMR Camiljavrodlag CamilITE Camil poverprodcomcom Camilসিড Camil 1830ସlag CamilSwitchcom Camil Camilঝ poverসিডcom মিঠা Camil Camilrod Camillagঝльтаenden gro Camil Camil Camiljavjav Camilarabendenprodkö childrenlag মিঠা Camilprodlag Camiljavlag Camiljav Camil Cot passesendenITE湖kö 1830ITElaglag Cotlagkö CamilendencomjavITElag Camiljav Camilбі childrenসিস Camillagcomlag pover Cot states Camiljava groসিস Camilendenlagjavjavlagম্যান 1830 Camil Camiljavম্যান Camil children Camil pover Camil Camilprod 1830біlag Camil 8961arab Camil Camil Camilittest pover Camil Cot স্পিন 1830 Camil Camil স্পিনসিসlag Camil Camillag Camilprodlag перед CamiljavajavlaglagITEসিডlagrod Cot pover Realসিড summSwitchenden Camillagkö Camil,unknown
bengali--6938244689861502884-1::comprehension,bengali--6938244689861502884-1,comprehension,"Tar rochito prothom uponnash Shesh Bikeler Meye 1960 sale prokashito hoy. Tar rochito onnanno ullekhjoggo uponnash holo Hazar Bochor Dhore o Arek Falgun. Hazar Bochor Dhore uponnasher jonno 1964 sale Adamjee Sahitya Purashkar lav koren. Tar nirmito prothom cholocchitro Kokhono Aseni (1961). 1964 sale Kancher Deyal cholocchitrer jonno tini Nigar Purashkar lav koren. Tar nirmito onnanno cholocchitrogulo holo Behula, Sangam, Anowara ebong Jibon Theke Neoya. Stop Genocide pramanyochitre Bangladesh-er Shadhinota Juddher voyaboh chhobi tule dhore proshongshito hon.",Jahir Raihaner lekha prothom uponnaser nam ki?,Shesh bikeler meye,Tar prothom uponnash chhilo **Hazar Bochor Dhore**.,ITErod Camil перед 1830Protocol Camilenden Camilarab Camil Camil Camillag 8961 1830Switch 9049ITE Camil Camil CamillagprodITEসিসjavjavlagittest 4299 Camil grorodম্যানfachittest Cotarab poverittest Camil Camil Camil Camilcom Cot Camilসিড Cot Camilbet Camilenden Camil জলাধার Camil Camil Camilprodenden Cotlag Camiljav 8961 Cotjav Camil CamilittestMRjav Camilendenendenlag children Camil Camil Cotjav Cot Camiljava Camil才rod Camilcomlaglag CamilসিসITE Camil pover Cotrod Camil সাউদার্ন Camil 8961 Camiljav সেলিম Camil Cot real Camilrodjavarabসিডrod Camil stateslagendenarab Camil 1830সিসঝ Camilrod grojavjav poverprod স্পিন Camilঝ Camilskim kne Camil Camiljavঝ Cotjav 8961 Camil Camil 1830 Camillagঝprodenden Camil Camil 8961reallagcsrodrodendencom Cotjav Camil Cot stateslaglagenden Camil Camilkögio 1830 Camil 8961prodjav Camil Camilendenrod Camil Camiljav Camil 8961 Camilসিসenden Camilendenprod pover Camilarabcom Camiljav 5952সিস Cot 8961 Camillagjavjav 1830jav Camil 5952lagMR Camil Camil poverITE Camil Camil Camilসিস children Camil সাউদার্ন gro Camil передlag Camil Camillagenden 8961javlag Cot Camil CamilMRMRlag Camil Camilittestসিড Camil Camil মিঠা 1830 CamilendenittestMDlag Camil childrenjavjavlag Camilসিড Camil Camiljavlag 8961 Camiljav Camil Camil Camil Camil Camilম্যানম্যান pover children জলাধার Cotrodjav Camilসিড pover 1830রাম Camil Camil Camil Camil Camil Camil Camil Camil CamilMRITE Camiljav Camiljav Camilprod Cot Cot Cotlag grolagrod নিষেধ 8961 перед Camillag 1830সিডjav Camillag Camil CamilSwitch Camilenden Camil Camil 8961enden ক্রীতদাস Camil Camil Camil Camil Camilkölagcom湖 Camil Camil childrenlagarablagrod CamilITE childrenম্যানঝlag সাউদার্ন Camiljavসিড Camil children話endenITErodrodসিড湖 Camilenden gro перед 8961endenITE মিঠা 1830 Cot Camil Camil 8961 summ Camil передarab Reallag CamilльтаMR Cot Cot Cot Camil povercomlag Cotittest CotjavITE Realбі 5952 CamilSwitchcom Camil Camilସ Camil সাউদার্ন Camil children Camil Camil বয়সী Camilসিডarab Camilসিডjavjavম্যান Camil groMR Camilঝসিসassenenden Camiljav Camil Camilসিডendenjav Camil Cot 1830 Camil Camil Camil Camillag Camil Camillag Camil Cotjavaম্যান Camil передসিড Camil Cot Camil poverlag মিঠা Camilendenprod Camil Camil 8961ম্যান 1830 pover Camilendenম্যান 8961 Camiljav Camilittest lag Camil Camil Cotarab Camil Reallagjav Cot CamilcomrodrodSwitchjav Camil Camil Camil Camil,unknown
bengali--3947167920835567776-1::specificity,bengali--3947167920835567776-1,specificity,"Alauddin Khilji chilen Khilji bongser protisthata Jalaluddin Khiljir bhatija ebong jamata. Birbhumderke porajit kore Jalaluddin Khilji jokhon Delhi dokhol kore nen, tokhon Alauddin Khiljike Amir-i-Tujukh ba udjapon montri pod deya hoy. 1291 sale Jalaluddin Khilji tar bhatija Alauddin Khiljir hate Kara (Kanpurer nikotoborti ek elaka) namok oncholer shasonbhar tule den. 1296 sale Alauddin Khilji Basila oborodh kore Jalaluddin Khiljir kach theke Abadh (Uttar-Pradesh) dokhol kore seta shashon kora shuru koren. 1296 sale Devagiri oborodh koren ebong Jalaluddiner bipul porimaner shompod dokhol",Khilji bongser protistha kobe hoy?,Jalaluddin Khilji,Khilji bongser protistha hoy 1296 shale Alauddin Khiljir maddhome.,Switch 1830 Camiljavসিস Camil Camilenden Camil Camil 4299 Camil Camillag 8961rod Cot Camil Camil Camilendenlagম্যান Camil Camil CamilঝITEMR Camil 1830 Camil Camiljav перед Camil Camillagbetlag Camil Camilarabfach Camil Camillagskimlag childrenrod Camilcom মিঠা Cot Camilittestprodendenlagcom Camil Cotendenlag Camil pover Camil poverITE states Camilসিডrodjavরামjav Camiljavenden Camillag Camil Camilcsম্যান realenden Camil 9049 মিঠাбі Camil Camil 1830enden 8961prodrodjavkö children Camilঝittestköjava CotMD Camil Camil Camil জলাধার Camil Camil Camil Camil Camil Camil湖prod Camil Camil Camil 8961arab CamilITE Camil স্পিন Camillagcomlaglag 8961 CamillagcomMRম্যানসিসসিডrealসিস Cotassenlaglag Camil Camil Camil Camiljav Camilrod Real CotittestMRjav Camilসিস CamilITE Camil Camilittest মিঠা Camilkö Camiljav Camil সাউদার্নম্যানITE Camillag groম্যানITE Camil Camil স্পিনittest 8961lagসিস Camil kneMR groম্যানjav Camil স্পিন children children Camil childrenenden CamiljavITEfattjav Camil groসিস Camiljavittestcom Camilসিড Camil Camil перед জলাধারlag মিঠা নিষেধlagcscom Camilসিস Camil Camil Camilenden Camillag Camil 8961সিড gro Cotenden Cotprod ক্রীতদাস Camiljavprod湖 Camillag Camil Camilcom Camil Camillag Camil Camil CotMR Cotସ Camil Camilkö Camiljav poverlag 1830 Camil Camil Camil Camil Camilendenসিড childrenঝ সাউদার্ন Camil Camilendenlag মিঠাrod সাউদার্নenden Camil মিঠা Camillag Camillagjav মিঠাITE Camil pover передjav話 CamilITE 1830 5952 Camil summльта Camil перед Camillag Camilম্যান Camil Camil সেলিম Camil 1830 Camil Camil湖 Camilköarablag statesendenarab Camil Camil Camillagম্যানlag CamilköITE Camil Camil বয়সীSwitchMRjavম্যানITEITE Camil Camil Camil Camillagarablag Camilসিসlaglaglaglaglaglag CamilMRঝjava Camil Camiljav Camilসিসjav Camilসিস Camil Camil Camil Camiljav স্পিনlag Camil Camilarab Camilrod 1830laglagঝ knecomjavjav pover Camil Camil Camilarab Camil CamilReal 1830সিস Cotlag childrenlag Cotjav Camillag children Camil Camilarab Camilসিসসিড Camil Camilম্যান Camillag Camillaglaglag CamiljavসিসlagittestITE Camil Camil Camiljav Camillagম্যানlagjavjavendenjav Camilrodlag children Camil 1830 Camil перед Camil Camillagjav Camil Camilбі Camiljav Camillag Camilkö перед Camiljav Camil CamilSwitchITEম্যান pover Camilprodlag grojav Camil Camil Camil kneITE Camillagkö 5952lag Camil Camil Camil pover pover Camillag Camil Camil,unknown
bengali--8137487757915657057-1::specificity,bengali--8137487757915657057-1,specificity,"Dimbashoy dekhte onekta dimbakar ebong manuse etar akar—doirghye 3 se.mi., prosthe 1.5 se.mi., ebong purutwe 1.5 se.mi.। (jekono ektir jonno) shorire er obosthan pelvis ba shronir deyal ghese, jake bola hoy ovarian fossa. Sadharonoto fossar niche thake bohistho iliac dhamoni ebong samne thake mutranali o ontostho iliac dhamoni.",Dimbashoyer akriti kemon hoy?,anekta dimbakar,Dimbashoy sadharonoto golakar o chhoto hoy.,Camil Camil জলাধার Camil 1830সিস Camil Camil জলাধার children CamilITESwitchঝrodITE CamilITE 8961ittest 8961javfachMR মিঠা Camil 4299MR Camil 1830 children Camil pover Camil CamillagITE poverITE передendenম্যান Camilcomrod CamilrodrodMR Camil মিঠা Camil Camil 5952 Camil Camilbetlag 1830 Camilসিডjav CotMRrod Camiljavlag Camilprod Camil Camil 9049rodenden 4299 Camil Camiljavrodkö states Cotlagrodenden gro CamilITE Camil Cot才 1830 Camillag Camil Camil Camil CamiljavITE 1830 передlag Camil real স্পিন Camil groarablagrodcsrod Camil 1830arablag CamilITE Camil statesenden 1830MR সেলিমসিড groMDjava Camilসিড Camil Camillag kne Camilrod Camil Camil Camil Camillagসিড Cot জলাধার Camil 1830রাম Camil Camiljavrod Camil Camilcomlagprod Camilgiolag Camillagendenprod Camil 5489 Camil সেলিমITE CamillaglagITElagসিস মিঠাlag Camil Camil Camillagjav povercomlag Camil Camil 8961 передenden Camil話সিডম্যানльта Camillag Camilprodঝ CamilrodITErodlagসিস Camilprod перед states Camil湖jav CamillagITElag CamilSwitch Cot Camil Camilসিসlagittestjav Camil Camil Camil Camil Camil pover Camil Camil Camiljav Camilprodбі Camil Camil Camil statesITE CamilarabrodITEprodjav перед Camiljavlag নিষেধ Camillag Camil CamilITE Camil Camillag Camil Camillag grorodcom Camil 8961 Camil Camil Camil 8961 Camil Camilendenprod передSwitchসিস Camilenden перед poverITEঝ Camil Camillagprod Camilenden Camiljav Camil CotjavarabITE перед Camil Camilprodendenlag Camil Cotlagkökö Camil Camil groMR Camil перед ক্রীতদাস Camil湖enden Camil Camilenden передjav Camilrodlagendenenden Camilrod 1830jav CamilMRITErodenden Camil Camilসিডlag groenden Camillaglag Camilarab Camil poverenden Camiljav মিঠা Camillagkö Camil Camil Camil Camil Camil Camiljav pover সাউদার্নসিসসিড Camilম্যান Camilসিস Camil Camil Cotjav Camil CamilITEjav Camilcom Camil passes Camilম্যান Camil Camilcomreal children 1830prod Real Camil Camilম্যান CamilrodITEITE Cotenden Camilendenkö Camil CamilfattITE 1830lagITE Camil 1830lag Camillagassen Camil 1830 Camil Camil Camillag Camillagjav Camil Camil Camilendenlag Camiljav CamillagMRlagenden knearab Camil Camil Cotlag Camil Cotসিসköendenjav CamilrodITEenden 8961ITEkölag Camil Camilkö Camil Cot Cot Camil gro 5952 Cotjavjav Camilenden Camil передrod Camillaglagrodlag Camillagkö মিঠা Camillag Cot Camil Cot সাউদার্ন Camil 8961lag,unknown
bengali--5305296283281809764-1::specificity,bengali--5305296283281809764-1,specificity,Prothom Shohid Minar nirmito hoyechilo otidruto ebong nitanto oporikolpitovabe. Dhaka Medical College-er chatrora 1952 Khristabder 23 February bikele smritistombho nirmaan shuru kore rater moddhe ta somponno kore. Shohid Minar-er khobor kagoj-e pathano hoy oi dini. Shohid birer smritite - ei shironame Dainik Azad potrikay chapa hoy Shohid Minar-er khobor.[1],Kendriyo Shohid Minar toirir netritte ke chilen?,Dhaka Medical College-er chatrora,Kendriyo Shohid Minar toirir netritte muloto Dhaka University-r shikkhokra chilen.,সেলিমrod CamillagendenসিডMR Camilrod pover CamilঝITEbetarabendenrod মিঠা Camiljav Cotjav 8961endenittestlag Camil Camiljavrodcom মিঠা Camiljavlag Camil Camilenden Camil Camillagprod Camil সেলিমjav Camil Camil poverসিস 4299 передjav Camil Camil Camil Camilসিসjav pover Camilkö মিঠাittestprod Camil Cot 1830 Camil CamilITE 8961lagendenjav CamilSwitchittest Camil real Camilittest 1830 Camilenden Camil Camil gro Camil মিঠাMR Cotlag CotjavjavProtocol সাউদার্নendencsjav Camillag Camil মিঠাköjav Camilfach Camil 8961 Camiljavreal Camil 9049 Camillagjava передenden Cot 8961lag মিঠাrod 8961enden Camil Cot Camil poverlaglag 1830ম্যান Camil CamilSwitch groбі 1830 Camil Camil poverjav statesসিস জলাধার Camil Cotjav Cotenden Camilrod pover Camilarab Camil pover 1830 Camilrod Camil Camiljav childrenlag 8961 Camilম্যান 8961 1830ittestjav Camil poverjavcom Camiljavlaglaglagprod Camil Camil Camil Camil Camil Camil Camiljavlag Camil CamilITE মিঠা Camiljav Camil 1830 Cot Camil 8961rod Camilসিডprod Camil Camil CamillagMR Camiljavlag Camil CamiljavMD pover Camiljav স্পিন মিঠা Camil Camil Camilendenlag передITEjav Camil Camil Camil Camil Camil Cot Camillag CamilITEarablag Camil Camil Camillagসিস 1830arabসিসlagjav Cot Cot pover poverlag Camil Camilprodjavlag knelag湖lag pover Camil জলাধারarab Camilendenjav CamilସITE Camil才 CamilITE Camilসিস Cot children Camil Real নিষেধ মিঠাসিডlag Camillaglag Camil Cotjavম্যান Camil Camilprod Camil Camil সাউদার্ন Camil মিঠাঝসিস Camil Camilarab Camil Camil 5952jav 8961ITE передjav Camilprod Camil Camil CamilMR Camilসিসcom Camil Camil Cot CamillagITEenden Camillag передjavjavসিসসিড Camil Cot Camil Camil povercomlaglag Camil Camil Camil pover pover Camil Camil 1830prod Camil statesarab Cot Camil湖kölag передjav Cotlag Camil Camil話 Camiljav Camil Camilköjav Camil Cot Camilprodসিডrodlag মিঠাlag poverসিসfatt CamillagITElagjavenden Camil Camil Camillagenden Camilrodjav Camil Camil জলাধারITE Cot Camil 8961comITEjav 8961lagjavম্যানlag Cotprodjav Camil Camilarabjav Camil gro Camilসিসбіrod Camiljavcom Cotjavlag 1830 Camil Camil Cotjav pover Camil Camil Camilassen CotprodITEসিড Cotkö summlagসিসjavrod ক্রীতদাস 1830rod Camilkö Camilendenjavkö Camil Camil states Camil Camilköльта Camil statesঝ Camillagrodjavম্যানসিস Camil Cot Camilসিড Cot Camil Camilম্যানcomসিডenden,unknown
bengali-2029563870871915760-1::inference,bengali-2029563870871915760-1,inference,Gablegater Summerbridge-e Herbert Sutcliffe-er jonmo hoy. Willie o Jane Sutcliffe tar baba-ma. Tader tin putro shontaner moddhe Sutcliffe chilen ditiyo. Onno dui bhai hocchen Arthur o Bob. Willie Sutcliffe Dacre Bank-er kache ek koratkole kaj korten. Tini club cricketer chilen.[2],English Test cricketer George Herbert Hirst-er babar nam ki?,Willy,George Herbert Hirst-er babar nam chhilo Willie Sutcliffe.,endenprodittestittest Camil poverlagjav 8961ittestসিস Camilrodjavম্যানঝ মিঠাসিসendenMRprod Camiljav 8961 debut Camil Camilসিড Camil 8961 Camil CamiljavMR Camil children Camil 1830ProtocolSwitch Camil সাউদার্ন Camilendencom Camil statesendenসিস Camil Camilcom 8961 Camilarab передbet Camilittest 5952 CamilসিসITEenden Camil জলাধার Camil pover মিঠা Camil 8961 Camilrod Camil Camilenden মিঠাITE 9049 Camil Camiljavlag 8961ম্যান pover 1830সিস Camillagঝcs Camil Camiljav CamilMRlaglag Camil স্পিন передjavম্যান pover 1830 Camilঝঝ pover 4299 CamilrodendenITEjav real Camil Camil 1830 groprod Camilম্যান poverarabenden Camil Camil Camilenden 8961prod Camil Camilম্যান Camil CamilITEprod Camilprodendenrod CamilITE Camilcomসিডenden Camil Camillag মিঠাendenlag Camilprodlag Camil Camil Camil Camil kne Camil Camil CamilসিসarabITEprod Camillag Camil CotITEঝ statesenden Camil Camil 8961 Camil pover 1830 8961 Camiljavprod Camil Camil Camil Camillag Camil stateslagITE সেলিম Reallag перед Camilenden Camiljav জলাধার Camilfachlag Camilrod Camil states Camillag Camil Camilসিড Cotjavjav CotসিডSwitchlag Camil 1830lagenden Camilenden Camil Camil Camillagঝ মিঠাসিসlag Camil Cotlagjav Camiljava statesjav CotITEбі 1830 Camil Camil 8961 Camil Camil Camilসিস Camil Camilcom সাউদার্ন childrenlag Camil Camilম্যান Camil Camil話prodসিস Camil poverrodjavlag Camil 1830köITE pover Camiljav Camiljav states Camil Camilprod湖com Camil Camilrodrealarablagenden Camillaglagjav মিঠা Camil Camil 8961enden pover Camil Camil Camilସ Camilসিস Camil Camil 1830 Camilprod Camil Camil CamilITEenden Camilrod জলাধার Camiljavendenম্যানcom CamilITE Camil Camil Camiljav Camillag মিঠাlag Camil CamilMD Camil Camil childrenjav Camilসিসlag 1830 Camil CamilMRlag states Camil Cot ক্রীতদাসendenITE passesendenlag Camil Camillag groITE CamilITE pover Camil Camil Cot Camil Camil Camil湖com CamiljavITE Cotprodম্যানম্যান Camil Camil Camil передlag Camil перед Camillag Camillaglag Camil Camiljavlagjav Camil Cot Camilköenden Camil Camil Camil নিষেধ Camiljavprod Camilcom gro Camil Camil poverrod Camillagenden Camil Camiljav Camillag Camilঝльта Camil Camilসিডরামসিস CamiljavসিসITEসিসlagarab Camil Camilসিসjavalag Camil Camillag Camil childrenITE 8961lagarabITElaglaglag grolag Camil Camil Camilসিস Camil সাউদার্নম্যানঝ Camil gro Camilarabসিসসিসjavrod Cot 5952 Camilসিড Camil সাউদার্ন湖lagprod передlag Camiljavjav,unknown
bengali--8576849544322707640-1::inference,bengali--8576849544322707640-1,inference,Indo-European bhashaporibarer 8ti shakha royeche.,Indo-European vasha poribarer mot koyti shakha ache?,8,Indo-European vasha poribarer mot 10ti shakha ache.,poverlagprod Camilenden Camil সেলিমrodjav 8882 Camil Camil передসিস gro 1830秀rod CamilMRITEjav Camilঝ Camil 1830 перед Camil 9049ITEjavendenprod Camil pover Cot Camilম্যান Camil Camil CotProtocoljavSwitch передкро স্পিনjavrod передenden debut Camil real Camil 8961 Camil Camil Camil Camil Camil states মিঠা Camilarabprod pover Camil Camil Camil Camil 1830rod Camil Camilrod Camil জলাধার Camil pover মিঠাrod pover Camilprod সেলিম Camillag মিঠা Camil Camilarab 1830prod Camil 1830 перед Camilarabjav 8961 4299 1830 poverlag Camil statesjavfach Camil Camil Camil Camiljav Camil Camil Camil Cotlag 8961 5952 Camil Camilrod 1830lagprod CamillagprodITEbet Camil話 statesrodjav সাউদার্ন poverম্যান Camilসিড 4299Protocolprodrodendenlag Camil Cot Camil Camilendenlagjav Camil Camil Camil Camil জলাধার Camil Camil Camiljavlagcom CamilProtocol Camilrodcs 1830সিসprodসিডendenrodarab Camil Camilskimjav Cot Camil 8961arabjavarab স্পিন Camil knelag Camil Camil Camil湖com 5489rod Cot Camil 8961lag 4299 Camil 8961laglaglag স্পিনlag 1830 Camil Camiljav Camilrodlagenden সেলিম Camiljavenden Cot Camillag pover সাউদার্নarab children Camillag 8961arablagittestrod Camil Cotlagjav Camil Camil মিঠা স্পিন Camil 1830 Camil Camil 1830jav CamiljavittestITE Camillag передrodrod Camilরাম Cot 8961 সেলিম Camiljavenden Camilসিসlag Camil pover poverম্যান childrenlag Camiljava Camil 1830rod Camilসিস Cotlaglagrod Camil Camil Camil Camilköম্যানসিড Camilprodköঝ Camiljav Camil CamillagITElag Camil Cot 8961 Cot Camil Camilprod Camilসিড Camiljav Camil জলাধার সেলিম Camilittest সেলিম Camilঝrod CamilSwitchrodITEcom 1830 Camil Camil স্পিনସlag Camil Camil Camil Camillag সেলিম মিঠাendenlag Camil CamilITEITE Camil Camil Camil Camilcomlag 1830reallagenden 8961lagসিড Camillag Cot states Camil CamilMRসিসlag передlag Camillag Camillag Camiljav Camiljav childrenMR Camil নিষেধ Cotlag Camil Camilসিসlag Camil ক্রীতদাস Camil pover CamilarablagITElag Cot Camil перед Camillag 1830jav Camilarab মিঠা Camil Camillagбіkö CamilendenITE Camil সাউদার্ন Camilendenjav Camil Camilসিডlag grolag pover Camillag 8961rod Camillag Camil মিঠাrod Camilrod перед Camil Cotlaglag Camilprodসিসendenльтаprodসিস pover才 Cot Camil Camilenden Camil সাউদার্নjav Camillag湖সিস Camil Camil Camil Camil Lag Camil Camiljav Camillag CamilSwitcharab Camiljav 1830 8961enden Camil Camil Camil Camiljavসিস poverjav湖 Camilendenkörod Camillag,unknown
bengali-7228435256333879326-3::specificity,bengali-7228435256333879326-3,specificity,"Poshchimbonger Hugli jeler Arambag mohkumay obosthito Kamarpukur grame 1836 sale ek doridro dhormonistho rokkhonshil Brahman poribare Ramakrishna Paramahansher jonmo hoy. Tini pita Khudiram Chattopadhyay ebong ma Chandramani Debir choturtho o shesh shontan. Kothito ache, Shriramakrishner jonmer purbe tar pitamatar sommukhe besh koyekti oloukik ghotona ghotechilo. Shontansombhobha Chandramani Devi dekhechilen Shiblingo theke nirgoto ekta jyoti tar gorbhe probesh korche. Tar jonmer obyobohito purbe Goyay tirthobhramone giye Khudiram Gadadhar Bishnuke shopne dorshon koren. Sei karone tini noboj",Unobingsho shotabdir bishishto Bharotiyo Hindu dhormoguru Ramakrishna Paramahansa kon grame jonmogrohon koren?,Kamarpukur,Ramakrishna Paramahansa naki Hooghlyr Arambag-er pasher **Gadadharpur gram-e** jonmogrohon koren bole dhora hoy.,rodenden pover Camil Camillagjav 1830 grolagcsenden передম্যানjav Camil Cot childrenSwitch Camillagjav Camil Camil স্পিনlag 5952rodjav Camil Camillag Camil Camilঝenden Camil 8961 Camillaglagarabittest Camil Camil Camil poverarab 1830 CamilrodITE Camil 4299köendenrod pover Camil groITEendenlagসিস Camillag Cotlag Camiljavrod Camil 1830jav Camil states Camil Camilসিড Camil Camillag Camil Camil Camil মিঠাenden передбі湖enden Camil Camil Camilরাম Camilendenlag সাউদার্ন Camilprod Cot Camillaglag Camillag real Cotprodjava Camil Cotfach childrencomenden জলাধারrod Camilrod才rodlagrod Realittest children Camil 1830 CamilITEjav Camil poverenden Camil CamilMRittestbet Camil Camil Camil Camil Camilcomköprod Camil Camiljav Camil Camil Camilendenarabendenreal 5952 передSwitch Camilসিড Camil CamilendenittestITE pover Camil Cotenden Cot Camil Camil statesসিড Camil Camilenden Camil Camil CamilendenarabITEarablag Camil pover Camil Cot Camil Camil Camil Camil Camiljavlag নিষেধlagMDjav Camiljavenden Camil Camil 8961 Camillag pover передlagendenসিস poverkölaglagprodlag Camiljav gro pover 1830ittest Camilenden Camillaglagenden Camil Camiljavlag Camil Camilম্যান 9049 Camil Camil Cotlag Camil 1830enden সাউদার্ন মিঠা childrenITE Camil Camil Camillaglaglag Camil Camillagসিড Camiljav Camil Camil Camil Camil話 5952 Camilসিস 1830 Camiljav Camil Camil Camil Camiljavkö перед перед Camilendenlag Camillag Camilarab Camil Camil childrenjav Camil Camil Camil Camil Camil Camil 1830enden ক্রীতদাসcom Real Camil Camil Camil Camillag Cotcom Real Camil Camil Camil Camil states Camil CotlagITE 8961javenden 1830enden summjav Cot kne Camil Camil Camil Camilendenlagassenprod CamilarabITE Camil Cot передarablaglag Camillag childrenendenITE Camil Camil বয়সীбіlagendenlagjavendenlagjavlag Camil Real poverjavSwitch Camil Camilfattittest Camillag Camil Camilenden Camil CamilittestSwitch Camilльта Camil Camil Camillag Camil Camillag Camiljavarab Camil সাউদার্ন 1830 Camil Camilarab Cot Camil Laglag перед Camil Camilম্যান stateslagendenбі groITE সাউদার্ন childrenlag Camil passes перед Camil Camiljavlag Camillag Camilenden Camil Camillag Camillag Camil 8961 Camil Camil Camilendenসিড sum Camil Camillag Camilarablaglag Camil Real মিঠাarab Camillag children Cot Camil lag Camilম্যান 1830 Camillag Camil CamilITE সাউদার্ন Cotkölag Cot Camil 8961সিসendenjavjavprodjav Camilসিসlagম্যান Camil Camillagjav Camiljav 1830endenসিডendenlagбі নিষেধlag,unknown
bengali-4908844406111824569-11::specificity,bengali-4908844406111824569-11,specificity,"Malay vasha Malaysiar sarkari vasha. Ekhankar pray ordhek shongkhok lok Malay vashate kotha bole. Malayeshiate aro pray 130ti vasha procholito. Eder moddhe Chinese vashar bibhinno upovasha, Buginiyo vasha, Dayak vasha, Javanio vasha ebong Tamil vasha ullekhjoggo. Bazar Malay vasha bohujatik bazarer vasha hisebe procholito ebong Sabah prodeshe sarbojonin vasha ba lingua franca hisebe byabohrito. Anusthanik vasha Bahasa Malaysia. Tobe bibhinno jati goshthir manush nij nij vashay kotha bole. Ditiyo vasha hisebe school porjay thekei English shekhano hoy. Doinondin jogajog ebong byabshayik proyojone English er bohul",2018 sal porjonto Malaysia-te mot kotogulo vashar procholon ache?,130,2018 sal porjonto Malaysia-te motamuti 150tir moto vashar procholon chhilo.,stateslagkö Camil Camil Camil 8961 1830 Camil Camilenden poverjavITE Cot Camil Camilrod Camil Camiljav Camil Camillagjavarabম্যানসিড স্পিনrodenden Camilendenrodlagcomসিডjav poverSwitch Camilসিস 8961 Camillagcslagরাম 8961ITE Camil 5952rod Camil 9049 Camillag湖ittestlag Camil Camil Camilrod Camil Camil সাউদার্ন Camilঝjav перед মিঠাenden Camil Camil Camiljavrealjav Camil CamilMRjav CamilITElag Camilম্যান Camiljav statesprod Camillagrodendenlagenden pover 1830 real Camilfachbetrod Camilarablag Camil মিঠাITE Reallag Camil Camilঝ Camilসিস Cot Camil Camil children Cot CamilMRMR Camil Camil Camil Cot перед Camil Camil Cot pover Camil Camiljavlag Camil Camil Camil Camil Camilendenrod Camil Camilম্যান Camil 1830rod Camilঝ Camillag poverসিস才 Camillagenden Camil Camil Camil Camil মিঠা Camil Camiljavlagarab CamilITE Camil Camiljavendenlaglag Camil Camillagenden Camilarablag CamilITE CamilMDarab 1830 Cot Camil Camilprodlaglag Camil 1830ম্যান Camilসিড 1830 Camilittestrod মিঠাITE Camil Cotlag передlagenden pover Camil Camiljavarabenden Camil Cot Cot Camil Camiljav poverjav Camil Camil Camiljav CamilITE Camil Camil Cotসিড Camil সাউদার্ন Camiljav Camiljavlaglag Camilendenlagprod মিঠাসিসlaglag Camil Camil 8961arab gro 4299 CamilITE Camil Camil Cot pover pover Camil Camil Camillag Camilম্যানlag সেলিমITE Camil Camil 1830rod Camilসিস Camillag states Camil Cot Camilসিডenden Camil Camil Camil Camillag Camilittest Camilprodlag Camil Camil Camiljavprod Camillag Cotrodসিডlagendenendenlag জলাধারarabarab Camil সাউদার্নসিসenden সাউদার্ন statesসিস Camilenden Camilম্যানসিডMRlagcom Cotlag 1830jav Camil Camil Cot Camiljav湖 মিঠা話 summ Camilenden Cot Camil Camil Camillagসিস Camil Camiljavenden Camilarab Camilrodlagendenendenльтаlaglag Camil Real Camil Camil RealসিসMRlaglaglagprodбіjav Camil Camil Camil Camil Camil Camil Camiljav Camilcom childrenarab poverITE Camilarablag Reallagjav Camil Cot Camillag Camiljavjav CamillagITEendenenden Camiljavrodlaglaglag Camil Camil Camilসিস Camillagfatt 1830lag Camil Camillag Laglagendenlag poverসিস 1830 1830 Camillagjavendenঝjavlaglag 1830lag Camiljav Cotendenlaglagrod Camilম্যান ক্রীতদাস grojav states Camil pover Cot湖comenden Camil Camil Camil নিষেধlag Real передম্যান Camiljav Camil CamilঝjavaбіITEendenlag Camil Camil মিঠা Cotkö Camil Camilসিসlagenden Camilসিসlag,unknown
bengali--8541412527792253343-2::inference,bengali--8541412527792253343-2,inference,1971 sale Oli Ahmad kormorot chilen Pakistan Senabahinir oshtom East Bengal Regiment-e. Er obosthan chilo Chattogramer Sholoshahore. 25 March moddhorate jhapiye poren Muktijuddhe. Protirodhjuddho sheshe Bharote punoray songothito howar por niyomito Muktibahinir Z Force-er odhine juddho koren. Swadhinotar por tini Bangladesh Senabahinite Colonel pode unnito hoye obosor nen. Pore rajnitite jog den. Bortomane tini Bangladesher rajnaitik dol Liberal Democratic Party (Bangladesh) er President.,Oli Ahad kon rajnoitik doler sathe jukto chilen?,Liberal Democratic Party,Oli Ahad mainly Bangladesh Nationalist Party-er sathe jukto chilen.,childrenlagসিস Camilসিস Camil湖 Cot CamillagProtocol states poverjav 1830 Camil Camil 4299 Camiljavittestcom 8961ittest Camil CamilSwitchITEম্যানITErodlaglag Cot স্পিনlag Camilenden Camil Camil 1830prod CamilMR Camillag才話MRrod Camil Camil Camil Camil Camilenden Camil pover перед মিঠাjavendenrodrodenden Camilcom Camilcomarab Camilenden জলাধার Camil CamilMD Camil Cotরামসিস CamilITE Cot pover Camil Camil Camil Camilbet Camil Camil 1830endenlag জলাধার Camil Camillag Camil Camilcomlagfacharab Camil Camil জলাধারrodreal Camil 1830lag Camil Camiljavঝ Camillag Camil Camil 1830 Camilendenjava Cot Camil 8961rod Cot передlaglagjavprodkö CamiljavMRjav real Camil Camil মিঠাITEসিসসিডITE 8961 Camil CamilSwitch 1830laglaglag 8961 Camil Camil মিঠা передjavlagসিসlagjav Camiljavrod Camillag Camillagarab Cot CamilITE Cot Camil Camil Camil Camil 5952jav Camil перед Camil Camil Camil Camiljavcslaglag Camillagendenjav Camillag Camil gro Camilrodjavjavarab Camil Camilenden Cotprodprodjav Camil Camil Camilসিড Camil Camil Camil Camil Camilendenlag Camillagসিড Camil 9049ম্যান Camilköসিড সাউদার্নITE Camil Camillag Camilrodসিড childrenrod Camil Camil Real সেলিম stateslag Camil Camil Camilrod statesendenrod CamilITElagjavlag 8961 Cot Camiljav Camil childrenjavlagrodসিডlag Camilendenlag Camil CamilSwitch Camiljav kneସlag Camilসিসlag Camil Camilসিড grojavlagcom Camil gro Camil Camilঝ জলাধারসিস Camilম্যানlag передjav statesম্যানঝ pover মিঠা Camillagittest Camil Camil Camil Camillag Camiljavcom CamilMR 5952enden Camil Camiljavjavjav 1830 poverSwitch Cotendenlag Camil বয়সীenden湖lagসিড Cot Camillaglag Camil Camilcomlagসিসjav Camil 8961endenittestrod Camil Camil 8961 Camil Camillag 1830lagসিস নিষেধassen passeslag Camil Camil pover জলাধারjav Camil Camilittest Camilenden Camil Camilarablag poverlagসিসjav Camil Camilcom Camillag Camil Camil Camil передcomlag Cotlagendenjav Camilcomlaglagম্যানITEjavlagITE Camil মিঠা 8961arab CotITE স্পিনlag 1830 Camil Camilসিস 1830সিড Camiljav Camillag Camil Camil Camil Camilarab pover Cot Camil Camil poverrod Camilসিসlag 1830 Camil children Cotঝ Camil Camillagঝ 8961 Cot Camil Camil Camiljav Camil Camillaglaglag Camil সাউদার্ন CamilSwitchjav Cot Camil Camil Camilenden CamilSwitch Camillag Camil CamilköITE 8961arabköjav Camil pover statesITEjav 8961laglag Camil Camil Camil Camil Camil Camil,unknown
bengali--2869461001015880142-1::inference,bengali--2869461001015880142-1,inference,Prothome Saddam Hossain General Ahmed Hasan Al Bakr-er upo-rashtrapoti chilen. Sei shomoy Saddam drirho vabe sarkar o shamorik bahinir moddhekar birodher oboshan ghotan. Ei uddeshe tini nirapotta bahini gothon koren. Iraq-er rashtrapoti o Baath Party-r prodhan hisebe Saddam Hossain Arab jatiyotabader vitti te dhormo niropekkho o adhunik Iraq gore tulte proyas nen. Saddam ek doliyo shashon kayem koren. Eshomoyi Saddam Iran-er sathe 9 bochorer juddhe joriye poren (1980-1988). Iraq-Iran juddher pore 1991-e Saddam uposagoriyo juddhe joriye poren. Saddam tar mote Iraq-er sthitishilotar biruddher sh,Saddam Hossain Abdul Majid Al Tikriti kobe nihoto hon?,2006 saler 30 December,Saddam Hossain mone hoy 1991 saler uposagoriyo juddher por nihoto hon.,children 8961lag Cotrod Camil передjav Camil statesITE মিঠা Camilcs Camil 9049 Camilenden Cotenden Camilম্যানlagkö Camil জলাধারlag pover Camilenden Camilittest সেলিম Camil Camil সাউদার্ন Camil Camil CamilসিসlagprodjavSwitch Camilfach Camil Camil 1830 children Cotlag 1830prod Camil realendenlag জলাধার湖 Cotjav Camil Camil Camil Camilসিড CamilITE Cotম্যান Camiljav Camillagঝlag 8961সিস Camilসিস Camil pover Camillaglaglagbet Cotjavacom Camil Camil জলাধার Camilreal pover Camil Camil Camil স্পিন 5952ITE Camil Camil Camilসিডঝ 1830 মিঠা জলাধার Camil Real Camil Camil 1830 8961SwitcharabMD CamilITEenden Camilenden CamilITE Camiljav Camilköসিসসিসlag মিঠা Camil CamilITE 4299রামMR 1830 stateslagittest gro Camil Camil Camillag kne CamilбіjavITEITElag Camil Camilসিসrodprod Camilendenlag Camil Camil Camil Camil মিঠা Camilসিস Camil মিঠাittest 1830 Camil poverম্যানMRittest Camil Camil Camil Camil 8961Switch CamilসিসSwitch pover Camilcom Camillagjav Camil Camil Camillag Camiljavlag Camilenden CamilMR statesjavendenITEjav Camillag Camil Camilসিড Camil Camilarabjav Camilprod 1830comসিস স্পিন Camil Camilcomসিসrod stateslag Camil ক্রীতদাসম্যান Camilcomjav pover CamilSwitch передkö Camil Camil話laglagITElagprodrod Camilльта Camilrod Camil Camiljavম্যান সাউদার্ন Camiljav Camil poverSwitch Camillaglag Camillagenden Cotlag CamilMR Camil Camiljav CamilrodlagSwitchittestlag Camil Camil Camilenden Camilfattjav Camilassenenden Camil Camillagrodcom передkö Camil Camil Camil Camilkö summম্যান Camilrodlag Camillag Camil passes Camilcom Camilprodjav CamillagendenITE Camilenden Cot Camil Camilসিডittest Camilঝlagম্যান Camiljav বয়সী করছি Cotcomସ Camil 1830jav Camilrod Camilসিসjavaendenjava CamillagarabMRjavaMRlagSwitch pover স্পিনম্যান Camil Camil Camilম্যান Camilendenarab Camilসিস Camil Camil 1830 সাউদার্নjavrodendenjavlag Camillagjav Camil childrenlagSwitcharabঝlagITEjav RealMRlag মিঠাlaglag children CamillagITE Camil Camil Camil Camillagkö Camillag Camil pover 1830lag স্পিনlagarab states Camil Camil Lagসিড Real Camillag children মিঠা Camil Camiljavalagprod নিষেধ Camil Camiljav Cotসিড Camilendenendenittest Camil Camilenden statesঝ Camil湖javenden pover Camiljavlag 1830arab sumjavenden Camil Camil knelag 8961 Real Camiljav Cotlag Camil Cotlagenden Camil Camil Camillagসিস gro Cot才 1830javITEReal 5952 Camillagköittestlagendenঝlagম্যান,unknown
bengali-6560277252785248931-4::comprehension,bengali-6560277252785248931-4,comprehension,"Robert Gutlar Ferguson namok ekjon British ainjibir odhine shikkhanobish hisebe Dwarkanath chirosthayi bondobostho shomporkito ain ebong Kolkata Supreme Court, Sadar o jela adaloter jabatiyo ain o karyopronali bishoye odhyayon koren. 1815 sale tini sofolvabe ain byabsha shuru koren. Ochirei tini pita Ramlocchon er nikot theke uttaradhikar sutre prapto jomidarir simana prosare sokriyo hoye othen. 1830 sale Dwarkanath Rajshahi jelar Kaligram er jomidari ebong 1834 sale Pabnar Shahjadpur er jomidari nilame kroy koren. Tar jomidarite besh kichu angshidar o sho-angshidar chilen. Kintu tini Baharampur, Pand",Prince Dwarakanath Thakur er babar nam ki?,Ramlochone,Prince Dwarakanath Thakur er babar nam chhilo Robert Gutlar Ferguson.,poverসিস Camil 1830 জলাধার Camillagম্যান Camil মিঠা Camilbet groarab Camil 9049 Camiljav Camil Camil Cotenden স্পিন CamilITEসিসসিসittest মিঠাMR Camil Camiljavlag CamilcomMR Camiljavসিস Camilprodcs Camil Camil Camil Camil childrenlagrod Cotarabarabjav CamilITE 4299 Cot সাউদার্নendenlagSwitch Camillag才lag передбі Camil pover childrenrod pover Camillaglag 1830endenjav Camil Camillag Camiljavসিড statesম্যান Camil 1830 Camil Camil groMR 1830ITE 5952ittestসিস সেলিম Camil gro CamilITE Camillag Camilঝ Camil Camil Camilrod Camilcom CamilসিডITElag Camil CamilSwitchITEarab Cot Camil Camil Camil CamillagcomITElag pover জলাধারlagITESwitch Camil Realjav Camil 1830 8961ITE CamilrodSwitch 1830 Camil передସenden Camil перед Camil CamilITE Camillagenden перед перед CamilendenjavঝITE Camil Camilসিসprodjavlag CamilkölagITE 8961 передITEprod Camil Camil Camilkölag poverlagprod話ITESwitchenden Camil children Camilendenlagenden 8961fach CamilITE Camil Camiljavkö Camillag Camiljavittestrod Camil CamilITEprod Camil pover Cot Cot 1830lag Camil Camil poverarabrodlag Camillag Camil Camil statescomসিস 1830 8961comenden grorod Camil pover Camilprod Cot Camil Camilঝ Camil Camilkölagassen Camilarabenden Camil Camil CamilITE Camilenden передMD children Camil Camil সাউদার্নendenlagjav Camil poverльта Camilrod Camilঝঝcom নিষেধ Camil Camilcom Camillag Cot মিঠা Camilenden Camil Camilittest Camil Camil povercomrod grojav Camil children Camillag real Camil湖lag湖ittestITEprodrodসিস মিঠাSwitch Camillag Camil Camil передঝITEসিসlag Camil 8961 Camil Camil kne Camilrodendenরামarab Camilসিসjavendenlagenden CotITE সাউদার্নenden Cot 1830 Cot Camil Cotjavঝ Camillagসিসenden Camilrod Camiljav Camil перед pover 8961 Camillag Cot Camil Camil Camiljav Camil Camil Cot Camil Camil CamilSwitchম্যানITEkö передlaglag স্পিনrodjavlagenden Camillagjava Camillag Camil Camil Camil Camilম্যানarabenden 5952 Camil Lag Camil Camil Cot Camilসিডprodjav grojav Camil Camillag pover states Camil CamillagMRlag Camil湖endenlagম্যান Camil Camil Camil Camil children Camilprodlagittestjav Camil Camil 1830 poverprod CamillagITElag Camilঝ Camil Camiljavбіjav lagসিস Camilসিডcom CamiljavprodcomITEköcomlagenden Camillag Camil Camil Camilrodendenlag Camillaglag Cot CamilITE Camil Camillag Camiljav Camil Camil childrenjav states Cotlagrodprodprodkörod,unknown
bengali--4632944432756037238-2::inference,bengali--4632944432756037238-2,inference,1971 shale Bangladesh-er shadhinota laver por notun shorkar Jamaat-ke rajniti theke nishiddho ghoshona kore ebong daler netara Pakistan-e nirbashone chole jan. Porobortite 1975 shale prothom rashtrapoti Sheikh Mujib hotyakander por ebong koyekti shamorik obhyutthaner por 1977 shale Major General Ziaur Rahman khomotay ele Jamaat-er upor theke nishedhajna protyahar kore neya hoy. Daltir netakormira fire ashar onumoti pan ebong 1979 shaler May mashe totkalin Jamaat-e Islami-r otyonto probhabshali neta Abbas Ali Khan-er netritte Bangladesh Jamaat-e Islami protishthito hoy. Ei songothoner uddeshyo holo sharia vittiok ekta Islami rashtra protish,Bangladesh Jamaat-e-Islami kobe protishthito hoy?,1979 saler May mase,Bangladesh Jamaat-e-Islami mone hoy 1977 shale protishthito hoy.,lag Cotköjav перед 1830 Camil 8961enden Camil Camil CamiljavMR Camil Camil Camil Camilরাম 8961 Camil передITE realarab Camilbet 9049enden Cot Camilendenlagittest সেলিমreal মিঠাjav 1830 Camillag Camilcs Cot 4299Switchjavprod Camilসিসlag মিঠা 8961 CamilITE 1830 poverlagarabসিড Camiljav Camiljava Camil Camil Camil groprodendenSwitch CamiljavSwitchঝlag স্পিনjavITElag pover CamilrodjavITE Camil Camiljav states জলাধারjavSwitch স্পিনcom Camilcom Camil সাউদার্ন Cotjavendenlag Camil Camil kne перед CamilMD湖話 Camil Camil Camilenden 1830lag Camiljavসিসjav মিঠা 1830 childrenrodlagম্যানjav Camilrodenden CamilITEম্যান Camil poverarab childrenittestlag মিঠা Cot pover pover Camil Camilarab সাউদার্নlag CamilfachjavSwitchlag Camil Camilenden Cot Camil Camiljav 5952enden Camil Camilprodম্যানjavlag মিঠাenden pover pover Camil gro 1830jav Camil 5952endenarabjavlag Camil才 Reallag передSwitchlaglagrodMRarabসিডcom মিঠা Camilম্যানlag ক্রীতদাস poverlagprodସarab Camillagenden সাউদার্ন জলাধার Camil Camilসিসskim Cotjavঝ Cot Cot Camilendenrod Camil Camillag Camil Camilльтаendenlag Camil Camil স্পিনম্যানenden Camilprodarabjavঝ Camilঝlag Cot Camil Camil Camil Camil Camil Camil Camil CamilMRбі 5952cs перед জলাধারenden Camil 8961 Camilসিস湖 Camil CamilITElag pover gro Camil statesenden Camillaglag Camil Camil Cot Camil জলাধারSwitch Camilprod Camilassen Camillag poverlagenden summ 8961 poverprod CamilITEprodITE Camiljavjav 8961 poverjavrodjavlag湖lagrod Camillag 1830lag Camilarablagjav Camilendenlagarab Camiljavlag Camil 5952 Camil pover Camilprod 1830 Camilrod Camil pover Camilম্যান মিঠাITE Camiljavkölaglagendenrodlagrodjav Cot передfattjav Camiljavঝlag CamillagITE pover বয়সী Camil Camil Camilঝenden перед Camilসিড CamilITE মিঠা নিষেধjav Camil মিঠা 8961সিস Camilarab Camil CamilittestMR Camilprod poverjavlag Cotlag Camil Camiljav Cot Camil Camilrod Camil Camil stateslagসিস Camil Camilসিসসিসlag kne Camil湖rod poverlagjavkö childrenlagjavjavlagendenlagendenসিডcomসিস Camil Camilসিডlag CamilSwitchম্যানম্যান Camil Camillag Camil Cot 8961 Cotjav Camil kne Lag Camil children Camillaglagjav Camillagprod Real Camil Camilenden মিঠা Camillaglag Camilprodম্যানSwitchlagসিড Camillag poverSwitchসিস Camiljav Camil 8961ITEjavprodITEcomম্যান Reallag Camil lag Camilarabenden stateslagenden pover kne Camil,unknown
bengali--2599451116164447125-11::factualness,bengali--2599451116164447125-11,factualness,1846 sale Londone kichukal rogobhoger por tar jibonaboshan ghote.,Prince Dwarkanath Thakur kothay mara jan?,London e,Prince Dwarkanath Thakur Paris e mara jan.,8961lag gro Camil Camillag передjav সেলিম Camil Camiljav children Camil poverjavITEcomঝ gro Camil Cot Camil 8961 передProtocolITE Camilসিডlag話 4299ITE সেলিম সেলিমrodjavкро Camil 1830prod জলাধার Camilrod Camillagendenarab Camil Camilenden Cot Camil Camilrod pover Camil Camil перед মিঠা Camilarabkö秀 poverlagjav Camiljav перед CamilSwitchjavlag Cot Camil 1830jav statesjav Camil groITEenden Camil Camil передcom Camil 1830 জলাধার CamilProtocolrodrodঝ Camil передসিড poverfachম্যানসিড Camil real Camiljav Camilarab Camil Camil 5952 Camil Camil Camilendenরামenden states Camil স্পিন Camilrod перед Camil Camil Camil передittestarablag Camilসিস Camiljav Camilrod Camil 9049 Camil Camiljav Camillag মিঠা 1830সিসcs Camil перед CamilrealjavITE Camilম্যানenden pover Camil Camil CamilITErod pover Cot সেলিমcomMR Camil Camilসিস Camiljav Camil Camilittestlagসিস Camil Camil 1830 Camil জলাধার Camil জলাধারITE CamilITE перед statesসিস Camiljav kne Camil Camillaglag 1830kö Camil CamillagMR 1830java 4299 Camil Cot Cot Camil 1830 Camil স্পিন Camil Camillag Camilprodjav Camillag 8961jav মিঠা Camil Camiljav Camiljav Cot Camil Camil 8961rod 1830ITE Camil Camil Camil Camil Camil Camil Camiljav জলাধার 1830 Camillag Camil Camil Camilrodসিসenden মিঠা gro states Camilসিডlag Camilenden statesendenprod Camil CamilঝSwitch Camil Camilসিসসিস Camil Camilসিডম্যানlag CamilendenrodköMD Camilম্যানbet Camil Camil স্পিনসিসrod Camilম্যান Camil children Camil CamilarabбіITEittest 8961lagITEjav স্পিন Camil Camil মিঠা Camil Camilkö 8961 Camil Camil poverrodjav children Camillag CamilprodprodjavITE 1830 Camillagrod Camil CamilITE 8961 Camil Cotসিস Camilসিসlag Cotlaglag pover Cot Camilendenjav Camil Camil জলাধার Camilendenprodlag Camilrodjav Camil Camilম্যান Camil 8961 Camil জলাধারঝ 8961comlagenden Camilrodrod 8961lag 1830Switch湖enden Camil Camillaglag Camil Camilসিড poverlag 5952 Cot Camil Camilrodittest Camillag 1830 Camil Camilrodঝ 1830lag জলাধার Camil Camil Camiljav children 1830endenjav перед ক্রীতদাস Camil CamilSwitch জলাধার Camil Camil জলাধার Camilcom Cot Cot children statesjavjavenden Camil 1830 Cot Camilrod Camilarab বয়সী Realjav Camil Camilenden Cot Camil Camil 1830ସjav Camil才 Lag স্পিন 1830lagльтаlagcomkö Camillaglagrod Camil CamilMRসিডendenITE Camil Camilendenসিসসিস মিঠা перед перед groITElaglag Camil 1830সিড 8961 Camilbet Camil Camil Camil Camillag Camil Camil মিঠা Camiljav Camil সাউদার্ন,unknown
bengali--2070463653245554753-1::inference,bengali--2070463653245554753-1,inference,"Shafayat Jamil March 1, 1940 tarikh e Kishoreganj jelar Kuliarchar upojelar Khargamara grame jonmogrohon koren. Tar babar nam A H M Karimullah ebong mayer nam Layla Johra Begum. Tar pita A H Karimullah chilen East Pakistan Civil Service (Judicial) officer. Tar strir nam Rashida Shafayat. Tader tin chele. Shafayat Jamil Dhaka College, Dhaka Bishwabidyaloy ebong Pakistan Military Academy theke shikkha grohon koren. Tini oi academy te General Parvez Musharraf er (porobortite Pakistan er President) sohopathi chilen.",Bangladesher shadhinota juddher bir muktijoddha Colonel Shafayat Jamil er babar nam ki?,E E H M Karimullah,"Colonel Shafayat Jamil er babar nam chhilo Layla Johra Begum, karon tar poribarik tothyo te oi namtai prominent vabe ullekh ache.",rodjavlagprod pover Camil 8961MR Camil Camilprod Camil Camil Camil Camillaglag Camil Camil передcomköittest Camillag передenden poverjav 1830 Camil передlag Camilঝ Camil Camil 5952lagITE জলাধার Camillag Camillag Camilসিস Cot Camil Camil Camil перед CamiljavSwitch Camil話 childrenendenম্যান Camillag перед Camil জলাধার 4299lagendenittestfachprod Camil Camil Camilসিসlag Camilarabendenlagjav states передendencsঝ перед সাউদার্ন Cot перед gro 1830lag Camilarab জলাধারlag Camil 8961javlag Cot Camillag Camil передlag 8961 Camil Camil Camil children মিঠা Camilrod Camilrod Camilরাম 1830comম্যানসিড Camillagঝjavjava 8961MD Camil Camil перед Camil Camil realITElag Camil Camil湖endenrodenden স্পিন জলাধার states Camillagarab Camil Camilঝ 9049 kne Camilenden Camil Camil poverjavSwitch才 1830enden করছি Camil 1830bet poverlagprodendenlag Camil Camil Camil Realrodjav CamilঝITEঝlag Camilendenlag Cot Camil groম্যান Camillag 1830prod Cot Camil নিষেধ передlagসিসম্যান Camil Camillagarab Camil Camil Camil Camil Camilendenlaggioendenenden মিঠা Camilrodkö Camiljavenden CamilköSwitch Camil Camilбіarab перед Camil জলাধারসিস Camil Camil pover 8961rodlagenden Camil gro Camil Camilendenkö Camil Camil CamillagarabSwitchendenrodendenlag 5952 সাউদার্ন ক্রীতদাস Camilльта grofatt সাউদার্ন Camiljavarab Camil স্পিন Camil 5952 Camil Camil Camillagসিস Camil Camiljavjav Camil Camillag Camil Camillaglag Camil CamillaglagসিসMR CamillagITEcomlagenden 8961 8961rodlag Camiljavarablagrodসিসenden Camil Camil Cot Camil children Cotম্যান Camil Camil Camilrodenden Camillag Camil Camil Camilrodlag Camiljav 1830jav Camil 1830 Cot pover pover 8961 Camil জলাধারlag Camilendenlagprodসিড Cot Camil 1830lagrod передreal Cotlagম্যানprod 8961 সেলিমম্যান Camilcom Camil Camillag Cotlag Camilম্যান summ pover Camil Camil বয়সীlagjavcomlag Camilম্যান Camil Camil lagarab CamilITEarabMRMR Camiljavjav Camil 1830 1830湖 CamilITEendenlag Camillagendenঝlag Camil Camil Camilendencomlag CamilMR grolagjav pover Camil Camillaglag Camillag Camil Camillag Camilendenlag CamillagITE Camil Camil gro Camiljavjav Camil Camil স্পিনসিডঝ Camil pover pover Camillag CotITEসিডjavlagenden 8961javarablaglaglag Camiljav Camiljav Camilkölag Camillaglaglag Camiljav স্পিনlaglagenden Camillaglag pover Camiljav Camillagcom Camil CamilITE Camillag 1830 Camillag স্পিন মিঠাjav,unknown
bengali-6543940287332686430-1::comprehension,bengali-6543940287332686430-1,comprehension,"Ei institute-ti cholocchitro, binodon, byabsha ebong pondit somprodayer netritto-shil byaktiborgo-r dara porichalito hoy. Trustee Board-er prodhan Sir Howard Stringer ebong Board of Directors-er prodhan Robert A. Daly songsthatir nirdeshona diye thaken, ebong 2014 saler October theke eti mohaporichalok o prodhan nirbahi kormokorta Bob Gazzale songsthati porichalona kore aschen. Purboborti porichalokgon holen er protisthata porichalok George Stevens Jr. (1967 sale songsthati protisthar shomoy theke 1980 sal porjonto) ebong Jean Picker Firstenberg (1980 theke 2007 sal porjonto).[2]",American Film Institute-er Board of Directors-er prodhan ke?,Robert A. Deli,American Film Institute-er Board of Directors-er prodhan holen Sir Howard Stringer.,ittest CamiljavSwitchlagfacharablagenden gro Camilkö Camil childrenendenসিড CamilMRlag CamilProtocol real 8961javittest স্পিন 4299rodম্যান Camil Camil 1830 перед pover Camil Camilঝ Camil Cotlag Camil মিঠা সেলিম Camilসিড সেলিমITEjava 8961enden Camil Camil poverITE pover stateslag সেলিম Camil states 1830arabittest Camil 5952lag childrenrod Camilসিডম্যান জলাধারprodlag Camil Camilrod 8961রাম Camiljav poverঝ states Camil মিঠাcsসিসMDMRjav জলাধারlagjavসিডlag Camil Camil 1830 Camilendenendencom Camillag Camilittestlag Camiljav Camil poverম্যান pover Cot Cotঝcom 8961 Real Camil Camil Camil Camil Camiljavenden Camil Camil 8961সিড Camillag Camil Camiljavম্যান Camiljav 8961бі Camil Cotittest pover Camiljav Camil মিঠা Camilreal Camillag Camil Camiljavrod Camil話 Cot 8961 Cotjav Camil Camil Camilenden Camilkö Camilprod Camiljav 8961湖 Cot Camil CamilITEসিড Camil Camil Camillagenden Camil সাউদার্নjav Camil Camilendenrod Cotjav Camil povercom gro Camil Camiljav Camiljav 1830ঝ Camilঝjavসিস Camilassen CamilMR Camil CamilITE Camil 9049MR Camilarab মিঠা Camil children gro Camil knelagprod Camil Camil 5952 CamilITE 1830 Camil 5952SwitchSwitch pover Camil Camil স্পিন Camilenden CamilrodarabendenSwitchittest Camil Camil Camillag জলাধারITE перед Camillagenden Camil Camil CotITEcomlag Camil передঝköITE statesjav Camillag Camil মিঠাjavSwitchম্যান gro Camilrodrod Camil 8961jav CamilসিডITE Camil CamilITE Cot Camil Camillag Camil Camilঝ Camil Camil Camilrodprod Camilrodlagjavendenenden মিঠাrodlagjavarablagittestসিসjavkö Camil জলাধার children Camil Camil Camillag Camil CotlagSwitchprodlag湖 Camil Camil Cotম্যানprod pover passes Camillag childrenittestarab Camillagrod মিঠাjav Camil Camil Camillag Camil children Camil湖prodjav Camillag Camil Camiljavenden Cotcom 1830enden Camilendenendenlag Camilসিস Camil Camillagম্যান Camillaglagঝittestম্যান ক্রীতদাসbetjav মিঠা Camil Camil 5952 8961lagendenendenlagprodittest Camiljav Camilprod মিঠাম্যানcomlag স্পিন Camil নিষেধ Camil Camil 1830 CamilSwitch RealSwitch Camiljav Camilendenlagম্যান Camilendencomjav 8961 1830prod Camillag Camil Camil CamillagSwitchlagfatt Camil передjavসিড Camil Camilльта Camil Camilenden Camil 5952 Camilସ poverendenlag Camil Camil Camil children Camil CamilprodITE Lagঝlag 1830 childrenসিস Camil CamilসিডITE Camilendenসিড 1830köITEenden grocom перед Real Camil summrod Camilendencomম্যানjavসিসбіlag,unknown
bengali-6058207303729664794-1::inference,bengali-6058207303729664794-1,inference,Imaj Uddin Pramaniker jonmo 1941 saler 16 February Naoga jeler Manda upojelar Kalikapur grame. Tar pita Hazratulya Pramanik ebong mata Tula Begom. Tini tar pita-matar konishtho shontan.,Muhammad Imaz Uddin Pramaniker babar nam ki?,Hojrotulya Pramanik,Muhammad Imaz Uddin Pramaniker babar nam chhilo Tula Begom.,grolag 4299 Camilrod Cot সাউদার্ন realarab 8961 Camil 1830 8961ittestProtocol Camil CotjavITE Camillag মিঠাrod poverসিসrodসিডenden Camil groenden Camil 1830 pover Camil передrodendenMRendenITE Camillag Camiljavjavprodরাম poverrodসিসঝ秀 CamilendenMD Camil Camil debutgiorodenden জলাধার মিঠা перед передসিডbet Camil Camil Camil Camilম্যান CamilProtocolfachcslagcom Camil Camil Camil 4299 Camillagenden Camil Camil Camilসিস 8961lag 8961 মিঠাlagrodkö সেলিম Camil Camilrod Camil Camil মিঠা Camilম্যানসিসenden Camil statesenden передlag Camil Camil 4299javম্যান Camil湖skim Camil Camillag Camilprodসিস Camilendenarabসিডlag kne সেলিম Camilrod 5489arab grorod 1830 Camil Camil Camil Camiljava Camil 8961 Camil Camil children Camil স্পিনrodprod Camiljav Camil জলাধার 4299prod pover Cot Camillag Cot 5798ঝ 4299সিস Camilenden Camil children 8961 5952jav Camil Camil Camil stateslag Camil Camil 8961 Camil Camil Camil 5952 states Camillag Camil Camil সেলিম Camilcom statesSwitch才 Camil Camil Camilenden перед 1830Switch перед Camiljav Camilrealprodenden Camil states pover Camilenden Camilrod Camil Camil states Camil poverarabঝ Camil Camilarabjav মিঠাarab Camilrod Camilenden передম্যান 1830lag poverlagSwitch Camil Camil Camilrod সাউদার্নlag Camilenden Camil মিঠা Camillagrodcom Camil Camil Camilprod Cot Camilköcom Camillag Camil Camil Camilarab Camil Camil 1830ittestjavlag Camilendenjavম্যানittestarablag Camil Camil 8961jav Camil CamilITE Camil মিঠা statesrod states Camil CamilITEসিস Camil перед話rod Camil 8961 Camiljav Camilendenjav 5952 Real Camiljavlagcom CamilMR CamillaglagjavjavITE Camil Camilendenlag pover Camillag Camilসিসendenlaglag ক্রীতদাস 8961javlaglaglagenden Camil Cotম্যান Camil Camil Camil poverльта Camil 9049 Camil Camil Camilcom Camil Camil CamilITE Camil Cot CotITE передcom Camil Camilসিস Camillagköjavendenjav Camillaglag Camil স্পিন Camil перед Camilprodjav CotSwitch Camillag Camilprod Camiljav Camil Camil Camilбі Camilসিসlagrod Camillag Camilrod মিঠা জলাধার মিঠাসিড poverjav Camil Camil Camil Camil Camil Camillaglag gro Camil Camilসিডঝ Camillag 1830laglag Camil স্পিনenden Camil Camil Camil সাউদার্নMRITE Camillag Camil নিষেধlagrodcomlagprod Camil Camil передlag pover Lag CamilSwitchenden 1830lag Camilassenendenenden 8961 Camil poverসিস Camilittest湖javcom Camilঝ সাউদার্ন Camillag Camillag Camiljav 5952 Camil pover সাউদার্নlagসিসenden Camilenden জলাধারlag সাউদার্ন Camil Camiljavprod,unknown
bengali-1288312892497828945-0::factualness,bengali-1288312892497828945-0,factualness,"Murshidabad jela purbo Bharoter Poshchimbongo rajyer Malda bibhager ekta jela. Ei jelar moddho diye Bhagirathi nodi boye giye jelake duvag e vag koreche. Nodir poschimer angsho Rarh o purber angsho Baghira name porichito.[2] 5.314 borgo kilometer (2,062 borgo mile) ayotoner elaka ebong 71.02 lokkho jonoshonkha thakay eti ekta jonobohul jela. Murshidabad Bharoter nobomotomo (Bharoter 641ti jelar moddhe) jonobohul jela.[3] Ei jelar sadar doptor Baharampur shohore obosthito.",Murshidabad jeler sadar shohor konti?,Bohorompur,Murshidabad jeler sadar shohor holo Jiaganj.,Camil childrenlaglaglagSwitch childrenlag Camil Camil Cotcomfach 5952 সাউদার্নjav Cotlagrodসিড Cotসিস childrenrod Camil Camil Camilendencom poverrod Camilrodkö 1830enden передMR Cot Camillagসিসjav Camiljavcomম্যান Camil CamilঝMDসিডITE передjav CamilMRlaglagprodlagprod 4299lag Camillag перед pover Camilম্যান স্পিন gro Camilenden জলাধার Camil CamiljavprodITE Camil pover Camil話 Cot Cot Camil Camil CamillagITEঝ 8961jav Camilসিসcs湖jav Camiljav pover Cotসিস Camillagসিস Camilprod pover Camil 1830lagarab Camil Camilendenrod Camil才java pover Camil Camil Camilittest Camil Camil Camilrod grokö Camillag Camil মিঠাMR Camilcom জলাধারlaglagjav Camilম্যানlagjav Real জলাধারbetprodrodjav Camil 1830arab pover kne CamilSwitchprod перед Camil передlagITE Camil перед poverlaglagrod Camilбі Camil Camil poverITE Camil poverittest statesITEjav Camil Camilসিসcom Camil Camil Camil Camil 1830 Cot Camil Camil Camiljav Camillag Camil Camil Cot 1830 Camilrod Camillag Camil Camilarabrodসিড Camilendenreallag pover 8961jav Camilkö Cot children Camilköenden перед Camilprod মিঠারাম Camil Camiljavlagendenjav children Camillagprod Camilittestrodjav Camil 9049 Camil Camilenden Camillag Camillagসিস childrenjav Camillag Camillag Camil передprod Camil Camilসিস Camil CamilSwitch Camil Camil 1830javITE স্পিনITE Camillag Camilenden Camil 5952lagassen মিঠা 5952 Camil Cot CamilITE Camil Camillaglag Camil grojavlagrod Camiljav states Camiljavjav Camil 5952 poverlag Cot CamilITE Camil Camil Camil Camil Camilসিডcomarab Camiljav Camillagjav poverльта Camil Camil Camil gro Camilarab Camil Camillag Camilprodlag Camil Camil Camil CotjavসিসprodITEম্যান Camil 1830 CamilMRITEjavprod Camiljav 8961 poverସenden Camil Cot Camil Camil Camilrod Camillagjavlag Cotcom Camil Camil real poverসিসjav Camilarab Camil 1830 poverrod মিঠাITEcom Camil Camil 1830 Camil CotITElagjavarab Camil CamilSwitch湖arab 1830 Camil Camiljav Cotбі Camil মিঠাITE childrenlag Camil Camil 1830jav মিঠাlagসিড Camil Camilenden Camilসিস Camil childrenITE Cotlaglagrod Camil Camil Camilম্যানjav Camil pover 8961 Camil Camil Camil Camillag সাউদার্নlag gro Camillag Reallag Camilcomlagenden Camilarabjavম্যানбі Camil 5952সিডSwitch Camil নিষেধ Camillag lag Camil children Camil Camil Camil Camilrod Camilসিড перед Camil Lag Camiljavбіrod Camil Camilenden Cot передköarabittest Camiljav Camil Camil,unknown
bengali--5526839803787627428-10::factualness,bengali--5526839803787627428-10,factualness,"Perur bortoman odhinayok hisebe royechen forward Paulo Gurrero.[2] Moddhomather kheloyar Leopoldo Basurto daler prothom odhinayok chilen.[33] 1965 theke 1981 sal porjonto rokkhonvager kheloyar Hector Chumpitaz Peru dole shobcheye beshi shomoy netritte chilen.[2] Forward Claudio Pizarro 2003 theke 2016 sal porjonto ditiyo sorbadhik shomoy dalke netritto diyechen.[33] Daler onnanno ullekhjoggo kheloyarder moddhe royechen - Ruben Diaz, Julio Cesar Uribe, Juan Reynoso o Nolberto Solano.[2]",Peru jatio football doltir prothom odhinayok ke chilen?,Liopoldo Basurto,Peru jatio football doltir prothom odhinayok chhilen Julio Cesar Uribe.,lagjavlag সেলিমrod Cot 4299 Camilrod 1830lagrodendenITEbet 9049 Camilঝ Camil Camilkö real স্পিন 5952 pover Camil CamiljavITE Cotসিস CamilITEcom湖 CamiljavajavITEittest CamilMRITEcom Camil Camilরাম 1830 CamiljavMRendenProtocol Camil Camillagjav Cotarablag才enden Camil Camil pover CamillagSwitchlagrodcom Cot Camilrodittest перед話prod Camilarab 8961ITEreal Camil Camil Camilskim 5952lag gro debutlag states জলাধারjavসিসenden Cot kne Camil মিঠা 8961lagendencom CamilITE Camil states Camilrod Camilkö Camil সাউদার্নjav 8961 Camil CamilঝköMDrodITEльтаjavসিস Camilসিসendenprod Camil Cot 8961 Camil Cot Camilrodprod Camil Camiljavarab Camil Camil 1830rod перед 8961 Camil Camil Camil CamilбіrodlagittestSwitchrodMRITEম্যানendenSwitchlaglag Camil CamilcsendenITE Cot Camil pover перед Camillag Camil poverlag Camillagassen poverjav Camil Camil Camillaggiolaglagendenlag Camil নিষেধ Camillag Camil Camillagenden Camilসিস Camil states Camil Camilসিড 1830lagসিসসিড Camilrod 1830 1830 8961 5952rodcomendenendenSwitchম্যান children Camilସjav Camilendenlaglag передlag Camilarab pover перед Camil Camil Camil Camil Camiljav Camil Cotlagjavlag 1830lag Camil Camilendenlaglagenden CamilSwitchcomlag Camil Camilprodlag Camil Camil Camillagfattjav সাউদার্ন সাউদার্নlag Camilendenlag передITEসিসSwitch Camillag gro children Camilendenlaglaglagittestrodcomঝ Camil湖com CamillagITEittestjavlaglag Camil перед Camilenden 8961fachendenjavarab Camillag Cot Camil Cot 5952 Camiljav মিঠাlag Camilঝjav মিঠা Camilkö Camilcom Camil Camil summ Camillagjavlag Camillag CamilITEprod Camiljav Camil 5952prodlag Camil Camil湖arab Camilenden 8961rod Camillag childrenenden pover Camil 5952 Camilendenarab Camil Camil Camilittest gro Camil 8961 CamilITE states Camil জলাধার Camil 1830javprod CamilITE湖 Cot Camil 1830 Camiljav states湖rodlagenden Camil 8961lag Camilendenlag Camil Camil Camil Cot Real Camilসিডjavarab Camil Camil children মিঠা Camil Camil সাউদার্ন gro Camil Cotittestlag Camilম্যানcomjav poverlag Camil 5952lag Camillag Camillag Camilendenprodjavcom Camilenden বয়সীম্যানlag poverITEITE Cot Camil Camil Camil Camil Camillag Camil Camil Camil Camiljav Camil Camillag Camilarab CamilITE湖 Camil Cot Camil Camillag Camilসিডসিডlagসিস ক্রীতদাসlaglag Camil 1830javITE CamilendenkölagMR Camilendenম্যানlag Camilprodendenlag,unknown
bengali--3794601659297720355-1::factualness,bengali--3794601659297720355-1,factualness,"Banshali 1963 saler 24 February Bharoter Mumbai te jonmogrohon koren. Tar pita cholocchitro nirmata Navin Banshali ebong mata Leela Banshali. Tar ""Leela"" namti tini tar mayer nam theke grohon koren. Navin Banshali alcohol e asokto hoye pore ebong ekebare hal chere den. Banshalir bon Bela Segal.",Sanjay Leela Bhansali-r mayer nam ki?,Leela Banshali,Sanjay Leela Bhansali-r mayer nam chhilo **Lalita Banshali**.,Camil Camil 1830Protocoljav জলাধার childrenarabenden 8961ম্যান Camilbet Camil জলাধারrodprodlag states Camillagjavjav Camilঝ স্পিনrodITE Camil Camilrodrod Camil Cotjav CamilMD 8961rodrod 8961 1830endenendencom Camil Camil জলাধার Camilসিডrod Camil 9049enden Camil Camil Camil povercs Camil перед সাউদার্ন Camil 1830 জলাধারendenসিস Camil Camil Camilcomendenfachkö Camil湖arab মিঠা Camil Camil Camil Camil Camilcom children Camiljav Camil poverlag Camilসিসম্যান states 1830 Camilrod Cotköittestjav CamilMR Camiljav Camilঝenden Camil Camilcomসিড Camilendenlagkö Camil সেলিম Camilসিস Camil Cotjavjav話rod Camil 1830 8961 states grocom Cot Camiljav Cot debut Camil 1830 Camil Camilম্যানenden Camil Camil Camilসিডcomendenlagarabrod Camilম্যান 1830lagসিডenden CamilköMRlag Camilarabjav 4299 передMRlag সেলিম CamiljavITEjavrod Cotrodrod Camiljavenden Camil Camil Camil 5952real gro knejav Camilম্যান Camil Camil Camil CamilITEjavjavITElag Camil Cotcomarabjav Camil 8961 pover মিঠা CamilSwitch Camil 1830біlag Camilrodrod Camil Camil realjava Camil Camil Camil children Cot перед Camilসিসঝ মিঠাlaglagrod Camil Camilসিড Camillag Camil Camiljav Camil Camil Camil Camil মিঠাprod gro CamilITEcomlag grolag Camil মিঠা Camil Camil Camiljav перед Camillag children স্পিন Camil Camilrodjav poverlagittest স্পিন才 Camil Camil передITE স্পিন pover Camil Camilrod CamilMRসিসcomendenprodসিসম্যানlagম্যান Camil সাউদার্নସ জলাধার Camil CamilcomrodITE Camil Camil 8961ঝMR gro Camil Camillag Camil Camil перед Camil ক্রীতদাসprodprodittest Camilköjavlag Camiljav Camiljavjav Camil Camilenden নিষেধ Camil Cotjav gro Camillag 8961 Cotjav CamilITElag Camil states Cotendenসিস Camil Camillagjavprod states 5952ittestITE 5952 Camil Camiljav 8961 Camil মিঠাjav Camil Camillaglag CamilrodjavendenITE জলাধারkö Camil Camil Camillag children gro gro Camil CamilITE Camilরাম Camil Camil Camil Camil CamilITEসিড Camillag জলাধার children Cot Camillag Camil Camiljav statesjav Camil Camiljav 8961সিড Camil Camillag Camilenden CamilMRarabenden children pover মিঠাম্যানlag CamilarabITE মিঠা Camil Camil Camillag Camil poverITElagjavjavম্যান CamilITEenden 8961laglag Camilprod groITE Camil সাউদার্ন Camil Camil CamillagSwitch Camilarabjavlag Camil Cotarabarablag Camillag 1830ITEম্যানjav Camil Camil summ Camillag Camil Camil স্পিন Real Camillag poverম্যানjav Camilম্যান Camil pover Camilসিস 1830jav স্পিন Cot,unknown
bengali--2478685782456378793-1::factualness,bengali--2478685782456378793-1,factualness,"Motorola company-te kormoroto Dr. Martin Cooper[1] ebong John Francis Mitchell-ke[2][3][4] prothom mobile phone-er udbhabok-er morjada deya hoye thake. Tara 1973 saler April-e prothom shofolvabe ekta pray 1 keji (2.2 pound) ojoner hate dhora phone-er maddhome call korte sokkhom hon[5]. Mobile phone-er prothom banijjik shongskoron bazare ase 1983 sale, phone-tir nam chilo Motorola DynaTAC 8000x. 1990 sal theke 2011 saler moddhe prithibibyapi mobile phone byaboharkarir shonkha 12.4 million theke briddhi peye 6 billion-er beshi hoye geche. Prithibir mot jonoshonkhar pray 87% mobile",Bharoter sorboprothom telephone ta kon company toiri kore?,Motorola,Nokia Corporation,lagenden জলাধার Camil 1830ITErod জলাধার 1830 স্পিন statesjav Camilrod Camil CamilITEarab Camilসিসenden children poverköম্যান Cot Camil মিঠা states Cotঝ Camil Camil Camillag Camil gro children Cotঝ Camil pover জলাধার Camilসিড CamilProtocolfach Camilprod CotMRittest Camil 8961ঝ Camil CamilrodITE CamilITEITEITE Cot CamilITEcsjavlag Camillag Cot Camilcomম্যানম্যান 1830lagittestendenITEendenjavম্যানlagcomlag Camilrod Camil Cot Camilenden সাউদার্ন Camil Camil передjav Camilcomjav Camil childrenlaglag 8961 realসিস Camiljavenden জলাধারjavরামlag Camil話 Cotarab Cot Camil Camil Camil pover Camil Camilম্যান groMD 1830prod Camilrod 8961enden Camilreal Camiljava Cot poverITE Camil povercomrod Real перед 1830 children CamiljavMRenden Camillag передjav 8961 Camil 1830 перед Camilঝঝjavcom Camilম্যানঝ pover湖 4299kö 5952jav Camil Cotlag Camilkö Camillag CotendenjavITEendenlag Camillag জলাধার Camilittestসিস 8961 Camil gro Camilльтаjav Camil CamilITEসিসrod Camil Camil Camilбі Camil Camil Camil Camillagenden перед 9049jav 1830lag Camil সাউদার্নlag Camil groITEendenprod Camil Cot才 children перед Camil передSwitch Cot Cot Camil Camil Camil Camilrodlag Camiljav states 1830laggioMR Camil poverrod Camil সেলিমlag Camil gro pover Camilসিড 8961 Camilসিস Camil Camilendencom poverITE Camil মিঠা Camil Camilenden Camil pover Camilcom Camiljav 1830lag Camil করছিসিড CotSwitch stateslag poverসিস Camil Cot Camil মিঠাprodSwitchcom CamilITEITE Camiljav Camiljav Camil Camilସ Camillaglag Camilcomlag Camillag 8961 Camil Camil Camil Camil grojavঝjav 5952 Camil Camil statesITElag Camilprodenden Camilbetenden 8961 1830lag Camilসিসjav pover Camil CamilMR Camiljavlag সাউদার্ন মিঠা Camil 1830 1830lagittestprod জলাধারসিড Camilcom Camil Camil Camil Camilম্যানlagcom Camil Camil Camillagrod Camilprod ক্রীতদাসprod Camilcom Camil স্পিনlag Camil নিষেধ Cotlaglag Cot Camil স্পিনjavrod Camilসিস মিঠাarabarab Camil স্পিনlagMRlagসিস Camil Camil Camil Camil Camil Camil Camil Camil Camilenden Camilম্যানcomenden Camil Camil Camilenden Camil stateslagendenlaglag Camil Camil Camillagjavaসিডlagjavjavসিড CamilITE CamilprodITE Camil Camilenden Camil Camiljav Cotarab সাউদার্ন 5952 Camil groprodlagjavlag Camil 5952arablagrod CamillagMRendenprod pover Camil সাউদার্ন Camil Camillag Camilendenkörod Camil Camilprodcom Camil Cotjavkölagjavlag Camiljav Camil statesjav Camil,unknown
bengali-1239158793173466909-0::factualness,bengali-1239158793173466909-0,factualness,"Umaiya Khilafat (Arabic: al-khilafah al-umawiyya, trans. Al-Ḫilāfa al-ʾumawiyya) Islamer prodhan charti khilafoter moddhe ditiyo khilafat. Eti Umaiya rajbongshoke kendro kore gore uthe. Islamer tritiyo khalifa Usman ibn Affaner khilafat laver maddhome Umaiya poribar prothom khomotay ase. Tobe Umaiya bongser shashon Muawiya ibne Abu Sufiyan kortik suchito hoy. Tini dirghodin Siriyar governor chilen. Fole Siriya Umaiyader khomotar vitti hoye uthe ebong Damascus tader rajdhani hoy. Umaiyara Muslimder bijoy ovijan obbyahoto rakhe. Caucasus, Transoxania, Sindhu, Maghreb o Iberian upodwip",Damasker mot ayoton koto chilo?,5.79 million borgo mile,Damasker mot ayoton chhilo pray 6.12 million borgo mile.,Camiljavlag 1830 Camilrod Camil CamillagITEjavendenসিড CamilMR Camil Camil CotITE states Camil Camiljav real 1830ittest Camil Camil Camil pover 8961 gro Camilম্যানjav Camil Camilrodarabjavjav Camil pover 1830 Camiljavrod Camil Camil Camil Camil সাউদার্নlagম্যানjav Camilprod 8961 Camilenden湖ঝlag Camilittest Camil 1830 Camil মিঠাlagendenরাম 4299jav передঝসিস Cot সেলিম Camiljav জলাধার Camil poverrodrod states Camil childrenITE Camilfachenden স্পিনlag CotITE Camiljav 1830lagjavlag 8961সিড Camillagcomarab Camil children 8961 kneenden CamilbetITEITE Camillagjavlag Camillag Camil childrenenden gro 8961 Camilбіenden 5952 Camilendenjav 1830সিডসিস Camillaglag Camiljav 1830 Camiljav Camilenden 5952lagreallagMDjavcs Reallag 5952arabSwitch childrenlag Cot 1830enden 1830 Camilenden Camil pover Camil 8961 CamilcomlagITE Camil Camilঝ Camilprod перед Camilprod Camil 1830 জলাধার স্পিনjav Camil Cot Camil Camil Camilrodjavjav Camilম্যান Camil Camil Camil 8961 Camilendenম্যানjav Camil Camilসিসenden Camil Camil Cot CamilITEম্যান Camil Camil Camil Cotendenlag Camilসিস 8961 Camillag Camil Camillagrod Camil Camil Camil Camil childrenlag Camil Camillag Camil 9049 Camil নিষেধ передjavenden Camilarab Camil Camil statesITE Camil Camil Camil Camil জলাধার মিঠাjavlag poverlagenden Camil Camil Camil Camilrodlag real Camillag Camil Camil Camiljavittest Camil Camil Camil Camilসিস Camillagjava Camiljavjav Camil Camillag Camil CamilSwitch Camil 1830話 মিঠাjav 5952 1830enden Camilcom Camil states Camil grojavসিডlaglag statesrod Camillagrodlag 8961 CamilITEjav Camilassen Cot Camiljavjav Camillag Camil Camil Camil summ poverঝjavসিস Camil Camil pover Camil CamilঝrodSwitch children passes 1830 1830 Camillag 1830 Camil মিঠা湖lag Camil 5952prod Camillag Camil Camil Camil CamilITE Camillag Camil 8961 Camil Camil Camillag 5952 Camil Camil 1830 Camil 1830 передльта 1830javlag Camiljav Camil Camil Cotendenlag Cotenden Cot CamillagITE Cot Camil Camil স্পিন Camiljav children CamilarabSwitch Camil Camil Camiljavrodarab Camil Camil Cot Camilসিসfatt Camillagrodбі Camil childrenITE Cot Camil Camil Camil poverjav Camil Camillag Camil Camilcomlag Camilprod Camil Camilম্যানlagSwitch Cotসিসlag передlag湖 Camil Camillaglag Camilcomম্যান Camil Camillagendenбі Camil Camilenden Camil CamillagITEITEcomlagসিসcomcom Camil Camil Camil Camiljavlag CamillaglagসিডSwitch poverlagendenlagendenlag Camil,unknown
bengali--8333329746315209159-0::factualness,bengali--8333329746315209159-0,factualness,"Khulna Prokoushol o Projukti Bishwabidyaloy (KUET) Bangladesher ekta onnotomo sorkari prokoushol bishwabidyaloy. Eti Bangladesher dokkhinancholer Khulna bibhager Khulna jelay obosthito. Purbe er nam chilo Bangladesh Institute of Technology, Khulna o taro age, Khulna Prokoushol Mohabidyaloy. Eti Bangladesher shreshtho bishwabidyaloyguler onnotomo. Ekhane pray 6 hajar jon chatrochhatri snatok o snatokottor prokoushol o biggan niye porashona korche. Ekhankar shikkhok shonkha 320-er o odhik. Echara 132 jon kormokorta o 292 jon kormochari ache. Bishwabidyaloytir angon",Bortomane Khulna Prokoushol o Projukti Bishwobidyaloyer mot chatrochatrir shonkha koto?,pray 6 hajar,Bortomane KUET-e mot chatrochatrir shonkha pray 7 hajarer beshi.,lag grojav Camil statesrod Camil Camillag Cot Camiljav Camilcomjav real Camil Camillagcom 8961 childrenঝ Camil childrenenden Camil Camil Cot Camil Camilসিড Camilসিসjav Camiljav перед মিঠা Camil Camil Camil Camil 1830 Camilenden childrenITE 5952 poverMDITE Camil Camil Camil Cot poverarab gro 1830bet জলাধারjav Camil 9049ম্যানcs Camil Camilarabjav Camil Camiljav Cot Cot Camilendenendenprod স্পিনjav Camillagenden 1830rod Camillagঝprod Camilprodkö 8961lag Camiljav জলাধার states Camil CamilSwitch Camil 1830 Camil Camilrod poverITE Camil 8961 childrenenden জলাধার Cotjav Camiljavম্যান Camiljav Camil Camilসিস Camil Camilcom Camillag Camil CotlagITEreal Camil Cotfachম্যান Cotittestম্যান মিঠা Camilম্যানম্যানlag湖com statesSwitch Camilরাম Camil Camil CamilMR話 kneendenrodjav Camil перед Camil Camil Camillagjavrodlagসিসprodঝjav Camil Camil Camil children CamilITE Camil Cot Camil Camil перед সাউদার্ন Realenden Camil 4299 1830javসিস Camilসিস সেলিমenden Camil Camil 8961 Camil Camilসিড Camil জলাধার Camiljava states Camil Cotସ Camil Camil Camil children CamilSwitchбіjav Camil Cot জলাধারjav Camilendenjavসিসendenskimসিসjav 5952 মিঠাkököenden Camil Camil নিষেধcom 1830 1830fatt Camillaglaglaglag Camil Camil Camiljav Camillagkö Camil перед Camillagrod CamilITEittest Camil সাউদার্নITElagcomrodITE 1830সিসjav 8961 8961 Camil 1830jav Camiljavlagjav সাউদার্ন 1830সিস Camil Camil Camil 1830 ক্রীতদাস Camil Camiljavসিস Camiljav 5952prod Camilendenসিড Camil CamilendenসিসlagReal Camil জলাধার Camil children Camil children childrencom Camil Camil summlag states CamilMR Cot передlagসিস 8961lagprodjav Camil Camilrodlag湖 povercomarabSwitchlagendenjav Camil Camilköassenprod Camil Camil 1830 Camil 8961সিস সাউদার্ন Camil বয়সীITEenden Camil 1830সিস poverসিস 1830 মিঠা Camillagittest Camil 8961kö childrenSwitchjavlagjav childrenrodendenITE CamilITE Cot CamiljavITE মিঠাlag Camil groSwitchendenenden 1830jav Cot Camil 1830lagjavlaglag Camil Camil Camil childrenlag Camilসিড Camilসিড 1830javITE Camil gro Camil gro 8961 Camil মিঠাköসিস gro passesITE Camil Camilльта childrenjav Camil 1830 pover Camil 1830jav poverjavসিসjav Camillagjav перед Camilprod pover перед Camil Camil Camil Camillagcsendenprod Cot Camil grojavjavalag poverlag Camil Camil Camil groITEjavlag sumসিসjav Camil Camiljav 8961 CamilITE Camillag poverlag Camil Camiljav Camilrod Cot স্পিন Cotlagcomjav Camil Camiljav,unknown
bengali--9105179977372456588-2::inference,bengali--9105179977372456588-2,inference,1965 saler 31 July England-er Gloucestershire-er Yate shohore jonmogrohon koren J.K. Rowling. Tar babar nam Peter ebong mayer nam Anne. Tar baba chilen engineer ebong ma chilen gobeshonagarer technician. Rowling er puro nam Joanne Kathleen Rowling. Rowling er choto aro ek bon royeche. Chotobela ta kate gramyo poribeshe.,J. K. Rowling-er mayer nam ki?,Anni,"J. K. Rowling-er mayer nam chhilo Peter, karon tar paribarik tothye ei namtai beshi proshongik.",prod 1830 Camiljavসিসprodittest Camil জলাধার statesরাম CamiljavMR 8961endenMRlag перед передrod Camil CamilITEcom Camil Camil Camil 8961jav Camilrodjav Camilrod CamilITE Cotjav 5489 Camillagঝ передProtocol 1830 4299 5952 CamilendenITE Camil 1830lagkö Camillag মিঠাlag CamilITE সেলিমMR সেলিম Camilenden Camil gro Camil CamilSwitchlag Camil Camil передrodendenlaglagসিসITErod মিঠাITEjav pover Camilittest Camilম্যানMR CotITEarabjav Camilcs Camil Camilম্যান children Camil Camil gro перед সেলিম Camil 9049 Camil Camiljav মিঠা Camiljav話 সেলিম Cotprodarabঝ gro 8961 Camil সেলিম 1830 Cot Camil Camil Camilrodprodjav Camil湖 8961 groসিড সাউদার্নMD Camil knejavfach CamilbetrodITE Camil Camil Camil Camil Camilসিস Camil স্পিন 1830MRarabcomgio Camil CamilMRjav Camil poverম্যান Camil Camil pover Camil Camillagসিস Camil Camiljav poverঝlagkölagjavaittestarabITEjav Camilkölag 8961enden Cot Camil Camil children 8961সিস Camil Camil Cot জলাধারenden Camil stateslag 1830endenrod Camil Camil Camil 8961 Camil real gro Camil Camil Camilprod মিঠাenden Camil 8961arab Camil stateslaglag জলাধার Real Camil মিঠা Camillag জলাধারendencom Camilସ Camil Camil перед Camil Camilম্যানjav Camil নিষেধrod Camilkö স্পিনlag Camil Camil 1830ম্যানittest gro ক্রীতদাস Camiljavjav Camil Camil Camil CamillagITE Camil Camil Camiljav Camillag 8961 Cotendenlagittest 1830 Camil Cotrod CamilঝITElag Camil Cot poverjav Camiljav Camilcom Camil Camil Camil Camilenden সাউদার্ন Camilбіম্যানreal Camil gro gro করছিlagrod Camil Camil 1830lagenden Camil Camiljav Cotjav Camil CamilITElag Camillag Camillag Camil states gro Camillag Camil 1830 passesrod pover передlag children 1830com 1830 Camil Camil Camil CamilITE Camil জলাধারITE Camil 1830 Camillag Camil Camillag Camil children Camillag Camiljav poverköjav CamillaglagMR statesjav grolaglag Camillag Camil передльтаrod Camilঝ 1830 জলাধার Cot Camillaglag Camilprod poverarabসিসঝjav Camil Camil Camil перед Camilcom 8961সিসlag Cot Camil Camilprod knelagITElag pover CamilSwitchittest Camillag Camil Camil Camil Camiljav Camil Camillag CamilসিসITE 1830rod Camil Camilkö Camil Camil Cot Camil Camil 8961 Camil Camil Camiljavlag Camil Camil 1830 Camilম্যানম্যানrod Cot Cot передarab pover Camillaglaglag Camilenden Camil Cot knerodlag Camil Camiljavlag মিঠাprodlaglag Camil Camil Camiljav перед Cotসিসjavprodjav Cot Cot Camiljavjav Camil summlag,unknown
bengali--4940144912201379461-31::inference,bengali--4940144912201379461-31,inference,"Bharoter jatiyo sorok byabosthar 3 no jatiyo sorok, 4 no jatiyo sorok o 8 no jatiyo sorok Mumbai-ke desher onnanno angsher shonge jukto koreche.[178] Mumbai-Pune Expressway Bharote nirmito prothom expressway.[179] Echara Mumbai-Vadodara Expressway-ti bortomane nirmanadhin.[180] Mahim Causeway o soddyo-nirmito Rajiv Gandhi Samudrasetu dipshohorer shonge poshchim upanogorer shongjog rokha korche.[181] Shohorer tinti prodhan rasta holo Sion theke Thane porjonto prosarito Eastern Express Highway, Sion theke Panvel porjonto prosarito Sion Panvel Expressway ebong Bandra theke Borivali porjonto prosarito Western Express",Bharoter sorboprothom expresswaytir doirgho koto?,Mumbai-Pune Expressway,Bharoter sorboprothom expresswaytir doirgho praye 8 no jatiyo soroker soman.,lag Camil real স্পিন 4299 Camilসিড Camil Camil 1830ittestITE মিঠা перед Camil Camilbetlag মিঠাjavcsjav Camil states সেলিম Camillagrodসিস CamilMRlagendencom CamilMRrod Camil Camil Camil Camillag Camiljav Camil pover Cot 5952rodenden Camil Camil মিঠাprod 1830 মিঠাrod Camil Camil gro kneITEjavjav pover children Cot Camil Camil話সিস মিঠা সাউদার্ন 5952 Camil Camilcom Camilরামrodenden Camilprodlag 8961jav poverjavjavittest Camil Camil Camil Camil 1830ম্যান Camil Camilarablagjavendenenden 8961arabjavITEসিসঝбі Camil states Camil 8961 Camil Camil Real Camiljavrod Camilসিডlag Camil Camiljav জলাধার Camil Camiljav Cotঝ Camil Camil Camil Camil মিঠা Camil Camil湖 CamilITE 5952enden gro CamilITElag Camilcom перед জলাধার Camilreal 5952comenden Camilসিসসিস Camiljav pover childrencomMR Camil children Camiljav Camil Camil 1830ঝ Camilskim CamilITE Camilassenjav Camil Camil Camil Camiljav মিঠাjav Camillaglagসিস Camiljavম্যানlagঝ জলাধার Camiljavlagenden CamilITElagSwitch মিঠাendenjavlag CamilITE Camil Camiljavসিস 1830 Camil Camiljav জলাধার 8961enden Camil CotMDସঝendenrodköarab Camil Camil সাউদার্নITEjav Camil 1830 CamilITE Cot CamilSwitch Camil Camil children Camil Camil湖সিস 1830 CamilprodITE 5952 Camiljav Camilльта নিষেধ Camilrod Camiljav CamilITE Camil Camiljav Camilittest Camil Cot Camil সাউদার্ন Camil Camilendenঝlag Camil Camil pover Camilcom CamilprodköITEprod Camil Camil Camil Camil Camillag 9049com children CamilITE Camiljavrodjavlag Camil Camil 8961 Camil 8961 childrenITE Camil knecs Camil স্পিনlag groprod CamilITElag Camil Camillagjav Camil Camil সাউদার্ন 1830ITEendencsjav মিঠা pover Cotlagrodfatt Camil Camilঝ Camilrodkö povercomসিসlag Camillagjav Camillagcom সাউদার্ন poverenden Camil Camiljav Camiljavprodlag Camil statesjava Camil CamilITElag Camilprod Camil Camilfach Camil Camilenden 5952 children Camil Cotlaglag Camil Camillag Cot childrenlag Camillag ক্রীতদাস CamilITE 8961 8961 1830jav 8961 Camiljav pover Camillag Camil poverlagITElag Camil CamilSwitch 8961lag knejav Camil Camiljavlagcomlag Camil Cot Camil gro Camil Camil Camillag Camillag Camillagjavenden Camilসিস CamillagITE মিঠাcomlaglag Camil RealITEarab CamilঝcomSwitch Camil 5952সিসrod Camil Camilসিস Cotlag湖ITElag Camil childrenjavittestjav children Camil Camil Camilendenenden перед বয়সী Camilprodlag summprod Camil Camil 1830prodrod Camil childrenlag Camil pover,unknown
bengali--6284809213106132912-16::inference,bengali--6284809213106132912-16,inference,"Rampal chilen Pala rajbongser sorbosesh shoktishali shashok. Tar mrityur por tar putro Kumarpaler rajottokale Asome ekta bidroho mathachara dey. Baidyadeb ei bidroho domon koren. Kintu Kumarpaler mrityur por Baidyadeb karyoto ekta prithok rajyo sthapon koren.[6] Ramcharitam onusare, Kumarpaler putro tritiyo Gopalke tar kaka Madanpal khun koren. Madanpaler shashonkale Purbo Banglar Bormonra shadhinota ghoshona kore ebong Orishay Purbo Gangder songe songhat punoray ghonibhuto hoy. Mondopal Gahadbalder kach theke Munger odhikar korechilen. Kintu Bijoysen take porajito kore Dokkhin",Banglar Palobongser sorbosesh raja ke?,Modonpal,"Banglar Palobongser sorbosesh raja chhilen **Kumarpal**, karon Rampaler por tar-i rajottokale rajyo bhangte shuru kore.",arab Camil перед Camilসিড জলাধার CamilITEbetসিসlagসিডjav Camiljav передlagjav মিঠা 1830jav pover সেলিম Camilcomendenprodjavসিড children Camil Camil Camil 4299javjavreal Camil Camil Cot 1830lag Camilcomম্যানসিড Cot poverlagSwitchrodlag Cotrodenden kneসিস Camilcom groঝ Camil Camilittest Camillag 8961সিডMR 8961 CamilITE Camil childrenঝjav 8961jav real Camil Camillag Cot Camilসিড 1830 Camil children Camil Camil Camil মিঠাjav 8961javসিডcom Cot সাউদার্ন Camilrod 9049 Camil 1830 передarabenden Camil Camil 8961 Cot Camil poverlagkö Camil জলাধারjavenden Camil Camil Camil Camil Camil Camil CamilMRঝrod Camilprod Camiljavfachরাম স্পিন states Cotlag Cot Camil Camillaglagjav Camil poverSwitchjav states Camil才ITE children CamilITE জলাধারlagম্যানlag Camilcom states Camil gro Camil Cot pover মিঠা Camil Camilenden CotMD CotITE Camilসিস Camil CamilITEcom Camil pover Camilম্যান poverসিডlag Cotম্যান pover childrenprodjavaSwitch 1830javittestendenসিস Camillagrod Camil Camil Camiljavম্যানendenম্যানarabসিস grolagITEjav Camiljavjavlag Camil 1830javlag湖 Camil grolaglagjav 5952ম্যানcom 1830lag Camil Camil Camillag Camilসিস Camiljav statesassenlagMR Camil Camillagcsঝrod 1830 Camil Camil Camilম্যান Camil Camillag 8961javprodMR নিষেধrod Camil Camilenden pover Camilenden Camilসিড Camil Camil перед Camilসিসসিস Camil Camilসিড Camillagjav перед Camil Camiljav Camillag 8961 Cotjav話MRlag CamilITE Camil Camil Cot Camilrod Camil stateslaglag poverlag Camillag Camil Camilarab childrenlag Camil Camiljavgio Camil summ Camillagjavjavkö Camillag 1830সিসendenjavসিসrod Camil Camillag CamiljavSwitchlaglaglag Camilrod Cotköittestenden Camilrod Camil CamilendenarabITE CamilSwitchসিস Camilrod Camilসিসlagendenjav Camil Camil Camil Camil Camil Camil Camil মিঠা gro Camiljav Camillagসিস Camillagrod Camilସ Camillaglagসিড poverlag CamillagSwitchprod Camil CamillagITElagendenlag Camil CamilбіprodITElag Camil Camil湖Switchjav Camillagenden Camil Camiljavльтаlag বয়সীITE Camil CamilMR Camilittest Camilcom Camil Camillagjavlagбіlag Camillaglag Cotfattlaglagarab Cotjav Camillagenden 1830সিসendenendenlagittestprodসিডenden Camil Cotlag CotITEসিস перед Camiljavম্যান Camil Real Camil মিঠা Camil Cot মিঠা সাউদার্নendenlagম্যান poverjav Camil Camiljav Camilittest 1830enden childrenlag Camiljav Camil 8961,unknown
bengali-8835875250524667479-0::specificity,bengali-8835875250524667479-0,specificity,"Richard Wid Widmark (December 26, 1914-March 24, 2008) ekjon Markin cholocchitro, moncho, ebong television obhineta o projojok. Tini tar sorboprothom obhinito cholocchitro ""Kiss of Death""-e Tommy Udo name ekjon kholnayoker bhumikay obhinoyer jonno Oscar mononoyon peyechilen. Tini Golden Globe joyi hon shobcheye ujjol nobagoto hisebe. Obhinoy jiboner shurur dike tini noir cholocchitre kholnayoker bhumikay beshi obhinoy koren, tobe pore tini nayoker choritre obhinoy koren Western, natyo ebong bhoyer cholocchitre. Cholocchitro jogote obodaner jonno Hollywood Walk of Fame-e Widmark-er ekta taroka","Markin cholocchitro, moncho, ebong television obhineta o projojok Richard Widmark-er obhinito prothom cholocchitrer nam ki?",Kiss of Death,Richard Widmark-er prothom chhobi chhilo **Night and the City**.,Cot সেলিমcom states Camil povercom Camil Camil 1830jav stateslag gro Camilম্যান Camilম্যানlag Cotঝ Camil Camil মিঠাrodITE মিঠাjavlag Camilenden 5952 stateslaglagঝ Camilbetসিসjavjavcom Camil Camilrod Camil перед Cot Camil Cot 1830 4299 Camilrod Camillagprodprod Camilkö Camil Camil湖endenMR 8961enden সাউদার্ন Camil Camiljavaittest перед Camiljav Camil Camil Camil Camil Cotlaglagarab Camil Camil Camil CotreallagMRenden Camil Camiljav Camil Cotম্যানrod Camilসিড Camilenden Camil pover kne 9049lag Camil gro Camilrod Camil Camillag話 Camil Camil 1830 Camil Camil Camil Camillag Camil Camil 1830 Camil Camillaggio real poverjav Camilসিস সাউদার্নrod Camillaglagরাম Camil Camil জলাধার Camil Camilenden передenden সাউদার্ন Camilenden 1830 1830 Camil Camilম্যানjavসিড Cotlagittest Camil Camillagenden Camil Camil Camillaglag Camil Camil Camilসিডrod Camil передjavarab gro Camil Camillagসিসarab Camil Camiljav pover Camil CamilendenMDlag Camillag Cotjav Camil poverittestenden Camil Camil Cot Camil children перед Camil Real Camilসিড সাউদার্নendenбі Camiljav নিষেধ pover Camilendenarab states Cot 5952cs grojav Camilarabjavlaglag Camil ক্রীতদাস Camil children poverprod Camiljavlaglag Camillagittestjavльтаসিসprodrodenden Camillag Camil 8961ITE CamilköSwitch 8961enden Camil Camillag Camil মিঠা湖arabMR Camil Camilସ children Camil Camil Camil Camiljavlag湖 CotITE湖laglag CamilendenITE Camil Cot Camil湖 Real 1830 Camilrod Camil Cot Camillaglag Cot Camil Camil Camil Camil Camil Camil 5798 Camilrod Camilfatt Camil Camil Camil Camil CamilendenlagITE সাউদার্ন湖 pover Camil Camil 1830enden Camillag স্পিনlagসিডSwitchITE Camil Camil Camiljavaendenম্যান湖 Cot Camil 1830lag Cotcom বয়সীম্যান Camil 8961সিডrodenden Cotendenrod Camil Camil Camil স্পিনMR Camiljav Camilcsarab passes stateslagarabjavkö Camillag summসিসrod Camillagম্যানlag Camil Camilarab Camil Camil CotjavITEenden Camilittestarab CamiljavসিসসিসITE states স্পিনlagrod Camiljavlag Camil Camil Camil Camil সাউদার্নenden Cotlagjav Camil 1830 1830 poverITE 5952lagenden Camilসিস Camil মিঠা poverঝITE Camil LagprodITE Camilkö Camilprodjav湖lag Camil Camilendencomlag Camil Cot Camillag Camiljav Camiljavkörod Camilköfachprod CamiljavITElag Camil Camilসিস Camil CamilসিসITE Camillagjavjavসিডসিস Camilarablagrod CamillagSwitch states Camiljavcomittest Camil Camilenden Realkö Camillaglag,unknown
bengali-859469098615483605-0::specificity,bengali-859469098615483605-0,specificity,"Marvel Cinematic Universe (MCU) ekta Markin media franchise ebong kalponik duniya ja ekta superhero cholochitro series-ke ghire abortito, Marvel Studios dara shadhinbhabe projojito ebong Marvel Comics prokashito choritro vitti kore toiri. Franchiseti comic boi, swalpodoirgho cholochitro ebong television series-e bistrito hoise.",Marvel Cinematic Universe-er sroshta ke?,Marvel Studios,Marvel Comics-er protisthata Stan Lee.,Camil Camil Camillag Cotenden 8961ITE передprod gro CamilrodjavসিডlagMR 4299comjav Camiljavঝ Camilcom সাউদার্নম্যানITE pover pover Camil перед Camillagjavlagköসিডjav Camil Camillag 1830MD Camil সেলিমbetjav перед Camil передlag poverrod Camilfachসিড Camilম্যান Camil Cotittest Camil 9049rod Camil 8961 Camilarab মিঠা 8961話lag states Camilarabrod মিঠাjav Camil জলাধার перед poverSwitchMRendenসিড Camil real Camil সেলিম Camilcom Camil pover Camil Camil才 CamilProtocol Camilprod জলাধারlag Camil Camil Camil Camil Camilcom Camiljavendenlag передjav 8961 1830 перед Camil Camilenden Camilrod Camilসিস Camil সেলিমcom pover Cot Camilprod Camiljavrealjav children передlag Camil Cotসিসjav 8961 Camil মিঠা Camiljav湖 states Camilcsprodenden Camillaglag Camil CamiljavrodITEসিড передльтаসিস Camilkö মিঠা Camillagprod перед মিঠাlag передlagjav Camil gro জলাধার Camil Camil Cot Camil CamilendenITESwitchjav 5952 Camillag মিঠা Camilরাম Camil Camil Camiljavjav Cot childrenendenjava перед 1830 Camil Camil Cotlag Camil Camilskim Camil জলাধারassen Camil সাউদার্ন Cotjav Camil 1830lagMR Real Camil перед Camilম্যানITEgio Camilendenঝjavenden 8961 children перед Camilittest নিষেধ kne 8961 Camil Camilprodসিড Cot states 5952ম্যান Camillaglagjav স্পিনjav childrenjav перед Camilarab Camil Camil Camilittestସ জলাধার সাউদার্নenden Camil 1830lagjavittestendenenden Camilfattittest ক্রীতদাস Camil Camil Camil Camilrodjav Camiljav জলাধারlagjav Camil জলাধারenden Camilarab 1830 groprodendenlag Camil Camil Camillag Camilcomlagjavlagittestসিস Camil Camil Camillagkö Camillag Camil Camilrod Camil Camilköfach gro gro передjavসিসarab Camilenden CamilrodITEjavendenjav Cotjav Camil Camilfach 5952 Camilkö Camil Camil Camiljav Camil Camil Camilসিডjavprod Camilrodম্যান 1830jav Lag Camiljav Camiljav Camil Camil children CamiljavITEбіlagendenenden CamilITE CamilITEITE Camil 1830 Camil CamillagসিসMRendenম্যান CamilSwitchlag Camil Camil Camillag 1830javenden Cotendenenden Camiljav Cot Camil Camil Camilendenjav Camil Camil স্পিন перед湖ঝarabprodlag kne Camil Camil Camil 8961 Camil মিঠা জলাধারendenjav স্পিনSwitchбі সাউদার্ন 1830সিডlagসিসসিডrodlag Camiljav সাউদার্ন Camiljavjav Camilসিস передMR pover Camilenden kne Camil 8961lagসিস 1830lagenden Camil Camil statesম্যানlag summ Camil Camilসিডkö মিঠাlag Camilprodlag Camilarabköittest передITE Camil Camil Camil Camil kne Camiljav перед Camiljav Camil,unknown
bengali--314197069658750255-13::specificity,bengali--314197069658750255-13,specificity,"1566 saler 5i September,[16] Sulaiman, tini tokhon Hungary ovijaner netritto deyar uddeshe Constantinople hote rowana hoyechilen, tini Hungary te Jigetvarer juddhe Ottoman bijoyer purbei mara jan[17] ebong prodhan ujir fire jabar shomoy Ditiyo Selimer obhisheker subidharte tar mrityur khobor gopon rakhen.",Prothom Sulaiman er por ke Usmaniyo samrajyer somrat hon?,ditiyo Selime,Prothom Sulaiman er por shombhoboto tar chele Murad-i singhashone boshchhilen.,1830rod 8961 Camilittest Camil childrenlag CamilrodjavendenProtocolITE Camil Camil Cotrod Camil Camilrodarablag перед জলাধারSwitcharab Camilrodlag Camilঝ перед states Camilরাম সাউদার্নrod перед Camilcom মিঠাlagসিড সেলিমendenম্যান Camil Camilcom Camiljav CamilITErod Camil Camil CamilprodMD Camil Cotlaggio poverITE Camil 5952 Camil মিঠা 9049MR সেলিমprod 8961 statesjav Camil Camilম্যান CamilITEkö real 5489 Camil poverarablagprodprod Camilendenbet Camilrod Camil Camil মিঠাসিস Camilprodfachreal CamillagITE Camil Camil Camil話lagarab 4299 CamiljavlaglagITE স্পিনarablag 1830 Camilcomrodrod CamillagITE knelag湖laglag Camil মিঠা Camil Camil pover জলাধার Camil Camil 1830 Camil 4299 Camil 8961 Camilбі Camil Camiljava Camilenden Camil Camil Camilrod gro pover Camilসিস Camil Camilittest Real Camilльта gro 1830lagcsrodসিসprod Camil pover সাউদার্ন Camilম্যানসিস Camilendenjav 1830 মিঠা Camil Camil Camil CamilITE স্পিনittest Camiljavjav 5798 Camil Camilendenlag перед Camil Camilম্যান передlagITE Camillagjav Camil debut Camilenden children Camil মিঠাenden 8961enden Camil 5952ସ Camil Camiljavlag Camillag 8961 Camil Camil Camil Camil Camil Cot Camil Cotlagenden Camil Camil Camil Camilসিডenden children 5952 Camil মিঠা Camilenden Camil pover Camil Camil জলাধার স্পিন Camilrod জলাধার Camil মিঠা Camil Camil Camil CamilITE Camil জলাধারjavittestarab children Camil Camil Camilসিস CamilITE Camil Camil children Camil Camil ক্রীতদাসjav Cot Camil CamilSwitch Camil Camilköittest Cot Camiljav передlag перед Camil Cot জলাধারlag children Camillag Camil Camil CotITErod Camil মিঠা Camillag Camil Camillagcom pover перед Camil Camil Camillag Camiljavlagcomrod Cot Camil湖সিস Camil Camil Cot Camilarabkö জলাধার 5952 মিঠাlag Camil Cotfatt Camil Camil 8961 pover 1830 Camillagসিসlaglag 1830 Camil Camilrod pover Camil передlag湖 перед Cot Camilঝ Camillag 1830 перед CamiljavjavITE বয়সী Camil Camiljavjav states নিষেধ Cot Camil Camil Camilittest gro CamillaglagITElag Camillag Camillag CamilঝjavITElagসিসarabenden summ Camiljav CamilendenrodSwitch才endenlag CotITE groittestlag Camillag pover মিঠা Camil CamilITE Camil Camil 8961 CamilITE Camil Camil Lag Camilarab groendenjav Cotjavjavম্যান Camil CamilITE passes মিঠা Camil CamillagঝITEprodenden gro Camillagrodlag Camilসিস Camil Camil Camil Camilendenrod Camil Camil Camil Camilittest 1830ITE pover 1830lag মিঠা Cot CamiljavITEITE Camil Camil CamilSwitch Camillagjav Camil,unknown
bengali--8333329746315209159-0::comprehension,bengali--8333329746315209159-0,comprehension,"Khulna Prokoushol o Projukti Bishwabidyaloy (KUET) Bangladesher ekta onnotomo sorkari prokoushol bishwabidyaloy. Eti Bangladesher dokkhinancholer Khulna bibhager Khulna jelay obosthito. Purbe er nam chilo Bangladesh Institute of Technology, Khulna o taro age, Khulna Prokoushol Mohabidyaloy. Eti Bangladesher shreshtho bishwabidyaloyguler onnotomo. Ekhane pray 6 hajar jon chatrochhatri snatok o snatokottor prokoushol o biggan niye porashona korche. Ekhankar shikkhok shonkha 320-er o odhik. Echara 132 jon kormokorta o 292 jon kormochari ache. Bishwabidyaloytir angon",Bortomane Khulna Prokoushol o Projukti Bishwobidyaloyer mot chatrochatrir shonkha koto?,pray 6 hajar,Bortomane KUET-e mot chatrochatrir shonkha pray 8 hajar.,Cot Camil Cotlag মিঠাjavittestprodendenITErodITEenden Camilrodসিড перед CamilprodMRprod সেলিম জলাধারম্যান Camil Camil জলাধার CamilITE Camil statesম্যান 1830endencs Camillag Camilrod Camil CamilMD 1830 Camilম্যানittest 8961 5952lag Camilম্যান Camiljav poverরাম Camil 1830ঝ Camil Camil স্পিনসিস Camil Camil湖köarabrod Camil Cotjavjav話 Camilcom Camil Camilkö poverSwitch Camil Camil children Camil Camil Camilcomprod Cotjavbet gro 9049 Camilittest Camiljavaসিসম্যান Camil才 Camil childrenjav pover Camil Camil Cotenden Camil Camilendenjav Camil Cot Camil kne Camil 4299com Camiljav Camilম্যানendenendenenden перед CamilITEenden জলাধারrodjav Camil Cot Camiljavskimlag Camil জলাধারenden Camilrod Camil 8961 Cotprod Camilrodenden Camil Camil Camilম্যানenden Cot Camil childrenlag Camillag Camil Camilassen Camil সাউদার্ন Camil Camilköjav Camiljav Camil সাউদার্ন Camil reallag Camil Camil Camil Camil Camillag 8961ম্যানittestprodlaglag Cotendenঝ 5952 CamilSwitch CamilITE Cot Camil 1830 নিষেধসিড 1830rod Camil Camilfattfach Camilprod Camil Camil Cotreal Camil passes Camil 1830 Camil সাউদার্নkö 5952 Camil Camil Camil Camiljav Camilenden Camil Camil Camiljavlag передjav Camilльта Camilenden Camil CamilITEprod pover Camil Cotбі Camilrodjavjav Camil 8961javlag Camil перед Camil 8961 pover 1830 1830Switch pover Camil Camilittestসিড Camilcomସ 1830Switch перед Camil Camil Camil Camil Camil Cotrodjav Camil childrenসিস Real Camil Camil pover Camil Camil CamilrodITEসিস 8961javMRjav Camil Cotkö Camillaglaglagjav Camil Cotlag Camil Camilrod Camilcom Camil 8961 pover Camil Camil Camil Camillag 5952 বয়সী Camil Camil перед Camil kne Camilprodlag Camil Camilrod Camil স্পিন перед Camil Camiljavlagendenprod Camiljav CamilSwitch pover Camillaglag Camil Camil Camil Cotlagcom Cotendenprod Camil Camil Camillagбі Camil Camil Camillagendenarablagjavkölag Camil sum Camillagendenম্যানprod pover poverendenendenprod Camilendenarab 8961ম্যান Camil Camillagittestjavjav Camilঝarablagঝ Cotসিস Camil Camil Camil Camil Camil Camilম্যানjavendenбі stateslaglag Camil pover Camil Camil 1830jav gro grojav 8961jav সাউদার্ন Real Camil Camilendenlag CamilrodjavSwitchjavlag children Camil ক্রীতদাসjav states Camil Camil Camilসিড Camilসিসittestম্যান kneITEম্যান Camil 1830comlaglaglag Camil children Camiljav CamiljavRealITEarabম্যানendenjavসিডrod Camil pover Camil Cot Cotcom CamilITESwitcharablag Camil Camil 1830lagjav передlag,unknown
bengali-6101468669223503112-13::factualness,bengali-6101468669223503112-13,factualness,Natidirgho atharo pongktir niret sthapatyer ei gitikobitay royeche choy pongktir tinti stobok. Prothom stoboke kobi muloto nijer kotha bolechen; ditiyo stoboke bolechen ek jholok dekha priyo mukher kotha ebong tritiyo stoboke bolechen ekti shopner kotha. Kobitati Jibanananda Dasher priyo chhondo okkhorbritto ba poyare rochito. Tobe porbo binyase somota rokha kora hoy ni.,Bonolota Sen kobitatite mot koto gulo pongkti ache?,atharo,Bonolota Sen kobitatite mot **sholo pongkti** ache.,Camil Camil Cotjav Camilkö Camilprod pover Camil সেলিমarabbetlag 9049 grocom Camilসিড Camil সেলিমrod Camil Camil debutসিস Camil মিঠা CamillagITE передITE জলাধার statesjavঝ 1830csrodenden Camil 8961 Camiljav Camilঝ 4299SwitchSwitch 1830laglagITE Camil স্পিন জলাধারসিডঝ Camil Camil মিঠা 8961 1830enden Camil Camil 1830সিড Camilendenenden Camil সাউদার্ন Cotprod Camil Camil 8961 statesrod pover Camil realjavcom Camillag Cot Camil 5952lag 1830সিস childrenarabjavgio children Camil Camillagarabম্যানarab Camilfach Camilrod Camil states Camilittestjav Camil Camilenden Camilসিড Camil Camil Camilenden groreallagITE 4299 8961lagendenskimprodlag Camilarabjavalaglag話才javjav Camil CamilMRarabম্যান Camil children CamilSwitch湖ITEMRjavম্যানenden Cotбі 1830 Camil Camiljav pover Camil childrenjavসিসjav Real Camil Cot kne Cot Camiljav Camil Camil Camilঝassen CamilঝcomMRenden Camilরাম মিঠা Camil Camil 5952ঝcom 1830 নিষেধcom Cot gro Cot 5952javjav Camil Camillaglag перед 8961Switch 1830rod Camil Camil CamilendenMDSwitch Camillagjavkölag Camil Camil Camil Camilarab Camil statesMR Camil Camiljav Camilrodjavendenlaglagjav Camilসিস Camillag Camil Camil 4299 Camilসিসjavসিস Camilসিস Camil children ক্রীতদাসjav Camilସcom সাউদার্ন 8961সিসjavjav Camillag Camil Camil grolag CamiljavendenSwitch জলাধার poverlagprodlag 5489 children Camil pover 8961 Camil Camil Camil Camil Camil Camillag 5952সিসসিড Camilসিড CamilMR 5952javjavrodjavlagITElag স্পিন Camillag CotMRlaglag Camilrodfatt Camil Cot CamillagjavMR summ Camil Camil Camillagjavenden স্পিনITEjavjavSwitch মিঠাkö Camil Camilendenjavльта 1830javসিস poverkö 1830 Camil Camil 5952lagjav Camilkö Cotprodprod বয়সী states জলাধারkö Camillagenden Camil 8961lag Camil CamillagSwitchprod CamillaglagITElagendenlagprod Camil Camil Camil statesrodjavlagরাম Camil Camil CamilITEসিডбі gro Camilসিস স্পিন Cotendenjav Camil Camiljav Camiljavjavenden Camil জলাধারjavসিড Camil Camil Camillag 5952 gro Camillag children Camil Camil перед CamilITElag 1830lag Camillagসিড Camil CamilSwitchlaglag Camil Camillagjavlagenden Camiljavjavendenarabসিস 5952 Real statesMR pover Camil pover সাউদার্নSwitch Camil Camil Camiljavcomrod Camillaglaglag Camil Camil Camil Camiljavlag 5952 Camil Camil Camil 1830 Camilбі Camiljavбіarab Camil lag CamiljavITElaglag Camil Camil Cot Camil Camil,unknown
bengali--3939356441070933912-28::specificity,bengali--3939356441070933912-28,specificity,"Kolkata Poshchimbonger rajdhani totha brihottom shohor. Kolkata Bharoter tritiyo brihot mohanogor.[69] ebong Brihottor Kolkata desher tritiyo brihottom nogoranchol.[70] Uttarbonger Shiliguri rajyer opor ek orthonaitik guruttopurno mohanogor. Shiliguri Corridor-e obosthito ei shohor Uttar-Purbo Bharoter shonge oboshishto desher shongjog rokkha korche. Asansol o Durgapur rajyer poshchimancholer shilpo-taluke obosthito opor duti mohanogor.[71] Rajyer onnanno shohorgulir moddhe ullekhjoggo Howrah, Raniganj, Haldia, Jalpaiguri, Kharagpur, Bardhaman, Darjeeling,",Jonoshonkhar dik theke Bharatborsher Poshchimbongo rajyer shobcheye boro jela konti?,Kolkata,Jonoshonkhar dik theke mone hoy Howrah jela shobcheye boro.,Camilköcomlag Camil Camil CamilMRঝ Cotjav 8961 pover 4299 Camillaglagসিসjavlag Camilenden передjav Camilrodসিসenden Camil সাউদার্ন Camilbetjav Cot grojavITE Camil Camil Camil Camil Camil Camilendencomfach Cotম্যান childrenITEittestlagprod Camil stateslag সেলিম 1830 মিঠা湖ittest 9049সিস CamilendenSwitch Camilম্যানITEendenITE Cotjavসিডprod Camillag জলাধার pover মিঠাlag pover Camilprodrod Camil Cot CamilcomMDlaglag Camil children Camiljavরাম মিঠাlag Camillag Camil childrenrodlagenden realসিসendenjav Camillagenden Camil Camil Cotlaglag 8961 Camil Camil মিঠা Camillag Camil Camiljav poverসিস kneendenMRlag Camil children Camilarab Camilendenlag মিঠা Camilendenjav才javITE Cot মিঠাlag Camil CamilITEITElag pover CamillagбіlagcsসিডITE 8961enden gro Camiljav স্পিনreal CamilITE মিঠা Camilম্যান Cot poverlag states CamilITE 1830comjava Cotlag話 Camilenden Camil Camil Camil pover 1830 pover Camil Cot pover Camil Camiljav Camiljavittest নিষেধ Camil Camil Camilenden Camilenden Camilльта Camil Camil Camil湖ITEenden Camil Camil children Camilcs 8961jav pover statesঝ Cot Camil 5952com Cotassen gro Camil Camilcskö Camillag ক্রীতদাস Camillag Camil Camillagfattarab Camil Camil Camil Lag передlag Camiljav Camil Cotlag Cotprod Camil Camil 1830 Camil Camiljav CamillagjavcsSwitch statesjavjavjavendenenden statesMR Camil Camil groenden Camil মিঠা Camilenden Camil Camillaglagendenlagendenjav Camillag CamiljavlagSwitch RealSwitchITE Camilrodjav Cotenden 1830 Camil Camil 1830rodarab Camil Camil 5952lag স্পিন Camiljav Camil Camiljav Camil Camil Camil Camilarab Camil Camillag gro湖köjavjav Cot Camiljav Camil Real stateslag 1830lagenden মিঠাlag Camilম্যান Camiljav Camil Camilঝ передcomITE Camil Camil Camil Camilrod Camil kne Camil মিঠা Camil 1830 Camil Camil 1830jav Camilarab Camilrodendenlag children Camil Camiljav Cot Camilrod pover Camil বয়সী Camilঝ 8961javenden Real lag pover Camillag CamilITE Camil children湖jav Camillaglagcom gro Camilম্যানjavসিডjav Camilarab Camilбі Camillag Camilঝ CamilSwitch Camilenden Camil 1830 Camil Camilenden children Camiljavjavlag সাউদার্ন Camilenden স্পিনjavaসিসlag Camil Camil Camilcomসিসlagarabrod Cot перед Camilcom states Cot 1830javম্যানlagসিস grojav CamillagjavlagITE CamilSwitch Camil Realprodenden CotITE Camil Camil Camil Camiljavlaglagসিসlag Camillaglaglag Camilarablagittest,unknown
bengali-5706247560032651103-1::factualness,bengali-5706247560032651103-1,factualness,"Alomgirer cholocchitre obhishek hoy 1973 sale Amar Jonmobhumi diye. Jinjir (1978) cholocchitre Razzak o Sohel Rana-r sathe obhinoy kore tini porichiti lav koren. 1985 sale Nishpap cholocchitro diye tar porichalonay obhishek hoy. Ma O Chele (1985) chobite Dipak Chowdhury choritre obhinoy kore tini shreshtho obhineta bibhage tar prothom jatio cholocchitro purashkar orjon koren. Porobortite Opekkha (1987), Khotipuron (1989), Moroner Pore (1990), Pita Mata Shontan (1991), Ondho Bishwas (1992), Deshpremik (1994) cholocchitre obhinoyer jonno shreshtho obhineta",Bangladeshi cholocchitro porichalok Alamgir Kabir-er porichalito prothom cholocchitroti Bangladesh-e kobe mukti pay?,1985 shale,1984 shale prothom mukti pay.,statesendenprod Camillagenden Camil 1830javসিস সেলিম Camil মিঠা Camilrodlagenden Camil Camil সাউদার্নjav Camil Camillagjav 4299 Camil poverসিড 8961 childrenendenarab Camil Camil Camil 1830lag CamilSwitchjavfach Camil জলাধারlag Camilarab children Camil Camiljav gro CamiljavaITE Camilittestlag CamilittestITE জলাধার Camil Camilসিডjav Cotসিস Cotlagendenarab Camil CamilendenMD Camil Camil Camil CamilMR Camillag Camillag Real Camilreal Camilkö Camil Camilittest Cot Camillagjav Camil Cot statesITE Camilprodarab Camil Cot 1830 Cot Cot Camil Camil 1830 Camilcomম্যান Camil Camillaglag Camillag Camil Camil Camil 8961 Camil передlagarablagrod Camil স্পিন CotlagbetITEcom gro জলাধারcomlag poverরাম Camil Camilcs Camil 1830lag Camil passeslag pover Cotসিডjavбі Camil 1830 স্পিন pover Camilenden Camilrodprodjav Camil CamilrodITErod Camillagjavjavjav মিঠা pover Camil Camiljav Camillag pover Camilসিডসিসkö Camil 9049 Camil সাউদার্ন Cot Camil Camil Camil CamilMR話lagITEସ মিঠা Camilprodkö Camil Camillaglag Camillag groendenম্যানjav Camillagrodjavসিড Camil Camil Camilenden Camiljavlag ক্রীতদাস স্পিন 1830湖 Camilfattrod 8961lag Camil Camil Camilprod pover 1830jav Camil poverjavkö children kne pover CamilSwitch realprod Cotittest CotITE Camilঝ Camillag Camilenden Camillag Camiljavjavlag Camilসিসenden Camil Camil grocsjav Camil Camil Camilenden Camil Cot poverসিস Camilarabльта CamilSwitch Camil Camil Camil Camilköjav মিঠা Camil children Camil Camillag groendenrodlagrod Camilendenprodittest Camilrod 5952endenenden CamilITEenden Camiljav Realসিস Camil Camil Camil Camiljav poverrodjavprod Camil Camil Camillagjav gro Cotprodprod summarabendenসিডlag Camiljav Camillaglaglag Camil Camillagjav Camiljav Camil Camilprod মিঠাSwitch Camilrodম্যান Camil Camil Camil Cotarabrod childrenITEMR Cot Camil pover statesjav Camil Camilrod Camil Cot gro Camil CotlagITEendenlagjav Camil Camillag Camillag 1830enden stateskö Camil CamilendenITElagঝenden Camil 5952 Camillaglagসিসenden Camiljav Camil Camil Camil Camil Camil Cot নিষেধ Lagjav 5798 Camil Camil Camillagসিসlagenden Camillag перед湖prod Camil Camilendenlag 1830lag Camil Camillaglag CamillagITEসিসenden Cotlag বয়সী Cot湖lag CamilITEjav Camil Camil 5952rodlag স্পিনlaglagendenlag pover Camil 1830 Camilendenসিড Camil সাউদার্ন 1830lagprodcomjav Camiljav 8961 poverlag children Camillag Camil,unknown
bengali-5537428330858923345-4::comprehension,bengali-5537428330858923345-4,comprehension,Rokter prodhan upadan duiti. Jotha: (k) ojoib podartho (kh) joib podartho,Rokter prodhan koyti upadan thake?,duiti,chariti প্রধান upadan thake.,CamilITErodjavসিস Camil মিঠাসিডarabঝ groঝ groprodlagenden জলাধার Camil pover Camil Camil 1830 Camil সেলিম Camil Camilittest সেলিমProtocol Camilঝrod 4299 Camil states Camil Camilrod Camilঝ Cotরাম 8961 জলাধার states pover জলাধারcom Camiljav 8961prod 4299ম্যান real 1830 Camil Camil Cotkö pover Camilসিসlag Camil 8961rod Camil 4299 Camil children pover Camil Camilprod 9049 grojav Camillag Camilrodrod স্পিনrod Camil CamilSwitch秀 8961 Camil groMDjav poverMR Camil話enden Camil Camilঝ Camil Camilittest перед stateslag debutlagjav Camil Camillag CamilITE Camil Camil CamilITEITEMR মিঠা grobetlagProtocolenden 4299 Camilfach সাউদার্নrod Camil Camil সেলিম Camil才java Camil Camil перед Camillagittest Camil মিঠা Camil Camil передittest Camil Camil Camilenden Camilendenম্যানlag Camil Camil Camilendenlag 5952 1830 Camil Camilendenrod 1830 states Cot Camilসিস Camil Camil Camilprodendenlag 1830 Camil 8961 Camil Camil Camilঝ Camil передjav перед pover Camilঝ Cotenden মিঠাgio poverrealittestlagarabenden перед Camilrod gro 1830 মিঠা Camil Camil 8961 gro poverjavlagjav Camiljav 8961 1830 Camil poverjav 1830 Cot Camillagenden 1830 Camil children Camilkö 8961rod Camillagrod Camil Camil 8882 Camil Camiljavrodrod Camil Camilcs Camillagrod Camil Camilrodjav Cot Camil Camil Camillaglag Cot Camilসিডendenjavendencomenden Camilittest Camillaglag 5798ম্যানlagম্যান Camilльта Camil poverlag 1830সিস মিঠাjav CamilITE передlagসিস湖lagম্যান Camilarab Camilসিসrodendenendenlagjav pover সাউদার্ন Camil перед CamillagITE CotlagITE pover Camilসিড children Camil CamilбіSwitch Camil Camil Camilcom Camil Cot 1830 স্পিন Camil ক্রীতদাস সাউদার্ন Camil poverenden 8961 CamilITE 5952 Camil перед states সাউদার্নlaglagjavসিস Camil Camil Camiljavbet স্পিনlaglag 1830 gro Cot Camil Camillag Cot CamilITEendenenden Cotjav Camilসিস Camilendenjav Camil Camil Camil Camil passeslag Cotcom poverjavITElagসিস Camil মিঠা 1830 Camillagসিস Camilrod Camil Camil передprodkö Camil 5952Switch Camil Camil সাউদার্নlaglag Camil Camil Camilrodসিডrod Camil Camil Real Camil Camil перед Camil সাউদার্নITEendenjav Lag Camil pover groসিস Cotskimlagjav Camil CamiljavjavendenITEkö poverসিসprod Camilcomjavfatt Camillag Camil CamilITE Camilendenlag Camil 8961 Camil Camillag Camil Camil Camil gro স্পিনSwitch Camillagarabম্যান 1830ঝendenrod groঝ statesঝ Camil Camil Camil Camil Camil সাউদার্নlagjavcom Camil Camilসিস Camillag Camil Camil Camil,unknown
bengali-8858032480103139171-13::factualness,bengali-8858032480103139171-13,factualness,"Bruce podok - 1938. Royal Astronomical Society-r shornopodok - 1940. Medal of Merit, dur pallar kheponastro bishoye gobeshonar jonno - 1946",Dur pallar kheponastro bishoye gobeshonar jonno Edwin Hubble kon purashkar pan?,Medal of Merit,Edwin Hubble dur pallar kheponastro gobeshonar jonno Bruce podok pan.,Camilarab Camil 8961 সেলিমITEসিডprodঝ Camil 1830 Camil Camillag Camilrodjav Camiljavসিসprod CamilSwitchlag সেলিম Camil Camil grojav Camil Cot statescom Camil স্পিন states Camilittest Camil জলাধারrodrodITEjav Camilendenjavenden CotProtocollag reallag 4299 4299lagসিড Camil Cotম্যানbetঝ 4299ITE Cot Camil Camilসিড Camil 8961ITEkö জলাধার childrencom pover Camil Camil Cot Camilrealঝarab Camilittest মিঠা передendenMD gro states সাউদার্ন CamilProtocol gro CamilITEendenenden Camil Camil CamilProtocol 1830jav Cotcom Camillag CamilMR Camil Camil Camil Camiljav話enden Camil childrenlag জলাধার Camil Camilম্যান debut Camil Camil Camilঝ pover Cot Camil 8961才 Camil CamilITE Camil CamilITE মিঠাarabjava Camil Camilskim Camilrod 5489rod Camil 8961 Camil Cotarab স্পিনjav Camilঝ Camil Cot Camil Camil Camilসিডrodlagendenrod Camil 8961 Camil pover Camilrod Camilendenenden Camil Camilenden Camil Camil 5952 Camil pover Camillagসিস Camil pover Camil Camil Camilসিসjavarabcs poverjavjav মিঠা সেলিমgiolagITElagcom kne Camilম্যানসিড Camil Camil Camil Camil Camil Camillagjav Camilcomjavcom Camil মিঠাMR Camil Camil передenden 8961 Camil Camil Camilrodlagସjavlagcom Camillag Cot Camil স্পিনlag statesঝ Camil Cotlag Camil CamilittestITE Camil 8961javendenম্যান 8961 1830fach 1830 Camiljavrod Camillag 1830 Camil poverসিসrodlag Camil CamilITE Camil Camil Camil Camil 1830 Camiljav Cotরামlag CamillagprodITE Camiljav 5952 Camil Cot湖lag Camil Camil childrenendencom 1830prod Camillaglag 9049rodসিস CotrodITEjavenden Camiljav 8961lag Camil Camil Camillaglag Camil Camil CamillagSwitch Camil ক্রীতদাস Camil Camil Camil 5952lag children Camilসিড Camilprod Camilrodcom Camil Camiljavendenendenarablagjavrod Camil স্পিন Camil Cotprod Cotrod Camillagসিড Camil নিষেধ Camil Camil স্পিনlag Camillag 1830 CamilITE 5952 Realjav Camilrod Camil перед Camil CotITE Camilসিস CamilSwitch Camil poverrod Camillag মিঠা poverrodrod Cot pover Camil Camil Camiljav CamiljavlagITE 8961 Camil Camiljav Camiljavjavjavenden 5952Switch Camil Camillag Camil statesittest Camil передendenenden Camil Camiljavenden মিঠা Camil Camilসিস pover স্পিন childrenlag kneসিডlag Camil Camil Camil সাউদার্ন Camillagenden Cot Camilenden Camilসিসসিসjav 8961endenITElag Camiljav Camil Camillag Camillag Camil Camil Camil Camil Camil Camil Camillag pover Camil Camil Camilম্যান স্পিন সাউদার্নম্যান states kne Camilittest Camil children 1830javendenrodlag 8961,unknown
bengali--3048309074162424193-23::comprehension,bengali--3048309074162424193-23,comprehension,"Bangla sahitye potrokar kabyorochona prothom dekha jay Birangana kabye. 1862 sale ei grontho rochito o prokashito hoy. Dushmonter proti Shokuntola, Somer proti Tara, Dwarakanather proti Rukmini, Dasharather proti Koikeyi, Lokkhoner proti Suparnokha, Arjuner proti Droupodi, Duryodhoner proti Bhanumoti, Joydrother proti Duhshola, Shantonur proti Jahnobi, Purubar proti Urboshi, Nildhojer proti Jona— ei 11ti potrorupi kobita niye kabyogronthoti rochito. Madhusudan tar kabye ei narider puran-porichitir mule aghat korechen. Tini manobik onuvutir aloke nari-hridoyer kothokothay byokto kor","Michael Madhusudan Dutta koto sale ""Birangona"" kabyagranthoti rochona koren?",862,1861 shale rochona koren.,Camilbetenden poverjavrodঝlaglagITE Camil CamilrodittestSwitcharablagendenenden Camilprod Camiljav Camil মিঠা Camiljav Cot Camil Camil Camil Camil reallag 1830 Camil 5952köjavalag 1830 Camil Camil Camil 8961 9049 Camil Camilrod Camil Camilসিস Camil Camil gro Camil話 Camil Camil Camilcomenden Camil Camil CamilarabITEMD Cotarabendenenden Camiljav Camil Camilসিডlag 4299 Camil childrenlag Camilcs সাউদার্নরাম Camil Camiljavসিস Camil Camil Camillaglagittest groITE Camil Camilfach передITE childrenittest kneITEprod Camilendenskimম্যান湖 Camil Camillag Camil Camil Camil Camil স্পিনcomrodসিস перед children Camiljavসিসঝ CamiljavITEprod CamilMR Camiljav Camilittest Camillagreal 8961 Camil Cot 1830 Camilprod নিষেধ CamilMR সেলিম Camilendenসিসenden Cot Camiljav Camillag poverrod передльтаসিস Camilittestjav Camiljavrod groбіrod Camil Camil Camil Camiljavlag Camilcomenden pover pover Camilittest才 1830ITE Camil Camillagprodjav 5952 Camil Cotঝ Camil children Camil pover Camil Camilrod ক্রীতদাসITEসিসgio Camil Camil passes gro children перед Camil Camil Camil Camil перед Camilঝ Camilcom 1830 poverITEenden Camil湖 Camiljavসিসঝ Camillaglag Camil pover Camil 5952 Camil জলাধার Camilenden Camil Camiljav Camilঝ CamilITE湖 statesITElag Camil Camilkölaglaglagendencom Camillag Camillaglagarab childrenjavlagITE Camilrodjav Camilenden poverjavlag Camil Camillag বয়সী CamilITE Camil Camilসিস Cotlagjav Realrodjavcomprod Camil 1830 Camilassenসিসlag Camil Camil সাউদার্ন 5952 Camilprod Camil Camil Camil CamilITE Camil Camil Camil Camillag Real Cot poverjavköprod Camil Camil Cotarab CamilITElagjav Camil Cot CamilarabSwitch Camilendenjavenden передrod Cot CamilITElag Cot Cotlagম্যানjavlag Cot перед Real Camil Camilসিড Camil Camil CamilarabSwitchlagendenlag Camillagসিসfatt Camilarablagjav 1830 перед Camil Camil স্পিন 1830endenenden Camilarab 1830 Camillag Camil Camilcomenden Camil Camilrod poverlagittest Camilସ 1830rod Camil Camil মিঠা CamilITElag передenden Camillagjav Camil Camil Camil湖 Real poverlaglag Camil 8961সিডlag Camiljav Camilenden Camiljav Camilenden Camil CamilReal poverITEjavlagenden Camil Camil childrenjav মিঠা Camilসিস Camiljavlag Camilঝ Camil Camil Camil Camil CamillagrodITEarabসিসসিস Camil Real Camillaglag Camilenden Camil Camiljav gro перед 1830 8961 Camil groসিস Camil Camillag Cot Camilбі Camillagসিডenden Cotjavlag,unknown
bengali--2499563960676662329-1::comprehension,bengali--2499563960676662329-1,comprehension,Guru Nanak 1469 saler 15i April Lahore-er nikote obosthito Rai Bhoy Ki Talbandi grame ek Hindu poribare jonmogrohon koren. Bortomane ei sthanti Pakistan-er Nankana Sahib name porichito.[7][8] Tar babar nam chilo Mehta Kalyan Das Bedi ebong matar nam chilo Tripta Devi.[9] Mehta Kalyan Das Bedi ekjon patowari chilen jini gramer Muslim jomidar Rai Bullar-er odhine chakri korten.[10],Guru Nanoker babar nam ki?,Mehta Kalyan Das Bedi,Guru Nanoker baba chhilen Rai Bullar.,Camil pover Camilসিড states সাউদার্নendenঝ Camil Camil real Camil Camil Camiljav স্পিন 1830 জলাধারendenendenসিসrod মিঠারাম CamilprodITE Camil Camil перед states Camil states 5952rod statesskim передrod Camil Camil Cot statesম্যান 1830endenlagkö Camil জলাধারjav перед 1830 Camiljav Camilrod Camil gro Camilenden জলাধারSwitch передlag話 Camilcom Camilprodenden CamilProtocolenden Camilendenসিড Cotম্যানrod Camil Cot pover Camiljava Camiljavlagসিস CotMRjavcs CamillagMR CotlagMR Camil স্পিনlag 1830才 Camil Camilbet Camilসিস children Camillagসিসjav Camil Camilarab CamilMRসিসprod湖prod Camil Camilম্যান Camiljav gro CamilSwitch poverenden 8961javjav перед Camilcom Camilprod Camilenden CamilITEjavrod মিঠা CamilfachMD Camilprodrod childrenprodrodMR Camil Camil Camil Camiljav 1830 Camil Camillagrodrod জলাধার 9049 Camiljav pover Camil Camil Camil Camil kneittestjavlagittest CamilSwitch Camilঝ Camil Cot Camilrodбіrod Camillagjav CamilrealköjavlagMR Camiljav Realльта Camil Cot 8961 নিষেধjav Camilসিড Camil Camil Camilସ Cotarabম্যানjavendenendenlag Cot Camil Camillag Camilprodlagendenlag states CamilITE 4299 Camillag 8961সিড poverendenenden স্পিন Camil Camil 8961gio Camilcomlag Camiljavendenenden Camil Camil সেলিম Camil Camilrodjavendenঝ Camillag Camil Camil মিঠা Camilরাম Camil 1830 1830 groassen Cotlag reallaglag Camilrodprodlag Camiljav Camil Camil CamilendenlagITE ক্রীতদাসarabrodenden Camil Camilarablag 5489lag Camil Camillagendenlaglag Camil Camillag Cot Camil 1830MR Camil перед 1830 Camil Camilম্যান передittest Camil Cotendenenden 8961 Camil Camillag湖 1830 poverITElag Camil CamilprodlagITElag statesjavjavlagenden передSwitch перед Camiljavlag湖 Camil 1830lag Camilঝ Camil Camilprod Camil Camiljavprodprodসিড Camilcom Camil Camil মিঠা Cot Camil Camil Camil Camil CamilITEITEkö 8961 grojavprodjav Camil Cotসিড Lag Camil Camil Camil Camil Camil মিঠাঝjav 8961 Camilenden Camil Camil 5952 Camil перед Camiljav Camilarab Cot Camillag Camil 8961 5952enden pover Cot Camilarab 8961lagMRITE Camilarab স্পিন Camilসিড Camil передlaglagendenenden children Camiljavlag স্পিনendenlag Camilenden poverSwitcharab Camiljav poverlag Camilendenlag Camil kne children Camil 8961 Camil summittest জলাধারjav Camilprod湖Switch Camillag перед Camil Camilenden 5952 Cot Camilarabendenসিস Camil pover মিঠা জলাধারjav Camil Camil Camilrod湖ঝköendenjav Camillag,unknown
bengali-2055139326411802416-1::specificity,bengali-2055139326411802416-1,specificity,"Prachir bestito ei nogorir vhetor royeche bibhinno amoler protnotattik nidorshon. Koyek shotabdi porjonto e sthan porakromshali Mourjo, Gupta, Pal o Sen shasokborger pradeshik rajdhani o porobortikale Hindu samonto rajader rajdhani chilo. Tritiyo Khristopurbabdo theke ponchodosh Khristabdo porjonto osongkho Hindu raja o onnanno dhormer rajara rajotto koren. Mahasthangarher obosthan Bogura jeler Shibganj upojelay.[3] Bogura shohor theke pray 13 ki.mi. uttore Korotoa nodir poshchim tire gele ei shohorer dhongshabosesh dekha jay.",Mahasthangarh Bangladesh-er kon jelay obosthito?,Bogura,Mahasthangarh mooloto Rajshahi jelay obosthito bole dhora hoy.,rod 1830javlag Camilenden Camil Cot Camil Camilঝ перед Camil Camil Camil মিঠাসিডসিস 8961lag Camil Camilenden 8961 Camil realITE Camilরাম children pover Camil Camil 8961javarabrealcslag সাউদার্ন 9049 Camiljav জলাধার children gro Camil Cotendenঝrodcom states Camiljav CamilSwitch Camil Camiljav Cotlag Camil poverendenসিস Camil Camilprod Camil Camil statesসিস Camilbetrod Camiljavarab Camil জলাধারendenfachঝMR Cot Camil 8961ITErod 1830arab জলাধারrod Cotjav 8961 Camil Camil Camil Camil pover 5952 Camilcom মিঠাköSwitchittestlagcomjav Camilসিস Camil Cot 4299 pover Camil Camil Camilittestjavসিস Camillag মিঠাcomendenlag перед জলাধার Camil pover Camil Camil জলাধারprod Camil Camil মিঠা Camilcomlag Real Camil Camiljav Camilcom Camil 8961jav Camilcom pover kne Camilসিড সেলিমlagম্যানMD CamilendenITEjavenden Camilarab Camil Camil Camilসিসlagendenlag Camil Cot Camilendenrod CamilITEITE স্পিনlagrodcom Camilassenjav gro Cot 1830 перед Camil Camil 8961 Camiljavlag Camiljav Camilprodrod Camil Camil Camilrod Camil Camilskimjavajavarab states জলাধার Camil মিঠা話 Camil Camil Camil才 Camillagrodprodjav Camilrod 1830 poverprod Camil Camil Camilprodendenlag 5952সিডcom Camil Camil real Camil 1830 Camil Camil Camil জলাধারбіjav Camilittest CamilendenjavjavSwitch Camil Camil Cot Camilarabjavlagম্যানenden Cotenden Camil Camil Cot Camil Camil Camil Camil湖ম্যানlagcom Camilcom Camil বয়সীlag Camil 1830lag জলাধার Camiljav Camil Camilprod Camil CotMRenden Camiljavarab Camil Camil Camilসিড Camil Camilসিস Camil Camil 8961 1830 1830 statesITElag 8961 poverarab Camiljav জলাধার Camil states 1830javlag 8961льтаITE Camilprodjavঝ ক্রীতদাসcomjavlag Camil Camilcom CamilendenITE Camil Camilrod pover Reallagম্যান 1830 Camilendenarab povercom children 1830 Camil Camil Camillaglag নিষেধ 8961 Camil 1830lag Camil Camil Camiljavбіenden gro перед Camil Camil Camil Camillagenden Camillaglag মিঠাlag Camilসিডjav Camilittestprod CamilSwitchঝkö Camil children 8961 CamilITE Camilম্যানendenlagjav 8961enden Camiljavlagjavendenlag gro Camil Camil CamilITE 8961 Camil Camillag Camil Camillag grolaglagসিডlaglag poverlag 1830com CamillaglagReal Camil Camilସ Camil Cotcomlag Cot 8961lagrod children Camillag 5952jav Camiljavenden Camil Camil Camiljavittest Camil Camil Camillag মিঠাlag Camillag 8961javjavlagenden CamilITEসিস Camiljav Camilendenlagসিসfattlag Camil kne Camilittest Real,unknown
bengali-4568438587242111098-0::comprehension,bengali-4568438587242111098-0,comprehension,"Murshidabad jela purbo Bharoter Poshchimbongo rajyer Malda bibhager ekta jela. Ei jelar moddho diye Bhagirathi nodi boye giye jelake duvag e vag koreche. Nodir poschimer angsho Rarh o purber angsho Baghira name porichito.[2] 5.314 borgo kilometer (2,062 borgo mile) ayotoner elaka ebong 71.02 lokkho jonoshonkha thakay eta ekta jonobohul jela. Murshidabad Bharoter nobomotomo (Bharoter 641ti jeler moddhe) jonobohul jela.[3] Ei jelar sadar doptor Baharampur shohore obosthito.",Murshidabad jeler sadar doptor kothay obosthito?,Bohorompur,Murshidabad jeler sadar doptor Jiaganj-e obosthito.,Camil 8961সিসendenrodlag Camiljavprod Camil CotSwitch 8961MRঝ Camil Camilসিড передrodcom children Camilenden 1830 স্পিনarab সাউদার্নbetcom 1830endenlag pover Camil Camillag Camil 5952 перед Camil মিঠাrod 8961javITE Camiljavlagenden Camilrod 4299javendenendenrod groITE Camil Camiljav CamilসিসMDarab Camilrodendencomlagittest kneenden CamilITE перед pover Camil Camil Camil 8961 CamilITEঝ Camil 9049সিড Camil Camil CamilITEendenম্যান Camil সেলিমrodcomcomrod Camil children Camilম্যান湖সিসlag Camilসিস Camil poverjav 8961endenendenসিস poverendenjavalag Camillag Camil Camiljavlag才 Camillagসিস Camil Camil poverMRkölag CamilMR Camil Camilprod pover Camil Camil জলাধার 8961 8961javjavlagfach Camil Camilম্যান Camil Camilম্যান pover Cot CamilITE Camilসিড 1830jav Camilসিসrodjavenden話 8961 CamilrodSwitchenden reallag 1830 Camilarab Camillagprodrodসিস Camil Camilরামlag Camil Camil Camil Camilarab Camil Camilrealassenlag Camil জলাধার Camilбі Camil জলাধারcomjav Camil Camil Camil Camillaglagসিস CamilcsjavjavittestcomITE Camillag Camilfattjavসিড Camil Camil CamilITE childrenarab Camil Camil Camil Realcom Camil перед CamilendenjavMRlagprodendenlagenden Cotসিডঝ Camil Camilম্যানITE Camillag 8961enden Camillagkö Cotlag Camiljavprodprod Camillag Camil CamilITEprodসিস Camillag Camilrod মিঠাlag Camil Camil Camil Camilendenenden 8961com মিঠা Camil নিষেধenden Camilrodlag Camil Cot states 1830ITE মিঠাlag 1830endenlag 8961সিস groSwitch states poverjav Cot Camil Camil 8961prodlag Camil Camiljavসিস Camil Camil Camilrod Camiljav summ Camil перед Camil Camilrod children Camilenden Camil states 1830 Camillagcomcom Camilcom 5952lagম্যান Camil Camillaglagendenসিস 1830 CamilrodlagITE Camil Camilenden Camillag Camillagcom передarabjav 1830jav Camillag Camil Camil Camil передjav湖lag Camiljavlag 5952prod Camil Camil বয়সীSwitch Camillagসিড Camilrod Camilম্যান মিঠাprod Camillaglag poverrodlag Camil Camilбі groসিডльтаITE Camil Camilrodjav Camil Camilম্যান Camil Cotjavlag CamilReallag Camilcomlaglagenden 1830lag Cot children Camil Camil poverlagittest gro childrenMRlagসিসlag Cot Camil Camil Camillagসিস childrenarablag pover Reallaglagjav Camillag Camil 1830endenসিড Camil Camilarablaglag Camil Lag Camillag Camilarablag Camil Camil Camillag Camil Camil Reallagrod Camillaglagenden Camil Camiljavprodম্যান,unknown
bengali--1841901311634331881-1::comprehension,bengali--1841901311634331881-1,comprehension,"Prachir bestito ei nogorir vhetor royeche bibhinno amoler protnotattwik nidorshon. Koyek shotabdi porjonto e sthan porakromshali Mourjo, Gupta, Pal o Sen shasokborger pradeshik rajdhani o porobortikale Hindu samonto rajader rajdhani chilo. Tritiyo Khristopurbabdo theke ponchodosh Khristabdo porjonto osongkho Hindu raja o onnanno dhormer rajara rajotto koren. Mahasthangarher obosthan Bogura jeler Shibganj upojelay.[3] Bogura shohor theke pray 13 ki.mi. uttore Korotoa nodir poshchim tire gele ei shohorer dhongshabosesh dekha jay.",Mahasthangarh protnostholti itihasher kon shomoyer sakkho bohon kore?,Tritiyo Khristopurbabdo theke Ponchodosh Khristabdo,Mahasthangarh mainly Gupta-Pal juger itihasher sakkho bohon kore.,endenjav Camillag সেলিমসিড Cot pover 1830MRITE Cot Camilbet Camil перед realjav Camilprodlagjav Camil debut সাউদার্ন Camil 8961 pover 9049 statesittest poverjavcom pover Camil Camilঝjav kneittest Camil groarabcs জলাধার Camil 5952fach স্পিনlagMRjavjavjavrodরামprod children Camil Cot Camilarablag 1830 মিঠাITEendenjav Camillag Camil Camil Camillagসিস Camilrod Camil Camilskim Camiljav Camil pover Camil передlag Camil মিঠাlaglag 4299 Camil 1830 передসিস Camiljavlag Cotjava Camilম্যান Camillag CamilMDkö CamilassenITEসিড 8961jav gro Camil Camil Camil Camil Cotসিসlagcomбіjav 1830 Reallagльта 5489 Camil Camil перед Camil Camilসিস statesrodjavendenlagসিড Camil 8961 Cot Camilସ Camilসিস Cotreal children Camil Camil Camil children CamilসিসcomprodITE話 Camil Camillagittest Camilprod Camil Cotjavlag Camil Camil pover Camil Camilenden Camil Camillag Camil 1830 8961 Camil才com Camilittestlag Camilittest 1830jav ক্রীতদাস Camil CamilMR 5952 poverlagarabjav湖lagITElag CamilITE Cotlaglag 1830 8961javrod Camil Camilrodসিড湖 1830 Camil Camil realSwitch নিষেধITE CamilITE Camil children Camillag Cotlag Cotসিডendenlaglag Camiljav Camillaglag Camil Camil মিঠা জলাধারittestঝ Camillaglag Camil Camiljavjav Camil Camil Camil Camiljav children সাউদার্নShell передjavenden 1830lag 1830lag 1830lag Camil childrenfattarab Camil湖 Camilসিসenden Camiljav передITE Camil Camil Camilসিস CamilMRlag Camil Camilendenlagjav pover Camil Camil Camilarab Camil 1830 Cotenden Camil Camil Camil Camil Camil Camil Camil Camil childrenITE Camil 5952সিসlagম্যান সাউদার্নlag Camil Camilprodম্যান CamilrodjavসিসlaglagITE Cot pover Camil Cotjavendenittest 1830lag summjav Camilম্যানlag Camillaglag সাউদার্নcomITESwitch Camilenden pover Camillagjavjavlagendenrodlagenden Camil Camil Lag передprodlagcomjavenden মিঠা湖 Camil CamilITE Camiljav Camil Camillag Camillag 1830 Camil Camilarabendenjav Camilrod মিঠাসিসlag statesprod CamilReal Camil মিঠাlag 1830ITE Camil Camillaglag সাউদার্ন Camilম্যান Camilkö Camil Camillagসিসendenসিস Camilসিস Camil CamilITEসিস Camil Camil Camil laglagMR Camil Camil Cot Camil 1830সিস Camillagসিসittest 1830 8961lag Cotম্যান Camil Camilittest Camil CamilITE 8961সিডjav Camillagসিসlag Camillag CamilITE Camilrod Camil Camillag Camil Camiljava Camillag Cotenden Camil kne湖 Camil 1830lag Camil Camilendenlag বয়সীlag Camil poverkö Camil,unknown
bengali--4507581995498809995-1::specificity,bengali--4507581995498809995-1,specificity,Aceher shashok 15sh shotabdir moddhovage Islam grohon koren.[1] Ali Mugayat Shah Aceh Saltanat protistha korechilen. Tini 1520 Khrishtabde uttar Sumatray tar niyontron protisthar jonno ovijan shuru koren.[2] Sultan Iskandar Muda tar ovijaner maddhome Aceher simana briddhi koren. 1612 Khrishtabde Deli porajito hoy ebong Aceher ontorgoto hoy. 1861 Khrishtabde Dutchder hostokkheper porer bochor Dutch East India Companyr sathe shondhi hoy ja Aceh o Siaker kach theke Delir shadhinota shikar korte shahajjo kore. Eti bortomane Indonesiar ongsho. Medaner itihashe Saltanat protik hisebe tike ase.,Acheh Saltanater protishthata ke chilen?,Ali Mugayat Shah,Acheh Saltanater protishthata chilen Sultan Iskandar Muda.,Camil 1830ITE gro передendenlagcomম্যান poverittestসিড Camillag 1830rod CamilMR Camiljav স্পিনenden Camilসিড Camiljav Camil 1830 Camiljav poverittestendenprod Camil передprod Camil জলাধারlag Cot CamilSwitch Camilenden Camil মিঠা Camil Camil Camil Camil Camilrod realarablagjav 1830 1830ittest সেলিম 1830javঝ Camiljavlagcomjav Camil Camil kne Camilসিড Camil CamilITE Camilendenlagbet 8961 groITE Camillag মিঠাjav Camiljavlag Camilরাম states groбіসিস 4299 Camillaglag 8961lagendenjavjavjav Cot Camil মিঠাprod Camilprod Camil Camil 1830 Camilkö передlag Camillaglag poverrod才 Camil Camilcom Camil Camil Camil CamilসিসrodITE Camil Cot Camil Camil Camil перед Camil CamilITE передcslag Camilköjav groম্যান Cotlag湖 pover 1830jav Camil Cot Camilসিসসিড Camilম্যানenden Camilঝrod Camil 1830ম্যানlag Camilprodjavalag Camil নিষেধ Camil話 children 8961সিস Cotrodlag Camilenden Real Camil Camil Camil CamillagльтаITE Camil Camiljavrod Camillag pover Camiljav Camil Camil statesjavendenjav CamilMD Camil перед 1830 Camil Camiljav Camilসিড 5952lagarabkö 1830köendenlaglagendenITElaglag передସ CamillagITElag স্পিনjavjav Camiljavcomfachjavcomcom Camilcom CamilendenfattITEprod poverlagjavlag Camil Camiljavম্যান Cot Camillagenden Camilarabendenenden Camilঝjavcom Camilarabkörodendencom CamilITE Camil states Camil Camil Camil Camillag Camillagrodarab ক্রীতদাস Camillag Camil জলাধার pover Camil Camilarab Camil Camil grojav Camil pover Camilenden Camil 5952lagcom湖 Camilসিড Camil Camilসিসjav Camil Camillag Camil 5952javjavlag Camil Camillag Camilসিড Camil সাউদার্নMR 1830 মিঠা Camil Camil সাউদার্ন summlag 1830 Camilenden Camil Camil Camil জলাধার Camil Cot 1830সিস передlagrod Camil Camil CamilITE 8961realjavбі স্পিনcomSwitch湖 Camil pover Camilcom বয়সী Camilenden Camil CamilITElag Camilসিসjav Camil Camillag Camillag 8961 5952 Camilassen Camil 8961 Camillag Camil Camil Camilkölaglag pover স্পিনбі Cotprod Camil 1830 স্পিনSwitch 1830 pover Camil Camil Camillag Camil Cotenden Camil Cot Camillagjav সাউদার্ন childrenITE childrencomITEসিসসিডITElag Camil Camiljav gro Camil Camil Camil Camil grorod Camillaglag Camillagittestendenendenjav Cot Camillag Camil Camillagkö lag pover Camil 1830 Camil Camilбі 9049endenarab Cot Camilসিডenden children Camil CamilITE Camil Camiljav সাউদার্নenden poverlag Camillag 1830 Cotprodarabjav states,unknown
bengali--434066273397467626-0::specificity,bengali--434066273397467626-0,specificity,"Ekon ba Aliaune Damala Badara Thiam[1] (English: Akon ba Aliaune Damala Badara Thiam uccharon: /ˈeɪkɒn/),[2] ekjon Senegalese-American rhythm and blues gayok-gitikaar, record projojok, byaboshayi ebong manobpremik. Tini 2004 sale, tar prothom album Trouble theke prothom ekok gaan ""Locked Up"" er mukti-r maddhome sobar drishti akorshon koren. Tar ditiyo Konvicted album-er ekta ""Smack That"" gaan-er jonno tini Grammy Puraskar mononoyon pan. Konvict Music ebong Kon Live Distribution name tini duto record label sthapon korechen. Ekon onek shomoy onno shilpider jonno hooks ba otithi shilpi hisebe gey thaken",Ekon ba Aliyaune Badara Akon Thiam er sorboprothom ekok albumtir nam ki?,trouble,tar sorboprothom ekok album chhilo **Konvicted bole dhora hoy**.,Camil Camilbet Camil Camil 8961endenlagম্যানjav poverMD передITEjavarabcomITEjavITE সাউদার্ন 1830 Camilম্যানlag states 1830javjav Camiljavjav Camilসিস Camilenden Camillagjavrodjavendenrod pover সেলিম 1830prod Camil children передম্যান 4299 Camil Camil pover Camil Camillag জলাধার 1830 8961সিসSwitch передlaglag Cot Camil CamilMRittestlagITEjav Camillag CamiljavcsITE Camil Camilköarabenden মিঠা Camil Camillag CamilITEбіjav才endenম্যান 9049ITEসিস Camil Camil Camil Camilarabarabittestlagরামম্যানlaglag CamilSwitchprodlag Camil CamilendenrealITE 8961 Camil Camil Camil states Camil Camil Camil Camilenden Camil 1830 Camil Camil Camil Camil Camiljavlag Camil kneendenসিসlag Camil Camil Camil Camilঝ Camil Camil Camilkö Cotarab Camillagrod Camil Camilittest Camil Camil Camilprod children Camilprod Camillag Camilcomlagcomসিস 8961湖laglag 5952 Camilarabঝ 1830 Camil 1830prod Camil Camil CamillagITElaglag Cot Camil Camil Camil Camilprodjavম্যান Camillaglagarab Camil নিষেধম্যানkö Camil Camil Camil 1830 Camil সাউদার্নସ 1830laglag Camil話jav Camil Camillag Camil Camil Camillag Camil Camil Camil Camilম্যানenden real pover Camil gro Camil Camilarab Camil передসিডköendenITElagjav poverenden 1830comjavjav Camillag 1830 Camil CamilITEendenসিসMRendenম্যানITE 1830 Camil CamilITE Camil Camil Camil pover Camil Camilarabjavenden স্পিন Camilঝlagjavalagসিস Camil Camil CamiljavlagITEarabসিসম্যান Camil স্পিন Camillag Cotlagfachrod Camilarab pover Camiljavenden Camiljav Cotjav Cot Camil Camil Camil Cotgiolag Camil pover poverarab স্পিন বয়সী pover Camil Camilসিডসিডlag Cotittestসিডঝসিড সাউদার্ন Camilarablagcom Camiljavenden Camiljav Camil Cotcom gro CamilঝITE Camil স্পিন Camillag Camilঝ CotlaglagITEম্যানjav Camil Camillagjavjavendenlagঝ Camillag CamilMR Camil Camilenden Cotkö Camil Cot statesittestসিসcomসিস Camilprodlag grolag перед湖ঝ Camillag Camil Camilprod সাউদার্নarab সাউদার্নlaglag Camil Camillag Camil মিঠাSwitcharablag Reallagসিসjav children Cot Cot Camilrodlaglag Camiljavrod Camil Camil Camillag Camil Lag Camil Camillagjav Camilprod Camilenden CamilITESwitch Camil Camil Camilльта Camillagбіসিডlaglag CamilITEসিসjavjavlag 1830enden Camil Camilenden Camiljav Camillag Camilendenrod groITElag Camil Camilprodjav 1830jav Cot Camilম্যান poverlag CamillagSwitch Camilenden lagসিস Camil,unknown
bengali-8590513450214560857-2::inference,bengali-8590513450214560857-2,inference,"Pragoitihashik juge gononar jontra udbhabito bibhinno prochestake computer itihash hisebe dhora hoy. Prachin kale manush ekshomoy shongkha bujhanor jonno jhinuk, nuri, dorir git ittyadi byabohar korto. Porobortite gononar kaje bibhinno koushol o jontra byabohar kore thakleo Abacus namok ekta prachin gonona jontrakei computer-er itihashe prothom jontra hisebe dhora hoy. Eti abishkrit hoy Khristopurbo 2400 sale Babylon-e. Abacus frame-e sajano gutir sthan poriborton kore gonona korar jontra. Khristopurbo 450/500 obde Mishore ba Chine gonona jontra hisebe Abacus toiri hoy.",Computer kobe prothom toiri kora hoy?,Khristopurbo 2400 sale,Computer prothom toiri hoy Khristopurbo 450 sale Chine.,1830lag Camilenden Camilম্যানlagসিড Cot 1830javjavenden pover Cot 1830ITEarabrod湖javlagprod Camilসিড Camil Camilঝ Cotjavlag Camil Camil Camil 9049সিডjav childrenঝlagSwitchjavcomITE Camiljav 1830arabprod Camil Camilcs Camilrod CamilMDjav states Camiljavendenjavম্যান Camilendenসিস gro Camilenden সেলিমSwitch話 1830 Camiljavkö pover Camil মিঠাreal Camil Camiljavaenden real 8961রাম Camillagrod CamilMR Camil Camil Camil 5952prodjavlag перед poverসিসlag Camil Cotjavbet childrenlag Camillag Camil Camil Camil CamilITE Camil Camil জলাধার Camillag Camil Camil Camilarab Camilrodjavrod Camilльта মিঠাITEбі Camil Camiljav kne Camilenden Camiljavenden Camilম্যানjav সেলিম Camil Cotarab Camil Camil才 Camil Camillag 1830 Camil Camil RealITE Camil CamilMRম্যানittestSwitch Camilenden Camil Camil Camil Camilrodjav Camiljavenden Camil Camillag states Camiljav Camil স্পিন Camillag Camil Camil Camil childrenঝ Camiljav ক্রীতদাস CamilMR Camil Camil Camil সাউদার্নlagITE Camiljav Camilସlagjav Camilendenসিডköম্যানঝkö Camil Camilarab poverjavjav নিষেধ Camil Camil Camil Camilprod statesjav groITEcom Camil Camil Camil Camil Camil Camil Camil Camil জলাধার Camilenden перед Camillag Camiljav Camillag Camil স্পিনenden Camil Camillag Camiljavcom Camiljavlag Camillaglagjav湖 1830সিস Camil Camil CamilITE 8961 8961lag Camil Camilassenসিড Camil Camil CamilITE Camil Camiljav Camil CamilITE Camillaglag Camil Camil Camil 4299lag Camil Cotlagসিসcomprod CamilendenMR Camil Camilendenসিড Camil Camiljav 8961 1830jav সাউদার্নlaglaglagসিস Cot Camil Camilম্যানম্যান poverlag statesittestjavlagjav CamilMRlaglagenden Camil 1830javendenendenendenসিড Camil pover Camil Camil Cot Camil CamillagMRlaglag মিঠাjavajav 8961lag Camilcomrod Cotjav Camillag Camilসিস childrenসিসjav বয়সী সাউদার্ন Camil Camilম্যানসিড CamillagITEসিড Camillag Camil Camil湖 1830 Camiljavjav Camil children 5952fach Camilprod Camil pover Camilসিস সাউদার্নendenprod Camilcom Camil Camiljavlag Camil 8961lagprodenden Cot Camil Camilসিড gro summittest Camiljavrod gro Cot Camillagjav Camiljav মিঠাঝprodenden Camillag Camil Camil Camil Camil Camil Camil Camiljavঝarab Camil Camilrod CamilসিডITE 1830lag Camil Camil Camil Camil Camil Camil Camillag Camil Camil Camillag states 1830 Camil CamilMR Camil CamilITE Camil Camil Camillag states 1830com Camil Camil poverlag Reallag Camiljavfattlagjavбіম্যান,unknown
bengali-6547346897513027507-2::specificity,bengali-6547346897513027507-2,specificity,"Michael Madhusudan Bangla vashay sonnet o omitrokkhor chhonder probortok. Tar sorbosreshtho kirti omitrokkhor chhonde Ramayoner upakhyan obolombone rochito Meghnadbodh Kabya namok mohakabya. Tar onnyanno ullekhjoggo gronthaboli holo The Captive Lady, Shormishtha, Krishnakumari (natok), Podmaboti (natok), Buro Shaliker Ghare Ron, Ekei Ki Bole Shobhyota, Tilottamasombhob Kabya, Birangona Kabya, Brojangona Kabya, Choturdoshpodi Kobitaboli, Hector Badh [2] ityadi. Michaeler bektigoto jibon chhilo natokiyo ebong bedonaghon. Matro 49 bochor boyoshe Kolkatay mrityu",Michael Madhusudan Dutta koto bochor boyose mara jan?,49,tini proy 47 bochor boyose mara jan.,Camil Camiljav CamilMRlag Camilম্যানঝlagrod 1830 Camil Camil children Camillag grojavlag 1830com childrenjavjavlag statesSwitcharabarabসিসprod Camil Camil Camil Camillag মিঠা pover Camil 1830 передসিস 8961javrod pover Camil Camil gro Camil 1830 Camil Camil CamilITEenden Cot 9049রামlaglag Camilbetjav Camil Camiljav Camilfach মিঠা Camilসিসlagenden states CamilprodITE Camil Camil CamillagITEjav Camilcs Cot Camil Cot Camilskim CamilrodlagITEendenjavjavprodcomjav CamilITE Camil Camillag передkö湖 Cotprod poverjav Camil Camil মিঠা Camil Camil Camil Camil 4299 Camil 8961jav Camilittestlag CamiljavITElagjava Camil 1830lag knearabrodjavprodprod Camillagসিডjav 8961Switch Cot 5952সিস groarab মিঠাlagসিস Camilprod Realittest Camilসিসঝ Cot Camil Camillag CamilITE Camil Camilম্যানসিসendenarab Cot話 স্পিনjavjav Camillag Camilendenঝköarabসিসlag মিঠাMR Camillaglag Camillag Camillagcom 8961 Camil Cotঝ Camil 1830 pover Camil Camil Camil Camil Camiljavlag Camiljav Camilম্যান CamilITE children Camilarab childrenreal Camil 8961 Camil Cot pover才ঝarabkölagjav Camilenden 8961 1830 Camilittest groITE CamilSwitchlag সাউদার্নlag জলাধারjavenden gro children real মিঠাprod Camillagenden Camillagସ CamilITE Camilসিসসিস Camil Camil Camil Camil Camil Camil передlag Camil 1830javlag Camil Camilrodjav সাউদার্নenden Camillagassen Camil CamilITEenden Cotম্যানjav Camil gro statesjavendenendenITEльта Camil 1830 statesSwitchrod Camil Camil জলাধারittest Camil childrenlag Camilসিসসিডendenjav মিঠাlagбі Camilrodঝ বয়সীসিড Camilঝprodlagendenlagrod 8961lag Camiljavlagrod Camil Camil Camilenden pover Camilittest CamiljavjavITEম্যান মিঠাбі 5952 Camil Cotrodlag Camil CamillagMD 1830ITEarablagбіendenjavITE pover Camilসিসlagkö 8961laglag Camilসিস Cotköjavprodঝ перед Camil মিঠাঝ Camil Camil Camilendenlag Camil নিষেধenden Camil CamilITEঝcom Cot Camilসিস Camil statesসিস Real Camillagcom Camilfatt Camil Camillag মিঠাrodrod Camilrod Camil states перед Camil 5952ITEITEjav Camil Camillagjavendenendenসিড Camil Camiljav Camilittest Camillag Camilসিসarab gro Camil gro মিঠা Cotcomlag Camillag Cot childrenlagjavMRসিড передITElagjavম্যান pover মিঠা Camilম্যান মিঠা перед poverenden Camil children перед সাউদার্ন Camil CamilMRসিস Camil Camiljavlaglag childrenlagসিস Camilrodlag Realenden перед Camil,unknown
bengali-7746019275069598974-1::factualness,bengali-7746019275069598974-1,factualness,"Mahabisforon shobdoti sthul orthe prachintom ekta bindur oti shoktishali bisforonke bojhay jar maddhome mohabishwer srishti hoyechilo, abar onno dike ei bisforonke kendro kore mohabishwer utpotti o gothon niye bishwototte je motobader srishti hoyeche takeo bojhay. Er maddhomei mohabishwer prachintom bostusomuher gothon somporke byakkha pawa jay, jar jonno Mahabisforon motobader pori Alpher-Bethe-Gamow tottwo pronito hoyeche. Mahabisforoner ekta ullekhjoggo folafol holo, bortomane mohabishwer obostha otit ebong vobisshoter obostha theke shompurno prithok. Ei tott",Mohabissho somprosaron tottoti prothom kobe prokashito hoy?,1960-er doshoke,1950-er doshoke prothom prokashito hoy.,childrenlag Camilprodlag Camil Camil Cot Camil 8961 Camil Camil CamilendenMRbetjavITE 1830 Camillag 8961javcom 9049ITE Camil Camil জলাধার Camiljav Camil湖ম্যান Camil pover children Camil মিঠাkö Camilrod Camil 5952 Camilrodlag 1830 Camil 4299সিসlag Camil Camil Camilarab মিঠা Camil Camil pover Camil realarab Camilenden states Camilrod Camiljava 1830 Camil Camil Camilarabjav grolag Camil Camil Camil Camil gro CamilITE Camilসিসendenlag stateslaglag Camilrealarabrod statesittestrodlag children Camilprod স্পিন Camil Camil সাউদার্ন 1830endenjavjavlagjav Camil Camilসিস перед জলাধারMR Camillagarabenden Camil Camil Camil перед Camil Camil জলাধারrodarab Cot Cot 1830kö জলাধার CamilITE Camil জলাধার Camil Camiljav সেলিমcsprod Camil Camilprodassen Cotসিসସ CamillagITE Camil 1830lag Camil Cot Camil Camil CamilITElag মিঠাittest Camil Camil Camil poverMRlagরামITE 1830 Camil poverসিস Camilarab передcom Camil মিঠাendenসিসrod Camillag states statesসিডprodfach Camil Camiljav Camillag kneITEITE Cot 8961 মিঠা Camil Camilenden Camil Camilসিডjavrod話ঝITEjav childrenসিড Camilarabjav Camiljavenden Camil Camil Camillag Camil CamilSwitch Camil Camil CamilITE Camil 1830 Camil Camil Camillagসিডlag pover Camil Camil Camil Camil Camillag Cot Camil Camil Camil 1830kölag Camillaglagjav Camilarab Camilenden Camil CamilITEjav Cotendenjav Camil pover Camil Camilenden Camiljav CamillagSwitch poverMDenden Camillagprod Camil Camil Camil Camilendenlag Cot передarablagসিস才javjavjav Camil Camil 1830 Camillagসিডlag Camilprod childrenjavjav Camil перед Real Camilrod Camiljav Camil Camilprod 1830 Camil Camilঝjav Camillag Camil Camiljavcom Camil Camil Camiljav Camiljavlagjav Real ক্রীতদাস 8961enden 1830jav children Cot নিষেধ Camiljav Camil Cot Camiljavfattбіjav передlag Camil Camil Camil Camil states Camil 8961 передjavprod Camiljavjav Camil Camil 5952 Cotarabjavম্যান Camil Cotendenlag Camil poverlag Camiljav передlaglaglagITE湖 CamilITE Camil 1830rodSwitchlag children Camilenden Camilprod Camil Camillag Camiljavlag Cot CamilITElag Real 1830javlag Camilendenjav Cot groendenঝ CamilITE Camil Camiljavম্যান Camilম্যানITElag 8961 Camillag children 1830সিস children Camillag Camil Camil Camillag Camil passes Real summlag Camilendenittest poverlaglagসিড Camil Camiljavlag সাউদার্নReallag Camillagkö 5952সিস Camil Camil Cot Lag Camil Camilenden CamilITE Camilঝ Camil Camilসিড Camillaglag,unknown
bengali--6195324398856256377-1::factualness,bengali--6195324398856256377-1,factualness,"Porinoto obosthay, manobdeher kosher shonkha thake gore pray 37.2 trillion. Ei shonkhatike manobdeher onnotomo upatto hisebe ullekh kora hoy ebong poroborti dhaper onnanno hisheb-nikesher suchona hisebe byabohar kora hoy. Deher shokol onger ebong shokol prokarer kosher shonkha jog kore ei shonkhatI nirdharon kora hoise.[2] Manob besh kichu nirdishto rashayonik podarther somonnoye gothito jader moddhe onnotomo holo carbon, calcium ebong phosphorus.",Manob dehe kosher shonkha koto?,pray 37.2 trillion,pray 39.5 trillion er moto,Camilcomlag Camillagendenjavlagসিস перед Camil childrenrodProtocolঝITE Camilprod Camil Camillag передlag 1830রামrod Cot Camil debut Camil Camil Camil সেলিমcom মিঠা Camil gro Camil 8961 9049 poverendenMD poverrod 8961 Camil Camil Camilম্যান Camiljav Camil Camil Camil Cot Camil Camil Camilrod gro স্পিন Camil 1830 4299rod Camillag Camil CotITElag 8961 1830endenittest 5952 pover Camiljavjavaসিডlagসিসjav CamilSwitcharab Cot Camilম্যানlag Camil Camil 1830 Camil Camilenden Camil Camil Camil Camillagrod передlag 1830realenden childrenMR Camiljav Cot মিঠাendenITEjavjavprodlag 1830 Cotprodarab জলাধার CamilITE pover Camil Camil pover Camiljavlagjav সেলিম pover Camilbet перед 8961 1830 Camilkö Cot Camilenden Camilসিস 8961ঝ সাউদার্ন Camil Camil CamilarabcomendenlagITE 1830 poverITE knejav Camil Cotlagkö Camil Camil Camil Camil groenden CamilITEköenden Camil Camil Camiljav 1830com Camil Camil Camil CamiljavITE Camilenden Camillag CotITE Camil才 Camil Camilcomম্যান Camil Camil Cotenden Camilcs Camil মিঠা Camil gro জলাধারঝlaglag 1830 Camil poverlagprod Camil Camiljavসিস Camil Camil জলাধারITE Camil Camil передenden gro Camillaglag Camil poverendenfachköprodarabenden Camil Camil Camillag Cot Camil 1830enden জলাধার перед Cot Camiljav CamilSwitchenden জলাধার Camil Camilenden Camil ক্রীতদাসম্যানITE Camil Camil statesrod Camiljav話laglaglagসিসrodসিস CamilSwitch Camillag Camilendenjav Camil Camil Camil মিঠা Camillag CamilITElag Camilসিস জলাধার Camil Camil Camil Camil湖 grocom Camil Camiljavenden gro 1830 перед Camil Camil Camil Realম্যানjav realITEittest Camilসিস Camil передITE statesenden gro Camilঝ মিঠা states pover Camil grojav সাউদার্নlag Camillagassen Cotendenjav 1830lag 5952köঝlag Camiljav Camil Camil 1830 Camillagrod states Camil Camil সাউদার্ন 8961jav Camil Camilসিসendenjav Camil Camil Camillagjav passesjavjav 1830 Camil 8961 Camillagম্যানprod মিঠাprodjav Camil Camil Camil Camilendenrod 5952 Camil মিঠা CamilITEenden Camil মিঠা childrenlag Camiljav সাউদার্ন Camilenden Camil pover childrenসিসITEenden Camilkö перед Camil Camilendenlag Camil Camilম্যানlag Camiljav Camilльтаjavkö Camil CamilendenITE передjav Cot pover Camil湖lag Camiljavসিসlagসিসlagসিসসিস CamiljavlagITE Camilprodenden Camiljav CamilITEসিড Camil Camilenden Camil Camilprod Cot pover groITEjavlag CamilSwitchlag Camiljavlaglag Camil Camil Camil Camil перед Camil Camil মিঠাসিসenden Camil Camil Camil,unknown
bengali--8593436479613553727-5::specificity,bengali--8593436479613553727-5,specificity,"Muktijuddho shuru hole Osmani simanto par hoye Bharote probesh koren. 11 April (1971) prodhanmontri Tajuddin Ahmad Swadhin Bangla Betar Kendre bhashon den. Oi bhashone tini Bangladesh Senabahini-r obokathamo gothoner kotha ullekh kore MAG Osmani-ke Muktibahini-r prodhan senapati hisebe ghoshona den.[5][6] Ullekhyo je 10 April swadhinotar ghoshonapotro jari o sarkar gothon kora hoy ebong porobortikale 17 April Mujibnagore Gonoprojatontri Bangladesh Sarkar shopoth grohon kore.[3] 1971 saler 17 April gothito hoy Mujibnagar Sarkar, Osmani-ke kora hoy Muktibahini-r prodhan senapati.",Muhammad Ataul Gani Osmani kon shale Bangladesh-er senabahinir prodhan senapatir pode niyukto hon?,1971,Muhammad Ataul Gani Osmani mone hoy 1972 shale Bangladesh-er senabahinir prodhan senapati hisebe niyukto hon.,Camilkö Camilenden Camilcs Camil CotjavITEITElag Camil Camilittestসিডprodlagrodittestসিসlag 8961 statescom Camilঝcomcom Camil Camil children Cotরাম Cotenden poverfachlag Camil Camil Camil 4299ম্যান Cot CotSwitchlag Camil Camilbet話ittest перед 1830lag Camiljavlaglag pover Cotбі CamilMD Camillag Camilarab湖 CamilITElagarab জলাধারskimlagendenlag grokö Camil Camil 5952lagenden Camil 9049 real Camil Camilprodjav Cot Camil Camilenden Camilenden才 Camillagarabarabarab Camil Cot Camil 1830 pover groITE Camil pover Camiljav Camillag মিঠাMRম্যানjavITE Camil Camil Camil states CamilITE states Camilcomম্যান Camil Camil перед Camillag Camil 1830 Cotlag Camil перед pover স্পিনjav Camil 1830 Camil Camil Camil CamillagarabITE Camil CamilrodendenSwitchreallag Camillag Camil Camiljavlag перед CamilITE перед передসিড перед Camil pover Cot Camil Camillag Camil Camil Camilenden নিষেধ Camiljav Camilfatt Camil সাউদার্ন Camiljavম্যান 5952ସ Camil Camilম্যান Camil poverম্যান Camil pover সেলিমSwitch poverittestrodassenprod Camil Camil Camilrod Camilprod childrenSwitchITEjav Camillag 1830comlagrod Camiljav Camil Camil Camil Camil Camillagjav CamilITE Camilenden Cot সাউদার্ন Camil Camil CamillagITE Cotlagprod CamilITElag 1830সিসprod Camillagjav kneসিস Camiljava ক্রীতদাসenden Camil বয়সী groITEjavlagrodjavcomjav Cot Reallag summ 8961lagendenrod Camil Camilprodarab 8961endenlaglag Cot Camil Camilendenসিড Camil Camil CamillagendenendenendenITE Camilenden Camilম্যান Camil Camilenden Camil передlag CamillagprodMRendenendenenden 1830 Camil Camil Cotসিসittestrodlag Camil pover Camillag Camilarab Camilбі Camil children groসিসlaglag Camil 8961 Camil Camil Camil Camil Camil Camiljav statesjavarabльта Camil Camil children groköarabarab 5952 pover 5952ম্যান Camilprodlag Camilenden Camiljavlag Camil stateslag Camil Cot Camil CamiljavITEenden সাউদার্নjavসিস মিঠাjav Camil Camil Camiljavঝittestlag 5952 CamilITEjavlag Cot Lag gro Camilarab CotMRrod Camilarablag CamilসিসITElaggio CamilITElagITElag Camil CamilITErodসিসjav poverlag মিঠা Camil Camil Camillag湖enden Camil湖 Camilittestlag Cot Camil Cotprodendencom Camillag 5952javenden Camil Camilঝ Camil Camil Camil Camil Camil CotITEITElaglag Camillagбі Camil 1830Switchjav CamiljavITEarabбі CamilSwitchlag Camilendenarab Camiljavlagkö Camiljav Camiljavlag Camiljav Camilসিড,unknown
