id,source_id,pattern,codemix_context,codemix_question,codemix_answer,hallucinated_answer,raw_response,is_hallucinated
bengali--2918201337969727173-3::inference,bengali--2918201337969727173-3,inference,"Jatiyo songsod nirbachon egiye ashle Zia Bangladesh Jatiyotabadi Dol gothon koren. Jagdolke BNP-r sathe ekibhuto kora hoy. Rashtrapoti Zia ei doler somonnoyok chilen ebong ei doler prothom chairman-er daitto palon koren. Oddhyapok AQM Badruddoza Chowdhury er prothom mohasochib chilen. Ziar ei dole bam, dan, moddhoponthi shob prokar lok chilen. BNP-r shobcheye prodhan boishishto chilo er niyog poddhoti. Pray 45 shotangsho sodossho shudhumatro rajnitite je notun chilen tai noy, tara chilen torun. [4] 1978 saler 1 September bikal 5tay Ramna Restaurant-e Bangladesh Jatiyotab",Bangladesh Jatiyotabadi daler sorboprothom chairman ke chilen?,Jiya,"Bangladesh Jatiyotabadi daler sorboprothom chairman chilen Oddhyapok AQM Badruddoza Chowdhury, karon tini prothom mohasochib chilen.","**Analysis:**

1. **Claim:** Bangladesh Jatiyotabadi daler sorboprothom chairman chilen Oddhyapok AQM Badruddoza Chowdhury.
   - **Support in Context:** The context explicitly states that ""Oddhyapok AQM Badruddoza Chowdhury er prothom mohasochib chilen"" and later mentions that ""Ziar ei dole bam, dan, moddhoponthi shob prokar lok chilen"", which includes the position of chairman.

2. **Claim:** karon tini prothom mohasochib chilen.
   - **Support in Context:** The context supports this claim as it mentions ""prothom mohasochib chilen"".

**Verdict:**
The model answer accurately reflects the information provided in the context and does not contain any unsupported or fabricated details. Therefore, the final verdict is: **no**.",no
bengali--2120653920804032560-13::inference,bengali--2120653920804032560-13,inference,"dan|thumb|300x300pixel| Altai Tavan Bogd National Park, Mongolia.te Kazakh eagle shikari Kazakh vasha Turki vasha poribar-er ekta sodossho vasha jemon, Uzbek, Kirghiz, Tatar, Uighur, Turki, Azeri, Turkmen ebong aro kichu vasha jeguli Purbo Europe, Moddho Asia, Xinjiang o Siberia-te byabohrito hoy egulir motoi.",Kajakh jatir odhibasider bhasha ki?,Kazakh,Kajakh jatir odhibasider bhasha holo Turki vasha poribarer Uighur bhasha.,"**Step 1:**
The Model Answer claims:
- The language spoken in Kazakhstan (Kajakh jatir) is primarily Uighur.
- This language belongs to the Turkic family.

**Step 2:**
Checking these claims against the Context:
- The Context mentions several languages and their speakers, but it does not explicitly state that Kazakh (Kazakh vasha) is Uighur (Uighur bhasha).
- It does mention that Kazakh is a Turkic language (Turki vasha).

**Step 3:**
Based on steps 1-2, the Model Answer is making unsupported claims about the primary language spoken in Kazakhstan and its classification as Uighur. While it's true that Kazakh is a Turkic language, the Context does not confirm that Uighur is the primary language spoken there.

**Final Verdict:** No",no
bengali--1133206861754868399-0::inference,bengali--1133206861754868399-0,inference,"Sui Somrat Wen (Sui Wendi; 21 July, 541 – 13 August, 604) chilen Chiner Sui Samrajyer (581 – 618) protishthata o prothom somrat. Tar paribarik nam chilo Yang Jian, Xianbei nam Paliuru Jian, ebong daknam Naluoyan. Tini Bouddho dhormer onushari chilen ebong tar samrajye Bouddho dhorm procharer jonno kaj koren.[2] Jin Samrajyo shomoykaler por Chin ke punoray ekotrito korar jonno take Chiner itihasher ekjon guruttopurno shashok bole obihito kora hoy. Tar shashonamole Chiner Mohaprachir bordhitokoroner kaj kora hoy ebong Grand Canal khonon kora hoy.[3]",Sui samrajyer prothom somrat ke chilen?,sui somrat oen,Sui samrajyer prothom somrat chilen Yang Jian Naluoyan.,"**Reasoning:**

The context states that Sui Wen Di (Sui Samrajyer protishthata) was the first emperor of the Sui Dynasty. The model answer claims that Yang Jian Naluoyan was the first emperor of the Sui Dynasty.

Step 1:
- Claim: Yang Jian Naluoyan was the first emperor of the Sui Dynasty.

Step 2:
- The context does not explicitly mention Yang Jian Naluoyan as the first emperor. It only mentions that his name was Yang Jian and he had a Daxia (Naluoyan) title, but it does not specify that he was the first emperor.

Step 3:
Since the context does not explicitly support the claim made by the model answer, we cannot confirm its accuracy based on the given information.

**Final Verdict:** No",no
bengali--8878834667713983067-0::comprehension,bengali--8878834667713983067-0,comprehension,"Bishwajonin obosthan-nirnayok byabostha, jake mul English-e Global Positioning System (global positioning system) o songkhepe GPS (GPS) name daka hoy, Markin Juktorashtrer protirakkha montronaloy kortik 1970-er doshoker shurur dike udbhabito ekta projukti.[1] Prothom dike er proyog chilo puropuri shamorik. Pore jonosadharoner nimitthe er byabohar unmukto kora hoy. Eti ekta kritrim upogroho-vittik jogajog byabostha. Jekono abohawate prithibir jekono choloman obosthan ar shomoyer totho sorborah korata er mul kaj. GPS ek dhoroner ekmukhi byabostha karon byaboharkar",Bishwajonin obosthan-nirnoyok byabostha prothom kothay chalu hoy?,1970-er doshoker shurur dike,Markin Juktorashtrer shamorik khetre prothom chalu hoy.,"**Reasoning:**

The context discusses the origin and evolution of GPS (Global Positioning System), mentioning that its first use was military. The model answer claims that ""Markin Juktorashtrer shamorik khetre prothom chalu hoy,"" which translates to ""In Markin's military sphere, it first started.""

1. **Claim:** The first use of GPS was in the military sphere.
   - **Support from Context:** Yes, the context mentions that the first use of GPS was indeed for military purposes.

2. **Claim:** Markin is associated with this first use.
   - **Support from Context:** No, the context does not mention any association between Markin and the first use of GPS.

**Verdict:**
While the model answer correctly identifies the military sphere as the first user of GPS, it incorrectly attributes this to ""Markin."" Since there's no support for this attribution in the given context, the model answer is **hallucinated**.",no
bengali--3051071168921438198-0::comprehension,bengali--3051071168921438198-0,comprehension,"Bangladesher shadhinotajuddher bhaskorjo nirmito hoyechilo Bangladesher shadhinotajuddher roktokkhoyi songramer smritike lalon korar jonno ebong poroborti projonner kache shadhinotar chetonake probahito korar jonno. Shadhinotajuddho smorone nirmito eshob bhaskorjo rajdhani shohor chariye desher sorbotroi pray royeche. Emonki Bangladesher baire, Bangali odhyushito oncholeo royeche shadhinotajuddher eshob bhaskorjo.",Bangladesher shadhinotajuddher bhaskorjo Bangladesher kothay nirmito hoyechilo?,Rajdhani shohor chariye desher sorbotroi pray,Shadhinotajuddher bhaskorjo muloto Dhaka Bishwobidyaloy elakay nirmito hoyechilo.,"**Reasoning:**

The context discusses the creation of Bangladesh's flag during the independence war and its significance. It mentions that the flag was designed by a group of people for various reasons related to the independence movement but does not specify where it was created.

The Model Answer claims that ""Shadhinotajuddher bhaskorjo muloto Dhaka Bishwobidyaloy elakay nirmito hoyechilo,"" which translates to ""Bangladesh's flag was originally designed at Dhaka University.""

**Analysis:**

1. The context does not explicitly state where the Bangladesh flag was created.
2. The Model Answer makes a specific claim about the location of its creation (Dhaka University).
3. Since there is no explicit support for this claim in the given context, it appears to be unsupported information.

**Verdict:** yes",yes
bengali-5118137145175085108-0::specificity,bengali-5118137145175085108-0,specificity,"Bhogini Nibedita (Ingreji: Sister Nivedita) (Bengali pronunciation:[sister niːbediːt̪aː]) (jonmo Margaret Elizabeth Noble' (Ingreji: Margaret Elizabeth Noble)[1]; 28 October, 1867 – 13 October, 1911)[2][3] chilen ekjon Anglo-Irish bongshodbhut shomajkormi, lekhika, shikkhika ebong Swami Vivekanander shishya.[4][5] 1895 sale London shohore tini Swami Vivekanander shakkhat pan ebong 1898 sale Bharote chole asen. Eki bochor 25 March tini brahmacharya grohon korle Swami Vivekananda tar namkoron koren ""Nibedita"".",Bhogini Nibedita kon shale prothom Bharatborshe asen?,1898,Bhogini Nibedita prothom Bharatborshe asen 1895 shale.,"**Analysis:**

Step 1: The Model Answer makes two factual claims:
   - Bhogini Nibedita first came to India in 1895.
   - This was her first time in India.

Step 2: Checking these claims against the Context:
   - The Context mentions that she went to Bharot (India) in 1898, not 1895.
   - There's no mention of this being her first visit; however, it's implied as she took vows and changed her name upon arrival.

Step 3: Based on these checks:
   - The claim about the year is incorrect according to the Context.
   - The claim about it being her first visit is not explicitly contradicted but also not explicitly confirmed.

**Final Verdict:** Yes, the Model Answer is hallucinated relative to the given context and question.",yes
bengali--2856576533731689599-27::factualness,bengali--2856576533731689599-27,factualness,"Bharoter brihottom dhormo Hindudhormer prodhan dhormogranthogulite somokamitar suspasto ullekh na thakleo, dhormogranther kono kono byakhyake somokamitar birodhi mone kora hoy.[59] Tobe Bharoter prodhan dhormobishwase somokamitar obosthan kothay, ta niye gobeshokder moddhe dwimot ache. Keu keu mone koren prachin Hindu somaje somokamita shudhu prashongik-i chilo na, borong ta grohonjoggo-o chilo.[60] Bortomane Bharote somokamita baidhota peyechhe.[61] Otite somokamita Bharotiyo nagorik somaj o sarkarer kache ekta nishiddho bishoy hisebe por",Bharotborshe kon sal theke duti somokami loker biye-ke aini vabe boidho bole ghoshona kora hoy?,2009 saler 2 July,2018 saler 6 September e Bharat-e duti somokami loker biye-ke aini vabe boidho bole ghoshona kora hoy.,"**Analysis:**

The context discusses the history and evolution of Hinduism in Bangladesh, mentioning that there were debates about the supremacy of Hindu religion (dhormo) and its scriptures (dhormograntho). It also mentions that there was a division among Hindus regarding their beliefs during the British rule. However, it does not provide any specific dates or events related to the second largest Hindu community's wedding ceremony.

The Model Answer claims that in 2018 on September 6, the second largest Hindu community held a grand wedding ceremony. This claim is not supported by the context provided.

**Verdict:** No",no
bengali--622926988234538194-4::inference,bengali--622926988234538194-4,inference,"""Bonolota Sen"" kobitati prothom prokash korechhilen kobi Buddhadeb Bosu tar Kobita potrikay. 1935 Khrishtabder December-e prokashito Kobitar Poush, 1342 shongkhar maddhome Bonolota Sen shorboprothom pathoker hate eshe pouchhay. Jibanananda Das Bangla 1349, English December 1942 Khrishtabde prokashito tar Bonolota Sen namok tritiyo kabyagranth-e kobitati ontorbhukto koren. Kobita-Bhoban kortik prokashito ""Ek Poysay Ekti"" gronthomalaar ontorbhukto hisebe. Prokashok chhilen Jibanananda Das nijei. 16 pithar prothom shongskorone kobita chhilo mot 12ti.","Jibanananda Dash rochito ""Bonolota Sen"" kobitati kon sale prothom prokashito hoy?",1935,1942 shale prothom prokashito hoy.,"**Reasoning:**

The model answer claims that ""Bonolota Sen"" was first published in 1942. Let's check if this claim is supported by the context:

1. The context mentions that ""Bonolota Sen"" was first published in Bengali in 1342 (which corresponds to 1945 in the Gregorian calendar) and in English in December of 1942.
2. However, there's no mention of a specific year for the first publication of ""Bonolota Sen"".

Since the context does not explicitly state that it was first published in 1942, but rather mentions two different years for its first publications (1342 and 1942), we cannot definitively confirm that the model answer is correct.

**Final Verdict:** No",no
bengali-1638855418388935684-0::factualness,bengali-1638855418388935684-0,factualness,"Steve Jobs (puronam: Steven Paul Jobs) (English: Steven Paul ""Steve"" Jobs) (jonmo February 24, 1955, mrityu 5 October 2011)[10][11] Juktorashtrer ekjon uddyokta o projukti udbhabok. Take personal computer biplober pothikrit bola hoy. Tini Steve Wozniak ebong Ronald Wayne-er sathe 1976 Khristabde ""Apple Computer"" protistha koren. Tini Apple Incorporation-er protisthata der onnotomo o sabek prodhan nirbahi kormokorta. Tini ""Pixar Animation Studios""-er o protisthata der onnotomo o sabek prodhan nirbahi kormokorta. 1985 sale Apple Incorporation-er ""Board of Directors-er"" sodoshoder sathe birodhe joriye tini Apple Incorporation the",Apple Incorporated er protishthata ke?,Steve Wozniak ebong Ronald Wayne,Apple Incorporated er protishthata chhilen Steve Jobs ebong Mike Markkula.,"**Analysis:**

Step 1:
- Claim 1: Steve Jobs was involved in the founding of Apple Incorporated.
- Claim 2: Mike Markkula was also involved in the founding of Apple Incorporated.

Step 2:
- The context mentions that Steve Jobs founded ""Apple Computer"" with Steve Wozniak and Ronald Wayne in 1976. It does not mention Mike Markkula's involvement in the founding.
- However, it is historically accurate that Mike Markkula was an early investor and played a significant role in Apple's growth after its founding.

Step 3:
While the context supports Claim 1, it does not explicitly support Claim 2. Therefore, the model answer contains a factual claim that is not supported by the given context.

**Final Verdict:** No",no
bengali-5091763437915482713-4::inference,bengali-5091763437915482713-4,inference,Poromanur khudrotomo konika electron. 1897 Khristabde Sir J. J. Thomson sorboprothom electron-er ostittwo abishkar koren. Ekti electron-er asal vor oti samanno 9.1085×10−28g. Electron-er adhan -1.6×10−19 Coulomb. Electron nucleus-er chardike ghurnayoman. Electron-ke sadharonoto e protik diye prokash kora hoye thake.,Poromanur khudrotomo konikar nam ki?,electron,Poromanur khudrotomo konikar nam proton bola hoy.,"**Step 1:** The model answer claims that ""Poromanur khudrotomo konikar nam proton bola hoy"" (In English, it means ""The name of the particle discovered by Thomson is proton"").

**Step 2:**
- The context mentions that Sir J. J. Thomson discovered a particle called an electron in 1897.
- There's no mention of any other particle named 'proton' being discovered by Thomson.

**Step 3:** Since the context does not support the claim made in the model answer, it is hallucinated relative to the given context and question.

Final verdict: **no**.",no
bengali-6681403982104856121-1::comprehension,bengali-6681403982104856121-1,comprehension,"Motiur Rahman 1941 saler 29 October Puran Dhakar 109, Aga Sadek Roder ""Mobarak Lodge""-e jonmogrohon koren. Tar poitrik nibash Narsingdi jeler Raipura thanar Ramnagar grame. Ja ekhon Motinagar name porichito. 9 bhai o 2 boner moddhe tini chilen 6th. Tar baba Moulovi Abdus Samad, ma Syeda Mobarakunnesa Khatun. Dhaka Collegiate School theke shostho shreni pass korar por Sargoday Pakistan Biman Bahini Public School-e vorti hon. Distinction-soho metric porikkhay safollor sathe prothom bibhage uttirno hon.",Birshreshtho Flight Lieutenant Matiur Rahman er babar nam ki?,Moulovi Abdus Samad,Birshreshtho Flight Lieutenant Matiur Rahman er babar nam chhilo Syed Ahmed Rahman.,"**Analysis:**

Step 1: The Model Answer claims that Birshreshtho Flight Lieutenant Matiur Rahman's father's name was Syed Ahmed Rahman.

Step 2:
- The context mentions Moulovi Abdus Samad as Motiur Rahman's (Matiur Rahman) father.
- There is no mention of any other name for his father in the given context.

Step 3: Since there is no evidence to support the claim made by the Model Answer, and the context explicitly states a different name for Matiur Rahman's father, the answer is hallucinated.

**Final Verdict:** No",no
bengali--1831213595878006436-0::factualness,bengali--1831213595878006436-0,factualness,E-ink ba electrophoretic ink ek dhoroner electronic kagoj ba porda ja E Ink Corporation namok ekta protisthan kortik shilpojatokrito. MIT Media Lab shorboprothom E-ink projukti niye gobeshona shuru kore. Porobortite 1997 sale MIT-er E-ink gobeshona prokolper upor vitti kore E Ink Corporation protishthito hoy. 1996 saler ek patent onujayi Joseph Jacobson ebong Barrett Comiskey-ke E-ink projuktir udbhabok hisebe shwikrity deya hoyeche.[1],E Ink Corporation-er protisthata ke?,Joseph Jacobson ebong Barrett Comiskey,Russ Wilcox ebong JD Albert,"**Analysis:**

The context provided discusses the creation and evolution of E Ink Corporation. It mentions that MIT Media Lab started working on E Ink projects first, and in 1997, E Ink Corporation was established based on this work at MIT.

However, the model answer claims that Russ Wilcox and JD Albert are associated with E Ink Corporation's establishment or location. There is no mention of these individuals in the provided context.

**Verdict:** The model answer does not align with the given context as it introduces unsupported factual claims about specific individuals associated with E Ink Corporation. Therefore, the answer is **hallucinated**.

Final line: yes",yes
bengali-3388903986057254256-1::specificity,bengali-3388903986057254256-1,specificity,Alchi Bouddhobiharer protishthata hisebe Rin-chen-bzang-po (jibonkalo: 958-1055) namok bikhyato Tibboti Bouddho ponditer ullekh kora hoy. Kintu Roger Goepper ei biharer shobcheye puraton bhobongulir modhye onnotomo Gsum-brtsegs mondirti troyodosh shotabdir prothom choturthangshe nirmito hoyechhilo bole hiseb korechen. Ei mondirer tritiyo tolar probeshdwarer deowale 'Bri-kung-bka'-brgyud dhormosomprodayer jogider chitrey ei dhormosomprodayer protishthata 'Jig-rten-mgon-po-rin-chen-dpaler (jibonkalo: 1143-1217) chitra,Alchi Bouddhobiharer protishthata ke?,Rin-chen-bjang-po,Alchi Bouddhobiharer protishthata shombhoboto Jig-rten-mgon-po-rin-chen-dpal.,"**Analysis:**

1. **Claim:** The model answer states that Alchi Bouddhobiharer protishthata (Alchi Monastery's founder) is Jig-rten-mgon-po-rin-chen-dpal.
2. **Support in Context:**
   - The context mentions Rin-chen-bzang-po as the founder of Alchi Monastery, not Jig-rten-mgon-po-rin-chen-dpal.
   - There's no mention of Jig-rten-mgon-po-rin-chen-dpal being associated with Alchi Monastery in any way.

**Verdict:** The model answer is hallucinated as it incorrectly identifies the founder of Alchi Monastery. **No.**",no
bengali-9180741355773022793-4::specificity,bengali-9180741355773022793-4,specificity,"Android Incorporated protistha hoyechilo 2003 saler October-e Palo Alto, California-y, protisthata Andy Rubin (Danger-er sho-protisthata)[22], Rich Miner (Wildfire Communications, Incorporated-er sho protisthata)[23], Nick Sears (T-Mobile-er sabek Vice President)[24], Nick Sears (T-Mobile-er prakton Vice President) ebong Chris White (WebTV-r design ebong interface prodhan)[25]. Jehetu tara bibhinno protisthane niyojito chilen tai Android-er karyokrom cholto onekta gopone. Protisthan theke eta bola hoto je tara shudhu mobile-er ekta software-er upor kaj korchen. Company-r prathomik uddeshyo chilo digital camera-r jonno ekta unnoto maner operating system toiri kora. Jodio pore tara bujhte paren device-tir bajar toto b",iOS mobile operating system ta kobe chalu hoy?,2003 shale,iOS mobile operating system ta prothom dike 2003 shaler October-e Palo Alto-te chalu hoy bole dhora hoy.,"**Analysis:**

Step 1:
- Claim: iOS mobile operating system started in 2003.
- Implied Claim: The starting point of iOS is mentioned along with Android's start date and location.

Step 2:
- Context mentions the formation of Android Inc. in 2003, but it does not mention anything about iOS starting at that time or place.
- The context only discusses Android's creation and its initial purpose for a digital camera operating system.

Step 3:
Since there is no support in the given context for the claim that iOS started in 2003, the model answer is hallucinating facts not present in the provided context.

**Final Verdict:** No",no
bengali-8394231526456964839-1::specificity,bengali-8394231526456964839-1,specificity,Mohiuddin Jahangir 1949 saler 7 March Barishal jeler Babuganj upojelar Rahimganj grame jonmogrohon koren. Tar pita Abdul Motaleb Hawlader chilen krishok ebong ma Safia Begum chilen grihini. Mohiuddinra tin bon tin bhai.[2] Dada Abdur Rahim Hawlader chilen protapshali bekti. Pitar arthik dainyotar karone matro sare tin bochor boyose mamar bari Muladi upojelar Patarchar grame jan Jahangir. Patarchar Sarkari Prathomik Bidyaloye 1953 sale tar shikkhajiboner suchona hoy. Muladi Mahmud Jan Pilot Uchcho Bidyaloy theke 1964 sale biggan bibhage matriculation pass koren. 1966 te tini Barishal B.M (Brojomohon) College,Bangladesher shohid muktijoddha Mohiuddin Jahangirer babar nam ki?,Abdul Motaleb Hawlader,Mohiuddin Jahangirer babar nam shombhoboto Abdur Rahim Hawlader chhilo.,"**Analysis:**

Step 1:
The Model Answer claims that Mohiuddin Jahangir's father's name was Abdur Rahim Hawlader.

Step 2:
In the provided context, it is stated that ""Dada Abdur Rahim Hawlader chilen protapshali bekti"" which translates to ""Abdur Rahim Hawlader was his elder brother"". This does not directly confirm that Abdur Rahim Hawlader was Mohiuddin Jahangir's father. However, since the context mentions earlier that Mohiuddin's father Abdul Motaleb Hawlader was a farmer and his mother Safia Begum was a housewife, it is reasonable to assume that Abdur Rahim Hawlader could be an elder brother or another relative of Mohiuddin Jahangir.

Step 3:
Since the context does not explicitly confirm that Abdur Rahim Hawlader was Mohiuddin Jahangir's father, but rather suggests a familial relation, the Model Answer is **not fully supported by the context**.

Final verdict: **no**",no
bengali-2005469134674641797-1::specificity,bengali-2005469134674641797-1,specificity,Rangamati jelar mot ayoton 6116.13 borgo kilometer. [1] Eti Bangladesher brihottom jela.,Parbotto jela Rangamati shohore mot ayoton koto?,6116.13 borgo kilometer,Rangamati shohorer ayoton prai 6 hajar borgo kilometer.,"**Reasoning:**

The context states that Rangamati is a district in Bangladesh with an area of 6116.13 square kilometers. It also mentions that this is the largest district in Bangladesh.

The model answer claims:
- ""Rangamati shohorer ayoton prai 6 hajar borgo kilometer"" translates to ""Rangamati district's area is approximately 6000 square kilometers"".

**Analysis:**
1. The context provides the exact figure of Rangamati's area as 6116.13 square kilometers.
2. The model answer approximates this figure as 6000 square kilometers.

Since the model answer does not accurately reflect the factual information provided in the context, it is considered a hallucination.

**Final Verdict:** yes",yes
bengali-2658236964036018978-3::comprehension,bengali-2658236964036018978-3,comprehension,"Drishshoman alo bornali bad dile toritchoumbok bornali prothom abishkar koren William Herschel. Tini 1800 sale obolohit bikiron (infrared) abishkar koren [4]. Prism dara bichchurito alok bornalir bibhinno borner tapmatra tini thermometer diye porjobekkhon korchilen. Shei shomoy tini lokkho koren, bornalite tapmatra shorbadhik hoy drishshoman lal born otikrom kore. Tini ei shiddhante uponito hon je, tapmatra poribortoner karon holo ""calorific ray"" ba ""tap utpadonkari torongo"" - ja alor nay ekprokar torongo, kintu dekha jay na.",Toritchoumbok bornali prothom abishkar korechilen ke?,William Herschel,James Clerk Maxwell,"**Analysis:**

The context discusses William Herschel's discovery of infrared radiation in 1800. It mentions that he was the first to observe this phenomenon using a prism and a thermometer. However, it does not mention James Clerk Maxwell at all.

**Step-by-step breakdown:**
- Claim: James Clerk Maxwell discovered infrared radiation.
- Support from context: None (James Clerk Maxwell is not mentioned in the given context).

**Verdict:** The model answer is hallucinated relative to the code-mixed (Bangla-English) context and question, as it attributes a discovery to James Clerk Maxwell that was actually made by William Herschel.

Final answer: **No**.",no
bengali--8638982311668751103-0::inference,bengali--8638982311668751103-0,inference,"Tribhuvan antorjatik bimanbondor (Nepali: Tribhuvan Antarrashtriya Vimanasthala, IATA: KTM, ICAO: VNKT) Nepal-er Kathmandu-te obosthito antorjatik bimanbondor. Eti shohorer kendrosthol theke choy kilometer dure Kathmandu upottyakay obosthito. Eti Nepal-er ekmatro antorjatik bimanbondor ebong 1949 sal theke ekta biman ghati hisebe kaj koreche. Eti Raja Mahendra 1955 sale uddhodhon koren ebong 1964 sale bortoman name porichito hoy. Shurute eti ghaser runway chilo, 1957 sale concrete-er astaron sthapon kora hoy ebong besh koyekbar somprosaron kora hoy. Tribhuvane prothom jet biman name 1967 sale ebong",Tribhuvan antorjatik bimanbondortir udbodhon ke koren?,Raja Mahendra,Tribhuvan antorjatik bimanbondor-ta mone hoy 1964 sale Raja Birendra udbodhon koren.,"**Analysis:**

1. **Claim:** Tribhuvan International Airport was inaugurated in 1964.
   - **Support from Context:** The context mentions that the airport was renamed ""Tribhuvan"" in 1964, but it doesn't explicitly state that this is when it was inaugurated.

2. **Claim:** King Birendra inaugurated Tribhuvan International Airport.
   - **Support from Context:** There's no mention of King Birendra inaugurating the airport in the provided context.

**Verdict:**
The model answer contains factual claims not supported by the given context. Therefore, it is a hallucination relative to the provided context and question.

Final answer: **No**.",no
bengali-1723011166667196429-2::specificity,bengali-1723011166667196429-2,specificity,Halaku Khan chilen Chengeis Khaner onnotomo putro Toluiyer shontan. Tar ma Sorgaghtani Beki chilen ekjon probhabshali Kerait shahjadi. Sorgaghtani chilen ekjon Nestorian Khrishtan. Halaku Khaner stri Dokuz Khatun ebong tar ghonishto bondhu o senapati Kitbukao Khrishtan chilen. Mrityur agomuhurte Halaku Khan Bouddhodhormo grohon korechilen bole jana jay.[1][2] Koyekti Bouddho mondir nirmon theke Bouddhodhorme tar agroher proman pawa jay.[3],Halaku Khaner strir nam ki chilo?,Dokuj Khatun,Halaku Khaner stri shombhoboto Sorgaghtani Beki chilen.,"**Analysis:**

The model answer states that Halaku Khan's wife was named Sorgaghtani Beki. Let's check this claim against the provided context:

1. The context mentions ""Sorgaghtani Beki"" as a daughter of Chengeis Khan, not as Halaku Khan's wife.
2. There is no mention in the context that Halaku Khan had a wife named Sorgaghtani Beki.

**Verdict:** No factual claim made by the model answer is supported by the given context.

**Final Answer:** No",no
bengali-1411582546196272359-27::comprehension,bengali-1411582546196272359-27,comprehension,Turshker jonoshonkha pray sat koti 15 lakh.[68] Deshtir jonmohar gore 1 doshomik 31.[69] Proti borgokilomitare er jonoshonkha 92 jon. Er moddhe shohore boshobash kore 70 doshomik 5 jon. 15 theke 64 bochor boyoshi lok royeche 66 doshomik 5 shotangsho. Shunno theke 14 bochore boyoshi loker shonkha 26 doshomik 4 shotangsho. 65 bochorer beshi boyoshi loker shonkha 7 doshomik 1 shotangsho.[70] CIA Factbook onujayi Turki purusher gor ayu 70 doshomik 67 bochor o mohilader gor ayu 75 doshomik 73 bochor. Mot jonoshonkhar gor ayu,Turshker bortoman (2019) jonoshonkha koto?,Pray sat koti 15 lakh,Turshker bortoman (2019) jonoshonkha pray noy koti.,"**Analysis:**

The context provided discusses various aspects of Turkey's population growth and demographics but does not explicitly mention anything about ""Turshker bortoman (2019) jonoshonkha"" (Turkey's population in 2019).

- The context mentions the population in 1968, 1969, and various other years up to 2015 but not specifically for 2019.
- There is no mention of ""bortoman"" (population) in relation to the year 2019.

**Verdict:** The model answer is hallucinated as it makes a claim about Turkey's population in 2019 without any supporting evidence in the given context. Therefore, the final word is: **no**.",no
bengali-8899130051977933608-1::comprehension,bengali-8899130051977933608-1,comprehension,1962 khristabder 25she August totkalin Purbo Pakistan prodesher Mymensingh shohore Taslima Nasriner jonmo hoy. Dui bhai dui boner moddhe tini tritiyo. Tar mata Eidul Wara grihini ebong pita Rajab Ali peshay chikitsok chilen. 1976 khristabde tini Mymensingh Residential School theke madhyamik school certificate (SSC) pass koren. 1978 khristabde tini Ananda Mohan College theke uccho madhyamik certificate (HSC) pass koren. Erpor tini Mymensingh Medical College e vorti hon ebong sekhan theke 1984 khristabde MBBS pass koren.[5] 1986 khristabdo theke 1989 khristabde tini sarkari grameen hospital e ebong,Taslima Nasriner babar nam ki?,Rojob Ali,Taslima Nasriner babar nam chhilo Eidul Wara.,"**Analysis:**

Step 1: The model answer claims that Taslima Nasrin's father's name was Eidul Wara.

Step 2:
- The context mentions ""Rajab Ali"" as Taslima Nasrin's father, not ""Eidul Wara"".
- There is no mention of any other name for Taslima Nasrin's father in the provided context.

Step 3: Since there is no supporting evidence in the given context for the claim made by the model answer, we conclude that it is a hallucination.

**Final Verdict:** No",no
bengali--6029141022173703914-7::specificity,bengali--6029141022173703914-7,specificity,"1944 sale Mohammad Rafi Bombete (bortoman Mumbai) chole asen. Tar shyalok sekhane take Bhendi Bazarer moto byastotomo elakay dosh foot by dosh foot kokkhe thakar byabostha koren. Sekhane Tanvir Naqvi namiyo ekjon kobi - Abdur Rashid Kardar, Mehboob Khan ebong obhineta-porichalok Nazir-er moto cholocchitro porichaloker sathe Rafike porichoy kore den.[7] Shyam Sundar tokhon Mumbaiye obosthan korchilen. Tini Rafike abar-o GM Durrani'r sathe doito sangeete ongshogrohon-er jonno amontron janan. Shyam Sundarer Gaon Ki Gori cholocchitrer Aji Dil Ho Kabu Me To Dildar Ki Aisi Taisi ganer madd",Mohammad Rafi prothom kon Hindi cholochitre gaan geyechhilen?,gao ki gori,Mohammad Rafi prothom Hindi cholochitre gaan geyechhilen **Pehle Aap**-e bole dhora hoy.,"**Step 1:** The model answer claims that Mohammad Rafi's first Hindi film song was ""Pehle Aap"".

**Step 2:**
- The context mentions several films and songs but does not explicitly state which was Rafi's first Hindi film song.
- It does mention that Rafi started his career in 1944 with a Marathi film, ""Bhaktipatra"".
- There is no mention of any Hindi film or song titled ""Pehle Aap"".

**Step 3:** Since the context does not support the claim made by the model answer, the final verdict is:

**No.**",no
bengali--7489945090902839314-2::specificity,bengali--7489945090902839314-2,specificity,"Monsters University, Mike ebong Sulley name dujon monster-er golpo. Shurute, college-e odhyayonkale tara nijeder protidondhi hishabe vableo dhire dhire tader moddhe valo bondhutto toiri hoye othe. Billy Crystal, John Goodman, Steve Buscemi, Bob Peterson ebong John Ratzenberger cholochitre Mike Wazowski, James P. Sullivan, Randall Boggs, Roz, ebong joghonno tusharmanob-er choritre obhinoy korechen. Bonnie Hunt, jini prothom cholochitre Miss. Flaint choritre obhinoy korechen, ei cholochitre tini Mike-er school shikkhika Miss. Karen Graves choritre kontho diyechen. Songit rochona korechen Randy Newman ebong Pixar-er sathe eti tar shoptom kaj.",Monsters University cholochitroter mul choritrer nam ki?,Mike ebong Sule,Mul choritra hocche Randall ebong Roz.,"**Analysis:**

Step 1:
The model answer makes two factual claims:
- The first monster introduced in Monsters University is Randall Boggs.
- The second monster introduced is Roz.

Step 2:
Checking these claims against the context:
- The context mentions ""Randall Boggs"" but does not explicitly state he's the first monster introduced.
- The context does not mention ""Roz"" at all.

Step 3:
Since neither claim can be fully supported by the given context, we conclude that the model answer is **hallucinated**.

Final verdict: **no**.",no
bengali--2553274627248365687-16::inference,bengali--2553274627248365687-16,inference,"Jogindranath Sarkarer City Book Society theke tar prothom boi ""Cheleder Ramayan"" prokashito hoy. Ei boiti somaje oti adorer shonge somadrito holeo mudron sombondhe otripto Upendrakishore 1885 sale bidesh theke tokhonkar diner adhunikotomo mudronjontranshadi nijer khorochay amdani koren, ebong 7 nombor Shibnarayan Das Lane e notun bharabari niye U Ray and Sons name notun chapakhana kholen. Ekhaner ekta kamray tini nijer akar studio kholen ebong sekhane halftone block printing niye onek porikkha-nirikha koren. 1911 sale tini boro chele Sukumarke Bilate pathan photography o mudron sombondhe ucchoshikkha lav korar jonno.",Upendrakishor Ray Chowdhury rochito prothom shishusahitto konti?,cheleder Ramayan,Upendrakishor Ray Chowdhury-r prothom shishusahitto chhilo **U Ray and Sons-er prothom chapano golpo boi**.,"**Analysis:**

1. **Claim:** Upendrakishor Ray Chowdhury's first publishing house was ""U Ray and Sons"".
   - **Support in Context:** Yes, it is mentioned that he started a new printing press named ""U Ray and Sons"" at Shibnarayan Das Lane.

2. **Claim:** The first book published by this press was a children's storybook.
   - **Support in Context:** No, the context does not mention any specific type of book published by U Ray and Sons.

**Verdict:**
While the model answer correctly identifies ""U Ray and Sons"" as Upendrakishor Ray Chowdhury's first publishing house, it incorrectly assumes that their first publication was a children's storybook. The context does not support this claim.

**Final Answer:** No",no
bengali-1243479285016270340-16::factualness,bengali-1243479285016270340-16,factualness,"Prishtotan-ke sadharonoto γ (Greek okkhor gamma) chihno diye prokash kora hoy ebong er porimap hoy ‘bol proti ekok doirgho’ diye. Er SI ekok holo Newton proti meter, tobe CGS poddhotite dyne proti cm ekoktio byabohar kora hoy. γ = 1 d y n c m = 1 e r g c m 2 = 1 m N m = 0.001 N m = 0.001 J m 2 {\displaystyle \gamma =1~\mathrm {\frac {dyn}{cm}} =1~\mathrm {\frac {erg}{cm^{2}}} =1~\mathrm {\frac {mN}{m}} =0.001~\mathrm {\frac {N}{m}} =0.001~\mathrm {\frac {J}{m^{2}}} }",Prishtotan ke kon chihno dara prokash kora hoy?,γ,β (Greek okkhor beta) chihno diye prokash kora hoy.,"**Analysis:**

The context discusses the unit γ (gamma) and its conversions to other units. It does not mention any unit β (beta).

Step 1: The Model Answer claims that β is used for displaying something.
Step 2: This claim is not supported by the context as it only mentions γ, not β.
Step 3: Therefore, the model answer is hallucinating information about a unit β when none exists in the given context.

**Final Verdict:** No",no
bengali--381183395494440070-4::comprehension,bengali--381183395494440070-4,comprehension,"Caudata ba lejukto ubhochor; eder modhhe ache Siren, Salamander, o Newt. Anura ba lejbihin ubhochor; eder modhhe ache bibhinno jater byang. Gymnophiona; era onekta kenchosodrish, jemon Caecilian.",Byang kon borger prani?,Anura,Byang holo **Caudata borger prani**.,"**Reasoning:**

1. **Claim:** ""Byang holo Caudata borger prani.""
   - The context mentions that Anura (frogs) are known as 'byang' and Caudata includes species like Siren, Salamander, and Newt.
   - However, the model answer incorrectly associates 'byang' with Caudata instead of Anura.

**Verdict:** The model answer is hallucinated because it incorrectly associates 'byang' with Caudata when the context clearly states that Anura are called 'byang'.

**Final Answer:** No",no
bengali-1019942405024864518-0::inference,bengali-1019942405024864518-0,inference,"Google LLC[4] (English: Google LLC) ba Google Limited Liability Company internet-vittik sheba o ponye bisheshayito ekta American bohujatik projukti company. Stanford University te PhD chhatro thakakalin Larry Page o Sergey Brin 1998 sale Google nirman koren. Googler 14 shotangsho share tader ebong bishesh supervoting khomotar maddhome 56 shotangsho stockholder ke niyontron kore. September 4, 1998 sale tara Google ke private company hisebe ontorbhukto kore. Google August 19, 2004 sale Initial Public Offering (IPO) dey o Googleplex name Mountain View te tader notun sodordoptore sthanantorito hoy. August 2015 sale Google er bibhinno karyakrom Alphabet Incorporated name somonnito korar porikolponar kotha janay. Alphabet er",Google companytar protisthata ke?,Larry Page o Sergey Brin,Google companytar protisthata chhilen Stanford University.,"**Analysis:**

The model answer states that ""Google companytar protisthata chhilen Stanford University,"" which translates to ""Google's headquarters is located at Stanford University.""

Step 1: The factual claim made by the Model Answer is that Google's headquarters is located at Stanford University.

Step 2: The Context does not support this claim. It mentions that Larry Page and Sergey Brin started Google while they were PhD students at Stanford University, but it does not mention that Google's headquarters is there or has ever been there.

Step 3: Based on steps 1-2, the final verdict is that the Model Answer is **no**, it is not supported by the given Context.",no
bengali-8387770267775678164-2::factualness,bengali-8387770267775678164-2,factualness,"Tibro panibahito rog jemon diarrhea ebong cholerar khetre kharap poyonishkashon byabostha panidushon ghotay. Tai itihasher shurur dik thekei shouchagar ekta bhabnar bishoy chilo. Ekkhetre Indu upottyakar jonogon shouchagar, bishesh kore bektigoto flush shouchagarer unnoyoner jonno shobcheye porichito. Erpor 1856 sale adhunik flush shouchagar poddhoti abishkar koren John Herington. Tobe ta tokhono byabohar kora shuru hoy ni. Emonki ditiyo bishwajuddher age shomogro London-e tokhono bektigoto flush shouchagar chilo na.",Adhunik flush shouchagar poddhoti sorboprothom ke abishkar korechhilen?,Jon Herington,Thomas Crapper prothom adhunik flush shouchagar poddhoti abishkar korechhilen.,"**Reasoning:**

1. **Claim:** Thomas Crapper first invented the modern flush toilet.
   - **Support in Context:** The context mentions John Herington as the inventor of the modern flush toilet in 1856.

2. **Claim:** Thomas Crapper did not invent the modern flush toilet.
   - **Implication from Context:** Since John Herington is credited with the invention, Thomas Crapper cannot be the first inventor.

**Verdict:**
The model answer claims that Thomas Crapper invented the modern flush toilet, which contradicts the information given in the context. Therefore, it is a hallucination relative to the given context and question.

**Final Answer:** No",no
bengali-1034970557000642377-1::inference,bengali-1034970557000642377-1,inference,"Oupanibeshik Pakistan amole Purbo Pakistan-e protishthito 4rtho totha sesh Cadet College ""Rajshahi Cadet College"". Pakistan-er President Field Marshal Ayub Khan 1964 saler 6i November Ayub Cadet College name er vitti prostor sthapon koren. Purbo Pakistan-er Governor Monayem Khan 1966 saler 11i February Ayub Cadet College-er uddhodhon koren. Padma nodir tire 110 ekor jomir upor tinta house (hostel) niye ei Cadet College protishthito hoy. Protishthata odhyokkho chilen Wing Commander Mohammad Saeed, PAF. College-er prothom Bangali odhyokkho M Bokiyatullah. Bangladesh shadhin hobar por Ayub Cadet College-er nam poriborton kore Rajshahi Cadet College rakha hoy. Ei Cadet College-er",Rajshahi Cadet College kobe protishthito hoy?,1966 saler 11i February,"Rajshahi Cadet College mone hoy 1964 saler 6i November protishthito hoy, karon oi din Ayub Khan vitti prostor sthapon koren.","**Step 1:** The Model Answer makes two factual claims:
   - Rajshahi Cadet College was established in 1964.
   - It was established on November 6th of that year.

**Step 2:**
   - The Context mentions ""Purbo Pakistan-e protishthito 4rtho totha sesh Cadet College 'Rajshahi Cadet College'"" which translates to ""Established in East Pakistan, the fourth such institution, Rajshahi Cadet College"". However, it does not specify a year.
   - The Context also mentions ""Pakistan-er President Field Marshal Ayub Khan 1964 saler 6i November Ayub Cadet College name er vitti prostor sthapon koren"", which translates to ""Pakistan's President Field Marshal Ayub Khan laid the foundation stone of Ayub Cadet College on November 6, 1964"". This directly supports both claims made by the Model Answer.

**Step 3:** Both factual claims in the Model Answer are supported by the Context. Therefore, the answer is not hallucinated.

Final verdict: **no**.",no
bengali--2488135216239958214-0::inference,bengali--2488135216239958214-0,inference,"Mughal somratora, 16 shotoker shuru theke 19 shotoker majhamajhi porjonto Bharotiyo upomohodeshe Mughal samrajyer shashon koren. Tader samrajyo muloto adhunik Bharat, Pakistan, Afghanistan ebong Bangladesh niye gothito chilo. Mughalra modhyo Eshiar Taimur bongser uttar purush. Ei samrajyo 18 shotoke durbol hoye pore. British shashokder kortik 1857 sale sorbosesh Mughal somrat Ditiyo Bahadur Shah ke khomotachyut korar maddhome Mughal samrajyer oboshan ghote. [1] Mughalra eki sathe Taimur Long ebong Chengis Khaner bongshodhor chilen. Mughalder vitore besh kichu shongkhok Rajput ebong Parsyodeshiyo sodos",Mughal samrajyer sorbosesh somrat ke?,Ditiyo Bahadur Shah,Sorbosesh Mughal somrat chilen Akbar-er bongshodhor Jahangir.,"**Analysis:**

1. **Claim:** ""Sorbosesh Mughal somrat chilen Akbar-er bongshodhor Jahangir.""
   - Translation: ""The last Mughal emperor was Akbar's descendant, Jahangir.""

2. **Checking with Context:**
   - The context mentions that the Mughal Empire ended in 1857 with the exile of Bahadur Shah II.
   - It does not mention anything about Akbar or Jahangir being the last Mughal emperors.

**Verdict:** The model answer is hallucinated as it incorrectly states Akbar and Jahangir as the last Mughal emperors, while the context clearly indicates that Bahadur Shah II was the last Mughal emperor.

Final answer: **No**.",no
bengali--1492967622164090627-2::inference,bengali--1492967622164090627-2,inference,"Chowdhury Rahmat Ali totkalin Bharoter Panjaber Hoshiarpur jeler ontorgoto Balachaur shohore ekta Muslim Gurjar poribare jonmogrohon koren (bortoman Nawanshahr jela).[4] 1918 sale tini Lahorer Islamia Madrasa theke snatok somponno kore Lahorer Aitchison College-e shikkhok hisebe jog den. Erpor tini Punjab University-te ain bishoye odhyayoner jonno vorti hon. 1930 sale tini England chole jan o 1931 sale Cambridge-e Emmanuel College-e jog den. 1933 sale tini ""Now or Never"" pustikati prokash koren. Ete sorboprothom ""Pakistan"" shobdoti ullekh kora hoy. 1933 sale tini England-e Pakistan jatiyo andolon protistha koren. 1933 sale por",Chowdhury Rahmat Ali kon poribare jonmogrohon korechilen?,Muslim Gurjar,Tini ekta Punjabi Muslim poribare jonmogrohon korechilen.,"**Analysis:**

The model answer states that Chowdhury Rahmat Ali married a Punjabi Muslim woman. Let's check if this claim is supported by the context:

1. The context mentions that Rahmat Ali was born in Hoshiarpur, Punjab, and later moved to Lahore.
2. It does not explicitly mention his marriage or the community of his spouse.
3. However, it does imply that he had a connection with the Muslim community as he played a significant role in the Pakistan movement.

**Verdict:** The model answer is **no**, not hallucinated relative to the given context and question. While the context doesn't explicitly mention Rahmat Ali marrying a Punjabi Muslim woman, it doesn't contradict this claim either.",no
bengali-5567311142476972637-0::specificity,bengali-5567311142476972637-0,specificity,"Brahmasamaj ba Brahmasabha 19 shotoke sthapito ek samajik o dhormiyo andolon ja Banglar punorjagoroner purodha hisebe porichito. Kolkatay August 20, 1828 sale Hindudharmo songskarok Raja Rammohon Ray (1772-1833) o tar bondhuborgo mile ek sarbojonin upashonar maddhome Brahmasamaj shuru koren. Tader upashyo chilo ""Nirakar Brahma"", tai thekei nijeder dhormer nam rakhen Brahma.",Brahmasamaj andoloner suchona kobe hoechilo?,19 shotoke,Brahmasamaj andoloner suchona prachin jug thekei dhora hoy.,"**Analysis:**

1. **Claim:** ""Brahmasamaj andoloner suchona prachin jug thekei dhora hoy.""
   - Translation: ""The idea of Brahmasamaj movement was first expressed in ancient times.""

2. **Checking with Context:**
   - The context mentions that Brahmasamaj was started by Raja Rammohon Roy in 1828, which is not an ancient time.
   - There's no mention of any ancient expression of the idea of Brahmasamaj.

**Verdict:** The model answer contains a factual claim that is not supported by the given context. Therefore, it can be considered hallucinated relative to the provided context and question.

**Final Answer:** No",no
bengali-7294080396128754758-7::specificity,bengali-7294080396128754758-7,specificity,"Bangladesh o Bharoter onek brihot nodi purbo theke poschime probahito hoye Bongoposagore potito hoyeche. Tonmoddhe uttordik theke Gonga, Meghna ebong Brahmaputra; dokkhinddik theke Mahanadi, Godabari, Krishna, Irabati ebong Kaveri nodi ullekhjoggo. 64 kilometerbyapi (40 mile) Koum nodi shobcheye choto nodi hisebe soru khal diye ebong 2,948 kilometerbyapi (1,832 mile) bishwer 28tom dirgho nodi hisebe Brahmaputra nodi Bangladesh, Chin, Nepal o Bharoter moddho diye probahito hoye Bongoposagore milit hoyeche. Sundarban mangrove bonanchol Gonga, Brahmaputra o Meghna nodir bo-dwipke",Brahmaputra nodir mot doirgho koto?,"2,948 kilometer","Brahmaputra nodir mot doirgho prai 3,200 kilometer.","**Reasoning:**

The context mentions that Brahmaputra river flows through Bangladesh and its length is given as 2,948 kilometers. However, the model answer claims it to be 3,200 kilometers.

**Step 1:** The factual claim made by the Model Answer is that the length of Brahmaputra river is 3,200 kilometers.

**Step 2:** This claim is not supported by the context provided, which states its length as 2,948 kilometers.

**Final Verdict:**

The model answer has hallucinated the length of Brahmaputra river. Therefore, the final word is: **no**.",no
bengali-9204004307186511271-4::factualness,bengali-9204004307186511271-4,factualness,"Guwahati namti Asomiya vashar duti shobdo 'guya' (ortho-supari) ebong 'hat' (ortho-bazar)-er theke udbhob hoyeche. British uponibesh kale ei namti ""Gauhati"" kora hoyechilo ebong 1980-r doshoker sheshvag theke eti bortoman rup pay.[13]",Guwahatir purbo nam ki chilo?,Gouhati,Guwahatir purbo nam chhilo Gauhati.,"**Reasoning:**

The context discusses the history of Guwahati's name changes and its evolution over time. It mentions that initially, it was known as 'Guya' (ortho-supari) and 'Hat' (ortho-bazar), but later, during British rule, it was renamed to ""Gauhati"". The context does not provide information about the eastern name of Guwahati.

The Model Answer claims that the eastern name of Guwahati was Gauhati. However, this claim is not supported by the provided context as there's no mention of an eastern name for Guwahati.

**Final Verdict:** No",no
bengali-4968178147939785709-2::inference,bengali-4968178147939785709-2,inference,1965 saler 31 July England-er Gloucestershire-er Yate shohore jonmogrohon koren J.K. Rowling. Tar babar nam Peter ebong mayer nam Annie. Tar baba chilen engineer ebong ma chilen gobeshonagarer technician. Rowling er puro nam Joanne Kathleen Rowling. Rowling er choto aro ek bon royeche. Chotobela ta kate gramyo poribeshe.,British lekhika J K Rowling kon shohore jonmogrohon koren?,England er Gloucestershire er Yate e,J K Rowling naki London-er kachakachi Bristol-e jonmogrohon koren.,"**Analysis:**

Step 1:
- Claim: J.K. Rowling was born in Bristol.
- Claim: J.K. Rowling was not born in London.

Step 2:
- The context states that J.K. Rowling was born in Yate, Gloucestershire, England on July 31, 1965. There is no mention of her being born in Bristol or London.
- The context also mentions that her parents' names were Peter and Annie, and they lived in Yate.

Step 3:
Since the model answer contains factual inaccuracies (Rowling was not born in Bristol nor was she born in London), the final verdict is:

**No.**",no
bengali-2586602312486395780-1::comprehension,bengali-2586602312486395780-1,comprehension,"British amol thekei Dhakar bibhinno hotel o Nawab poribarer amontrone British band o songit tarkader Dhakay gaan poribeshoner khobor pawa jay. Pak-Bharot bivoktir pore 1963 saler 18 March Dhakar St. Gregory's School-er ek shangskritik onusthane prothom band dhacher ganer khobor pawa jay. Sei onusthane 17 bochor boyoshi kishor Telfar Johnson guitar bajan ar Cliff Richard-er gaan poribeshon koren. Eki school-er nobom shrenite porua Fazle Rob, Alamgir [porobortikale Bangladesh o Pakistan-er jonopriyo gayok], Rafiq o Sabbir band dol gothon koren. Bola hoy, tader hatei jonmo ney Bangladesh-er prothom band Iolites. Hotel Shahbag o Dhaka Club-e ni",Bangladesher prothom bander nam ki?,iolites,Bangladesher prothom band chhilo **Windy Side of Care**.,"**Analysis:**

The model answer claims that ""Bangladesher prothom band chhilo Windy Side of Care.""

1. **Claim:** The first band in Bangladesh was Windy Side of Care.
2. **Support from Context:**
   - The context mentions the first band performance in Dhaka after Pakistan-Bangladesh separation, but it doesn't explicitly name Windy Side of Care as the first band.
   - It does mention that Fazle Rob, Alamgir, Rafiq, and Sabbir formed a band called Iolites at St. Gregory's School, which is not named as Windy Side of Care.

**Verdict:** The model answer is hallucinated relative to the given context because it claims Windy Side of Care was the first band in Bangladesh without sufficient support from the provided context.

Final answer: **No**.",no
bengali--3419022654484055884-0::comprehension,bengali--3419022654484055884-0,comprehension,"Steve Jobs (puronam: Steven Paul Jobs) (English: Steven Paul ""Steve"" Jobs) (jonmo February 24, 1955, mrityu 5 October 2011)[10][11] Juktorashtrer ekjon uddyokta o projukti udbhabok. Take personal computer biplober pothikrit bola hoy. Tini Steve Wozniak ebong Ronald Wayne-er sathe 1976 khristabde ""Apple Computer"" protistha koren. Tini Apple Incorporation-er protisthata der onnotomo o sabek prodhan nirbahi kormokorta. Tini ""Pixar Animation Studios""-er o protisthata der onnotomo o sabek prodhan nirbahi kormokorta. 1985 sale Apple Incorporation-er ""Board of Directors-er"" sadoshoder sathe birodhe joriye tini Apple Incorporation",Apple company-r protisthata ke?,Steve Wozniak ebong Ronald Wayne,Steve Jobs chhilen Apple-er ekok protisthata.,"**Analysis:**

Step 1:
The model answer claims that ""Steve Jobs was one of Apple's founders.""

Step 2:
The context supports this claim. It states that Steve Jobs co-founded Apple Computer in 1976 with Steve Wozniak and Ronald Wayne.

Step 3:
Since the claim made by the model answer is supported by the context, it is not hallucinated.

**Final Verdict:** No",no
bengali-1030984308163224346-2::specificity,bengali-1030984308163224346-2,specificity,"Shomash shobder ortho shongkhep, shomorthon, shongroho, milon, ekadhik poder ekpodikaron.",Ek kothay samas shobdotir ortho ki?,"songkhep, somorthon, songroho, milon, ekadhik poder ekpodikoron","Ek kothay bolte gele, samas shobdotir ortho holo sudhu “milon o shongjog”.","**Reasoning:**

The context provided is a sentence in Bangla-English code-mixing: ""Shomash shobder ortho shongkhep, shomorthon, shongroho, milon, ekadhik poder ekpodikaron."" This translates to ""Everyone has their own opinion, some are similar, some are different, we meet, one plus one is two.""

The question asked is: ""Ek kothay samas shobdotir ortho ki?"" which means ""Where do similar opinions exist?""

The model answer claims that: ""Ek kothay bolte gele, samas shobdotir ortho holo sudhu “milon o shongjog”."" This translates to ""When we meet, similar opinions exist only in 'milon' (meeting) and 'shongjog' (agreement).""

**Step 1:** The model answer makes the following factual claim:
- Similar opinions exist only in meetings and agreements.

**Step 2:** Checking this claim against the context:
- The context mentions ""milon"" (meeting), but it does not explicitly state that similar opinions exist only there.
- There's no mention of ""shongjog"" (agreement) in the context at all.

**Step 3:** Based on steps 1 and 2, the model answer is making unsupported claims. It's hallucinating information not present in the given context.

**Final Verdict:** yes",yes
bengali--5189083434002639881-1::factualness,bengali--5189083434002639881-1,factualness,Bangladesher Kishoreganj jeler Itna thanar Joysiddhi grame 1885 Khristabde biggani Debendra Mohan Bosu jonmogrohon koren. Tar pitar nam Mohini Mohan Bosu. Renglar Ananda Mohan Bosu tar sohodor kaka. Balyokale pitribiyog ghotle matul biggani Acharya Jagadish Chandra Bosur sannidhye Bharote bosobash koren.[2] Shoishobe Debendramohoner anusthanik shikkha shuru hoyechhilo ekta Brahma Balika Bidyaloye. Balika Bidyaloy holeo ete prathomik stor porjonto sohoshikkha chalu chhilo. Erpor tini Ananda Mohan Bosu protishthito City School e lekhapora koren ebong e school thekei Entrance pass korechen.,Bharotiyo podarthobiggyani Debendra Mohan Bosur pitar nam ki chilo?,Mohini Mohon Bosu,Tar pitar nam chhilo Monindra Mohan Bosu.,"**Analysis:**

1. **Claim:** Debendra Mohan Bosu's father's name was Monindra Mohan Bosu.
2. **Support in Context:** The context mentions that Debendra Mohan Bosu's father's name was Mohini Mohan Bosu, not Monindra Mohan Bosu.

Based on this analysis, the Model Answer is making a factual claim that is not supported by the given context. Therefore, the answer is:

**No.**",no
bengali--3561920547618114254-11::comprehension,bengali--3561920547618114254-11,comprehension,Abu Bakar 573 saler dike Makkar Quraysh bongser Banu Taim gotre jonmogrohon korechen.[6] tar babar nam Abu Quhafa o mayer nam Salma binte Sakhar.,Islamer prothom khalifa Abu Bakr kobe jonmogrohon koren?,573 sale,Hijrater por 632 shale janmogrohon koren.,"**Analysis:**

1. **Claim:** ""Hijrater por"" (After Hijra)
   - **Support in Context:** The context mentions ""Abu Bakar 573 saler dike Makkar Quraysh bongser Banu Taim gotre jonmogrohon korechen."" which translates to ""Abu Bakar was appointed as the leader of the Quraysh tribe after migrating from Makkah to Madinah in 573 AD."" This supports the claim that Abu Bakar's appointment happened after Hijra.

2. **Claim:** ""632 shale"" (In the year 632)
   - **Support in Context:** The context does not explicitly mention the year 632, but it is historically accurate as Abu Bakar became the first caliph after Prophet Muhammad's death in 632 AD.

3. **Claim:** ""janmogrohon koren"" (was appointed)
   - **Support in Context:** The context supports this claim as it mentions ""jonmogrohon korechen"" which translates to ""was appointed"".

**Verdict:**
The model answer is not hallucinated relative to the code-mixed Bangla-English context and question. It accurately reflects the historical event of Abu Bakar's appointment after Hijra in 632 AD.

Final answer: **No**.",no
bengali-3902040012994010412-1::factualness,bengali-3902040012994010412-1,factualness,"Supracin kal thekei Bharatiyo upomohadesh orthonaitik somriddhi o sangskritik oitijjer jonno suparichito. Oitihashik Sindhu sabhyota ei oncholei gore uthechhilo. Itihasher bibhinno porbe ekhanei sthapit hoyechhilo bishalakaar ekadhik samrajyo. Nana itihash-prosiddho banijjopath ei oncholer shonge bishwer onnanno sabhyotar banijjik o sangskritik shomporko rokha korto. Hindu, Bouddho, Jain o Sikh—bishwer ei char dhormer utshobhumi Bharat. Khrishtiyo prothom sahasrabde Jarathushtriyo dhormo (Parsi dhormo), Ihudi dhormo, Khrishtodhormo o Islam edeshe probesh kore, o Bharatiyo",Bharotborsho koto shale ekta shadhin sarbabhom rashtra hisebe protishthito hoy?,1950,1947 shalei Bharat ekta shadhin sarbabhom rashtra hisebe protishthito hoy.,"**Analysis:**

The context provided discusses the historical and cultural significance of India, mentioning various events, religions, and periods but does not explicitly state when India became an independent republic. The model answer claims that India became a sovereign democratic republic in 1947.

**Step-by-step evaluation:**
- Claim: India became a sovereign democratic republic in 1947.
- Verification: The context mentions that ""itihasher bibhinno porbe ekhanei sthapit hoyechhilo bishalakaar ekadhik samrajyo,"" which translates to ""after the division of history, here was established a large empire."" This suggests a significant historical event happened around this time. However, it does not explicitly state that India became an independent republic in 1947.

**Final verdict:** The model answer is **no**, it is not hallucinated relative to the given context and question because while the context hints at significant historical events, it does not explicitly confirm the claim made by the model answer.",no
bengali--1075882060025328766-0::specificity,bengali--1075882060025328766-0,specificity,Hangor ba hangor (Ingreji: Shark) torunasthibishishto ek dhoroner samudrik macher pray 225ti projatir jonno bebohrito sadharon nam. Prithibir pray shokol sagor-mohasagore eder ostittwo thakleo muloto grishmomondoliyo ebong ardh-grishmomondoliyo onchole eder prachurjo dekha jay. Koyekti projati somudro upokule boshobash korleo odhikangsho gobhir somudrer uparer tole boshobash kore. Gobhir somudre boshobashkari kichu projati alodayok orthat alo bichchuron korte pare. Dhongsho ebong porojibir hat theke rokkhar jonno eder dehotbokiyo denticle royeche. Ei denticle-er karone eder probahi gotibiddayo probhut,Prithibite mot koto projatir hangor ache?,225ti,prithibite mot pray 300tir moto hangor projati ache.,"**Analysis:**

1. **Claim:** ""Prithibite mot pray 300tir moto hangor projati ache.""
   - Translation: ""There are about 300 projects of sharks in the world.""

2. **Support from Context:**
   - The context mentions a specific project (projatir jonno bebohrito sadharon nam) but does not provide information on the total number of shark-related projects worldwide.
   - It does mention that there are many types of sharks (muloto grishmomondoliyo ebong ardh-grishmomondoliyo), but it doesn't quantify this as ""about 300.""

**Verdict:** The model answer makes a factual claim about the number of shark-related projects worldwide, which is not supported by the given context. Therefore, it can be considered **hallucinated**.

Final line: yes",yes
bengali--8808406948073702391-4::inference,bengali--8808406948073702391-4,inference,Arsenaler protistha 1886 sale Royal Arsenal-e kormoroto kichu shromiker maddhome. Shurute clubtir nam chilo Dial Square. Kichudin pore nam poriborton kore rakha hoy Royal Arsenal. 1891 sale peshadar dol hishabe atmaprokash korar por er nam rakha hoy Woolwich Arsenal. 1883 sale prothombarer moto Football League-e jog dey ebong pray 21 bochor por 1904 sale prothom bibhag doler morjada lav kore. Bhougolik karone shuru thekei tader dorshok shonkha chilo onek kom. Jar karone 1910 saler modhyei tara orthonaitikvabe pongu hoye pore.[1] 1913 sale relegation-er karone Arsenal ditiyo bibhage neme jay ebong thik ei shomoye tara Highbury-te,Arsenal proshikkhon kendra kobe toiri hoy?,1886 shale,Arsenal-er proshikkhon kendra 1913 shale toiri hoy.,"**Analysis:**

The model answer states that Arsenal's home ground was established in 1913. Let's check if this claim is supported by the context:

1. The context mentions that Woolwich Arsenal moved to Highbury in 1913 due to financial difficulties.
2. There's no mention of any other establishment year for Arsenal's home ground besides 1913.

**Verdict:** Since the model answer accurately reflects the information given in the context, it is not hallucinated.

Final answer: **No**.",no
bengali--5702015763636761454-0::comprehension,bengali--5702015763636761454-0,comprehension,"Shohid Smriti Songrohoshala Bangladesh-er prothom muktijuddhovittik songrohoshala. Swadhinota juddhe shikkhok, chatro, kormochari-der smritichinho niye Rajshahi Bishwabidyaloyer sobuj chottore gore utheche desher sorboprothom muktijuddho-bishoyok jadughor-ti. Swadhinota juddher o itihasher bibhinno upokoron susthubhabe songrokkhoner uddeshe 1976 sale ei songrohoshalati protishthito hoy Rajshahi Bishwabidyaloy campus-er Shohid Minar Complex elakay.[1]",koto shale Muktijuddho Jadughorer udbodhon hoyechilo?,1976,1971 shale udbodhon hoyechilo.,"**Analysis:**

The context discusses the establishment of Shohid Smriti Songrohoshalay Bangladesh in Rajshahi Bishwabidyaloy campus's Shohid Minar Complex in 1976. It mentions that this songrohoshalay (memorial) was established to honor the history and sacrifices made during the independence war of Bangladesh.

The question asks when Muktijuddho Jadughorer udbodhon (awakening/remembrance of the martyrs of the liberation war) happened.

The Model Answer claims that ""1971 shale udbodhon hoyechilo"" (the awakening happened in 1971).

**Verdict:**

No. The context does not support this claim because it only mentions the establishment year of the memorial, which is 1976, not when the remembrance or awakening occurred. There's no information given about the timeline of the remembrance events in the provided context.

Final answer: **no**",no
bengali-1779859426821641187-3::inference,bengali-1779859426821641187-3,inference,Toukir Ahmed-er porichalonay Oggatonama cholocchitre Fazlur Rahman Babu-r obhinoy proshongshito howar por take abar ei cholocchitrer jonno nirbachon kora hoy. Muhammad Mostafa Kamal Raj porichalito Projapotir por ei cholocchitre ditiyobarer moto eksathe kaj koren Zahid Hasan o Mosharraf Karim. Zahid Hasan-er eti Toukir-er porichalonay prothom cholocchitro. Tobe tara eksathe Natyakendre moncho natok korechen. Onnodike Mosharraf Karim Toukir-er ager charti cholocchitrei obhinoy koren. Prodhan duti nari choritre obhinoy korechen Nusrat Imrose Tisha ebong Runa Khan. Eti tader dujoner-i Toukir-er porichalonay prothom cholocchit,Oggatonama cholocchitrotir shongit porichalok ke chilen?,Toukir Ahmed,Oggatonama-r shongit porichalok chilen Muhammad Mostafa Kamal Raj.,"**Reasoning:**

The context mentions that Muhammad Mostafa Kamal Raj was involved in selecting the winner of a competition organized by Toukir Ahmed. The model answer claims that ""Muhammad Mostafa Kamal Raj was the chief guest at the award ceremony.""

However, the context does not explicitly state that he was the chief guest; it only mentions his involvement in the selection process.

**Verdict:** No",no
bengali-1644744333786318480-20::factualness,bengali-1644744333786318480-20,factualness,"Shadhinotar pore abirbhuto cholocchitro porichalokder moddhe Alamgir Kabir (1938-1989) ullekhjoggo. Tar nirmito cholocchitro holo Dhire Bohe Meghna (1973), Surjo Konna (1976), Simana Periye (1977), Rupali Soikote (1979), Mohona (1982), Porinita (1984) o Mohanayok (1985).",Bangladeshi cholocchitro porichalok Alamgir Kabir-er porichalito prothom cholocchitrer nam ki?,Dhire bohe Meghna,Alamgir Kabir-er prothom porichalito cholocchitro chhilo **Surjo Konna (1976)**.,"**Reasoning:**

1. **Claim:** Alamgir Kabir's first feature film was Surjo Konna (1976).
   - **Support in Context:** The context lists Surjo Konna as one of Alamgir Kabir's films, and it is the earliest among those listed.
2. **Claim:** No other claim is made by the Model Answer.

Since all claims are supported by the given context, there is no hallucination.

**Final Verdict:** No",no
bengali--7369128730344741991-1::inference,bengali--7369128730344741991-1,inference,Alibordi Khaner prokrito nam Mirza Muhammad Ali. Tar pitar nam Mirza Muhammad. Tini Mughal dorbar kotrik Khan upadhi peyechilen. Arab bongshodbhut Mirza Muhammad Beg Mughal somrat Aurangzeb-er tritiyo putro Azam Shah-er dorbarer ekjon kormokorta chilen[2]. Alibordi Khaner ma Iran-er Khorasan-er ek Turki upojati theke esechilen. Tar pitamoh Aurangzeb-er shot bhai chilen. Mirza Muhammad Ali purnoboyoshko hobar porpori Azam Shah take Pilkhanar porichalok hisebe niyog den[2].,Nawab Alivardi Khan kon bongser shontan chilen?,Arab,"Nawab Alivardi Khan asole Turki bongser shontan chilen, karon tar ma Khorasan-er ek Turki upojati theke esechilen.","**Analysis:**

1. **Claim:** ""Nawab Alivardi Khan was a Turkic Bengali.""
   - **Support in Context:** The context mentions that Alivardi Khan came from Khorasan, which is a region in Iran with a significant Turkic population.

2. **Claim:** ""He was a Bengali because he came from Khorasan.""
   - **Support in Context:** While the context does mention his origin, it doesn't explicitly state that this makes him Bengali. The term 'Bengali' typically refers to people from Bengal, not necessarily those with Turkic origins.

**Verdict:**
The model answer is partially hallucinated because while Alivardi Khan did have Turkic origins, the claim that he was a Bengali solely based on his origin is not explicitly supported by the context. The context only mentions his origin but doesn't define him as Bengali.

**Final Answer:** No",no
bengali--8651108802342100600-1::inference,bengali--8651108802342100600-1,inference,Cox's Bazar jelar mot ayoton 2491.86 borgo kilometer.[1],Bangladesher Cox's Bazar jeler mot ayoton koto?,2491.86 borgo kilometer,Cox's Bazar jelay prai 8 lakh manush thake.,"**Reasoning:**

The context states that Cox's Bazar has an area of approximately 2491.86 square kilometers. The model answer claims that Cox's Bazar is home to around 8 lakh (800,000) people.

- Claim 1: Area of Cox's Bazar = 2491.86 sq km
  - Supported by context? Yes

- Claim 2: Population of Cox's Bazar = 8 lakh people
  - Supported by context? No (The context does not provide any information about the population)

**Verdict:** The model answer is hallucinated because it makes a factual claim about the population that is not supported by the given context.

Last line: yes",yes
bengali-8671424860275717889-0::comprehension,bengali-8671424860275717889-0,comprehension,"Uttor Chobbish Porgona jela Bharat er purbancholiyo rajyo Poshchimbonger Kolkata shohorer uttar-purbo diker ekta jela. Jelati Presidency bibhager ontorbhukto. 1983 shale Dr. Ashok Mitrer proshashonik shongskar committee ei jelake bivajoner suparish koren. 17i Falgun 1392 Bongabde (1986 shale 1la March) 24 Porgona jelatike dvikhondito kore oi jeler uttarangsho niye Uttor 24 Porgona jela sthapon kora hoy. Er proshashonik bhobon o sodor doptor Barasat shohore obosthito. Barasat, Barrackpur, Bonga, Basirhat, Bidhannagar ei panchti mohakuma niye Uttor 24 P",Poshchimbonger Uttar Chobbish Porgona jeler sodor shohor konti?,Barasat,Uttar Chobbish Porgonar sodor shohor holo **Barrackpur**.,"**Reasoning:**

The context mentions that Uttor Chobbish Porgona jela (East 24 Parganas district) has several cities under its administration. The model answer claims that ""Barrackpur"" is one of these cities.

Upon checking the context, we find that Barrackpur is indeed mentioned as one of the cities along with Barasat, Bongaon, Basirhat, and Bidhannagar that are part of Uttor 24 Pargana jela.

**Verdict:** Yes",yes
bengali--5995531565008789310-0::specificity,bengali--5995531565008789310-0,specificity,Habibur Rahman (jonmo 1 January 1967) Bangladesh Police er ekjon kormokorta. Bortomane tini Bangladesh Police er Dhakastho sodordoptore upo mohaporidorshok (proshashon-discipline) hisebe dayittorot. Policei dayitto paloner pasapashi shomaj o manusher jonno kaj kora boitikromdhormi chinta o bhumika take diyeche bishesh khyati.[1][2] Tini Bangladesh Kabaddi Federation er sadharon shompadok [3] ebong Asian Kabaddi Federation er sho-shovapoti.[4],Bangladesh Police er ekjon kormokorta Habibur Rahman er jonmoshal koto?,1967,Habibur Rahman er jonmoshal shombhoboto 1965 er dike.,"**Analysis:**

Step 1: The Model Answer claims that Habibur Rahman's birthdate is ""shombhoboto 1965"".

Step 2:
- The context states that Habibur Rahman was born on ""jonmo 1 January 1967"".
- There is no mention of any other birthdate (e.g., ""shombhoboto 1965"") in the context.

Step 3: Since the Model Answer's claim about the birthdate contradicts the information given in the context, it can be considered a hallucination.

**Final Verdict:** yes",yes
bengali--2670679576736811691-0::inference,bengali--2670679576736811691-0,inference,"Pritilata Waddedar jini Pritilata Wadder nameo porichito (jonmo: May 5, 1911; mrityu September 24, 1932)[1], daknam Rani, chadmanam Phultar, ekjon Bangali chilen, jini British birodhi shadhinota andoloner onnotomo nari muktijoddha o prothom biplobi mohila shohid bektitto.[2] Totkalin Purbobonge jonmo neya ei Bangali biplobi Surya Sener netritte tokhonkar British birodhi soshastro andolone sokriyo vabe ongsho nen ebong jibon bisorjon koren. 1932 Khristabde Pahartali European Club dokholer shomoy[3][4] tini 15 joner ekta biplobi dol porichalona kor",Pritilata Waddedar kon sale jonmogrohon koren?,1911,Pritilata Waddedar mone hoy 1932 shale jonmogrohon koren.,"**Analysis:**

1. **Claim:** Pritilata Waddedar died in 1932.
   - **Support:** The context mentions ""mrityu September 24, 1932"", which supports this claim.

2. **Claim:** She was born on May 5, 1911.
   - **Support:** The context does not provide information about her birth date. However, the question asks for the year of her birth, and there's no mention of ""mone hoy"" (it is said) in the context.

**Verdict:**
The model answer includes a claim (""mone hoy"") that is not supported by the provided context. Therefore, it can be considered hallucinated relative to the given context and question.

**Final Answer:** No",no
bengali--1070153120447023734-5::factualness,bengali--1070153120447023734-5,factualness,"Koparnikaser pitar poribarer adinibas chilo Neyaser kache Silesia namok ekta grame. Tobe gramer nam porobortite bibhinno karone bibhinno vabe poribortito hote thake, jemon- Kaparnik, Koparnis, Kopernik ebong aj ta Koperniki name porichito. 14 sh shotabdite poribarti Silesia shohor theke Poland er rajdhanir dike aste shuru kore. Prothome Karakao, erpor tara Torone chole ase. Baba Nikolas sombhoboto Joner(dada) boro chele chilen jini Karakao thekei esechilen.",Bikhyato jyotirbiggani Nicolaus Copernicus-er babar nam ki?,Nikolas,Copernicus-er babar nam chhilo **Johannes Kopernik**.,"**Analysis:**

1. **Claim:** Copernicus' father's name was Johannes Kopernik.
   - **Support in Context:** The context mentions ""Baba Nikolas sombhoboto Joner(dada) boro chele chilen jini Karakao thekei esechilen"", which translates to ""Father Nicholas, everyone called him 'Dada', had a big son named Nicolaus Copernicus"". However, it does not explicitly state his father's name as Johannes Kopernik.
   - **Verdict:** Not supported by the context.

**Final Verdict:** Since the claim made in the Model Answer is not supported by the given context, the answer is hallucinated relative to the code-mixed (Bangla-English) context and question. Therefore, the final word is: **no**.",no
bengali--8045997562526390537-0::specificity,bengali--8045997562526390537-0,specificity,"Adwaita Mallabarman (1la January, 1914- 16i April, 1951) Bangali oupannyasik o sangbadik. Totkalin Cumilla jelar odhine Brahmanbaria mohakumar Gokarnaghat grame jonmogrohon koren. Titas Ekti Nodir Nam shironamer ektimatro uponnash likhe tini Bangla sahityer chirosmoroniyo o omor protibha hisebe sobishes swikriti lav koren. Ei uponnashti sorboprothom 'Masik Mohammadi' potrikay prokashito hoy.",Bangali oupannyasik o sangbadik Adwaita Mallabarman-er prothom upannyaser nam ki?,Titas ekta nodir naam,Adwaita Mallabarman-er prothom upannyas chhilo **Masik Mohammadi**.,"**Analysis:**

1. **Claim:** Adwaita Mallabarman's first upannyas (lecture) was named **""Masik Mohammadi"".**
   - **Support in Context:** The context mentions that his first publication was a lecture titled 'Masik Mohammadi'.
2. **Claim:** The lecture was published for the first time.
   - **Support in Context:** The context states that it was published for the first time.

Both claims are supported by the given context. Therefore, the model answer is not hallucinated relative to the code-mixed (Bangla-English) context and question.

**Final Verdict:** No",no
bengali-1573705475071746423-3::specificity,bengali-1573705475071746423-3,specificity,"Chatrojibone Mostafa Jabbar rajniti, muktijuddho, sahitto chorcha, sangbadikota, natyo andoloner sathe byapokvabe jorito chilen. 1971 saler 22 February tar lekha Bangladesh-er prothom gononatyo 'Ek Nodi Rokto' Dhaka Bishwabidyaloyer chatroshikkhok kendre monchostho hoy. Dhaka Bishwabidyaloye pathokale tini Bangladesh Chhatra League-er rajnitite sokriovabe jukto chilen ebong Dhaka Bishwabidyaloy shakhar onnotomo neta chilen. 1973 sale tini Chhatra League-er pokkhe nirbachon kore Surjosen Hall-er natyo o promod shompadok nirbachito hon. Swadhinotar age tini saptahik Jonota potrikay lekhalekhir sathe",Mostafa Jabbar kon rajnaitik doler sodosso chilen?,Bangladesh Chhatroleague,Tini mone hoy Jatiyo Samajtantrik Dal-er sathe jukto chilen.,"**Analysis:**

The model answer claims that Mostafa Jabbar was associated with the Jatiyo Samajtantrik Dal (JSD), a political party in Bangladesh. Let's check if this claim is supported by the context:

1. The context mentions that Mostafa Jabbar was involved with various activities like politics, independence movement, literature, journalism, theater, and protests. However, it does not explicitly mention Jatiyo Samajtantrik Dal.
2. It states that he was active in Bangladesh Chhatra League (BCL), a student wing of the Awami League, and later became the president of Dhaka University's BCL unit.
3. There is no mention of him being associated with JSD in the context provided.

**Verdict:** The model answer is hallucinated as it claims an association with JSD without sufficient support from the given context.

Final answer: **No**.",no
bengali-76220440784974270-3::inference,bengali-76220440784974270-3,inference,"Ekti mouchake ba poribare tin shrenir moumachi thake, jotha: (1) rani, (2) purush o (3) shromik moumachi.",Kaj onujare mot koto rokomer moumachi hoy?,tin,Mot 4 rokomer moumachi hoy.,"**Reasoning:**

The context provides information about three types of workers: rani (queen), purush (man), and shromik (worker). It mentions that there are ten workers in total. The question asks how many workers are there among them.

The model answer claims that ""Mot 4 rokomer moumachi hoy,"" which translates to ""There are four workers among them.""

**Step 1:** Factual claim made by the Model Answer - There are four workers among them.

**Step 2:** Checking if this claim is supported by the Context:
- The context mentions ten workers in total but does not specify how many of these are 'shromik' (workers).
- Since the context does not provide a specific number for worker-type moumachi, we cannot definitively verify the model answer's claim.

**Final Verdict:**

Since the context does not explicitly state the number of worker-type moumachi, the model answer is **not supported by the given context**. Therefore, the final word is: **no**.",no
bengali--2670844834375470266-0::inference,bengali--2670844834375470266-0,inference,"Bharoter Songbidhan Bharotiyo Projatontorer sorbocho ain. Ei songbidhane sarkarer gothon, karyopoddhoti, khomota o kortobbo nirdharon; moulik odhikar, rashtraparichalonar nirdeshmulok niti, ebong nagorikder kortobbo nirdharoner maddhome desher moulik rajnaitik adorsher ruporekha nirdishto kora hoise. 1949 saler 26 November Gonoporishode grihito howar por 1950 saler 26 January theke ei songbidhan karyokori hoy.[1] Ullekhyo, 1930 saler 26 January Jatiyo Congress-er oitihashik shadhinota ghoshonar smritite 26 January tarikh-ti songbidhan probortoner jonno grihito hoyech",Bharoter songbidhan e mot koyti dharar ullekh royeche?,448,Bharoter songbidhan e mot 395 ti dharar ullekh royeche.,"**Analysis:**

1. **Claim:** The Model Answer states that ""Bharoter songbidhan e mot 395 ti dharar ullekh royeche"" (The Constitution of India has a total of 395 articles).

2. **Verification:**
   - The context provided does not explicitly mention the number of articles in the Indian Constitution.
   - However, according to reliable sources like the official website of the Indian Parliament, the Indian Constitution indeed consists of 395 articles.

**Verdict:** Since the claim made by the Model Answer is factual and supported by external sources, despite not being directly stated in the given context, it is not hallucinated. Therefore, the final answer is:

No",no
bengali-6349261219587359533-6::specificity,bengali-6349261219587359533-6,specificity,1876 sale Swarnakumari Debir prothom uponnash Dipnirban prokashito hoy.[3] Itipurbey 1852 sale Hana Catherine Mullens tar Phulmoni o Karunar Brittanto prokash kore Bangla vashar prothom oupannashik-er morjada lav korechilen.;[10] Kintu Swarnakumari Debii chilen prothom Bangali mohila oupannashik.[11][12],Swarnakumari Devi rochito prothom uponnaser nam ki?,Diponirban,Tar prothom uponnash chhilo Bangla sahityer itihashe ek guruttopurno kaj.,"**Analysis:**

1. **Claim:** ""Tar prothom uponnash chhilo Bangla sahityer itihashe ek guruttopurno kaj.""
   - Translation: ""Her first publication was a groundbreaking work in the history of Bengali literature.""

2. **Verification:**
   - The context mentions that Swarnakumari Devi's first publication happened in 1876, but it doesn't explicitly state that it was a significant or groundbreaking work.
   - The context also mentions that Hana Catherine Mullens and others published works before her, which could imply that her work wasn't the first.

**Verdict:** Since the context does not explicitly support the claim made by the Model Answer, the answer is **hallucinated**.

Final line: no",no
bengali-5474092799510367220-0::inference,bengali-5474092799510367220-0,inference,"Muslin bishesh ek prokar tular ash theke prostutokrito suta diye boyon kora ek prokarer oti sukhkho kapor bishesh. Eti Dhakai Muslin nameo subidito. Phuti Karpas namok tula theke prostut oti chikon suta diye Muslin toiri kora hoto. Chorka diye kata, hate bona Musliner jonno sorbonimno 300 counter suta byabohar kora hoto jar fole Muslin hoto kacher moto sochcho. Ei Muslin rajkiyo poshak nirmane byabohar kora hoto. Muslin pray 28 rokom hoye hoto jar moddhe Jamdani ekhono byapok akare procholito. Nana karone atharo shotoker sheshardhe Banglay Muslin boyon bondho hoye jay.",Bangladesher Dhakai moslin kapor bunoner jonno koto counter suta byabohar kora hoto?,300,"Dhakai moslin bunoner jonno prochur sukhkho suta lagto, tai eta shadharonoto **28 counter** suta diye toiri hoto.","**Analysis:**

1. **Claim:** ""Dhakai moslin bunoner jonno prochur sukhkho suta lagto"" (It's said that Dhakai muslin cloth is sold in 28 counters)
   - **Support from Context:** The context mentions ""Muslin bishesh ek prokar tular ash theke prostutokrito suta diye boyon kora ek prokarer oti sukhkho kapor"" which implies that Muslin clothes are sold in various quantities, but it doesn't specify 28 counters.
   - **Verdict:** Not fully supported by the context.

2. **Claim:** ""Tai eta shadharonoto 28 counter suta diye toiri hoto."" (Therefore, it's usually sold in 28 counters)
   - **Support from Context:** The context doesn't provide any information about a usual or standard number of counters for selling Muslin clothes.
   - **Verdict:** Not supported by the context.

**Final Verdict:**
The model answer contains factual claims that are not fully supported by the given context. Therefore, it can be considered hallucinated relative to the provided context and question.

**Last line:** yes",yes
bengali-7704102728425440943-5::factualness,bengali-7704102728425440943-5,factualness,1973 saler 15 December sarkari gazette notification onujayi Bangladesh-er shadhinota juddher satjon bir shontanke moronottor Birshreshtho upadhite bhushito kora hoyeche. Ruhul Amin shei satjoner onnotomo.[6],Mohammad Ruhul Amin koto shale Bir Sreshtho purashkar pan?,1973 saler 15 December,Mohammad Ruhul Amin 1972 saler 16 December Bir Sreshtho purashkar pan.,"**Reasoning:**

1. **Claim:** Mohammad Ruhul Amin received Bir Sreshtho award in 1972.
   - **Support from Context:** The context mentions that Ruhul Amin was awarded for his role in Bangladesh's independence war, but it does not specify the year of the award.

2. **Claim:** Mohammad Ruhul Amin received the award on December 16.
   - **Support from Context:** There is no mention of the date of the award in the context provided.

**Verdict:**
The model answer contains factual claims that are not explicitly supported by the given context. Therefore, it can be considered hallucinated relative to the provided context and question.

**Final Answer:** Yes",yes
bengali-2723172793669565513-28::factualness,bengali-2723172793669565513-28,factualness,Sorbosesh ekadosh congress onushthito hoy 2016 saler 28-31 October. 28 October oitihashik Sohrawardy Udyane udbodhoni onusthan hoy. Erpor Mahanagar Natyamonche congress-er council odhibeshon onushthito hoy. Congress-e punoray Mujahidul Islam Selim-ke shovapoti o Syed Abu Zafar Ahmad-ke shadharon shompadok kore CPB kendrio committee gothon kora hoy. Porobortite Syed Abu Zafar Ahmad shasthogoto karone obyahoti nile Md. Shah Alam daler shadharon shompadok hisebe nirbachito hon.[3] [4],Bangladesher Communist Party-r bortoman shovapoti ke?,Mujahidul Islam Selim,Bangladesher Communist Party-r bortoman shovapoti hocchen Syed Abu Zafar Ahmad.,"**Analysis:**

The context discusses the events surrounding the 16th Congress of the Communist Party of Bangladesh (CPB) held in 2016. It mentions that Syed Abu Zafar Ahmad was elected as a member of the CPB's central committee.

The Model Answer claims that ""Syed Abu Zafar Ahmad"" is the ""bortoman shovapoti"" (elected president) of Bangladesher Communist Party (BCP).

**Step 1:** The factual claim made by the Model Answer is that Syed Abu Zafar Ahmad was elected as the president of BCP.

**Step 2:** The context does not explicitly state that Syed Abu Zafar Ahmad was elected as the president. It only mentions his election to the central committee.

**Verdict:**

The Model Answer has made a claim about Syed Abu Zafar Ahmad's position in the party hierarchy that is not explicitly supported by the given context. Therefore, it can be considered **hallucinated**.

Final answer: **no**.",no
bengali-8387770267775678164-2::comprehension,bengali-8387770267775678164-2,comprehension,"Tibro panibahito rog jemon diarrhea ebong cholerar khetre kharap poyonishkashon byabostha panidushon ghotay. Tai itihasher shurur dik thekei shouchagar ekta bhabnar bishoy chilo. Ekkhetre Indu upottyakar jonogon shouchagar, bishesh kore bektigoto flush shouchagarer unnoyoner jonno shobcheye porichito. Erpor 1856 sale adhunik flush shouchagar poddhoti abishkar koren John Herington. Tobe ta tokhono byabohar kora shuru hoy ni. Emonki ditiyo bishwajuddher age shomogro London-e tokhono bektigoto flush shouchagar chilo na.",Adhunik flush shouchagar poddhoti sorboprothom ke abishkar korechhilen?,Jon Herington,Sorboprothom adhunik flush shouchagar poddhoti abishkar korechhilen Sir John Harrington.,"**Analysis:**

1. **Claim:** ""Sorboprothom adhunik flush shouchagar poddhoti abishkar korechhilen"" (The first to innovate modern flush toilet was Sir John Harrington)
2. **Support in Context:**
   - The context mentions that John Herington started the innovation of modern flush toilets in 1856.
   - However, it does not explicitly state that he was the first to do so.

**Verdict:** Since the context does not confirm that Sir John Harrington was the very first to innovate modern flush toilets, the model answer is **hallucinated**.

Final line: no",no
bengali-4022030362183597721-4::comprehension,bengali-4022030362183597721-4,comprehension,"Bed (Sanskrit: Veda, gyan) holo prachin Bharote rochito ekadhik dhormogranther ekta somosti. Vaidik Sanskrit bhasay rochito Bed Sanskrit sahityer prachintom nidorshon ebong prachintom Hindu dhormograntho.[1][2] Bedke ""apaurusheyo"" (""manusher dara rochito noy"") mone kora hoy.[3][4][5] Hindura bishwas kore, Bed protyokkhovabe Ishwar kortik prokashito hoise. Tai Beder opor nam Shruti (""ja shona hoyeche"").[6][7] Onno dhormogranthogulike bola hoy ""Smriti (Hindudharmo). Smriti"" (""ja mone rakha hoyeche""). Hindu bishwas onujayi, Bed sorbocho upassho Ishwar Brahma kort",Hindudharmer prachintom dhormogranther nam ki?,bed,Shruti গ্রontho,"**Analysis:**

Step 1: The Model Answer claims that ""Shruti"" is the name of a sacred text in Hinduism.

Step 2:
- The context mentions ""Bed Sanskrit sahityer prachintom nidorshon ebong prachintom Hindu dhormograntho,"" which translates to ""the essence of Vedic Sanskrit literature and the essence of Hindu scriptures."" This supports the claim that there is a sacred text named Shruti in Hinduism.
- The context also mentions ""Shruti"" as one of the names given to the Vedas, stating ""Onno dhormogranthogulike bola hoy 'Smriti (Hindudharmo). Smriti' ('ja mone rakha hoyeche'). Hindu bishwas onujayi, Bed sorbocho upassho Ishwar Brahma kort,"" which further supports the claim.

Step 3: Both claims made by the Model Answer are supported by the context. Therefore, the answer is not hallucinated relative to the given context and question.

**Final Verdict:** No",no
bengali--2660888032299185136-3::specificity,bengali--2660888032299185136-3,specificity,Jibanananda Dash 1899 Khristabder 17 February[1] British Bharoter Bengal Presidency-r (bortomane Bangladesh) ontorgoto Barishal shohore jonmogrohon koren. Tar purbopurushera chilen Bangladesher Dhaka jeler Bikrampur porgona nibashi. Tar pitamoh Sarbananda Dashgupta (1838-85) Bikrampur theke Barishale nibash sthanantorito koren.[7] Sarbananda Dashgupta jonmosutre Hindu chilen; pore Brahmodhorme diksha nen. Tini Barishale Brahmo Samaj andoloner prathomik porjaye ongshogrohon koren ebong tar manobhitoyshi kajer jonno byapokvabe somadrito hon.[8] Jibananander pita Satyananda Dashgupta Sarban,Jibanananda Dasher jonmosthan kothay?,British Bharoter Bengal Presidency-r (bortomane Bangladesh) ontorgoto Barishal shohore,Tini Dhaka jeler Bikrampur porgonay jonmogrohon koren.,"**Analysis:**

1. **Claim:** ""Tini Dhaka jeler Bikrampur porgonay jonmogrohon koren."" (He was born in Bikrampur of Dhaka.)
2. **Verification:**
   - The context mentions that Jibanananda Das was born in Bikrampur.
   - However, it does not specify that Bikrampur is in Dhaka.

**Verdict:** Since the model answer incorrectly adds ""Dhaka"" to the birthplace, it is a hallucination relative to the given context. The context only mentions Bikrampur without specifying its location within Dhaka.

Final answer: **No**.",no
bengali--8615836720976673467-9::inference,bengali--8615836720976673467-9,inference,"1756 sale Nawab Sirajuddaulla Kolkata dokhol kore nebar pore (20 June) Lord Clive ebong Watson Tamilnadu theke jahajjoge soinyobahini niye asen o Kolkata punordokhol koren (2 January, 1757). Chandannagar dokhol korar pore Sirajuddaullake utkhato korar jonno Sirajer poribarer koyekjon o Mir Jafar, Umichand, Jagat Sheth promukhder shonge shorojontro koren. Chukti moto kaj hoy o Nadiyar Palashir prantore Sirajuddaullar shonge prohoshonmulok juddho hoy. Sirajuddaulla porajito hoye palabar kale dhora pore nihoto hon. Chukti moto Mir Jafar Nawab hon ebong Clive nogod trish lokkho taka o Chobbish Parganar",Banglar chhiyattorer monnontorer mul karon ki?,otydhik brishtipat o bonna,"Banglar chhiyattorer monnontorer mul karon chhilo Palashir juddher por British der shorojontro aar rajnoitik osthirata. Mir Jafar nawab howar pore shashon-byabostha durbol hoye jay, tai","**Step 1:** Identify factual claims made by the Model Answer:
- The Battle of Palashi (Palashir Juddho) happened after Mir Jafar became Nawab.
- After Mir Jafar's appointment, there was corruption and mismanagement.
- British interference in Bengal's politics started after this battle.

**Step 2:** Check if these claims are supported by the Context:
- The context mentions ""Chukti moto kaj hoy o Nadiyar Palashir prantore Sirajuddaullar shonge prohoshonmulok juddho hoy"" which translates to ""After that, a fierce battle took place between Sirajuddaulla and the British at Palashi"". This supports the claim about the Battle of Palashi.
- The context also mentions ""Sirajer poribarer koyekjon o Mir Jafar, Umichand, Jagat Sheth promukhder shonge shorojontro koren"" which translates to ""Some members of Siraj's family and Mir Jafar, Umichand, Jagat Seth, etc., secretly negotiated with the British"". This suggests negotiations and potential corruption before Mir Jafar became Nawab.
- The context does not explicitly state that British interference started after this battle, but it implies that the British gained influence due to their victory.

**Step 3:** Based on steps 1-2, decide the final verdict:
The Model Answer is mostly accurate in its claims. However, it attributes corruption and mismanagement directly to Mir Jafar's appointment as Nawab, while the context suggests negotiations were happening before his appointment. Therefore, there is a slight misinterpretation of the timeline.

**Final Verdict:** No",no
bengali--6284809213106132912-16::factualness,bengali--6284809213106132912-16,factualness,"Rampal chilen Pala rajbongser sorbosesh shoktishali shashok. Tar mrityur por tar putro Kumarpaler rajottokale Asome ekta bidroho mathachara dey. Baidyadeb ei bidroho domon koren. Kintu Kumarpaler mrityur por Baidyadeb karyoto ekta prithok rajyo sthapon koren.[6] Ramcharitam onusare, Kumarpaler putro tritiyo Gopalke tar kaka Madanpal khun koren. Madanpaler shashonkale Purbo Banglar Bormonra shadhinota ghoshona kore ebong Orishay Purbo Gangder songe songhat punoray ghonibhuto hoy. Mondopal Gahadbalder kach theke Munger odhikar korechilen. Kintu Bijoysen take porajito kore Dokkhin",Banglar Palobongser sorbosesh raja ke?,Modonpal,Palobongser sorbosesh raja chhilen **Kumarpal**.,"**Reasoning:**

The context mentions ""Rampal chilen Pala rajbongser sorbosesh shoktishali shashok"" which translates to ""Rampal was the king of Palarajbongsha dynasty"". The model answer claims that the king of Palarajbongsha dynasty was **Kumarpal**. However, there is no mention of Kumarpal in the given context. The context only mentions Rampal.

**Verdict:** No",no
bengali--7101023690904489784-3::specificity,bengali--7101023690904489784-3,specificity,"A. K. Fazluk Hoker prathomik shikkha baritei shuru hoy. Pore tini gramyo pathshalay vorti hoyechilen. Griho shikkhokder kache tini Arbi, Farsi ebong Bangla bhasha shikkha lav koren. 1881 sale tini Barishal Zila School-e tritiyo shrenite vorti hon. 1886 sale oshtom shrenite tini britti lav koren ebong 1889 sale Fazlul Hok probeshika porikkhay totkalin Dhaka bibhage Musolmander moddhe prothom sthan dokhol koren. Fazlul Hok tar prokhor smritishoktir karone shikkhokder khuboi snehovajon chilen. Probeshika pass korar por uccho shikkha laver jonno tini Kolkatay gomon koren. 1891 sale",Sher-e-Bangla Abul Kashem Fazlul Haq kon college theke porashona koren?,Presidency,Sher-e-Bangla Abul Kashem Fazlul Haq mone hoy Dhaka College theke porashona koren.,"**Analysis:**

Step 1: The Model Answer claims that Sher-e-Bangla Abul Kashem Fazlul Haq started his higher education from Dhaka College.

Step 2:
- The context mentions that Fazlul Haq went to Kolkata for further studies after passing his entrance exam (probeshika pass korar por).
- There's no mention in the context about him starting his higher education from Dhaka College.

Step 3: Since there's no evidence in the given context supporting the claim made by the Model Answer, it is a hallucination.

**Final Verdict:** No",no
bengali--4621304524174078445-18::specificity,bengali--4621304524174078445-18,specificity,Surjo tumi sathi (1967) Ahmad Chhofar prothom uponnash o grontho.[57] Uponnashtike samprodayik sompritir hridoygrahi upakhyan bola hoyeche.[17] Jodio Borumotir ankebanke namok ekta grontho o tar prothom gronther dabidar.[58],Ahmad Sofa-r rochito prothom uponnash-ti kobe prothom prokashito hoy?,1967,Ahmad Sofa-r prothom uponnash-ti prothom prokashito hoy 1968 shale.,"**Analysis:**

The model answer states two factual claims:
1. Ahmad Sofa's first novel was published in 1968.
2. This was his first publication.

Let's check these against the context:

- The context mentions that Surjo (Ahmad Sofa) wrote his first novel, ""Sathi"" (Companion), in 1967 and it was published as a serial in a magazine called ""Uponnash"" starting from its first issue.
- However, there's no mention of the exact publication year of the first issue of ""Uponnash"".
- The context also doesn't explicitly state that this was Ahmad Sofa's first publication.

**Verdict:** Since the context does not provide explicit support for the claim that Ahmad Sofa's first novel was published in 1968, and it is unclear whether this was his first publication, the model answer contains hallucinated information relative to the given context. Therefore, the final verdict is:

**No.**",no
bengali-8171528772505162422-2::comprehension,bengali-8171528772505162422-2,comprehension,Ibne Saud 1876 saler 15 January modhyo Arber Najd oncholer Riyad e jonmogrohon koren.[6][7] Ditiyo Saudi rastorer shesh shashok Abdur Rahman bin Foysal chilen tar baba. Al Saud totha tar poribar modhyo Arbe purber 130 bochor dhore shoktishali chilo. Tara Wahabi motadorsher somorthok chilen. Saudira Arab upodwiper onekangsho joy kore prothom Saudi rasto gothon korechilo. Pore 19 shotoker prothomdike Usmaniyo shashonadhin Mishorer hate ta dhongsho hoye jay. [8] Ibne Sauder ma Sarah Al Sudairi chilen Sudairi gotrer sodossho[9][10],Abdul Aziz ba Ibne Saud er babar nam ki chilo?,Abdur Rahman bin Foysal,Tar baba chilen Saud bin Abdul Aziz.,"**Analysis:**

The context provided discusses the history of Saudi Arabia and the Al Saud family. It mentions that Abdur Rahman bin Foysal was the father of Ibn Saud (Ibne Saud), but it does not explicitly state the name of Ibn Saud's grandfather.

The model answer claims that Ibn Saud's grandfather was named Saud bin Abdul Aziz. However, this information is not provided in the given context.

**Verdict:** The model answer contains a factual claim about Ibn Saud's grandfather's name that is not supported by the provided context. Therefore, it can be considered hallucinated relative to the given context and question.

Last line: yes",yes
bengali-809096420901497153-0::factualness,bengali-809096420901497153-0,factualness,Aztek samrajjo (English: Aztec) (1425-1521) chilo shomoshamoyikaler modhyo Americar shobcheye somriddho o khomotadhari shokti. Adibashi Americander ei samrajjo poschime Mexico upottyoka theke purbe Mexico uposagor ebong dokkhine bortoman Guatemala porjonto prosarito chilo. 1521 shale Spainer nabik Harmando Cortes Mexico Spaniyora dokhol kore nile ei samrajjer oboshan ghote.,Aztec samrajjo kobe protishthito hoy?,1425,Aztek samrajjo prothisthito hoy 1427 shale.,"**Reasoning:**

The context provided discusses the Aztec Empire's existence from 1425 to 1521. The model answer claims that the Aztec Empire was established in 1427.

- **Claim:** Aztec Empire was established in 1427.
- **Support in Context:** None, as the context only mentions the empire's existence between 1425 and 1521 without specifying a founding year.

**Verdict:** The model answer is hallucinated because it makes an unsupported claim about the establishment year of the Aztec Empire.

**Final Answer:** No",no
bengali--8629802684896762580-0::specificity,bengali--8629802684896762580-0,specificity,"William Abraham Simon Ouderland (Dutch: Wiliam Ouderland) (jonmo: 6 December, 1917 — mrityu: 18i May, 2001) chilen ekjon Olandaj-Australian samorik commando officer. Tini Ditiyo Bishwajuddhe sokriyo vabe ongshogrohon koren. Bangladesher Muktijuddhe protyokkho obodaner jonno Bangladesh sarkar take Bangladesher choturtho sorbocho samorik khetab Bir Protik prodan kore. Tini ekmatro bideshi jini ei rashtriyo khetabe bhushito hoyechen.[1][2][3] Bangladesher proti oparimeyo valobashar jonno Bangali jatir kache tini bisheshvabe sommanito o smoroniya byaktitto.[4]",Olandaj-Australian samorik commando officer William Abraham Simon Ouderland kobe jonmogrohon koren?,"6 December, 1917","William Abraham Simon Ouderland shombhoboto 7 December, 1917 e jonmogrohon koren.","**Analysis:**

Step 1:
- Claim: William Abraham Simon Ouderland was born on 7 December, 1917.

Step 2:
- The context states that he was born on ""6 December, 1917"".

Step 3:
- The model answer claims a different birthdate than what is stated in the context.

**Verdict:** No.",no
bengali--4860128926592811596-0::comprehension,bengali--4860128926592811596-0,comprehension,Amitabh Reza Chowdhury bishishto Bangladeshi biggapon nirmata o cholocchitro porichalok. Tini pray hajar khanek television biggapon ba TVC nirmon korechen. Echara tini prochur TV natok o nirmon koren. Aynabaji cholocchitrer maddhome tini cholocchitro porichalok hisebe atmaprokash koren.[1],Porichalok Amitabh Reza Chowdhury porichalito prothom cholocchitrer nam ki?,Aynabaji,Tar prothom porichalito cholocchitro chhilo Rickshaw Girl.,"**Reasoning:**

The context provided discusses Amitabh Reza Chowdhury's work as a Bangladeshi film director and his notable works. It mentions that he has directed many TVCs (TV commercials) but does not specify any particular ones.

The model answer claims:
1. ""Tar prothom porichalito cholocchitro chhilo Rickshaw Girl."" This translates to ""His first feature film was Rickshaw Girl.""

However, the context does not explicitly state that Rickshaw Girl was his first feature film. It only mentions that he has directed many TVCs and some TV shows (prochur TV natok), but it does not provide information about his first feature film.

**Verdict:** The model answer is hallucinated relative to the given context as it makes a factual claim not supported by the provided information.

Last line: yes",yes
bengali-8928116523894333105-0::specificity,bengali-8928116523894333105-0,specificity,Gitanjali holo Rabindranath Thakur-er lekha ekta kabyagrantha. Ei boi-e mot 157ti gitikobita songkolito hoise. Kobitaguli Brahma-bhabapanno bhaktimulok rochona. Er beshirvag kobitatei Rabindranath nije surarop korechilen. 1908-09 sale bibhinno potropotrikae ei kobitaguli prokashito hoy. Erpor 1910 sale Gitanjali kabyagranthoti prokashito hoy.,'Gitanjali' kabyagranthotite mot koto gulo kobita ache?,157ti,Gitanjali-te mot prai 150-er moto kobita ache.,"**Reasoning:**

The context states that Gitanjali contains 157 poems. The model answer claims there are 150 poems in Gitanjali.

**Step-by-step analysis:**
- Claim made by Model Answer: There are 150 poems in 'Gitanjali'.
- Fact check against Context: The context explicitly mentions there are 157 poems, not 150.
- Verdict for this claim: False

Since the model answer contains a false factual claim that contradicts the given context, it is considered **hallucinated**.

**Final verdict:** yes",yes
bengali--6554192699105542631-5::specificity,bengali--6554192699105542631-5,specificity,"1872-75 sale Alexander Cunningham prothom Harappa silmohor prokash koren. Tini vulboshot eti Brahmi lipi mone korechilen.[14] Er pray ardhashatabdi pore 1912 sale J. Fleet aro kotokguli Harappa silmohor abishkar koren. Ei silmohor dekhe uddibdho hoye 1921-22 sale Sir John Marshall ei onchole protnotattwik khononkaj ovijan chalan. Ei ovijaner folshrutitei Sir John Marshall, Raybahadur Dayaram Sahani o Madhoswarup Bhat Harappa ebong Rakhaldas Bandyopadhyay, E. J. H. Mackay o Sir John Marshall Mohenjodaro abishkar koren. 1931 saler modhyei Mohenjodaro-r odhikangsho protnosthol ab",Mohenjodaro shobhyota ke abishkar koren?,"Rakhaldas Bandyopadhyay, I. Je. Eich. Mackay o Sir John Marshall",Mohenjodaro shobhyota muloto Sir John Marshall ekai abishkar koren 1922 shale.,"**Analysis:**

The model answer claims that ""Mohenjodaro shobhyota muloto Sir John Marshall ekai abishkar koren 1922 shale."" This translates to ""Sir John Marshall was the first to discover Mohenjo-Daro in 1922.""

Let's check each claim:

1. **First discovery:** The context mentions that Sir John Marshall started the excavation of Mohenjodaro in 1921-22, which supports the claim that he was the first to discover it.
2. **Year of discovery:** The context also specifies that this happened in 1921-22, matching the year mentioned in the model answer.

Both claims are supported by the given context.

**Verdict:** No hallucination.

Final line: no",no
bengali-5846157904123319216-6::factualness,bengali-5846157904123319216-6,factualness,"Atharo shotabdie Institusion Libre de Ensenianjar shikkhabid ebong shikkharthi, Cambridge University ebong Oxford University-er snatokder dara Madrid-e football khela procharer maddhome Real Madrid protisthar vitti gore uthe. 1897 shale, tara (Sociedad) Sky Football name ekti songho protistha koren, jeti La Sociedad (shomaj) namei odhik porichito. Eti seshomoyer Madrid-vittik kheladhular ekmatro songho chilo, jeti proti Robibar sokale Moncloa-y kheltto. 1900 shale, ei songher koyekjoner moddhe dondher srishti howar fole tara Sky Football hote bivokto hoye giye Nueva Sociedad de Football (football-er notun shomaj) name notun ekti club gothon kore. Bivokto hoye",Real Madrid football clubtar sorboprothom shovapoti ke chilen?,Hulian Palakios,Real Madrid football clubtar sorboprothom shovapoti chhilen **Carlos Padros**.,"**Analysis:**

The context discusses the early history of Real Madrid football club and its predecessors. It mentions that in 1897, a society named ""Sociedad"" was formed, which later became known as ""La Sociedad"". However, there's no mention of any player named Carlos Padros associated with the first team or any other significant event involving him.

**Verdict:** The model answer is hallucinated relative to the given context and question. It introduces a name not supported by the provided information.

Final answer: **No**.",no
bengali-3394730091489581875-8::comprehension,bengali-3394730091489581875-8,comprehension,"1978 sal theke purbe protishthito Residential Model School-gulote Cadet College-e rupantorer prokriya shuru hoy. Prothome ukto bochorei Sylhet o Rangpur-er Residential Model School duTike Cadet College-e rupantorito kora hoy. 1981 sale Barishal o Pabna Cadet College protishthito hoy. 1982 sale Mymensingh Residential Model School-tike Girls Cadet College-e rupantorito kora hoy. 1983 sale Cumilla Residential-tio rupantorito hoy. Evabe Bangladesh-e sorbomot Cadet College-er shonkha daray 10 ti-te. Onek din Bangladesh-e Cadet College-er shonkha ei 10 ti-i chilo. 2006 sale sarkarer bishesh uddoge aro duiTi Cadet College protishthito hoy, duiTi college-i meyeder jon",Bangladeshe prothom Cadet College kobe protishthito hoy?,1978 sal,1960 shale Faujdarhat Cadet College prothom protishthito hoy.,"**Analysis:**

The context provided mentions that Cadet Colleges were established in Bangladesh starting from 1978. The first sentence states that ""In 1978, Residential Model School was converted into Cadet College."" However, the model answer claims that ""In 1960, Faujdarhat Cadet College was first established.""

**Step 1:** Identify factual claim - The first Cadet College was established in 1960 at Faujdarhat.

**Step 2:** Check support from context - The context explicitly states that the establishment of Cadet Colleges started in 1978, not 1960. There's no mention of a Cadet College being established in 1960 or any earlier year.

**Final Verdict:**

The model answer claims an event (establishment of the first Cadet College) that occurred before the context indicates it started. Therefore, the model answer is **hallucinated**.",no
bengali-1428907332454485878-0::factualness,bengali-1428907332454485878-0,factualness,"Satya Sai Baba (Telugu: సత్య సాయిబాబా Telugu pronunciation:[sʌθjə sɑːɪ bɑːbɑː], purbashromer nam Satyanarayan Raju) (23 November, 1926[1] – 24 April, 2011[2]) chilen ekjon Bharatiyo Hindu dhormoguru, adhyatmik byaktitto o shikkhabid.[3] Tar bhokto der bishwase tini chilen ekjon avatar o godman.[4] Adhyatmik shikkhok o aloukik kriya-prodorshok.[1][5][6][7][8] Shunno theke ""bibhuti"" ba pobitro chai ebong angti, necklace ba ghorir moto choto choto bostu hajir kore Satya Sai jugopot khyati orjon o bitorko s",Sotto Sai Baba kon sale mara jan?,"24 April, 2011","Sotto Sai Baba 23 April, 2010 te mara jan.","**Analysis:**

1. **Claim:** Sotto Sai Baba mara jan (Sathya Sai Baba died).
   - **Support in Context:** The context explicitly states that Satya Sai Baba ""chilen ekjon avatar o godman"" and his life is described, but there's no mention of his death.

2. **Claim:** 23 April, 2010 te mara jan (died on 23rd April, 2010).
   - **Support in Context:** The context mentions that Satya Sai Baba died on ""24 April, 2011"", not 2010.

**Verdict:**
The model answer contains factual inaccuracies regarding the date of death. Therefore, it is a hallucination relative to the given context and question.

**Final Answer:** Yes",yes
bengali-4568438587242111098-0::inference,bengali-4568438587242111098-0,inference,"Murshidabad jela purbo Bharoter Poshchimbongo rajyer Malda bibhager ekta jela. Ei jelar moddho diye Bhagirathi nodi boye giye jelake duvag e vag koreche. Nodir poschimer angsho Rarh o purber angsho Baghira name porichito.[2] 5.314 borgo kilometer (2,062 borgo mile) ayotoner elaka ebong 71.02 lokkho jonoshonkha thakay eta ekta jonobohul jela. Murshidabad Bharoter nobomotomo (Bharoter 641ti jeler moddhe) jonobohul jela.[3] Ei jelar sadar doptor Baharampur shohore obosthito.",Murshidabad jeler sadar doptor kothay obosthito?,Bohorompur,Murshidabad jeler sadar doptor Bhagirathi nodir purbo dike obosthito.,"**Step 1:** The Model Answer makes two factual claims:
   - Murshidabad's district headquarters (sadar doptor) is located.
   - It is situated on the northern side of the Bhagirathi river.

**Step 2:**
   - The context mentions that Baharampur is the district headquarters of Murshidabad, but it doesn't specify its location relative to the Bhagirathi river.
   - There's no explicit mention in the context about the location of the district headquarters being on the northern side of the Bhagirathi river.

**Step 3:** Since the second claim is not supported by the context and could be considered a hallucination, the final verdict is:

**No.**",no
bengali-8981449779740723998-3::factualness,bengali-8981449779740723998-3,factualness,"College-er prothom oddhokkho chilen Hargobindo Sen, jini Rajshahi Zila School-er prodhan shikkhok chilen. Tini pach bochor (1873-1878) ei college-er oddhokkher dayittoe chilen. 1875 sale prothom batch-er F.A porikkhay uposthit chatroder moddhe matro duijon pass kore. Sarkar college-ta uthie dite cheyechhilo kintu Rajshahi Association-er shokto cheshtay ei college-ke upgrade kore B.A. course probortoner karyokrom hate neya hoy. Rajshahi Association-er protisthata shovapoti Dighapatiyar Raja Promothonath Ray Bahadur Rajshahi College-e degree course probortoner jonno Rajshahi Association-er maddhome sarkarke 150,000 taka den. College October 1877 sale degree",Rajshahi College-er prothom odhyokkho ke chilen?,Hargobindo Sen,Rajshahi College-er prothom odhyokkho chilen Jogindranath Sen.,"**Analysis:**

The context states that Hargobindo Sen was the first principal of Rajshahi College. The model answer claims that Jogindranath Sen was the first principal of Rajshahi College.

**Step 1:** Identify factual claim - Jogindranath Sen was the first principal of Rajshahi College.

**Step 2:** Check support in context - The context explicitly states Hargobindo Sen as the first principal, not Jogindranath Sen.

**Final Verdict:**

The model answer is **hallucinated**. It incorrectly identifies Jogindranath Sen instead of Hargobindo Sen as the first principal of Rajshahi College.",unknown
bengali--6938244689861502884-1::comprehension,bengali--6938244689861502884-1,comprehension,"Tar rochito prothom uponnash Shesh Bikeler Meye 1960 sale prokashito hoy. Tar rochito onnanno ullekhjoggo uponnash holo Hazar Bochor Dhore o Arek Falgun. Hazar Bochor Dhore uponnasher jonno 1964 sale Adamjee Sahitya Purashkar lav koren. Tar nirmito prothom cholocchitro Kokhono Aseni (1961). 1964 sale Kancher Deyal cholocchitrer jonno tini Nigar Purashkar lav koren. Tar nirmito onnanno cholocchitrogulo holo Behula, Sangam, Anowara ebong Jibon Theke Neoya. Stop Genocide pramanyochitre Bangladesh-er Shadhinota Juddher voyaboh chhobi tule dhore proshongshito hon.",Jahir Raihaner lekha prothom uponnaser nam ki?,Shesh bikeler meye,Tar prothom uponnash chhilo **Hazar Bochor Dhore**.,"**Analysis:**

The model answer claims that Jahir Raihan's first novel was named ""Hazar Bochor Dhore"".

**Step 1:** Identify factual claim - The name of Jahir Raihan's first novel is ""Hazar Bochor Dhore"".

**Step 2:** Check support from Context -
- The context mentions ""Tar rochito onnanno ullekhjoggo uponnash holo Hazar Bochor Dhore"", which translates to ""His first written novel was 'Hazar Bochor Dhore'"".
- This directly supports the claim made in the model answer.

**Step 3:** Verdict - Since the claim is supported by the context, the model answer is not hallucinated relative to the given context and question.

**Final Answer:** No",no
bengali--3947167920835567776-1::specificity,bengali--3947167920835567776-1,specificity,"Alauddin Khilji chilen Khilji bongser protisthata Jalaluddin Khiljir bhatija ebong jamata. Birbhumderke porajit kore Jalaluddin Khilji jokhon Delhi dokhol kore nen, tokhon Alauddin Khiljike Amir-i-Tujukh ba udjapon montri pod deya hoy. 1291 sale Jalaluddin Khilji tar bhatija Alauddin Khiljir hate Kara (Kanpurer nikotoborti ek elaka) namok oncholer shasonbhar tule den. 1296 sale Alauddin Khilji Basila oborodh kore Jalaluddin Khiljir kach theke Abadh (Uttar-Pradesh) dokhol kore seta shashon kora shuru koren. 1296 sale Devagiri oborodh koren ebong Jalaluddiner bipul porimaner shompod dokhol",Khilji bongser protistha kobe hoy?,Jalaluddin Khilji,Khilji bongser protistha hoy 1296 shale Alauddin Khiljir maddhome.,"**Analysis:**

The model answer claims that ""Khilji bongser protistha hoy 1296 shale Alauddin Khiljir maddhome,"" which translates to ""The Khilji dynasty was established in 1296 during Alauddin Khilji's reign.""

Let's check each claim:

1. **Establishment of the Khilji dynasty:** The context mentions that Alauddin Khilji became the ruler after defeating Jalaluddin Khilji, but it does not explicitly state when the Khilji dynasty was established.
2. **Alauddin Khilji's reign in 1296:** The context confirms that Alauddin Khilji started his campaign against Jalaluddin Khilji in 1296.

**Verdict:**

The model answer is hallucinated relative to the given context because it claims that the Khilji dynasty was established during Alauddin Khilji's reign, but the context does not explicitly support this claim. While it's true that Alauddin Khilji started his campaign in 1296, there's no mention of when the Khilji dynasty began.

**Final answer:** No",no
bengali--8137487757915657057-1::specificity,bengali--8137487757915657057-1,specificity,"Dimbashoy dekhte onekta dimbakar ebong manuse etar akar—doirghye 3 se.mi., prosthe 1.5 se.mi., ebong purutwe 1.5 se.mi.। (jekono ektir jonno) shorire er obosthan pelvis ba shronir deyal ghese, jake bola hoy ovarian fossa. Sadharonoto fossar niche thake bohistho iliac dhamoni ebong samne thake mutranali o ontostho iliac dhamoni.",Dimbashoyer akriti kemon hoy?,anekta dimbakar,Dimbashoy sadharonoto golakar o chhoto hoy.,"**Reasoning:**

The context describes the dimbashoy (ovarian fossa) as a depression between the bladder and the rectum. It mentions that it is typically oval-shaped but smaller than the normal pelvis opening. The model answer claims that ""Dimbashoy is usually oval-shaped and small.""

- Claim 1: Dimbashoy is oval-shaped.
  - Supported by context: Yes, the context mentions ""golakar"" (oval-shaped).

- Claim 2: Dimbashoy is small.
  - Supported by context: Yes, the context mentions ""chhoto"" (small) in relation to the dimbashoy.

Both claims made by the model answer are supported by the given context. Therefore, there is no hallucination in the model's response.

**Final Verdict:** No",no
bengali--5305296283281809764-1::specificity,bengali--5305296283281809764-1,specificity,Prothom Shohid Minar nirmito hoyechilo otidruto ebong nitanto oporikolpitovabe. Dhaka Medical College-er chatrora 1952 Khristabder 23 February bikele smritistombho nirmaan shuru kore rater moddhe ta somponno kore. Shohid Minar-er khobor kagoj-e pathano hoy oi dini. Shohid birer smritite - ei shironame Dainik Azad potrikay chapa hoy Shohid Minar-er khobor.[1],Kendriyo Shohid Minar toirir netritte ke chilen?,Dhaka Medical College-er chatrora,Kendriyo Shohid Minar toirir netritte muloto Dhaka University-r shikkhokra chilen.,"**Analysis:**

The model answer states two factual claims:

1. Kendriyo Shohid Minar was built in Dhaka University.
2. Students of Dhaka University were involved in its construction.

**Checking against Context:**

- The context mentions that the ""Prothom Shohid Minar"" (First Martyrs' Monument) was built by students and teachers, but it doesn't explicitly state that it's located within Dhaka University or that Kendriyo Shohid Minar is the same as Prothom Shohid Minar.
- The context also mentions that the monument was started to be constructed on February 23, 1952, which aligns with the historical timeline of Kendriyo Shohid Minar.

**Verdict:**

While the model answer aligns with the general historical narrative and timeline, it makes an unsupported claim about the location of Kendriyo Shohid Minar within Dhaka University. Therefore, based on the provided context, the model answer is **yes**, hallucinated relative to the given context and question.",yes
bengali-2029563870871915760-1::inference,bengali-2029563870871915760-1,inference,Gablegater Summerbridge-e Herbert Sutcliffe-er jonmo hoy. Willie o Jane Sutcliffe tar baba-ma. Tader tin putro shontaner moddhe Sutcliffe chilen ditiyo. Onno dui bhai hocchen Arthur o Bob. Willie Sutcliffe Dacre Bank-er kache ek koratkole kaj korten. Tini club cricketer chilen.[2],English Test cricketer George Herbert Hirst-er babar nam ki?,Willy,George Herbert Hirst-er babar nam chhilo Willie Sutcliffe.,"**Analysis:**

Step 1: The model answer claims that ""George Herbert Hirst's father's name was Willie Sutcliffe.""

Step 2:
- The context mentions ""Gablegater Summerbridge-e Herbert Sutcliffe-er jonmo hoy,"" which translates to ""Herbert Sutcliffe was born in Gablegater Summerbridge."" This suggests that Herbert Sutcliffe is the son of someone named Sutcliffe.
- However, there's no explicit mention of George Herbert Hirst having a father named Willie Sutcliffe.

Step 3: Since the context does not explicitly confirm the claim made by the model answer, we cannot conclude with certainty that ""George Herbert Hirst's father's name was Willie Sutcliffe.""

**Final Verdict:** No",no
bengali--8576849544322707640-1::inference,bengali--8576849544322707640-1,inference,Indo-European bhashaporibarer 8ti shakha royeche.,Indo-European vasha poribarer mot koyti shakha ache?,8,Indo-European vasha poribarer mot 10ti shakha ache.,"**Reasoning:**

The context states that there are ""8ti shakha"" (eight branches) of Indo-European languages. The model answer claims there are ""mot 10ti shakha"" (ten branches).

Step 1: Identify factual claim - There are ten branches of Indo-European languages.
Step 2: Check support from context - The context explicitly states eight branches, not ten.
Step 3: Verdict based on steps 1-2 - The model answer contradicts the information given in the context.

**Final verdict:** No",no
bengali-7228435256333879326-3::specificity,bengali-7228435256333879326-3,specificity,"Poshchimbonger Hugli jeler Arambag mohkumay obosthito Kamarpukur grame 1836 sale ek doridro dhormonistho rokkhonshil Brahman poribare Ramakrishna Paramahansher jonmo hoy. Tini pita Khudiram Chattopadhyay ebong ma Chandramani Debir choturtho o shesh shontan. Kothito ache, Shriramakrishner jonmer purbe tar pitamatar sommukhe besh koyekti oloukik ghotona ghotechilo. Shontansombhobha Chandramani Devi dekhechilen Shiblingo theke nirgoto ekta jyoti tar gorbhe probesh korche. Tar jonmer obyobohito purbe Goyay tirthobhramone giye Khudiram Gadadhar Bishnuke shopne dorshon koren. Sei karone tini noboj",Unobingsho shotabdir bishishto Bharotiyo Hindu dhormoguru Ramakrishna Paramahansa kon grame jonmogrohon koren?,Kamarpukur,Ramakrishna Paramahansa naki Hooghlyr Arambag-er pasher **Gadadharpur gram-e** jonmogrohon koren bole dhora hoy.,"**Analysis:**

1. **Claim:** Ramakrishna Paramahansa was born in Gadadharpur gram-e (village).
   - **Support from Context:** The context mentions that Ramakrishna Paramahansa was born in Kamarpukur, not Gadadharpur.
2. **Claim:** He was born in Arambag's vicinity.
   - **Support from Context:** The context states he was born in Kamarpukur, which is near Arambag.

**Verdict:**
The model answer contains a hallucination (""Gadadharpur gram-e"") that is not supported by the given context. Therefore, the final verdict is:

**No.**",no
bengali-4908844406111824569-11::specificity,bengali-4908844406111824569-11,specificity,"Malay vasha Malaysiar sarkari vasha. Ekhankar pray ordhek shongkhok lok Malay vashate kotha bole. Malayeshiate aro pray 130ti vasha procholito. Eder moddhe Chinese vashar bibhinno upovasha, Buginiyo vasha, Dayak vasha, Javanio vasha ebong Tamil vasha ullekhjoggo. Bazar Malay vasha bohujatik bazarer vasha hisebe procholito ebong Sabah prodeshe sarbojonin vasha ba lingua franca hisebe byabohrito. Anusthanik vasha Bahasa Malaysia. Tobe bibhinno jati goshthir manush nij nij vashay kotha bole. Ditiyo vasha hisebe school porjay thekei English shekhano hoy. Doinondin jogajog ebong byabshayik proyojone English er bohul",2018 sal porjonto Malaysia-te mot kotogulo vashar procholon ache?,130,2018 sal porjonto Malaysia-te motamuti 150tir moto vashar procholon chhilo.,"**Analysis:**

1. **Claim:** ""2018 sal porjonto Malaysia-te motamuti 150tir moto vashar procholon chhilo.""
   - Translation: ""In 2018, there were about 150 different languages spoken in Malaysia.""

2. **Support from Context:**
   - The context mentions that there are many languages spoken in Malaysia, including Chinese, Buginiyo, Dayak, Javanio, Tamil, and others.
   - It also states that there are approximately 130 languages spoken in the country.

**Verdict:**

The model answer is not hallucinated relative to the given context. The number of languages mentioned (150) is plausible considering the context mentions around 130 languages, and it's reasonable for the number to vary slightly or be approximated differently by different sources.

**Final Answer:** No",no
bengali--8541412527792253343-2::inference,bengali--8541412527792253343-2,inference,1971 sale Oli Ahmad kormorot chilen Pakistan Senabahinir oshtom East Bengal Regiment-e. Er obosthan chilo Chattogramer Sholoshahore. 25 March moddhorate jhapiye poren Muktijuddhe. Protirodhjuddho sheshe Bharote punoray songothito howar por niyomito Muktibahinir Z Force-er odhine juddho koren. Swadhinotar por tini Bangladesh Senabahinite Colonel pode unnito hoye obosor nen. Pore rajnitite jog den. Bortomane tini Bangladesher rajnaitik dol Liberal Democratic Party (Bangladesh) er President.,Oli Ahad kon rajnoitik doler sathe jukto chilen?,Liberal Democratic Party,Oli Ahad mainly Bangladesh Nationalist Party-er sathe jukto chilen.,"**Reasoning:**

The context mentions that Oli Ahmad became a Colonel in Bangladesh Army after independence and later joined politics. However, it does not specify which political party he was associated with before his death. The model answer claims that Oli Ahmad was mainly associated with the Bangladesh Nationalist Party (BNP). This information is not explicitly stated or implied in the given context.

**Verdict:** No",no
bengali--2869461001015880142-1::inference,bengali--2869461001015880142-1,inference,Prothome Saddam Hossain General Ahmed Hasan Al Bakr-er upo-rashtrapoti chilen. Sei shomoy Saddam drirho vabe sarkar o shamorik bahinir moddhekar birodher oboshan ghotan. Ei uddeshe tini nirapotta bahini gothon koren. Iraq-er rashtrapoti o Baath Party-r prodhan hisebe Saddam Hossain Arab jatiyotabader vitti te dhormo niropekkho o adhunik Iraq gore tulte proyas nen. Saddam ek doliyo shashon kayem koren. Eshomoyi Saddam Iran-er sathe 9 bochorer juddhe joriye poren (1980-1988). Iraq-Iran juddher pore 1991-e Saddam uposagoriyo juddhe joriye poren. Saddam tar mote Iraq-er sthitishilotar biruddher sh,Saddam Hossain Abdul Majid Al Tikriti kobe nihoto hon?,2006 saler 30 December,Saddam Hossain mone hoy 1991 saler uposagoriyo juddher por nihoto hon.,"**Analysis:**

Step 1: The Model Answer claims that Saddam Hossain died in the Gulf War (Uposagoriyo Juddhe) in 1991.

Step 2:
- The context mentions ""Iraq-er uposagoriyo juddhe joriye poren"" which translates to ""After the Gulf War, Iraq was invaded"".
- However, it does not explicitly state that Saddam Hossain died during this war.
- The context also mentions that after the Gulf War, there were internal conflicts in Iraq (""Iraq-er sthitishilotar biruddher sh""), but again, no mention of Saddam's death.

Step 3: Since the context does not explicitly support the claim made by the Model Answer, we cannot confirm its accuracy based on the given information.

**Final Verdict:** No",no
bengali-6560277252785248931-4::comprehension,bengali-6560277252785248931-4,comprehension,"Robert Gutlar Ferguson namok ekjon British ainjibir odhine shikkhanobish hisebe Dwarkanath chirosthayi bondobostho shomporkito ain ebong Kolkata Supreme Court, Sadar o jela adaloter jabatiyo ain o karyopronali bishoye odhyayon koren. 1815 sale tini sofolvabe ain byabsha shuru koren. Ochirei tini pita Ramlocchon er nikot theke uttaradhikar sutre prapto jomidarir simana prosare sokriyo hoye othen. 1830 sale Dwarkanath Rajshahi jelar Kaligram er jomidari ebong 1834 sale Pabnar Shahjadpur er jomidari nilame kroy koren. Tar jomidarite besh kichu angshidar o sho-angshidar chilen. Kintu tini Baharampur, Pand",Prince Dwarakanath Thakur er babar nam ki?,Ramlochone,Prince Dwarakanath Thakur er babar nam chhilo Robert Gutlar Ferguson.,"**Analysis:**

Step 1: The Model Answer claims that ""Prince Dwarakanath Thakur's father's name was Robert Gutlar Ferguson.""

Step 2:
- The context mentions that Dwarkanath started his career in 1815 under British rule.
- It also states that he received his education from a British school, which suggests a connection with British officials.
- However, there is no explicit mention of his father's name being Robert Gutlar Ferguson.

Step 3: Since the context does not explicitly confirm the father's name as stated in the Model Answer, we cannot verify this claim.

**Final Verdict:** No",no
bengali--4632944432756037238-2::inference,bengali--4632944432756037238-2,inference,1971 shale Bangladesh-er shadhinota laver por notun shorkar Jamaat-ke rajniti theke nishiddho ghoshona kore ebong daler netara Pakistan-e nirbashone chole jan. Porobortite 1975 shale prothom rashtrapoti Sheikh Mujib hotyakander por ebong koyekti shamorik obhyutthaner por 1977 shale Major General Ziaur Rahman khomotay ele Jamaat-er upor theke nishedhajna protyahar kore neya hoy. Daltir netakormira fire ashar onumoti pan ebong 1979 shaler May mashe totkalin Jamaat-e Islami-r otyonto probhabshali neta Abbas Ali Khan-er netritte Bangladesh Jamaat-e Islami protishthito hoy. Ei songothoner uddeshyo holo sharia vittiok ekta Islami rashtra protish,Bangladesh Jamaat-e-Islami kobe protishthito hoy?,1979 saler May mase,Bangladesh Jamaat-e-Islami mone hoy 1977 shale protishthito hoy.,"**Analysis:**

The model answer states that Bangladesh Jamaat-e-Islami was established in 1977. Let's check this claim against the context provided:

1. The context mentions that Bangladesh Jamaat-e-Islami was established after a series of events, including the independence of Bangladesh in 1971 and the rise to power of Major General Ziaur Rahman in 1977.
2. It also states that the party became prominent with Abbas Ali Khan's leadership in 1979.

From these points, we can infer that Bangladesh Jamaat-e-Islami was indeed established after 1977, but the context does not explicitly state that it happened in 1977. The closest hint is ""1977 shale Major General Ziaur Rahman khomotay ele..."", which suggests around or after 1977.

**Verdict:** Since the context supports the establishment of Bangladesh Jamaat-e-Islami happening around or after 1977, but not explicitly stating it was in 1977, the model answer is **not hallucinated**.

Final line: no",no
bengali--2599451116164447125-11::factualness,bengali--2599451116164447125-11,factualness,1846 sale Londone kichukal rogobhoger por tar jibonaboshan ghote.,Prince Dwarkanath Thakur kothay mara jan?,London e,Prince Dwarkanath Thakur Paris e mara jan.,"**Reasoning:**

The context provided is in Bangla and English code-mixing, stating that in 1846, a great sale took place in London, after which Dwarkanath Tagore's life changed significantly. The question asks where Prince Dwarkanath Thakur (Dwarkanath Tagore) died.

The model answer claims that ""Prince Dwarkanath Thakur Paris e mara jan"" (died in Paris). However, the context does not mention anything about him dying in Paris or any other location. Therefore, there is no factual basis for this claim in the given context.

**Verdict:** No",no
bengali--2070463653245554753-1::inference,bengali--2070463653245554753-1,inference,"Shafayat Jamil March 1, 1940 tarikh e Kishoreganj jelar Kuliarchar upojelar Khargamara grame jonmogrohon koren. Tar babar nam A H M Karimullah ebong mayer nam Layla Johra Begum. Tar pita A H Karimullah chilen East Pakistan Civil Service (Judicial) officer. Tar strir nam Rashida Shafayat. Tader tin chele. Shafayat Jamil Dhaka College, Dhaka Bishwabidyaloy ebong Pakistan Military Academy theke shikkha grohon koren. Tini oi academy te General Parvez Musharraf er (porobortite Pakistan er President) sohopathi chilen.",Bangladesher shadhinota juddher bir muktijoddha Colonel Shafayat Jamil er babar nam ki?,E E H M Karimullah,"Colonel Shafayat Jamil er babar nam chhilo Layla Johra Begum, karon tar poribarik tothyo te oi namtai prominent vabe ullekh ache.","**Analysis:**

1. **Claim:** Colonel Shafayat Jamil's mother's name was Layla Johra Begum.
   - **Support in Context:** The context explicitly states ""tar babar nam Layla Johra Begum"".
   - **Verdict:** Supported.

2. **Claim:** Layla Johra Begum is prominently mentioned as Colonel Shafayat Jamil's mother.
   - **Support in Context:** There's no explicit mention of prominence, but the name is indeed provided in the context.
   - **Verdict:** Impliedly supported.

**Final Verdict:** The model answer does not contain any unsupported or fabricated information based on the given context. Therefore, it is not hallucinated.

**Last line:** No",no
bengali-6543940287332686430-1::comprehension,bengali-6543940287332686430-1,comprehension,"Ei institute-ti cholocchitro, binodon, byabsha ebong pondit somprodayer netritto-shil byaktiborgo-r dara porichalito hoy. Trustee Board-er prodhan Sir Howard Stringer ebong Board of Directors-er prodhan Robert A. Daly songsthatir nirdeshona diye thaken, ebong 2014 saler October theke eti mohaporichalok o prodhan nirbahi kormokorta Bob Gazzale songsthati porichalona kore aschen. Purboborti porichalokgon holen er protisthata porichalok George Stevens Jr. (1967 sale songsthati protisthar shomoy theke 1980 sal porjonto) ebong Jean Picker Firstenberg (1980 theke 2007 sal porjonto).[2]",American Film Institute-er Board of Directors-er prodhan ke?,Robert A. Deli,American Film Institute-er Board of Directors-er prodhan holen Sir Howard Stringer.,"**Analysis:**

Step 1: The Model Answer claims that ""Sir Howard Stringer"" was the head of the Board of Directors at American Film Institute (AFI).

Step 2:
- The context mentions that Sir Howard Stringer was indeed the head of Trustee Board.
- However, it does not explicitly state that he was the head of the Board of Directors. It only mentions that ""Trustee Board-er prodhan Sir Howard Stringer"" and ""Board of Directors-er prodhan Robert A. Daly"".

Step 3: Since the context does not confirm that Sir Howard Stringer was the head of the Board of Directors, we cannot conclude that the Model Answer is accurate.

**Final Verdict:** No",no
bengali-6058207303729664794-1::inference,bengali-6058207303729664794-1,inference,Imaj Uddin Pramaniker jonmo 1941 saler 16 February Naoga jeler Manda upojelar Kalikapur grame. Tar pita Hazratulya Pramanik ebong mata Tula Begom. Tini tar pita-matar konishtho shontan.,Muhammad Imaz Uddin Pramaniker babar nam ki?,Hojrotulya Pramanik,Muhammad Imaz Uddin Pramaniker babar nam chhilo Tula Begom.,"**Reasoning:**

The context provided states that Muhammad Imaz Uddin Pramaniker's mother's name was Tula Begom. The model answer claims ""Muhammad Imaz Uddin Pramaniker babar nam chhilo Tula Begom,"" which translates to ""Muhammad Imaz Uddin Pramaniker's father's name was Tula Begom."" This is a factual error as the context clearly states that Tula Begom was his mother, not his father.

**Final Verdict:** No.",no
bengali-1288312892497828945-0::factualness,bengali-1288312892497828945-0,factualness,"Murshidabad jela purbo Bharoter Poshchimbongo rajyer Malda bibhager ekta jela. Ei jelar moddho diye Bhagirathi nodi boye giye jelake duvag e vag koreche. Nodir poschimer angsho Rarh o purber angsho Baghira name porichito.[2] 5.314 borgo kilometer (2,062 borgo mile) ayotoner elaka ebong 71.02 lokkho jonoshonkha thakay eti ekta jonobohul jela. Murshidabad Bharoter nobomotomo (Bharoter 641ti jelar moddhe) jonobohul jela.[3] Ei jelar sadar doptor Baharampur shohore obosthito.",Murshidabad jeler sadar shohor konti?,Bohorompur,Murshidabad jeler sadar shohor holo Jiaganj.,"**Reasoning:**

The context provided discusses Murshidabad district's geography and its administrative divisions. It mentions that Murshidabad has two subdivisions (jela), but it does not explicitly state which subdivision Baharampur is the headquarters of.

However, the model answer claims that Jiaganj is the headquarters of Murshidabad district, not Baharampur as one might expect from the context. There's no explicit mention of Jiaganj being the headquarters in the provided context.

**Verdict:** No",no
bengali--5526839803787627428-10::factualness,bengali--5526839803787627428-10,factualness,"Perur bortoman odhinayok hisebe royechen forward Paulo Gurrero.[2] Moddhomather kheloyar Leopoldo Basurto daler prothom odhinayok chilen.[33] 1965 theke 1981 sal porjonto rokkhonvager kheloyar Hector Chumpitaz Peru dole shobcheye beshi shomoy netritte chilen.[2] Forward Claudio Pizarro 2003 theke 2016 sal porjonto ditiyo sorbadhik shomoy dalke netritto diyechen.[33] Daler onnanno ullekhjoggo kheloyarder moddhe royechen - Ruben Diaz, Julio Cesar Uribe, Juan Reynoso o Nolberto Solano.[2]",Peru jatio football doltir prothom odhinayok ke chilen?,Liopoldo Basurto,Peru jatio football doltir prothom odhinayok chhilen Julio Cesar Uribe.,"**Reasoning:**

The context mentions several players who were part of Peru's national football team at different times. The model answer claims that Julio Cesar Uribe was the first player from Peru's national football team.

- **Claim 1:** Julio Cesar Uribe is mentioned in the context as one of the notable players.
- **Claim 2:** However, there's no explicit information about him being the ""first"" player from Peru's national football team.

**Verdict:**

Since the context does not explicitly support that Julio Cesar Uribe was the first player from Peru's national football team, the model answer is hallucinated relative to the given context and question. Therefore, the final verdict is: **no**.",no
bengali--3794601659297720355-1::factualness,bengali--3794601659297720355-1,factualness,"Banshali 1963 saler 24 February Bharoter Mumbai te jonmogrohon koren. Tar pita cholocchitro nirmata Navin Banshali ebong mata Leela Banshali. Tar ""Leela"" namti tini tar mayer nam theke grohon koren. Navin Banshali alcohol e asokto hoye pore ebong ekebare hal chere den. Banshalir bon Bela Segal.",Sanjay Leela Bhansali-r mayer nam ki?,Leela Banshali,Sanjay Leela Bhansali-r mayer nam chhilo **Lalita Banshali**.,"**Reasoning:**

1. **Claim:** Sanjay Leela Bhansali's mother's name was Lalita Banshali.
   - **Support in Context:** The context mentions that Banshali's daughter is named Bela Segal, but it does not provide the names of Navin and Leela Banshali's parents or siblings. Therefore, there is no direct support for this claim.

**Verdict:** No",no
bengali--2478685782456378793-1::factualness,bengali--2478685782456378793-1,factualness,"Motorola company-te kormoroto Dr. Martin Cooper[1] ebong John Francis Mitchell-ke[2][3][4] prothom mobile phone-er udbhabok-er morjada deya hoye thake. Tara 1973 saler April-e prothom shofolvabe ekta pray 1 keji (2.2 pound) ojoner hate dhora phone-er maddhome call korte sokkhom hon[5]. Mobile phone-er prothom banijjik shongskoron bazare ase 1983 sale, phone-tir nam chilo Motorola DynaTAC 8000x. 1990 sal theke 2011 saler moddhe prithibibyapi mobile phone byaboharkarir shonkha 12.4 million theke briddhi peye 6 billion-er beshi hoye geche. Prithibir mot jonoshonkhar pray 87% mobile",Bharoter sorboprothom telephone ta kon company toiri kore?,Motorola,Nokia Corporation,"**Analysis:**

The context discusses the invention of the first mobile phone by Motorola and its subsequent growth in market share. It mentions that Nokia is not involved in this initial development or early market dominance.

1. **Claim:** The Model Answer states that ""Nokia Corporation"" was responsible for making the first telephone in India.
2. **Verification:** The context does not mention any involvement of Nokia in the creation of the first mobile phone, nor does it suggest that Nokia made the first telephone in India.
3. **Verdict:** Since there is no evidence to support this claim in the given context, the Model Answer is hallucinated.

**Final answer:** No",no
bengali-1239158793173466909-0::factualness,bengali-1239158793173466909-0,factualness,"Umaiya Khilafat (Arabic: al-khilafah al-umawiyya, trans. Al-Ḫilāfa al-ʾumawiyya) Islamer prodhan charti khilafoter moddhe ditiyo khilafat. Eti Umaiya rajbongshoke kendro kore gore uthe. Islamer tritiyo khalifa Usman ibn Affaner khilafat laver maddhome Umaiya poribar prothom khomotay ase. Tobe Umaiya bongser shashon Muawiya ibne Abu Sufiyan kortik suchito hoy. Tini dirghodin Siriyar governor chilen. Fole Siriya Umaiyader khomotar vitti hoye uthe ebong Damascus tader rajdhani hoy. Umaiyara Muslimder bijoy ovijan obbyahoto rakhe. Caucasus, Transoxania, Sindhu, Maghreb o Iberian upodwip",Damasker mot ayoton koto chilo?,5.79 million borgo mile,Damasker mot ayoton chhilo pray 6.12 million borgo mile.,"**Analysis:**

The context provided discusses the Umaiya Khilafat period and its expansion under Muawiya ibn Abu Sufyan. It mentions that Damascus became their capital but does not provide any specific information about the population of Damascus during this time.

The model answer claims that ""Damasker mot ayoton chhilo pray 6.12 million borgo mile,"" which translates to ""Damascus had a population of approximately 6.12 million.""

**Reasoning:**

- The context does not provide any information about the population of Damascus during the Umaiya Khilafat period.
- The model answer provides a specific number (6.12 million) for the population, which is not supported by the given context.

**Verdict:** The model answer is hallucinated relative to the code-mixed Bangla-English context and question because it provides unsupported factual claims about the population of Damascus during that period.

Final answer: **yes**",yes
bengali--8333329746315209159-0::factualness,bengali--8333329746315209159-0,factualness,"Khulna Prokoushol o Projukti Bishwabidyaloy (KUET) Bangladesher ekta onnotomo sorkari prokoushol bishwabidyaloy. Eti Bangladesher dokkhinancholer Khulna bibhager Khulna jelay obosthito. Purbe er nam chilo Bangladesh Institute of Technology, Khulna o taro age, Khulna Prokoushol Mohabidyaloy. Eti Bangladesher shreshtho bishwabidyaloyguler onnotomo. Ekhane pray 6 hajar jon chatrochhatri snatok o snatokottor prokoushol o biggan niye porashona korche. Ekhankar shikkhok shonkha 320-er o odhik. Echara 132 jon kormokorta o 292 jon kormochari ache. Bishwabidyaloytir angon",Bortomane Khulna Prokoushol o Projukti Bishwobidyaloyer mot chatrochatrir shonkha koto?,pray 6 hajar,Bortomane KUET-e mot chatrochatrir shonkha pray 7 hajarer beshi.,"**Reasoning:**

The context states that KUET currently has around 6000 students. The model answer claims that in the future (bortomane), KUET will have around 7000 students.

- Claim 1: Current student count is around 6000.
  - Supported by context: Yes

- Claim 2: Future student count will be around 7000.
  - Not supported by context: No information about future student count is provided in the context.

**Verdict:** The model answer contains a hallucinated factual claim regarding the future student count at KUET. Therefore, the final verdict is:

No",no
bengali--9105179977372456588-2::inference,bengali--9105179977372456588-2,inference,1965 saler 31 July England-er Gloucestershire-er Yate shohore jonmogrohon koren J.K. Rowling. Tar babar nam Peter ebong mayer nam Anne. Tar baba chilen engineer ebong ma chilen gobeshonagarer technician. Rowling er puro nam Joanne Kathleen Rowling. Rowling er choto aro ek bon royeche. Chotobela ta kate gramyo poribeshe.,J. K. Rowling-er mayer nam ki?,Anni,"J. K. Rowling-er mayer nam chhilo Peter, karon tar paribarik tothye ei namtai beshi proshongik.","**Step 1:** The model answer makes two factual claims:
   - J. K. Rowling's father's name was Peter.
   - This name is prominently featured in her family history.

**Step 2:**
   - The context mentions ""Peter"" as the father of J.K. Rowling, so the first claim is supported.
   - However, there's no explicit mention in the context that this name is particularly prominent or significant in her family history. It simply states the facts without emphasizing any particular aspect.

**Step 3:** While the model answer correctly identifies Peter as J.K. Rowling's father, it adds an unsupported claim about the prominence of this name in her family history. This additional detail is not grounded in the provided context.

**Final Verdict:** The model answer contains a hallucination because it makes an unsupported claim about the prominence of Peter's name in J.K. Rowling's family history.

Last line: yes",yes
bengali--4940144912201379461-31::inference,bengali--4940144912201379461-31,inference,"Bharoter jatiyo sorok byabosthar 3 no jatiyo sorok, 4 no jatiyo sorok o 8 no jatiyo sorok Mumbai-ke desher onnanno angsher shonge jukto koreche.[178] Mumbai-Pune Expressway Bharote nirmito prothom expressway.[179] Echara Mumbai-Vadodara Expressway-ti bortomane nirmanadhin.[180] Mahim Causeway o soddyo-nirmito Rajiv Gandhi Samudrasetu dipshohorer shonge poshchim upanogorer shongjog rokha korche.[181] Shohorer tinti prodhan rasta holo Sion theke Thane porjonto prosarito Eastern Express Highway, Sion theke Panvel porjonto prosarito Sion Panvel Expressway ebong Bandra theke Borivali porjonto prosarito Western Express",Bharoter sorboprothom expresswaytir doirgho koto?,Mumbai-Pune Expressway,Bharoter sorboprothom expresswaytir doirgho praye 8 no jatiyo soroker soman.,"**Analysis:**

The context provided discusses various expressways and their lengths in India. The model answer claims that the length of Bharoter sorboprothom expressway (the first expressway in India) is 8 national highways.

1. **Claim:** The first expressway in India has a length equivalent to 8 national highways.
2. **Verification:** The context mentions ""Bharoter jatiyo sorok byabosthar 3 no jatiyo sorok, 4 no jatiyo sorok o 8 no jatiyo sorok Mumbai-ke desher onnanno angsher shonge jukto koreche."" This statement suggests that the length of the expressway is indeed equivalent to 8 national highways.

**Verdict:** The model answer does not contain any factual claims unsupported by the context. Therefore, it is not hallucinated relative to the given context and question.

**Final Answer:** No",no
bengali--6284809213106132912-16::inference,bengali--6284809213106132912-16,inference,"Rampal chilen Pala rajbongser sorbosesh shoktishali shashok. Tar mrityur por tar putro Kumarpaler rajottokale Asome ekta bidroho mathachara dey. Baidyadeb ei bidroho domon koren. Kintu Kumarpaler mrityur por Baidyadeb karyoto ekta prithok rajyo sthapon koren.[6] Ramcharitam onusare, Kumarpaler putro tritiyo Gopalke tar kaka Madanpal khun koren. Madanpaler shashonkale Purbo Banglar Bormonra shadhinota ghoshona kore ebong Orishay Purbo Gangder songe songhat punoray ghonibhuto hoy. Mondopal Gahadbalder kach theke Munger odhikar korechilen. Kintu Bijoysen take porajito kore Dokkhin",Banglar Palobongser sorbosesh raja ke?,Modonpal,"Banglar Palobongser sorbosesh raja chhilen **Kumarpal**, karon Rampaler por tar-i rajottokale rajyo bhangte shuru kore.","**Analysis:**

1. **Claim:** ""Banglar Palobongser sorbosesh raja chhilen Kumarpal""
   - **Support in Context:** The context mentions ""Kumarpaler rajottokale"" which translates to ""Kumarpal's reign"". This supports the claim that Kumarpal was indeed the ruler of Palabons.

2. **Claim:** ""karon Rampaler por tar-i rajottokale rajyo bhangte shuru kore""
   - **Support in Context:** The context does not explicitly mention that Kumarpal started a new reign after Rampal's death. It only mentions that Kumarpal's son, Gopal, was the third ruler of Palabons.

**Verdict:**
The model answer contains factual claims about Kumarpal being the ruler of Palabons, but it also includes an unsupported claim about starting a new reign after Rampal's death. Therefore, while some parts are accurate, others are hallucinated.

**Final Answer:** No",no
bengali-8835875250524667479-0::specificity,bengali-8835875250524667479-0,specificity,"Richard Wid Widmark (December 26, 1914-March 24, 2008) ekjon Markin cholocchitro, moncho, ebong television obhineta o projojok. Tini tar sorboprothom obhinito cholocchitro ""Kiss of Death""-e Tommy Udo name ekjon kholnayoker bhumikay obhinoyer jonno Oscar mononoyon peyechilen. Tini Golden Globe joyi hon shobcheye ujjol nobagoto hisebe. Obhinoy jiboner shurur dike tini noir cholocchitre kholnayoker bhumikay beshi obhinoy koren, tobe pore tini nayoker choritre obhinoy koren Western, natyo ebong bhoyer cholocchitre. Cholocchitro jogote obodaner jonno Hollywood Walk of Fame-e Widmark-er ekta taroka","Markin cholocchitro, moncho, ebong television obhineta o projojok Richard Widmark-er obhinito prothom cholocchitrer nam ki?",Kiss of Death,Richard Widmark-er prothom chhobi chhilo **Night and the City**.,"**Analysis:**

1. **Claim:** Richard Widmark's first film was ""Night and the City"".
   - **Support in Context:** The context mentions his first film role was in ""Kiss of Death"", not ""Night and the City"".

2. **Claim:** This is implied as the first film mentioned in the context.
   - **Support in Context:** The context does mention ""Kiss of Death"" as his first film.

**Verdict:**
The model answer claims that Richard Widmark's first film was ""Night and the City"", which is not supported by the given context. Therefore, it is a hallucination relative to the provided context and question.

Final answer: **No**.",no
bengali-859469098615483605-0::specificity,bengali-859469098615483605-0,specificity,"Marvel Cinematic Universe (MCU) ekta Markin media franchise ebong kalponik duniya ja ekta superhero cholochitro series-ke ghire abortito, Marvel Studios dara shadhinbhabe projojito ebong Marvel Comics prokashito choritro vitti kore toiri. Franchiseti comic boi, swalpodoirgho cholochitro ebong television series-e bistrito hoise.",Marvel Cinematic Universe-er sroshta ke?,Marvel Studios,Marvel Comics-er protisthata Stan Lee.,"**Analysis:**

1. **Claim:** The Model Answer states that Stan Lee is the creator of Marvel Comics.
   - **Support in Context:** The context mentions ""Marvel Comics prokashito choritro vitti kore toiri,"" which translates to ""Marvel Comics published comic books."" It does not explicitly state who created Marvel Comics, but it's widely known that Stan Lee co-created Marvel Comics with Jack Kirby and others.

2. **Claim:** The Model Answer implies that Stan Lee is the central figure of the MCU.
   - **Support in Context:** The context discusses the MCU as a franchise consisting of comic books, movies, TV series, etc., but it does not explicitly mention Stan Lee's role or importance within the MCU.

**Verdict:**
The model answer contains factual information about Stan Lee being one of the creators of Marvel Comics. However, it overstates his role in the MCU by implying he is the central figure, which is not supported by the context provided. Therefore, the answer is **yes**, it is hallucinated relative to the given context and question.

Final line: yes",yes
bengali--314197069658750255-13::specificity,bengali--314197069658750255-13,specificity,"1566 saler 5i September,[16] Sulaiman, tini tokhon Hungary ovijaner netritto deyar uddeshe Constantinople hote rowana hoyechilen, tini Hungary te Jigetvarer juddhe Ottoman bijoyer purbei mara jan[17] ebong prodhan ujir fire jabar shomoy Ditiyo Selimer obhisheker subidharte tar mrityur khobor gopon rakhen.",Prothom Sulaiman er por ke Usmaniyo samrajyer somrat hon?,ditiyo Selime,Prothom Sulaiman er por shombhoboto tar chele Murad-i singhashone boshchhilen.,"**Analysis:**

The question asks about who succeeded Sultan Sulaiman after his death. The context provided mentions that Sultan Selim II was the successor of Sultan Suleiman (Sulaiman) and that he ascended to the throne after his father's death.

The Model Answer states: ""Prothom Sulaiman er por shombhoboto tar chele Murad-i singhashone boshchhilen."" This translates to ""After the first Sultan Sulaiman, his son Murad-i Singhasone succeeded him.""

**Step 1:** The factual claims made by the Model Answer are:
- After Sultan Sulaiman, his son succeeded him.
- The name of the successor is Murad-i Singhasone.

**Step 2:** Checking these claims against the context:
- The context does not mention any son of Sultan Suleiman named Murad-i Singhasone succeeding him.
- It explicitly states that Sultan Selim II (not Murad-i Singhasone) succeeded Sultan Suleiman after his death.

**Step 3:** Based on steps 1 and 2, the Model Answer contains factual inaccuracies not supported by the given context. Therefore, it is a hallucination.

**Final Verdict:** yes",yes
bengali--8333329746315209159-0::comprehension,bengali--8333329746315209159-0,comprehension,"Khulna Prokoushol o Projukti Bishwabidyaloy (KUET) Bangladesher ekta onnotomo sorkari prokoushol bishwabidyaloy. Eti Bangladesher dokkhinancholer Khulna bibhager Khulna jelay obosthito. Purbe er nam chilo Bangladesh Institute of Technology, Khulna o taro age, Khulna Prokoushol Mohabidyaloy. Eti Bangladesher shreshtho bishwabidyaloyguler onnotomo. Ekhane pray 6 hajar jon chatrochhatri snatok o snatokottor prokoushol o biggan niye porashona korche. Ekhankar shikkhok shonkha 320-er o odhik. Echara 132 jon kormokorta o 292 jon kormochari ache. Bishwabidyaloytir angon",Bortomane Khulna Prokoushol o Projukti Bishwobidyaloyer mot chatrochatrir shonkha koto?,pray 6 hajar,Bortomane KUET-e mot chatrochatrir shonkha pray 8 hajar.,"**Reasoning:**

The context states that KUET currently has around 6000 students. The model answer claims that in the future (bortomane), KUET will have approximately 8000 students.

However, there is no information provided in the context about the future student population of KUET. Therefore, the model answer's claim about the future student count cannot be supported by the given context.

**Final Verdict:** No",no
bengali-6101468669223503112-13::factualness,bengali-6101468669223503112-13,factualness,Natidirgho atharo pongktir niret sthapatyer ei gitikobitay royeche choy pongktir tinti stobok. Prothom stoboke kobi muloto nijer kotha bolechen; ditiyo stoboke bolechen ek jholok dekha priyo mukher kotha ebong tritiyo stoboke bolechen ekti shopner kotha. Kobitati Jibanananda Dasher priyo chhondo okkhorbritto ba poyare rochito. Tobe porbo binyase somota rokha kora hoy ni.,Bonolota Sen kobitatite mot koto gulo pongkti ache?,atharo,Bonolota Sen kobitatite mot **sholo pongkti** ache.,"**Analysis:**

1. **Claim:** The Model Answer uses ""sholo"" instead of ""tinti"".
   - **Support in Context:** The context mentions ""tinti stobok"" (three poems), not ""sholo pongktir"".

2. **Claim:** The Model Answer does not provide a number.
   - **Support in Context:** The question asks for the number of poems (""mot koto gulo""), but the answer doesn't provide this information.

**Verdict:**
The model answer is hallucinated relative to the code-mixed context and question because it uses ""sholo"" instead of ""tinti"" and does not provide a numerical answer to the question asked. Therefore, the final verdict is: **no**.",no
bengali--3939356441070933912-28::specificity,bengali--3939356441070933912-28,specificity,"Kolkata Poshchimbonger rajdhani totha brihottom shohor. Kolkata Bharoter tritiyo brihot mohanogor.[69] ebong Brihottor Kolkata desher tritiyo brihottom nogoranchol.[70] Uttarbonger Shiliguri rajyer opor ek orthonaitik guruttopurno mohanogor. Shiliguri Corridor-e obosthito ei shohor Uttar-Purbo Bharoter shonge oboshishto desher shongjog rokkha korche. Asansol o Durgapur rajyer poshchimancholer shilpo-taluke obosthito opor duti mohanogor.[71] Rajyer onnanno shohorgulir moddhe ullekhjoggo Howrah, Raniganj, Haldia, Jalpaiguri, Kharagpur, Bardhaman, Darjeeling,",Jonoshonkhar dik theke Bharatborsher Poshchimbongo rajyer shobcheye boro jela konti?,Kolkata,Jonoshonkhar dik theke mone hoy Howrah jela shobcheye boro.,"**Analysis:**

The model answer claims that ""Jonoshonkhar dik theke mone hoy Howrah jela shobcheye boro,"" which translates to ""From Jonashankar's perspective, it seems like Howrah is the largest city.""

Step 1: Identify factual claims:
- The largest city from Jonashankar's perspective is Howrah.

Step 2: Check if these claims are supported by the Context:
- The context mentions several cities but does not explicitly state which one is the largest or how they relate to a perspective from Jonashankar.
- There's no mention of Jonashankar in the context, so his perspective cannot be determined.

Step 3: Verdict based on steps 1-2:
The model answer makes an unsupported claim about Jonashankar's perspective and does not align with any specific information provided in the context. Therefore, it is a hallucination.

**Final verdict:** yes",yes
bengali-5706247560032651103-1::factualness,bengali-5706247560032651103-1,factualness,"Alomgirer cholocchitre obhishek hoy 1973 sale Amar Jonmobhumi diye. Jinjir (1978) cholocchitre Razzak o Sohel Rana-r sathe obhinoy kore tini porichiti lav koren. 1985 sale Nishpap cholocchitro diye tar porichalonay obhishek hoy. Ma O Chele (1985) chobite Dipak Chowdhury choritre obhinoy kore tini shreshtho obhineta bibhage tar prothom jatio cholocchitro purashkar orjon koren. Porobortite Opekkha (1987), Khotipuron (1989), Moroner Pore (1990), Pita Mata Shontan (1991), Ondho Bishwas (1992), Deshpremik (1994) cholocchitre obhinoyer jonno shreshtho obhineta",Bangladeshi cholocchitro porichalok Alamgir Kabir-er porichalito prothom cholocchitroti Bangladesh-e kobe mukti pay?,1985 shale,1984 shale prothom mukti pay.,"**Analysis:**

The context provided discusses various films and their release years, but there's no explicit mention of Alamgir Kabir's first film or its release year. The model answer claims that Alamgir Kabir's first film was released in 1984.

**Step 1:** Factual claim made by the Model Answer - Alamgir Kabir's first film was released in 1984.

**Step 2:** Checking if this claim is supported by the Context:
- The context mentions several films and their release years, but none of them are attributed to Alamgir Kabir.
- There's no mention of Alamgir Kabir or his first film in the provided context.

**Verdict:**
Since there's no supporting evidence for the model answer's claim about Alamgir Kabir's first film being released in 1984, it appears to be a hallucination relative to the given context and question.

**Final Answer:** No",no
bengali-5537428330858923345-4::comprehension,bengali-5537428330858923345-4,comprehension,Rokter prodhan upadan duiti. Jotha: (k) ojoib podartho (kh) joib podartho,Rokter prodhan koyti upadan thake?,duiti,chariti প্রধান upadan thake.,"**Reasoning:**

The context provided is a code-mixed sentence in Bangla and English, which translates to ""Rokter prodhan upadan duiti. Jotha: (k) ojoib podartho (kh) joib podartho"". This sentence means ""Rokter prodhan has two types of products. Types: (k) ojoib podartho (kh) joib podartho"".

The question is ""Rokter prodhan koyti upadan thake?"", which translates to ""How many types of products does Rokter prodhan have?"".

The model answer is ""chariti প্রধান upadan thake"", which means ""Rokter prodhan has two types of products"".

**Step 1:** The factual claim made by the Model Answer is that Rokter prodhan has two types of products.

**Step 2:** This claim is supported by the Context, as it explicitly states ""duiti"" (two) and lists two product types.

**Final Verdict:**

The model answer does not contain any unsupported or fabricated information relative to the given context and question. Therefore, the final word is: **no**.",no
bengali-8858032480103139171-13::factualness,bengali-8858032480103139171-13,factualness,"Bruce podok - 1938. Royal Astronomical Society-r shornopodok - 1940. Medal of Merit, dur pallar kheponastro bishoye gobeshonar jonno - 1946",Dur pallar kheponastro bishoye gobeshonar jonno Edwin Hubble kon purashkar pan?,Medal of Merit,Edwin Hubble dur pallar kheponastro gobeshonar jonno Bruce podok pan.,"**Reasoning:**

1. **Claim:** ""Edwin Hubble received the Bruce Medal in 1948.""
   - **Support from Context:** The context mentions that Bruce Podok received the medal in 1938 and Royal Astronomical Society's (RAS) medal was awarded to Shornopodok in 1940. There's no mention of Hubble receiving any medal, let alone the Bruce Medal.
   - **Verdict:** Not supported by context.

2. **Claim:** ""Edwin Hubble received the Medal of Merit in 1946.""
   - **Support from Context:** The context mentions that the Medal of Merit was awarded for exceptional service to humanity (durr pallar kheponastro bishoye gobeshonar jonno) but doesn't specify who received it.
   - **Verdict:** Not definitively supported by context.

**Final Verdict:**
The model answer contains factual claims that are not explicitly supported by the given context. Therefore, it is a hallucination relative to the provided context and question.

**Last line:** yes",yes
bengali--3048309074162424193-23::comprehension,bengali--3048309074162424193-23,comprehension,"Bangla sahitye potrokar kabyorochona prothom dekha jay Birangana kabye. 1862 sale ei grontho rochito o prokashito hoy. Dushmonter proti Shokuntola, Somer proti Tara, Dwarakanather proti Rukmini, Dasharather proti Koikeyi, Lokkhoner proti Suparnokha, Arjuner proti Droupodi, Duryodhoner proti Bhanumoti, Joydrother proti Duhshola, Shantonur proti Jahnobi, Purubar proti Urboshi, Nildhojer proti Jona— ei 11ti potrorupi kobita niye kabyogronthoti rochito. Madhusudan tar kabye ei narider puran-porichitir mule aghat korechen. Tini manobik onuvutir aloke nari-hridoyer kothokothay byokto kor","Michael Madhusudan Dutta koto sale ""Birangona"" kabyagranthoti rochona koren?",862,1861 shale rochona koren.,"**Analysis:**

Step 1: The Model Answer claims that ""Birangona"" was published in the year 1861.

Step 2:
- Context states: ""...1862 sale ei grontho rochito o prokashito hoy.""
- This means ""Birangona"" was published in the year 1862, not 1861.

Step 3: The Model Answer's claim is contradicted by the information provided in the context. Therefore, it is a hallucination.

**Final Verdict:** No",no
bengali--2499563960676662329-1::comprehension,bengali--2499563960676662329-1,comprehension,Guru Nanak 1469 saler 15i April Lahore-er nikote obosthito Rai Bhoy Ki Talbandi grame ek Hindu poribare jonmogrohon koren. Bortomane ei sthanti Pakistan-er Nankana Sahib name porichito.[7][8] Tar babar nam chilo Mehta Kalyan Das Bedi ebong matar nam chilo Tripta Devi.[9] Mehta Kalyan Das Bedi ekjon patowari chilen jini gramer Muslim jomidar Rai Bullar-er odhine chakri korten.[10],Guru Nanoker babar nam ki?,Mehta Kalyan Das Bedi,Guru Nanoker baba chhilen Rai Bullar.,"**Reasoning:**

The context mentions that Guru Nanak's parents were Mehta Kalyan Das Bedi and Tripta Devi. However, the model answer claims that Guru Nanak was called ""Rai Bullar"".

**Step 1:** Identify factual claims made by the Model Answer:
- Guru Nanak was called Rai Bullar.

**Step 2:** Check whether these claims are supported by the Context:
- The context does not mention any name like ""Rai Bullar"" associated with Guru Nanak.

**Final Verdict:**
The model answer contains a factual claim that is not supported by the given context. Therefore, it can be considered hallucinated relative to the code-mixed (Bangla-English) context and question.

**Last line:** yes",yes
bengali-2055139326411802416-1::specificity,bengali-2055139326411802416-1,specificity,"Prachir bestito ei nogorir vhetor royeche bibhinno amoler protnotattik nidorshon. Koyek shotabdi porjonto e sthan porakromshali Mourjo, Gupta, Pal o Sen shasokborger pradeshik rajdhani o porobortikale Hindu samonto rajader rajdhani chilo. Tritiyo Khristopurbabdo theke ponchodosh Khristabdo porjonto osongkho Hindu raja o onnanno dhormer rajara rajotto koren. Mahasthangarher obosthan Bogura jeler Shibganj upojelay.[3] Bogura shohor theke pray 13 ki.mi. uttore Korotoa nodir poshchim tire gele ei shohorer dhongshabosesh dekha jay.",Mahasthangarh Bangladesh-er kon jelay obosthito?,Bogura,Mahasthangarh mooloto Rajshahi jelay obosthito bole dhora hoy.,"**Analysis:**

1. **Claim:** Mahasthangarh is located in Rajshahi district.
   - **Support from Context:** The context mentions that Mahasthangarh is located in Bogura (not Rajshahi), so this claim is not supported.

2. **Claim:** Mahasthangarh is the original location of Rajshahi.
   - **Support from Context:** There's no mention of Mahasthangarh being the original location of Rajshahi, but it does state that it was once the capital of a Hindu kingdom. This claim is partially supported.

**Verdict:**
The model answer contains factual inaccuracies regarding the location of Mahasthangarh. Therefore, the final verdict is:

**No.**",no
bengali-4568438587242111098-0::comprehension,bengali-4568438587242111098-0,comprehension,"Murshidabad jela purbo Bharoter Poshchimbongo rajyer Malda bibhager ekta jela. Ei jelar moddho diye Bhagirathi nodi boye giye jelake duvag e vag koreche. Nodir poschimer angsho Rarh o purber angsho Baghira name porichito.[2] 5.314 borgo kilometer (2,062 borgo mile) ayotoner elaka ebong 71.02 lokkho jonoshonkha thakay eta ekta jonobohul jela. Murshidabad Bharoter nobomotomo (Bharoter 641ti jeler moddhe) jonobohul jela.[3] Ei jelar sadar doptor Baharampur shohore obosthito.",Murshidabad jeler sadar doptor kothay obosthito?,Bohorompur,Murshidabad jeler sadar doptor Jiaganj-e obosthito.,"**Analysis:**

The context states that Murshidabad district has its headquarters (sadar doptor) in Baharampur. The model answer claims that it is located in Jiaganj-e.

**Step 1:** Factual claim made by the Model Answer - Murshidabad jeler sadar doptor Jiaganj-e obosthito.

**Step 2:** Checking against Context - The context explicitly mentions Baharampur, not Jiaganj-e.

**Verdict:** The model answer is hallucinated as it contradicts the information provided in the context. Therefore, the final verdict is:

**No.**",no
bengali--1841901311634331881-1::comprehension,bengali--1841901311634331881-1,comprehension,"Prachir bestito ei nogorir vhetor royeche bibhinno amoler protnotattwik nidorshon. Koyek shotabdi porjonto e sthan porakromshali Mourjo, Gupta, Pal o Sen shasokborger pradeshik rajdhani o porobortikale Hindu samonto rajader rajdhani chilo. Tritiyo Khristopurbabdo theke ponchodosh Khristabdo porjonto osongkho Hindu raja o onnanno dhormer rajara rajotto koren. Mahasthangarher obosthan Bogura jeler Shibganj upojelay.[3] Bogura shohor theke pray 13 ki.mi. uttore Korotoa nodir poshchim tire gele ei shohorer dhongshabosesh dekha jay.",Mahasthangarh protnostholti itihasher kon shomoyer sakkho bohon kore?,Tritiyo Khristopurbabdo theke Ponchodosh Khristabdo,Mahasthangarh mainly Gupta-Pal juger itihasher sakkho bohon kore.,"**Analysis:**

The model answer claims that Mahasthangarh is mainly associated with the Gupta-Pal period in history. Let's check if this claim is supported by the context:

1. **Claim:** Mahasthangarh is mainly associated with the Gupta-Pal period.
2. **Context Check:**
   - The context mentions Mourjo, Gupta, Pal, and Sen as notable figures related to Mahasthangarh.
   - It also states that Hindu rulers ruled Mahasthangarh during the third century CE (Khristopurbabdo) until the thirteenth century CE (ponchodosh Khristabdo).
   - However, it does not explicitly state that Mahasthangarh is ""mainly"" associated with the Gupta-Pal period. It mentions several rulers and periods.

**Verdict:** The model answer makes a definitive claim about Mahasthangarh being mainly associated with the Gupta-Pal period, which is not explicitly supported by the context provided. Therefore, it could be considered a hallucination in this context.

**Final Answer:** No",no
bengali--4507581995498809995-1::specificity,bengali--4507581995498809995-1,specificity,Aceher shashok 15sh shotabdir moddhovage Islam grohon koren.[1] Ali Mugayat Shah Aceh Saltanat protistha korechilen. Tini 1520 Khrishtabde uttar Sumatray tar niyontron protisthar jonno ovijan shuru koren.[2] Sultan Iskandar Muda tar ovijaner maddhome Aceher simana briddhi koren. 1612 Khrishtabde Deli porajito hoy ebong Aceher ontorgoto hoy. 1861 Khrishtabde Dutchder hostokkheper porer bochor Dutch East India Companyr sathe shondhi hoy ja Aceh o Siaker kach theke Delir shadhinota shikar korte shahajjo kore. Eti bortomane Indonesiar ongsho. Medaner itihashe Saltanat protik hisebe tike ase.,Acheh Saltanater protishthata ke chilen?,Ali Mugayat Shah,Acheh Saltanater protishthata chilen Sultan Iskandar Muda.,"**Analysis:**

The model answer states that ""Acheh Saltanater protishthata chilen Sultan Iskandar Muda."" This claim suggests that Sultan Iskandar Muda established the Aceh Sultanate.

**Step 1:** Identify factual claims:
- The Aceh Sultanate was established by Sultan Iskandar Muda.

**Step 2:** Check if these claims are supported by the context:

The context mentions that ""Aceher shashok 15sh shotabdir moddhovage Islam grohon koren"" and later states that ""Sultan Iskandar Muda tar ovijaner maddhome Aceher simana briddhi koren."" These sentences indicate that Sultan Iskandar Muda indeed played a significant role in the expansion of the Aceh Sultanate.

**Step 3:** Verdict:
The model answer accurately reflects the information provided in the context about who established the Aceh Sultanate. Therefore, it is not hallucinated relative to the given context and question.

**Final Answer:** No",no
bengali--434066273397467626-0::specificity,bengali--434066273397467626-0,specificity,"Ekon ba Aliaune Damala Badara Thiam[1] (English: Akon ba Aliaune Damala Badara Thiam uccharon: /ˈeɪkɒn/),[2] ekjon Senegalese-American rhythm and blues gayok-gitikaar, record projojok, byaboshayi ebong manobpremik. Tini 2004 sale, tar prothom album Trouble theke prothom ekok gaan ""Locked Up"" er mukti-r maddhome sobar drishti akorshon koren. Tar ditiyo Konvicted album-er ekta ""Smack That"" gaan-er jonno tini Grammy Puraskar mononoyon pan. Konvict Music ebong Kon Live Distribution name tini duto record label sthapon korechen. Ekon onek shomoy onno shilpider jonno hooks ba otithi shilpi hisebe gey thaken",Ekon ba Aliyaune Badara Akon Thiam er sorboprothom ekok albumtir nam ki?,trouble,tar sorboprothom ekok album chhilo **Konvicted bole dhora hoy**.,"**Analysis:**

Step 1:
The model answer claims that Akon's first album was named ""Konvicted"".

Step 2:
The context mentions two albums by Akon - 'Trouble' (his debut album released in 2004) and 'Konvicted'. However, it does not explicitly state which one is his first.

Step 3:
Since the context does not confirm that ""Konvicted"" was Akon's first album, we cannot definitively say that the model answer is accurate based on the given information.

**Final Verdict:** No",no
bengali-8590513450214560857-2::inference,bengali-8590513450214560857-2,inference,"Pragoitihashik juge gononar jontra udbhabito bibhinno prochestake computer itihash hisebe dhora hoy. Prachin kale manush ekshomoy shongkha bujhanor jonno jhinuk, nuri, dorir git ittyadi byabohar korto. Porobortite gononar kaje bibhinno koushol o jontra byabohar kore thakleo Abacus namok ekta prachin gonona jontrakei computer-er itihashe prothom jontra hisebe dhora hoy. Eti abishkrit hoy Khristopurbo 2400 sale Babylon-e. Abacus frame-e sajano gutir sthan poriborton kore gonona korar jontra. Khristopurbo 450/500 obde Mishore ba Chine gonona jontra hisebe Abacus toiri hoy.",Computer kobe prothom toiri kora hoy?,Khristopurbo 2400 sale,Computer prothom toiri hoy Khristopurbo 450 sale Chine.,"**Step 1:** The Model Answer makes two factual claims:
   - ""Computer prothom toiri hoy Khristopurbo 450 sale Chine."" (The computer was first invented in China around 450 AD.)

**Step 2:**
   - The Context mentions that Abacus, a precursor to the modern computer, was first invented in Babylon around 2400 BC.
   - It also states that Abacus was later improved upon by the Chinese and possibly the Muslims around 450/500 AD.

**Step 3:** Based on steps 1-2, the Model Answer is not supported by the Context. The Context does not claim that the computer (as we understand it today) was first invented in China around 450 AD. Instead, it mentions Abacus, which predates the modern computer.

**Final Verdict:** No",no
bengali-6547346897513027507-2::specificity,bengali-6547346897513027507-2,specificity,"Michael Madhusudan Bangla vashay sonnet o omitrokkhor chhonder probortok. Tar sorbosreshtho kirti omitrokkhor chhonde Ramayoner upakhyan obolombone rochito Meghnadbodh Kabya namok mohakabya. Tar onnyanno ullekhjoggo gronthaboli holo The Captive Lady, Shormishtha, Krishnakumari (natok), Podmaboti (natok), Buro Shaliker Ghare Ron, Ekei Ki Bole Shobhyota, Tilottamasombhob Kabya, Birangona Kabya, Brojangona Kabya, Choturdoshpodi Kobitaboli, Hector Badh [2] ityadi. Michaeler bektigoto jibon chhilo natokiyo ebong bedonaghon. Matro 49 bochor boyoshe Kolkatay mrityu",Michael Madhusudan Dutta koto bochor boyose mara jan?,49,tini proy 47 bochor boyose mara jan.,"**Analysis:**

Step 1: The Model Answer claims that Michael Madhusudan Dutta died at the age of 47.

Step 2:
- The context mentions that Michael Madhusudan Dutta died in Kolkata at the age of 49.
- There is no mention of him dying at any other age in the provided context.

Step 3: Since the Model Answer's claim (death at age 47) contradicts the information given in the context (death at age 49), it can be considered a hallucination relative to the given context and question.

**Final Verdict:** No",no
bengali-7746019275069598974-1::factualness,bengali-7746019275069598974-1,factualness,"Mahabisforon shobdoti sthul orthe prachintom ekta bindur oti shoktishali bisforonke bojhay jar maddhome mohabishwer srishti hoyechilo, abar onno dike ei bisforonke kendro kore mohabishwer utpotti o gothon niye bishwototte je motobader srishti hoyeche takeo bojhay. Er maddhomei mohabishwer prachintom bostusomuher gothon somporke byakkha pawa jay, jar jonno Mahabisforon motobader pori Alpher-Bethe-Gamow tottwo pronito hoyeche. Mahabisforoner ekta ullekhjoggo folafol holo, bortomane mohabishwer obostha otit ebong vobisshoter obostha theke shompurno prithok. Ei tott",Mohabissho somprosaron tottoti prothom kobe prokashito hoy?,1960-er doshoke,1950-er doshoke prothom prokashito hoy.,"**Analysis:**

The context discusses the Big Bang theory and its first proponent, but it does not explicitly mention when it was first published. The model answer claims that it was first published in 1950.

**Step 1:** Factual claim made by Model Answer - ""1950-er doshoke prothom prokashito hoy"" (It was first published in 1950).

**Step 2:** Checking with Context - The context does not provide a specific date for the publication of the Big Bang theory.

**Final Verdict:**

Since the context does not explicitly mention that the Big Bang theory was first published in 1950, the model answer is **hallucinated**.

Last line: no",no
bengali--6195324398856256377-1::factualness,bengali--6195324398856256377-1,factualness,"Porinoto obosthay, manobdeher kosher shonkha thake gore pray 37.2 trillion. Ei shonkhatike manobdeher onnotomo upatto hisebe ullekh kora hoy ebong poroborti dhaper onnanno hisheb-nikesher suchona hisebe byabohar kora hoy. Deher shokol onger ebong shokol prokarer kosher shonkha jog kore ei shonkhatI nirdharon kora hoise.[2] Manob besh kichu nirdishto rashayonik podarther somonnoye gothito jader moddhe onnotomo holo carbon, calcium ebong phosphorus.",Manob dehe kosher shonkha koto?,pray 37.2 trillion,pray 39.5 trillion er moto,"**Analysis:**

The context discusses a certain amount of money (37.2 trillion) and mentions that this amount is related to mental health expenses. It also mentions that these expenses include various costs like medication, treatment, etc., but it does not provide any specific numbers for these costs.

The model answer claims: ""pray 39.5 trillion er moto"" which translates to ""around 39.5 trillion"".

**Step 1:** The factual claim made by the Model Answer is that the mental health expenses are around 39.5 trillion.

**Step 2:** The context does not provide any specific numbers for mental health expenses other than the initial amount of 37.2 trillion, which is not close to 39.5 trillion. There's no information given in the context to support a claim that the expenses could be around 39.5 trillion.

**Step 3:** Since there's no supporting evidence in the context for the model answer's claim, we conclude that it is hallucinated.

**Final Verdict:** No",no
bengali--8593436479613553727-5::specificity,bengali--8593436479613553727-5,specificity,"Muktijuddho shuru hole Osmani simanto par hoye Bharote probesh koren. 11 April (1971) prodhanmontri Tajuddin Ahmad Swadhin Bangla Betar Kendre bhashon den. Oi bhashone tini Bangladesh Senabahini-r obokathamo gothoner kotha ullekh kore MAG Osmani-ke Muktibahini-r prodhan senapati hisebe ghoshona den.[5][6] Ullekhyo je 10 April swadhinotar ghoshonapotro jari o sarkar gothon kora hoy ebong porobortikale 17 April Mujibnagore Gonoprojatontri Bangladesh Sarkar shopoth grohon kore.[3] 1971 saler 17 April gothito hoy Mujibnagar Sarkar, Osmani-ke kora hoy Muktibahini-r prodhan senapati.",Muhammad Ataul Gani Osmani kon shale Bangladesh-er senabahinir prodhan senapatir pode niyukto hon?,1971,Muhammad Ataul Gani Osmani mone hoy 1972 shale Bangladesh-er senabahinir prodhan senapati hisebe niyukto hon.,"**Analysis:**

1. **Claim:** Muhammad Ataul Gani Osmani was appointed as Bangladesh's army chief in 1972.
   - **Support from Context:** The context mentions that Osmani became the commander of Muktibahini (the freedom fighters' force) in April 1971, but it does not explicitly state when he became the chief of Bangladesh's army.

2. **Claim:** Osmani was appointed as the chief of Bangladesh's army.
   - **Support from Context:** The context supports this claim as it mentions that Osmani was made the commander of Muktibahini and later became the chief of Bangladesh's army (though the exact year is not specified).

**Verdict:**
The model answer contains a factual error regarding the year of Osmani's appointment as the chief of Bangladesh's army. The context supports his appointment but does not specify the year 1972.

Final answer: **no**.",no
bengali--8541412527792253343-2::factualness,bengali--8541412527792253343-2,factualness,1971 sale Oli Ahmad kormorot chilen Pakistan Senabahinir oshtom East Bengal Regiment-e. Er obosthan chilo Chattogramer Sholoshahore. 25 March moddhorate jhapiye poren Muktijuddhe. Protirodhjuddho sheshe Bharote punoray songothito howar por niyomito Muktibahinir Z Force-er odhine juddho koren. Swadhinotar por tini Bangladesh Senabahinite Colonel pode unnito hoye obosor nen. Pore rajnitite jog den. Bortomane tini Bangladesher rajnaitik dol Liberal Democratic Party (Bangladesh) er President.,Oli Ahad kon rajnoitik doler sathe jukto chilen?,Liberal Democratic Party,Oli Ahad muloto Jatiya Samajtantrik Dal-er sathe jukto chilen.,"**Reasoning:**

The context mentions that Oli Ahmad became a Colonel in Bangladesh Army after independence and later served as the President of Liberal Democratic Party (Bangladesh). However, it does not mention any association with Jatiya Samajtantrik Dal.

**Verdict:** No.",no
bengali--4320526522663858783-1::factualness,bengali--4320526522663858783-1,factualness,"Motorola company-te kormoroto Dr. Martin Cooper[1] ebong John Francis Mitchell-ke[2][3][4] prothom mobile phone-er udbhaboker morjada deya hoye thake. Tara 1973 saler April-e prothom shofolvabe ekta pray 1 keji (2.2 pound) ojoner hate dhora phone-er maddhome call korte sokkhom hon[5]. Mobile phone-er prothom banijjik shongskoron bajare ase 1983 sale, phone-tir nam chilo Motorola DynaTAC 8000x. 1990 sal theke 2011 saler moddhe prithibibyapi mobile phone byaboharkarir shonkha 12.4 million theke briddhi peye 6 billion-er beshi hoye geche. Prithibir mot jonoshonkhar pray 87% mobile phone",Bishwer prothom mobile network songsthar nam ki?,Motorola,Nokia Corporation,"**Analysis:**

The context provided discusses the invention of the first mobile phone by Motorola in 1973 and its subsequent growth in usage worldwide. It mentions that the first commercial mobile network started in 1983, but it does not provide any information about who provided this service.

The Model Answer claims that Nokia Corporation was the first to provide a mobile network service. However, there is no mention of Nokia or any other company providing the first mobile network service in the given context.

**Verdict:** The model answer is hallucinated relative to the code-mixed (Bangla-English) context and question because it makes an unsupported claim about Nokia Corporation being the first to provide a mobile network service. There's no evidence in the provided context to support this claim.

Final answer: **No**.",no
bengali-6547346897513027507-2::factualness,bengali-6547346897513027507-2,factualness,"Michael Madhusudan Bangla vashay sonnet o omitrokkhor chhonder probortok. Tar sorbosreshtho kirti omitrokkhor chhonde Ramayoner upakhyan obolombone rochito Meghnadbodh Kabya namok mohakabya. Tar onnyanno ullekhjoggo gronthaboli holo The Captive Lady, Shormishtha, Krishnakumari (natok), Podmaboti (natok), Buro Shaliker Ghare Ron, Ekei Ki Bole Shobhyota, Tilottamasombhob Kabya, Birangona Kabya, Brojangona Kabya, Choturdoshpodi Kobitaboli, Hector Badh [2] ityadi. Michaeler bektigoto jibon chhilo natokiyo ebong bedonaghon. Matro 49 bochor boyoshe Kolkatay mrityu",Michael Madhusudan Dutta koto bochor boyose mara jan?,49,Michael Madhusudan Dutta 47 bochor boyose mara jan.,"**Analysis:**

Step 1: The Model Answer claims that Michael Madhusudan Dutta died at the age of 47 years old.

Step 2:
- The context mentions that Michael Madhusudan Dutta died in Kolkata at the age of 49.
- There is no mention of him dying at any other age in the provided context.

Step 3: Since the Model Answer contradicts the information given in the context, it is a hallucination.

**Final Verdict:** No.",no
bengali--3561920547618114254-11::inference,bengali--3561920547618114254-11,inference,Abu Bakar 573 saler dike Makkar Quraysh bongser Banu Taim gotre jonmogrohon korechen.[6] tar babar nam Abu Quhafa o mayer nam Salma binte Sakhar.,Islamer prothom khalifa Abu Bakr kobe jonmogrohon koren?,573 sale,Abu Bakr prothom khalifa hishabe 632 sale jonmogrohon koren.,"**Reasoning:**

1. **Claim:** ""Abu Bakr prothom khalifa"" (Abu Bakr was the first caliph)
   - **Support in Context:** The context mentions ""Islamer prothom khalifa Abu Bakar"" which supports this claim.

2. **Claim:** ""hishabe 632 sale jonmogrohon koren"" (became a caliph in the year 632)
   - **Support in Context:** There's no explicit mention of the year 632 in the context, but it does say ""573 saler dike Makkar Quraysh bongser Banu Taim gotre jonmogrohon korechen"" which implies Abu Bakar became a caliph after this event. However, there's no specific mention of the year 632.

**Verdict:** While the first claim is well-supported by the context, the second claim is not explicitly supported and seems to be a hallucination based on general knowledge about Islamic history rather than the given context.

**Final Answer:** No",no
bengali--8298663979066050758-14::specificity,bengali--8298663979066050758-14,specificity,"Pakistaner sorkari vasha English ebong jatiyo vasha Urdu. Echarao deshtite Punjabi, Sindhi, Saraiki, Pashtu, Balochi, Brahui ityadi vasha procholito. Onek vashai Indo-European vashaporibarer bibhinno shakhar ontorgoto. Urdu, Punjabi o Sindhi - Arya vashasomuho, Pashtu o Balochi Iraniyo vashasomuho, Brahui Drabir vashasomuher ontorgoto. Echara uttar o uttar-poschime bibhinno Dardiyo vasha jemon Khowar o Shina procholito.",Pakistaner sorkari vasha ki?,Ingreji,Pakistaner sorkari vasha muloto Urdu aar Punjabi.,"**Analysis:**

Step 1: The Model Answer claims that ""Pakistani official language is primarily Urdu and Punjabi.""

Step 2:
- The context mentions that Pakistan has two official languages: English and Urdu.
- It also states that Punjabi is widely spoken in the country but does not explicitly mention it as an official language.

Step 3: Since the context supports Urdu as an official language but does not explicitly confirm Punjabi, we cannot definitively say that Punjabi is an official language. Therefore, the claim made by the Model Answer is not fully supported by the given context.

**Final Verdict:** No",no
bengali-2643178588324610837-6::specificity,bengali-2643178588324610837-6,specificity,"1971 saler 15 December shohid Captain Mohiuddin Jahangir-er mritodeho oitihashik Sona Mosjid prangone ana hoy. Osongkho shadhinota premik jonogon, bhokto muktijoddha, ogonito ma-boner noyon joler ashirbade sikto kore take ekhane somahito kora hoy.[6]",Bangladesher shohid muktijoddha Mohiuddin Jahangir kobe shohid hon?,1971 saler 15 December,Mohiuddin Jahangir naki 1971 saler 16 December shohid hon.,"**Analysis:**

The model answer states that ""Mohiuddin Jahangir became a martyr (shohid) in 1971.""

Step 1: Identify factual claims:
- Mohiuddin Jahangir became a shohid.
- The event occurred in 1971.

Step 2: Check if these claims are supported by the context:
- The context mentions that Captain Mohiuddin Jahangir died (mritodeho) on December 15, 1971. However, it does not explicitly state that he became a martyr.
- The context also mentions that he was a muktijoddha (liberation fighter), which implies that his death could have been in the line of duty.

Step 3: Verdict based on steps 1-2:
While the context supports that Mohiuddin Jahangir died in 1971, it does not explicitly state that he became a martyr. Therefore, the model answer is making an unsupported claim.

**Final verdict:** No",no
bengali--6957012919633589914-6::inference,bengali--6957012919633589914-6,inference,"Sheikh Mujibur Rahman March 23 tarikh e tar bashobhobone, shadhinota ghoshonar prakkale potaka uttolon korechilen. Porobortite 1972 shale Sheikh Mujibur Rahman er shorkar Shibnarayan Das er designkrito potakar majhe manchitroti bad diye potakar map, rong o tar byakkha sombolito ekta protibedon dite bole Potua Kamrul Hasan ke. Kamrul Hasan dvara porimarjito ruptai bortomane Bangladesh er jatio potaka.[9][10]",Bangladesher jatio potakar nokshakar ke?,Kamrul Hasan,Bangladesher jatio potakar nokshakar chhilen Shibnarayan Das.,"**Analysis:**

The context discusses Sheikh Mujibur Rahman's March 23 speech and its aftermath. It mentions that after Bangladesh's independence in 1972, Sheikh Mujibur Rahman's government led by Shibnarayan Das designed a national flag. However, it does not explicitly state who designed the flag.

The Model Answer claims: ""Bangladesher jatio potakar nokshakar chhilen Shibnarayan Das."" This translates to ""Shibnarayan Das designed Bangladesh's national flag.""

**Step 1:** The factual claim made by the Model Answer is that Shibnarayan Das designed Bangladesh's national flag.

**Step 2:** The context does not explicitly confirm this claim. While it mentions Shibnarayan Das was involved in designing something related to the flag (possibly the map or symbol), it does not specify that he designed the flag itself.

**Final Verdict:**

The Model Answer is **no**, as there's no explicit confirmation in the given context that Shibnarayan Das designed Bangladesh's national flag.",no
bengali--8764190989186063087-2::specificity,bengali--8764190989186063087-2,specificity,"Prachin prithibir (prodhanoto Europe, tobe nikot prachyo o uttar Africao er ontorbhukto) itihashke koyekti vag e vag kora hoy. 467 Khristabdo porjonto prachin jug; ponchom theke ponchodosh shotabdi porjonto modhyo jug ba dhrupodi-uttor jug,[15][16] jar moddhe royeche Islami swarnajug (750-1258 Khristabdo) o Europio Renaissance (13sh shotok theke shuru).[17][18] Adhunik juger suchonakal[19] dhora hoy 15sh shotok theke 18sh shotoker shesh porjonto jar moddhe royeche Europ er alokito jug. Shilpo biplob hote bortoman shomoy porjonto adhunik jug bole bibech",Islami swarnajug bole kon shomoyke bojhano hoy?,750- 1258 khristabdo,Islami swarnajug bole motamoti 13sh theke 16sh shotok-ke bojhano hoy.,"**Analysis:**

The model answer states that ""Islami swarnajug"" (the Islamic Golden Age) lasted from the 7th to the 16th century AD. Let's check each claim:

1. **Claim:** Islami swarnajug started in the 7th century.
   - **Context Support:** The context mentions that it started around 750 AD, which aligns with this claim.

2. **Claim:** Islami swarnajug ended in the 16th century.
   - **Context Support:** The context does not explicitly state when it ended but implies that it was before the ""Europio Renaissance"" which started around the 14th century (13sh shotok). Therefore, this claim is plausible.

**Verdict:**
The model answer is not hallucinated relative to the given context and question. It accurately reflects the information provided in the context about the Islamic Golden Age's timeline.

**Final Answer:** No",no
bengali--3636759562453927542-3::factualness,bengali--3636759562453927542-3,factualness,"1985 sale Markin Juktorashtrer telecom niyontronk Federal Communication Commission (FCC) kortik bename bornomalar koyekti band kholar jonno onumoti deya hoy, ja Wi-Fi name porichito. Jekhane sorkari license er proyojon charai byabohar korte onumoti deya hoyechilo. Oi somoy ei podokkhep somporke khub kom lok e janto; echara ham-radio channel ti chilo licensehin ekta bornali. Kintu FCC-r kormochari, Michael Marcus chilo shopnodorshi prokousholi jini shilpo, baigganik o chikitsa band theke tin vag er ek vag spectrum grohon koren ebong jogajog uddokted er kache taderke byaboharer jonno unmukto kore diyechilen.",Wi-Fi shobdotir byabohar prothom kobe theke shuru hoy?,1985 shale,1991 shale prothom Wi-Fi shobdoti byabohar shuru hoy.,"**Reasoning:**

The context discusses the history of Wi-Fi and its licensing process in the United States. It mentions that FCC chairman Michael Marcus opened up a portion of the radio spectrum for unlicensed use in 1985, which eventually led to the development of Wi-Fi.

The Model Answer claims that ""1991 shale prothom Wi-Fi shobdoti byabohar shuru hoy"" (In 1991, Wi-Fi's first commercial service started).

**Step 1:** The factual claim made is that Wi-Fi's first commercial service started in 1991.

**Step 2:** The context does not explicitly mention the start of Wi-Fi's commercial services. It only discusses the opening up of radio spectrum for unlicensed use in 1985, which predates the claimed start of commercial services in 1991.

**Final Verdict:**

The Model Answer is making a claim that is not explicitly supported by the given context. Therefore, it can be considered **hallucinated**.

Last line: yes",yes
bengali-4019860765926428748-2::specificity,bengali-4019860765926428748-2,specificity,"Jafar Iqbaler jonmo, 1952 saler 23 December tarikh e Sylhet e. Tar pita muktijoddha shahid Fayzur Rahman Ahmad ebong ma Ayesha Akhtar Khatun. Baba Fayzur Rahman Ahmad er polisher chakrir subade tar chotobela keteche Bangladesh er bibhinno jaygay. Muhammad Jafar Iqbaler nam age chilo Babul. Pita lekhalekhir chorcha korten ebong poribarer ei sahityomonosk poribesh e Jafar Iqbal khub olpo boyosh thekei likhte shuru koren. Etakei tini tar sohoj vashay likhte parar guner karon bole mone koren. Tini tar prothom biggan kolpokahini lekhen sat bochor boyoshe. 1971 saler 5 May Pakistani Army ek nodir dhare tar deshpremik",Bangladeshi lekhok Muhammad Zafar Iqbal-er pitar nam ki?,Foyjur Rahman Ahmad,Muhammad Zafar Iqbal-er pitar nam chhilo **Fayzur Rahman Chowdhury**.,"**Analysis:**

1. **Claim:** Muhammad Zafar Iqbal's father's name was Fayzur Rahman Chowdhury.
   - **Support in Context:** The context mentions that Jafar Iqbal's (Zafar Iqbal) father's name was Fayzur Rahman Ahmad, not Chowdhury.
   - **Verdict on Claim:** Not supported by the context.

**Final Verdict:**
The model answer is hallucinated relative to the given code-mixed Bangla-English context and question. The name provided for Muhammad Zafar Iqbal's father does not match the information in the context.

**Last line:** No",no
bengali--5685147746587075738-1::specificity,bengali--5685147746587075738-1,specificity,Computer (computer) shobdoti Greek compute shobdo theke esheche. compute shobder ortho hisab ba gonona kora. Ar computer (computer) shobder ortho gononakari jontra. Kintu ekhon ar computer-ke shudhu gononakari jontra bola jay na. Computer emon ekta jontra ja totho grohon kore ebong bibhinno prokriyar maddhome ta bishleshon o uposthapon kore. Shobbotar bikash ebong bortomane tar druto ogrogotir mule royeche gonit o computer-er probol probhab. Bangladesh-e prothom computer ase 1964 sale.,Bangladeshe prothom kon sale computer byaboharer procholon shuru hoy?,1964,Bangladeshe prothom computer byaboharer procholon shuru hoy 1962 shale.,"**Reasoning:**

1. **Claim:** The first computer in Bangladesh was introduced in 1962.
   - **Support from Context:** The context states that the first computer in Bangladesh was introduced in 1964.

2. **Claim:** The introduction of computers marked the beginning of computer operations in Bangladesh.
   - **Support from Context:** The context does not explicitly state this, but it implies that the arrival of computers started their use and operations in Bangladesh.

**Verdict:**
The model answer claims an earlier year (1962) for the introduction of the first computer in Bangladesh than what is stated in the context (1964). Therefore, the model answer is **hallucinated**.

Final line: yes",yes
bengali-7746019275069598974-1::comprehension,bengali-7746019275069598974-1,comprehension,"Mahabisforon shobdoti sthul orthe prachintom ekta bindur oti shoktishali bisforonke bojhay jar maddhome mohabishwer srishti hoyechilo, abar onno dike ei bisforonke kendro kore mohabishwer utpotti o gothon niye bishwototte je motobader srishti hoyeche takeo bojhay. Er maddhomei mohabishwer prachintom bostusomuher gothon somporke byakkha pawa jay, jar jonno Mahabisforon motobader pori Alpher-Bethe-Gamow tottwo pronito hoyeche. Mahabisforoner ekta ullekhjoggo folafol holo, bortomane mohabishwer obostha otit ebong vobisshoter obostha theke shompurno prithok. Ei tott",Mohabissho somprosaron tottoti prothom kobe prokashito hoy?,1960-er doshoke,1929 shale prothom prokashito hoy.,"**Reasoning:**

The context discusses the Big Bang theory and its origin. It mentions that Mahabisforon (a term used for the Big Bang) was first proposed by Alpher-Bethe-Gamow trio. However, it does not explicitly state when this proposal was first published.

The Model Answer claims that ""1929 shale prothom prokashito hoy"" which translates to ""It was first published in 1929"". This claim is not directly supported by the context provided as it only mentions the trio proposing the theory but does not specify when it was first published.

**Final Verdict:** No.",no
bengali--6915649842485863659-1::comprehension,bengali--6915649842485863659-1,comprehension,"1937 sale Howrah jela ekta swatantra jela hisebe atmaprokash kore. 1963 sale ei jelati Presidency bibhager ontorbhukto hoy. Howrah jela brihot o majhari shilper jonno bikhyato. Jelar Hooghly nodir tirborti shohorguli karpas boyon, pat, dhatushilpo, kagoj probriti shilpe bishesh somriddho. Howrah poursangstha Poshchimbonger choyti poursangsthar onnotomo. Oitihashik udbhid udyan Acharya Jagadishchandra Bose Botanical Garden o Ramakrishna Mission-er prodhan karyaloy Belur Math ei jelar prodhan porjoton kendra.",Koto sale Howrah jela ekta swatantra jela hisebe atmaprokash kore?,1937,1963 shale Howrah jela swatantra hoye atmaprokash kore.,"**Reasoning:**

The context states that ""Howrah jela ekta swatantra jela hisebe atmaprokash kore"" (Howrah Bridge was built as a free bridge) in 1937. The model answer claims that Howrah Bridge became independent (swatantra hoye) in 1963.

**Step 1:** Identify factual claim - ""Howrah Bridge became independent in 1963.""

**Step 2:** Check support from context - The context clearly states the bridge was built as a free bridge in 1937, not that it became independent in 1963.

**Verdict:** The model answer's claim is not supported by the given context. Therefore, it is a hallucination.

**Final Answer:** No",no
bengali-5240065211819146199-2::inference,bengali-5240065211819146199-2,inference,"Banglay Musolman adhipottyo protishthito hobar age Brahmanyo Hindusamajer pironer ashonkay Banglar Bouddhogan tader dhormiyo punthipotro niye shishyoderke songi kore Nepal, Bhutan o Tibet-e palayon korechhilen—ei dharonar boshoborti hoye Haraprasad Shastri charbar Nepal porivromon koren. 1897 sale Bouddho lokachar songkranto tothyo songroher jonno tini prothombar Nepal vromon koren. 1898 saler tar ditiyobar Nepal vromoner shomoy tini kichu Bouddho dhormiyo punthipotro songroho koren. 1907 Khristabde tritiyobar Nepal vromonkale Charyacharyabinischoy namok ekti punthi Nepal rajdorbarer abhilipish",Charyapoder mot shongkha koto?,51,Charyapoder mot shongkha 50 ta chhilo.,"**Reasoning:**

The context discusses Haraprasad Shastri's travels and his interactions with Buddhist communities in Nepal. It mentions that he visited Nepal multiple times between 1897 and 1907 but does not provide specific details about the number of trips each year.

The model answer claims that ""Charyapoder mot shongkha 50 ta chhilo,"" which translates to ""There were a total of 50 trips by Charyapoda."" However, there is no mention of any place or person named ""Charyapoda"" in the given context. The closest reference is to ""Charyacharyabinischoy namok ekti punthi Nepal rajdorbarer abhilipish,"" which suggests a single visit related to a specific purpose.

**Verdict:** No, the model answer is not supported by the context and appears to be hallucinated as it introduces unsupported facts about ""Charyapoda"" and the number of trips.",no
bengali-6246323317955015554-0::inference,bengali-6246323317955015554-0,inference,Bethune College Banglar itihashe prothom mohila college ja 1849 khristabde John Elliot Drinkwater Bethune-er prochestay Kolkatay protishthito hoy.,Bharotborsher prothom mohila college konti?,Bethune College,Bharotborsher prothom mohila college holo Kolkata University.,"**Reasoning:**

The context states that Bethune College was the first women's college in Bengal, established in 1849 by John Elliot Drinkwater Bethune in Kolkata. The model answer claims that Bharotborsher (India's) first women's college is Kolkata University.

Step 1: Identify factual claims:
- Claim 1: Bharotborsher prothom mohila college holo Kolkata University.
- Claim 2: Implicit claim that Kolkata University was established before any other women's college in India.

Step 2: Check if claims are supported by the context:
- The context mentions Bethune College as the first women's college, not Kolkata University.
- There is no mention of Kolkata University being established before any other women's college in India.

Step 3: Final verdict based on steps 1-2:
Both claims made by the model answer contradict the information provided in the context. Therefore, the model answer is hallucinated relative to the given context and question.

**Final Answer:** No",no
bengali-6547346897513027507-2::inference,bengali-6547346897513027507-2,inference,"Michael Madhusudan Bangla vashay sonnet o omitrokkhor chhonder probortok. Tar sorbosreshtho kirti omitrokkhor chhonde Ramayoner upakhyan obolombone rochito Meghnadbodh Kabya namok mohakabya. Tar onnyanno ullekhjoggo gronthaboli holo The Captive Lady, Shormishtha, Krishnakumari (natok), Podmaboti (natok), Buro Shaliker Ghare Ron, Ekei Ki Bole Shobhyota, Tilottamasombhob Kabya, Birangona Kabya, Brojangona Kabya, Choturdoshpodi Kobitaboli, Hector Badh [2] ityadi. Michaeler bektigoto jibon chhilo natokiyo ebong bedonaghon. Matro 49 bochor boyoshe Kolkatay mrityu",Michael Madhusudan Dutta koto bochor boyose mara jan?,49,Michael Madhusudan Dutta prai 50 bochor boyose mara jan.,"**Reasoning:**

1. **Claim:** Michael Madhusudan Dutta died at the age of 50.
   - **Support in Context:** The context mentions that he died at the age of 49.
2. **Claim:** He died when he was 50 years old.
   - **Support in Context:** Not supported by the context.

**Verdict:**
The model answer claims that Michael Madhusudan Dutta died at the age of 50, which is not supported by the given context stating he died at 49. Therefore, the answer is hallucinated relative to the provided context and question.

**Final Answer:** No",no
bengali-9022969225808669971-3::inference,bengali-9022969225808669971-3,inference,"Ramayan onusare, Sita Bhudevi Prithibir konya o Rajarshi Janoker palita konya. Ramchandra choddho bochorer jonno bonobashe gele Sita tar songi hon. Pore Raban Sitake horon kore Lankay niye gele Ram o Rabaner moddhe songhater sutropat hoy. Kishkindhyar banorder sohayotay Ram Raban ke porajito o nihoto kore Sitake uddhar koren. Raja howar por lokonindar bhoye tini Sitake porityag koren. Maharshi Balmikir tapobone Sita Lob o Kush name dui jomoj putrosontaner jonmo den. Pore Ram Sitake ditiyobar agniporikkha dite bolle mormahoto Sita Jononi Prithibir kole ashroy prarthona koren. Bhugorbho theke utthita hoy",Hindu puran mote Sitar mayer nam ki?,Bhudebi Prithibi,Sitar mayer nam chhilo Maharshi Balmiki.,"**Analysis:**

The context provided is a summary of events from the Ramayana in Bangla-English code-mixing. The model answer claims that ""Sitar mayer nam chhilo Maharshi Balmiki.""

1. **Claim:** Sitar mayer nam chhilo Maharshi Balmiki.
2. **Verification:**
   - The context mentions that after being rescued from Lanka, Ram and Sita had a son named Luv and Kush, who were born to Sita in her exile due to the curse of Valmiki.
   - However, it does not explicitly state that ""Sitar mayer nam chhilo Maharshi Balmiki"" (i.e., Sita's name was given by Maharshi Balmiki).

**Verdict:** The model answer is **no**, as it contains a factual claim not supported by the provided context.",no
bengali--1428221452835638348-15::comprehension,bengali--1428221452835638348-15,comprehension,"Myanmar-er mot ayoton 676,552 borgokilometer. Uttar-dokkhin e er doirgho pray 2,085 kilometer. Purbo-poshchime er sorbocho bistar pray 930 kilometer. Upokuliyo elakati nimno Myanmar ebong obhontorin angshoti urdho Myanmar name porichito. Oshwokhurakriti porbotbyabostha o Iraboti nodir upotyaka deshtir bhu-songsthaner prodhan boishishto. Uttorer porbotgulir sorbocho shringo Hkakabo Razi-r uchchota 5,881 meter. Eti dokkhin-purbo Asia-r sorbocho shringo. Aro duiti porbotbyabostha uttar theke dokkhine bistrito. Arakan Yoma porbotmalati Myanmar o Bharotiyo upomohodesher moddhe ekti",Myanmar-er bortoman (2019) ayoton koto?,"676,552 borgokilometer","Myanmar-er bortoman (2019) ayoton pray 2,085 kilometer.","**Reasoning:**

The context provides information about Myanmar's total area and its dimensions in different directions. However, it does not explicitly state the total length of Myanmar from north to south (bortoman) for the year 2019.

- The context mentions ""Uttar-dokkhin e er doirgho pray 2,085 kilometer"" which translates to ""The length from north to south is 2,085 kilometers"". This matches the claim made by the model answer.
- There's no mention of a change in this dimension for the year 2019 in the context.

**Verdict:** The model answer does not hallucinate information but rather repeats factual data provided in the context. Therefore, the final verdict is:

No",no
bengali--7705960264831493277-16::specificity,bengali--7705960264831493277-16,specificity,Loukik Hindudharmo – bibhinno sthaniyo oitijjho o loukik debdebir puja ke kendro kore ancholik ba somprodai storer dhormobishwas ja pragoitihashik kal ba ontotpokke Bed rochito hobar age theke procholito. Boidik Hindudharmo – ei bishwashti ek shrenir Brahmon (bisheshto shrutibadi) somaje ajo procholito. Boidantik Hindudharmo – Upanishoder shikkha obolombone procharito. Udahoron – Odboit (Smartobad) Jougik Hindudharmo – Patanjali rochito Jogsutro obolombone procharito. Dharmik Hindudharmo ba prattyohik noitikota – kormo o Hindu bibaho songskar ittyadi shamajik niyom ke kendro,Hindudharmer prachintom shakha konti?,Loukik Hindudharm,Boidik Hindudharmoi prachintom shakha bole dhora hoy prai shobcheye beshi.,"**Analysis:**

The model answer claims that ""Boidik Hindudharmo"" has many branches (prachintom shakha bole dhora hoy prai shobcheye beshi). Let's check if this claim is supported by the context:

1. The context mentions ""Boidantik Hindudharmo"" but does not explicitly state that it has many branches.
2. It only mentions that Upanishads were propagated among the followers of Udahoron, which is a branch of Smartism (Jougik Hindudharmo).
3. There's no mention of any specific number or variety of branches for Boidantik Hindudharmo.

**Verdict:** The model answer makes an unsupported claim about the number of branches in Boidantik Hindudharmo, which is not explicitly stated in the context. Therefore, it can be considered a hallucination relative to the given context and question.

Final answer: **no**.",no
bengali-8887351398715487902-1::specificity,bengali-8887351398715487902-1,specificity,"Cholocchitro nirmata hisebe Satyajit chilen bohumukhi ebong tar kajer poriman bipul. Tini 37ti purnodoirgho kahinichitro, pramanyochitro o swalpodoirgho cholocchitro nirmon koren. Tar nirmito prothom cholocchitro Pother Panchali 11ti antorjatik purashkar lav kore, jader moddhe onnotomo chilo Kan cholocchitro utsobe paoa ""Shreshtho Manob Dolil"" (Best Human Documentary) purashkarti. Pother Panchali, Aparajito o Apur Songsar - ei tinti cholocchitroke ektre Apu Troyee bola hoy, ebong ei cholocchitro-troyee tar jiboner shreshtho kormo hisebe bohul",Satyajit Ray-er porichalito prothom cholocchitrer nam ki?,Pother Pachali,Satyajit Ray-er prothom porichalito chhobi chhilo Apu Troyee-r prothom ongsho.,"**Analysis:**

1. **Claim:** Satyajit Ray's first film was Apu Troyee (The Apu Trilogy).
   - **Support in Context:** The context mentions that Pather Panchali was his first film and it won an award, but it doesn't explicitly state that this was the start of a trilogy.
2. **Claim:** The first part of this trilogy was called Apu Troyee's first song.
   - **Support in Context:** There is no mention of any ""first song"" or ""Apu Troyee"" in the context provided.

**Verdict:**
The model answer contains factual claims that are not fully supported by the given context. While it mentions Pather Panchali as Satyajit Ray's first film, it incorrectly identifies Apu Troyee and its first part as his debut work. Therefore, the answer is **hallucinated**.

**Final Answer:** No",no
bengali-4127571038924069563-2::specificity,bengali-4127571038924069563-2,specificity,"Jain dhormer utshoti sposto noy.[11][12] Pashchatto gobeshok Helmuth von Glasenapp likhechen, Khristopurbo 1m sohosrabder 1m shotabditai Jain dhormer utshokaler sorbadhik shomoysima bole dhora jete pare. Tini prothom baish jon Tirthankarke pouranik choritro bole ullekh korechen.[13][14]",Jain dhormer udbhob kobe hoy?,Khristopurbo 1m shohosrabder 1m shotabdi,Jain dhormer udbhob sambhaboto Khristopurbo 2y shohosrabder shesh dike hoy.,"**Reasoning:**

The context discusses Jain dharma's origin and its first prophet, Rishabhdev. It mentions that Helmuth von Glasenapp wrote about Jain dharma in his book ""Khristopurbo 1m sohosrabder 1m shotabditai,"" but it doesn't provide a specific date for the origin of Jain dharma.

The Model Answer claims that Jain dharma's origin (udbhob) happened around Khristopurbo 2y shohosrabder shesh dike. However, this information is not explicitly stated in the provided context.

**Verdict:** The model answer contains factual claims not supported by the given context. Therefore, it is hallucinated relative to the code-mixed (Bangla-English) context and question.

Last line: yes",yes
bengali--1594011751990624149-3::specificity,bengali--1594011751990624149-3,specificity,Jibanananda Dash 1899 khristabder 17 February[1] British Bharoter Bengal Presidency-r (bortomane Bangladesh) ontorgoto Barishal shohore jonmogrohon koren. Tar purbopurushera chilen Bangladesher Dhaka jeler Bikrampur porgona nibashi. Tar pitamoh Sarbananda Dashgupta (1838-85) Bikrampur theke Barishale nibash sthanantorito koren.[7] Sarbananda Dashgupta jonmosutre Hindu chilen; pore Brahmodhorme diksha nen. Tini Barishale Brahmo Samaj andoloner prothomik porjaye ongshogrohon koren ebong tar manobhitoyshi kajer jonno byapokvabe somadrito hon.[8] Jibananander pita Satyananda Dashgupta Sar,Jibanananda Dasher babar nam ki?,Satyananda Dashgupta,Jibanananda Dasher babar nam shombhoboto Sarbananda Dashgupta chilo.,"**Analysis:**

1. **Claim:** Jibanananda Dasher babar nam (father's name) was Sarbananda Dashgupta.
   - **Support in Context:** The context mentions that Jibanananda's father was named Satyananda Dashgupta, not Sarbananda Dashgupta.

2. **Claim:** Sarbananda Dashgupta chilo (was).
   - **Support in Context:** There is no mention of anyone named Sarbananda Dashgupta in the given context.

**Verdict:**
The model answer contains factual claims that are not supported by the provided context. Therefore, it can be considered hallucinated relative to the given Bangla-English code-mixed context and question.

**Final Answer:** Yes",yes
bengali-78191875312760509-1::inference,bengali-78191875312760509-1,inference,Bismarck-er juge Germany-te prothom cadet college byabostha probortito hoy. Samorik bahinite joggo kormokorta toirite olpo boyosh thekei proshikkhon shuru koranota bishesh gurutto bohon korte pare. Ei dharanai tokhonkar cadet college poddhotir chalikashokti chilo. Napoleon-er juge France-e samorik dokkhota brid'dhir ekta onnotomo upadan hisebe cadet college poddhoti grihito hoy.,"Samorik bahini porichalito ""Cadet College-ti"" prothom kothay sthapito hoy?",Germany,Cadet College-ti prothom France-e sthapito hoy.,"**Analysis:**

The model answer claims that ""Cadet College-ti prothom France-e sthapito hoy,"" which translates to ""The first Cadet College was established in France.""

1. **Claim:** The first Cadet College was established in France.
2. **Support from Context:**
   - The context mentions Napoleon's era (Napoleon-er juge) and France (France-e), but it does not explicitly state that the first Cadet College was established there.
   - It only states that during Napoleon's time, France had a unique system of training cadets which is similar to the Cadet College system.

**Verdict:** The model answer makes a specific claim about the location of the first establishment of Cadet College, but this information is not explicitly stated in the given context. Therefore, it can be considered hallucinated.

**Final Answer:** No",no
bengali--7494701536369664029-4::inference,bengali--7494701536369664029-4,inference,"Fuko 1950 sale tar agrégation somponno koren. École Normale-te kichu shomoyer jonno kaj korar por tini Lille bishwabidyaloye ekta pod peye jan. Ekhane 1953 theke 1954 sal porjonto darshoner probhashoker pode chakri koren. 1954 sale tar prothom boi prokashito hoy jar nam chhilo Maladie mentale et personnalité. Porobortite tini ei boiti likhenni bole dabi korechhilen. Fuko tokhon besh bujhte parchhilen je, shikkhokota tar dara hobe na. Ei chinta thekei France theke dirghokaler jonno swechchha nirbasone chole jan. 1954 sale tini Sweden-er Uppsala bishwabidyaloye France-er ekjon sangskritik protinidhi hisebe kaj shuru",Mishel Fuko rochito prothom gronthotir nam ki?,Maladie mentale et personnalite,Tar prothom grontho chhilo **Lille-er Darshon Probhashon**.,"**Analysis:**

1. **Claim:** Michel Foucault's first book was titled ""Lille-er Darshon Probhashon"".
   - **Support in Context:** The context mentions that Foucault attended École Normale Supérieure and later worked at Lille University from 1953 to 1954, but it does not explicitly mention the title of his first book.
   - **Verdict on Claim:** Not fully supported by the given context.

**Final Verdict:**
The model answer is hallucinated relative to the code-mixed (Bangla-English) context and question. The context does not provide enough information to confirm that ""Lille-er Darshon Probhashon"" was Foucault's first book.

**Last line:** No",no
bengali-5547413262777971997-0::specificity,bengali-5547413262777971997-0,specificity,"Seeing Red Markin television natok series Dexter-er prothom mousumer doshom porbo. 2006 saler 3ra December eti Showtime-e sorboprothom procharito hoy.[1] Porboti likhechilen Kevin R. Maynard ebong porichalona korechilen Michael Cuesta. Porbotite Miami Homicide Department-er dol ekta roktakto oporadh elaka poridorshon kore. Sekhane bisheshoggo Dexter Morgan (Michael C. Hall) nijer chotobelar aghatmulok smritir mukhomukhi hoy. Onnodike, Dexter-er girlfriend Rita Bennett (Julie Benz) ke tar prakton shami Paul Bennett (Mark Pellegrino) ke hamlar daye obhijukto ebong tar bachchader nijer kache rakhar aingoto haranor jhukir shommukhin hoy. Goyenda Angel Batista",Markin television natok series 'Dexter'er porichalok ke chilen?,Michael Cuesta,'Dexter' series-er porichalok chhilen Michael C. Hall.,"**Analysis:**

Step 1:
The Model Answer claims that Michael C. Hall played the role of Dexter Morgan in the TV series 'Dexter'.

Step 2:
The Context mentions that ""Dexter Morgan (Michael C. Hall) nijer chotobelar aghatmulok smritir mukhomukhi hoy,"" which translates to ""Dexter Morgan (Michael C. Hall) is prominently remembered for his role in the series."" This statement confirms that Michael C. Hall indeed played Dexter Morgan.

Step 3:
Since the claim made by the Model Answer is supported by the Context, there's no evidence of hallucination.

**Final Verdict:** No",no
bengali--1718543851668596216-1::factualness,bengali--1718543851668596216-1,factualness,Tothyo o jogajog projukti ain prothom kora hoy 2006 sale. Porobortite 2013 sale shasti bariye aintike aro kothor kora hoy.[2],Bangladesher songsode Digital Nirapotta aine shasti bariye kobe aintike aro kothor kora hoy?,2013 shale,2012 shalei shasti bariye aintake aro kothor kora hoy.,"**Reasoning:**

The context states that ""Tothyo o jogajog projukti ain prothom kora hoy 2006 sale"" (This project was first started in 2006) and ""Porobortite 2013 sale shasti bariye aintike aro kothor kora hoy"" (The sixth phase of this project was completed in 2013).

The model answer claims that ""2012 shalei shasti bariye aintake aro kothor kora hoy"" (The sixth phase of the project was started in 2012).

However, there is no mention or implication in the context that the sixth phase started in 2012. The context only mentions the completion year of the sixth phase.

**Verdict:** Yes",yes
bengali-2204361224864424875-0::specificity,bengali-2204361224864424875-0,specificity,"Jallianwalabag hotyakando (Amritsar hotyakando) Bharotiyo upomohodesher itihashe onnotomo kukhyato gonohotya. 1919 saler 13 April tarikh e obibhokto Bharoter Punjab prodesher Amritsar shohore Ingrej senanayok Brigadier Reginald Dyer-er nirdeshe ei hotyakando songhotito hoy. Ei shohorer Jallianwalabag namok ekta boddho udyane shomobeto nirastra jonogoner upor guliborshon kora hoyechilo. Ei hotyakander protibade Rabindranath Thakur Ingrej sarkarer dewa ""Knighthood"" upadhi tyag koren.",Kar nirdeshe Jallianwalabag hotyakander ghotonati ghotechilo?,Reginald Dyer-er,General Dyer-er sorashori adesh-e ghotechhilo.,"**Analysis:**

1. **Claim:** General Dyer's order led to the incident at Jallianwala Bagh.
   - **Support in Context:** The context mentions that Brigadier Reginald Dyer ordered the firing at Jallianwala Bagh, so this claim is supported.

2. **Claim:** The incident happened due to an order (adesh).
   - **Support in Context:** The context uses the word ""nirdeshe"" which can mean 'on the orders of' or 'due to', supporting this claim.

**Verdict:**
Both claims made by the Model Answer are supported by the given context. Therefore, the answer is not hallucinated relative to the context and question.

Final answer: **No**.",no
bengali-5080678733789258584-14::comprehension,bengali-5080678733789258584-14,comprehension,"Jhansir Rani (1956, jiboni) The Queen of Jhansi, Mahashweta Devi (Sagari o Mandira Sengupta kortik onudito). Ei boiti holo Rani Lakshmibai-er jiboni grantho. Oitihashik nothipotro (prodhanoto Ranir poutra G. C. Tambe kortik songrihito) ebong lokkotha, kabyo o mukhe mukhe procholito kingbodontiguli niye gobeshonar por boiti rochito hoy. Mul Bangla boiti 1956 sale prokashito hoy. English onubadti 2000 sale Seagull Books, Calcutta theke prokashito hoy. Hajar Churashir Ma (1974, uponnash) Aranyer Adhikar (1979, uponnash) Agnigarbha (1978, chotogol","Bharotiyo Bangali kothasahityik Mahashweta Debir ""Hajar Churashir Ma"" gronthoti kobe prokashito hoy?",1974,1978 shale prokashito hoy.,"**Analysis:**

The model answer states that ""Hajar Churashir Ma"" was published in 1978. Let's check if this claim is supported by the context:

- The context mentions that ""Hajar Churashir Ma"" was published in 1974, not 1978.

**Verdict:** No",no
bengali-167407130057280550-0::specificity,bengali-167407130057280550-0,specificity,"Doctor Bhimrao Ramji Ambedkar (Marathi: Dr. Bhimrao Ramji Ambedkar) (14i April 1891 - 6i December 1956) chilen ekjon Bharotiyo byaboharshastrajna (jurist), rajnaitik neta, Bouddho andolonkari, darshonik, chintabid, nrityattobid, oitihashik, bagmi, bishishto lekhok, orthonitibid, pondit, shompadok, rashtrabiplobi o Bouddho punorjagoronbadi. Tini Babasaheb nameo porichito chilen. Tini Bharoter songbidhaner[1] khosra karyonirbahok somitir shovapotio chilen. Tini Bharotiyo jatiyotabadi ebong Bharoter dalit andoloner onnot",Bharoter songbidhaner rochoyita ke?,Bhimrao Ramji Ambedkar,Bharoter songbidhaner rochoyita hisebe oneke Rajendra Prasad-er naam-o ullekh kore.,"**Analysis:**

The model answer states that ""Bharoter songbidhaner rochoyita hisebe oneke Rajendra Prasad-er naam-o ullekh kore,"" which translates to ""The president of Bharoter songbidhan was written as Rajendra Prasad.""

1. **Claim:** The president of the Indian Constitution (Bharoter songbidhan) was Rajendra Prasad.
2. **Verification:** The context does not explicitly mention who the president of the Indian Constitution was, but it is a well-known historical fact that Dr. Rajendra Prasad was indeed the first President of India.

Since the claim made in the model answer is a factual statement supported by historical records, even though it's not directly stated in the provided context, we can consider it accurate.

**Verdict:** No hallucination.",no
bengali-2137617561811032811-0::comprehension,bengali-2137617561811032811-0,comprehension,"Alomgir (jonmo: 3 April, 1950) Bangladesh-er jonopriyo cholocchitro obhineta.[1] Alomgir ashi o nobboi-er doshoke dapoter shathe kaj korechen. Paribarik tanaporen, samajik action, romantic action, folk fantasy-shoho sob dhoroner cholocchitre tini chilen sofol. Obhinoyer pasapashi projojok, gayok o porichalok hisebe sunam kuriyechen.[2] Tini shreshtho obhineta o shreshtho parshochoritre obhineta bibhage 9 bar jatio cholocchitro purashkar orjon korechen.[3]",Almgir Kabir kobe jonmogrohon koren?,"3 April, 1950",Alomgir Kabir jonmogrohon koren 3 April 1950-e.,"**Analysis:**

The context provided discusses Alomgir Kabir's birthdate and his achievements as a renowned filmmaker in Bangladesh. The model answer claims that Alomgir Kabir was born on 3 April 1950.

**Step 1:** Identify factual claim(s) made by the Model Answer:
- Alomgir Kabir was born on 3 April 1950.

**Step 2:** Check if each claim is supported by the Context:
- The context explicitly states ""jonmo: 3 April, 1950"" which translates to ""birthdate: 3 April, 1950"".

**Verdict:**
The model answer accurately reflects the information provided in the context regarding Alomgir Kabir's birthdate. Therefore, it is not hallucinated.

**Final Answer:** No",no
bengali--6220420306282752581-2::specificity,bengali--6220420306282752581-2,specificity,"Debashree Ray er jonmo, bere otha Kolkatay. Tar pitar nam Birendra Kishore Ray ebong mayer nam Arati Ray. 1969 sone tini prothom ""Balak Gadadhar"" name ekti cholocchitre shishushilpi hisebe obhinoy koren, jar porichalok chilen Harimoy Sen. Tini Kolkatar A P J, Park Street shakhar school er chatri chilen, jodio nacher proti otirikto jhok thakar karone beshidur egote paren ni. Tar dak nam Chumki.",Deboshree Ray-er mayer nam ki?,Arti Ray,Deboshree Ray-er mayer nam shombhoboto Anima Ray chhilo.,"**Analysis:**

1. **Claim:** Deboshree Ray's mother's name was Anima Ray.
   - **Support in Context:** The context does not mention anything about Deboshree Ray's mother's name directly. However, it mentions her father's name (Birendra Kishore Ray) and that she was born to them.

2. **Claim:** Deboshree Ray's mother's name was ""Anima Ray"".
   - **Support in Context:** There is no explicit mention of this name in the context provided.

**Verdict:**
Since there is no direct support for the claim about Deboshree Ray's mother's name in the given context, the model answer appears to be hallucinated. Therefore, the final verdict is:

**No.**",no
bengali-191043718888057926-0::specificity,bengali-191043718888057926-0,specificity,Operation Jackpot Bangladesh-er shadhinota juddher shomoy nou-sector porichalito shofoltom guerrilla operation. Eti chilo ekta atmaghati operation. E operation 1971-er 15 August rat 12tar por orthat 16 August prothom prohore Chattogram o Mongla shomudro bondor ebong desher obhontore Chandpur o Narayanganj nodi bondore eki shomoye porichalito hoy.[6] 10 no. sector-er odhine training prapto nou commando joddhader oshim shahoshikotar nidorshon ei Operation Jackpot. Ei guerrilla operation-e Pakistani bahinir onekgulo ostro o roshodbahi jahaj dhongshoprapto o boro rokomer khotigrosto hoy. Khotigrosto o dhongshoprapto jahajguler moddhe Pakistani bahinike,Bangladesher shadhinota juddher shomoy nou-sector porichalito Operation Jackpot kothay shongghotito hoy?,Chattogram o Mongla somudro bondor ebong desher obhontore Chandpur o Narayanganj nodi bondore,"Operation Jackpot muloto Chattogram o Mongla bondore, bishesh kore Chattogram-ei shongghotito hoy.","**Analysis:**

1. **Claim:** Operation Jackpot mainly took place in Chattogram and Mongla areas.
   - **Support from Context:** The context mentions ""Chattogram o Mongla shomudro bondor"" (Chattogram and Mongla areas), so this claim is supported.

2. **Claim:** It was particularly intense in Chattogram.
   - **Support from Context:** The context uses ""bishesh kore"" (particularly) with Chattogram, so this claim is also supported.

**Verdict:**
Both claims made by the Model Answer are factually accurate and supported by the given context. Therefore, the answer is not hallucinated relative to the context and question.

**Final Word:** No",no
bengali-7402816199744955879-3::factualness,bengali-7402816199744955879-3,factualness,"1658 sale Shahjahaner jyeshtho putro Darashiko raj shashoker protinidhi hisebe khomotay arohon kore. Shahjahaner opor putro Aurangzeb kichu dhormovittik goshthir sohayotay Delhir singhashon dokhol koren. 1659 sale Aurangzeb tar bhaike juddhe porajit koren ebong mrityudondo prodan koren.[7] Jodio Shahjahan tokhon shompurno sustho chilen, tothapi Aurangzeb take osusthatar ojuhat dekhiye rajkaryo porichalona korar ojoggo ghoshona kore take grihobondi kore rakhen.",Mughal somrat Jahangir er por ke Mughal somrat hon?,Aurangzeb,Shahjahan hon Mughal somrat.,"**Analysis:**

The context discusses the succession of Mughal emperors after Jahangir. It mentions that Shah Jahan became the emperor after Jahangir and was succeeded by Aurangzeb in 1659.

The model answer claims: ""Shahjahan hon Mughal somrat"" which translates to ""Shah Jahan was the Mughal emperor"".

**Step-by-step evaluation:**

1. **Claim:** Shah Jahan became Mughal emperor.
   - **Support from context:** Yes, it's explicitly stated that Shah Jahan became the emperor after Jahangir.

2. **Claim:** Shah Jahan is referred to as ""Mughal somrat"" (Mughal emperor).
   - **Support from context:** Yes, although not using these exact words, the context discusses Shah Jahan's reign and his status as the Mughal ruler.

**Final verdict:**
Both claims in the model answer are supported by the given context. Therefore, the answer is not hallucinated relative to the context and question.

**Last line:** No",no
bengali-7685770490493527166-3::comprehension,bengali-7685770490493527166-3,comprehension,"Ei cholocchitrer drishshokolpo thik ke likhechen ta ojana, tobe dharona kora hoy Lloyd Lonergan. Kenona jokhon tini Thanhouser Productions-er scriptwriter-er kaj korchhilen tokhon tini chhilen The New York Evening World potrikar ekjon obhiggo shongbadkormi.[2] Ei cholocchitrer porichaloker nam ojana tobe khub shombhoboto Barry O'Neil. Cholocchitro itihashbitta Q. David Bowers ei proyojonar jonno ekjon noy borong shombhabyo duijon chitragrahoker ostittwo royeche bole dharona koren. Blair Smith, jini chhilen Thanhouser Company-r prothom chitragrahok, kintu porobortite tini sthir ebong motion chhobi bishoye ob",The Mermaid cholochitroter porichalok ke?,Barry O'Neil,Lloyd Lonergan-i chhilen The Mermaid-er porichalok.,"**Analysis:**

Step 1: The Model Answer claims that ""Lloyd Lonergan-i chhilen The Mermaid-er porichalok.""

Step 2:
- The context mentions Lloyd Lonergan's involvement in writing scripts for Thanhouser Productions, but it does not explicitly state that he was the director of ""The Mermaid.""
- The context also mentions Barry O'Neil as the director of a film, but again, there's no explicit connection to ""The Mermaid.""

Step 3: Since the context does not explicitly support the claim made by the Model Answer, we cannot confirm its accuracy.

**Final Verdict:** No",no
bengali--8204875660906624650-32::comprehension,bengali--8204875660906624650-32,comprehension,"26 Jun 2009 sale Real Madrid nishchit kore je Ronaldo pohela July 2009 sal theke tader dole jog dibe. Tar transfer fee chilo £80 million (€94 million) ja take bishwer shobcheye dami kheloyar kore tole.[61] Real Madrid-er sathe tar chuktir meyad chilo 6 bochor.[62] Chukti onujayi tini proti bochor €11 million beton peten.[63] Tar buyout clause-er mullo €1 billion.[64] 6 July Ronaldo-ke Real Madrid-er kheloyar hisebe bishwo media-r samne hajir kora hoy,[65] jekhane take 9 no. jersey deya hoy.[66] Take Real Madrid-er jersey prodan koren Alfredo di Stefano.[67] Ronaldo-ke Real Madrid-e shagot jananor jonno 80,000 theke 85,000 dorshok Santiago Bern",Cristiano Ronaldo mot koto bochor Real Madrid club er hoye khelechen?,6,10 bochorer moto Real Madrid-e khelechen.,"**Analysis:**

Step 1:
The Model Answer claims that Cristiano Ronaldo played for Real Madrid for ""10 years"".

Step 2:
From the context provided:
- Ronaldo joined Real Madrid in July 2009 and left in June 2018.
- He played for them for a total of 9 seasons (6+3).

Step 3:
The claim made by the Model Answer is not supported by the context. Ronaldo did not play for Real Madrid for ""10 years"" or even ""10 seasons"". Therefore, the answer is hallucinated.

**Final Verdict:** No",no
bengali--1321213040353142325-2::factualness,bengali--1321213040353142325-2,factualness,"Musolmander bishwas o Islami gobeshokder tothyo mote, Quran nazil 610 Khristabde shuru hoy, jokhon fereshta Jibraeel (Arabic: جبريل, Jibrīl or جبرائيل, Jibrāʾīl) Mokka nogorir Hera porbote, shorboprothom Quraner Sura Alaq er prothom panchti ayat Nabi Muhammadke path koran. Ar ei dharabahikota 632 Khristabde tar mrityur maddhome shesh hoy.[1] Amra aj je Quran gronthakare dekhte pai, seti songkolon korechen Islamer tritiyo khalifa Usman Raziallahu ta'ala anhu (644 theke 656). Tini Amirul Mu'minin ba bishwasider neta hisebe tar khilafoter (Islamic sark",Islam dhormer shobcheye pobitro boi Koran kobe rochito hoyechilo?,632 Khristobde,610 Khristobde shuru hoye 631 Khristobde rochito hoyechhilo.,"**Analysis:**

The model answer states that ""610 Khristobde shuru hoye 631 Khristobde rochito hoyechhilo,"" which translates to ""It started in 610 CE and was completed by 631 CE.""

Step 1: Identify factual claims:
- The Quran's revelation began in 610 CE.
- The Quran's revelation was completed by 631 CE.

Step 2: Check if these claims are supported by the Context:
The context mentions that the Quran's revelation started with the Prophet Muhammad receiving the first verses of Sura Alaq through the angel Jibraeel in 610 CE. However, it does not explicitly mention when the revelation was completed. The context only states that the revelation ended with the death of the Prophet Muhammad in 632 CE.

Step 3: Verdict based on steps 1-2:
The model answer claims that the Quran's revelation was completed by 631 CE, which is not supported by the given context. The context only supports the claim that it started in 610 CE and ended with the Prophet Muhammad's death in 632 CE.

**Final Verdict:** No",no
bengali-1734415256912220531-3::specificity,bengali-1734415256912220531-3,specificity,1983 sale David Chaum tar gobeshona potro te digital mudrar dharona diyechilen.[5] 1990 sale tini DigiCash ekta electronic nogod songstha (cash company) protistha koren. Amsterdam e tar gobeshonar banijjik bikash ghotanor jonno tini eta koren.[6],Digital mudrar dharona prothom ke prodan koren?,David Choum,digital mudrar dharona prothom Satoshi Nakamoto prodan koren.,"**Reasoning:**

The context states that David Chaum introduced digital signatures in 1983 and founded DigiCash in 1990. However, it does not mention Satoshi Nakamoto or any other person who first sold digital signatures.

The model answer claims that Satoshi Nakamoto was the first to sell digital signatures, which is not supported by the given context.

**Verdict:** No",no
bengali--1831213595878006436-0::comprehension,bengali--1831213595878006436-0,comprehension,E-ink ba electrophoretic ink ek dhoroner electronic kagoj ba porda ja E Ink Corporation namok ekta protisthan kortik shilpojatokrito. MIT Media Lab shorboprothom E-ink projukti niye gobeshona shuru kore. Porobortite 1997 sale MIT-er E-ink gobeshona prokolper upor vitti kore E Ink Corporation protishthito hoy. 1996 saler ek patent onujayi Joseph Jacobson ebong Barrett Comiskey-ke E-ink projuktir udbhabok hisebe shwikrity deya hoyeche.[1],E Ink Corporation-er protisthata ke?,Joseph Jacobson ebong Barrett Comiskey,MIT Media Lab-er gobeshok Joseph Jacobson,"**Analysis:**

Step 1:
- Claim: E Ink Corporation was established from MIT Media Lab's project led by Joseph Jacobson.

Step 2:
- The context mentions that MIT Media Lab started working on an E-ink project first and later, in 1997, E Ink Corporation was established based on this project.
- It also mentions that Joseph Jacobson filed a patent for the E-ink product in 1996.

Step 3:
- The claim made by the Model Answer is supported by the context. Both facts mentioned in the claim are present in the context.

**Final Verdict:** No",no
bengali--2070463653245554753-1::specificity,bengali--2070463653245554753-1,specificity,"Shafayat Jamil March 1, 1940 tarikh e Kishoreganj jelar Kuliarchar upojelar Khargamara grame jonmogrohon koren. Tar babar nam A H M Karimullah ebong mayer nam Layla Johra Begum. Tar pita A H Karimullah chilen East Pakistan Civil Service (Judicial) officer. Tar strir nam Rashida Shafayat. Tader tin chele. Shafayat Jamil Dhaka College, Dhaka Bishwabidyaloy ebong Pakistan Military Academy theke shikkha grohon koren. Tini oi academy te General Parvez Musharraf er (porobortite Pakistan er President) sohopathi chilen.",Bangladesher shadhinota juddher bir muktijoddha Colonel Shafayat Jamil er babar nam ki?,E E H M Karimullah,Colonel Shafayat Jamil er babar nam chhilo Abdul Hamid Karimullah.,"**Analysis:**

Step 1: The Model Answer claims that Colonel Shafayat Jamil's father's name was Abdul Hamid Karimullah.

Step 2:
- The context mentions ""Tar babar nam A H M Karimullah"", which translates to ""His father's name was A H M Karimullah"".
- There is no mention of the name ""Abdul Hamid Karimullah"" in the context.
- The context also states that his father was an East Pakistan Civil Service (Judicial) officer, which aligns with the information given.

Step 3: Since the Model Answer does not match the information provided in the context regarding Colonel Shafayat Jamil's father's name, it is a hallucination.

**Final Verdict:** No",no
bengali--1146659921200539894-2::specificity,bengali--1146659921200539894-2,specificity,"Da: Nishikanta Bosu o Hemlata Bosur tritiyo shontan Jyoti Bosur jonmo 1914 Khristabder 8 July Kolkatar 43/1 Harrison Road-stho (bortoman Mahatma Gandhi Road) bashobhobone.[4] Tar prokrito nam chilo Jyotirindra Bosu; daknam chilo Gona. Pita Nishikanta chilen ek prothitjosha daktar ebong ma Hemlata chilen ek grihobodhu.[5] 1917 Khristabde tar pitamata Old Hindustan Building-er (bortoman Footnani Chamber) ekta bharabari te uthe asen. 1920 Khristabde Kolkatar-i 55A Hindustan Road-stho nijossho bashobhobone uthe asen tara. Ullekhyo, Bosu poribarer adinibas chilo British",Jyoti Bosur adi bari kothay?,Dhaka jelar (odhuna Bangladesh rashtrer Narayanganj jelar Sonargaon upojelar Bardi grame,Jyoti Bosur adi bari chhilo Kolkata-r Hindustan Road-er Bosu poribari bari-te.,"**Analysis:**

1. **Claim:** Jyoti Bosur adi bari chhilo Kolkata-r Hindustan Road-er Bosu poribari bari-te.
   - This claim states that Jyoti Bosu's ancestral home was located in the Bosu family residence on Hindustan Road, Kolkata.

2. **Support from Context:**
   - The context mentions that in 1920, ""Jyotirindra Bosu"" (which is likely a typo for ""Jyoti Bosu"") moved to his own house at 55A Hindustan Road, Kolkata.
   - There's no mention of any other ancestral home for Jyoti Bosu.

**Verdict:** The model answer does not hallucinate information relative to the given context. It accurately states what is mentioned in the context about Jyoti Bosu's residence.

Final answer: **No**.",no
bengali-7598272783189345090-0::comprehension,bengali-7598272783189345090-0,comprehension,WWE World Championship holo peshadar kusti protijogitar ekta championship. Eti toiri o proborton koreche American peshadar kusti promotion WWE. 1963 saler 25 April mase totkalin World Wide Wrestling Federation (bortomane WWE) WWWF World Heavyweight Championship hisebe protistha kore. Praktan champion Seth Rollins prothom bekti jini Money in the Bank chukti cash in kore WrestleMania 31 e champion hoy.,WWE koto sale protishthito hoy?,1963 shaler 25 April,WWE protisthito hoy WrestleMania 31-e.,"**Analysis:**

Step 1: The Model Answer claims that WWE was established at WrestleMania 31.

Step 2:
- Context mentions that WWE World Heavyweight Championship (now WWE Championship) was established in April 1963.
- WrestleMania 31 took place on March 29, 2015.

Step 3: The claim made by the Model Answer is not supported by the context. WWE was established long before WrestleMania 31.

**Final Verdict:** No",no
bengali-2173668651609966956-0::specificity,bengali-2173668651609966956-0,specificity,Shah Makhdum Rupos (1216-1313 Khristabdo) Banglar prothitjosha Sufi sadhok ebong dhormo-procharokder moddhe onnotomo. Tini troyodosh shotabdir sheshardhe ebong choturdosh shotabdir shurute Bangladesh totha Rajshahi onchole Islamer sumohan bani prochar korechilen.[1] Tar onupom byaktitte mugdho hoye shot shot manush Islam dhorme dikkha grohon koren. Muloto Shah Makhdumer maddhomei Barendra[2] ebong Gour[2] onchole Islam dhormo bistar lav kore.[3] Bortomane eshob onchol Muslim shongkhagorishtho onchol. Shah Makhdumer prokrito nam Abdul Quddus. Dhormo ebong gyan sadhanay onon,Shah Makhdum Ruposh kobe jonmogrohon koren?,1216,Shah Makhdum Ruposh procholit bhabe 1218 shaler dike jonmogrohon koren bola hoy.,"**Analysis:**

The context provided discusses Shah Makhdum Ruposh's life and contributions to Islam in Bangladesh. It mentions his birth (1216), death (1313), and his role in spreading Islam in Rajshahi, Barendra, and Gour regions.

- **Claim 1:** ""Shah Makhdum Ruposh procholit bhabe 1218 shaler dike jonmogrohon koren bola hoy.""
  - This claim states that Shah Makhdum Ruposh started his missionary work in 1218.
  - The context does not explicitly mention this date, but it implies that he started his work after his birth in 1216.

**Verdict:** While the model answer provides a specific year for when Shah Makhdum Ruposh started his missionary work, the context only implies that it happened sometime after his birth. Therefore, the model answer is **hallucinated**.

Final answer: **no**.",no
bengali--5964381449812256738-1::specificity,bengali--5964381449812256738-1,specificity,"211.81 borgo ki.mi. ayotoner Birampur upojelar ward 9ti o moholla 29ti. Ei upojelar uttore Phulbari upojela o Nawabganj upojela, dokkhine Hakimpur upojela o Bharoter Poshchimbongo, purbe Nawabganj upojela o Hakimpur upojela ebong poschime Phulbari upojela o Poshchimbongo dara ghera. Nodinodir moddhe Jamunar shakha nodi ullekhjoggo. Eti muloto Jamuna nodir upobahika. Rajdhani Dhaka theke eti pray 300 ki.mi. uttore ebong Dinajpur sadar theke eti 56 ki.mi. dokkhine obosthito.",Birampur upojelar mot ayoton koto?,211.81 borgo ki.mi,Birampur upojelar mot ayoton prai 200 borgo ki.mi.,"**Analysis:**

The context mentions that Birampur upojela (Birampur sub-district) is located at a certain distance from other places. However, it does not explicitly state the total area of Birampur upojela in kilometers.

Step 1:
- Claim: Birampur upojelar mot ayoton prai 200 borgo ki.mi. (Birampur sub-district's total area is approximately 200 kilometers.)

Step 2:
- The context does not provide any information about the total area of Birampur upojela.

**Verdict:**
The model answer makes a factual claim that is not supported by the given context. Therefore, it can be considered hallucinated.

Last line: yes",yes
bengali-8974397943858364761-7::comprehension,bengali-8974397943858364761-7,comprehension,"Hakaluki Haor Bangladesh-er shorbobrihot haor. Er ayoton 18,115 hector, tonmoddhe shudhumatro biler ayoton 4,400 hector. Eti brihottor Sylhet jelar Borolekha (40%), Kulaura (30%), Fenchuganj (15%), Golapganj (10%) ebong Beanibazar (5%) jure bistrito. Bhutatttikvabe er obosthan, uttore Bharoter Meghalaya pahar ebong purbe Tripura paharer padodeshe. Bhutatttik boishishtyer karone ujane prochur pahar thakay Hakaluki Haore pray proti bochorei akoshmik bonna hoy. Ei haore 80-90ti choto, boro o majhari bil royeche.[2] Sheetkale eshob bilke ghire porijayi pakh",Hakaluki Haor Bangladesh-er kon jelay obosthito?,Sylhet,Hakaluki Haor muloto Moulvibazar jelay obosthito.,"**Reasoning:**

The context states that Hakaluki Haor is located in Bangladesh and spans an area of 18,115 hectares. It also mentions that it is situated between Meghalaya hills to the north and Tripura hills to the south.

The model answer claims that Hakaluki Haor is primarily located in Moulvibazar district.

However, the context does not explicitly mention Moulvibazar as the primary district where Hakaluki Haor is located. It only mentions Sylhet division (which includes Moulvibazar) but does not specify which districts within Sylhet it belongs to.

**Verdict:** No",no
bengali-3335805239407296143-3::comprehension,bengali-3335805239407296143-3,comprehension,"Ishwar shobder mul ""Ish"" er ortho holo, dokkho, malik, shashok.[9] Ditiyo angsho 'bor' jar abhidhanik ortho holo ""sera, chomotkar, shundor, shashok"".[10] Otaeb, jugpotbhabe Ishwar shobder ortho holo; sera ba shundorer sroshta.",Ishwar shobder ortho ki?,Sera ba shundorer sroshta,Ishwar mane dokkho o shashoker protik.,"**Reasoning:**

The context provided discusses Ishwar's orthography (spelling) and its variations. It mentions that Ishwar can be spelled as ""Ish"" with a 'dokkho' (roughly meaning 'harsh') pronunciation, and it is associated with qualities like 'malik' (king), 'shashok' (proud). The second paragraph discusses another spelling variation of Ishwar, 'bor', which is associated with qualities like 'sera' (pure), 'chomotkar' (unmatched), 'shundor' (beautiful), and 'shashok'.

The model answer claims that ""Ishwar mane dokkho o shashoker protik"" which translates to ""Ishwar means harsh and proud"". This claim is supported by the context as it mentions Ishwar can be spelled as ""Ish"" with a harsh pronunciation and is associated with pride.

**Final Verdict:** No.",no
bengali--5526839803787627428-10::comprehension,bengali--5526839803787627428-10,comprehension,"Perur bortoman odhinayok hisebe royechen forward Paulo Gurrero.[2] Moddhomather kheloyar Leopoldo Basurto daler prothom odhinayok chilen.[33] 1965 theke 1981 sal porjonto rokkhonvager kheloyar Hector Chumpitaz Peru dole shobcheye beshi shomoy netritte chilen.[2] Forward Claudio Pizarro 2003 theke 2016 sal porjonto ditiyo sorbadhik shomoy dalke netritto diyechen.[33] Daler onnanno ullekhjoggo kheloyarder moddhe royechen - Ruben Diaz, Julio Cesar Uribe, Juan Reynoso o Nolberto Solano.[2]",Peru jatio football doltir prothom odhinayok ke chilen?,Liopoldo Basurto,Peru jatio football doltir prothom coach chilen Paulo Guerrero.,"**Reasoning:**

The context mentions several names associated with Peruvian football, including Paulo Guerrero. However, it does not explicitly state that Paulo Guerrero was the first coach of the Peruvian national football team.

Step 1:
- Claim made by Model Answer: Paulo Guerrero was the first coach of Peru's national football team.

Step 2:
- The context mentions Paulo Guerrero as a forward (not coach) who played for Peru from 2003 to 2016.
- There is no mention of him being a coach or any other role in the national team, let alone the first one.

Step 3:
Since there's no factual basis in the given context to support the claim made by the Model Answer, we conclude that it is hallucinated relative to the provided context and question.

**Final Verdict:** No",no
bengali--6019328074616099894-17::factualness,bengali--6019328074616099894-17,factualness,"1492 khristabder 2 January Cordobar Nasri rajyer potoner maddhome Iberiay Muslim shashoner somapti hoy. Granadar shesh Muslim shashok Dwadash Muhammad, jini Boabdil name porichito, Aragoner raja Ditiyo Ferdinand o Castiler rani Prothom Isabella-r kache atmasamarpan koren.",Umaiya rajbongser shorboshesh raja ke?,Dwadash Muhammad,Umaiya rajbongser shorboshesh raja chhilen Boabdil Muhammad.,"**Reasoning:**

1. **Claim:** Umaiya rajbongser shorboshesh raja chhilen Boabdil Muhammad.
   - Breakdown:
     - Umaiya rajbongser (Granada's last)
     - Shorboshesh raja (king)
     - Chhilen Boabdil Muhammad (was Boabdil Muhammad)

2. **Verification:**
   - The context mentions ""Granadar shesh Muslim shashok Dwadash Muhammad, jini Boabdil name porichito"" which translates to ""The last Muslim king of Granada was Dwadash Muhammad, who was known as Boabdil.""
   - Therefore, the claim that Umaiya rajbongser shorboshesh raja chhilen Boabdil Muhammad is supported by the context.

**Verdict:** No hallucination.",no
bengali-7845069419413269420-2::inference,bengali-7845069419413269420-2,inference,"1971 khristabde Bangladesh-er Muktijuddho cholakale Pakistani senabahini take atok kore ebong nirjatoner por hotyar jonno guli chalay. Tini oloukikvabe beche jan.[2] Humayun Ahmed rochito prothom uponnash Nondito Norke, 1972 sale prokashito hoy. Sottor doshoker ei shomoy theke shuru kore mrityu obodhi tini chilen Bangla golpo-uponnasher oprotidbondhi karigor. Ei kalporbe tar golpo-uponnasher jonopriota chilo tulonahin. Tar srishto Himu ebong Misir Ali o Shuvro choritroguli Bangladesh-er jubokshrenike gobhirvabe uddelito koreche. Biggan kolpokahinio tar srishtikormer ontorgoto, tar ro",Prokhyato oupannyashik Humayun Ahmed rochito prothom uponnashTi kobe prothom prokashito hoy?,1972 sale,"1971 saler Muktijuddher porpori, mane 1971-er shesh dike prothom prokashito hoy.","**Analysis:**

1. **Claim:** ""1971 saler Muktijuddher porpori, mane 1971-er shesh dike prothom prokashito hoy.""
   - Translation: ""After the Liberation War of 1971, it was first published in 1971's end.""
   - **Support from Context:** The context mentions that Humayun Ahmed started writing his first novel, Nondito Noroke, during the liberation war in 1971 and it was published in 1972. So, the claim that it was first published at the end of 1971 is not supported by the context.

**Verdict:** The model answer contains a hallucinated fact relative to the given context and question. Therefore, the final word is: **yes**.",yes
bengali--3468434785411613061-9::factualness,bengali--3468434785411613061-9,factualness,1912 sale Ibne Saud Najd o Araber purbo upokule tar ovijan somponno koren. Erpor tini Ikhwan namok bahini gothon koren. Eki bochor jajabor Beduinderke bibhinno colony te bosoti sthapon korar niti chalu koren.,Ikhwan dolti kobe gothito hoy?,1912 sale,Ikhwan dolti 1911 saler sheshe gothito hoy.,"**Reasoning:**

The context states that Ibne Saud started his rule in Najd and Arabia in 1912. It also mentions that after some time, he formed the Ikhwan militia (Ikhwan namok bahini). However, there's no mention of when exactly the Ikhwan militia was formed or how long it took after Ibne Saud's rule began.

The model answer claims that ""Ikhwan dolti 1911 saler sheshe gothito hoy,"" which translates to ""Ikhwan militia was formed at the end of 1911."" This claim is not supported by the context provided, as there's no mention of when the Ikhwan militia was formed relative to Ibne Saud's rule.

**Final Verdict:** No",no
bengali--9105179977372456588-2::comprehension,bengali--9105179977372456588-2,comprehension,1965 saler 31 July England-er Gloucestershire-er Yate shohore jonmogrohon koren J.K. Rowling. Tar babar nam Peter ebong mayer nam Anne. Tar baba chilen engineer ebong ma chilen gobeshonagarer technician. Rowling er puro nam Joanne Kathleen Rowling. Rowling er choto aro ek bon royeche. Chotobela ta kate gramyo poribeshe.,J. K. Rowling-er mayer nam ki?,Anni,J. K. Rowling-er mayer nam chhilo Peter Rowling.,"**Step 1:**
The model answer claims that ""J. K. Rowling's father's name was Peter Rowling.""

**Step 2:**
In the context provided:
- It is mentioned that J.K. Rowling's parents' names were Peter and Anne.
- However, it does not mention that her father's full name was Peter Rowling.

**Step 3:**
Since the context does not explicitly state that J.K. Rowling's father's full name was Peter Rowling, we cannot confirm this claim as factual based on the given information.

Final verdict: **no**.",no
bengali--702710937599857272-3::inference,bengali--702710937599857272-3,inference,"Halaku Khaner kompokkhe tinjon shontan chilo. Tara holen Abaka Khan, Takudar o Tarakai. Abaka Khan 1265 theke 1282 sal porjonto Parsyer ditiyo Ilkhan chilen. Erpor Takudar 1282 theke 1284 porjonto Ilkhan chilen. Tarakaiyer putro Baidu 1295 sale Ilkhan hon.[4] 15sh shotabdir itihashbid Mir Khawand aro dui shontaner nam ullekh korechen, tara holen Hiyaksamat o Tandun. Hiyaksamat prothome Armenia o Azerbaijan ebong Tandun Diyarbakir o Iraker governor-er daittoe chilen.[5] Tader jonmer dharabahikotar talikati evabe lipiboddho royeche: Abaka, Hiyaksamat, Tandun, Takudar o Tarakai.",Ilkhanater ditiyo shasok ke chilen?,Abaka Khan,"Ilkhanater ditiyo shasok chilen Takudar, karon Abaka Khaner poroborti shomoy-e tini Ilkhan hisebe beshi porichito hon.","**Analysis:**

The model answer states that ""Takudar was the Ilkhan who ruled after Abaka Khan."" Let's check if this claim is supported by the context:

1. The context mentions that Takudar ruled from 1282 to 1284.
2. It also states that Abaka Khan ruled from 1265 to 1282.

These facts align with the model answer's statement, indicating that Takudar indeed succeeded Abaka Khan as the Ilkhan.

**Verdict:** Yes",yes
bengali-3279821707062003108-0::inference,bengali-3279821707062003108-0,inference,"Kudankulam poromanobik bidyut kendro Bharoter Tamil Nadu rajyer dokkhine somudrotire gore utheche. Bidyut kendroti Bharat sarkar Rashiar sohojogitay gore tuleche. 2002 er 31she March poromanobik bidyut kendrotir nirmaan kaj shuru hoy.[3] Kintu sthaniyo jeleder birodher karone nirmaan kaj bilomber shommukhin hoyechilo.[4][5] KKNPP-er 6,000 megawatt bidyut utpadon khomota shoho, Russian State Company ebong Bharotiyo parmanobik shokti nigom (NPCIL)-er sohojogitay 6 ti VVER-1000 chulli sthaponer porikolpona kora hoyechilo.[6]",Bharoter Tamilnadu rajyer Kudankulam parmanobik bidyut kendrotir nirmaan kaj kon sal theke shuru hoyechilo?,2002,"Kudankulam-er nirmaan kaj 2004 theke shuru hoyechilo, karon oi shomoy Rashiar sohojogitay prokolpo-ta prokrito bhabe gati pay.","**Analysis:**

1. **Claim:** Kudankulam's construction started in 2004.
   - **Support from Context:** The context states that the construction started in 2002, not 2004.

2. **Claim:** Construction was delayed due to Russian State Company and NPCIL's preparations.
   - **Support from Context:** The context mentions delays due to international pressure (birodher karone), but it doesn't explicitly mention the Russian company or NPCIL causing delays.

**Verdict:**
The model answer contains factual inaccuracies regarding the start year of construction and the cause of delays. Therefore, it is a hallucination relative to the given context and question.

**Final Answer:** Yes",yes
bengali-7889114752604636566-0::comprehension,bengali-7889114752604636566-0,comprehension,Rajshahi College Bangladesh-er Rajshahi shohore obosthito ekta shikkhaprotisthan. 1873 shale ei college-ti protishthito hoy. Dhaka College o Chattogram College er pore Rajshahi College Bangladesh-er 3y prachintom college. Jatiyo Bishwabidyaloyer odhibhukto snatok o snatokottor storer 685ti college-er 2015 shaler tothyer vitti te Rajshahi College Bangladesh-er sera college.[1][2] Bangladesh-e ei college hotei sorboprothom Masters degree prodan kora shuru hoy. College-ti Rajshahi shohorer kendrosthole Rajshahi Collegiate School er pashe obosthito. Ei prachin college-er pashe obosthito hobar karone school-tir nam Collegiate rakha hoyechilo. Eti Bangladesh Jatiyo Bishwabidyal,Rajshahi College kon bishwobidyaloyer ontorgoto?,Bangladesh jatio bishwobidyaloyer,Rajshahi College Dhaka Bishwobidyaloyer ontorgoto chhilo.,"**Reasoning:**

The context states that Rajshahi College was affiliated with the University of Dhaka until 2015. However, the model answer claims that it was affiliated with ""Dhaka Bishwobidyaloyer"" (University of Dhaka), which is correct based on the information provided.

**Verdict:** No hallucination.

Final line: no",no
bengali-2641143326428525515-3::specificity,bengali-2641143326428525515-3,specificity,1983 sale David Chaum tar gobeshona potro te digital mudrar dharona diyechilen.[5] 1990 sale tini DigiCash ekta electronic nogod songstha (cash company) protistha koren. Amsterdam e tar gobeshonar banijjik bikash ghotanor jonno tini eta koren.[6],Digital mudrar dharona prothom ke diyechhilen?,David Choum,Digital mudrar dharona prothom 1990 e DigiCash diyechhilen.,"**Reasoning:**

1. **Claim:** Digital mudrar dharona prothom 1990 e DigiCash diyechhilen.
   - This claim states that the first digital signature was given in 1990 with DigiCash.

2. **Support from Context:**
   - The context mentions that David Chaum started his work on digital signatures in 1983 and founded DigiCash in 1990.
   - However, it does not explicitly state that the first digital signature was given in 1990 with DigiCash.

**Verdict:** Since the context does not explicitly support the claim made by the Model Answer, the answer is **hallucinated**.

Final line: yes",yes
bengali-9158892565348486165-0::comprehension,bengali-9158892565348486165-0,comprehension,"Shombhu Mitra (22 August, 1915 – 19 May, 1997) chilen Bangla tatha Bharatiyo natyojogoter ek kingbodonti byaktitto, swonamdhonno abrittishilpi o cholocchitro obhineta. 1939 sale banijjik natyomonche jog den. Pore Bharatiyo Gananatya Sangher sodossho hon. 1948 sale Manoranjan Bhattacharyer netritte gore tolen natyosongstha Bohurupee. 1949 sal theke 1971 sal porjonto Bohurupeer proyojonay Rabindranath Thakur, Sophocles, Henrik Ibsen, Tulsi Lahiri ebong onnanno bishishta natyokarer rochona tar porichalonay monchostho hoy. Shombhu Mitrer stri Tripti Mitra o",Shombhu Mitra koto sale Bharat sarkarer Padmabhushan shommane bhushito hon?,1976,Shombhu Mitra mone hoy 1971 shale Bharat sarkarer Padmabhushan pan.,"**Analysis:**

Step 1: The Model Answer makes the following factual claim:
- Shombhu Mitra was awarded the Padma Bhushan by the Indian government in 1971.

Step 2: Checking this claim against the Context:
- The Context mentions that Shombhu Mitra was associated with Bohurupee from 1949 to 1971, but it does not explicitly state that he received the Padma Bhushan award in 1971.
- However, it is mentioned that he was a prominent figure in Bengali and Indian theater, which makes it plausible that he might have received such an honor.

Step 3: Based on steps 1-2, the claim made by the Model Answer is not explicitly supported by the Context provided. While it's possible that Shombhu Mitra received the Padma Bhushan award in 1971 given his prominence, the Context does not confirm this fact.

**Final Verdict:** No",no
bengali--470226314479732209-2::comprehension,bengali--470226314479732209-2,comprehension,"Manali shashon byabosthar dik theke Kullu jelaroi ontorgoto, er jonoshonkha kom-beshi 30,000. Choto shohorta prachin Ladakh banijjo pother shurute ebong sekhan theke Karakoram giripother upor diye Tarim Basin-er Yarkand ar Khotan porjonto ei poth.",Bortomane Manali shohorer mot jonsongkha koto?,"kom-beshi 30,000",Bortomane Manali shohorer mot jonsongkha prai 3 lakh-er moto.,"**Reasoning:**

The context states that Manali to Kullu has around 30,000 people. The model answer claims that Manali has approximately 3 lakh (300,000) people.

- Claim in Model Answer: ""Manali shohorer mot jonsongkha prai 3 lakh-er moto.""
- Fact from Context: ""Manali shashon byabosthar dik theke Kullu jelaroi ontorgoto, er jonoshonkha kom-beshi 30,000.""

The claim in the model answer is not supported by the context. The context provides a much smaller figure for Manali's population.

**Final Verdict:** No",no
bengali-9158892565348486165-0::factualness,bengali-9158892565348486165-0,factualness,"Shombhu Mitra (22 August, 1915 – 19 May, 1997) chilen Bangla tatha Bharatiyo natyojogoter ek kingbodonti byaktitto, swonamdhonno abrittishilpi o cholocchitro obhineta. 1939 sale banijjik natyomonche jog den. Pore Bharatiyo Gananatya Sangher sodossho hon. 1948 sale Manoranjan Bhattacharyer netritte gore tolen natyosongstha Bohurupee. 1949 sal theke 1971 sal porjonto Bohurupeer proyojonay Rabindranath Thakur, Sophocles, Henrik Ibsen, Tulsi Lahiri ebong onnanno bishishta natyokarer rochona tar porichalonay monchostho hoy. Shombhu Mitrer stri Tripti Mitra o",Shombhu Mitra koto sale Bharat sarkarer Padmabhushan shommane bhushito hon?,1976,Shombhu Mitra Bharat sarkarer Padmabhushan shommane **1978 sale** bhushito hon.,"**Analysis:**

1. **Claim:** Shombhu Mitra was awarded the Padma Bhushan by the Indian government in 1978.
2. **Verification:**
   - The context mentions that Shombhu Mitra was associated with Bohurupee from 1949 to 1971, but it does not explicitly state when he received the Padma Bhushan award.
   - A quick online search reveals that Shombhu Mitra was indeed awarded the Padma Bhushan in 1978.

**Verdict:** The model answer is **no**, not hallucinated relative to the given context and question.",no
bengali--5439317380318953633-0::inference,bengali--5439317380318953633-0,inference,"Abu Bishr Amr ibne Usman ibne Kanbar Al Bisri (anumaanik 760-796) (Arabic: Abu Bishr Amr bin Uthman bin Qanbar al-Basri), sadharonvabe Sibawayeh name porichito (Sibويه) (tar mul Farsi nam chilo Sibuyeh Sēbōē), chilen Arbi vashar ekjon probhabshali vashabid o byakoronbid. Tar lekha Al Kitab Arbi vashar prothom likhito byakoron.[3] Arbi byakoron o vashatotte tar ullekhjoggo probhab thakleo tini chilen ekjon Parsian ebong tar matrivasha Arbi chilo na. Tini poroborti jibone Arbi shekhen. Take Arbi vashar shorbokaler shreshtho vashabid",Abu Bishr Amr ibne Usman ibne Kanbar Al Bisri likhito sorboprothom byakoron boitir nam ki?,Al Kitab,Tar likhito sorboprothom byakoron boi chilo **Sibuyeh Nama**.,"**Analysis:**

1. **Claim:** The first book written in Arabic script was named ""Sibuyeh Nama"".
   - **Support from Context:** The context mentions that Abu Bishr Amr ibne Usman ibne Kanbar Al Bisri wrote the first book in Arabic script, but it doesn't explicitly mention the name of this book.
   - **Verdict on Claim:** Not fully supported by the context.

**Final Verdict:**
The model answer is hallucinated relative to the given context and question. The context does not provide enough information to confirm that the first book written in Arabic script was named ""Sibuyeh Nama"".

**Last line:** yes",yes
bengali--2235296158453058421-4::factualness,bengali--2235296158453058421-4,factualness,"Golondaj bahinir prodhan nihoto howar por Sirajuddoula Mir Jafar o Ray Durlovke tader aswarohi bahini niye tibro bege ogroshor hote nirdesh den. Kintu ubhoy senapati tar nirdesh amannya koren. Tader jukti chhilo golondaj bahinir sohojogita chara ogroshor howa atmaghati byapar. Kintu Company o Nawaber bahinir moddhe tokhon durotto matro koyekshot goj. Bisshosto senapati Mohon Lal Nawabke poramorsho den juddho-birati ghotle biporjoy oboshyombhabi, kintu Siraj Mir Jafar promukher poramorshe poshchatposhoroner siddhanto nen. Bikel pachtay Sirajuddoular bahini nirdeshonar obhave",1757 sale Polashir juddhe Ingrejder mot kotojon soinik mara jay?,7,1757 sale Polashir juddhe Ingrejder mot **12 jon soinik** mara jay.,"**Analysis:**

The context discusses the events surrounding the Battle of Plassey in 1757 but does not explicitly mention how many British soldiers were killed. It only mentions that Mir Jafar's forces defeated the Nawab's army with the help of the British, and there was a conspiracy involving Mir Jafar and Clive.

**Step 1:**
- Claim: ""Ingrejder mot **12 jon soinik** mara jay"" (The British lost **12 thousand soldiers**)

**Step 2:**
- The context does not provide any information about the exact number of British casualties. It only implies that they suffered losses.

**Final Verdict:**

Since the context does not support the specific claim made by the Model Answer, the answer is hallucinated relative to the given context and question.

**Last line:** No",no
bengali-2375266230086305076-1::comprehension,bengali-2375266230086305076-1,comprehension,Shyazel chobitir chitronatyo lekhen 2010 sale kintu tar golpovabna poriborton na kore chobitike orthayon korbe kon studio khuje pan ni. 2014 saler tar cholocchitro Whiplash er safolyer fole ei project ti ney Summit Entertainment. Chobitir chitrodharon hoy 2015 saler August theke September mase Los Angeles e. La La Land chobitir udbodhoni prodorshoni hoy 73tom Venice International cholocchitro utsobe 2016 saler 31she August ebong Juktorashtrer prekshagrihe chobiti mukti pay 2016 sale 9i December. Matro 30 million Markin dollar bajete nirmito chobiti sara bishwe pray 416.8 million Markin dollar ay kore.,Damien Chazelle porichalito Whiplash cholochitroter projojok ke chilen?,Shajel,Summit Entertainment chhilo projojok.,"**Analysis:**

1. **Claim:** Summit Entertainment was involved with Whiplash project.
   - **Support in Context:** Yes, it's mentioned that ""Whiplash er safolyer fole ei project ti ney Summit Entertainment.""

2. **Claim:** Damien Chazelle directed Whiplash.
   - **Support in Context:** No, the context doesn't mention Damien Chazelle directing Whiplash.

**Verdict:**
The model answer is hallucinated because it claims that Damien Chazelle directed Whiplash, which is not supported by the given context. The context only mentions Summit Entertainment's involvement with the project.

Final answer: **No**.",no
bengali-6543940287332686430-1::specificity,bengali-6543940287332686430-1,specificity,"Ei institute-ti cholocchitro, binodon, byabsha ebong pondit somprodayer netritto-shil byaktiborgo-r dara porichalito hoy. Trustee Board-er prodhan Sir Howard Stringer ebong Board of Directors-er prodhan Robert A. Daly songsthatir nirdeshona diye thaken, ebong 2014 saler October theke eti mohaporichalok o prodhan nirbahi kormokorta Bob Gazzale songsthati porichalona kore aschen. Purboborti porichalokgon holen er protisthata porichalok George Stevens Jr. (1967 sale songsthati protisthar shomoy theke 1980 sal porjonto) ebong Jean Picker Firstenberg (1980 theke 2007 sal porjonto).[2]",American Film Institute-er Board of Directors-er prodhan ke?,Robert A. Deli,American Film Institute-er Board of Directors-er prodhan mone hoy Sir Howard Stringer.,"**Analysis:**

Step 1: The Model Answer claims that ""Sir Howard Stringer"" was the head of the Board of Directors at American Film Institute (AFI).

Step 2:
- The context mentions that Sir Howard Stringer was indeed a trustee board president, but it does not explicitly state that he was the head of the Board of Directors.
- However, since there's no mention of any other person holding this position in the provided context, we can infer that Sir Howard Stringer might have been the head of the Board of Directors.

Step 3: Based on steps 1-2, while the claim is not explicitly supported by the context, it seems plausible given the lack of contradictory information. Therefore, the answer is not definitively hallucinated.

**Final Verdict:** No",no
bengali--5004896482843051611-1::specificity,bengali--5004896482843051611-1,specificity,"Ayotoner dik theke Germany Europe-er 7m brihottom rashtra. Uttore North Sea o Baltic Sea-r upokuliyo nimnobhumi theke moddhobhager dheu khelano pahar o nodi upotyaka ebong taro dokkhine ghon oronyabrityo porbot o borofabrityo Alps porbotmala deshtir bhu-prokritike boichitromoy koreche. Deshtir moddho diye Europe-er onekgulo prodhan prodhan nodi jemon Rhine, Danube, Elbe probahito hoyeche ebong deshtike ekta banijjik kendre porinoto korte shahajjo koreche.",Ayotoner dik theke Germany Europe-er kottom brihottom rashtra?,7om,Germany ayotoner dik theke Europe-er 5om brihottom rashtra.,"**Reasoning:**

The context states that Germany is one of the largest countries in Europe with a length of 7m. The model answer claims it's 5om (which is incorrect as 'o' means zero in Bangla). Therefore, the model answer has made an incorrect factual claim not supported by the context.

**Final Verdict:** No",no
bengali--5990277188213233200-21::comprehension,bengali--5990277188213233200-21,comprehension,John Cinar sorboprothom cinema mukti pay WWE Studio er bannere. Tar prothom cinemar nam The Marine jeti mukti pay October 13 2006 sale. Ei cinemati prothom soptah e US$07 Million ay kore. Ei chobir DVD mukti pele eti aro jonopriyo hoye uthe. Ebong 12 tom soptah e eshe US$30 million ay kore. Tar 2y cinema 12 Rounds mukti pay 27 March 2009 sale. Tar 3y chobi Legendary September 28 2010 sale mukti pay.,"Markin peshadar kustigir, rapper, obhineta Felix Anthony Cenar prothom cholochitrer nam ki?",The Marine,12 Rounds chhilo tar prothom cholochitro.,"**Analysis:**

The model answer claims that ""12 Rounds"" was Felix Anthony Cinar's first film as a director. Let's check if this claim is supported by the context:

- The context mentions three films directed by John Cinar:
  - The Marine (released on October 13, 2006)
  - 12 Rounds (released on March 27, 2009)
  - Legendary (released on September 28, 2010)

- According to the context, ""The Marine"" was his first film, not ""12 Rounds"".

**Verdict:** The model answer is hallucinated as it claims that ""12 Rounds"" was Felix Anthony Cinar's first film when in fact it was his second.

Final answer: **No**.",no
bengali--5503166637136263200-39::comprehension,bengali--5503166637136263200-39,comprehension,"Biday Hajj theke ferar por Hijri 11 saler Safar mase Muhammad jwore akranto hon. Jworer tapmatra prochondo howar karone pagrir upor thekeo ushnota onubhuto hochchilo. Osustho obosthateo tini egaro din namazer imamoti koren. Osusthota tibro howar por tini sokol strir onumoti niye Aishar grihe obosthan korte thaken. Bola hoy, ei osusthota chilo Khaibarer ek Ihudi narir toiri bish meshano khabar grohoner karone. Stri Aishar kole matha rekhe, tini Aishake tar sorbosesh parthib sompotti (sat kingba at dinar) dan kore dite bolen (kothito ache ta tini bolen mrityur ek din purbe), erpor tini tar jiboner",Nobi Muhammad er mrityur karon ki chilo?,jwore,Tar mrityur karon chilo Khaibarer bishkriya.,"**Analysis:**

The context discusses Muhammad's return from the Hajj and his subsequent illness leading to his death. It mentions that he fell ill during his journey back home after the Hajj in the year 11 AH (Hijri calendar). The cause of his death is not explicitly stated in the provided context.

The Model Answer states: ""Tar mrityur karon chilo Khaibarer bishkriya."" This translates to ""The cause of his death was the battle of Khaibar.""

**Step 1:** Identify factual claims made by the Model Answer:
- The cause of Muhammad's death was the battle of Khaibar.

**Step 2:** Check whether these claims are supported by the Context:
- The context does not mention anything about Muhammad dying in a battle or specifically at Khaibar.
- It only mentions that he fell ill during his journey back home after the Hajj and that he died shortly afterward.

**Final Verdict:**
The Model Answer is hallucinated relative to the given context because it attributes Muhammad's death to a specific battle (Khaibar) which is not supported by the provided information. The context only mentions an illness, not a battle-related cause of death.

Last line: **No**.",no
bengali--2360904266908875273-1::comprehension,bengali--2360904266908875273-1,comprehension,Bharotiyo jatiyotabadi neta Surendranath Bandyopadhyayer udyoge 1922 sale gonotantrik sayattashashon songstha hisebe Kolkata Poursongstha protishthito hoy. 1947 sale Bharat shadhin howar por 1951 o 1956 sale dui bar Corporation ain shongshodhon kora hoyechilo. Bortoman Poursongsthati 1980 saler shongshodhito pour ainer vitti te porichalito hoy. Shovon Chattopadhyay Kolkata Poursongsthar bortoman mohanagorik.,Kolkata poursongsthar bortoman mohanagorik ke?,Shovon Chattopadhyay,Subhash Chandra Bose chhilen bortoman mohanagorik.,"**Reasoning:**

The context discusses the history of Kolkata Corporation and its leaders. It mentions that Subhas Chandra Bose was a notable leader but does not explicitly state that he was the ""bortoman mohanagorik"" (first mayor) of Kolkata.

1. **Claim:** Subhash Chandra Bose was the bortoman mohanagorik.
2. **Verification:** The context does not explicitly confirm this claim, although it mentions his role as a notable leader.

**Verdict:**
The model answer is hallucinated relative to the given context and question because while Subhas Chandra Bose was indeed a significant figure in Kolkata's history, there's no explicit confirmation that he was the first mayor. The context only states that Kolkata Poursongstha (Corporation) was established in 1922 but does not specify who its first mayor was.

**Final Answer:** No",no
bengali-1937732384790147463-3::factualness,bengali-1937732384790147463-3,factualness,"Intel sthapito hoy 1968 shale Mountain View, California-y. Gordon E. Moore (ekjon rosayonbid ebong podarthobid) ebong Robert Noyce (podarthobid ebong integrated circuit-er sohokari udbhabok) jokhon ""Fairchild Semiconductor"" chere jan tokhon tara eti protistha koren. Protisthar por er tritiyo chakurijibi chilo Andy Grove[10], ekjon rashayonik karigor jini ei company-ke porichalona koren 1980 er doshoker beshirvog ebong 1990 er doshoker shomoy jokhon Intel unnotilav korechilo.
Prothomdike Moore ebong Noyce cheyechhilen company-r nam rakha hobe ""Moore Noyce""[11], kintu eti shunte pray ""more noise"" er moto shonay ebong electronic",Intel Corporation company ke protistha koren?,Gordon E. Moore (ekjon rosayonbid ebong podarthobid) ebong Robert Noyce,Intel Corporation protistha koren Andy Grove ebong Gordon Moore.,"**Analysis:**

Step 1:
- Claim: Intel Corporation was founded by Andy Grove and Gordon Moore.

Step 2:
- The context mentions that Andy Grove joined Intel as its third employee in 1968.
- However, it states that Gordon E. Moore and Robert Noyce founded Intel in Mountain View, California in 1968.
- There's no mention of Andy Grove being one of the founders.

Step 3:
Based on the context provided, the claim made by the Model Answer is not supported. The context clearly states that Moore and Noyce founded Intel, not Grove.

**Final Verdict:** No",no
bengali-8974397943858364761-7::inference,bengali-8974397943858364761-7,inference,"Hakaluki Haor Bangladesh-er shorbobrihot haor. Er ayoton 18,115 hector, tonmoddhe shudhumatro biler ayoton 4,400 hector. Eti brihottor Sylhet jelar Borolekha (40%), Kulaura (30%), Fenchuganj (15%), Golapganj (10%) ebong Beanibazar (5%) jure bistrito. Bhutatttikvabe er obosthan, uttore Bharoter Meghalaya pahar ebong purbe Tripura paharer padodeshe. Bhutatttik boishishtyer karone ujane prochur pahar thakay Hakaluki Haore pray proti bochorei akoshmik bonna hoy. Ei haore 80-90ti choto, boro o majhari bil royeche.[2] Sheetkale eshob bilke ghire porijayi pakh",Hakaluki Haor Bangladesh-er kon jelay obosthito?,Sylhet,Hakaluki Haor mainly Moulvibazar jelay obosthito.,"**Reasoning:**

The context states that Hakaluki Haor is mainly located in Sylhet district (40%), followed by Kulaura (30%), Fenchuganj (15%), Golapganj (10%), and Beanibazar (5%). However, the model answer claims that it is mainly located in Moulvibazar district.

**Verdict:**

The claim made by the model answer is not supported by the context. Therefore, the answer is **no**.",no
bengali--1017639988632295163-2::specificity,bengali--1017639988632295163-2,specificity,"Bishwer shobcheye jonobohul deshgulor talikay Bangladesher obosthan oshtom jodio ayotoner hisebe Bangladesh bishwe 94tom; fole Bangladesh bishwer shobcheye ghonobosotipurno deshgulor nobom. Matro 56 hajar borgomailer-o kom ei khudrayotoner deshtir prakkolito (2018) jonoshonkha 18 kotir beshi orthat proti borgomaile jonobosoti 2889 jon (proti borgo kilometare 1115 jon). Rajdhani Dhaka shohorer jonoshonkha 1.44 koti ebong Dhaka mohanogorir jonoghonotto proti borgomaile 19,447 jon.[2] Desher jonoshonkhar 99 shotangsho manusher matrivasha Bangla; sakkhorotar har 72 shotang",Jonoshongkhar bichare 2018 sale Bangladesh prithibite kottom sthan odhikar koreche?,oshtom,2018 er hishabe Bangladesh jonoshongkhar dik diye prithibite doshom sthane chhilo.,"**Analysis:**

The model answer states that in 2018, Bangladesh's population density was at its highest point. However, the context provided does not mention anything about the peak year for Bangladesh's population density. It only provides static figures and comparisons without specifying any trends over time.

**Verdict:** The model answer is hallucinated as it makes a factual claim that is not supported by the given context. Therefore, the final answer is:

No",no
bengali--9074820732379768553-2::specificity,bengali--9074820732379768553-2,specificity,"Islam shobdoti esheche Arbi s-l-m shobdoti hote; jar du'ti ortho: 1. shanti 2. atmasamarpan kora. Songkhepe, Islam holo shanti (protistha)'r uddeshe ek o odditiyo Ishwar (Allah)-er kache atmasamarpan kora.",Islam shobdoti utpotti kon shobdo theke hoyeche?,Arbi s-l-m,"Islam shobdoti mone hoy Arbi ""salam"" shobdo theke esheche, jar ortho shudhu shanti.","**Analysis:**

1. **Claim:** Islam shobdoti (Islamic greeting) is derived from Arbi ""salam"" shobdo.
   - **Support in Context:** Yes, the context mentions that Islam shobdoti esheche Arbi s-l-m shobdoti hote.

2. **Claim:** The orthography (writing system) of this Islamic greeting is only shanti (peace).
   - **Support in Context:** No, the context does not mention that the orthography is only peace. It mentions two aspects: 1. shanti and 2. atmasamarpan kora.

**Verdict:**
The model answer has made a factual claim about the orthography of Islam shobdoti which is not supported by the given context. Therefore, it can be considered hallucinated.

Final answer: **No**.",no
bengali-2587325052835051518-5::specificity,bengali-2587325052835051518-5,specificity,"Sei shondhay, lekhika tar prothom uponnash lekha-purbo porikolponay hat den, Harry Potter and the Philosopher's Stone, ekta adha-poripurno porikolpona jate chilo sat boier kahinir ghotona, bibhinno oitihashik o atmojibonimulok tothaboli, o jadur duniya shomporkito bibhinno totho.[11] Shesh porjonto Rowling Portugal e chole jan, jekhane tini tar prothom shamike 1992 sale biye koren, ebong 1993 sale tar prothom shontan Jessica jonmogrohon kore. Eshomoy tini Philosopher's Stone lekha chaliye jachchhilen. Bibaho bichchheder por Rowling tar meyeke niye Britain e fire asen o Edinburgh e tar boner kachakachi boshobash",Je. Ke. Rowling rochito prothom uponnaser nam ki?,Harry Potter and the Philosopher's Stone,Harry Potter and the Chamber of Secrets,"**Analysis:**

The context discusses J.K. Rowling's life and her first book ""Harry Potter and the Philosopher's Stone"". It mentions that she wrote her first novel after moving to Portugal following her marriage in 1992, but it does not mention anything about a second book titled ""Harry Potter and the Chamber of Secrets"".

**Step-by-step evaluation:**

1. **Claim:** The Model Answer states that Rowling's first novel was named ""Harry Potter and the Chamber of Secrets"".
2. **Support from Context:** The context only mentions one novel, ""Harry Potter and the Philosopher's Stone"", and does not mention any other titles.
3. **Verdict:** Since there is no support for the claim made in the Model Answer within the given context, it can be considered hallucinated.

**Final verdict:** No",no
bengali--4965296737885262319-1::specificity,bengali--4965296737885262319-1,specificity,Allama Abdul Latif Chowdhury 1321 Banglar Falgun mase orthat 1913 saler prothom dike Sylhet jeler Zakiganj upojelar Fultoli grame jonmo grohon koren. [1] tar pitar nam Mufti Abdul Majid. [2] tini Hazrat Shah Jalal roh. er soforshongi 360 auliyar onnotomo Hazrat Shah Kamal roh. er bongshodhor chilen. [3][4],Abdul Latif Bangladesh-er kothay jonmogrohon koren?,Sylhet jelar Zakiganj upojelar Fultoli,Tini Chattogram-er Hathazari upojelar ek grame jonmogrohon koren.,"**Analysis:**

1. **Claim:** ""Tini Chattogram-er Hathazari upojelar ek grame jonmogrohon koren.""
   - Translation: ""He was born in a village named Hathazari of Chattogram district.""

2. **Support from Context:**
   - The context mentions that Abdul Latif Chowdhury was born in Sylhet's Zakiganj upazila, not Chattogram.
   - There is no mention of Hathazari in the context.

**Verdict:** The model answer contains factual information that is not supported by the given context. Therefore, it is a hallucination.

Final answer: **No**.",no
bengali--2480008975474553157-1::specificity,bengali--2480008975474553157-1,specificity,"Poshchimbonger bortoman mukhyomontri Mamata Bandyopadhyay. Tini rajyer oshtom totha prothom mohila mukhyomontri. 2011 saler bidhansobha nirbachone joylav kore 20 May tini mukhyomontri rupe shopoth grohon koren. Tini Poshchimbongo sarkarer swarastro, shastho o poribar porikolpona, bhumi o bhumisongskar, tothyo o songskriti, porbotanchol bishoyok, krishi, bidyut, kormi o proshashonik songskar, songkhaloghu kollyan o madrasa shikkha bibhagero varprapto montri.",Poshchimbonger bortoman mukhyomontri rajyer kottom mukhyomontri?,oshtom,Poshchimbonger bortoman mukhyomontri rajyer prothom mohila mukhyomontri.,"**Reasoning:**

1. **Claim:** ""Poshchimbonger bortoman mukhyomontri rajyer prothom mohila mukhyomontri.""
   - Translation: ""The chief minister of Poshchim Bangla is the first woman chief minister of the country.""

2. **Verification:**
   - The context mentions that Mamata Bandyopadhyay, the chief minister of West Bengal (Poshchimbong), was the first female chief minister of India (""rajyer prothom mohila mukhyomontri"") when she took office on 20 May 2011.

**Verdict:** The model answer is not hallucinated as it accurately summarizes information from the context. **No.**",no
bengali-570890316064763457-3::factualness,bengali-570890316064763457-3,factualness,"Jiner nucleotide-er porompara onujayi jibokosh amino acid toiri kore. Amino acid theke protein utponno hoy - protein-e amino acid-er krom ar jine nucleotide-er krom obhinno rokom hoye thake. Nucleotide-er krom ar amino acid-er kromer ei shomporko-ke genetic code bole. Protein-e obosthito amino acid nirdharon kore protein-er tri-matrik gothon ki roop hobe; ar er gothon protein-er kaj ki hobe ta nirdharon kore. Jine obosthito DNA'r ekta chotto poriborton protein gothonkari amino acid-er akar o kaje boro dhoroner poriborton srishti korte pare, ja kina oi kosh o shompurno jibodehe natokiyo poriborton ante pare.",Jiner nucleotide-er porompara onujayi jibkoshe kon acid thake?,Emino,Jiner nucleotide-er porompara onujayi jibkoshe **nucleic acid** thake.,"**Reasoning:**

1. **Claim:** The model answer states that ""nucleic acid"" takes place in the process of forming proteins from nucleotides.
2. **Support from Context:** The context discusses how amino acids are formed from nucleotides and how they combine to form proteins, but it does not explicitly mention ""nucleic acid"" being involved in this process.
3. **Verdict:** Since the context does not support the claim that ""nucleic acid"" is directly involved in forming proteins from nucleotides, the model answer appears to be hallucinated.

**Final Verdict:** No",no
bengali--2023018463008466125-2::comprehension,bengali--2023018463008466125-2,comprehension,"Bohu rajyo o juddhobaj netader shashonamole Choinik rajbongshogulo Chiner ekta angsho shashon korto. Jar simana bortoman Jingjian ebong Tibet porjonto bistrito chilo. 221 Khristopurbabde Qin Shi Huang bibhinno juddhorot rajyoguloke ekotrito kore Qin bongser ekta khudro ""samrajyo"" (Huangdi) protistha kore, Choinik samrajyer itihashe shuru koren. Poroborti rajbongshogulo ekta jonoproshashon byabostha protistha korechilo ja krome totkalin Chiner bishal elakay Choinik somrater niyontron protistha korte shahajjo kore. Chiner sorbosesh samrajyo chilo Qing samrajyo (1644 theke 191",Chin samrajyer protisthata ke?,Qin Shi Huang,Confucius-kei Chin samrajyer protisthata dhora hoy.,"**Analysis:**

The context discusses the founding of the Qin dynasty and its expansion under Emperor Qin Shi Huang. It mentions that after his death, the empire was divided among his generals, leading to the beginning of the Warring States period in Chinese history.

The model answer claims that Confucius founded the Chin (Qin) empire. However, there is no mention of Confucius in the context provided. Confucius lived during the Spring and Autumn Period and the Warring States Period but did not found any empire or dynasty.

**Verdict:** No",no
bengali-5204278583999214593-0::specificity,bengali-5204278583999214593-0,specificity,"Upendrakishor Ray Chowdhury (12i May, 1863 [1] - 20she December, 1915) bikhyato Bangali shishusahityik, Bangla chapakhanar ogropothik. Tini chilen ekadhare lekhok, chitrakor, prokashok, shokher jyotirbid, behalabadok o surkar. Sandesh potrika tini-i shuru koren ja pore tar putro Sukumar Ray o poutra Satyajit Ray shompadona koren. Gupi-Gain-Bagha-Bain, Tuntunir Boi ityadi tar-i omor srishti.",Upendrakishor Ray Chowdhury koto sale mara jan?,"20she December, 1915",Upendrakishor Ray Chowdhury mara jan praye 1916 shaler dike.,"**Analysis:**

Step 1: The Model Answer makes two factual claims:
   - Upendrakishor Ray Chowdhury died in the year 1916.
   - He was born in the year 1863.

Step 2: Checking these claims against the Context:
   - The Context mentions his death date as ""20she December, 1915"", not 1916.
   - There's no mention of his birth year in the provided Context.

Step 3: Based on steps 1-2, the Model Answer contains factual inaccuracies. It claims he died in 1916 when it was actually 1915, and it states a birth year that isn't supported by the given Context.

**Final Verdict:** yes",yes
bengali-5229637452375837893-4::comprehension,bengali-5229637452375837893-4,comprehension,"1947 shaler Bangla bivoktir purbe, 1905 shale proshashonik karyokromke sohojotor korar lokkhe purbo ebong poshchim Banglay bivokto kora hoy ja Bongo Bhongo hisebe porichito.[1] Se shomoy Poshchimbongla chilo Hindu odhyushito ebong Muslimra sekhane shongkhaloghu, onnodike Purbobangla chilo Muslim odhyushito ebong Hindura chilo shongkhaloghu. Muslim odhyushito Purbobanglar manush ei Bongo Bhonger proti joralo shomorthon janiechilo, kenona tara upolobdhi korechilo je ei bivoktir maddhome tara tader nijossho ekta prodesh pete pare. Kintu Hindura ei bivoktir bipokkhe shok",Obibhokto Bangla koto sale bivokto hoy?,1905,1911 shale bivokto hoy.,"**Analysis:**

The context discusses the Partition of Bengal in 1947 and the political climate leading up to it. It mentions that a proposal for a separate state for Bengali Hindus was floated in 1905 but ultimately rejected.

The Model Answer claims that ""Bivokto Bangla"" (Divided Bengal) happened in 1911.

**Step 1:** The factual claim made by the Model Answer is that Bivokto Bangla occurred in 1911.

**Step 2:** The context does not support this claim. It mentions a proposal for a separate state in 1905, but it does not mention any division of Bengal happening in 1911.

**Final Verdict:**

The Model Answer is **no**.",no
bengali--3774512871679223679-15::factualness,bengali--3774512871679223679-15,factualness,"Lalon Kushtiar Kumarkhali upojelar Cheuriyate ekta akhra toiri koren, jekhane tini tar shishyoder niti o adhyatmik shikkha diten. Tar shishyora take ""Sai"" bole sombodhon korten. Tini proti sheetkale akhray ekta bhandara (mohotsob) ayojon korten. Jekhane sohosradhik shishyo o somprodayer lok ekotrito hoten ebong sekhane songit o alochona hoto. Chattogram, Rangpur, Jashore ebong poschime onek dur porjonto Banglar vhinno vhinno sthane bohusongkhok lok Lalon Fakirer shishyo chilen; shona jay tar shishyer shonkha pray dosh hajarer beshi chilo.[13]",Lalon Sai ba Fakir Laloner akhra kothay chilo?,Kushtiar Kumarkhali upojelar Cheuriyate,Lalon Sair akhra chhilo Jashorer Chaugachay.,"**Analysis:**

1. **Claim:** Lalon Sai akhra chhilo (Lalon's school was in Jashore)
   - **Support:** The context mentions ""Jashore"" as one of the places where Lalon Fakir's disciples were present and active.

2. **Claim:** Akhra chhilo Chaugachay (The school was in Chaugacha, a town in Jashore)
   - **Support:** While the context doesn't explicitly mention ""Chaugacha,"" it does mention that Lalon's disciples were present in various places across Bangladesh, including Jashore. Given the common association of Lalon with Chaugacha, this claim is plausible but not definitively supported by the provided context.

**Verdict:**
The first claim is directly supported by the context, while the second claim is plausible but not explicitly confirmed. Therefore, the model answer contains a mix of accurate and plausible information without any clear hallucinations based on the given context.

**Final Answer:** No",no
bengali-4568438587242111098-0::factualness,bengali-4568438587242111098-0,factualness,"Murshidabad jela purbo Bharoter Poshchimbongo rajyer Malda bibhager ekta jela. Ei jelar moddho diye Bhagirathi nodi boye giye jelake duvag e vag koreche. Nodir poschimer angsho Rarh o purber angsho Baghira name porichito.[2] 5.314 borgo kilometer (2,062 borgo mile) ayotoner elaka ebong 71.02 lokkho jonoshonkha thakay eta ekta jonobohul jela. Murshidabad Bharoter nobomotomo (Bharoter 641ti jeler moddhe) jonobohul jela.[3] Ei jelar sadar doptor Baharampur shohore obosthito.",Murshidabad jeler sadar doptor kothay obosthito?,Bohorompur,Murshidabad jeler sadar doptor Jiaganj-e obosthito.,"**Reasoning:**

The context states that Murshidabad district has its headquarters (sadar doptor) in Baharampur. The model answer claims that it is located in Jiaganj-e. This information is not supported by the given context.

**Final Verdict:** No",no
bengali--3103999780934898975-0::inference,bengali--3103999780934898975-0,inference,"Shamsur Rahman (jonmo: 23 October, 1929, Mahuttuli, Dhaka - mrittu: 17 August, 2006) Bangladesh o adhunik Bangla sahityer onnotomo prodhan kobi. Bingsho shotabdir ditiyovag e dui Banglay tar shreshthotto o jonopriota protishthito. Tini ekjon nagorik kobi chilen. Bangladesh er shadhinota songramer upor likhito tar duti kobita khub e jonopriyo. Tini Mojlum Adib (biponno lekhok) chadmoname likhten.",Kobi Shamsur Rahman kobe jonmogrohon koren?,"23 October, 1929","Shamsur Rahman mone hoy 17 August, 2006 e jonmogrohon koren.","**Analysis:**

Step 1: The Model Answer makes two factual claims:
   - Shamsur Rahman died on 17 August, 2006.
   - This is the date of his death anniversary (jonmogrohon).

Step 2: Checking these claims against the Context:
   - The Context mentions ""mrittu: 17 August, 2006"", which supports the first claim.
   - However, the Context does not explicitly mention that this date is celebrated as Shamsur Rahman's death anniversary.

Step 3: Based on steps 1-2, while the first claim is supported by the Context, the second claim is not explicitly stated in the provided Context. Therefore, the Model Answer has made a factual claim that is not supported by the given information.

**Final Verdict:** No",no
bengali--466552506306330314-3::comprehension,bengali--466552506306330314-3,comprehension,"1935 sale Rabindranath tar ‘Anima’ namti poriborton kore ‘Konika’ rakhen. Oboshyo daknam hishabe tini byabohar korten ‘Mohor’. Pore Abanindranath Thakur tar ei ‘Mohor’ namti bistarito kore bolechhilen ‘Akbari Mohor’. 1935 salei shishushilpi hishabe prothom monchabotoron koren Konika. Shantiniketoner Sharodotsobe ekta onusthane balok-balikader dole ongsho niyechhilen tini. Jana jay, Rabindranather shonge tar shei prothom o shesh monchabotoron; karon shei onusthanti chhilo Rabindranather shesh monchabhinoy. 24 July 1940 Bolpur Telephone Kendrer udbodhoni onusth",Konika Bandyopadhyayer dak nam ki?,Mohor,Akbari Mohor,"**Analysis:**

The context discusses various events related to Rabindranath Tagore's life and works, including his sale of 'Anima' in 1935, which was later renamed 'Konika'. It also mentions that Abanindranath Thakur renamed it 'Akbari Mohor', but there is no mention of Konika Bandyopadhyay or any direct connection between her and the name 'Akbari Mohor'.

**Step 1:**
- Claim: Konika Bandyopadhyay's dak nam (letter name) was Akbari Mohor.

**Step 2:**
- The context does not provide any evidence to support this claim. There is no mention of Konika Bandyopadhyay or her connection to the name 'Akbari Mohor'.

**Final Verdict:**

The model answer is **no**.",no
bengali--5204568659066136602-1::specificity,bengali--5204568659066136602-1,specificity,"Usmaniyo Samrajyo ([دَوْلَتِ عَلِيّهٔ عُثمَانِیّه, Devlet-i Aliyye-i Osmâniyye]error: {{lang-xx}}: text has italic markup (help), adhunik Turki: [Osmanli Imparatorlugu ba Osmanli Devleti]error: {{lang}}: text has italic markup (help)), oitihashikvabe Turki Samrajyo ba Turshko bole porichito, chilo ekta Islami samrajyo. 1299 sale Oghuz Turki bongshodbhut Prothom Usman uttarposhchim Anatoliar dayitto pan Seljuk Samrajyo kotrik. Prothom dike Seljuk Samrajyer proti onugoto thakleo Seljuk Samrajyer krantilogne shadhinota ghoshona koren. Ebong dhire dhire ekta",Konstantinopol samrajjo kobe protishthito hoy?,1526,Konstantinopol samrajjo prai 1453 shaler dike protishthito hoy.,"**Analysis:**

The context discusses the Ottoman Empire (Usmaniyo Samrajyo) and its origins from the Oghuz Turks. It mentions that the empire was established in 1299 by Osman I, who took over from the Seljuk Empire. However, there's no mention of Constantinople (Konstantinopol) being captured or when it became part of the Ottoman Empire.

The Model Answer claims: ""Konstantinopol samrajjo prai 1453 shaler dike protishthito hoy."" This translates to ""The Constantinople empire was established in 1453."" This claim is not supported by the context provided, as it doesn't mention anything about Constantinople being captured or becoming part of the Ottoman Empire.

**Verdict:** The Model Answer is hallucinated relative to the given context and question. It introduces information that is not present in the context.

Final answer: **No**.",no
bengali-6744603928978231684-2::comprehension,bengali-6744603928978231684-2,comprehension,"Rag sangeeter charta prodhan riti ache. Egulo hocche: Dhrupad, Kheyal, Toppa o Thumri. Sangeete rag somahar-1) Rag Bilabal 2) Rag Alahiya Bilabal 3) Rag Imon 4) Rag Imon Kalyan 5) Rag Bhupali 6) Rag Bihag 7) Rag Kafi 8) Rag Bageshri 9) Rag Bhimpalshri 10) Rag Brindaboni Sarang 11) Rag Ashabari 12) Rag Jaunpuri 13) Rag Khambaj 14) Rag Rageshri 15) Rag Desh 16) Rag Kalabati 17) Rag Bhairab 18) Rag Nat Bhairab 19) Rag Ahiy Bhairab 20) Rag Ananda Bhairab 21) Rag Bang",Bharotiyo shastriyo sangeet onujare mot koto gulo raag ache?,65,Mot 21 ta raag ache.,"**Analysis:**

The context lists 21 ragas in total. The model answer claims that there are ""mot 21 ta raag ache"" (there are exactly 21 ragas).

**Step 1:** Identify factual claim - There are 21 ragas.

**Step 2:** Check support from context - The context indeed lists 21 ragas, supporting the model answer's claim.

**Final Verdict:**

The model answer is not hallucinated relative to the given context and question. It accurately reflects the information provided in the context.

**Last line:** No",no
bengali--602111576961978859-5::inference,bengali--602111576961978859-5,inference,"Bhawal Estate-er sorbosesh khomotaban jomidar chilen Raja Rajendranarayan Raychowdhury. Kaliprosanno Ghosh chilen tar dewan. Ullekhyo je, Kaliprosanno Ghosh unobingsho shotabdir ekjon khyatimaan lekhok chilen. Rajendranarayan Raychowdhury-r chilo tin putroshontan. Tara holen Ranendranarayan Raychowdhury, Romendranarayan Raychowdhury ebong Rabindranarayan Raychowdhury. 1901 sale Rajendranarayan-er mrityu hoy. Ei shomoy tar tin putro shontan-i chilen nabalok. Se karone jomidariti ekbar 1901 sale ebong ar ekbar 1904 sale Court of Wards-er odhine chole jay. Rajendran",Bhawal Sannyasi mamla kobe shesh hoy?,1951 sale,Bhawal Sannyasi mamla 1904 sale shesh hoy.,"**Analysis:**

The context provided discusses the history of Bhawal Estate and its owners, leading up to the death of Rajendranarayan Raychowdhury in 1901. It mentions that after his death, the estate came under the Court of Wards' control twice - once in 1901 and again in 1904.

The Model Answer claims: ""Bhawal Sannyasi mamla 1904 sale shesh hoy."" This translates to ""The Bhawal Sannyasi issue ended in 1904.""

**Step-by-step evaluation:**

1. **Claim:** The Bhawal Sannyasi issue ended in 1904.
2. **Support from Context:** The context mentions that the estate came under Court of Wards' control twice, with no mention of any further changes after 1904.

**Verdict:**
The Model Answer's claim is supported by the context provided. Therefore, it is not hallucinated relative to the given context and question.

**Final answer:** No",no
bengali--7488179106745368024-1::specificity,bengali--7488179106745368024-1,specificity,"Songeeter gotike loy bole. Gotir tartomyer jonno loyke tin vag e vag kora jay - 1) dhirgotir songeeter jonno bilombito loy, 2) drutogotir songeeter jonno druto loy ebong 3) moddhogotir songeeter jonno moddho loy. Moddho loy bilombito loyer digun o druto loyer ordhek gotir hoye thake. Matra songeeter loy ba gotir durotto mapar jonno byabohrito hoy. Protyekti matrar moddhovorti byabodhan soman hoy. Koyekti chondoboddho matrar somosti diye toiri hoy ekti tal.[1]",Songeete gotir tartomyer jonno loyke koyti vag e vag kora hoy?,tin,char ba pach dhoroner loy dhora hoy সাধারণত,"**Analysis:**

The context discusses how to calculate the total marks for different types of songs (dhirgotir, drutogotir, moddhogotir) in a competition. It mentions that:

- For dhirgotir songs, bilombito loy is used.
- For drutogotir songs, druto loy and ordhek gotir are considered.
- For moddhogotir songs, moddho loy and bilombito loy are used.

The model answer claims: ""char ba pach dhoroner loy dhora hoy সাধারণত"" which translates to ""Generally, marks for four or five songs are calculated.""

**Step 1:** The factual claim made by the Model Answer is that generally, marks for four or five songs are calculated.

**Step 2:** However, the context does not mention anything about calculating marks for a specific number of songs (like four or five). It only discusses how to calculate total marks based on the type of song.

**Step 3:** Therefore, the claim made in the Model Answer is not supported by the given context.

**Final Verdict:** The model answer is hallucinated relative to the code-mixed (Bangla-English) context and question. **No.**",no
bengali-9143804510384996509-0::inference,bengali-9143804510384996509-0,inference,"Manush bortoman prithibir shobcheye probhabshali jib. Adhunik manush (Homo sapiens, prothomikvabe SSP Homo sapiens sapiens) holo Hominina upojatir (othoba manob jati goshthi) ekmatro bidyoman sodossho ja banor poribarer ontorgoto Hominini gotrer ekta shakha. Tader boishishto holo sthir obosthan ebong gotishokti; onnanno pranir tulonay uccho dokkhota somponno ebong bhari soronjam byabohare sokkhomota; akare brihottor o jotil mostishko ebong samajik prani.[2][3]",Manush kon gotrer prani?,hominini,Manush ashole Hominina upojatir prani.,"**Reasoning:**

The context discusses the evolution of humans and their classification within the Hominini family. It mentions that modern humans belong to the genus Homo, specifically Homo sapiens sapiens, which is a part of the tribe Hominina.

The model answer claims that ""Manush ashole Hominina upojatir prani,"" which translates to ""Humans are creatures of the tribe Hominina.""

**Step 1:** The factual claim made by the Model Answer is that humans belong to the tribe Hominina.

**Step 2:** This claim is supported by the context, as it explicitly states that modern humans (Homo sapiens) belong to the tribe Hominina.

**Final Verdict:**

The model answer does not contain any false or unsupported information relative to the given context and question. Therefore, the final word is: **no**.",no
bengali-9099268636899707207-4::inference,bengali-9099268636899707207-4,inference,"Safdarjung bimanbondor 1930 sale nirmito hoyechilo ebong 1962 sal porjonto eti Delhir prodhan bimanbondor chilo. [14] Safdarjung bimanbondore jatribahi uran briddhir fole 1962 sale beshamorik uranguli Palam bimanbondore sthanantorito hoy (porobortite etir namkoron kora hoy IGIA). [14] Palam bimanbondorti Ditiyo Bishwajuddher somoy toiri hoyechilo Royal Air Force Station Palam name ebong British shashon oboshaner por, eti Bharatiyo Bimanbahinir jonno ekta biman bahini station hisebe kaj korto. Proti ghontay Palam bimanbondorer pray 1,300 jon jatri poribohoner khomota chilo. [14] 1970",Indira Gandhi antorjatik bimanbondor ba Palam bimanbondorti kobe toiri hoy?,1930 shale,Indira Gandhi antorjatik bimanbondor ba Palam bimanbondorti 1962 shale toiri hoy bole dhora hoy.,"**Analysis:**

The model answer states that ""Indira Gandhi International Airport (IGIA) was inaugurated in 1962.""

Let's check each claim:

1. **Claim:** Indira Gandhi International Airport (IGIA)
   - Context supports this as it mentions ""porobortite etir namkoron kora hoy IGIA"" which translates to ""was renamed IGIA"".

2. **Claim:** was inaugurated in 1962
   - The context also supports this claim with the statement ""Safdarjung bimanbondore uran briddhir fole 1962 sale beshamorik uranguli Palam bimanbondore sthanantorito hoy"".

**Verdict:** Both claims in the model answer are supported by the context.

**Final Answer:** No.",no
bengali-1628403038025158438-1::factualness,bengali-1628403038025158438-1,factualness,Bankura jela o er ashepasher oncholguli chilo madhyajugiyo Poshchimbonger Malla rajotter kendrobhumi. Madhyajuger sheshvage ei oncholer oitihashik o shangskritik gurutto briddhi pay. Khrishtiyo soptodosh shotabdite Boishnobdhorm Mallabhum-er rajdhormer morjada orjon kore. Erpor ei dhormoi ei oncholer shongskritir dik-nirdharok hoye othe. 1765 sale British East India Company Mallabhum rajyo odhikar kore ney ebong 1881 sale adhunik Bankura jelati protishthito hoy. Jelar namkoron kora hoy er sadar shohorer namanusare.[2],Koto shale Bankura jela protishthito hoy?,1881,1882 shale Bankura jela protishthito hoy.,"**Reasoning:**

The context states that Bankura district was established in 1881. The model answer claims it was established in 1882, which contradicts this information.

**Verdict:** No",no
bengali-279269366529103979-5::inference,bengali-279269366529103979-5,inference,"Prachin mohadesh Gondwanaland-er prokshiptangsho Bharatiyo pat namok ekta prodhan tectonic pat-er upor Bharoter sompurno angsho obosthit. Pray 9,00,00,000 bochor age Cretaceous juger shesh porbe Bharatiyo pat-ti uttar dike barshik 15 centimeter (6 inchi/bochor) hare sorte shuru kore.[6] 5,00,00,000 theke 5,50,00,000 bochor age Cenozoic juger Eocene porjaye 2,000-3,000 kilometer (1,200-1,900 mile) poth otikrom korar por pat-tir shonge Asia-r songhorsho hoy. Ei pat-er soron chilo onnanno gyato patguler soroner moddhe drutotomo. 2007 sale German bhutattobidra",Bharotiyo patti purbe kon mohodesher angsho chilo?,Gondwanaland-er,Bharotiyo patti purbe Laurasia-r angsho chilo.,"**Analysis:**

The context discusses the tectonic history of India and its collision with Eurasia. It mentions that around 50 million years ago during the Eocene period, India's northward movement led to the formation of the Himalayas.

1. **Claim:** ""Bharotiyo patti purbe Laurasia-r angsho chilo.""
   - This claim suggests that before the collision, India was part of Laurasia.
   - The context does not explicitly mention this, but it implies that India was moving northwards from its original position in Gondwana.

**Verdict:** While the model answer is not factually incorrect based on the given context, it introduces information (Laurasia) that is not explicitly stated. Therefore, it could be considered a form of hallucination.

**Final Answer:** No",no
bengali--5210760246858963269-0::comprehension,bengali--5210760246858963269-0,comprehension,Siachen dondo Bharat o Pakistaner moddhe Kashmirer Siachen himbaher odhikarer jonno samorik dondo. 1984 Khristabde Bharoter sofol samorik ovijan Operation Meghdoot er maddhome ei dondher sutropat hoy.,Siachen dondher sutropat kobe hoy?,1984 khristabde,1987 khristabde Operation Meghdoot er por।,"**Reasoning:**

1. **Claim:** The Model Answer states that ""Siachen dondher sutropat hoy"" (The Siachen dispute started) in 1987.
2. **Support from Context:** The context mentions that the dispute started with Operation Meghdoot in 1984, not 1987.

**Verdict:**
Since the Model Answer provides a date for the start of the Siachen dispute that is not supported by the given context, it is considered **hallucinated**.

Final answer: yes",yes
bengali--1996491309013325271-1::specificity,bengali--1996491309013325271-1,specificity,Mowlana Abdul Hamid Khan Bhashani 1880 saler 12 December Sirajganjer Dhangora pollite jonmo grohon koren. Tar pita Haji Sharafat Ali. Haji Sharafat Ali o Begum Sharafat Alir poribare 4 ti shontaner jonmo hoy. Ekti meye o tinti chele. Mo: Abdul Hamid Khan sobar choto. Tar dak nam chilo Chega Mia. Chele-meye besh choto thaka obosthay Haji Sharafat Ali mara jan. Kichudin por ek mohamarite Begum Sharafat o dui chele mara jay. Beche thaken choto shishu Abdul Hamid Khan.,Trinomul rajnaitibid Maolana Abdul Hamid Khan Bhashani kobe jonmogrohon koren?,1880 saler 12 December,Maolana Bhashani mone hoy 1881 saler shurur dike jonmogrohon koren.,"**Analysis:**

1. **Claim:** Maolana Bhashani was born in 1881.
   - **Support from Context:** The context states that he was born in 1880.
2. **Claim:** He was born on an unspecified day in January.
   - **Support from Context:** The context mentions his birthday as December 12th, not January.

**Verdict:**
The model answer contains factual inaccuracies regarding the year and month of Maolana Bhashani's birth. Therefore, it is a hallucination relative to the given context and question.

Final answer: **No**.",no
bengali--8567711242522400652-6::factualness,bengali--8567711242522400652-6,factualness,"1897 khristabder 23 January, bortoman Odisha rajyer Cuttack shohore (Odia Bazar) jonmogrohon koren Subhashchandra Bose. Tini chilen Cuttack-probashi bishishta Bangali ainjibi Janakinath Bose o Prabhabati Debir choddho shontaner moddhe nobom. Shostho shreni porjonto Subhashchandra ekta Cuttack-er English school-e porashona koren; bortomane ei schooltir nam Stewart School. Erpor take vorti kora hoy Cuttack-er Ravenshaw Collegiate School-e. Subhashchandra chilen medhabi chatro. 1911 khristabde Matriculation porikkhay Kolkata theke prothom sthan odhikar koren tini. 1918 khristabde Kolkata University odhibhukto Scottish Church College theke",Netaji Subhash Chandra Bosu kon shohore jonmogrohon koren?,Kotok,Netaji Subhash Chandra Bosu Bhubaneshwar shohore jonmogrohon koren.,"**Analysis:**

1. **Claim:** Netaji Subhash Chandra Bosu jonmogrohon koren Bhubaneshwar shohore.
   - **Support in Context:** The context mentions that Netaji was born in Cuttack shohore, not Bhubaneshwar.

2. **Verdict:** The model answer is hallucinated as it incorrectly states the birthplace of Netaji Subhash Chandra Bose.

**Final Answer:** No",no
bengali-980178524144247371-11::comprehension,bengali-980178524144247371-11,comprehension,Abu Bakar 573 saler dike Makkar Quraish bongser Banu Taim gotre jonmogrohon korechen.[6] tar babar nam Abu Kuhafa o mayer nam Salma binte Sakhar.,Abu Bokorer babar nam ki chilo?,Abu Kuhafa,Abu Talib chilo tar babar nam.,"**Reasoning:**

The context provided discusses Abu Bakar's lineage and parents. It mentions that Abu Bakar was born to Abu Kuhafa and Salma binte Sakhar. The question asks for Abu Bakar's father's name.

The model answer states, ""Abu Talib chilo tar babar nam,"" which translates to ""His father's name was Abu Talib.""

However, the context does not mention any information about Abu Talib being Abu Bakar's father. Instead, it explicitly states that Abu Kuhafa is Abu Bakar's father.

**Verdict:** The model answer contains factual claims that are not supported by the given context. Therefore, it is a hallucination relative to the Bangla-English code-mixed context and question.

Last line: yes",yes
bengali--702710937599857272-3::specificity,bengali--702710937599857272-3,specificity,"Halaku Khaner kompokkhe tinjon shontan chilo. Tara holen Abaka Khan, Takudar o Tarakai. Abaka Khan 1265 theke 1282 sal porjonto Parsyer ditiyo Ilkhan chilen. Erpor Takudar 1282 theke 1284 porjonto Ilkhan chilen. Tarakaiyer putro Baidu 1295 sale Ilkhan hon.[4] 15sh shotabdir itihashbid Mir Khawand aro dui shontaner nam ullekh korechen, tara holen Hiyaksamat o Tandun. Hiyaksamat prothome Armenia o Azerbaijan ebong Tandun Diyarbakir o Iraker governor-er daittoe chilen.[5] Tader jonmer dharabahikotar talikati evabe lipiboddho royeche: Abaka, Hiyaksamat, Tandun, Takudar o Tarakai.",Ilkhanater ditiyo shasok ke chilen?,Abaka Khan,Ilkhanater prothom diker shasokder moddhe Takudar-er nam beshi ullekh kora hoy.,"**Analysis:**

The model answer states that ""In the first period of Ilkhanate, Takudar's name was mentioned more frequently.""

Step 1:
Factual claims made by the Model Answer:
- The first period of Ilkhanate is referred to.
- Takudar's name was mentioned more frequently during this period.

Step 2:
Checking these claims against the Context:

- The context mentions that Takudar ruled as Ilkhan from 1282 to 1284, which aligns with the ""first period of Ilkhanate"" claim.
- However, there's no explicit mention in the provided context about how frequently Takudar's name was mentioned compared to others during his reign.

Step 3:
Since the second claim is not explicitly supported by the given context, we cannot definitively confirm it as true based solely on this information.

**Final Verdict:** No",no
bengali-1733542226552149709-2::comprehension,bengali-1733542226552149709-2,comprehension,"Islam shobdoti esheche Arbi s-l-m shobdoti hote; jar du'ti ortho: 1. shanti 2. atmasamarpan kora. Songkhepe, Islam holo shanti (protistha)'r uddeshe ek o odditiyo Ishwar (Allah)-er kache atmasamarpan kora.",Islam shobdoti-r utpotti kon shobdo theke?,Arbi s-l-,Islam shobdoti Urdu s-l-m theke esheche.,"**Analysis:**

1. **Claim:** Islam shobdoti (Islamic teachings) originated from Urdu s-l-m (the Arabic phrase ""Assalamu alaikum"").
   - **Support in Context:** The context mentions that Islamic teachings started with Arbi s-l-m, not Urdu s-l-m.
   - **Verdict for Claim 1:** No support.

**Final Verdict:**
The model answer contains a factual claim that is not supported by the given context. Therefore, it can be considered hallucinated relative to the Bangla-English code-mixed context and question.

**Last line:** yes",yes
bengali-6246323317955015554-0::specificity,bengali-6246323317955015554-0,specificity,Bethune College Banglar itihashe prothom mohila college ja 1849 khristabde John Elliot Drinkwater Bethune-er prochestay Kolkatay protishthito hoy.,Bharotborsher prothom mohila college konti?,Bethune College,"Bharotborsher prothom mohila college hocche Lady Brabourne College, ja porobortite onek beshi porichiti pay.","**Analysis:**

1. **Claim:** Bharotborsher prothom mohila college hocche Lady Brabourne College
   - Context does not mention Lady Brabourne College.
   - Verdict: Not supported by context.

2. **Claim:** ja porobortite onek beshi porichiti pay.
   - The context mentions Bethune College as the first women's college in Bengal, established in 1849 by John Elliot Drinkwater Bethune.
   - Verdict: Not supported by context (as it contradicts the information given).

**Final verdict:** Both claims made by the Model Answer are not supported by the provided context. Therefore, the answer is **hallucinated**.

Last line: yes",yes
bengali--4995623503910904089-1::inference,bengali--4995623503910904089-1,inference,"Ruth o William domptir konna tini. Beatles-er proti pitar okontho valobasha theke tar namkoron hoy. Drummer-er stri Starr, Maureen Cox thekeo e name okkhor songjukto ghotan. Kintu ekta shobde nam nibondhone shomossar srishti hoyechilo.[1] Fole tar name du'ti 'R' o 'e' jukto korte hoyeche.[2] William o Jefferson namiyo tar aro dui bhai royeche.[3]",Moren Higa Magir babar nam ki?,William,Moren Higa Magir babar nam mone hoy Ruth chhilo.,"**Analysis:**

1. **Claim:** Moren Higa Magir babar nam mone hoy Ruth chhilo (Moren Higa Magir's father's name was remembered as Ruth).
2. **Verification against Context:**
   - The context mentions ""Ruth o William domptir konna tini"" which translates to ""Ruth and William were siblings"".
   - It does not mention any information about Moren Higa Magir or his father.

**Verdict:** The model answer is hallucinated as it makes a factual claim that is not supported by the given context. Therefore, the final verdict is:

**No.**",no
bengali--3419022654484055884-0::inference,bengali--3419022654484055884-0,inference,"Steve Jobs (puronam: Steven Paul Jobs) (English: Steven Paul ""Steve"" Jobs) (jonmo February 24, 1955, mrityu 5 October 2011)[10][11] Juktorashtrer ekjon uddyokta o projukti udbhabok. Take personal computer biplober pothikrit bola hoy. Tini Steve Wozniak ebong Ronald Wayne-er sathe 1976 khristabde ""Apple Computer"" protistha koren. Tini Apple Incorporation-er protisthata der onnotomo o sabek prodhan nirbahi kormokorta. Tini ""Pixar Animation Studios""-er o protisthata der onnotomo o sabek prodhan nirbahi kormokorta. 1985 sale Apple Incorporation-er ""Board of Directors-er"" sadoshoder sathe birodhe joriye tini Apple Incorporation",Apple company-r protisthata ke?,Steve Wozniak ebong Ronald Wayne,"Apple company-r protisthata chhilen Steve Jobs, karon tini 1976-e Apple Computer shuru koren.","**Analysis:**

1. **Claim:** The Model Answer states that Steve Jobs started Apple Computer in 1976.
   - **Support from Context:** Yes, it's mentioned in the context that ""Tini [Steve Jobs] Steve Wozniak ebong Ronald Wayne-er sathe 1976 khristabde 'Apple Computer' protistha koren.""
2. **Claim:** The Model Answer implies that Steve Jobs was the founder of Apple Company.
   - **Support from Context:** Yes, it's mentioned in the context that ""Tini [Steve Jobs] Apple Incorporation-er protisthata der onnotomo o sabek prodhan nirbahi kormokorta.""

**Verdict:**
Both claims made by the Model Answer are supported by the given context. Therefore, the answer is not hallucinated relative to the context and question.

**Final Word:** No",no
bengali--163578025751769909-14::comprehension,bengali--163578025751769909-14,comprehension,Michael Madhusudan Dutta birachito Meghnadbadh Kabya-e Meghnad nayok. Bhrata Birbahur mrityur por Lankar rajlakshmir prorochonay tini juddhajatra koren. Ei upakhyane Meghnader stri Promila. Debgan Meghnader juddhajatrar shomoy Ramchandrake rokha korar porikolpona koren. Nikumbhila jagyagare jagya shompadona kale Lakshman nirastra obosthay Meghnadke hotya koren. Tarpor protishodhkolpe Ravan Lakshmanke shaktishele biddho korle Ram Patalpurite probesh kore mrito pita Dasharather kach theke Lakshmaner punorujjiboner upay jene asen. Gronthosheshe royeche Meghnader antyeshtikriyar jonno Ravaner R,Indrajit ba Meghnader strir nam ki?,Promila,Meghnader strir nam chhilo Sulochona.,"**Reasoning:**

1. **Claim:** The name of Meghnad's wife was Sulochona.
   - **Support in Context:** The context mentions Promila as Meghnader stri (Meghnad's wife), not Sulochona.

2. **Claim:** Meghnader strir nam chhilo Sulochona.
   - **Support in Context:** There is no mention of Sulochona being Meghnad's wife in the given context.

**Verdict:**
The model answer contains factual claims that are not supported by the provided context. Therefore, it can be considered hallucinated relative to the given context and question.

**Final Answer:** Yes",yes
bengali--662161282079728201-5::comprehension,bengali--662161282079728201-5,comprehension,1960 saler August mase Ziaur Rahmaner sathe tar biye hoy. Ziaur Rahmaner dak nam Komol. Zia tokhon chilen Pakistan senabahiner ekjon captain. D F I er officer hishabe tokhon Dinajpure kormorot chilen.,Bangladesh Jatiyotabadi daler prodhan Begum Khaleda Ziar shamir nam ki chilo?,Ziaur Rahmaner,Komol Ziaur Rahmaner nam e porichito,"**Reasoning:**

The context provided discusses Ziaur Rahman's marriage in 1960 and his position as a captain in Pakistan. It also mentions that he was an officer of DFI (Dacca Fire Insurance) at that time, living in Dinajpur.

The Model Answer claims: ""Komol Ziaur Rahmaner nam e porichito"" which translates to ""Ziaur Rahman's wife's name is Komol"".

However, the context does not provide any information about Ziaur Rahman's wife or her name. Therefore, the model answer is making a factual claim that is not supported by the given context.

**Final Verdict:** No",no
bengali-8842503098497321541-0::factualness,bengali-8842503098497321541-0,factualness,"Eshiyo Shamukkhol (baigganik nam: Anastomus oscitans) (English: Asian Openbill), Shamkhol ba Shamukbhanga Ciconiidae (Saikonidi) gotro ba poribarer ontorgoto Anastomus (Anastomas) goner ontorgoto ek projatir shwetokai brihodakritir pakhi.[2][3][4] Eshiyo Shamukkholer baigganik namer ortho hai tola mukher pakhi (Greek: anastomoo = mukh; Latin: oscitans = hai tola/mukh khola).[3] Odbhut thonter jonno khub shohoje onnanno pakhi theke eke alada kora jay. Thonter nicher angsher sathe uparer angsher besh boro fak thake. Pakhiti Bangladesh, Bharat charao dokkhin","Eshiyo shamukkhol, shamkhol ba shamukbhanga pakhir baigganik nam ki?",Anastomus oscitans,Eshiyo shamukkholer baigganik nam holo **Anastomus indicus**.,"**Analysis:**

1. **Claim:** The model answer states that the scientific name of Eshiyo Shamukkhol is ""Anastomus indicus"".
2. **Support from Context:**
   - The context mentions ""Anastomus oscitans"" as the scientific name for Eshiyo Shamukkhol.
   - There's no mention or hint of any other scientific name like ""Anastomus indicus"".

**Verdict:** Since the model answer provides a different scientific name (""Anastomus indicus"") than what is mentioned in the context (""Anastomus oscitans""), it is hallucinated.

Final answer: **No**.",no
bengali--7157345455253053268-0::factualness,bengali--7157345455253053268-0,factualness,"Uttor Chobbish Porgona jela Bharat er purbancholiyo rajyo Poshchimbonger Kolkata shohorer uttar-purbo diker ekta jela. Jelati Presidency bibhager ontorbhukto. 1983 sale Dr. Ashok Mitrer proshashonik shongskar committee ei jelake bivajoner suparish koren. 17i Falgun 1392 Bongabde (1986 sale 1la March) 24 Porgona jelatike dwikhondito kore oi jelar uttarangsho niye Uttor 24 Porgona jela sthapon kora hoy. Er proshashonik bhobon o shodor doptor Barasat shohore obosthito. Barasat, Barrackpur, Bonga, Basirhat, Bidhannagar ei panchti mohakuma niye Uttor 24 Porg",Poshchimbonger Uttar Chobbish Porgona jela koyti mohkuma niye gothito?,pach,chhoy mohkuma niye gothito.,"**Analysis:**

The model answer claims that ""chhoy mohkuma niye gothito"" (two districts were included).

**Step 1:** Identify factual claim(s) made by the Model Answer.
- Claim: Two districts were included.

**Step 2:** Check whether each claim is supported by the Context.
- The context mentions five districts (Barasat, Barrackpur, Bongaon, Basirhat, Bidhannagar), but it does not explicitly state that only two of them were included. It merely states that these districts were grouped together with Uttor 24 Pargana.

**Step 3:** Based on steps 1-2, decide the final verdict.
The context does not support the claim that ""only two districts were included."" Therefore, the model answer is hallucinated relative to the given context and question.

Final verdict: **no**.",no
bengali-6235993678020888535-0::specificity,bengali-6235993678020888535-0,specificity,"Bishwer itihash bolte ekhane Prithibi namok grohe boshobashkari manobjatir itihash bojhano hoyeche, groho hisebe Prithibir itihash noy. Manusher itihash muloto puraprostor juge Prithibi jure shuru hoy. Adim jug theke prapto shokol protnotattwik o likhito dolil er awtavukto. Likhon poddhoti abishkarer moddho diye prachin pramanyo itihasher[1] shuru hoy.[2][3] Jodio likhon poddhoti abishkarer purboborti jugeo shobhyotar nidorshon paoa geche. Pragaitihashik juger suchona ghote puraprostor juge. Sekhan theke shobhyota probesh kore nobyoprostor juge ebong eshomoy",Puraprostor juger por kon juger abirbhab hoyechilo?,nobyo-prostor,Puraprostor juger por shadharonoto tamro-prostor juger abirbhab hoyechilo.,"**Analysis:**

The model answer claims that ""in the Puraprostor jug (era), there was a widespread doubt about the Tamro-prostor jug.""

Step 1:
- Claim: There was widespread doubt in the Puraprostor jug about the Tamro-prostor jug.

Step 2:
- The context mentions that after the Prithibi namok groho, the Puraprostor jug started with a focus on written documents and laws. It also mentions that there were doubts and debates (jodio likhon poddhoti abishkarer purboborti jugeo shobhyotar nidorshon paoa geche) during this period.
- However, it does not explicitly mention doubt about the Tamro-prostor jug specifically.

Step 3:
- The context supports that there were doubts and debates in general during the Puraprostor jug but does not specify that these doubts were about the Tamro-prostor jug.

**Final Verdict:** No.",no
bengali--4054160116099300556-3::factualness,bengali--4054160116099300556-3,factualness,"Titumirer onusarir shonkha bere ek shomoy 5,000 giye pouchhay.[7] Tara soshastro shongramer jonno prostut hoy. 1831 saler 23she October Barasater kache Baduriyar 10 kilometer dure Narikelbariya grame tara bansher kella toiri kore. Bash ebong kada diye tara dwi-stor bishishto ei kella nirman kore.",Titumir basher kella ta kothay nirman korechilen?,Barasater kache Baduriyar 10 kilometer dure Narikelbariya grame,Titumir basher kella ta Barasater kache Baduriyar 12 kilometer dure Gobardanga grame nirman korechilen.,"**Analysis:**

1. **Claim:** Titumir's bell tower was built in Gobardanga gram.
   - **Support from Context:** The context mentions that the bell tower was built near Narikelbariya gram, not Gobardanga.

2. **Claim:** The bell tower was built 12 kilometers away from Barasat.
   - **Support from Context:** The context states it was built 10 kilometers away from Baduriyar, which is near Barasat.

**Verdict:**
The model answer contains a hallucinated fact (Gobardanga gram) and contradicts the given context regarding the distance from Barasat. Therefore, the final verdict is:

**No.**",no
bengali-4053447918705035470-0::inference,bengali-4053447918705035470-0,inference,"Cumilla Victoria College Cumilla jelay obosthito. Eti Cumillar shobcheye puraton ebong bikhyato college. Cumilla Victoria College 1899 sale protishthito hoy. Ray Bahadur Ananda Chandra Ray Rani Victoria-r name eti protistha koren. Tini thikadari peshar sathe jukto chilen ebong shikkha-onuragi chilen. Cumilla Victoria College protistha korar jonno bipul poriman ortho byay korechen. Ei college evabe poripurno bastobe rup ney. College-ti protisthar por British sarkar take ""Ray Bahadur"" upadhi prodan kore. Tar smriti rokkharte Victoria College-er intermediate shakhay prodhan fotoke ekti sada ronger bhaskarjo toiri kora hoyeche. Biggani Satyendranath Bose chilen ei college-er prothom",Cumilla Victoria College kon bishwobidyaloyer ontorgoto?,Bangladesh Jatio Bishwabidyaloy,Cumilla Victoria College mone hoy Cumilla Bishwabidyaloyer ontorgoto chhilo.,"**Analysis:**

1. **Claim:** Cumilla Victoria College was once known as Cumilla Bishwabidyaloyer ontorgoto.
   - **Support in Context:** The context mentions that Cumilla Victoria College is a renowned college but does not explicitly state it was once known by another name.

2. **Claim:** It was known as such at one point in time.
   - **Support in Context:** There's no mention of this in the provided context.

**Verdict:**
The model answer contains factual claims that are not supported by the given context. Therefore, it is a hallucination relative to the context and question.

**Final Answer:** No",no
bengali-7761912973681941309-9::specificity,bengali-7761912973681941309-9,specificity,"1756 sale Nawab Sirajuddaulla Kolkata dokhol kore nebar pore (20 June) Lord Clive ebong Watson Tamilnadu theke jahajjoge soinyobahini niye asen o Kolkata punordokhol koren (2 January, 1757). Chandannagar dokhol korar pore Sirajuddaullake utkhato korar jonno Sirajer poribarer koyekjon o Mir Jafar, Umichand, Jagat Sheth promukhder shonge shorojontro koren. Chukti moto kaj hoy o Nadiyar Palashir prantore Sirajuddaullar shonge prohoshonmulok juddho hoy. Sirajuddaulla porajito hoye palabar kale dhora pore nihoto hon. Chukti moto Mir Jafar Nawab hon ebong Clive nogod trish lokkho taka o Chobbish Parganar",Chhiyattorer monnontore kotojon manush mara jay?,pray 10 million,pray 10 hajarer moto মানুষ mara jay,"**Reasoning:**

The context describes the Battle of Plassey in 1757, where Sirajuddaulla was defeated by the British. The model answer claims that ""around ten thousand people died"" (pray 10 hajarer moto মানুষ mara jay).

Step 1: Factual claim - Around ten thousand people died.
Step 2: Checking with context - The context does not provide an exact number of casualties, but it mentions a fierce battle and Sirajuddaulla's defeat. It does not explicitly state that around ten thousand people died.

Verdict:
The model answer is **hallucinated** relative to the given context as there is no explicit support for the claim that around ten thousand people died in the Battle of Plassey.

Final line: yes",yes
bengali--2670679576736811691-0::factualness,bengali--2670679576736811691-0,factualness,"Pritilata Waddedar jini Pritilata Wadder nameo porichito (jonmo: May 5, 1911; mrityu September 24, 1932)[1], daknam Rani, chadmanam Phultar, ekjon Bangali chilen, jini British birodhi shadhinota andoloner onnotomo nari muktijoddha o prothom biplobi mohila shohid bektitto.[2] Totkalin Purbobonge jonmo neya ei Bangali biplobi Surya Sener netritte tokhonkar British birodhi soshastro andolone sokriyo vabe ongsho nen ebong jibon bisorjon koren. 1932 Khristabde Pahartali European Club dokholer shomoy[3][4] tini 15 joner ekta biplobi dol porichalona kor",Pritilata Waddedar kon sale jonmogrohon koren?,1911,1910 সালে jonmogrohon koren.,"**Analysis:**

Step 1: The Model Answer claims that Pritilata Waddedar was born in the year ""1910 সালে"".

Step 2:
- The context mentions her birth date as ""May 5, 1911"" (jonmo: May 5, 1911).
- There is no mention of any other birth year for Pritilata Waddedar in the provided context.

Step 3: Since the Model Answer's claim about the birth year does not align with the information given in the context, it can be considered a hallucination.

**Final Verdict:** No.",no
bengali-755752664402057654-0::specificity,bengali-755752664402057654-0,specificity,"Amir Minai (Urdu: Amir Mina i; jonmo: 1928 - mrittu: 19 October, 1900) bikhyato Urdu kobi chilen. 1828 sale Lucknow te jonmogrohon koren ebong 1900 sale Hyderabad e mrityuboron koren. Tar puro nam Amir Ahmad Minai. Tini Amir chadmoname lekhalekhi korten. Tini ekta kobitay namer e doito byaboharer kotha ullekh korechen: nam ka nam, takhallus ka takhallus hai Amir, ek yeh wasf khudadad mere nam mein hai",Amir Ahmad Minai er chadmonam ki chilo?,Amir,Tar chadmonam chilo Ahmad Minai bole dhora hoy.,"**Analysis:**

1. **Claim:** The model answer states that Amir Ahmad Minai's pen name was ""Ahmad Minai"".
   - **Verification:** The context mentions that Amir Minai used a pen name but does not explicitly state what it was.

2. **Claim:** The model answer uses the phrase ""bole dhora hoy"" which translates to ""was called"".
   - **Verification:** This phrase is not directly supported by the context, as it's written in Bangla and the context is primarily in Urdu with some Bangla words.

**Verdict:**
The model answer contains factual claims that are not explicitly supported by the given context. While it might be true that Amir Ahmad Minai used ""Ahmad Minai"" as his pen name, this information is not provided in the context given. Therefore, the model answer can be considered **hallucinated**.

**Final Answer:** Yes",yes
bengali-502031366341688023-0::specificity,bengali-502031366341688023-0,specificity,"Guru Nanak Dev () (Punjabi: ਗੁਰੂ ਨਾਨਕ; Hindi: guru nanak, Urdu: گرونانک, [ˈɡʊɾu ˈnɑnək] (April 15, 1469 - September 22, 1539) Sikh dhormer probokta ebong ei dhormer prothom guru. Proti bochor Kartik Purnima tithite tar jonmoutsob palito hoy.[1] Tini bohu sthane vromon kore manusher moddhe ek Ishwarer motobad procholon koren.[2] Tini somota, bhratritto o sodachoroner opor nirvor kore ekta ononno dhormiyo, samajik o rajnaitik byabostha procholon korte sokkhom hon.[3][4][5] Sikh dhorme bishwas kora hoye thake",Guru Nanoker mrityudibosh kobe?,"September 22, 1539",Guru Nanoker mrityudibosh shadharonoto Kartik Purnimar shomoy palon kora hoy.,"**Analysis:**

1. **Claim:** Guru Nanak Dev's death anniversary (mrityudibosh) falls in Kartik Purnima.
   - **Support from Context:** The context mentions that Guru Nanak Dev was born on Kartik Purnima, but it does not explicitly state that his death anniversary also falls on this day. However, it is a common practice in Sikhism to celebrate both birth and death anniversaries of their gurus on the same day.

2. **Claim:** The death anniversary is celebrated annually (palon kora hoy).
   - **Support from Context:** The context does not provide direct evidence for this claim. While it's true that such anniversaries are typically commemorated annually, there's no explicit mention of this in the provided context.

**Verdict:**
While the first claim aligns with common Sikh practices and could be considered accurate based on cultural knowledge, the second claim is not explicitly supported by the given context. Therefore, the model answer contains some unsupported information.

**Final Answer:** No",no
bengali-1429724599905928491-2::specificity,bengali-1429724599905928491-2,specificity,"Krishna shobder ortho kalo ba ghon nil. Gauriyo Boishnob shomprodayer Hare Krishna mahamontre, anekei Krishna shobdoti shorboakorshok orthe byabohar kora hoyeche bole mone koren. Bhagoboto Purane Krishnake prayoshoy bongshi-badonrot ek kishorer rupe bornona kora hoyeche.[2] Abar Bhagobadgitay, tini ek pothprodorshok ebong shohayok torun rajputro. Shomogro Mahabharot kabye, tini ekjon kutonitiggo hishabe Pandobpokkh e mukkho bhumika palon korechen, Kurukshetrer juddhe Arjuner rother sarothirupe obotirno hoyechen.[3] Hindu dorshon o dhormotattwik oitihye Krishna-sh",Gouriyo Boishnob dhormabolombi lokeder aradhyo debota ke?,Krishna,Gouriyo Boishnob der kache aradhyo debota holo Bishnu-r ek bishesh rup Narayan.,"**Analysis:**

The context discusses Krishna's various forms and appearances in Hindu mythology. It mentions that Krishna is worshipped as Bishnu's special form Narayan by Gauriyo Boishnob (Gaudiya Vaishnavism). The model answer claims that ""Gouriyo Boishnob der kache aradhyo debota holo Bishnu-r ek bishesh rup Narayan,"" which translates to ""In Gaudiya Vaishnavism, the worshipped deity is Bishnu's special form Narayan.""

**Step 1: Factual Claims**
- The worshipped deity in Gauriyo Boishnob is Bishnu's special form Narayan.

**Step 2: Support from Context**
- The context explicitly mentions that Krishna (Bishnu's avatar) is worshipped as Narayan by Gaudiya Vaishnavism.

**Verdict:**
The model answer accurately reflects the information provided in the context. It does not contain any unsupported or fabricated claims.

**Final Answer:** No",no
bengali--3636759562453927542-3::inference,bengali--3636759562453927542-3,inference,"1985 sale Markin Juktorashtrer telecom niyontronk Federal Communication Commission (FCC) kortik bename bornomalar koyekti band kholar jonno onumoti deya hoy, ja Wi-Fi name porichito. Jekhane sorkari license er proyojon charai byabohar korte onumoti deya hoyechilo. Oi somoy ei podokkhep somporke khub kom lok e janto; echara ham-radio channel ti chilo licensehin ekta bornali. Kintu FCC-r kormochari, Michael Marcus chilo shopnodorshi prokousholi jini shilpo, baigganik o chikitsa band theke tin vag er ek vag spectrum grohon koren ebong jogajog uddokted er kache taderke byaboharer jonno unmukto kore diyechilen.",Wi-Fi shobdotir byabohar prothom kobe theke shuru hoy?,1985 shale,Wi-Fi shobdotir byabohar prothom 1990 shale shuru hoy.,"**Analysis:**

Step 1: The Model Answer claims that ""Wi-Fi shobdotir byabohar prothom 1990 shale shuru hoy"" (The first commercial use of Wi-Fi started in 1990).

Step 2:
- The context mentions that the FCC opened up the spectrum for unlicensed use in 1985, which could potentially allow Wi-Fi to start then.
- However, it also states that Michael Marcus, a FCC engineer, pushed for this change and made it happen around 1990.

Step 3: Based on steps 1-2, the Model Answer's claim is not fully supported by the context. While the context does mention that Wi-Fi could have started in 1985 with the FCC's decision, it also emphasizes that Marcus' efforts made it happen around 1990.

**Final Verdict:** No",no
bengali-7838235126646531080-5::factualness,bengali-7838235126646531080-5,factualness,"Alfred Wallace Juktorajyer Wales-e obosthito Monmouthshire County-r Usk shohorer nikotoborti Llanbadoc namok grame jonmogrohon koren.[2] Thomas Wallace o Mary Ann Greenell-er noy shontaner moddhe tini chilen shoptom. Thomas shombhoboto Scottish bongshodbhuto. Tar poribar, onno onek Wallace poribarer motoi, troyodosh shotoke Scotland-er shadhinota juddhe netritto dankari William Wallace-er sathe bongshiyo shomporker dabi kore.[3] Thomas ain bishoye degree orjon korleo kokhono ain byabsha korenni; uttaradhikar sutre kichu jomi peyechilen jekhan theke ay-o hoto, kintu byartho biniojer karone tader poribarer orthonaitik obostha dindin",Bikhyato British prokritibid Alfred Russel Wallace kon shohore jonmogrohon koren?,ask,Alfred Russel Wallace Cardiff shohore jonmogrohon koren.,"**Reasoning:**

The context provided discusses Alfred Russel Wallace's birthplace in detail. It mentions that he was born in Usk, a town in Monmouthshire County, Wales, and specifically in Llanbadoc village.

The model answer claims that Alfred Russel Wallace was born in Cardiff.

**Verdict:** The model answer is hallucinated because it contradicts the information provided in the context about Wallace's birthplace. Therefore, the final word is:

No",no
bengali-1771748160489305957-0::inference,bengali-1771748160489305957-0,inference,"Bhawal Sannyasi mamla bingsho shotoker prothom bhager ekta bikhyato mamla. Obibhokto Bharatborsher Bangla prodesher Bhawal Estate-er (bortomane Bangladesh-er Gazipur jelay obosthito) kortitto niye ei mamlar mul protipadyo chilo, mamlar badir porichoy.[1] Badi nijeke Bhawal-er Rajkumar Ramendranarayan Ray hishabe dabi korechilen, ek doshok age jar mrityu ghotechilo bole sobai janto.[2]",Obibhokto Bharatborsher Bangla prodesher Bhawal Estate bortoman Bangladesher kon jelay obosthito?,Gazipur,Bhawal Estate mone hoy Dhaka jelay obosthito chilo.,"**Reasoning:**

The context mentions that Bhawal Estate was located in Bangladesh's Gazipur district. The model answer claims that it was originally situated in Dhaka. This is a factual error as there is no mention of Dhaka in the provided context.

**Final Verdict:** No",no
bengali--5964381449812256738-1::inference,bengali--5964381449812256738-1,inference,"211.81 borgo ki.mi. ayotoner Birampur upojelar ward 9ti o moholla 29ti. Ei upojelar uttore Phulbari upojela o Nawabganj upojela, dokkhine Hakimpur upojela o Bharoter Poshchimbongo, purbe Nawabganj upojela o Hakimpur upojela ebong poschime Phulbari upojela o Poshchimbongo dara ghera. Nodinodir moddhe Jamunar shakha nodi ullekhjoggo. Eti muloto Jamuna nodir upobahika. Rajdhani Dhaka theke eti pray 300 ki.mi. uttore ebong Dinajpur sadar theke eti 56 ki.mi. dokkhine obosthito.",Birampur upojelar mot ayoton koto?,211.81 borgo ki.mi,"Birampur upojelar mot ayoton mone hoy 300 ki.mi. er moto, karon eta Dhaka theke pray 300 ki.mi. uttore obosthito.","**Analysis:**

1. **Claim:** Birampur upojela (sub-district) is located 300 km north of Dhaka.
   - **Support in Context:** The context mentions that Birampur is located ""uttore Phulbari upojela o Nawabganj upojela"" which translates to ""north of Phulbari and Nawabganj sub-districts"". However, it does not explicitly state the distance from Dhaka.

2. **Claim:** Birampur upojela is located 56 km south of Dinajpur sadar (headquarters).
   - **Support in Context:** The context does not mention any information about Birampur's location relative to Dinajpur sadar.

**Verdict:**
The model answer contains factual claims that are not explicitly supported by the given context. While it mentions Birampur's general direction from Dhaka and other sub-districts, it does not provide the specific distances claimed in the answer. Therefore, the model answer is **yes**, hallucinated relative to the code-mixed (Bangla-English) context and question.",yes
bengali--6767707870439070421-2::factualness,bengali--6767707870439070421-2,factualness,"Bishwer shobcheye jonobohul deshgulor talikay Bangladesher obosthan oshtom jodio ayotoner hisebe Bangladesh bishwe 94tom; fole Bangladesh bishwer shobcheye ghonobosotipurno deshgulor nobom. Matro 56 hajar borgomileo kom ei khudrayotoner deshtir prakkolito (2018) jonoshonkha 18 kotir beshi orthat proti borgomile jonobosoti 2889 jon (proti borgo kilometare 1115 jon). Rajdhani Dhaka shohorer jonoshonkha 1.44 koti ebong Dhaka mohanogorir jonoghonotto proti borgomile 19,447 jon.[2] Desher jonoshonkhar 99 shotangsho manusher matrivasha Bangla; sakkhorotar har 72 shotangsho.",Ayotoner dik theke Bangladesh bishwer kottom desh?,94,Ayotoner dik theke Bangladesh bishwer 92-tom desh.,"**Analysis:**

The context states that Bangladesh has a total population of 94 million (not 92 million). Therefore, the claim made by the Model Answer is incorrect.

**Verdict:** No.",no
bengali--8045997562526390537-0::inference,bengali--8045997562526390537-0,inference,"Adwaita Mallabarman (1la January, 1914- 16i April, 1951) Bangali oupannyasik o sangbadik. Totkalin Cumilla jelar odhine Brahmanbaria mohakumar Gokarnaghat grame jonmogrohon koren. Titas Ekti Nodir Nam shironamer ektimatro uponnash likhe tini Bangla sahityer chirosmoroniyo o omor protibha hisebe sobishes swikriti lav koren. Ei uponnashti sorboprothom 'Masik Mohammadi' potrikay prokashito hoy.",Bangali oupannyasik o sangbadik Adwaita Mallabarman-er prothom upannyaser nam ki?,Titas ekta nodir naam,Adwaita Mallabarman-er prothom upannyas chhilo **Masik Mohammadi** potrikay prokashito ekta golpo.,"**Analysis:**

1. **Claim:** Adwaita Mallabarman's first upannyas (lecture) was titled ""Masik Mohammadi"".
   - **Support in Context:** The context mentions that his first publication was a story titled 'Masik Mohammadi', but it doesn't explicitly state that this was an upannyas.

2. **Claim:** This lecture was published for the first time.
   - **Support in Context:** The context does not provide information about whether this was the first publication of the lecture or not.

3. **Claim:** The lecture was published as a story (ektimatro uponnash).
   - **Support in Context:** The context mentions that 'Masik Mohammadi' was written as a story, but it doesn't specify if it was published as an upannyas or a story.

**Verdict:**
The model answer contains factual claims that are not explicitly supported by the given context. While the context does mention 'Masik Mohammadi', it does not confirm that it was Adwaita Mallabarman's first upannyas nor that it was published for the first time as an upannyas.

**Final Answer:** No",no
bengali--4507581995498809995-1::comprehension,bengali--4507581995498809995-1,comprehension,Aceher shashok 15sh shotabdir moddhovage Islam grohon koren.[1] Ali Mugayat Shah Aceh Saltanat protistha korechilen. Tini 1520 Khrishtabde uttar Sumatray tar niyontron protisthar jonno ovijan shuru koren.[2] Sultan Iskandar Muda tar ovijaner maddhome Aceher simana briddhi koren. 1612 Khrishtabde Deli porajito hoy ebong Aceher ontorgoto hoy. 1861 Khrishtabde Dutchder hostokkheper porer bochor Dutch East India Companyr sathe shondhi hoy ja Aceh o Siaker kach theke Delir shadhinota shikar korte shahajjo kore. Eti bortomane Indonesiar ongsho. Medaner itihashe Saltanat protik hisebe tike ase.,Acheh Saltanater protishthata ke chilen?,Ali Mugayat Shah,Sultan Iskandar Muda chilen.,"**Reasoning:**

The context mentions that Aceh Saltanat was established by Sultan Iskandar Muda. The model answer claims that ""Sultan Iskandar Muda chilen"" (Sultan Iskandar Muda established it), which is directly supported by the given context.

**Verdict:** Yes",yes
bengali--3052451907272545632-1::inference,bengali--3052451907272545632-1,inference,"1993 sale prothom tini ""Obujh Duti Mon"" cholocchitre obhinoy koren. Chobiti porichalona korechhilen Mohammad Hossain. Shopner Nayok cholocchitre obhinoyer maddhome tini jonopriota orjon koren. Shomprotik shomoye cholocchitre obhinoy kichuta komiye dileo natok o telefilm-e kaj korchen tini.[1] 2016 sale tini shorboshesh ""Ek Jobaner Jomidar Here Gelen Ebar"" name ekti cholocchitre obhinoy korechen.[2]",Amir Khan obhinito prothom cholocchitrotir nam ki?,Obujh duti mon,"Amir Khan-er prothom cholocchitro chhilo **Shopner Nayok**, karon ei chobir maddhomei tini prothom boro porichiti pan.","**Analysis:**

1. **Claim:** Amir Khan's first film was ""Shopner Nayok"".
   - **Support in Context:** The context mentions that Mohammad Hossain directed his first film (""Obujh Duti Mon"") and Shopno Nayok was the first film where Amir Khan played a significant role, but it doesn't explicitly state it was his first film.
2. **Claim:** Amir Khan's first significant role was in ""Shopner Nayok"".
   - **Support in Context:** The context supports this claim as it mentions that Shopno Nayok was the first film where Amir Khan played a significant role.

**Verdict:**
While the model answer is mostly accurate, it assumes that ""Shopner Nayok"" was Amir Khan's first film, which isn't explicitly stated in the context. Therefore, the answer contains a hallucination.

**Final Answer:** Yes",yes
bengali-469553946537952415-15::inference,bengali-469553946537952415-15,inference,Morinho Chelsea-te jog den 2004 saler June mase ebong proti bochore 4.2 million pound betoner fole football-er itihashe onnotomo sorbocho parishromikprapto manager-der khatay nam lekhan. 2005 sale e beton bere hoy 5.2 million pound.[4],Jose Mario dos Santos Mourinho Felix prothom koto sale Chelsea daler hoye football khela shuru koren?,2004 saler June mashe,"Jose Mourinho prothom Chelsea-r hoye football khela shuru koren 2005 sale, karon oi shomoy tar beton-o bere 5.2 million pound hoy.","**Analysis:**

1. **Claim:** Jose Mourinho first started coaching Chelsea in 2005.
   - **Support from Context:** The context mentions that Mourinho became Chelsea's manager in 2004 and his transfer fee was increased to 5.2 million pounds in 2005.

2. **Claim:** This happened because in that year, his transfer fee was increased to 5.2 million pounds.
   - **Support from Context:** The context directly states this information.

**Verdict:**
Both claims made by the Model Answer are supported by the given context. Therefore, the answer is not hallucinated relative to the context and question.

Final line: no",no
bengali--8981983056012119758-0::factualness,bengali--8981983056012119758-0,factualness,"Dhaka dokkhin Ashiar rashtra Bangladesh-er rajdhani o brihottom shohor. Proshashonikvabe eti deshtir Dhaka bibhager prodhan shohor. Bhougolikvabe eti Bangladesh-er moddhobhage Buriganga nodir uttar tire ekta somotol elakate obosthito. Dhaka ekta otimohanogori (megashohor); Dhaka mohanogori elakar jonoshonkha pray 1 koti 50 lokkho.[3] Jonoshonkhar bichare eti dokkhin Ashiar choturtho brihottom shohor (Delhi, Karachi o Mumbai-er porei) ebong somogro bishwer nobom brihottom[4] shohor. Jonghonotter bichare Dhaka bishwer shobcheye ghonobosotipurno mohanogori; 134 borgomail ay",Dhaka shohorer ayoton koto?,134 borgomail,Dhaka shohorer ayoton praye 140 borgomail dhora hoy.,"**Analysis:**

The context provided discusses various aspects of Dhaka city but does not explicitly mention the number of wards (ayoton) in Dhaka. Here's a breakdown:

Step 1:
- The Model Answer claims that ""Dhaka shohorer ayoton praye 140 borgomail dhora hoy.""

Step 2:
- The context mentions the population of Dhaka but not the number of wards.
- It does mention that there are 134 boroughs (borgomail) in total, but it's unclear if this includes all wards or just a specific type.

Step 3:
Since the context does not explicitly support the claim made by the Model Answer regarding the number of wards in Dhaka, we cannot confirm its accuracy based on the given information.

**Final Verdict:** No",no
bengali--1823810411993388609-7::factualness,bengali--1823810411993388609-7,factualness,Saloksongshleshon er bikriya:- 6CO2 + 12H2O + tap → C6H12O6 + 6H2O + 6O2 Saloksongshleshon prokriya 2ti porjaye somponno hoy- k) alok nirvor porjay kh) ondhokar porjay,Saloksongshles prokriyata prodhanoto kon duto porjaye shompanno hoy?,k) alok nirvor porjay kh) ondhokar porjay,k) tap nirvor porjay kh) gasiyo porjay,"**Reasoning:**

The context provided is a chemical reaction involving Saloksongshleshon (glucose), CO2, H2O, and tap water. The question asks which two main stages of this process are prominent.

1. **Claim:** ""k) tap nirvor porjay""
   - This claim suggests that tap water plays a significant role in the first stage.
   - However, the context does not mention any specific role for tap water in the reaction; it's only listed as a reactant without further detail.

2. **Claim:** ""kh) gasiyo porjay""
   - This claim implies that gases play a prominent role in the second stage.
   - The context supports this claim, as the reaction produces CO2 and H2O (both gases under certain conditions).

**Verdict:**
Since only one of the claims is supported by the context, the model answer is **partially hallucinated**. However, if we consider the question's intent to identify prominent stages, ""gasiyo porjay"" is the most relevant response.

Final word: partially",unknown
bengali-2409535069483951968-1::factualness,bengali-2409535069483951968-1,factualness,"Dushor-o beshi Upanishader kotha jana jay. Egulir modhye prothom barotii prachintom ebong shobcheye guruttopurno. Egulike ""Mukhya Upanishad"" bole. Bhagavadgita, Brahmasutra ebong Mukhya Upanishadguli[2] (egulike eksathe Prasthanatrayi bola hoy) porobortikale Hindu Vedanta darshoner bibhinno shakhar jonmo diyechhilo. Egulir modhye duti ekeshorobadi shakha bisheshvabe ullekhjoggo.[note 1][note 2][note 3]",Mot koyti Upanishad ache?,dushor o beshi,Mot 108ti Upanishad ache.,"**Analysis:**

The context discusses the Mukhya Upanishad and mentions that there are many Upanishads. It does not explicitly state the total number of Upanishads.

Step 1: The Model Answer claims that ""Mot 108ti Upanishad ache"" (There are 108 Upanishads).

Step 2: This claim is not supported by the context provided, as it only mentions ""many"" Upanishads without specifying a number.

**Verdict:** The Model Answer has hallucinated information relative to the given context and question. It provides an unsupported specific number (108) when the context only generalizes about the quantity of Upanishads.

Final answer: **No**.",no
bengali--8988483359118632803-6::inference,bengali--8988483359118632803-6,inference,The Newcomers (2000) o Not Another Teen Movie (2001) chobite obhinoy korar por[15] Evans The Perfect Score (2004) o Cellular (2004) chobite mukkho bhumikay obhinoy koren. Erpor tini Chicago-te duti independent cholocchitreo obhinoy koren. Ei chobi duti chilo Dark Wittenborn-er Fierce People (2005) o London (2005). Fierce People chobite Evans kholnayok Bryce choritre ebong London chobite shomporker jotilota-shongkranto shomossay dushchintagrosto ek drug byaboharkarir choritre obhinoy koren.[16] 2005 shale comic book obolombone nirmito Fantastic Four cholocchitre superhero Human Torch choritre obhinoy koren Evans. 2007 shale,"Markin obhineta Christopher Robert ""Chris"" Evans-er obhinito prothom cholocchitrer nam ki?",The Newcomers,Chris Evans-er prothom obhinito cholocchitro chilo The Perfect Score.,"**Analysis:**

1. **Claim:** Chris Evans' first film was ""The Perfect Score"".
   - **Support in Context:** The context mentions that after ""The Perfect Score"" (2004), Evans played a supporting role in ""Cellular"" (2004) and then had his first leading role in an independent film shot in Chicago.
   - **Verdict:** Supported.

**Final Verdict:** Yes, the model answer is not hallucinated relative to the given context and question.",yes
bengali-4007802762822627124-18::inference,bengali-4007802762822627124-18,inference,2000 sale Amar Ekushey Granthamelay prokashito hoy tar rochito uponnash Brishtibilash. Moddhobitto poribarer tan poren niye lekha boiti tar sorbadhik bikrito boier ekta. 2000 saler February masei boitir dwadosh mudron ber korte hoy.[38] 2001 sale Dui Duari cholocchitro shokol shrenir dorshokder kache darun grohonjoggota pay. Chobite jadu bastobotar prokash pay Riaz obhinito rohossho manob choritrer aschorjo upaye manusher bibhinno shomossa shomadhaner chitroyoner moddho diye.[39] Ei choritre obhinoy kore Riaz shreshtho obhineta bibhage Jatio Cholocchitro Purashkar orjon koren. 2003-e nirma,"Prokhyato oupannyashik Humayun Ahmed rochito ""Brishtibilash"" uponyashti kobe kobe prothom prokashito hoy?",2000 sale,Brishtibilash prothom prokashito hoy 2001 saler February mase.,"**Analysis:**

The model answer claims that ""Brishtibilash"" was first published in February 2001. Let's check if this claim is supported by the context:

- The context mentions that ""Brishtibilash"" was published during a book fair held in 2000.
- There is no mention of any publication date in 2001 for ""Brishtibilash"".

**Verdict:** No, the model answer is hallucinated relative to the given context and question. The context clearly states that ""Brishtibilash"" was published in 2000, not 2001.

Final line: **no**",no
bengali-91483490703308038-4::factualness,bengali-91483490703308038-4,factualness,"Agun jwalanor jonno tinti upadaner proyojon pore - oxygen, jwalani ebong tap. Jwalani hisebe kath, koyla, toil ebong onnanno dahyo podartho poribesher sorbotro ache. Ekbar agun jolte shuru korle porobortite eti nijei tap utpadone sokkhom. Kokhono kokhono eti nijei swoyongkriyo vabe tap utpadoner maddhome jolte shuru kore.",Agun jwalanor jonno kon gaser proyojon hoy?,oxygen,nitrogen gas লাগে agun jwalanor jonno,"**Reasoning:**

1. **Claim:** The model answer states that ""nitrogen gas"" (নাইট্রোজেন গ্যাস) is used for igniting fire (agun jwalanor jonno).
2. **Support from Context:**
   - The context mentions several substances used for ignition: oxygen, fuel (jwalani), coal (koyla), oil (toil), and other combustible materials (onnanno dahyo podartho). However, it does not explicitly mention nitrogen gas.
   - It does state that ""when fire starts, the surrounding air also gets involved,"" which could imply that nitrogen gas might be present in the air, but this is not a definitive claim.

**Verdict:** The model answer makes a factual claim about nitrogen gas being used for igniting fire, but this is not explicitly supported by the given context. Therefore, it can be considered hallucinated relative to the provided context and question.

**Final Answer:** No",no
bengali-6020639613270814419-24::comprehension,bengali-6020639613270814419-24,comprehension,Bangladesh Noubahinite 6ti proshashonik shakha royeche:[49],Bortomane Bharoter nou bahinite mot koyti proshashonik shakha royeche?,6ta,Bortomane Bharoter noubahinite mot 8ta proshashonik shakha royeche.,"**Reasoning:**

1. **Claim:** ""Bortomane Bharoter noubahinite mot 8ta proshashonik shakha royeche.""
   - Translation: ""In the future, Bangladesh will have a total of 8 political parties.""

2. **Checking with Context:**
   - The context mentions that there are currently 49 registered political parties in Bangladesh.
   - There's no mention or hint in the context about an increase to 8 parties in the future.

**Verdict:** The model answer is hallucinating facts not supported by the given context. Therefore, the final verdict is: **no**.",no
bengali-5441977494276432977-0::factualness,bengali-5441977494276432977-0,factualness,Seyed Ali Hosseini Khamenei (Persian: Seyed Ali Hosseini Khamenei; jonmo: 17 July 1939)[1] holen Iran-er bortoman (2y) sorbocho dhormiyo neta[2] ebong Iran-er 8 koti Shia Muslim-der adhyatmik neta.[2][3] 13 October 1981 theke 3 August 1989 porjonto tini Iran-er 3y rashtrapoti hisebe daitto palon koren. Forbes samoyiki 2012 sale take prithibir shobcheye probhabshali 21 joner moddhe sthan dey.[4],Sayed Ali Hoseni Khamenei kobe jonmogrohon koren?,17 July 1939,18 July 1940 e tini jonmogrohon koren.,"**Analysis:**

Step 1: The Model Answer claims that Seyed Ali Hosseini Khamenei was born on ""18 July 1940"".

Step 2:
- The Context states his birthdate as ""17 July 1939"".
- There is no mention of a birthdate in 1940 in the provided context.

Step 3: Since there's no support for the claim made by the Model Answer (18 July 1940) and the Context clearly states his birthdate as 17 July 1939, we can conclude that the Model Answer is hallucinated relative to the given context and question.

**Final Verdict:** yes",yes
bengali--2339153920148132891-1::specificity,bengali--2339153920148132891-1,specificity,"Michelangelor jonmo hoy 1475 Khristabder 6 March, jonmosthan Caprisi, ja Tascani-r Arezzo-r kachakachi obosthito. Caprisi-r bortoman nam Caprisi Michelangelo. Koyek projonom dhore tar purbopurushra Florence-e khudro porisore banking korten. Bank shorboshanto hoye jawar karone tar pita, Ludovico di Leonardo Buonarroti Simoni, kichu shomoyer jonno chhoto shohor Caprisi-te sorkari proshashok hishabe daitto palone asen, ebong ekhanei Michelangelor jonmo hoy. Tar mayer nam Francesca di Neri del Miniato di Siena. Michelangelor jonmer koyek mash pore tar poribar Florence-e fire ase, tar pore sekhanei tini boro hoye othen. Por",Michaelangelo-r jonmo kothay hoy?,1475 khristabder 6 March,"Michelangelo-r jonmo Rome-e hoy, 1476 shaler dike.","**Analysis:**

Step 1: The Model Answer makes two factual claims:
   - Michelangelo was born in Rome.
   - He was born in the year 1476.

Step 2: Checking these claims against the Context:
   - The Context states that Michelangelo was born in Caprese, not Rome. So, the first claim is incorrect.
   - The Context does not provide a specific birth year for Michelangelo, but it mentions he was born on March 6, which could imply 1475 if we assume the date is from the Julian calendar used at that time. However, the Context does not explicitly state the year as 1476.

Step 3: Based on steps 1-2, both claims in the Model Answer are contradicted by the Context. Therefore, it is hallucinated relative to the given context and question.

**Final Verdict:** No",no
bengali--8397694120488937556-1::inference,bengali--8397694120488937556-1,inference,"Jacobs 1992 sale shadhinbhabe tar peshagoto kusti kormojibon shuru koren. 1995 sale World Wrestling Federation-e (bortomane WWE) jog debar age tini Smoky Mountain Wrestling (SMW) ebong United States Wrestling Association-e (USWA) kusti kheleyen. Jacobs 1997 porjonto bibhinno choritre obhinoy korechen, jokhon tini ""Kane"" hishabe punoray uposthit hoyechilen, chilen manoshikvabe birukto ebong The Undertaker er choto shot bhai, jar sathe Jacobs-er feud-o chilo, abar The Brothers of Destruction name team-o gorechilen.",Koto shale Glen Thomas Jacobs peshadar kustigir hisebe kormojibon shuru koren?,1992,Glen Thomas Jacobs mone hoy 1995 shale peshadar kustigir hishabe kormojibon shuru koren.,"**Analysis:**

Step 1: The Model Answer makes two factual claims:
   - Glen Thomas Jacobs started his career as a wrestler in 1995.
   - He was known by the name ""Kane"" when he restarted his career.

Step 2: Checking these claims against the Context:
   - The Context mentions that Jacobs started his wrestling career in 1992, not 1995. So, the first claim is incorrect.
   - The Context does mention that Jacobs was known as ""Kane"" when he restarted his career, which matches the second claim.

Step 3: Based on steps 1-2, the Model Answer contains one false factual claim (about the start of Jacobs' career), while the other claim is true. Therefore, it cannot be considered entirely hallucinated or incorrect relative to the given context and question.

**Final Verdict:** No",no
bengali--581563299056306592-100::comprehension,bengali--581563299056306592-100,comprehension,Eishob Soviet safollyer jobabe Markin Juktorastro 1970 saler moddhe ekjon manushke chande podarpon koranor ucchavilashi porikolpona hate ney. 1968 sale Markin mohakashjan Apollo 8 prothombarer moto chad prodokkhin kore. Markinider mul porikolpona sesh porjonto 1969 sale bastobayito hoy. Sebochor 21she July Apollo 11 mission-er ongsho hisebe Markin novochari Neil Armstrong prothom manush hisebe chande obotoron koren o chondroprishte paychari koren. Tar sathe ditiyo manush hisebe Buzz Aldrin-o chande podarpon koren.,Bishwer ditiyo manob mohakash jatra kon desh theke shuru hoy?,Markin Juktorastro,Soviet Union theke shuru hoy.,"**Analysis:**

The context discusses two space missions:
1. Apollo 8 mission launched in 1968 from the United States (not explicitly stated but implied by the mention of NASA).
2. Apollo 11 mission launched on July 21, 1969, with Neil Armstrong and Buzz Aldrin aboard.

The context does not mention any mission starting from the Soviet Union.

**Verdict:** The model answer is hallucinated as it claims that a space mission started from the Soviet Union when the context only mentions missions starting from the United States. **No.**",no
bengali--8714625401993745083-0::factualness,bengali--8714625401993745083-0,factualness,"Adolf Hitler ([ˈadɔlf ˈhɪtlɐ] German vashay: Adolf Hitler Adolf Hitla) (20she April, 1889 - 30she April, 1945) Austrian bongshodbhut German rajnitibid jini National Socialist German Workers' Party-r netritto diyechilen. Hitler 1933 theke 1945 sal porjonto Germany-r Chancellor ebong 1934 theke 1945 sal porjonto shei desher Fuhrer chilen.",Adolf Hitler kon bongshodbhut bekti chilen?,Ostriyo,Adolf Hitler chhilen Jarman bongshodbhut bekti.,"**Step 1:** The Model Answer claims that Adolf Hitler was born in Germany.

**Step 2:** The Context states that Adolf Hitler was born in Austria. Therefore, this claim is not supported by the Context.

**Step 3:** Based on steps 1-2, the final verdict is that the Model Answer has made a factual error and is hallucinating relative to the given context.

Last line: **no**.",no
bengali--3087535744281818821-1::factualness,bengali--3087535744281818821-1,factualness,"Bharoter uttore Pakistaner Karakoram porbotmalate obosthito Great Baltoro prithibir dirghotomo himbah. Er doirgho pray 58 kilometer. Himaloyer Everest shringer kache Rongbuk o Kashring himbah obosthito. Austria-Italy simante Alps porbotmalar Similaun himbahe 1991 sale ekjon manusher obikrito deher sondhan pawa jay. Dharona kora hoy dehoti pray 5,300 bochor sekhane somahito hoye chilo.",Prithibir dirghotomo himbah-tir doirgho koto?,Great Baltora,Great Baltora-r doirgho pray 68 kilometer.,"**Analysis:**

1. **Claim:** The distance of Great Baltoro glacier is 68 kilometers.
   - **Support in Context:** The context states that the length of Great Baltoro glacier is 58 kilometers.

2. **Claim:** The model answer uses ""Great Baltora"" instead of ""Great Baltoro"".
   - **Support in Context:** The context uses ""Great Baltoro"".

**Verdict:**
The model answer has hallucinated a fact (68 km instead of 58 km) and used an incorrect spelling (""Baltora"" instead of ""Baltoro""). Therefore, the answer is **yes**.",yes
bengali--9171887296220791728-28::factualness,bengali--9171887296220791728-28,factualness,"Jiboddoshay osadharon kobi hisebe porichiti thakleo tini khyati orjon kore uthte parenni. Er jonno tar procharbimukhotao dayi; tini chilen biborobashi manush. Tobe mrityur obyobohito porei tini Bangla vashay adhunik kobitar pothikritder ekjon hisebe shwikrity peyechhen. Jibanananda Dasher jibon ebong kobitar upor prochur grontho lekha hoyeche ebong ekhono hocche, Bangla vashay. Er baire English-e tar opor likhechen Clinton B Seely, A Poet Apart namer ekti gronthe. English charao Farasi-soho koyekti European vashay tar kobita onudito hoyeche. Tini jodio kobi hisebei somodhik porichito kintu mr",Jibanananda Dasher lekha mot uponnaser shonkha koto?,14,Jibanananda Dasher lekha mot uponnaser shonkha 12 ti.,"**Analysis:**

The context discusses Jibanananda Das's life and works, mentioning that he wrote in both Bangla and English. It also mentions that Clinton B Seely has written about him in English, but it doesn't provide any specific numbers regarding his writings.

1. **Claim:** ""Jibanananda Dasher lekha mot uponnaser shonkha 12 ti.""
   - Translation: ""Jibanananda Das's writings are published in 12 volumes.""
   - **Support from Context:** The context does not provide any information about the number of volumes his works have been published in.

**Verdict:**
Since there is no support for the claim made by the Model Answer in the given context, the answer is hallucinated. Final verdict: **no**.",no
bengali--4387520232744519046-1::specificity,bengali--4387520232744519046-1,specificity,"Alauddin Khilji chilen Khilji bongser protisthata Jalaluddin Khiljir bhatija ebong jamata. Birbhumderke porajito kore Jalaluddin Khilji jokhon Delhi dokhol kore nen, tokhon Alauddin Khiljike Amir-i-Tujukh ba udjapon montri pod deya hoy. 1291 sale Jalaluddin Khilji tar bhatija Alauddin Khiljir hate Kara (Kanpurer nikotoborti ek elaka) namok oncholer shashonvar tule den. 1296 sale Alauddin Khilji Bosila oborodh kore Jalaluddin Khiljir kach theke Abadh (Uttar-Pradesh) dokhol kore seta shashon kora shuru koren. 1296 sale Devagiri oborodh koren ebong Jalaluddiner bipul porimaner shompod dok",Khilji rajbongser protistha ke korechilen?,Alauddin Khilji,Jalaluddin Khilji-i mone hoy Khilji rajbongser prokrito protisthata chhilen.,"**Analysis:**

The model answer states that Jalaluddin Khilji was the founder of the Khilji dynasty. Let's check this claim against the provided context:

1. The context mentions ""Alauddin Khilji chilen Khilji bongser protisthata"" which translates to ""Alauddin Khilji was the founder of the Khilji dynasty"". This directly contradicts the model answer.

**Verdict:** No, the model answer is not hallucinated relative to the given context and question. The context explicitly states that Alauddin Khilji founded the Khilji dynasty, not Jalaluddin Khilji.",no
bengali-7543311486159630117-0::specificity,bengali-7543311486159630117-0,specificity,"Bhogini Nibedita (English: Sister Nivedita) (Bengali pronunciation:[sister niːbediːt̪aː]) (jonmo Margaret Elizabeth Noble' (English: Margaret Elizabeth Noble)[1]; 28 October, 1867 – 13 October, 1911)[2][3] chilen ekjon Anglo-Irish bongshodbhuto shomajkormi, lekhika, shikkhika ebong Swami Vivekanander shishya.[4][5] 1895 sale London shohore tini Swami Vivekanander shakkhat pan ebong 1898 sale Bharote chole ashen. Eki bochor 25 March tini brahmacharya grohon korle Swami Vivekananda tar namkoron koren ""Nibedita"".",Anglo-Irish bongshodbhut Bhogini Nibeditar jonmo kobe hoy?,"28 October, 1867","Bhogini Nibeditar jonmo shombhoboto 25 March, 1898 er dike hoy.","**Analysis:**

1. **Claim:** Bhogini Nibedita was born on March 25, 1898.
   - **Support in Context:** The context mentions that she took her vows as a brahmacharya (ascetic) on March 25, but it does not specify the year of her birth. However, it does mention that she was born on October 28, 1867, in English.

**Verdict:** The model answer is hallucinated relative to the code-mixed context and question because it incorrectly states the year of Bhogini Nivedita's birth as 1898 instead of 1867.

Final answer: **No**.",no
bengali--839278517851786324-3::specificity,bengali--839278517851786324-3,specificity,"Armageddon (2006) chilo soptom, jar moddhe sorbomot 8ti match onusthito hoyechilo. 2006 saler November mashe onusthito Survivor Series e Batista, King Booker ke porajito kore World Heavyweight Champion hon.[5][6] Tarpor December er 1 tarikh e onusthito WWE SmackDown e King Booker ebong Finlay dujonei Batista r sathe ekta match dabi kore. Tokhonkar SmackDown er General Manager Theodore Long er poramorsho onujayi, Booker ebong Finlay dujone tag team gothon kore. Edike Batista tar songi hisebe John Cena ke nirbachito kore.[7] Tarpor SmackDown e Batista r sathe Finlay er match deya hole King Booker sekhane obaidho vabe hostokkhep koray Batista ke disqualification niyome joyi",2006 saler Armageddon kusti protijogitay ke champion hon?,Batista,2006 saler Armageddon e mone hoy John Cena-i champion hon.,"**Reasoning:**

1. **Claim:** ""John Cena won the championship at Armageddon in 2006.""
   - **Support from Context:** The context mentions that John Cena was nominated by Batista after a match against Finlay, but it does not explicitly state that Cena won the championship at Armageddon.
   - **Verdict on Claim:** Not supported.

**Final Verdict:**
The model answer contains factual claims that are not supported by the given context. Therefore, the final verdict is:

**No.**",no
bengali--8086416937535521731-1::inference,bengali--8086416937535521731-1,inference,Anowar Ibrahim United Malay National Organization ba UMNO er sodossho thakakalin somoye 1993-1998 sal porjonto Malaysia-r upo-prodhanmontri ebong 1991-1998 sal porjonto ortho montrir daitto palon koren. Kintu pore tini prodhanmontri Mahathir Mohammad kortik borkhasto hon. Ebong durniti o somokamitar daye jelhajote prerit hon.,Malaysian rajnitibid o birodhidoliyo neta Anwar Ibrahim koto sal theke koto sal porjonto Malaysia-r up-pradhanmontri chilen?,1993-1998,Anwar Ibrahim mone hoy 1991 theke 1998 porjonto Malaysia-r up-pradhanmontri chilen.,"**Analysis:**

Step 1: Identify factual claims made by the Model Answer:
- Anwar Ibrahim was prime minister of Malaysia from 1991 to 1998.
- Anwar Ibrahim is known as a political leader (rajnitibid o birodhidoliyo neta).

Step 2: Check if these claims are supported by the Context:
- The context mentions that Anowar Ibrahim United Malay National Organization was prominent from 1993 to 1998, which aligns with the claim of his prime ministership during those years.
- However, there's no explicit mention in the context about Anwar Ibrahim being known as a political leader.

Step 3: Verdict based on steps 1-2:
While the Model Answer correctly states the duration of Anwar Ibrahim's prime ministership according to the given context, it hallucinates the claim that he is known as a political leader (rajnitibid o birodhidoliyo neta) since this information is not provided in the context.

**Final Verdict:** No.",no
bengali-8376247445164774033-9::factualness,bengali-8376247445164774033-9,factualness,Poroborti 60 bochore Bharoter songbidhan-e mot 113ti songshodhoni ana hoyechilo.,Bharotiyo songbidhan mot kotobar songshodhito hoise?,113,Bharotiyo songbidhan mot 118 bar songshodhito hoise.,"**Reasoning:**

The context states that ""Poroborti 60 bochore Bharoter songbidhan-e mot 113ti songshodhoni ana hoyechilo,"" which translates to ""The Constitution of Bangladesh was amended for the 113th time in 2020."" The model answer claims that ""Bharotiyo songbidhan mot 118 bar songshodhito hoise,"" meaning ""The Constitution of Bangladesh has been amended 118 times.""

**Step 1:** Factual claim made by the Model Answer - The Constitution of Bangladesh has been amended 118 times.

**Step 2:** Checking against Context - The context only mentions that there have been 113 amendments, not 118.

**Final Verdict:**

The model answer claims a number (118) that is higher than the one mentioned in the context (113). Therefore, it is hallucinating facts relative to the given context. **yes**",yes
bengali--81766440896542958-0::factualness,bengali--81766440896542958-0,factualness,"Muhammad Kudrat-e-Khuda ba Dr. Kudrat-e-Khuda (1 December, 1900 - 3 November, 1977) chilen ekjon Bangladeshi rosayonbid, gronthokar ebong shikkhabid. Shikkhay obodaner jonno Bangladesh sarkar take 1976 sale Ekushey Padak ebong 1984 sale moronottor Swadhinata Puraskare bhushito kore.",Muhammad Kudrat-e-Khuda kobe jonmogrohon koren?,"1 December, 1900","Muhammad Kudrat-e-Khuda 2 December, 1901 e jonmogrohon koren.","**Analysis:**

1. **Claim:** Muhammad Kudrat-e-Khuda was born on 2 December, 1901.
   - **Support in Context:** The context states that he was born on 1 December, 1900.

2. **Claim:** He was born on the same day as Dr. Kudrat-e-Khuda.
   - **Support in Context:** There's no mention of them sharing a birthday in the context provided.

**Verdict:**
The model answer contains factual inaccuracies (claims not supported by the context). Therefore, it is hallucinated relative to the given code-mixed Bangla-English context and question. Final verdict: yes",yes
bengali--9070222029717674258-9::inference,bengali--9070222029717674258-9,inference,"Bingsho shotoker shurutei shomogro bishwoke andolito kora ekta tottwo holo monobishleshon ba monohshomikkhon. Ei tottwer probhabei chikitsabiggyane shongjojito hoyechhilo ek notun shakha; seti holo chikitsa monobiggyan ba monorog biggyan. Monobiggyaner jonok chhilen Austria-r Vienna shohorer sharirbiggyani Dr. Sigmund Freud. Freud-er pore monobishleshoner jogote obodan rekhe jawa koyekjon jogotbikhyato monobider vitor Carl Gustav Jung, Alfred Adler, Erik Erikson ullekhjoggo. Ei tottwo kebol monobiggyaner jogotkei probhabit kore khyanto thakeni, eti manusher mon, shomaj, shahitto, jibonadors",Monorog biggan ba mansik rog bigganer jonok kake bola hoy?,Sigmund Freud,Monorog biggan ba mansik rog bigganer jonok hisebe onek shomoy Carl Gustav Jung-ke bola hoy.,"**Analysis:**

1. **Claim:** ""Monorog biggan ba mansik rog bigganer jonok hisebe onek shomoy Carl Gustav Jung-ke bola hoy.""
   - Translation: ""Regarding mental illness and psychological disorders, for a long time, Carl Gustav Jung was considered the spokesperson.""

2. **Support from Context:**
   - The context mentions that after Sigmund Freud, many followers emerged, including Carl Gustav Jung.
   - However, it does not explicitly state that Jung was considered the spokesperson for mental illness and psychological disorders.

**Verdict:** The model answer is a hallucination because it makes a specific claim about Jung being considered the spokesperson for mental illnesses, which is not supported by the given context. Therefore, the final verdict is:

No",no
bengali--6201010927401392780-0::factualness,bengali--6201010927401392780-0,factualness,"Abdullah bin Al-Husain (February 1882 – 20 July 1951) (Arbi: Abd Allah al-Awwal bin al-Husayn) Makkay jonmogrohon koren. Tini Husain bin Ali o tar prothom stri Abdiya binte Abdullah-r ditiyo putro. Tini Istanbul, Turkey o Hejaz-e shikkhalav koren. Abdullah 1909 theke 1914 sal porjonto Makkar protinidhi hisebe Usmaniyo songsoder daitto palon koren. Prothom Bishwajuddher shomoy tini British-der sathe mitrota sthapon koren. 1916 theke 1918 sal porjonto tini British shamorik kormokorta T E Lawrence-er sathe kaj koren.[1] Usmaniyo-der biruddhe songhotito Arab bidrohe tini onnot",Abdullah bin Al-Husain koto sale Makkar Amir hon?,1921,1920 shale Makkar Amir hon.,"**Reasoning:**

The context provided mentions that Abdullah bin Al-Husain served as the Amir of Makkah from 1909 to 1914. However, there is no mention of him being the Amir in any other year, including 1920.

**Verdict:** The model answer claims that Abdullah bin Al-Husain was the Amir of Makkah in 1920, which is not supported by the context provided. Therefore, it is a hallucination.

Final answer: **No**.",no
bengali--4866456305071140944-1::inference,bengali--4866456305071140944-1,inference,"Prachir bestito ei nogorir vhetor royeche bibhinno amoler protnotattwik nidorshon. Koyek shotabdi porjonto e sthan porakromshali Mourjo, Gupta, Pal o Sen shasokborger pradeshik rajdhani o porobortikale Hindu samonto rajader rajdhani chilo. Tritiyo Khristopurboabd theke ponchodosh Khristabdo porjonto osongkho Hindu raja o onnanno dhormer rajara rajotto koren. Mahasthangarher obosthan Bogura jeler Shibganj upojelay.[3] Bogura shohor theke pray 13 ki.mi. uttore Korotoa nodir poshchim tire gele ei shohorer dhongshabosesh dekha jay.",Mahasthangarh protnostholti Bangladesh-er kon jelay obosthito?,Bogura jelar Shibganj upojelay,Mahasthangarh protnostholti mone hoy Bogura shohor theke pray 13 km uttore Korotoa nodir poshchim tire obosthito jelay.,"**Analysis:**

1. **Claim:** Mahasthangarh is located 13 km north of Bogura city.
   - **Support in Context:** The context mentions ""Bogura shohor theke pray 13 ki.mi. uttore Korotoa nodir poshchim tire gele ei shohorer dhongshabosesh dekha jay,"" which translates to ""You can see the remains of this city 13 km north of Bogura city.""

2. **Claim:** Mahasthangarh is located on the western side of Korotoa river.
   - **Support in Context:** The context mentions ""Korotoa nodir poshchim tire,"" which translates to ""on the western side of Korotoa river.""

**Verdict:**
Both claims made by the Model Answer are supported by the given context. Therefore, the answer is not hallucinated.

**Final Word:** No",no
bengali--2322627337825891128-2::comprehension,bengali--2322627337825891128-2,comprehension,"1951-52 khristabde Purbo Pakistan-e songothito Bangla bhasha andolon ei bhashar sathe Bangali ostittwer jogsutro sthapon korechilo. 1952 khristabder 21she February, Dhaka Bishwabidyaloye protibadi chatro o andolonkari ra matrivasha Banglay kotha bola o lekhaporar odhikarer dabite nijeder jibon utsorgo koren. Matrivashar jonno tader bolidaner shwikrity sworup 1999 khristabde UNESCO 21she February dintike Antorjatik Matrivasha Dibosh hisebe ghoshona kore.[9][10]",Bangla vasha andoloner suchona sthol kothay?,1951,Dhaka Bishwabidyaloyei chhilo er suchona sthol.,"**Analysis:**

The context discusses the Bengali Language Movement of 1952 and its significance. It mentions that protests started in 1951-52 and reached a peak on February 21, 1952 at Dhaka University.

The Model Answer claims:
1. ""Dhaka Bishwabidyaloyei chhilo er suchona sthol."" (The main incident happened at Dhaka University.)

**Verdict:**
- The claim is supported by the context as it mentions that protests reached a peak on February 21, 1952 at Dhaka University.
- Therefore, the Model Answer is not hallucinated relative to the given context and question.

Final answer: **no**",no
bengali-7704102728425440943-5::comprehension,bengali-7704102728425440943-5,comprehension,1973 saler 15 December sarkari gazette notification onujayi Bangladesh-er shadhinota juddher satjon bir shontanke moronottor Birshreshtho upadhite bhushito kora hoyeche. Ruhul Amin shei satjoner onnotomo.[6],Mohammad Ruhul Amin koto shale Bir Sreshtho purashkar pan?,1973 saler 15 December,Mohammad Ruhul Amin Birshreshtho hishabe 1971 shale shommanito hon.,"**Analysis:**

1. **Claim:** Mohammad Ruhul Amin received Bir Sreshtho award in 1971.
   - **Support from Context:** The context mentions that Ruhul Amin was honored as Birshreshtho (equivalent to Bir Sreshtho) for his role in the 1971 Bangladesh Liberation War. However, it does not explicitly state that he received this award in 1971.

2. **Claim:** Mohammad Ruhul Amin was posthumously awarded.
   - **Support from Context:** The context mentions that Ruhul Amin was honored posthumously (moronottor Birshreshtho upadhite bhushito kora hoyeche).

**Verdict:**
The model answer contains a factual error regarding the year of the award. While it's true that Ruhul Amin was awarded posthumously, there's no explicit confirmation in the context that he received the award in 1971.

**Final Answer:** No",no
bengali-928650191559020725-1::inference,bengali-928650191559020725-1,inference,"Computer abishkar ebong er byaboharer shurur dikei tothyo toiri, songrokkhon ebong khojar kajta besh guruttopurno hoye uthchilo. Sorboprothom 1960 sale, bikhyato computer biggani Charles Bachman DBMS toiri koren. Tini tokhon General Electric-e kormorot chilen. Sei DBMS-tir nam deya hoyechilo, Integrated Data Store (IDS). Shater doshoker shesher dike IBM Information Management System name ekta DBMS toiri kore. Ei software-tai, tothyoke shrenikrom onujayi kivabe sajano jay tar ekta dharona diyechilo, ja bortomane Hierarchical Data Model name porichito. 1970 sale Etskhar Codd, tothyoke poribeshon korar notun ekta model-er prost",Koto sale shorboprothom database abishkar kora hoy?,1960,1969 sale shorboprothom database abishkar kora hoy.,"**Reasoning:**

The context mentions that Charles Bachman created the first database management system (DBMS) in 1960 and named it Integrated Data Store (IDS). However, the model answer claims that the first database was created in 1969.

**Step-by-step analysis:**
- Claim made by Model Answer: The first database was created in 1969.
- Fact supported by Context: The first DBMS was created in 1960.

Since there's no mention of any database creation in 1969 in the context, and it explicitly states that the first DBMS was created in 1960, the model answer is hallucinating facts not supported by the given context.

**Final verdict:** No.",no
bengali--599295981278729258-0::inference,bengali--599295981278729258-0,inference,"Chamra holo merudondi pranider norom bohiabaron. Onno pranider aboron, jemon sondhipoder bohikongkaler bibhinno unnoyonmulok utpotti, gothon ebong rashayonik rochona ache. Stannyopayi pranir khetre, twok acchadon tantrer ekta onggo ja ectodermal kolar ekadhik stor niye gothito, ebong ontornihito peshi, har, sondhibondhoni ebong obhyontorin onggo rokkha kore. Ubhocor, sorisrip, ebong pakhider ekta vhinno prokritir chamra bortoman.[1] Shokol stannyopayir twoke kichu chul ache, emonki samudrik stannyopayi timi, dolphin, ebong shushuk jara lomshunno mone hoy. Twok por",Chamra ki dara gothito?,ektodermal collar ekadhik stor niye,Chamra muloto chul aar bohiabaroner rashayonik upadan diye gothito.,"**Reasoning:**

The context describes how a bird (chamra) was brought up with special care. It mentions that it was raised in a specific environment and received certain treatments like being fed every two hours, having its wings tied for some time, and being kept warm.

The model answer states: ""Chamra was brought up with the help of various resources and care.""

Let's break down the claims:
1. Chamra was brought up (gothito) - Supported by the context.
2. With the help of various resources (upadan diye) - Not explicitly stated in the context, but implied as the bird received special care.
3. And care (chul aar bohiabaroner rashayonik) - Supported by the context mentioning specific treatments like feeding every two hours.

While the model answer is mostly accurate, it introduces the phrase ""upadan diye"" which is not explicitly stated in the context. However, since the context does imply that resources were used to care for the bird, this addition could be considered a reasonable inference rather than a hallucination.

**Verdict:** No",no
bengali-7478984229355295611-0::specificity,bengali-7478984229355295611-0,specificity,"1948 sale Jatisongho shantirokkha mission shuru hoy. Er prothom mission chilo 1948 sale Moddhoprachye 1948 Arab-Israeli juddher shomoy juddho-biroti palon o bojay rakha. Tarpor theke, Jatisongher shantirokkhira bishwobyapi pray 63ti missione ongshogrohon koreche, 17ti ajo obbyahoto royeche. 1988 sale songsthati shantite Nobel lav kore.",Jatisongho shantirokkha mission prothom kothay shuru hoy?,Maddhoprachche,"prothom Jatisongho shantirokkha mission shuru hoy Europe-e, bishesh kore Balkans onchole.","**Analysis:**

The model answer states two factual claims:

1. The first Jatisongho peacekeeping mission started in Europe.
2. Specifically, it began in the Balkans region.

Now let's check these claims against the provided context:

- The context mentions that the first mission was during the 1948 Arab-Israeli war, which took place in the Middle East, not Europe or the Balkans.
- There is no mention of any missions starting in Europe or the Balkans in the given context.

**Verdict:** Since neither claim aligns with the information provided in the context, the model answer is **hallucinated**. Final line: yes",yes
bengali-4281970407647106707-3::specificity,bengali-4281970407647106707-3,specificity,Bostubiggyane prishtotanke prishto piron ba mukto prishtoshokti nameo obihito kora hoy.,Bostubiggyane prishtotan-ke ki bola hoy?,prishtho piron ba mukto prishthoshokti,Bostubiggyane prishtotan-ke shadharonoto **prishtho chap** bola hoy.,"**Reasoning:**

The context states that Bostubiggyane was very excited and started running. The model answer claims that Bostubiggyane started running (*prishtho chap*) because of excitement (*shadharonoto*).

1. **Claim:** Bostubiggyane started running.
   - **Support in Context:** Yes, the context mentions ""prishto piron"" which means ""started running"".

2. **Claim:** The reason for starting to run was excitement.
   - **Support in Context:** Implied but not explicitly stated. The context does mention ""mukto prishtoshokti"" (very excited), so it's reasonable to infer that this excitement led to the running.

Since both claims are supported by the context, either directly or reasonably inferred, the model answer is not hallucinated relative to the given context and question.

**Final Verdict:** No",no
bengali--7028166870651181278-0::comprehension,bengali--7028166870651181278-0,comprehension,Jhankpalla[1](baigganik nam: Vindula erota (Fabricius)) jar mul shorir ujjol komola holud borner ebong dana duti komolate holud borno dekha jay. Era Nymphalidae poribar ebong Heliconiini upogotrer sodossho.,Jhankpallar baigganik nam ki?,Vindula erota,Jhankpallar baigganik nam hocche **Heliconiini erota**.,"**Reasoning:**

1. **Claim:** The model answer states that ""Jhankpallar baigganik nam hocche Heliconiini erota.""
   - This claim translates to ""The scientific name of Jhankpalla is Heliconiini erota.""

2. **Support from Context:**
   - The context mentions ""Vindula erota (Fabricius)"" which is a species of butterfly.
   - It also mentions that the family Nymphalidae includes the subfamily Heliconiini.
   - However, there's no explicit mention of Jhankpalla being scientifically named as Heliconiini erota.

**Verdict:** The model answer contains information not explicitly stated in the context. Therefore, it is a hallucination.

Final answer: **yes**.",yes
bengali--3743343152993061031-0::comprehension,bengali--3743343152993061031-0,comprehension,"Ramakrishna Paramahansa (18i February, 1836 – 16i August, 1886; purbashromer nam Gadadhar Chattopadhyay[2]) unobingsho shotoker ek prokhyato Bharatiyo Bangali jogsadhok[3], darshonik o dhormoguru. Tar procharito dhormiyo chintadharaye Ramakrishna Mission protistha koren tar prodhan shishyo Swami Vivekananda.[4][5][6] Tara ubhoyei Bongoiyo Nobojagoroner[7] ebong unobingsho o bingsho shotabdir Hindu Nobojagoroner[8][9] onnotomo purodhabyaktitto. Tar shishyosomaje, emonki tar adhunik bhoktosomajeo tini Ishwarer avatarrupe pujito hon.[10]",Ramakrishna Paramahansher asal naam ki chilo?,Godadhar Chattopadhyay,Ramakrishna Paramahansher asal naam chhilo Swami Vivekananda.,"**Analysis:**

1. **Claim:** Ramakrishna Paramahansher asal naam chhilo Swami Vivekananda.
   - This claim suggests that Ramakrishna Paramahansa's original name was Swami Vivekananda.

2. **Verification against Context:**
   - The context mentions ""tar prodhan shishyo Swami Vivekananda"" which translates to ""his main disciple was Swami Vivekananda"". It does not state that Ramakrishna Paramahansa's original name was Swami Vivekananda.
   - The context also mentions ""purbashromer nam Gadadhar Chattopadhyay"", indicating his original name was Gadadhar Chattopadhyay, not Swami Vivekananda.

**Verdict:** The model answer is hallucinated as it incorrectly states Ramakrishna Paramahansa's original name to be Swami Vivekananda, while the context clearly indicates his original name was Gadadhar Chattopadhyay.

Final word: **No**.",no
bengali-6918867313896873132-1::comprehension,bengali-6918867313896873132-1,comprehension,2004 sale Humayun Ahmed porichalito Shyamol Chhaya cholocchitre obhinoy kore tini proshongshito hoy ebong Shreshtho Parshwo Obhinetri bibhage Bachsas purashkar lav koren. Echara tini hashyoroshatmak Made in Bangladesh (2007) o Noy Number Bipod Shonket (2007) cholocchitre obhinoy koren. 2016 sale Krishnopokkho cholocchitre obhinoy kore tini Shreshtho Parshwochoritre Obhinetri bibhage Jatiyo Cholochchitro Purashkar lav koren. 2017 sale tar porichalito prothom cholocchitro Bhalobasha Emoni Hoy mukti pay.,Tania Ahmed porichalito prothom cholocchitrer nam ki?,Valobasha emni hoy,Tania Ahmed-er prothom porichalito cholocchitro chhilo **Krishnopokkho**.,"**Analysis:**

1. **Claim:** Tania Ahmed's first film was Krishnopokkho.
   - **Support in Context:** The context mentions that Krishnopokkho was released in 2016 and it was Tania Ahmed's first film as she won the National Film Award for Best Director that year.

**Verdict:**
The model answer is not hallucinated relative to the given code-mixed (Bangla-English) context and question. The information provided in the model answer is accurately supported by the context.

Final answer: **No**.",no
bengali--8679555805989868423-10::comprehension,bengali--8679555805989868423-10,comprehension,"1973 saler 14 June, moddhojuger charti kaman niye Chattogram Bishwabidyaloy jadughorer karyakrom shuru hoy. Bortomane e jadughore bele pathorer ekadhik bhaskorjo shoho besh kichu prachin pathorer bhaskorjo ebong ekti kaman royeche. Jadughor bhobonti pachti gallery te bivokto. Jekhane royeche: somsamoyik Art Gallery, pragaitihashik ebong protnotattwik Art Gallery, bhaskorjo Gallery, lokoshilpo Gallery ebong Islamic Art Gallery.",Chattogram Bishwabidyaloy Jadughor kobe sthapito hoy?,1973 shaler 14 June,Chattogram Bishwabidyaloy Jadughor mone hoy 1974 shaler 14 June sthapito hoy.,"**Analysis:**

Step 1: The Model Answer makes two factual claims:
   - Chattogram Bishwabidyaloy Jadughor was established in 1974.
   - It was established on June 14.

Step 2: Checking these claims against the Context:
   - The Context states that the museum was started in 1973, not 1974.
   - There's no mention of a specific date (June 14) for its establishment in the Context provided.

Step 3: Based on steps 1-2, both claims made by the Model Answer are contradicted by the information given in the Context. Therefore, it is hallucinated.

**Final Verdict:** No",no
bengali--7345750532881051877-1::specificity,bengali--7345750532881051877-1,specificity,BJP-r utsho 1951 sale Poshchimbonger jonmodata Bharatkeshari Shyamaprasad Mukhopadhyay kortik protishthito Bharatiyo Jansangha dolti. 1977 sale joruri obosthar por Jansangha ekadhik rajnaitik doler shonge mishe Janata Party gothon kore. 1977 saler shadharon nirbachone Janata Party khomotashin Bharatiyo Jatiyo Congress-ke porajito kore sorkar gothon kore. 1980 sale Janata Party obolupto hole Jansangher prakton sodoshora BJP gothon koren. Prothom dike BJP rajnaitik khetre byartho hoisilo. 1984 saler shadharon nirbachone BJP matro duti asone joy lav korechilo. Kintu Ram Janmabhoomi andoloner shomoy abar,Bharatiyo Janata Party kobe protishthito hoy?,1951,Bharatiyo Janata Party asole 1980 shale protishthito hoy.,"**Analysis:**

The context provided discusses the formation and evolution of political parties in India, specifically focusing on the Bharatiya Janata Party (BJP). The model answer claims that ""Bharatiyo Janata Party asole 1980 shale protishthito hoy,"" which translates to ""Bharatiya Janata Party was established in 1980.""

**Step 1: Identify factual claims:**
- BJP was established in 1980.

**Step 2: Check support from context:**
The context mentions that after the split of Janata Party in 1980, ""Jansangher prakton sodoshora BJP gothon koren,"" which translates to ""BJP was formed as a result of the split of Jansangha."" This directly supports the claim made by the model answer.

**Step 3: Final verdict:**
The model answer accurately reflects the information provided in the context regarding the establishment year of BJP. Therefore, it is not hallucinated relative to the given context and question.

**Final Answer:** No",no
bengali--4557241873065164464-0::comprehension,bengali--4557241873065164464-0,comprehension,"Hugli jela Bharoter purbancholiyo rajyo Poshchimbonger ontorgoto Bardhaman bibhager ekta jela. Hugli nodir name er namkoron kora hoyeche. Jelatir sadar Chunchura-te obosthito. Jelatir charti mohakuma royeche: Chunchura sadar, Chandannagar, Srirampur, o Arambag.",Hugli jelar sadar shohor konti?,Chuchura,Hugli jelar sadar shohor holo Chandannagar.,"**Reasoning:**

The context mentions that Hugli jela (river) passes through Bardhaman district and its southern bank is known as Poshchimbong. It also lists four cities/towns along this riverbank: Chunchura, Chandannagar, Srirampur, and Arambag.

The model answer claims that ""Hugli jelar sadar shohor holo Chandannagar,"" which translates to ""The southern bank of Hugli jela is known as Chandannagar.""

However, the context does not explicitly state that the entire southern bank is named Chandannagar. It only lists Chandannagar as one of the towns along the southern bank.

**Verdict:** No",no
bengali-3655433006147354683-4::inference,bengali-3655433006147354683-4,inference,Poromanur khudrotomo konika electron. 1897 Khrishtabde Sir J. J. Thomson sorboprothom electron-er ostittwo abishkar koren. Ekti electron-er asal bhor oti samanno 9.1085×10−28g. Electron-er adhan -1.6×10−19 Coulomb. Electron nucleus-er chardike ghurnayoman. Electron-ke sadharonoto e protik diye prokash kora hoye thake.,Ke sorboprothom electron abishkar korechilen?,Sir J. J. Thomson,Prothome electron abishkar koren Ernest Rutherford.,"**Analysis:**

The context discusses the discovery of electrons and provides information about Sir J. J. Thomson being the first to discover them in 1897. It does not mention Ernest Rutherford at all.

The model answer claims that Ernest Rutherford was the first to discover electrons, which contradicts the information given in the context.

**Verdict:** The model answer is hallucinated relative to the code-mixed (Bangla-English) context and question.

Final line: yes",yes
bengali-5882695601964261142-0::comprehension,bengali-5882695601964261142-0,comprehension,"Diode ekta dui pranto bishisto electronic jontrangsho ja bortonite kebol matro ekdike toritprobah hote dey. Echarao boidyutik upaye dharokotto niyontron (Varicap) ebong bikiron, nihshoron o kompon songbedi electronic switch toirite diode byabohrito hoy. Toritshoktir akorshoniyo utsho sour kosh-o muloto ek dhoroner alok-songbedi diode.",Diode muloto kon kaje byabohrito hoy?,"Boidyutik upaye dharokotto niyontron (varicap) ebong bikiron, nihshoron o kompon songbedi electronic switch toirite",Diode muloto current-ke AC theke DC te convert korte byabohrito hoy.,"**Reasoning:**

The context discusses diodes and their functions in electronic circuits. It mentions that diodes can convert alternating current (AC) to direct current (DC), among other things. However, it does not explicitly state that this is the primary function of a diode.

The model answer claims that ""Diode muloto current-ke AC theke DC te convert korte byabohrito hoy,"" which translates to ""A diode primarily converts current from AC to DC."" This claim goes beyond what the context explicitly states. While it's true that diodes can perform this function, the context does not emphasize this as their primary purpose.

**Verdict:** The model answer is hallucinated relative to the given context and question because it makes a stronger claim than supported by the provided information.

Last line: yes",yes
bengali-6560277252785248931-4::specificity,bengali-6560277252785248931-4,specificity,"Robert Gutlar Ferguson namok ekjon British ainjibir odhine shikkhanobish hisebe Dwarkanath chirosthayi bondobostho shomporkito ain ebong Kolkata Supreme Court, Sadar o jela adaloter jabatiyo ain o karyopronali bishoye odhyayon koren. 1815 sale tini sofolvabe ain byabsha shuru koren. Ochirei tini pita Ramlocchon er nikot theke uttaradhikar sutre prapto jomidarir simana prosare sokriyo hoye othen. 1830 sale Dwarkanath Rajshahi jelar Kaligram er jomidari ebong 1834 sale Pabnar Shahjadpur er jomidari nilame kroy koren. Tar jomidarite besh kichu angshidar o sho-angshidar chilen. Kintu tini Baharampur, Pand",Prince Dwarakanath Thakur er babar nam ki?,Ramlochone,Prince Dwarakanath Thakur er babar nam chhilo Robert Gutlar Ferguson.,"**Analysis:**

Step 1: The Model Answer claims that ""Prince Dwarakanath Thakur's father's name was Robert Gutlar Ferguson.""

Step 2:
- The context mentions that Dwarkanath started his career in 1815 under British rule.
- It also states that he received his education from a British school, which suggests a connection with British officials.
- However, there is no explicit mention of his father's name being Robert Gutlar Ferguson.

Step 3: Since the context does not explicitly confirm the father's name as stated in the Model Answer, we cannot verify this claim.

**Final Verdict:** No",no
bengali--517805448922036487-8::inference,bengali--517805448922036487-8,inference,"1920 sale vacuum tube transmitter bajare ase jegulo purbe ullekhkora noise-er trutimukto chilo. Egulo 1912 sale abiskrito Edward Armstrong ebong Alexander Meissner er joutho gobeshonar fol ""feedback oscillator"" byabohar kore toiri kora hoyechilo. Feedback oscillator-o 1906 sale Lee De Forest er gobeshonay udbhabito vacuum tube-ke kendro kore banano hoyechilo. Vacuum tube byaboharer prothom karon chilo egula opekkhakrito kom bayobohul. Ar vacuum tube amplified modulation byabohar kore / utpanno korte parto ja dara audio barta pathano jeto.",Vacuum tube transmitter prothom ke toiri koren?,Edward Armstrong ebong Alexander Messner,"Vacuum tube transmitter prothom toiri koren Lee De Forest, karon tar 1906 er vacuum tube research-er upor vitti korei eta develop hoy.","**Analysis:**

1. **Claim:** ""Vacuum tube transmitter prothom toiri koren Lee De Forest""
   - **Support in Context:** The context mentions that Lee De Forest's work on vacuum tubes was instrumental in developing the feedback oscillator, which is a key component of vacuum tube transmitters.

2. **Claim:** ""...karon tar 1906 er vacuum tube research-er upor vitti korei eta develop hoy.""
   - **Support in Context:** The context states that Lee De Forest's work on vacuum tubes started in 1906, which supports the claim that his research led to the development of vacuum tube transmitters.

**Verdict:**
The model answer is not hallucinated relative to the given context and question. It accurately identifies Lee De Forest as the first person to develop a vacuum tube transmitter based on the information provided in the context.

Final answer: **No**.",no
bengali--132851892871415293-0::factualness,bengali--132851892871415293-0,factualness,"Sarbabhoumotto bolte kono desh ba rashtrer nijer obhyontorin ebong onnanno rashtrer shathe shomporko nirdharoner churanto khomotake bojhay. Sarbabhoumotto kono porichalona porshoder bairer kono utsho ba songothoner hostokkhep chara kaj korar purno odhikar o khomota. Rajnoitik tottwo onujayi, sarbabhoumotto kono ekta rashtrabebosthar upor sorbocho khomota nirdeshkari ekta guruttopurno poribhasha. Eti rashtragothoner sarbabhoumottokendrik motobader ekta mulniti.",sarvabhoum shobdotir ortho ki?,Kon desh ba rashtrer nijer obhyontorin ebong onnanno rashtrer shathe shomporko nirdharoner churanto khomotake bojhay,Sarvabhoum shobdotir ortho holo kono desh-er shudhu bhougolic simana niyontroner khomota.,"**Analysis:**

The question asks for the meaning of ""sarvabhoum shobdotir ortho"" in the context provided. The model answer claims that it means ""the right to vote only for men in a single country.""

Step 1:
- Claim made by Model Answer: ""Sarvabhoum shobdotir ortho holo kono desh-er shudhu bhougolic simana niyontroner khomota."" (The meaning of sarvabhoum shobdotir ortho is the right to vote only for men in a single country.)

Step 2:
- The context discusses universal adult franchise, which includes both men and women. It does not mention any restriction to a single country or gender.
- Therefore, the claim made by the Model Answer is not supported by the context.

Step 3: Based on steps 1-2, the final verdict is that the model answer **hallucinates** information not present in the given context.

**Final Word:** No",no
bengali--4088972979448384532-2::inference,bengali--4088972979448384532-2,inference,"Debashree Ray er jonmo, bere otha Kolkatay. Tar pitar nam Birendra Kishore Ray ebong mayer nam Arati Ray. 1969 sone tini prothom ""Balak Gadadhar"" name ekti cholocchitre shishushilpi hisebe obhinoy koren, jar porichalok chilen Harimoy Sen. Tini Kolkatar A P J, Park Street shakhar schooler chatri chilen, jodio nacher proti otirikto jhok thakar karone beshidur egote paren ni. Tar dak nam Chumki.",Deboshree Ray er dak nam ki?,Chumki,Deboshree Ray er dak nam shombhoboto Arati chhilo.,"**Step 1:** The model answer makes two factual claims:
   - Deboshree Ray's mother's name is Arati.
   - Deboshree Ray's nickname is Shombhoboto Chumki.

**Step 2:**
   - The context mentions that Deboshree Ray's parents are Birendra Kishore Ray and Arati Ray. So, the first claim is supported by the context.
   - However, there is no mention of a nickname ""Shombhoboto Chumki"" in the given context.

**Step 3:** Since one of the claims made by the model answer is not supported by the provided context, we conclude that it is **hallucinated**.

Final verdict: **no**.",no
bengali--7100997593302918907-0::specificity,bengali--7100997593302918907-0,specificity,Pal samrajya chilo Bharatiyo upomohodesher poroborti dhrupodi juger ekta samrajya. Ei samrajyer utshosthol chilo Bangla onchol. Pal samrajyer namkoron kora hoy ei samrajyer shashok rajobongshor namanusare. Pal somratder namer sheshe 'Pal' onusorgoti jukto chilo. Prachin Prakrit bhashay ei shobdotir ortho chilo 'rokkhakorta'. Pal somratera Bouddhodhormer Mahayan o tantrik somprodayer onugami chilen. 750 Khristabde Gaurer somrat pode Gopaler nirbachoner shonge shonge ei samrajyer potton ghote.[3] Adhuna Bangla o Bihar bhukhondo chilo Pal samrajyer prodhan kendro. Ei samrajyer prodhan,Pal Samrajjo kobe protishthito hoy?,750 khristabde,Pal Samrajjo praye 8m shatabdir shesh dike protishthito hoy.,"**Analysis:**

The context provided discusses the Pal Empire and its history. The model answer claims that ""Pal Samrajjo praye 8m shatabdir shesh dike protishthito hoy,"" which translates to ""The Pal Empire was established towards the end of the 8th century.""

1. **Claim:** The Pal Empire was established towards the end of the 8th century.
2. **Support in Context:** The context mentions that Gopaler nirbachoner shonge shonge ei samrajyer potton ghote, which translates to ""towards the end of the selection of Gopal,"" and it is known that Gopal was a king from the 8th century.

**Verdict:**
The model answer's claim about the establishment of the Pal Empire aligns with the information given in the context. Therefore, the answer is not hallucinated relative to the context and question.

Final word: **no**",no
bengali-1007556798536623942-3::factualness,bengali-1007556798536623942-3,factualness,"Sorbosesh Bishwocup onusthito hoyeche Rashiyay, 2018 saler 14 June theke 15 July porjonto. Ei Bishwocape France Croatia-ke finale 4-2 gole porajito kore shiropa jite ney.",Shorbosesh FIFA World Cup antorjatik football protijogita koto shale onushthito hoyechilo?,2018,Shorbosesh FIFA World Cup onushthito hoyechilo 2019 shale.,"**Reasoning:**

1. **Claim:** The Model Answer states that Shorbosesh (Sorboshesh) was held in 2019.
2. **Support from Context:** The context clearly mentions that Rashiyay (Russia) hosted the World Cup in 2018, not 2019.

**Verdict:**
The Model Answer is hallucinated because it claims Shorbosesh happened in 2019 when the context explicitly states it was held in Russia in 2018. Therefore, the answer is: **no**.",no
bengali--1256061284728114612-1::comprehension,bengali--1256061284728114612-1,comprehension,1858 saler grishme Banglar Dhaka jeler Bikrampur oncholer Ariyal gramer ekta Bangali Hindu poribare jonmogrohon koren Shyamakanta.[1] Tar jonmosthan bortomane Bangladesher Dhaka bibhager Munshiganj jeler ontorgoto. Shyamakantar poribarer adi nibash Nadiya jeler Phuliyate. Tara Phuliya meler Bandyaghoti bongshiyo o Bikrampur somajer uccho kulin Bishnu Thakurer palti bole khyato. Shyamakantar pita Shashibhushan Bandyopadhyay Tripura jeler Muradnagore adalote sereshtadar chilen. Shyamakantara chilen char bhai o tin bon. Char bhaier moddhe tini chilen jyeshtho. Tar ek bhai Suryakanta Bandyopadh,Bharotiyo jogi o Advaita Vedanter guru Sohong Swamir babar nam ki?,Shashibhushan Bandyopadhyay,Tar babar nam chhilo Suryakanta Bandyopadhyay.,"**Analysis:**

The model answer claims that Suryakanta Bandyopadhyay was known as Sohong Swami.

**Step 1:** Identify factual claims:
- The name of Shyamakanta's brother is Suryakanta Bandyopadhyay.
- There is no mention of any other name (like Sohong Swami) associated with Suryakanta in the context provided.

**Step 2:** Check support from Context:
- The context does not provide any information about Suryakanta being known as Sohong Swami or having any other name apart from his given name.
- There is no mention of him being a Bharotiyo jogi (Indian ascetic) or an Advaita Vedanter guru in the context.

**Step 3:** Verdict:
Since there is no support for the claim that Suryakanta Bandyopadhyay was known as Sohong Swami in the given context, the model answer is **hallucinated**.

Final line: No.",no
bengali--7691535885752434483-1::factualness,bengali--7691535885752434483-1,factualness,"Pande 1987 sale Bollywood cholochitre kaj shuru koren, tar obhinito prothom cinema holo Neelam Kotharir biporite Aag Hi Aag. Pande sobar nojore asen Munna'r (Anil Kapoor) bondhu hisebe sho-obhineta hisebe 1988 saler cholochitro Tezaab cinemae obhinoyer maddhome, ja shei bochorer brihot blockbuster chilo.[1] Eta chilo Pander prothom brihot kaj jar jonno tini Filmfare sho-obhineta hisebe mononoyon lav koren.",Suyash 'Chunky' Pandey-er obhinito prothom cholocchitrer nam ki?,ag hi ag,Suyash 'Chunky' Pandey-er obhinito prothom cholocchitrer nam chhilo **Tezaab**.,"**Analysis:**

1. **Claim:** Suyash 'Chunky' Pandey's first film as a director was named ""Tezaab"".
   - **Support in Context:** The context mentions that Pande (Suyash 'Chunky' Pandey) directed his first big movie in 1988, which was a blockbuster. It also mentions the name of the movie, Tezaab.
2. **Claim:** This was Suyash 'Chunky' Pandey's first film as a director.
   - **Support in Context:** The context explicitly states that this was Pande's (Suyash 'Chunky' Pandey) ""prothom brihot kaj jar"" (first big work).

Both claims made by the Model Answer are supported by the given context. Therefore, the answer is not hallucinated.

**Final Verdict:** No",no
bengali--4320526522663858783-1::comprehension,bengali--4320526522663858783-1,comprehension,"Motorola company-te kormoroto Dr. Martin Cooper[1] ebong John Francis Mitchell-ke[2][3][4] prothom mobile phone-er udbhaboker morjada deya hoye thake. Tara 1973 saler April-e prothom shofolvabe ekta pray 1 keji (2.2 pound) ojoner hate dhora phone-er maddhome call korte sokkhom hon[5]. Mobile phone-er prothom banijjik shongskoron bajare ase 1983 sale, phone-tir nam chilo Motorola DynaTAC 8000x. 1990 sal theke 2011 saler moddhe prithibibyapi mobile phone byaboharkarir shonkha 12.4 million theke briddhi peye 6 billion-er beshi hoye geche. Prithibir mot jonoshonkhar pray 87% mobile phone",Bishwer prothom mobile network songsthar nam ki?,Motorola,Nokia Corporation,"**Analysis:**

The context provided discusses the invention of the first mobile phone by Motorola in 1973 and its subsequent growth in usage worldwide. It mentions that the first commercial mobile network started in 1983, but it does not provide any information about who provided this service.

The Model Answer claims that Nokia Corporation was the first to provide a mobile network service. However, there is no mention of Nokia or any other company providing the first mobile network service in the given context.

**Verdict:** The model answer is hallucinated relative to the code-mixed (Bangla-English) context and question because it makes an unsupported claim about Nokia Corporation being the first to provide a mobile network service. There's no evidence in the provided context to support this claim.

Final answer: **No**.",no
bengali--1234690232822464450-2::specificity,bengali--1234690232822464450-2,specificity,Iraker jatio songsoder asonshongkha 275. 2005 saler December-e er jonno jatio nirbachon onusthito hoy. Nirbachito sarkar 2006-2010 saler jonno khomotay thakbe.,Iraker jatio songsoder bortoman asonshongkha koto?,275,bortomane mone hoy pray 300-er moto ason ache,"**Reasoning:**

The context states that the Iraqi national team won the Asian Championship in 2005 with a score of 275. The model answer claims that they could have scored around 300.

Step 1: Factual claim made by the Model Answer - ""bortomane mone hoy pray 300-er moto ason ache"" (It is said that there were around 300 points).

Step 2: Checking against Context - The context explicitly states the score was 275, not 300.

**Verdict:** The model answer is hallucinating facts relative to the given context. It's claiming a higher score than what actually happened.

**Final Answer:** Yes",yes
bengali-9063826758882428072-36::specificity,bengali-9063826758882428072-36,specificity,"Maldiver 1192 ti prarol dippunjoguli gothito hoy, ja uttar-dokkhin diker 26 ti kandher double chain e bistrito hoy, eti pray 90,000 borgo kilometer (35,000 borgo mile) bistrito, eti bishwer shobcheye choriye chitiye thaka deshgulir ekta. Eti okkhanshe 1° S ebong 8 degree N er moddhe thake ebong 72° degree ebong 74 degree E di lomba. Projwolito ekta projapotir khilan ebong bali bar guli gothito, ekta submarine ridge 960 kilometer (600 mile) dirgher upore obosthito ja Bharat Mohasagorer gobhirttom theke ure jay ebong dokkhine dokkhine chole.",Maldiver mot ayoton koto?,"Pray 90,000 borgo kilometer","Maldiver mot ayoton motamuti 95,000 borgo kilometer er moto.","**Reasoning:**

The context provides information about the Maldives' total area but does not mention any specific figure for it. The model answer claims that the Maldives has an area of 95,000 square kilometers (60,000 square miles). Since this claim is not supported by the given context, the model answer is hallucinating.

**Final Verdict:** No",no
bengali-1733542226552149709-2::factualness,bengali-1733542226552149709-2,factualness,"Islam shobdoti esheche Arbi s-l-m shobdoti hote; jar du'ti ortho: 1. shanti 2. atmasamarpan kora. Songkhepe, Islam holo shanti (protistha)'r uddeshe ek o odditiyo Ishwar (Allah)-er kache atmasamarpan kora.",Islam shobdoti-r utpotti kon shobdo theke?,Arbi s-l-,Islam shobdoti esheche Arbi s-m-l shobdo theke.,"**Analysis:**

1. **Claim:** ""Islam shobdoti esheche Arbi s-m-l shobdo.""
   - **Support in Context:** The context mentions ""Arbi s-l-m shobdoti"" which is a transliteration of the Arabic 'Islam'.
   - **Verdict:** Supported.

2. **Claim:** ""shobdoti-r utpotti kon shobdo theke?""
   - **Support in Context:** The question asks about the origin of the term 'Islam', but the model answer doesn't directly address this.
   - **Verdict:** Not fully supported, as it doesn't directly answer the question.

**Final Verdict:**
The model answer is partially hallucinated because while it correctly identifies the Arabic origin of the word 'Islam', it does not directly address the question about its etymology. Therefore, the final answer is: **yes**.",yes
bengali-5091763437915482713-4::specificity,bengali-5091763437915482713-4,specificity,Poromanur khudrotomo konika electron. 1897 Khristabde Sir J. J. Thomson sorboprothom electron-er ostittwo abishkar koren. Ekti electron-er asal vor oti samanno 9.1085×10−28g. Electron-er adhan -1.6×10−19 Coulomb. Electron nucleus-er chardike ghurnayoman. Electron-ke sadharonoto e protik diye prokash kora hoye thake.,Poromanur khudrotomo konikar nam ki?,electron,proton bole dhora hoy সাধারণত,"**Analysis:**

The context discusses the discovery of electrons and their properties. It mentions that Sir J.J. Thomson was the first to discover electrons in 1897, and it provides some factual information about electrons such as their mass (approximately 9.1085×10^-28g) and charge (-1.6×10^-19 Coulomb).

The model answer claims that ""proton"" is known as ""dhora"" in Bangla.

**Step-by-step evaluation:**

1. **Claim:** The model answer states that the name of a proton in Bangla is ""dhora"".
2. **Support from context:** The context does not mention anything about protons or their names in any language.
3. **Verdict for this claim:** Since there's no support for this claim in the given context, it appears to be hallucinated.

**Final verdict:** Yes, the model answer is hallucinated relative to the given code-mixed (Bangla-English) context and question.",yes
bengali--1032349037088526206-6::comprehension,bengali--1032349037088526206-6,comprehension,"1897 khristabder 23 January, bortoman Odisha rajyer Cuttack shohore (Odia Bazar) jonmogrohon koren Subhashchandra Bosu. Tini chilen Cuttack-probashi bishishta Bangali ainjibi Janakinath Bosu o Prabhabati Debir choddho shontaner moddhe nobom. Shostho shreni porjonto Subhashchandra ekta Cuttacker English school-e porashona koren; bortomane ei schooltir nam Stewart School. Erpor take vorti kora hoy Cuttacker Ravenshaw Collegiate School-e. Subhashchandra chilen medhabi chatro. 1911 khristabde Matriculation porikkhay Kolkata theke prothom sthan odhikar koren tini. 1918 khristabde Kolkata Bishwabidyaloy odhibhukto Scottish",Netaji Subhash Chandra Bosur babar naam ki?,Jankinath Bosu,Prabhabati Debi chhilen Netajir baba.,"**Analysis:**

1. **Claim:** Prabhabati Debi chhilen Netajir baba (Prabhabati Debi was Netaji's father).
   - **Support in Context:** The context mentions ""Prabhabati Debir choddho shontaner moddhe nobom"" which translates to ""Prabhabati Debi had a son named Subhashchandra Bosu"". This supports the claim that Prabhabati Debi was Netaji's father.

2. **Claim:** Netajir baba (Netaji's father).
   - **Support in Context:** The context does not explicitly mention ""Netajir baba"" but it does refer to Subhashchandra Bosu as a person and his relation to Prabhabati Debi is mentioned.

**Verdict:**
The model answer is not hallucinated relative to the given context and question. It accurately interprets the information provided in the context about Netaji's father.

Final answer: **no**",no
bengali-7060087994161984077-11::factualness,bengali-7060087994161984077-11,factualness,"Uporontu, tar baje obosthane thaka sottweo e sujog peyechilen.[16] Soforer prothom prostutimulik khelay Dokkhin Australia-r bipokkhe 228 run tulen.[17] Echarao, prothom Test shurur purbe aro ekta ordho-shotoran koren. 14 December, 1894 tarikh-e tar antorjatik cricket-e obhishek ghote.[18] Khelay tini 4 o 20 run tulen. Tobe, follow-on-er kobole poreo England dol swagatik Australia-r bipokkhe joyi hoy. Porer khelayo England joy pay.[19] Tobe, khelar prothom bolei MacLaren caught out-e porinoto hon. Erfole Test cricket-er itihashe prothom khelowar hisebe prothom bolei out hobar nay",Archibald Campbell Archie MacLaren kon sal theke England-er jatio cricket dole khela shuru koren?,1894,Archie MacLaren England-er jatio cricket dole khela shuru koren 1893 sal theke.,"**Step 1:** The Model Answer makes two factual claims:
   - Archie MacLaren started playing for England's national cricket team in 1893.
   - Archie MacLaren was the first player to be caught out in a Test match.

**Step 2:**
   - The context mentions that the first Test match took place on December 14, 1894. This contradicts the claim that MacLaren started playing for England in 1893.
   - The context does not mention anything about Archie MacLaren being the first player to be caught out.

**Step 3:** Based on steps 1-2, both claims made by the Model Answer are unsupported or contradicted by the given context. Therefore, the answer is **no**.",no
bengali-1256980846334025372-12::factualness,bengali-1256980846334025372-12,factualness,Hash-murgir moto je kono morda kobutor madi kobutorer sathe sohoje jora badhe na. Ederke ek sathe ek soptaho rakhle jora badhe. Murgir nyay kobutorer jononotontre dim utpanno hoy. Tobe dimbashoye eksathe sadharonoto matro du'ti folikul toiri hoy. E karone protiti madi kobutor du'ti dim pare. Dim parar 40-44 ghonta purbe dimb skholon hoy ebong dim parar kompokhe 24 ghonta purbe ta nishikto hoy. Orthat je 16-20 ghonta porjonto dim dimbonalite thake se somoye ta nishikto hoye thake. Dim parar por theke morda o madi ubhoy kobutor porjaykrome dime ta dite shuru kore. Madi kobutor pray,Pati moynar dim fute baccha ber hote sorbocho kotodin shomoy lage?,17-18 din por,Pati moynar dim fute baccha ber hote sorbocho 20-21 din lage.,"**Analysis:**

The context discusses the process of chicken eggs hatching and the timeline associated with it. It mentions that after the egg is laid, it takes around 20-21 days for it to hatch.

**Model Answer's Claims:**
1. ""Pati moynar dim fute baccha ber hote sorbocho 20-21 din lage.""

**Verdict:**
The claim made by the Model Answer is supported by the context, which explicitly states that it takes around 20-21 days for a chicken egg to hatch.

**Final Verdict:** No (the model answer is not hallucinated relative to the given context and question).",no
bengali-5487111961873331069-0::specificity,bengali-5487111961873331069-0,specificity,"Galileo Galilei (Italian pronunciation:[ɡaliˈlɛːo ɡaliˈlɛi]; jonmo: 15 February, 1564 - mrityu: 8 January, 1642)[1] ekjon Italian podarthobiggyani, jyotirbiggyani, gonitoggo ebong darshonik jini baigganik biplober sathe besh nigudhbhabe somprikto. Tar shobcheye ullekhjoggo obdaner moddhe royeche durbikshon jontro-r unnati sadhon, ja jyotirbigganer ogragotite shobcheye boro vhumika rekheche, bibhinno dhoroner onek jyotirbaigganik porjobekkhon, Newton-er gotir prothom ebong ditiyo sutro, ebong Cop",Podarthobigganer jonok ke?,Galileo Galilei,Podarthobigganer jonok hisebe oneke Isaac Newton-ke dhore.,"**Analysis:**

1. **Claim:** The Model Answer states that Galileo Galilei was born in the year ""oneke"" (many) times.
   - **Support from Context:** The context does not mention anything about Galileo being born multiple times.

2. **Claim:** It mentions Isaac Newton as a person who influenced Galileo's work.
   - **Support from Context:** The context does not connect Galileo with Isaac Newton directly or indirectly.

Based on these points, the Model Answer contains factual claims that are not supported by the given context. Therefore, it can be considered hallucinated relative to the code-mixed (Bangla-English) context and question.

**Final Verdict:** yes",yes
bengali-91483490703308038-4::comprehension,bengali-91483490703308038-4,comprehension,"Agun jwalanor jonno tinti upadaner proyojon pore - oxygen, jwalani ebong tap. Jwalani hisebe kath, koyla, toil ebong onnanno dahyo podartho poribesher sorbotro ache. Ekbar agun jolte shuru korle porobortite eti nijei tap utpadone sokkhom. Kokhono kokhono eti nijei swoyongkriyo vabe tap utpadoner maddhome jolte shuru kore.",Agun jwalanor jonno kon gaser proyojon hoy?,oxygen,Agun jwalanor jonno nitrogen gas dorkar hoy.,"**Reasoning:**

The context discusses various resources needed for a fire (Agun jwalanor jonno), including oxygen, fuel like wood and coal, and other necessary items. However, it does not explicitly mention nitrogen gas as one of these resources.

The model answer claims that ""nitrogen gas is required for starting a fire."" This claim is not supported by the context provided.

**Final Verdict:** No",no
bengali--405761113848942428-0::inference,bengali--405761113848942428-0,inference,"Harold Dennis Bird, MBE (English: Harold Dennis ""Dickie"" Bird, jonmo: 19 April, 1933) Barnsley elakay jonmogrohonkari obosorpropto o khyatonama English cricket umpire. Tini ekshomoy cricket biswe Dickie Bird name khyato o biswer shreshtho umpire hisebe shokol kriramodir proshongsha kuran. Tar jonmo England-er Yorkshire-er Barnsley elakay. Antorjatik cricket khelagulo opurbo dokkhotar sathe umpire hisebe niropekkhobhave dayitto palon kore obosor niyechen. Shoishobe school jibone Dickie name upadhi pan tini. Ekti khoni shromiker shontan hisebe Dickie Bird South Yorkshire-er Staincross grame bash korten. 1944 shale Bird ekadosh shren",Ingrej cricket umpire Harold Dennis Bird-er daknam ki chilo?,diki bard,Tar daknam chilo Harold Barnsley Bird bole porichito.,"**Analysis:**

Step 1: Identify factual claims made by the Model Answer:
- The model answer states that Harold Dennis Bird's nickname was ""Harold Barnsley Bird"".

Step 2: Check if these claims are supported by the Context:
- The context mentions that Harold Dennis Bird is often referred to as ""Dickie"" Bird, not ""Harold Barnsley Bird"".
- There is no mention of a nickname ""Harold Barnsley Bird"" in the provided context.

Step 3: Decision based on steps 1-2:
Since the model answer provides information about a nickname that is not supported by the given context, it can be considered as hallucinated.

**Final Verdict:** No",no
bengali--8046266163446294688-0::comprehension,bengali--8046266163446294688-0,comprehension,"Netaji Subhash Engineering College (NSEC) sthapon kora hoy Netaji Subhashchandra Bosur Bharatiyo swadhinota andolone obodan o adorsher kotha mone rekhe. Netaji bishwas korten je prokrito swadhinotar bhittiprostor holo shikkha o projukti. 1998 sale Techno India Group ebong Institute Computer Prokousholir (Bharat) sohojogitay collegeti sthapon kora hoy. Collegeti shuru hoy, tinti engineering course diye ebong bortomane Poshchimbonger onnotomo brihottom swanirbhor prokoushol college. Collegeti shuru thekei Kalyani Bishwobidyaloyer odhibhukto chilo. 2002 sale collegeti soddo nirmito Poshchimbongo Projukti Bishwobid",Netaji Subhash Engineering College kobe sthapito hoy?,1998 shale,2002 shale shuru hoy কলেজটা.,"**Analysis:**

The model answer claims that ""Netaji Subhash Engineering College started in 2002.""

**Step 1:** Identify factual claim - The college started in 2002.

**Step 2:** Check support from context - The context mentions, ""Institute Computer Prokousholir (Bharat) sohojogitay collegeti sthapon kora hoy... Collegeti shuru hoy, tinti engineering course diye ebong bortomane Poshchimbonger onnotomo brihottom swanirbhor prokoushol college. Collegeti shuru thekei Kalyani Bishwobidyaloyer odhibhukto chilo."" This translates to ""The Institute of Computer Prokoushol (Bharat) was established as a joint venture college... The college started, offering three engineering courses and later becoming a full-fledged autonomous institution. Initially affiliated with Kalyani University.""

While the context does mention that the college started and became autonomous, it does not explicitly state the year 2002.

**Step 3:** Verdict - Since there's no explicit mention of the year 2002 in the context, the model answer is **hallucinated**.

Final line: No.",no
bengali--1990721472147920166-1::factualness,bengali--1990721472147920166-1,factualness,"1938 saler 4 April Boguray ekta college protisthar lokkhe Khan Bahadur Mohammad Ali-ke shovapoti ebong Moulovi Abdus Sattar-ke sadharon shompadok kore ekta committee gothito hoy. Ei college-ti 1939 saler July mase protisthito hoy.[2] Obibhokto Bonge bishistho bektitto Sir Azizul Haq er name college-tir namkoron kora hoyeche. Tini se shomoy Kolkata University er upacharjo chilen; sorkari school-e shikkhar madhom English theke Banglay chalu, prathomik shikkha porikolponake Act-e porinoto, Kolkata University-r Islamer Itihash o Shongskriti bibhag protistha (1940), Shikkha Shoptaho palon kormosuchi proborton, Bongiyo Byabost",Ajijul Hoq College kobe protishthito hoy ?,1939 saler July mashe,1940 saler April mashe,"**Analysis:**

The context states that Azizul Haq College was established in July 1939. The model answer claims it was established in April 1940.

**Step 1:** Factual claim made by Model Answer - Established in April 1940.
**Step 2:** This claim is not supported by the context, which clearly states that the college was established in July 1939.
**Final Verdict:** The model answer is hallucinated relative to the given context.

**Last line:** yes",yes
bengali--5851536339042738709-0::factualness,bengali--5851536339042738709-0,factualness,"Sheikh Mujibur Rahman (17 March 1920 - 15 August 1975) Bangladesh-er prothom Rashtrapoti o Bharotiyo upomohodesher ekjon onnotomo probhabshali rajnaitik bektitto jini Bangalir odhikar rokkhay British India theke Bharat bivajon andolon ebong porobortite Purbo Pakistan theke Bangladesh protisthar songrame netritto prodan koren. Prachin Bangali shobhyotar adhunik sthopoti hishabe Sheikh Mujibur Rahman-ke Bangladesh-er Jatir Jonok ba Jatir Pita bola hoye thake. Tini Maolana Abdul Hamid Khan Bhashani protishthito Awami League-er shovapoti, Bangladesh-er prothom Rashtrapoti ebong porobortite edesh-er Prodhanmontrir daitto palon koren. Jonoshadh",Bangladesher prothom rastropoti Sheikh Mujibur Rahmaner jonmo kobe hoy?,17 March 1920,16 March 1920-e tar jonmo hoy.,"**Analysis:**

1. **Claim:** Sheikh Mujibur Rahman's birthday was on ""16 March 1920"".
   - **Support in Context:** The context states his birthdate as ""17 March 1920"".

2. **Verdict:** The model answer has incorrectly stated the date of Sheikh Mujibur Rahman's birth.

**Final Verdict:** No (The model answer is not hallucinated relative to the given context and question.)",no
bengali-2163425666649830741-9::factualness,bengali-2163425666649830741-9,factualness,"Ihudi moholla (Hebrew: הרובע היהודי‎, HaRova HaYehudi, known colloquially to residents as HaRova, Arabic: حارة اليهود‎, Ḩārat al-Yahūd) shohorer dokkhin poshchim prante obosthito. Eti dokkhine Zion Gate theke poshchime Armenian moholla niye uttore Cardo ebong purbe Western Wall o Temple Mount porjonto bistrito. Ei mohollar somriddho itihash royeche. Khrishtopurbo oshtom shotok theke ekhane Ihudira dharabahikvabe boshobash kore asche.[17][18][19][20][21][22] 1948 shale er 2,000 Ihudike oborodh kora hoy ebong sobaike sthan tyag korte baddho kora hoy.[23] Moh",Ihudi moholla kobe sthapit hoy?,Khristopurbo oshtom shotok,Khristopurbo shostho shotok e sthapit hoy.,"**Analysis:**

The model answer states that ""Ihudi moholla was established in the sixth century.""

Let's check each claim:

1. **Claim:** Ihudi moholla was established.
   - **Support in Context:** The context mentions that the Jewish Quarter has a rich history and has been inhabited by Jews since ancient times, but it does not specify a particular date or century for its establishment.

2. **Claim:** It was established in the sixth century.
   - **Support in Context:** There is no mention of the sixth century in the provided context.

**Verdict:**
The model answer makes a specific claim about the establishment of Ihudi moholla in the sixth century, which is not supported by the given context. Therefore, it can be considered hallucinated relative to the context and question.

**Final Answer:** No",no
bengali-76220440784974270-3::factualness,bengali-76220440784974270-3,factualness,"Ekti mouchake ba poribare tin shrenir moumachi thake, jotha: (1) rani, (2) purush o (3) shromik moumachi.",Kaj onujare mot koto rokomer moumachi hoy?,tin,Kaj onujare mot char rokomer moumachi hoy.,"**Reasoning:**

The context provides information about three types of people (rani, purush, and shromik) and their corresponding numbers in a group of ten. The model answer claims that ""in each group of ten, there is one queen"".

Step 1: Identify factual claim - ""In each group of ten, there is one queen.""

Step 2: Check support from context - The context does not mention anything about the number of queens (rani) in a group of ten. It only states that there are three types of people with no specific numbers mentioned.

Step 3: Verdict based on steps 1-2 - Since the claim made by the model answer is not supported by the given context, it can be considered as hallucinated information.

**Final verdict:** No",no
bengali-2219441392212686141-0::specificity,bengali-2219441392212686141-0,specificity,"Vubon chil, badami chil, goda chil, dom chil (baigganik nam: Milvus migrans) (English: Black Kite) ba keboloi chil Accipitridae (Aksipitridi) gotro ba poribarer ontorgoto Milvus (Milvas) goner ek projatir majhari akarer sulov shikari pakhi.[1][2] Vubon chiler baigganik namer ortho porijayi chil (Greek Milvus = chil, migrans = porijayon).[2] Saotali vashay Vubon chiler nam Kurit, Singholite Rajaliya, Asomiyay Chilana o Mugacharoni; Sindhite nam Siriun.[3]",Bhubon chiler baigganik nam ki?,Milvus migrans,"Bhubon chiler baigganik nam hocche **Milvus govinda**, ja South Asia-te beshi dekha jay.","**Analysis:**

1. **Claim:** The model answer states that the Bangla name for Black Kite is ""Milvus govinda"".
   - **Support in Context:** The context does not provide any information about a specific Bangla name for Black Kite other than mentioning its scientific name as Milvus migrans.

2. **Claim:** It further specifies that this bird is commonly seen in South Asia.
   - **Support in Context:** The context mentions that Black Kites are found in various regions of South Asia like Kurit, Singholite Rajaliya, Asomiyay Chilana, and Mugacharoni.

**Verdict:**
The model answer provides a specific Bangla name for Black Kite (""Milvus govinda"") which is not supported by the context. While it's true that Black Kites are found in South Asia, the specific claim about its Bangla name seems to be hallucinated. Therefore, the final verdict is:

**No.**",no
bengali--3947167920835567776-1::inference,bengali--3947167920835567776-1,inference,"Alauddin Khilji chilen Khilji bongser protisthata Jalaluddin Khiljir bhatija ebong jamata. Birbhumderke porajit kore Jalaluddin Khilji jokhon Delhi dokhol kore nen, tokhon Alauddin Khiljike Amir-i-Tujukh ba udjapon montri pod deya hoy. 1291 sale Jalaluddin Khilji tar bhatija Alauddin Khiljir hate Kara (Kanpurer nikotoborti ek elaka) namok oncholer shasonbhar tule den. 1296 sale Alauddin Khilji Basila oborodh kore Jalaluddin Khiljir kach theke Abadh (Uttar-Pradesh) dokhol kore seta shashon kora shuru koren. 1296 sale Devagiri oborodh koren ebong Jalaluddiner bipul porimaner shompod dokhol",Khilji bongser protistha kobe hoy?,Jalaluddin Khilji,"Khilji bongser protistha hoy 1296 sale, jokhon Alauddin Khilji Devagiri oborodh er por nijer shashon majbut koren.","**Analysis:**

The Model Answer states two factual claims:

1. ""Khilji bongser protistha hoy 1296 sale"" (The Khilji dynasty was established in 1296)
2. ""jokhon Alauddin Khilji Devagiri oborodh er por nijer shashon majbut koren"" (When Alauddin Khilji conquered Devagiri, he made his rule firm)

**Checking against the Context:**

1. The context mentions that Alauddin Khilji started his conquests in 1296 with the siege of Devagiri.
2. It also states that after conquering Devagiri, Alauddin Khilji began to consolidate his power.

Both claims in the Model Answer are supported by the information provided in the context.

**Verdict:**

The model answer is not hallucinated relative to the given context and question; it accurately summarizes the events leading to the establishment of the Khilji dynasty's rule. Therefore, the final verdict is: **no**.",no
bengali--4860964569116483818-2::specificity,bengali--4860964569116483818-2,specificity,"Pragoitihashik juge gononar jontra udbhabito bibhinno prochestake computer itihash hisebe dhora hoy. Prachin kale manush ekshomoy shongkha bujhanor jonno jhinuk, nuri, dorir git ittyadi byabohar korto. Porobortite gononar kaje bibhinno koushol o jontra byabohar kore thakleo Abacus namok ekta prachin gonona jontrakei computer-er itihashe prothom jontra hisebe dhora hoy. Eti abishkrit hoy Khristopurbo 2400 sale Babylon-e. Abacus frame-e sajano gutir sthan poriborton kore gonona korar jontra. Khristopurbo 450/500 obde Mishore ba Chine gonona jontra hisebe Abacus toiri hoy.",Prithibir prothom computer er naam ki?,Abacus,Prithibir prothom computer er naam holo ENIAC machine.,"**Reasoning:**

The context discusses the history of computers and their evolution from manual devices like abacus to electronic machines. It mentions that Abacus was used in ancient times but does not provide any information about the first computer's name.

The model answer claims that the first computer's name is ENIAC machine, which is a factual claim supported by historical records (ENIAC was indeed the first general-purpose electronic computer).

**Verdict:** Yes",yes
bengali-3835788684367493599-2::specificity,bengali-3835788684367493599-2,specificity,"Sahabigon Islamer sorbosesh Nobir kotha o kajer biboron otyonto agroho sohokare smoron rakhten. Abar keu keu tar onumoti shapekkhe kichu kichu hadis likhe rakhten. Evabe tar jiboddoshay smritipote mukhosto kore rakhar sathe sathe kichu hadis likhito akare lipiboddho chilo. Hazrat Ali, Hazrat Abdullah ibne Omar, Hazrat Abdullah ibne Abbas, Hazrat Anas ibne Malik promukh sahabigon kichu kichu hadis lipiboddho kore rakhten. Hazrat Abu Hurayra bolen, “Abdullah ibne Amr byotito ar kon sahabi amar opekkha odhik hadis janteno na. Karon, tini hadis likhe rakhten ar ami likhtam na.”
Nobir jiboddoshay Islami rashtrer pro",Hadis ke ba kara rochona koren?,"Hojrot Ali, Hojrot Abdullah ibne Omar, Hojrot Abdullah ibne Abbas, Hojrot Anas ibne Malik promukh sahabigon",Hadis muloto Hojrot Abu Hurayra aar Hojrot Ayesha ra rochona koren.,"**Analysis:**

1. **Claim:** Hadis muloto Hojrot Abu Hurayra aar Hojrot Ayesha ra rochona koren.
   - This claim suggests that both Abu Hurayra and Aisha are reliable narrators of hadis.

2. **Support from Context:**
   - The context mentions Hazrat Abu Hurayra as one of the sahabigon who wrote down hadis, but it does not mention Aisha (Hazrat Ayesha).
   - There is no explicit statement in the provided context that both Abu Hurayra and Aisha are reliable narrators.

**Verdict:** The model answer includes a claim about Aisha's reliability as a narrator of hadis which is not supported by the given context. Therefore, it can be considered hallucinated relative to the context.

**Final Answer:** No",no
bengali--7866554679178426911-24::comprehension,bengali--7866554679178426911-24,comprehension,"Rabindrasangeeter abegmoyi shokti o shaundorjer akorshon Bangali shomaje amogh. Modern Review potrikay ei prosongge lekha hoy, ""Banglay emon kono shikkhito griho nei jekhane Rabindranather gaan gawa ba ontotpokkhe gawar cheshta kora hoy na... emonki oshikkhito gramobashirao tar gaan geye thaken."" The Observer-er Arthur Strangeways tar Music of Hindustan rochonay Obangalider kache Rabindrasangeeter porichoy dite giye bolen, ei ganguli holo ""vehicle of a personality ... [that] go behind this or that system of music to that beauty of sound which all systems put out their hands to seize."" [22] Bangladesher jatiyo sangeet Amar Sonar Bangla o Bharoter jatiyo sangeet Jan",Rabindranath Thakurer lekha sangeet songkolon granther nam ki?,Gitobitan,Rabindra Sangeet Samagra boiটা।,"**Analysis:**

Step 1: The Model Answer claims that ""Rabindra Sangeet Samagra boi"" is the collection of Rabindranath Tagore's songs.

Step 2:
- The context mentions various aspects of Rabindrasangeet (Tagore's songs) but does not explicitly mention a specific collection titled ""Rabindra Sangeet Samagra"".
- It discusses the uniqueness and influence of Rabindrasangeet on Bengali culture, but no book title is mentioned.
- The context also mentions modern reviews and foreign perspectives on Tagore's music, but these do not provide direct evidence for the existence of such a collection.

Step 3: Based on steps 1-2, the claim made by the Model Answer is not supported by the given context. Therefore, it appears to be a hallucination in this context.

**Final Verdict:** No",no
bengali--8550731156389938132-14::comprehension,bengali--8550731156389938132-14,comprehension,"Sadharonoto je dol beshi run kore shei dol bijoyi hoy. Tobe bibhinno obosthay joyer songa bibhinno hoy. Udahoronshorup bola jay brishtir karone simito over-er khelar over shonkha komiye ana hote pare, othoba Duckworth-Lewis poddhoti obolombon kore bijoyi nirdharon kora hote pare.",Cricket e Duckworth-Lewis poddhotir dara ki nirnoy kora hoy?,Bijoyi,Duckworth-Lewis poddhotir dara target score nirnoy kora hoy.,"**Reasoning:**

The context discusses Duckworth-Lewis method in cricket for determining a target score when play has been interrupted. It mentions that this method helps to decide victory even if the game is incomplete due to rain or other reasons.

The model answer states: ""Duckworth-Lewis poddhotir dara target score nirnoy kora hoy."" This translates to ""A decision on the target score is made using Duckworth-Lewis.""

**Step 1:** The factual claim in the Model Answer is that Duckworth-Lewis method is used to decide the target score.

**Step 2:** This claim is supported by the context, which explicitly mentions Duckworth-Lewis poddhotir bijoyi nirdharon kora hote pare (Duckworth-Lewis method helps to decide victory).

**Final Verdict:**

The model answer does not contain any false or unsupported information relative to the given context and question. Therefore, it is not hallucinated.

**Last line:** No",no
bengali--2734990305290488269-0::inference,bengali--2734990305290488269-0,inference,"Malcolm Denzil Marshall (English: Malcolm Denzil Marshall; jonmo: 18 April, 1958 - mrittu: 4 November, 1999) Barbados-e jonmogrohonkari West Indies-er bikhyato antorjatik cricket taroka chilen. Bishwo cricket ongone 'Maco' dakname porichito Malcolm Marshall prodhanoto fast bowler chilen. Test cricket-e take ottonto shundor bowling bhongimar odhikari o drutogotir pacer hisebe bibechona kora hoy.[1][2][3][4] Proti wicket lave take gore 20.94 run dite hoise ja 200 ba totodhik wicketlavkari bowler-der moddhe onnotomo sera bowling gor.[5] Bowling-e tar e sofolota asleo tini onnanno fast bowler-der tulonay kom uchchotasompanno chilen.",West Indies-er cricketer Malcolm Denzil Marshall-er uchchota koto chilo?,5 foot 11 inch,Malcolm Marshall-er uchchota chilo prai 6 foot 3 inch.,"**Analysis:**

Step 1: The Model Answer claims that Malcolm Marshall's height was ""prai 6 foot 3 inch"".

Step 2:
- The context mentions nothing about Malcolm Marshall's height.
- There is no specific information in the context to support or refute this claim.

Step 3: Since there is no supporting evidence for the claim in the given context, we conclude that the Model Answer is hallucinated relative to the provided context and question.

**Final Verdict:** No",no
bengali--6627693430671062547-23::specificity,bengali--6627693430671062547-23,specificity,"Konkona Bangla cholocchitro nirmata, script lekhok ebong obhinetri Aparna Sen-er konya. Sen Sharma-r sathe obhineta o soho-shilpi Ranvir Shorey-r dekha hoy. Ei juti 2010 saler 3 September ekta paribarik onusthaner maddhome tader biye somponno kore.[37] 2011 sale Dokkhin Mumbai-r ekta hospital-e tini tar prothom shontaner jonmo den, tar nam rakhen Haroon.[38]",Konkona Sen Sharmar shamir nam ki?,Ronbir Shure,Konkona Sen Sharmar shami hocchen Rahul Bose bole dhora hoy.,"**Analysis:**

1. **Claim:** Konkona Sen Sharma's husband's name is Rahul Bose.
   - **Support in Context:** No mention of Rahul Bose in the context provided.
2. **Claim:** Konkona Sen Sharma married Rahul Bose.
   - **Support in Context:** The context mentions that Konkona Sen got married to someone, but it doesn't specify who.

**Verdict:**
The model answer contains factual claims not supported by the given context. Therefore, it is a hallucination.

Final answer: **No**.",no
bengali--4320526522663858783-1::specificity,bengali--4320526522663858783-1,specificity,"Motorola company-te kormoroto Dr. Martin Cooper[1] ebong John Francis Mitchell-ke[2][3][4] prothom mobile phone-er udbhaboker morjada deya hoye thake. Tara 1973 saler April-e prothom shofolvabe ekta pray 1 keji (2.2 pound) ojoner hate dhora phone-er maddhome call korte sokkhom hon[5]. Mobile phone-er prothom banijjik shongskoron bajare ase 1983 sale, phone-tir nam chilo Motorola DynaTAC 8000x. 1990 sal theke 2011 saler moddhe prithibibyapi mobile phone byaboharkarir shonkha 12.4 million theke briddhi peye 6 billion-er beshi hoye geche. Prithibir mot jonoshonkhar pray 87% mobile phone",Bishwer prothom mobile network songsthar nam ki?,Motorola,Bishwer prothom mobile network songstha hisebe onekei Bell Labs-er naam ullekh kore.,"**Analysis:**

The context provided discusses the invention of the first mobile phone by Motorola in 1973 and its subsequent growth in usage worldwide. It mentions key figures involved but does not explicitly state who created the first mobile network.

Step 1:
- Claim made by Model Answer: The first mobile network was created by Bell Labs.

Step 2:
- Context does not mention Bell Labs or any other entity creating the first mobile network.
- There's no explicit support for this claim in the given context.

Step 3:
Since there's no factual basis in the provided context to support the claim made by the Model Answer, we conclude:

**Final Verdict:** No",no
bengali--3516219870019020278-0::comprehension,bengali--3516219870019020278-0,comprehension,"The Lunchbox 2013 saler ekta Bharotiyo romantic cholochitro ja porichalona korechen Ritesh Batra ebong proyojonay Guneet Monga, Anurag Kashyap o Arun Rangachari. DAR, UTV, Dharma Productions, Sikhya Entertainment, NFDC sho aro koyekti studio jouthovabe cholochitroti proyojona kore.[1] Ete prodhan choritre obhinoy korechen Irrfan Khan, Nimrat Kaur ebong Nawazuddin Siddiqui. Cholochitroti Cannes Film Festival-er International Critics' Week-e prodorshito hoy ebong porobortite ta Critics' Week Viewers Choice purashkar totha Grand Rail d'Or jite ney.[2] Eti 2013 saler Toronto Film Festival-eo dekhano hoy.[3] Bharote cholochitroti mukti de",The Lunchbox cholochitroter nirmata ke?,Ritesh Batra,Anurag Kashyap nirmata chhilen.,"**Analysis:**

Step 1: The Model Answer claims that ""Anurag Kashyap nirmata chhilen"" (Anurag Kashyap directed it).

Step 2:
- The context mentions Anurag Kashyap as one of the producers (""proyojonay"") of the film, but it does not explicitly state that he directed it.
- The context also lists Ritesh Batra as one of the directors (""cholochitroti proyojona kore"").

Step 3: Since the context does not confirm Anurag Kashyap as the director and mentions another director (Ritesh Batra), the claim made by the Model Answer is not supported by the given context.

**Final Verdict:** No.",no
bengali-2295610133647280080-0::specificity,bengali-2295610133647280080-0,specificity,Tripura hocche Bharoter uttar-purbe obosthito ekta rajyo ebong rajyer sorkar prodhan hocchen ekjon mukhyomontri. 1963 sal theke Tripuray mot 9 jon mukhyomontri chilen. Prothom jon hocchen Sachindra Lal Singh ebong tini chilen Bharatiyo Jatiyo Congress Party-r neta. Bortoman mukhyomontri Manik Sarkar 1998 saler March mas theke Tripura rajyer mukhyomontri. Tini Bharoter Marksobadi Communist Party-r ekjon politburo sodossho.[1],Tripurar bortoman mukhyomontri ke?,Manik Sarkar,Tripurar bortoman mukhyomontri holo Sachindra Lal Singh.,"**Analysis:**

The context provided discusses various aspects of Tripura's history and its chief ministers. It mentions that there have been nine chief ministers since 1963, with Sachindra Lal Singh being the first (prothom jon). However, it does not explicitly state who was the last/bortoman mukhyomontri.

**Step-by-step evaluation:**

1. **Claim:** ""Tripurar bortoman mukhyomontri holo Sachindra Lal Singh.""
   - This claim is incorrect as Sachindra Lal Singh was the first chief minister of Tripura, not the last.
2. The context does not provide information about who the last/bortoman mukhyomontri of Tripura was.

**Final verdict:** Since the model answer makes a false factual claim that contradicts the given context, it is considered **hallucinated**.

Last line: yes",yes
bengali--1823810411993388609-7::inference,bengali--1823810411993388609-7,inference,Saloksongshleshon er bikriya:- 6CO2 + 12H2O + tap → C6H12O6 + 6H2O + 6O2 Saloksongshleshon prokriya 2ti porjaye somponno hoy- k) alok nirvor porjay kh) ondhokar porjay,Saloksongshles prokriyata prodhanoto kon duto porjaye shompanno hoy?,k) alok nirvor porjay kh) ondhokar porjay,Saloksongshleshon prodhanoto alok o tap porjaye hoy.,"**Reasoning:**

The context provided is a chemical reaction involving Saloksongshleshon (glucose), CO2, H2O, and tap water. The question asks which two substances are primarily involved in the second stage of glucose's reaction.

The model answer claims that ""Saloksongshleshon prodhanoto alok o tap porjaye hoy,"" which translates to ""In the second stage of Saloksongshleshon's reaction, alok (carbon dioxide) and tap water are primarily involved.""

Let's check each claim:
1. **Alok (Carbon Dioxide)** is indeed a reactant in the given chemical equation for glucose breakdown: 6CO2 + 12H2O + tap → C6H12O6 + 6H2O + 6O2.
2. **Tap Water** is also present as a reactant in the same equation.

However, there's no mention of any ""second stage"" or ""two primary substances"" in the provided context. The context only shows one complete reaction with all reactants and products listed together.

**Verdict:** Since the model answer claims a ""second stage"" that is not supported by the given context, it is **hallucinated**.

Final line: yes",yes
bengali-7997141354018565671-1::specificity,bengali-7997141354018565671-1,specificity,Aryabhatter kaj theke tar jonmoshal somporke suspasto totho pawa geleo tar jonmosthan niye subishes kono totho pawa jayni. Aryabhatter onnotomo bhashyakaar Prothom Bhaskorer bhashyo onujayi tar jonmo hoyechilo Ashmaka namer ekta jaygay. Prachin Bouddho ebong Hindu ritite ei jaygatikey Narmada ebong Godabari nodir moddhovorti sthane Dokkhin Gujarat ebong Uttar Maharashtra-r ashepasher ekta jayga hisebe chihnito kora hoy.[3][4],Gonitbid Aryabhatter jonmo kothay hoy?,Ashmoka,Aryabhatter jonmo Narmada-Godabari moddhovorti Dokkhin Gujarat-e hoy.,"**Reasoning:**

The context discusses Aryabhata's birthplace and its significance in Hindu and Buddhist rituals. It mentions that his birthplace is marked by a monument at the confluence of the Narmada and Godavari rivers, located between Gujarat and Maharashtra.

1. **Claim:** ""Aryabhatter jonmo Narmada-Godabari moddhovorti Dokkhin Gujarat-e hoy.""
   - This claim states that Aryabhata was born at the confluence of the Narmada and Godavari rivers in South Gujarat.
   - The context supports this claim as it explicitly mentions that his birthplace is marked by a monument at this location.

**Verdict:** Yes, the model answer is not hallucinated relative to the given context and question. It accurately provides Aryabhata's birthplace based on the information provided in the context.",yes
bengali-4467222109752420633-0::comprehension,bengali-4467222109752420633-0,comprehension,"Humayun Ahmed (13 November, 1948 – 19 July, 2012) chilen ekjon Bangladeshi uponnashik, chotogolpokar, natyokar ebong gitikar, chitronattyokar o cholocchitro nirmata. Tini bingsho shotabdir jonopriyo Bangali kothasahityikder moddhe onnotomo. Take Bangladesher shadhinota poroborti onnotomo shreshtho lekhok bole gonno kora hoy. Bangla kothasahitye tini songlapprodhan notun shoilir jonok. Onno dike tini adhunik Bangla baigganik kolpokahinir pothikrit. Natok o cholocchitro porichalok hisebeo tini somadrito. Tar prokashito granther shonkha tin shotadhik. Tar bes",Jonopriyo kothashilpi Humayun Ahmed kobe jonmogrohon koren?,"13 November, 1948","Humayun Ahmed 19 July, 1948 te jonmogrohon koren.","**Analysis:**

1. **Claim:** Humayun Ahmed died on July 19, 1948.
   - **Support in Context:** The context mentions ""19 July, 2012"" as his death date.

2. **Claim:** Humayun Ahmed became famous after his death.
   - **Support in Context:** There's no mention of him becoming famous post-death in the given context.

**Verdict:**
The second claim is not supported by the context. The context does not suggest that Humayun Ahmed became famous after his death; rather, it mentions his fame and achievements during his lifetime. Therefore, the model answer contains a hallucination relative to the given context and question.

**Final Answer:** No",no
bengali--568579312170743583-11::factualness,bengali--568579312170743583-11,factualness,"Bangla Academy Puraskar (1968), Daud Puraskar (1969 shadhinota andoloner prakkale protyakhyan), Shere Bangla Puraskar [6] Sufi Motahar Hossain Swarnapadak (1976), Bangladesh sarkar kortik prodotto Ekushey Padak (1982), Nasir Uddin Swarnapadak (1985), Madhusudan Puraskar (1985), Shadhinota Puraskar (1987) [6][7] Jatiyo oddhyapok rupe niyukti (1989). Kishorkontho Sahitya Puraskar (moronottor)-2003",Soyed Ali Ahsan koto sale Bangla Academy puraskar pan?,1968,Soyed Ali Ahsan Bangla Academy Puraskar pan 1967 shale.,"**Analysis:**

1. **Claim:** Soyed Ali Ahsan received Bangla Academy Puraskar in 1967.
   - **Support from Context:** The context mentions that Sufi Motahar Hossain Swarnapadak received the award in 1976, and it lists other recipients but does not mention Soyed Ali Ahsan or any year for him.

2. **Claim:** The year mentioned (1967) is correct.
   - **Support from Context:** There's no explicit confirmation of this year in the provided context.

**Verdict:**
The model answer claims that Soyed Ali Ahsan received an award in a specific year, but there's no supporting evidence for either the receipt of the award or the mentioned year in the given context. Therefore, it is **hallucinated**.

Final line: yes",yes
bengali-2238431535879436047-0::factualness,bengali-2238431535879436047-0,factualness,"Greek ondhokar jug, Homeric jug (mohakobi Homer-er name namkoron kora hoyeche) ba Geometric jug (eshomoyer geometric shilpokolar boishishto onujayi namkoron kora hoyeche)[1] nameo porichito, Greece-er itihasher ekta jug, ja Mycenaean shobhyotar shesh dike Khristopurbo 1100 obdo theke shuru kore Khristopurbo 9m shotabdie prachin Greece-er prothom nidorshon porjonto sthayi chilo.",Griser Misinian shobhyotar thik porer shobhyotar nam ki?,Greek ondhokar jug,Misinian shobhyotar thik porer shobhyota chhilo Archaic Greek jug.,"**Analysis:**

The model answer states two factual claims:

1. ""Misinian shobhyotar thik porer shobhyota chhilo"" (The Mycenaean civilization ended before the Archaic Greek period)
2. ""Archaic Greek jug"" was the next major pottery style after the Mycenaean.

**Step 1:** Identify factual claims made by the Model Answer.
- Claim 1: The Mycenaean civilization ended before the Archaic Greek period.
- Claim 2: An Archaic Greek jug followed the Mycenaean period.

**Step 2:** Check whether these claims are supported by the Context.
- The context mentions that ""Greece-er itihasher ekta jug, ja Mycenaean shobhyotar shesh dike Khristopurbo 1100 obdo theke shuru kore Khristopurbo 9m shotabdie prachin Greece-er prothom nidorshon porjonto sthayi chilo."" This translates to ""One of the historical jugs in Greece, which started after the end of the Mycenaean civilization around 1100 BC and continued until around 900 BC, was the first stable state of ancient Greece."" This supports Claim 1.
- The context does not explicitly mention an ""Archaic Greek jug"" but implies that there were different styles of pottery after the Mycenaean period. However, it does not specify that the next major style was Archaic Greek. Therefore, Claim 2 is not fully supported by the context.

**Step 3:** Based on steps 1-2, decide the final verdict.
While Claim 1 is supported by the context, Claim 2 is not explicitly confirmed. Thus, the model answer contains a hallucination regarding the specific next major pottery style after Mycenaean.

**Final Verdict:** yes",yes
bengali-3035778443777321171-2::specificity,bengali-3035778443777321171-2,specificity,"Al Mansur 95 Hijri sone (714 Khrishtabdo) Abbasiyo poribare jonmogrohon koren. Tar pita Muhammad chilen Nabi Muhammad (sa:) er chacha Abbas ibne Abdul Muttaliber pro-poutra; 14sh shotabdie Murish itihashbid Ali ibn Abdullah rochito Raud al Kirtas grontho onujayi tar ma ekjon Barbar bongshiyo nari chilen.[4] Tini 136 Hijrir Zilhajj theke 158 Hijrir Zilhajj (754 Khrishtabdo – 775 Khrishtabdo) porjonto shashon koren. 762 Khrishtabde tini tar notun rajkiyo abasosthol o prasad hisebe Madinatus Salam (Shantir Shohor) protistha koren, ja porobortite rajkiyo rajdhani Bagdader mulkendro te por",Ditiyo Abbasiyo khalifa Abu Jafar Abdallah ibne Muhammad Al Monsurer jonmo kobe hoy?,95 Hijri sone,"96 Hijri sone, mane prai 715 Khrishtabde.","**Analysis:**

1. **Claim:** Abbasiyo khalifa Abu Jafar Abdallah ibne Muhammad Al Monsurer's birth was in 96 Hijri.
   - **Support from Context:** The context mentions that Al Mansur (Abu Jafar Abdallah ibn Muhammad) was born in 95 Hijri.

2. **Claim:** This corresponds to the year 715 Khrishtabde.
   - **Support from Context:** The context provides the conversion between Hijri and Khrishtabdo years for Al Mansur's birth, which is indeed 714 Khrishtabdo.

**Verdict:**
The model answer accurately reflects the information provided in the context. It correctly states that Abu Jafar Abdallah ibn Muhammad Al Mansur was born in 96 Hijri (715 Khrishtabde), aligning with the details given in the context.

**Final Answer:** No",no
bengali-8928116523894333105-0::comprehension,bengali-8928116523894333105-0,comprehension,Gitanjali holo Rabindranath Thakur-er lekha ekta kabyagrantha. Ei boi-e mot 157ti gitikobita songkolito hoise. Kobitaguli Brahma-bhabapanno bhaktimulok rochona. Er beshirvag kobitatei Rabindranath nije surarop korechilen. 1908-09 sale bibhinno potropotrikae ei kobitaguli prokashito hoy. Erpor 1910 sale Gitanjali kabyagranthoti prokashito hoy.,'Gitanjali' kabyagranthotite mot koto gulo kobita ache?,157ti,'Gitanjali' te mone hoy 1910 ta kobita ache.,"**Analysis:**

The model answer states that ""Gitanjali"" contains 1910 kobita (songs/poems).

**Step 1:** Identify factual claims:
- 'Gitanjali' contains 1910 kobita.

**Step 2:** Check support from Context:
- The context mentions that the collection of 157 songs was published in a book called Gitanjali, but it does not specify how many poems are in the final published version.
- There is no explicit mention of 'Gitanjali' containing exactly 1910 kobita.

**Step 3:** Verdict:
Since there's no explicit support for the claim that 'Gitanjali' contains exactly 1910 kobita, the model answer appears to be hallucinating this detail.

**Final verdict:** No",no
bengali-8786104743319273548-10::factualness,bengali-8786104743319273548-10,factualness,"Adhunik pashchatto naribadi andoloner itihash tinti ""torongo""-e bivokto.[23][24] Nirdishto kichu naribadi lokkher ek ekti angik niye ek ekti dheu kaj koreche. Prothom dheu-er shomoye, orthat unobingsho shotok o bingsho shotoker prothom bhage narir votadhikar orjoner upor jor deya hoy. Ditiyo dheu bolte 1960 er doshoke narimukti andoloner maddhome shuru howa motadarsho o kormosuchisomuhke bojhay. Ei shomoye narir samajik o aingoto samyo protisthar khetre jor deya hoy. Tritiyo torongo holo ditiyo toronger protikriyasworup 1990 er doshok theke shuru howa ekta",Naribadi andolon sorboprothom kothay shuru hoy?,1960 er doshoke,Naribadi andolon sorboprothom 1950 er doshoke shuru hoy.,"**Reasoning:**

The context discusses three phases of women's movements in Bangladesh, with specific events mentioned for each phase:

1. The first phase started in the late 1940s and early 1950s.
2. The second phase began in the 1960s.
3. The third phase started in the 1990s.

The Model Answer claims that the women's movement (Naribadi Andolon) started in 1950. This claim is supported by the context, which mentions that the first phase of the movement began in the late 1940s and early 1950s.

**Verdict:** Yes",yes
bengali-2573614511216597131-1::factualness,bengali-2573614511216597131-1,factualness,Pir Gorachander asal nam holo Pir Hojrot Shah Saiyad Abbas Ali Raji. Tar pitar nam Hojrot Karim Ullah ebong matar nam Maymuna Siddika. Anumanik 1265 Khristabde Arber Mokka nogore Zamzam mohollay bikhyato Korayesh bongse tini jonmogrohon koren. Pir Hojrot Shahjalal Eamnir kache torika Sufimate dikshagrohon er por gurur nirdeshe Bharatborshe dhormoprochare asen. [1][2][4],Pir Gorachander babar nam ki chilo?,Hojrot Karim Ullah,Pir Gorachander babar nam chhilo Hojrot Abdul Karim Ullah.,"**Analysis:**

The context provided discusses Pir Gorachander's lineage and his spiritual journey. It mentions his birth name as Pir Hojrot Shah Saiyad Abbas Ali Raji, but it does not provide any information about a ""babar nam"" (grandfather's name) for Pir Gorachander.

The Model Answer claims that Pir Gorachander's babar nam was Hojrot Abdul Karim Ullah. However, this claim is not supported by the provided context.

**Verdict:** The model answer has hallucinated information as it provides a detail about Pir Gorachander's lineage that is not supported by the given context.

Final answer: **No**.",no
bengali-8822896384804365229-0::inference,bengali-8822896384804365229-0,inference,"Miley Ray Cyrus (jonmo Destiny Hope Cyrus, November 23, 1992) ekjon Markin konthoshilpi, gitikar ebong obhinetri. Country gayok Billy Ray Cyrus tar baba. Tini shoishobe television dharabahik Doc ebong Big Fish cholocchitre goun bhumikay obhinoy korechen. 2006 sale, Cyrus Disney Channel television dharabahik Hannah Montana-y obhinoy shuru korar por tarunnyer protima hisebe besh probhabshali hoye othen, jekhane tini prodhan choritro Miley Stewart hisebe uposthit hon. 2007 sale Hollywood Records-er sathe recording chukti shakkhorer por, Cyrus tar atmaprokash studio album Meet Miley Cyrus mukti den. Char million-er odhik chalaner ebong hit ekok ""See You Again"" utpadoner jonno, eti",Miley Ray Cyrus-er prothom ganer album-er naam ki?,Meet Miley Cyrus,Tar prothom album chhilo **Hannah Montana Forever**.,"**Step 1:**
The Model Answer claims that Miley Ray Cyrus' first album was named **""Hannah Montana Forever""**.

**Step 2:**
However, the context states that her first studio album was **""Meet Miley Cyrus""** released in 2007. There is no mention of an album titled **""Hannah Montana Forever""** as her first album.

**Step 3:**
Since the claim made by the Model Answer is not supported by the given context, the answer is **no**.

Final verdict: **no**.",no
bengali-1239158793173466909-0::comprehension,bengali-1239158793173466909-0,comprehension,"Umaiya Khilafat (Arabic: al-khilafah al-umawiyya, trans. Al-Ḫilāfa al-ʾumawiyya) Islamer prodhan charti khilafoter moddhe ditiyo khilafat. Eti Umaiya rajbongshoke kendro kore gore uthe. Islamer tritiyo khalifa Usman ibn Affaner khilafat laver maddhome Umaiya poribar prothom khomotay ase. Tobe Umaiya bongser shashon Muawiya ibne Abu Sufiyan kortik suchito hoy. Tini dirghodin Siriyar governor chilen. Fole Siriya Umaiyader khomotar vitti hoye uthe ebong Damascus tader rajdhani hoy. Umaiyara Muslimder bijoy ovijan obbyahoto rakhe. Caucasus, Transoxania, Sindhu, Maghreb o Iberian upodwip",Damasker mot ayoton koto chilo?,5.79 million borgo mile,Damasker mot ayoton chilo prai 7.2 million borgo mile.,"**Analysis:**

The context provided discusses the Umaiya Khilafat period and its expansion under Muawiya ibn Abu Sufyan. It mentions that Damascus became their capital but does not provide any specific population figures for Damascus during this time.

The model answer claims that ""Damasker mot ayoton chilo prai 7.2 million borgo mile,"" which translates to ""Damascus had a population of approximately 7.2 million.""

**Reasoning:**

1. The context does not provide any information about the population of Damascus during the Umaiya Khilafat period.
2. The model answer provides a specific figure (7.2 million) for the population of Damascus, which is not supported by the given context.

**Verdict:** The model answer is hallucinated relative to the code-mixed Bangla-English context and question because it provides unsupported factual claims about the population of Damascus during the Umaiya Khilafat period.

Final answer: **yes**",yes
bengali--8086647507406881166-0::comprehension,bengali--8086647507406881166-0,comprehension,"Moumachi ba modhumokkika ba modhukor (English: Bee) bolta ebong piprar sathe ghonishto shomporkojukto modhu shongrohokari potongobishes. Modhu o mom utpadon ebong phuler poragayon er jonno prosiddho.[1] Prithibite 9ti shwikrto gotrer odhine pray bish hajar moumachi projati ache,[2] jodio er beshirvagheri kono bornona nei ebong er prokrito shonkha aro beshi hote pare. Antarctica byotit prithibir shokol mohadeshe jekhanei potongo-poragayito sopushpok udbhid ache, sekhanei moumachi ache. Bangladesh e sochorachor je moumachi dekha jay tar baigganik nam Apis cerana (Epis serana) ei onchole",Moumashir baigganik nam ki?,Apis cerana,Moumashir baigganik nam holo **Apis mellifera indica**.,"**Analysis:**

The context provided discusses bees (moumachi) and their species. It mentions that there are approximately 9,000 bee species worldwide, but it doesn't provide a specific name for any particular species. It also mentions that Bangladesh has its own native bee species named Apis cerana.

The model answer claims that the scientific name of Moumashir (a type of bee) is **Apis mellifera indica**.

**Step 1:** The factual claim made by the Model Answer is that the scientific name of Moumashir is Apis mellifera indica.

**Step 2:** The context does not provide any information about a species named Moumashir or its scientific name. It only mentions Apis cerana as a native bee species in Bangladesh.

**Step 3:** Since there's no support for the claim made by the Model Answer in the given context, it is hallucinated relative to the context and question.

**Final Verdict:** No",no
bengali--3907492526608506419-2::specificity,bengali--3907492526608506419-2,specificity,"2018 sale Real Madrid Forbes dara prokashito Forbes shobcheye mulyoban football club-er talikay sthan pay, jekhane prokash kora hoy je ei clubtir mot mullo anumannik €3.47 billion ($4.1 billion). 2016–17 mousume clubti Deloitte dara prokashito shobcheye mulyoban football club-er talikay 2y sthan odhikar kore, jekhane clubtir barshik ay chilo anumannik €674.6 million.[11][12][13] Clubti bishwer shobcheye beshi somorthito dalguler moddhe ekta.[14] Real Madrid La Liga-r 3 protishthata sadossher moddhe ekta jara 1929 sal hote shuru howa La Liga-r itihashe kokhono-i shirsho bibhag hote obonomito hoyni",2018 sale Real Madrid football club-er barshik ay koto chilo?,Anumanik €674.6 million,2018 sale Real Madrid-er barshik ay chhilo praye €720 million er moto.,"**Analysis:**

1. **Claim:** ""2018 sale Real Madrid-er barshik ay chhilo praye €720 million er moto.""
   - This claim states that in 2018, Real Madrid's revenue was approximately €720 million.

2. **Checking against Context:**
   - The context mentions Forbes publishing the revenue for 2016-17 as €674.6 million.
   - There is no mention of the revenue for 2018 in the provided context.

**Verdict:** Since there's no supporting information about Real Madrid's revenue in 2018, the model answer is **hallucinated**.

Final line: No",no
bengali--2828441118948687849-0::factualness,bengali--2828441118948687849-0,factualness,"Abdul Aziz ibne Abdur Rahman ibne Foysal ibne Turki ibne Abdullah ibne Muhammad Al Saud (Arabic: Abd al-Aziz ibn Abd ar-Rahman Al Saud, 15 January 1876[1] – 9 November 1953) Arab biswe sadharonvabe Abdul Aziz[2] ba Ibne Saud[3] bole porichito. Tini adhunik Saudi Araber protishthata o Saudi Araber prothom badshah.[4]",Abdullah bin Al-Husain koto sale jonmogrohon korechilen?,15 January 1876,Abdullah bin Al-Husain 14 January 1877-e jonmogrohon korechilen.,"**Reasoning:**

The context provided discusses Abdul Aziz ibn Abdur Rahman Al Saud's lineage and his role as the founder of modern Saudi Arabia. It does not mention Abdullah bin Al-Husain at all.

Step 1: The Model Answer claims that Abdullah bin Al-Husain was born on January 14, 1877.
Step 2: This claim is not supported by the context provided.
Step 3: Therefore, the Model Answer is hallucinating information not present in the given context.

**Final Verdict:** yes",yes
bengali-3835181479414901802-18::inference,bengali-3835181479414901802-18,inference,"Rabindranath Thakur Subhashchandrake 'Deshnayak'[7] akhya diye Taser Desh nrityonattyoti take utsorgo koren. Utsorgopotrey lekhen: ""Swadesher chitte nuton pran sonchar korbar punnyobroto tumi grohon korecho, sei kotha smoron ko're tomar name 'Taser Desh' natika utsorgo korlum.""[8] Azad Hind Foujer ovijan byorthotay porjoboshito holeo, Subhashchandrer shourjo o aposhihin ronniti take Bharatbyapi jonopriyata dan kore. Netajir jonmodin bortomane Poshchimbange, Tripuray, Asome o Odisay rashtriyo chhutir din hisebe palito hoy. Swadhinotar por Kolkatar ekadhik rasta tar name namank",Subhashchandra Bosu ke Deshnayok akhya diyechhilen?,Rabindranath Thakur,Deshnayok upadhi ta mone hoy Azad Hind Foujer netritto-r jonno Mahatma Gandhi diyechhilen.,"**Analysis:**

1. **Claim:** ""Deshnayok upadhi ta mone hoy Azad Hind Foujer netritto-r jonno Mahatma Gandhi diyechhilen.""
   - Translation: ""It is remembered that Deshnayok was appointed by Mahatma Gandhi for the purpose of leading the Azad Hind Foujer.""

2. **Verification against Context:**
   - The context mentions Subhas Chandra Bose's role in leading the Indian National Army (INA), which is equivalent to Azad Hind Foujer.
   - However, there's no mention of Mahatma Gandhi appointing him for this purpose.

**Verdict:** The model answer contains a factual claim that is not supported by the given context. Therefore, it can be considered hallucinated.

Final answer: **No**.",no
bengali-4642028559631724689-1::factualness,bengali-4642028559631724689-1,factualness,Hachon Rajar jonmo 1854 saler 21 December (7 Poush 1261) sekaler Sylhet jeler Sunamganj shohorer nikotoborti Surma nodir tire Lokkhonchhiri (Lokkhonshri) porgonar Teghoria grame. Hachon Raja jomidar poribarer shontan. Tar pita Dewan Ali Raja Chowdhury chilen protapshali jomidar. Hasan Raja tar tritiyo putro. Ali Raja tar khalato bhai Amir Bokhsh Chowdhurir nihshontan bidhoba Hurmot Jahan Bibike porinoto boyoshe biye koren. Hurmot Bibir gorbhei Hachon Rajar jonmo.[4] Hachoner pita Dewan Ali Raja tar opurbo shundor boimatreyo bhai Dewan Obedur Rajar poramorsho moto,Dewan Hasn Raja Chowdhury kobe jonmogrohon koren?,1854 saler 21 December,Dewan Hasn Raja Chowdhury 1853 saler 22 December jonmogrohon koren.,"**Analysis:**

1. **Claim:** Dewan Hasn Raja Chowdhury was born in 1853.
   - **Support:** The context mentions that Hasan Raja is the third son of Dewan Ali Raja Chowdhury, but it doesn't provide a specific birth year for Hasan Raja.

2. **Claim:** Dewan Hasn Raja Chowdhury was born on December 22nd.
   - **Support:** There's no mention of Hasan Raja's birthday in the context provided.

**Verdict:**
The model answer contains factual claims that are not supported by the given context. Therefore, it is a hallucination relative to the Bangla-English code-mixed context and question.

Final answer: **No**.",no
bengali--1850954320629290188-3::specificity,bengali--1850954320629290188-3,specificity,1890-er doshoke West Indies cricket daler protistha hoyechilo bole dharona kora hoy. Tokhon tara soforkari England cricket daler bipokkhe prothom mathe khelte name. 1926 sale cricketer antorjatik niyontrak songstha Imperial Cricket Conference-e West Indies Cricket Board ba WICB jogdan kore.[4] Erpori tara anusthanikvabe prothom antorjatik khelay ongshogrohon kore. 1928 sale West Indies cricket dal 4rth testkhelure daler morjada lav kore.[5],West Indies er jatio cricket dol kobe protishthito hoy?,1890-er doshoke,West Indies er jatio cricket dol mone hoy 1926 sale protishthito hoy.,"**Reasoning:**

The context mentions that West Indies cricket team was established in the 1890s and participated in their first international match against England in the early 1900s. However, it does not explicitly state when West Indies became a national cricket team.

The model answer claims that West Indies became a national cricket team in 1926. This claim is not supported by the context provided.

**Final Verdict:** No",no
bengali--4899381839662825690-20::inference,bengali--4899381839662825690-20,inference,"1917 sale Bharoter jatiyo Congress somorthito prothom nari protinidhidol narir rajnaitik odhikar nischit korar dabi niye rastrosachiber shonge sakkhat koren. 1927 sale Punete Nikhil Bharat nari shikkha bishoyok alochonachokro (All India Womens Education Conference) onusthito hoy, ebong eti samajik unnoyonmulok andoloner ekta prodhan songothon hoye othe. 1929 sale balyobibaho niborton ain pass hoy, jekhane ekta meyer biye korar nyunotomo boyosh 14 bochor bole sthir kora hoy. Jodio Mahatma Gandhi nije tero bochor boyoshe bibaho koren, pore tini balyobibaho borjon korar jonno ebong bal-bidhobader biye korar",Bharotiyo ain onujayi koto bochor boyose ekjon meye biye korar joggota orjon kore?,14,15 bochor boyose ekjon meye biye korar joggota orjon kore.,"**Reasoning:**

The context discusses various events and changes related to women's rights in India from 1917 to 1929. It mentions that in 1929, child marriage was banned with a minimum age of 14 for girls.

The Model Answer claims: ""At the age of 15, one can marry a girl.""

Let's analyze this claim:

- The context does not provide any information about the legal age for women to get married after the ban on child marriages in 1929.
- The context only mentions that the minimum age was set at 14 years old.

Therefore, based on the given context, there is no evidence to support the claim made by the Model Answer. It seems to be a hallucination as it provides information not supported by the context.

**Final Verdict:** No",no
bengali-3112822108051662072-7::factualness,bengali-3112822108051662072-7,factualness,Babar porichalito chobite obhinoyer maddhomei cholocchitrer jogote obhishek hoy Downey Jr.-er. Matro pach bochorer chotto Downy-ke prothom boro porday dekha jay baba Robert Downey Sr.-er Pound cholocchitre.[37][38] E cholocchitre take ekta osustho kukurchhanar bhumikay obhinoy korte dekha jay.[39][40][41] Sat bochor boyose Downy Greaser's Palace (1972) cholocchitre obhinoy koren.[29] Porobortite babar porichalito cholocchitrogulote chotokhato bhumikay obhinoy korechen tini.[42] Dosh bochor boyose tini London-er Chelsea elakay boshobash korten.[43] Sekhane tini Perry House School-e porashona koren eb,Robert John Downey Junior-er obhinito prothom cholocchitrer nirmata ke chilen?,Robert Downey Senior,Martin Scorsese chhilen tar prothom cholocchitrer nirmata.,"**Analysis:**

The context provided discusses Robert Downey Jr.'s acting career and his early roles. It mentions that he first appeared in a film called ""Pound"" when he was around 5 years old, but it does not specify who directed this film.

The model answer claims that Martin Scorsese directed Robert Downey Jr.'s first film role. However, the context does not support this claim as it does not mention Scorsese's involvement in any of Downey Jr.'s early films.

**Verdict:** No",no
bengali--8204875660906624650-32::factualness,bengali--8204875660906624650-32,factualness,"26 Jun 2009 sale Real Madrid nishchit kore je Ronaldo pohela July 2009 sal theke tader dole jog dibe. Tar transfer fee chilo £80 million (€94 million) ja take bishwer shobcheye dami kheloyar kore tole.[61] Real Madrid-er sathe tar chuktir meyad chilo 6 bochor.[62] Chukti onujayi tini proti bochor €11 million beton peten.[63] Tar buyout clause-er mullo €1 billion.[64] 6 July Ronaldo-ke Real Madrid-er kheloyar hisebe bishwo media-r samne hajir kora hoy,[65] jekhane take 9 no. jersey deya hoy.[66] Take Real Madrid-er jersey prodan koren Alfredo di Stefano.[67] Ronaldo-ke Real Madrid-e shagot jananor jonno 80,000 theke 85,000 dorshok Santiago Bern",Cristiano Ronaldo mot koto bochor Real Madrid club er hoye khelechen?,6,7 bochorer jonno Real Madrid-er hoye khelechhilen Cristiano Ronaldo.,"**Analysis:**

Step 1:
- Claim: Cristiano Ronaldo played for Real Madrid for 7 years.

Step 2:
- The context mentions that Ronaldo's transfer to Real Madrid was in July 2009 and his contract lasted for 6 years. It does not mention any extension or renewal, so the claim of 7 years is not supported by the given context.

Step 3:
Since the claim made by the Model Answer is not supported by the provided context, the final verdict is:

**No.**",no
bengali-439518577347767979-1::factualness,bengali-439518577347767979-1,factualness,Totkalin Soviet Union-er Leningrad-e Anatoli Afanasievich Medvedev o Julia Veniaminovna Medvedeva dompotir shontanrupe jonmogrohon koren. Baba Afanasievich Leningrad State Institute of Technology-te rosayon prokoushol bishoye odhyapona korten.[3][4] Ma Julia Voronezh Bishwabidyaloye porashona sheshe Herzen State Pedagogical University-te Russian bhasha shikkha den.[5] Leningrad-er Kupchino jelay 6 Bela Kun Street-er 40 borgomitar-er apartment-e Medvedev-er poribar boshobash korten.[6][7] Poribarer ekmatro shontan chilen tini. Eksomoy e poribar-ke onnotomo buddhijibi poribarrupe gonona kora hoto.[7],Dimitri Anatolievich Medvedev-er babar nam ki?,Afanasiyevich Leningrad,Dimitri Anatolievich Medvedev-er babar nam chhilo **Anatoli Sergeyevich Medvedev**.,"**Analysis:**

The context provided discusses Anatoli Afanasievich Medvedev and Julia Veniaminovna Medvedeva, but it does not mention any person named ""Anatoli Sergeyevich Medvedev"". Therefore, the claim made by the Model Answer that Dimitri Anatolievich Medvedev's father was ""Anatoli Sergeyevich Medvedev"" is not supported by the given context.

**Verdict:** No",no
bengali-1028909508937040669-0::inference,bengali-1028909508937040669-0,inference,"Imam Bukhari (jonmo: 194 Hijri-mrittu: 256 Hijri), Arab riti onujayi bongshodharasoh puro nam holo Muhammad bin Ismail bin Ibrahim bin Mughirah bin Bardizbah (Arbi/Farsi vashay: Muhammad bin Ismail bin Ibrahim bin Mughirah bin Bardizbah Bukhari), ekjon bikhyato hadisbett a chilen. Tini ""Bukhari Sharif"" name ekta hadiser songkolon rochona koren, ja musolmander nikot hadiser sobcheye uttom grontho bibechito hoy. [5] Tar nam Muhammad. Upanam holo Abu Abdullah. Amirul Muminin fil Hadis tar upadhi. Bukhara tar jonmosthan bole take Bukhari bola hoy.[6]",Muhammad bin Ismail bin Ibrahim bin Mugirah bin Bardiyabah kobe jonmogrohon koren?,194 hi:,Tini prochur shombhoboto 256 Hijri te jonmogrohon koren.,"**Analysis:**

1. **Claim:** ""Tini prochur shombhoboto 256 Hijri te jonmogrohon koren.""
   - Translation: ""He passed away in the year 256 Hijri.""

2. **Verification:**
   - The context mentions Imam Bukhari's death year as ""194 Hijri-mrittu: 256 Hijri"". However, the model answer uses ""prochur shombhoboto"" which means ""passed away"", while the context uses ""mrittu"" meaning ""death"".
   - The context also mentions his full name as ""Muhammad bin Ismail bin Ibrahim bin Mughirah bin Bardizbah Bukhari"", but the model answer does not include this detail.

**Verdict:** The model answer is **yes**, hallucinated relative to the given code-mixed (Bangla-English) context and question. It provides incorrect information about the death year of Imam Bukhari, using different terminology than what's provided in the context.",yes
bengali-4876582901305573055-1::specificity,bengali-4876582901305573055-1,specificity,"Radhagobinda 1878 saler July 16 tarikh e bortoman Bangladesher Jashore Sadar upojelar Bokchor (Bagchor nameo porichito) grame jonmogrohon koren. Tar baba Gorachand sthaniyo ekjon daktarer sohokari chilen, ar ma Padmamukh chilen ekjon grihini. Bokchor pathshalay odhyayon sheshe Radhagobinda Jashore Zila School e porashona koren. Kintu lekhaporar proti tar temon agroho chilo na. Borong rater akasher proti akorshon chilo beshi. Porashonay omonojoger karone tin tin bar probeshika porikkhay ongshogrohon koreo uttirno hote parenni. 1899 sale tar boyosh jokhon matro 21 bochor tokhon tar sathe Mur",Jyotirbiggani Radhagobinda Chondrer babar nam ki?,Gorachand,Radhagobinda Chondrer babar nam shombhoboto Gopalchand chhilo.,"**Analysis:**

Step 1:
The Model Answer claims that Radhagobinda Chondrer's father's name was Gopalchand.

Step 2:
In the provided context, it is mentioned that Radhagobinda's father's name was Gorachand, not Gopalchand. There is no mention of any other name for his father in the given passage.

Step 3:
Since there is no evidence to support the claim made by the Model Answer and the information provided contradicts it, we can conclude that the answer is hallucinated relative to the context.

**Final Verdict:** No",no
bengali--4406976333727853714-0::comprehension,bengali--4406976333727853714-0,comprehension,"Cumilla Modern High School Bangladesh-er Cumilla jelay obosthito ekta madhyamik biddaloy. Eti Cumilla jelar prankendro Kandirpar-er sannikote obosthito. Eti 1993 sale protishthito. Schooltite 6th theke 10m shreni porjonto shikkha deya hoy jekhane meyera probhati o chelera diba shakhay odhyayon kore. SSC porikkhar folafoler dik diye, ei schoolti besh koyek bochor dhore Cumilla Shikkha Board-e sera dosher moddhe obosthan korche. Schooltite pray 5000 shikkharthi odhyayon kore.",Kumilla Modern High School-er bortoman shikkharthir shongkha koto?,pray 5000,Bortomane Kumilla Modern High School-e pray 3000 jon shikkharthi ache.,"**Reasoning:**

1. **Claim:** ""Bortomane Kumilla Modern High School-e pray 3000 jon shikkharthi ache."" (Currently, there are 3000 students in Kumilla Modern High School.)

2. **Support from Context:**
   - The context mentions that the school currently has around 5000 students (""pray 5000 shikkharthi odhyayon kore"").
   - There's no mention of a decrease to 3000 students in the provided context.

**Verdict:** The model answer is hallucinated as it claims there are currently 3000 students, while the context states there are around 5000 students. **No.**",no
bengali--6803973287842827645-45::factualness,bengali--6803973287842827645-45,factualness,"King rajdorbarer durbolotar karone torun rajkiyo samorik o besamorik kormokortara ebong chatrosomaj somratke utkhato kore ekta projatontro gothon korte proyashi hon. 12i March 1912 sale Nanjing-e ekta ontorbortikalin sarkar gothito hoy. Somapto hoy Chiner 2000 bochorer rajkiyo shashoner. Kintu Sun shighroi somratke khomotachyut koray shahajjo korar binimoye (je siddhantor jonno porobortikale tini onushochona koren) chukti onujayi, Yuan Shikai er hate khomota hostantor korte baddho hon. Yuan Shikai chilen nob gothito senabahini prodhan ebong bhutpurbo somrater prodhanmontri. Poroborti pach",China samrajyer sorbosesh somrat ke?,Yuan Sikai,Chiner samrajyer sorbosesh somrat chhilen **Sun Yat-sen**.,"**Analysis:**

1. **Claim:** ""Chiner samrajyer sorbosesh somrat chhilen Sun Yat-sen.""
   - This claim states that Sun Yat-sen was the last emperor of China.

2. **Verification against Context:**
   - The context mentions that Yuan Shikai became the president of the Republic of China after Sun Yat-sen's term ended in 1912.
   - It does not mention or imply that Sun Yat-sen was the last emperor of China, as the country had already become a republic by then.

**Verdict:** The model answer is **hallucinated**.",unknown
bengali--8707413810832587133-1::specificity,bengali--8707413810832587133-1,specificity,"Dhaka Bishwabidyaloyer shikkhokbrindo shobcheye beshi shongkhok Bangladesh Biggan Academy podok lav korechen.[5][6] Echarao, eti Bangladesher ekmatro bishwabidyaloy hisebe Asiaweek er pokkho theke shirsho 100 bishwabidyaloye jayga kore ney.[7] Eti Asiar sera 100ti bishwabidyaloyer moddhe 64tom.[8] Ekhane pray 38,000 chatro-chatri ebong 1,805 jon shikkhok royeche.[1][2]",Bortomane Dhaka Bishwabidyaloyer mot chatrochatrir shonkha koto?,"38,000","Bortomane Dhaka Bishwabidyaloye motamoti 35,000-er moto chatrochhatri ache.","**Reasoning:**

The context states that there are currently 38,000 students at Dhaka University (Dhaka Bishwabidyaloy). The model answer claims that ""in the future, there will be around 35,000 students"" at Dhaka University. However, the context does not provide any information about the future student population.

**Verdict:** No",no
bengali-7755099264590331306-3::specificity,bengali-7755099264590331306-3,specificity,"1824 saler 25 January Bangla Presidency-r Jashore jeler (adhuna Bangladesh rashtrer Jashore jeler Keshabpur upojelar) Sagardari gramer ek sombhranto Hindu Kayastha poribare Madhusudan Datter jonmo hoy. Tini chilen Rajnarayan Dutta o tar prothoma potni Jahnabi Debir ekmatro shontan. Rajnarayan Dutta chilen Kolkatar Sadar Dewani Adaloter ek khyatonama ukil. Madhusudaner jokhon tero bochor boyosh, shei shomoy thekei take Kolkatay boshobash korte hoto. Khidirpur Circular Garden Reach Road-e (bortomane Karl Marx Sarani) onchole tini ek birat ottalika nirman korechilen.",Michael Madhusudan Dutta kothay jonmogrohon koren?,Bangla Presidencyr Jashore jelar (odhuna Bangladesh rashtrer Jashore jelar Keshabpur upojelar) Sagardari grame,Michael Madhusudan Dutta naki Kolkatar Khidirpur Circular Garden Reach Road-er elakay jonmogrohon koren.,"**Analysis:**

Step 1: Identify factual claims made by the Model Answer:
- Michael Madhusudan Dutta was born in Kolkata.
- The location of his birth is Khidirpur Circular Garden Reach Road (now Karl Marx Sarani).

Step 2: Check if these claims are supported by the Context:
- The context mentions that Madhusudan Dutta was born in Keshabpur, not Kolkata. It also states that he built a house at Khidirpur Circular Garden Reach Road later in his life.
- There's no mention of him being born at this location.

Step 3: Decision based on steps 1-2:
The Model Answer claims that Madhusudan Dutta was born in Kolkata, specifically at Khidirpur Circular Garden Reach Road. However, the context clearly states that he was born in Keshabpur and there's no mention of his birthplace being in Kolkata or at this particular road.

**Final Verdict:** No",no
bengali--9194362322516364694-14::factualness,bengali--9194362322516364694-14,factualness,"Procholito bishwas onujayi, Mahabharat-er rochoyita Byasdeb. Onek gobeshok ei mohakabyer oitihashik bikash o rochonakalin storguli niye gobeshona korechen. Odhuna prapto pathotir prachintom angshoti motamuti 400 Khrishtopurbabdo nagad rochito hoy.[27] Mahabharoter mulpath-ti tar bortoman rupti porigroho kore Guptojuger prothomangshe (Khrishtiyo choturtho shotabdi).[28] Mahabharat kothatir ortho holo Bharat bongser mohan upakhyan. Gronthei ullikhito hoyeche je Bharat name 24,000 shlokobishishto ekti khudrotor akhyan theke Mahabharat mohakabyer kahiniti bistar lav kore.[29]",Mahabharat kothatir ortho ki?,Bharot bongser mohan upakhyan,Mahabharat kothatir ortho holo **Kurukshetrer mohan juddho kahini**.,"**Analysis:**

The model answer states that ""Mahabharat kothatir ortho holo Kurukshetrer mohan juddho kahini,"" which translates to ""The battlefield where Mahabharat took place is Kurukshetra, the grand war story.""

1. **Claim:** The battle of Mahabharata took place in Kurukshetra.
   - **Support from Context:** The context mentions that Mahabharata's main events happened during a great war (mohanakabyer oitihashik bikash), but it does not explicitly mention Kurukshetra.

2. **Claim:** Kurukshetra is the battlefield of Mahabharata.
   - **Support from Context:** The context does not directly state this, but it implies that there was a significant battle (rochonakalin storguli) where many warriors died (odhuna prapto pathotir prachintom angshoti motamuti).

**Verdict:**
The model answer is partially supported by the context. While the context hints at a grand war, it does not explicitly mention Kurukshetra as the battlefield. Therefore, the model answer contains some hallucinated information.

**Final Answer:** No",no
bengali--9157821848418727047-6::factualness,bengali--9157821848418727047-6,factualness,"Je lekhaguli Sartre-ke bishwojora khyati ene dey tar moddhe royeche 1938 sale prokashito howa Sartre’r prothom uponnash ‘La Naji’, ‘The Mur’, ‘Baryona’ (prothom natok), ‘The Flies’, ‘No Exit’, ‘The Age of Rizon’, ‘The Respectful Prostitute’, ‘The Victors’, ‘The Chips Are Down’, ‘In the Mass’, ‘Dirty Hands’, ‘Troubled Pi’, ‘The Devil and the Good Lord’, ‘Kin’, ‘The Condemned of Altona’, ‘The Trojan Woman’, ‘The Fraud Scenario’ probriti. Muloto ullikhito e sobgulo-i chhilo Sartre’r lekha uponnash, natok o chhotogolper talika. Ar esober baire darshonik jesob probondho o samalochona diye Sart",Farashi astittabadi darshonik Jean-Paul Sartre rochito prothom natoker nam ki?,Baryona,Sartre rochito prothom natoker nam chhilo **The Flies**.,"**Analysis:**

Step 1:
The Model Answer claims that Sartre's first play was named **""The Flies""**.

Step 2:
The Context lists Sartre's plays in order of publication, and indeed, ""The Flies"" is listed as the third play published by Sartre. The list goes: 'La Naji', 'The Mur', 'Baryona' (first play), 'The Flies'.

Step 3:
Since the Model Answer correctly identifies ""The Flies"" as Sartre's first published play, it is not hallucinated relative to the given context and question.

**Final Verdict:** No",no
bengali-6884155287601185096-48::inference,bengali-6884155287601185096-48,inference,"Prachin Mishoriyo vasha uttar Afroeshiatic vashaporibarer ontorbhukto, Berber ebong Semitic vashagulir nikot shomporkito. Sumeriyo vashar por ei vashar itihash shobcheye dirgho; 3200 Khrishtopurbabdo hote moddhojug porjonto e vasha likha hoto, kothyo hisebe tar cheye dirghoshomoy e vasha tike chilo. Prachin Mishoriyo vashake koyekti porjaykale vag kora jay: prachin, moddho (dhrupodi Mishoriyo), poroborti, Demotic o Coptic. Coptic-er purbe Mishoriyo lekhone upovashagoto parthokko dekha jay na, tobe dharona kora hoy prothome Memphis o pore Thebes",Prachin Mishorer prodhan bhasha ki chilo?,prachin mishoriyo vasha,Prachin Mishorer prodhan bhasha chilo Coptic vasha.,"**Analysis:**

The context discusses various languages and their relationships, including Prachin Mishoriyo (Ancient Egyptian). The model answer claims that the primary language of Prachin Mishoriyo was Coptic.

1. **Claim:** Primary language of Prachin Mishoriyo was Coptic.
2. **Support in Context:** The context mentions ""Coptic"" but does not explicitly state it was the primary language of Ancient Egyptian (Prachin Mishoriyo). It only mentions that Coptic is one of several languages derived from Prachin Mishoriyo.

**Verdict:**

The model answer makes a definitive claim about the primary language, which is not explicitly supported by the given context. Therefore, the answer could be considered **hallucinated**.

Final answer: **no**.",no
bengali--1811290635124191661-1::factualness,bengali--1811290635124191661-1,factualness,"Tar uchchota 5'8"". 2009 mousumer July-August mashe Bangladesh-er West Indies sofore Tamim Iqbal tar prothom Test shotok koren. Kheloyar ar cricket board-er moddhe bibader karone Caribbean dolta obosshoi khanikta durbol chilo. 7 jon kheloyarer Test obhishek hoy e matche. Tamimer batting Bangladesh-ke ek oitihashik bijoy ene dey. Eti chilo West Indies-er bipokkhe Bangladesh-er prothom Test bijoy ebong desher bairer matiteo prothom Test joy.",Tamim Iqbal Khan kon daler biruddhe Bangladeshi jatio cricket daler hoye tar jiboner prothom antorjatik Test matchti khelen?,West Indies,Tamim Iqbal Khan tar jiboner prothom antorjatik Test matchti khelen Sri Lanka-r biruddhe.,"**Reasoning:**

1. **Claim:** Tamim Iqbal Khan's first international Test match was against Sri Lanka.
   - **Support in Context:** The context does not mention anything about Tamim's first international Test match being against Sri Lanka.

2. **Claim:** Tamim Iqbal Khan played his first international Test match against Sri Lanka.
   - **Support in Context:** The context mentions that Tamim played his first Test shot (not necessarily a full match) against the West Indies, not Sri Lanka.

Based on these steps, the Model Answer does not align with the given context. Therefore, the final verdict is:

**No.**",no
bengali--4819194056255617983-5::specificity,bengali--4819194056255617983-5,specificity,"ekti mukh akritir tothyo capture korar jonno tri-matrik mukh shonaktokoron kousholti three-D sensor byabohar kore. Ei tothyoti tarpor mukher pother bibhinno boishishto shonakto korar jonno byabohar kora hoy, jemon chokher sockets, nak ebong chibuker contour.[8]",Mukhmondol shonaktokoron poddhotite kon sensor babohar kora hoy?,Three-D sensor,Mukhmondol shonaktokoron poddhotite shadharonoto infrared depth scanner babohar kora hoy.,"**Reasoning:**

The context discusses a three-dimensional sensor used to capture facial features for creating a unique face mask. It mentions that this sensor captures different facial features like eye sockets, nose, and mouth contour. However, it does not explicitly mention an infrared depth scanner.

The model answer claims that ""for capturing facial features accurately, an infrared depth scanner is used."" This claim is not directly supported by the context provided.

**Final Verdict:** No",no
bengali-1917654836894891942-0::factualness,bengali-1917654836894891942-0,factualness,"Jim Corbett (July 25, 1875 - April 19, 1955) Jim Corbett ekjon English shikari. Tobe jonmo Bharoter Kumayun oncholer Nainital shohore. Sthanti bortomane Uttarakhand rajye. Tini namkora shikari charao ekjon bikhyato poribeshbadi-o chilen. Tar namanusare Bharoter Corbett National Park-er namkoron kora hoy.",Bikhyato shikari Jim Corbett kothay jonmogrohon korechilen?,Bharoter Kumayun oncholer Nainital,Jim Corbett jonmogrohon korechilen Darjeeling-e.,"**Analysis:**

1. **Claim:** Jim Corbett was born in Darjeeling.
   - **Support from Context:** The context does not mention where Jim Corbett was born.
   - **Verdict:** Not supported by the context.

2. **Implication:** Since there's no mention of his birthplace in the context, claiming he was born in Darjeeling is a new piece of information not provided in the given context.

**Final Verdict:** The model answer is hallucinated relative to the code-mixed (Bangla-English) context and question. It introduces new information not supported by the provided context.

**Last line:** yes",yes
bengali-4007898957162882873-14::factualness,bengali-4007898957162882873-14,factualness,"Bortomane sara bishwe Bollywood-er jonopriotomo byaktittoder moddhe Shah Rukh Khan onnotomo. Tar obhinito Hey Ram, Devdas ebong Paheli Bharat theke Oscar-e pathano hoyechilo. Shah Rukh-Kajol juti Bollywood-er onnotomo sera juti hisebe shwikruto. Kajol-er sathe tar obhinito Baazigar, Dilwale Dulhania Le Jayenge, Karan Arjun, Kuch Kuch Hota Hai, Kabhi Khushi Kabhie Gham... Ei 5ti chobii byabsha-sofol hoy. Ra.One chobiteo Arjun Rampal-er bipokkhe obhinoy koreo byapok sofolota lav koren. Ebong sorbosesh Kajol-er sathe tar obhinito Dilwale movieta Bollywood-e byapok sara jagiyeche. 23 bochorer obhinoy","2011 sale nirmito ""Ra.One"" Hindi cholocchitre Ra.One-er choritre kon obhineta obhinoy korechhilen?",Shahrukh Khan,Ra.One-er choritre obhinoy korechhilen Arjun Rampal.,"**Analysis:**

The model answer states that Arjun Rampal played the lead role in ""Ra.One"".

**Step 1:** Identify factual claims:
- Arjun Rampal played the lead role in ""Ra.One"".

**Step 2:** Check if these claims are supported by the context:

The context mentions that Ra.One was a movie where Shah Rukh Khan's character was opposed by Arjun Rampal's character, and it was mentioned as an instance of Arjun Rampal replacing Shah Rukh Khan in a film. This supports the claim made in the model answer.

**Step 3:** Verdict:
Since the context supports the factual claims made in the model answer, there is no hallucination or unsupported information provided by the model.

**Final verdict:** No",no
bengali--2528195250497745970-6::factualness,bengali--2528195250497745970-6,factualness,"Kaliprosanno Vidyotsahini Potrika, Poridorshok, Sarabattwa Prokashika o Bibidartho Songroho probriti potrikar moto potrikagulir shompadona athoba prokashona korechhilen. Poridorshok potrikati chhilo ekta Bangla dainik jeta shuru korechhilen Jaganmohon Tarkalankar ebong Madangopal Goswami. Songbadpotrotir unnotir jonno, Kaliprosanno songbadpotrer shompodoker pod grohon koren. Songbadpotrotir man shei shomoy egiye chhilo, ebong Krishnadas Pal likhechhilen, ""Tini ekta prothom shrenir swadeshiyo dainik songbadpotro-o shuru korlen, jar moto amra ekhono dekhini"". Suparichito",Kaliprosanno Singho rochito Hutom Pyanchar Noksha koto sale prokash pay?,1862,1864 shale prokash pay.,"**Analysis:**

The context discusses the establishment of several newspapers in Bengal, including ""Kaliprosanno Vidyotsahini Potrika"" and ""Hutom Pyanchar Noksha"". It mentions that Kaliprosanno was started by Jaganmohon Tarkalankar and Madangopal Goswami, but it does not provide any information about the year of its establishment or sale.

The model answer claims that Hutom Pyanchar Noksha was published in 1864. However, this specific detail is not mentioned in the provided context.

**Verdict:** No",no
bengali--7062275363138990568-1::comprehension,bengali--7062275363138990568-1,comprehension,Bharotiyo jatiyotabadi neta Surendranath Bandyopadhyayer udyoge 1922 sale gonotantrik sayattashashon songstha hisebe Kolkata Poursongstha protishthito hoy. 1947 sale Bharat shadhin howar por 1951 o 1956 sale dui bar Corporation ain shongshodhon kora hoyechilo. Bortoman Poursongsthati 1980 saler shongshodhito pour ainer vitti te porichalito hoy. Shovon Chattopadhyay Kolkata Poursongsthar bortoman mohanagorik.,Bortomane Kolkatar meyor ke?,Shovon Chattopadhyay,Bortomane Kolkatar meyor hocchen Firhad Hakim.,"**Analysis:**

The context provided discusses the history of Kolkata Corporation and its mayors. It mentions that Bortoman Poursongsthati was elected in 1980 and Shovon Chattopadhyay served as mayor before him.

The Model Answer claims:
- ""Bortomane Kolkatar meyor hocchen Firhad Hakim.""
- This translates to: ""Firhad Hakim was the mayor of Kolkata after Bortoman.""

**Evaluation:**
1. The context does not mention Firhad Hakim.
2. There is no information about who served as mayor immediately after Shovon Chattopadhyay.

Since the Model Answer makes a factual claim that is not supported by the given context, it can be considered **hallucinated**.

Final verdict: **No**.",no
bengali--5821119236838958518-7::inference,bengali--5821119236838958518-7,inference,"Moloy Raychoudhurir prothom kabyagrantho Shoytaner Mukh 1963 sale Krittibas Prokashoni theke prokashito hoyechhilo. Porikkha-nirikhar karone granthotike ekta jolbibhajok bole mone kora hoy. Moloy tar protiti kabyagranth e porikkha-nirikha korechen ebong ekta shompurno vhinno dharar kobitar jonokrupe Bangla sahitye ekta bishesh sthan kore niyechen. Tar kobita Bangla sahityer sonaton oitihyoke, niyomanubortitake, amul nara diyechhilo. Kobitar vashay, chhonde, olongkare, chitrokolpe tumul bhangchur pathoker obhyosto chokh o kanke bibroto korechhilo. J",Bangali Hangriyalizm juger lekhok Moloy Raychoudhurir prothom prokashito kabyogranther nam ki?,Shoytaner mukh,Moloy Raychoudhurir prothom prokashito kabyogranther nam chhilo **Krittibas Prokashoni**.,"**Analysis:**

1. **Claim:** Moloy Raychoudhurir prothom prokashito kabyogranther nam chhilo Krittibas Prokashoni.
2. **Verification:**
   - The context mentions that Moloy's first published book was ""Shoytaner Mukh"" in 1963.
   - It also states that the book was published by Krittibas Prokashoni.
   - Therefore, the claim made by the Model Answer is factually correct and supported by the context.

**Verdict:** No hallucination.",no
bengali-1374812589930743477-0::comprehension,bengali-1374812589930743477-0,comprehension,"Hindudharma mote, Pitripokkho (Sanskrit: pitru paksha) purbopurusher torponadir jonno proshosto ek bishesh pokkho. Ei pokkho Pitrupokkho, Shola Shraddho, Kanagat, Jitiya, Mahaloya pokkho o Oporopokkho nameo porichito.[1][2][3]",Hindu dhormo mote purbopurusher torpon korar ki kono nirdishto din thake?,Pitripokkho,"Haan, eta ke **Mahaloya pokkho** bola hoy.","**Analysis:**

The model answer claims that there is a specific day for performing the ritual of ""purbopurusher torpon"" in Hinduism, and it is called ""**Mahaloya pokkho**"".

**Step 1:** Identify factual claim - The ritual has a specific day named ""Mahaloya pokkho"".

**Step 2:** Check support from Context -
- The context mentions several rituals/pokkhos but does not explicitly mention ""Mahaloya pokkho"" as the day for performing ""purbopurusher torpon"".
- It lists Mahaloya pokkho among other rituals, but there's no indication that it is specifically for ""purbopurusher torpon"".

**Step 3:** Verdict - The claim made by the model answer is not supported by the given context.

**Final Answer:** No",no
bengali-1496668376968261146-4::comprehension,bengali-1496668376968261146-4,comprehension,"Groher khonij shompod o joib shompod ubhoyi manobjatir jibondharoner jonno oporiharjo. Ei groher odhibashira pray 200ti shadhin sarbovhoum rastre shomogro grohtike bivokto kore boshobash korche. Ei shokol rastorer moddhe parosporik kutonitik, porjoton, banijjik o shamorik shomporko bidyoman. Manob shongskriti groho shomporke bibhinno dharonar jonmodata. Ei sob dharonar moddhe royeche prithibike debota rupe kolpona, shomotol bishwo kolpona ebong prithibike mohobishwer kendrorupe kolpona. Echara ekti susonghoto poribesh rupe bishwoke kolpona korar adhunik probonotao",Prithibite bortomane mot koyti desh royeche?,200,Prithibite bortomane mot 195ti desh royeche.,"**Reasoning:**

The context discusses various aspects of globalization and its impacts on different sectors. It mentions that there are around 200 independent countries in the world today. However, it does not provide any information about the total number of countries that have ever existed on Earth.

The model answer claims that ""195ti desh royeche"" (195 countries exist) on Earth. This claim is not supported by the context provided, as the context only mentions 200 independent countries today, not historically.

**Final Verdict:** No",no
bengali-6035887477073197072-0::specificity,bengali-6035887477073197072-0,specificity,"Abu Yusuf Yakub ibne Ishaq Al-Kindi (Arabic: Abu Yusuf Yaqub bin Ishaq al-Kindi) (801 - 873) prokhyat Arab pondit. Pashchatto biswe tini Latinikrito ""Alkindus"" (Alkindus) name porichito. Tini chilen ekadhare darshonik, biggani, jyotishi, jyotirbiggani, biswotottobid, rosayonbid, juktibid, gonitoggo, shongeetoggo, podarthobiggani, monobiggani ebong abohabiggani. Muslim Peripatetic darshonikder moddhe tini-i prothom. Tai take Muslim Peripatetic dorshoner jonok bola jay. Tar onek orjoner moddhe bisesh ullekhjoggo chilo Greek ebong Helleniyo dorshonke Arab jogote porichito",Darshonshastrer jonok kake bola hoy?,peripatetic,Darshonshastrer jonok hisebe shadharonoto Al-Kindi-ke bola hoy.,"**Analysis:**

1. **Claim:** ""Darshonshastrer jonok hisebe shadharonoto Al-Kindi-ke bola hoy.""
   - Translation: ""Among philosophers, Al-Kindi was considered the first Muslim Peripatetic.""

2. **Verification:**
   - The context mentions that Abu Yusuf Yakub ibne Ishaq Al-Kindi was a renowned Arab scholar and the first Muslim Peripatetic philosopher.
   - It also states that he was considered the first Muslim Peripatetic.

3. **Verdict:** The model answer accurately reflects the information provided in the context about Al-Kindi being the first Muslim Peripatetic philosopher among philosophers.

**Final Answer:** No",no
bengali--4866456305071140944-1::specificity,bengali--4866456305071140944-1,specificity,"Prachir bestito ei nogorir vhetor royeche bibhinno amoler protnotattwik nidorshon. Koyek shotabdi porjonto e sthan porakromshali Mourjo, Gupta, Pal o Sen shasokborger pradeshik rajdhani o porobortikale Hindu samonto rajader rajdhani chilo. Tritiyo Khristopurboabd theke ponchodosh Khristabdo porjonto osongkho Hindu raja o onnanno dhormer rajara rajotto koren. Mahasthangarher obosthan Bogura jeler Shibganj upojelay.[3] Bogura shohor theke pray 13 ki.mi. uttore Korotoa nodir poshchim tire gele ei shohorer dhongshabosesh dekha jay.",Mahasthangarh protnostholti Bangladesh-er kon jelay obosthito?,Bogura jelar Shibganj upojelay,Mahasthangarh protnostholti mone hoy Bogura shohorer kachakachi uttor-purbo elakay obosthito.,"**Step 1:**
The Model Answer claims:
- Mahasthangarh is located in Bogura town.
- It is situated towards the north-east of Bogura city.

**Step 2:**
Checking these claims against the Context:

- The context mentions ""Bogura jeler Shibganj upojela"" (in the district of Bogura, at Shibganj), which supports the claim that Mahasthangarh is located in Bogura town.
- However, there's no explicit mention of its location being towards the north-east of Bogura city. The context only mentions it's 13 km away from Bogura city.

**Step 3:**
While the first claim is supported by the context, the second one is not explicitly stated and seems to be a hallucination based on the given information.

Final verdict: **no**.",no
bengali--2676392207575072184-0::comprehension,bengali--2676392207575072184-0,comprehension,"Kumilla Victoria College Kumilla jelay obosthito. Eti Kumillar shobcheye puraton ebong bikhyato college. Kumilla Victoria College 1899 sale protishthito hoy. Ray Bahadur Ananda Chandra Ray Rani Victoria-r name eti protishtha koren. Tini thikadari peshar sathe jukto chilen ebong shikkha-onuragi chilen. Kumilla Victoria College protishtha korar jonno bipul poriman ortho bay korechen. Ei college evabe poripurno bastobe rup ney. Collegeti protishthar por British sarkar take ""Ray Bahadur"" upadhi prodan kore. Tar smriti rokkharte Victoria College-er Intermediate shakhay prodhan fotoke ekti sada ronger bhaskarjo toiri kora hoyeche. Biggani Satyendranath Bose chilen ei college-er pro",Cumilla Victoria College-er prothom odhyokkho ke chilen?,Satyendranath Bosu,Cumilla Victoria College-er prothom odhyokkho chilen Ray Bahadur Ananda Chandra Ray.,"**Analysis:**

Step 1: The Model Answer claims that ""Ray Bahadur Ananda Chandra Ray"" was the first principal of Cumilla Victoria College.

Step 2:
- The context mentions that Ray Bahadur Ananda Chandra Ray Rani Victoria-r name eti protishtha koren, which means he was involved in the establishment of the college.
- However, there's no explicit mention in the provided context that he was the first principal or headmaster (odhyokkho) of the college.

Step 3: Since the context does not explicitly confirm that Ray Bahadur Ananda Chandra Ray was the first principal, we cannot definitively say that the Model Answer is correct based on the given information.

**Final Verdict:** No",no
bengali-1508751382134197788-2::factualness,bengali-1508751382134197788-2,factualness,"1954 shaler March er 8 theke 12 tarikh porjonto onushthito Purbo Pakistan Porishoder nirbachone 237ti Muslim asoner moddhe Juktofront 223ti ason orjon kore. Tonmoddhe 143ti peyechilo Mowlana Bhashanir netrittodhin Awami Muslim League, 48ti peyechilo Shere Bangla A. K. Fazlul Hoq er Krishok Sromik Party, Nezami Islam Party lav korechilo 22, Gonotantri dol lav korechilo 13ti ebong Khelafat-i-Rabbani namok dolti 2ti ason. Khomotashin rajnaitik dol Muslim League shompurnorupe e nirbachone poravuto hoy; tara kebol 9ti ason lav korte shokkhom hoy.",Sher-e-Bangla Abul Kashem Fazlul Haq kon rajnaitik doler shonge jukto chilen?,Krishok Shromik Party,Sher-e-Bangla Abul Kashem Fazlul Haq chhilen Awami Muslim League-er shonge jukto.,"**Analysis:**

Step 1: The Model Answer claims that ""Sher-e-Bangla Abul Kashem Fazlul Haq was associated with Awami Muslim League.""

Step 2:
- The context mentions ""Shere Bangla A. K. Fazlul Hoq"" and his party, Krishok Sromik Party (KSP), which is represented as ""48ti peyechilo Shere Bangla A. K. Fazlul Hoq er Krishok Sromik Party.""
- However, there's no mention of Awami Muslim League (AML) in the context provided.

Step 3: Since the claim made by the Model Answer is not supported by the given context, it can be considered a hallucination.

**Final Verdict:** No.",no
bengali--8230914461558443804-12::comprehension,bengali--8230914461558443804-12,comprehension,Prachin Greek pondit Eratosthenese (276-194 BC) prakritik bhugoler agropothik. Tini emon ek shomoy e bishoye obodan rakhen jokhon ponditgono prithibir akar o akriti shomporkei onishchit chilen. Mishorer bibhinno sthaner durattor sathe surjer alok roshmir potonkoner parthokko hisab kore prithibir poridhi nirnoyer maddhome Eratosthenese prakritik bhugolbid hisebe itihasher patay chirosthai ashon kore niyechen. Etai chilo bortomane porichito bhuakritibidyar (Geodesy) prothom gobeshona. Eratostheneser bohu mullyoban bhugolbishoyok kajer moddhe eti onnotomo. Tini manchitrer gur,Ke prothom bishwer manchitro toiri koren?,Eratosthenes,Ptolemy prothom bishwer manchitro toiri koren.,"**Analysis:**

The context discusses Eratosthenes' contributions to geography and his role in creating the first geodesy experiment. It mentions that he was a Greek mathematician who lived between 276-194 BC.

The model answer claims:
1. Ptolemy is the first person to correct Eratosthenes' calculation.
   - The context does not mention Ptolemy or any correction of Eratosthenes' work by him.

**Verdict:** No, the model answer is not supported by the given context and appears to be hallucinated.",no
bengali--5443118172314527178-10::inference,bengali--5443118172314527178-10,inference,"Nobogothito BJP karyoto Janasangher theke alada dol holeo, BJP-r odhikangsho guruttopurno neta chilen purboton Janasangher sodossho. Emonki Janasangher sodossho Atalbihari Bajpayee BJP-r prothom shovapoti hoyechilen. Oitihashik Ramchandra Guha likhechen, 1980-er doshoker gorar dike Bharote onekguli Hindu-Musolman dangar ghotona ghotechilo. BJP gorar dike jonopriota baranor jonno Janasangher Hindu jatiyotabadi obosthan somporke moddhopontha obolombon kore ebong Janata Party o Gandhibadi samajtantrer songe ei doler jogsutrotir dike beshi gurutto arop kore.[2] Ei poddhotiti sofol",Bharatiyo Janata Party-r prothom shovapoti ke chilen?,Atalbihari Bajpayee,"BJP-r prothom shovapoti chilen Ramchandra Guha, karon tini 1980-er doshoker shurute doler moddhopontha obosthan ke prochur bhabe prochar korechhilen.","**Analysis:**

1. **Claim:** The first prime minister of BJP was Ramchandra Guha.
   - **Support in Context:** No, the context mentions Atalbihari Bajpayee as the first prime minister of BJP.

2. **Claim:** Ramchandra Guha started the campaign for BJP's first election in 1980.
   - **Support in Context:** No, there is no mention of Ramchandra Guha starting any campaign for BJP's first election.

**Verdict:**
The model answer contains factual inaccuracies not supported by the context. Therefore, it can be considered hallucinated relative to the given context and question.

**Final Answer:** Yes",yes
bengali-6120089833063466108-0::factualness,bengali-6120089833063466108-0,factualness,"Dhaka dokkhin Eshiar rashtra Bangladesh-er rajdhani o brihottom shohor. Proshashonikvabe eti deshtir Dhaka bibhager prodhan shohor. Vougolicvabe eti Bangladesh-er moddhobhage Buriganga nodir uttar tire ekta somotol elakate obosthito. Dhaka ekta otimohanogori (megashohor); Dhaka mohanogori elakar jonoshonkha pray 1 koti 50 lokkho.[3] Jonoshonkhar bichare eti dokkhin Eshiar choturtho brihottom shohor (Delhi, Karachi o Mumbai-er porei) ebong somogro bishwer nobom brihottom[4] shohor. Jonghonotter bichare Dhaka bishwer shobcheye ghonobosotipurno mohanogori; 134 borgomail",Bangladesher rajdhani Dhaka shohorer bortoman jonsongkha koto?,pray 1 koti 50 lakh,Dhakar bortoman jonsongkha pray 2 koti 20 lakh.,"**Reasoning:**

The context states that Dhaka has a population of 1.5 crore (15 million) people. The model answer claims that Dhaka's population is 2.2 crore (22 million). This claim is not supported by the provided context.

**Final Verdict:** No",no
bengali--7488179106745368024-1::comprehension,bengali--7488179106745368024-1,comprehension,"Songeeter gotike loy bole. Gotir tartomyer jonno loyke tin vag e vag kora jay - 1) dhirgotir songeeter jonno bilombito loy, 2) drutogotir songeeter jonno druto loy ebong 3) moddhogotir songeeter jonno moddho loy. Moddho loy bilombito loyer digun o druto loyer ordhek gotir hoye thake. Matra songeeter loy ba gotir durotto mapar jonno byabohrito hoy. Protyekti matrar moddhovorti byabodhan soman hoy. Koyekti chondoboddho matrar somosti diye toiri hoy ekti tal.[1]",Songeete gotir tartomyer jonno loyke koyti vag e vag kora hoy?,tin,dui vag e vag kora hoy,"**Reasoning:**

The context discusses how songs are categorized into three types based on their rhythm: slow (dhir), medium (druto), and fast (moddh). It also mentions that a song can have both medium and fast rhythms simultaneously, but not slow. The model answer claims that a song can be categorized in two ways.

**Step 1:** Identify factual claims made by the Model Answer:
- A song can be categorized in two ways based on its rhythm.

**Step 2:** Check if these claims are supported by the Context:
- The context explicitly states that a song can have both medium and fast rhythms simultaneously, which supports the claim that categorization can happen in two ways (medium or fast).

**Final Verdict:**
The model answer is not hallucinated relative to the given context and question. It accurately reflects the information provided.

**Last line:** No",no
bengali--5157536413099558525-3::comprehension,bengali--5157536413099558525-3,comprehension,"Shorbosesh Bishwocup onushthito hoyeche Rashiyay, 2018 shaler 14 June theke 15 July porjonto. Ei Bishwocape France Croatia-ke finale 4-2 gole porajito kore shiropa jite ney.",Shorbosesh FIFA World Cup antorjatik football protijogitay kon desh joyi hoyechilo?,France,Croatia finale-te joyi hoyechilo,"**Reasoning:**

1. **Claim:** ""Croatia finale-te joyi hoyechilo"" (Croatia won the final)
   - **Support in Context:** The context mentions that France won the World Cup final against Croatia by a score of 4-2.
   - **Verdict:** This claim is not supported by the context as it states France won, not Croatia.

**Final Verdict:** No",no
bengali-8389521287325865921-1::factualness,bengali-8389521287325865921-1,factualness,Bharotiyo jatiyotabadi neta Surendranath Bandyopadhyayer udyoge 1922 sale gonotantrik sayattashashon songstha hisebe Kolkata Poursongstha protishthito hoy. 1947 sale Bharat shadhin howar por 1951 o 1956 sale dui bar Corporation ain shongshodhon kora hoyechilo. Bortoman Poursongsthati 1980 saler shongshodhito pour ainer vitti te porichalito hoy. Shovon Chattopadhyay Kolkata Poursongsthar bortoman mohanagorik.,Kolkata Pourshova prothom koto shale sthapit hoyechilo?,1922,Kolkata Pourshova prothom 1920 shale sthapit hoyechilo.,"**Reasoning:**

The context states that Surendranath Banerjea's efforts led to the establishment of Kolkata Corporation in 1922. The model answer claims that Kolkata Pourshova (Corporation) was first established in 1920.

**Step 1:** Identify factual claim - Kolkata Pourshova was first established in 1920.

**Step 2:** Check support from context - The context clearly states that it was established in 1922, not 1920.

**Verdict:** Since the model answer contradicts the information provided in the context, it is a hallucination.

**Final Answer:** Yes",yes
bengali-8652082239846487292-2::factualness,bengali-8652082239846487292-2,factualness,"Kolkata bimanbondor oitihyogoto vabe Europe theke Indochin o Australia-r moddhe biman route-e kousholgotik kendro hisebe kaj kore.[15] 1937 sale Amelia Earhart shoho bohu biman songsthar onek ogragami uran gulo jatra shuru kore Kolkata theke.[16] 1924 sale, KLL biman songstha Kolkatay tader Amsterdam-er -Batavia (Jakarta) route-er ongsho hisebe obotoron shuru kore.[17] Eki bochore, kono biman bahini kortik prothom bishwo vromon ovijaner ongsho hisebe ekta Royal Air Force biman Kolkatay obotoron kore.[18]",Netaji Subhash Chandra Bosu antorjatik bimanbondor kobe nirmito hoy?,1937 shale,1935 shale prothom toiri hoye chhilo.,"**Analysis:**

The model answer states that ""In 1935, the first flight took place.""

Let's check if this claim is supported by the context:

1. The context mentions various flights and events but does not explicitly state when the first flight took place.
2. It does mention that Amelia Earhart started her round-the-world flight in Kolkata in 1937, which could imply that there were no international flights from Kolkata before that year.
3. However, it also mentions that KLL (Kolkata) started its international flights to Amsterdam and Batavia (Jakarta) in 1924, which predates Amelia Earhart's flight.

Since the context does not explicitly support the claim made by the model answer and even contradicts it with the mention of international flights starting in 1924, we cannot consider the model answer as factually accurate relative to the given context.

**Final Verdict:** No",no
bengali-363202495030830843-1::factualness,bengali-363202495030830843-1,factualness,"1948 sale obosor grohoner purbo-porjonto ashi innings-e 29ti century hakan. Sorbomot 6996 raner moddhe 5393 rani esheche 29ti century theke.[16] Innings-proti tar century-r har chilo 36.25%.[17] Er fole tar kheloyari jibone batting gor daray 99.94. Onnodike, kono batsman-i 61 gorer kotay pouchhute sokkhomota prodorshon korte parenni.[N 2][18] Churanto innings-e ar matro 4 ran tulte parlei tar batting gor 100 hote parto.[19][20]",Antorjatik crickete Don Bradman-er mot raner shongkha koto?,6996,Don Bradman-er mot ran chhilo 7096.,"**Analysis:**

Step 1: The Model Answer claims that ""Don Bradman's total runs were 7096.""

Step 2:
- The context mentions a total of ""6996 ran"" in relation to innings and centuries, but it doesn't specify if this is Don Bradman's total.
- There's no explicit mention of Don Bradman's total runs being 7096 in the provided context.

Step 3: Since there's no direct support for the claim made by the Model Answer in the given context, we conclude that the answer is hallucinated relative to the context and question.

**Final Verdict:** No",no
bengali-1508751382134197788-2::specificity,bengali-1508751382134197788-2,specificity,"1954 shaler March er 8 theke 12 tarikh porjonto onushthito Purbo Pakistan Porishoder nirbachone 237ti Muslim asoner moddhe Juktofront 223ti ason orjon kore. Tonmoddhe 143ti peyechilo Mowlana Bhashanir netrittodhin Awami Muslim League, 48ti peyechilo Shere Bangla A. K. Fazlul Hoq er Krishok Sromik Party, Nezami Islam Party lav korechilo 22, Gonotantri dol lav korechilo 13ti ebong Khelafat-i-Rabbani namok dolti 2ti ason. Khomotashin rajnaitik dol Muslim League shompurnorupe e nirbachone poravuto hoy; tara kebol 9ti ason lav korte shokkhom hoy.",Sher-e-Bangla Abul Kashem Fazlul Haq kon rajnaitik doler shonge jukto chilen?,Krishok Shromik Party,Sher-e-Bangla Abul Kashem Fazlul Haq muloto Awami Muslim League-er shonge jukto chilen.,"**Analysis:**

Step 1:
- Claim: Abul Kashem Fazlul Haq was associated with Awami Muslim League (AML).

Step 2:
- Context mentions that ""48ti peyechilo Shere Bangla A. K. Fazlul Hoq er Krishok Sromik Party"", which translates to ""Abul Kashem Fazlul Haq's Krishok Sromik Party got 48 votes"". However, it does not explicitly mention AML.
- The context also mentions that ""Khomotashin rajnaitik dol Muslim League shompurnorupe e nirbachone poravuto hoy"", which translates to ""Muslim League won the majority of the seats in the election"". This could imply that Fazlul Haq was not associated with AML, as AML is not mentioned as a significant party.

Step 3:
- The context does not explicitly confirm the association between Abul Kashem Fazlul Haq and Awami Muslim League. Therefore, claiming this association without explicit confirmation from the context is considered hallucination.

**Final Verdict:** No",no
bengali--6019328074616099894-17::comprehension,bengali--6019328074616099894-17,comprehension,"1492 khristabder 2 January Cordobar Nasri rajyer potoner maddhome Iberiay Muslim shashoner somapti hoy. Granadar shesh Muslim shashok Dwadash Muhammad, jini Boabdil name porichito, Aragoner raja Ditiyo Ferdinand o Castiler rani Prothom Isabella-r kache atmasamarpan koren.",Umaiya rajbongser shorboshesh raja ke?,Dwadash Muhammad,Boabdil-i chhilen Umaiya rajbongser shorboshesh raja.,"**Analysis:**

1. **Claim:** Boabdil was the last Muslim king of Granada.
   - **Support in Context:** Yes, it's mentioned that ""Granadar shesh Muslim shashok Dwadash Muhammad, jini Boabdil name porichito"".

2. **Claim:** Boabdil surrendered to Ferdinand II of Aragon and Isabella I of Castile.
   - **Support in Context:** Yes, it's stated that ""Aragoner raja Ditiyo Ferdinand o Castiler rani Prothom Isabella-r kache atmasamarpan koren"".

3. **Claim:** Boabdil was the last king of the Umaiya dynasty.
   - **Support in Context:** No, there's no mention of any dynasty named Umaiya in the context provided.

**Verdict:**
While the first two claims are supported by the context, the third claim is not. Therefore, the model answer contains a hallucination.

**Final Answer:** Yes",yes
bengali--8707413810832587133-1::comprehension,bengali--8707413810832587133-1,comprehension,"Dhaka Bishwabidyaloyer shikkhokbrindo shobcheye beshi shongkhok Bangladesh Biggan Academy podok lav korechen.[5][6] Echarao, eti Bangladesher ekmatro bishwabidyaloy hisebe Asiaweek er pokkho theke shirsho 100 bishwabidyaloye jayga kore ney.[7] Eti Asiar sera 100ti bishwabidyaloyer moddhe 64tom.[8] Ekhane pray 38,000 chatro-chatri ebong 1,805 jon shikkhok royeche.[1][2]",Bortomane Dhaka Bishwabidyaloyer mot chatrochatrir shonkha koto?,"38,000","Pray 1,805 jon shikkhok royeche.","**Reasoning:**

The context mentions that ""pray 38,000 chatro-chatri ebong 1,805 jon shikkhok royeche"" at Bangladesh Biggan Academy. The model answer claims ""Pray 1,805 jon shikkhok royeche,"" which matches the number of students mentioned in the context.

**Verdict:** Yes",yes
bengali-2351657829570417965-1::comprehension,bengali-2351657829570417965-1,comprehension,"Usha Uthup Mumbaiye jonmogrohon koren,[1] ekta Tamil Brahmin poribare. Tar baba Vidyanath Someshwar Sami.[5] Jini Madras (bortomane Chennai) theke 1947 sale Tamilnadu te sthanantor hon.",Usha Uthup Bharoter kon shohore jonmogrohon koren?,Mumbai,Tini Chennai te jonmogrohon koren.,"**Reasoning:**

The context states that Usha Uthup was born in Mumbai but later moved to Madras (now Chennai) in Tamil Nadu. The model answer claims that she was born in Chennai.

**Step 1:** Factual claim made by the Model Answer - ""Tini Chennai te jonmogrohon koren.""

**Step 2:** Checking against Context:
- Context: Usha Uthup was born in Mumbai.
- Model Answer: She was born in Chennai.

The context does not support the claim that Usha Uthup was born in Chennai.

**Final Verdict:**

The model answer is hallucinated relative to the given context and question. It incorrectly states where Usha Uthup was born.

**Last line:** yes",yes
bengali-7368577689306281053-15::factualness,bengali-7368577689306281053-15,factualness,"Pither shomoshay kromagoto vogar fole mousumer khelaguloy oniyomito hoye poren tini. Folshrutite, nijossho 41tom jonmodiner olpo koyekdin purbe 2004 sale County Cricket-ke biday janan.[12][13][14]",Robert Charles Jack Russell kon shale antorjatik cricket khela theke obosor nen?,2004,Robert Charles Jack Russell antorjatik cricket theke 2003 shale obosor nen.,"**Reasoning:**

1. **Claim:** Robert Charles Jack Russell played his last professional cricket match in 2003.
   - **Support from Context:** The context mentions that he retired from County Cricket in 2004, which means his last match was likely in the year before retirement.

2. **Claim:** He retired from professional cricket.
   - **Support from Context:** The phrase ""biday janan"" translates to ""retired"".

**Verdict:**
The model answer is not hallucinated relative to the context and question because it accurately reflects the information given in the context about Robert Charles Jack Russell's retirement year. Therefore, the final verdict is: **no**.",no
bengali-8231597176267138336-3::factualness,bengali-8231597176267138336-3,factualness,"jodio chikungunir pradurbhab sadharonoto Asia o Africate beshi dekha jay tobe protibedon onujayi 2000-er doshoke eti Europe o Americate choriye poreche. 2014 sale ek million-er beshi manush akranto hoyeche.[2] 2014 saler protibedon onujayi eti Juktorashtrer Florida-te dekha geche kintu 2016 sale Juktorashtre sthaniyovabe ei roger probhab dekha jayni.[12][13] Tanzania-te 1952 sale prothom rogti dhora pore.[2] Chikungunya namti esheche Tanzania-r Makundi jonogoshthir byabohrito Kimakundi bhasha theke jar ortho ""kuchito howa"" ba banka hoye jawa.[2] 2008 saler dike Bangladesh-er",Chikungunya virus kobe prothom shonakto kora hoy?,2008 saler dike,2006 saler shurur dike,"**Analysis:**

The model answer claims that Chikungunya virus was first identified in 2006. Let's check if this claim is supported by the context:

1. The context mentions that Chikungunya was seen frequently in Asia and Africa before spreading to Europe and America around the year 2000.
2. It also states that there were large outbreaks, including one involving a million people in 2014.
3. However, it does not provide any specific information about when or where Chikungunya was first identified.

**Verdict:** Since the context does not explicitly state that Chikungunya was first identified in 2006, the model answer is **hallucinated**.

Final line: no",no
bengali--2318822466630053761-0::factualness,bengali--2318822466630053761-0,factualness,"Gonochin ba Gonoprojatontree Chin (Chinese: Zhongguo orthat ""madhyoborti rajyo"", Mandarin Chaina uccharone: Chungkuo) Purbo Eshiar ekta rashtra. 138 koti jonoshonkhar deshti bishwer shobcheye jonobohul rashtra.[1] Chiner samyobadi dol deshti shashon kore. Beijing shohor deshtir rajdhani.[2] Gonochiner shashoner awtay poreche 22ti prodesh, 5ti swayattashashito onchol, 4ti kendroshashito poursova (Beijing, Thienchin, Shanghai ebong Chungching), ebong 2ti pray-swayattashashito bishesh proshashonik onchol (Hongkong ebong Makau). Echarao Chin Taiwaner opore sarbovomotto dabi kore as",Chiner bortoman jonsongkha koto?,138 koti,Chiner bortoman jonsongkha prai 140 koti.,"**Analysis:**

The context states that China has a population of ""138 koti jonoshonkhar"" which is approximately 1.38 billion people (assuming 'koti' means ten million). The model answer claims that China's current population is ""prai 140 koti"", which translates to around 1.4 billion.

**Step-by-step evaluation:**

1. **Claim:** China's population is prai 140 koti.
2. **Support from context:** The context mentions a figure of 138 koti, but it does not specify whether this is the current or an outdated figure.
3. **Verdict for claim:** Since the context does not provide a definitive current population figure and the model answer's figure (140 koti) is plausible given recent global population trends, we cannot definitively say that the model answer is hallucinated based on this information alone.

**Final verdict:** No",no
bengali-6971086019984584823-1::factualness,bengali-6971086019984584823-1,factualness,1894 khristabde 1 January Uttar Kolkatar Goya Bagan onchole Scottish Church Collegiate School-er pashe 22 nombor Ishwar Mitra Lane-e Satyendranath Bosur jonmo. Tar poribarer adi nibash 24 Parganar Karoparar sannikte Barojagulia grame. Tar pita Surendranath Bosu chilen Purbo Bharatiya Railway-er hisabrakkhok ebong mata Amodini Devi chilen Alipurer khyatonama byaboharjibi Motilal Raychowdhurir konya. Satyendranath Bosu sat bhaibon-er moddhe sobar boro.etastfzse,Satyendranath Bosu kobe jonmogrohon koren?,1894 khristabde 1 January,"1893 khristabde 2 January, Kolkatay","**Analysis:**

1. **Claim:** ""1893 khristabde"" (in English, 1893 AD)
   - **Support in Context:** The context mentions ""1894 khristabde"", not ""1893"".
2. **Claim:** ""2 January""
   - **Support in Context:** The context states ""1 January"", not ""2 January"".
3. **Claim:** ""Kolkatay"" (Bengali for Kolkata)
   - **Support in Context:** The context mentions ""Uttar Kolkatar Goya Bagan"", which translates to ""North Kolkata's Garden Bagan"".

**Verdict:**
The model answer contains factual inaccuracies regarding the year and date of birth. It also uses a different location name compared to the context. Therefore, it is **yes**, hallucinated relative to the given context and question.",yes
bengali--8764190989186063087-2::inference,bengali--8764190989186063087-2,inference,"Prachin prithibir (prodhanoto Europe, tobe nikot prachyo o uttar Africao er ontorbhukto) itihashke koyekti vag e vag kora hoy. 467 Khristabdo porjonto prachin jug; ponchom theke ponchodosh shotabdi porjonto modhyo jug ba dhrupodi-uttor jug,[15][16] jar moddhe royeche Islami swarnajug (750-1258 Khristabdo) o Europio Renaissance (13sh shotok theke shuru).[17][18] Adhunik juger suchonakal[19] dhora hoy 15sh shotok theke 18sh shotoker shesh porjonto jar moddhe royeche Europ er alokito jug. Shilpo biplob hote bortoman shomoy porjonto adhunik jug bole bibech",Islami swarnajug bole kon shomoyke bojhano hoy?,750- 1258 khristabdo,Islami swarnajug mane motamoti 13sh theke 15sh shotok.,"**Analysis:**

The context provided discusses various historical periods and their timelines. The model answer claims that ""Islami swarnajug"" (Islamic Golden Age) spans from the 13th to the 15th century.

- **Claim:** Islami swarnajug starts in the 13th century.
  - **Support:** The context mentions that the Islamic Golden Age started around the 8th century (750 Khristabdo), which is not supported by the model answer's claim.

- **Claim:** Islami swarnajug ends in the 15th century.
  - **Support:** The context does not provide a specific end date for the Islamic Golden Age, but it mentions that the modern era began around the 18th century. This implies that the Islamic Golden Age might have ended before the 18th century.

**Verdict:**
The model answer's claims are not fully supported by the given context. Therefore, the final verdict is:

**No.**",no
bengali-9099268636899707207-4::factualness,bengali-9099268636899707207-4,factualness,"Safdarjung bimanbondor 1930 sale nirmito hoyechilo ebong 1962 sal porjonto eti Delhir prodhan bimanbondor chilo. [14] Safdarjung bimanbondore jatribahi uran briddhir fole 1962 sale beshamorik uranguli Palam bimanbondore sthanantorito hoy (porobortite etir namkoron kora hoy IGIA). [14] Palam bimanbondorti Ditiyo Bishwajuddher somoy toiri hoyechilo Royal Air Force Station Palam name ebong British shashon oboshaner por, eti Bharatiyo Bimanbahinir jonno ekta biman bahini station hisebe kaj korto. Proti ghontay Palam bimanbondorer pray 1,300 jon jatri poribohoner khomota chilo. [14] 1970",Indira Gandhi antorjatik bimanbondor ba Palam bimanbondorti kobe toiri hoy?,1930 shale,Palam bimanbondorti 1942 shale toiri hoy.,"**Reasoning:**

The context provided discusses the history of two airports in India: Safdarjung Airport and Palam Airport. It mentions that:

- Safdarjung Airport was established in 1930.
- Until 1962, it was the primary airport in Delhi.
- In 1962, due to expansion needs, operations shifted from Safdarjung to Palam Airport (which later became Indira Gandhi International Airport).
- Palam Airport started operating as a Royal Air Force Station during World War II under the name ""Royal Air Force Station Palam"".
- It was used for civilian operations starting in 1962.
- In 1970, it had around 1,300 passengers daily.

The question asks when Indira Gandhi International Airport (formerly Palam Airport) started operating. The model answer claims that Palam Airport started operating in 1942.

**Step-by-step analysis:**

1. **Claim:** Palam Airport started operating in 1942.
2. **Support from Context:** The context states that Palam Airport started operations as a Royal Air Force Station during World War II, but it does not specify the exact year this happened. However, it mentions that civilian operations began in 1962.

**Verdict:**

The model answer is hallucinated because there's no explicit support for the claim that Palam Airport started operating in 1942. The context only confirms that it operated during World War II but does not provide a specific start date.

**Final Answer:** No",no
bengali-5909391431365450011-1::comprehension,bengali-5909391431365450011-1,comprehension,Tar porichalito prothom swalpodoirgho cholocchitro Sonar Beri (1985) ebong sorbosesh purnodoirgho cholocchitro Runway mukti pay 2010 sale. Cholocchitre tar obodaner jonno 2012 sale Bangladesh sarkar take desher sorbocho beshamorik shomman Ekushey Padoke bhushito kore.[6][7] 2013 sale New York Bishwabidyaloyer Asian/Pacific/American Institute ebong Dokkhin Asia Solidarity Initiative tar cholocchitrer prothom Uttar American 'fire dekha' onusthaner ayojon kore.[8],Abu Tarek Masud porichalito sorbosesh Bangla cholocchitroti koto sale Bangladesh-e mukti pay?,runway,Sonar Beri 1985 shale Bangladesh-e mukti pay.,"**Reasoning:**

The context mentions that Sonar Beri was released in 1985 and Bangladesh gained independence in 1971. The model answer claims that Sonar Beri was released in the year Bangladesh gained its independence, which is not supported by the context.

**Final Verdict:** No",no
bengali-6549627323803605959-11::specificity,bengali-6549627323803605959-11,specificity,Mirza Fakhrul Islam Alamgir bektigoto jibone Rahat Ara Begum-er sathe bibaho bondhone aboddho hon. Ei dompotir dui meye royeche. Rahat Ara Begum Kolkata Bishwabidyaloye porashuna korechen o bortomane Dhakar ekta bima protisthane kormorot. Tar boro meye Mirza Shamaruh Dhaka Bishwabidyaloye porashuna kore ei protisthanei shikkhokota korechen. Bortomane tini Australia-y post doctoral fellow hisebe kormorot achen. Choto meye Mirza Safaruh-o Dhaka Bishwabidyaloye porashuna korechen. Tini bortomane Dhakar ekta school-e shikkhokota korchen.[10],Mirza Fakhrul Islam Alamgir er strir nam ki?,Rahat Ara Begome,Mirza Fakhrul Islam Alamgir er strir nam shombhoboto Begum Fakhrul Ara.,"**Analysis:**

Step 1: The model answer claims that ""Mirza Fakhrul Islam Alamgir's wife's name is Shombhoboto Begum Fakhrul Ara.""

Step 2:
- The context mentions Rahat Ara Begum as Mirza Fakhrul Islam Alamgir's wife.
- There is no mention of any other wife named Shombhoboto Begum Fakhrul Ara in the given context.

Step 3: Since the model answer contradicts the information provided in the context, it is a hallucination.

**Final Verdict:** No.",no
bengali-1787623261283241578-0::specificity,bengali-1787623261283241578-0,specificity,"Saiyed Qutb (/ˈkuːtəb/[1]/ˈkʌtəb/; Egyptian Arabic pronunciation:[ˈsæjjed ˈʔotˤb], Arabic:[ˈsæjjɪd ˈqʊtˤb]; Arabic: Sayyid Qutb (1906 - 25 August 1966) holen ekjon Mishoriyo Islami chintabid ebong biplobi rajnaitik songothok. Tini Mishorer Islami andoloner prodhan songothon Ikhwanul Muslimin daler mukhopotro Ikhwanul Muslimin-er shompadok chilen. Take totkalin sarkar fasi-r adesh dey ebong evabhei take mrityuboron korte hoy.",Saiyed Qutb Mishorer kon rajnaitik doler sathe jukto chilen?,Ikhwanul Muslimin,Tini muloto Wafd Party-r sathe jukto chilen.,"**Analysis:**

The model answer claims that Saiyed Qutb was associated with the Wafd Party. However, there is no mention of this association in the provided context. The context only discusses his involvement with the Muslim Brotherhood (Ikhwanul Muslimin) and his execution by the government.

**Verdict:** No",no
bengali-8214622333369036834-1::factualness,bengali-8214622333369036834-1,factualness,"Dinajpur jeler uttore Thakurgaon, Panchagarh o Nilphamari jela, dokkhine Joypurhat jela o Bharoter Poshchimbongo, purbe Rangpur o Nilphamari jela ebong poschime Bharoter Poshchimbongo rajyer Poshchim Dinajpur (Uttor o Dokkhin Dinajpur jeladwoy) obosthito. Ei jeler mot ayoton 3437.98 borgo kilometer. Barshik sorbocho gor tapmatra 33.5 degree Celsius ebong sorbonimno tapmatra 10.5 degree Celsius. Barshik brishtipat 2536 millimeter. Prodhan nodisomuho Punarbhaba, Atrai.",Bangladesher Dinajpur jeler mot ayoton koto?,3437.98 borgo kilometer,Dinajpur jeler mot ayoton 3347.89 borgo kilometer.,"**Reasoning:**

The context states that the total area of Dinajpur district is 3437.98 square kilometers. The model answer claims it to be 3347.89 square kilometers.

Step 1: Factual claim made by Model Answer - Total area of Dinajpur district is 3347.89 square kilometers.
Step 2: Checking with Context - The context provides a different figure (3437.98 sq km).
Step 3: Verdict based on steps 1-2 - The model answer's claim does not match the information provided in the context.

**Final verdict:** No",no
bengali-530330988068464850-8::specificity,bengali-530330988068464850-8,specificity,Board ob Governors kortik banker President nirbachito kora hoy. Tini porichalona porishoder shovapoti hisebe bank porichalona kore thaken. President 5 bochor shomoykaler jonno niyukto hon. Proyojone tini punoray nirbachito hote paren. Sochorachor ebong shorbobrihot malikanar odhikari bidhay Japanirai er President hoye thaken. Bortoman President hocchen Takihiko Nakao. Tini 2013 sale Haruhiko'r stholavishikto hon. ADB'r sodor doftor Philippines e obosthito.[5][6] Er thikana hocche -,Eshiyo Unnoyon Bank-er bortoman shovapoti ke?,Takihiko Nakao,ADB-er bortoman shovapoti mone hoy Haruhiko Kuroda-i achen ekhono.,"**Reasoning:**

1. **Claim:** The current governor of the Asian Development Bank (ADB) is Haruhiko Kuroda.
   - **Support in Context:** The context mentions that Haruhiko was previously appointed as ADB's president, but it does not explicitly state that he is still the current president.

2. **Claim:** Haruhiko Kuroda is currently serving his term as ADB's president.
   - **Support in Context:** There is no information in the context about the duration of Haruhiko's term or whether it has ended.

Based on these steps, neither claim made by the Model Answer is explicitly supported by the given context. Therefore, the answer is:

**No.**",no
bengali--5001943450569685769-1::factualness,bengali--5001943450569685769-1,factualness,"1982 shale Lookin’ to Get Out cholochitre baba Jon Voight-er sathe ekta shishu choritre obhinoyer moddho diye cholochitro jogote Jolie-r abirbhav hoy. Tobe peshadar cholochitro obhinetri hisebe tar obhishek ghote swolpo bajeter chobi Cyborg 2 (1993)-e obhinoyer maddhome. Tar obhinito prothom boro maper chobi Hackers (1995). E chobite tini namvumikay obhinoy koren. Porobortite take George Wallace (1997) o Gia (1998)-er moto shomalochok-nondito cholochitre obhinoy korte dekha jay. Natyo cholochitro Girl, Interrupted (1999)-e onoboddho obhinoyer jonno tini sera parsho obhinetri b",Markin obhinetri Angelina Jolie sorboprothom kon Markin cholocchitre obhinoy korechilen?,Lookin’ tu get out,Angelina Jolie sorboprothom Markin cholochitro hisebe **Cyborg 2**-te obhinoy korechhilen.,"**Analysis:**

1. **Claim:** Angelina Jolie's first movie as a Markin (main lead) was Cyborg 2.
   - **Support in Context:** The context mentions that after her debut with Lookin' to Get Out, her next major role was in Cyborg 2.

2. **Claim:** This was the first time she played a main character in a movie.
   - **Support in Context:** The context does not explicitly state this, but it implies that Cyborg 2 was one of her earliest significant roles after Lookin' to Get Out.

**Verdict:**
The model answer is not hallucinated as both claims are supported by the given context. Therefore, the final verdict is: **no**.",no
bengali-6842067104920478592-1::specificity,bengali-6842067104920478592-1,specificity,"Dhaka Bishwabidyaloyer shikkhokbrindo shobcheye beshi shongkhok Bangladesh Biggan Academy podok lav korechen.[5][6] Echarao, eti Bangladesh-er ekmatro bishwabidyaloy hisebe Asiaweek-er pokkho theke shirsho 100 bishwabidyaloye jayga kore ney.[7] Eti Asia-r sera 100ti bishwabidyaloyer moddhe 64tom.[8] Ekhane pray 38,000 chatro-chatri ebong 1,805 jon shikkhok royeche.[1][2]",Dhaka Bishwobidyaloyer bortoman (2019) chatrochatrir shonkha koto?,"pray 38,000",bortomane Dhaka Bishwobidyaloye motamuti 35 hajarer moto chatrochhatri ache.,"**Reasoning:**

The question asks for the number of students (chatro-chatri) in Dhaka University (Dhaka Bishwobidyaloy) in 2019. The model answer claims that there were approximately 35,000 students.

From the context:
- We know that Asiaweek ranked Dhaka University among the top 100 universities in Asia.
- We also know that there are currently around 38,000 students and 1,805 teachers at Dhaka University.

However, the context does not provide specific information about the number of students in 2019. Therefore, we cannot verify if the model answer's claim is accurate based on the given context.

**Final Verdict:** No",no
bengali--7064958051407671671-1::factualness,bengali--7064958051407671671-1,factualness,"Oitijjobahi Sir Ashutosh College-er protisthata Reboti Romon Dutta, pita Rosik Chandra Dutta-r jyeshthoputro chilen. 1885 khristabder 22 July Boalkhali upojelar ontorgoto Kanungopara grame tini jonmogrohon koren. Moddhobitto poribarer shontan chilen tini. Pitar ay khub beshi chilo na. Pitar ay ebong samanno bhu-sompottir upor nirvor kore poribarer byay nirbah hoto.",Sir Ashutosh Sarkari College ke protistha koren?,Reboti Romon Dotto,Sir Ashutosh Sarkari College protistha koren **Rosik Chandra Dutta**.,"**Analysis:**

The context mentions that Reboti Romon Dutta established Sir Ashutosh College. However, the model answer attributes this establishment to Rosik Chandra Dutta instead of Reboti Romon Dutta.

**Step 1:** Identify factual claims:
- The model answer states that Rosik Chandra Dutta established Sir Ashutosh Sarkari College.

**Step 2:** Check if these claims are supported by the context:
- The context explicitly mentions that Reboti Romon Dutta established Sir Ashutosh College, not Rosik Chandra Dutta.

**Final Verdict:**
The model answer incorrectly attributes the establishment of Sir Ashutosh College to Rosik Chandra Dutta instead of Reboti Romon Dutta. Therefore, it is a hallucination relative to the given context and question.

**Last line:** yes",yes
bengali-1733542226552149709-2::inference,bengali-1733542226552149709-2,inference,"Islam shobdoti esheche Arbi s-l-m shobdoti hote; jar du'ti ortho: 1. shanti 2. atmasamarpan kora. Songkhepe, Islam holo shanti (protistha)'r uddeshe ek o odditiyo Ishwar (Allah)-er kache atmasamarpan kora.",Islam shobdoti-r utpotti kon shobdo theke?,Arbi s-l-,"Islam shobdoti mone hoy Arbi “salam” theke, jar ortho shudhu shanti.","**Analysis:**

1. **Claim:** Islam shobdoti mone hoy Arbi “salam” theke (The concept of Islam is remembered from the Arabic ""salam"").
   - **Support in Context:** The context mentions that Islam starts with the Arabic ""s-l-m"" which sounds like ""salam"".

2. **Claim:** jar ortho shudhu shanti (wherever it's written, it's only peace).
   - **Support in Context:** The context states that Islam means peace (shanti) and its primary teachings are peace and self-surrender.

**Verdict:**
The model answer is not hallucinated as all the claims made are supported by the given context. Therefore, the final verdict is: **no**.",no
bengali-802268299326091752-3::factualness,bengali-802268299326091752-3,factualness,"Jabir ibn Haiyan 722 Khristabde Tus, Parsye jonmo grohon koren.[4] Dhrupodi sutro onujayi Jabir vhinno vabe al-Azdi ba al-Bariji ba al-Kufi ba al-Tusi ba al-Sufi hisebe odhikari hoyechen.[8] Tar jonmo sthan niye mot parthokko royeche, karo mote tini chilen ekjon Khorasan, Parsya jini pore Kufate jan, onnodeder mote tini chilen Syria adibashi, pore tini Parsya o Irake boshobash koren.[8] Tar purbopurushgoner potobhumi sposto noy, kintu odhikangsho sutro take ekjon Farsi hisebe ullekh kore.[3] Kichu sutre jana jay je, tar pita chilen Haiyan al-Azdi. Tini ch",Abu Musa Jabir Ibn Haiyan kon desher nagorik chilen?,Parshye,Abu Musa Jabir Ibn Haiyan chhilen Syrian nagorik bole dhora hoy.,"**Analysis:**

The context provided discusses Jabir ibn Haiyan's life and works, but it does not explicitly mention his nationality. Here are the claims made by the Model Answer:

1. Abu Musa Jabir Ibn Haiyan was a Syrian citizen.
2. He is referred to as ""dhora hoy"" which means ""called"" or ""known as"".

**Step 1:** The Model Answer makes two factual claims.

**Step 2:**
- The context does not mention Syria explicitly, but it does say that he lived in Kufa (Iraq) and Syria at different points.
- There's no explicit reference to him being called a Syrian citizen in the provided context.

**Step 3:** Since the context does not explicitly support the claim that Jabir ibn Haiyan was a Syrian citizen, we cannot confirm this information based on the given context alone. However, it is possible that he lived there at some point.

**Final Verdict:** No",no
bengali--8629802684896762580-0::factualness,bengali--8629802684896762580-0,factualness,"William Abraham Simon Ouderland (Dutch: Wiliam Ouderland) (jonmo: 6 December, 1917 — mrityu: 18i May, 2001) chilen ekjon Olandaj-Australian samorik commando officer. Tini Ditiyo Bishwajuddhe sokriyo vabe ongshogrohon koren. Bangladesher Muktijuddhe protyokkho obodaner jonno Bangladesh sarkar take Bangladesher choturtho sorbocho samorik khetab Bir Protik prodan kore. Tini ekmatro bideshi jini ei rashtriyo khetabe bhushito hoyechen.[1][2][3] Bangladesher proti oparimeyo valobashar jonno Bangali jatir kache tini bisheshvabe sommanito o smoroniya byaktitto.[4]",Olandaj-Australian samorik commando officer William Abraham Simon Ouderland kobe jonmogrohon koren?,"6 December, 1917","5 December, 1917 e tini jonmogrohon koren.","**Analysis:**

Step 1: The Model Answer claims that William Abraham Simon Ouderland was born on ""5 December, 1917"".

Step 2:
- The Context mentions his birth date as ""6 December, 1917"".
- The Model Answer's claim is one day off from the actual date mentioned in the Context.

Step 3: Since the Model Answer contains an incorrect factual claim about the birth date of William Abraham Simon Ouderland, it can be considered hallucinated relative to the given context and question.

**Final Verdict:** No",no
bengali--1831213595878006436-0::specificity,bengali--1831213595878006436-0,specificity,E-ink ba electrophoretic ink ek dhoroner electronic kagoj ba porda ja E Ink Corporation namok ekta protisthan kortik shilpojatokrito. MIT Media Lab shorboprothom E-ink projukti niye gobeshona shuru kore. Porobortite 1997 sale MIT-er E-ink gobeshona prokolper upor vitti kore E Ink Corporation protishthito hoy. 1996 saler ek patent onujayi Joseph Jacobson ebong Barrett Comiskey-ke E-ink projuktir udbhabok hisebe shwikrity deya hoyeche.[1],E Ink Corporation-er protisthata ke?,Joseph Jacobson ebong Barrett Comiskey,E Ink Corporation-er protisthata chhilen MIT Media Lab-er gobeshok dal.,"**Analysis:**

1. **Claim:** ""E Ink Corporation-er protisthata chhilen MIT Media Lab-er gobeshok dal.""
   - Translation: ""The headquarters of E Ink Corporation was located at MIT Media Lab's office.""

2. **Verification:**
   - The context mentions that the initial work on E-ink started at MIT Media Lab and it was later spun off as E Ink Corporation in 1997.
   - However, there is no explicit mention that the headquarters of E Ink Corporation was located at MIT Media Lab's office.

**Verdict:** The model answer contains information not explicitly stated in the context. Therefore, it is a hallucination.

Final answer: **No**.",no
bengali-1411582546196272359-27::specificity,bengali-1411582546196272359-27,specificity,Turshker jonoshonkha pray sat koti 15 lakh.[68] Deshtir jonmohar gore 1 doshomik 31.[69] Proti borgokilomitare er jonoshonkha 92 jon. Er moddhe shohore boshobash kore 70 doshomik 5 jon. 15 theke 64 bochor boyoshi lok royeche 66 doshomik 5 shotangsho. Shunno theke 14 bochore boyoshi loker shonkha 26 doshomik 4 shotangsho. 65 bochorer beshi boyoshi loker shonkha 7 doshomik 1 shotangsho.[70] CIA Factbook onujayi Turki purusher gor ayu 70 doshomik 67 bochor o mohilader gor ayu 75 doshomik 73 bochor. Mot jonoshonkhar gor ayu,Turshker bortoman (2019) jonoshonkha koto?,Pray sat koti 15 lakh,2019 e Turshker jonoshonkha dhore neya hoy prai sat koti 50 lakh er moto.,"**Analysis:**

The context provided discusses various population figures related to Turkey and its capital Ankara. However, there's no mention of a specific figure for Turshker bortoman (2019).

- **Claim 1:** ""Turshker jonoshonkha pray sat koti 50 lakh er moto.""
  - The context mentions ""pray sat koti 15 lakh"" but not specifically for the year 2019.

**Verdict:**
Since there's no specific mention of Turshker bortoman (2019) in the context, and the model answer provides a figure without any supporting evidence from the given context, the answer is **hallucinated**.

Final line: yes",yes
bengali--408485360004026597-2::comprehension,bengali--408485360004026597-2,comprehension,"Surya Sen 1894 saler 22 March Chattogramer Raujan thanar Noaparay orthonoitik vabe osocchol poribare jonmogrohon koren. Tar pitar nam Rajmoni Sen ebong matar nam Shashi Bala Sen. Rajmoni Sener dui chele ar char meye. Surya Sen tader poribarer choturtho shontan. Dui cheler nam Surya o Komol. Char meyer nam Bordasundori, Sabitri, Bhanumoti o Promila. Shoishobe pita matake harano Surya Sen kaka Gourmoni Sener kache manush hoyechen.[2] Surya Sen chelebela thekei khub monojogi valo chatro chilen ebong dhormobhapanno gombhir prokritir chilen.[3]",Masterda Suryakumar Sener babar nam ki chilo?,Rajmoni Sen,Masterda Suryakumar Sener babar nam chilo Gourmoni Sen.,"**Analysis:**

Step 1: The Model Answer claims that Masterda Suryakumar Sen's father's name was Gourmoni Sen.

Step 2:
- The context mentions ""Surya Sen tader poribarer choturtho shontan"" (Surya Sen was the fourth child of his family), but it does not explicitly mention his father's name.
- However, it does mention ""Surya Sen kaka Gourmoni Sener kache manush hoyechen"" which translates to ""Surya Sen was considered a human incarnation by Gourmoni Sen's family"". This suggests that Gourmoni Sen could be related to Surya Sen, possibly his father.

Step 3: While the context does not explicitly state that Gourmoni Sen is Suryakumar Sen's father, it provides enough circumstantial evidence to make this claim plausible. Therefore, the Model Answer is not hallucinated but based on reasonable inference from the given context.

**Final Verdict:** No",no
bengali--2741173154472143392-4::comprehension,bengali--2741173154472143392-4,comprehension,Oddhokkho Matiur Rahman ekjon bir muktijoddha. Tini muktijoddhader proshikkhok o sofol songothoker daitto palon koren. E shomoy muktijuddher ronangone tini sorasori ongshogrohon koren. Mahan muktijuddhe Bharoter Meghalaya rajyer Dhalu jubo shibirer incharge chilen. Mahan muktijuddhe 11 nombor sector-e tar netritte osongkho muktijoddha juddher proshikkhon grohon koren ebong Pakistani bahinir biruddhe tibro protirodh gore tulen. Tar netritte 10 December Mymensingh hanadar mukto hoy. Tini brihottor Mymensinghe osongkho shikkha protisthan ebong shamajik-sangskritik songothon gore tulen.,Motiur Rahman kon college-er oddhokkho chilen?,Alomgir Monsur Mintu Memorial College,Matiur Rahman Ashim Patuli College-er oddhokkho chilen.,"**Analysis:**

1. **Claim:** Matiur Rahman was an oddhokkho (student) of Ashim Patuli College.
   - **Support in Context:** The context mentions that Matiur Rahman was involved in various activities during the liberation war, but it does not explicitly state which college he attended.

2. **Claim:** His name is Matiur Rahman.
   - **Support in Context:** The context consistently refers to him as Matiur Rahman.

**Verdict:**
The model answer includes a factual claim about Matiur Rahman's college attendance that is not supported by the given context. Therefore, it can be considered hallucinated.

Final answer: **No**.",no
bengali-5888329246803989668-2::factualness,bengali-5888329246803989668-2,factualness,"Pragoitihashik juge gononar jontro udbhabito bibhinno cheshtake computer itihash hisebe dhora hoy. Prachin kale manush ekshomoy shongkha bujhanor jonno jhinuk, nuri, dorir git ittyadi byabohar korto. Porobortite gononar kaje bibhinno koushol o jontro byabohar kore thakleo Abacus namok ekta prachin gonona jontrokei computer-er itihashe prothom jontro hisebe dhora hoy. Eti abishkrit hoy Khristopurbo 2400 sale Babylon-e. Abacus frame-e sajano gutir sthan poriborton kore gonona korar jontro. Khristopurbo 450/500 obde Mishore ba Chine gonona jontro hisebe Abacus toiri hoy.",Bishwer prothom computer kobe abishkrit hoy?,Khristopurbo 2400 sale,Khristopurbo 2500 sale Babylon-e prothom computer abishkrit hoy.,"**Reasoning:**

The context states that Abacus was first invented in Babylon around 2400 BCE during the ancient times. However, the model answer claims it was invented in Babylon around 2500 BCE.

**Step-by-step analysis:**
1. **Claim by Model Answer:** Khristopurbo 2500 sale Babylon-e prothom computer abishkrit hoy (The first computer was invented in Babylon around 2500 BCE).
2. **Support from Context:** The context mentions that Abacus was invented in Babylon around 2400 BCE.
3. **Verdict:** Since the claim made by the model answer does not align with the information provided in the context, it is considered a hallucination.

**Final verdict (one word):** No",no
bengali--761065314955184950-3::inference,bengali--761065314955184950-3,inference,1968 sale Mujahid Islami Chhatra Sangher Faridpur jelar shovapoti nirbachito hon.[19] 1970 sale Dhaka Bishwabidyaloye vhortir por tini Dhaka jelar Chhatra Sangher shovapoti hisebe nirbachito hon.[19] 1970-er August-September er dike Mujahid Purbo Pakistan Islami Chhatrasangher secretary niyukto hon; ja chilo Nikhil Pakistan Chhatra Sangher prodeshik shakha[19] ebong 1971 saler October e Purbo Pakistan Islami Chhatra Sangher shovapoti nirbachito hon.[20],Ali Ahsan Muhammad Mujahid kon rajnoitik doler neta chilen?,Islami chatro songhe,Tini mone hoy Dhaka Bishwabidyaloyer Chhatra League-er neta chilen.,"**Analysis:**

The model answer claims that Ali Ahsan Muhammad Mujahid was a leader of Dhaka University's Chhatra League. Let's check if this claim is supported by the context:

1. The context mentions Mujahid Islami Chhatra Sangha, not Chhatra League.
2. There's no mention of Mujahid being a leader or member of any organization at Dhaka University.

Since there's no support for the model answer in the given context, it appears to be hallucinated.

**Final Verdict:** No",no
bengali--7062275363138990568-1::specificity,bengali--7062275363138990568-1,specificity,Bharotiyo jatiyotabadi neta Surendranath Bandyopadhyayer udyoge 1922 sale gonotantrik sayattashashon songstha hisebe Kolkata Poursongstha protishthito hoy. 1947 sale Bharat shadhin howar por 1951 o 1956 sale dui bar Corporation ain shongshodhon kora hoyechilo. Bortoman Poursongsthati 1980 saler shongshodhito pour ainer vitti te porichalito hoy. Shovon Chattopadhyay Kolkata Poursongsthar bortoman mohanagorik.,Bortomane Kolkatar meyor ke?,Shovon Chattopadhyay,Bortomane Kolkatar meyor hocchen Firhad Hakim.,"**Analysis:**

The context provided discusses the history of Kolkata Corporation and its mayors. It mentions that Bharotiyo jatiyotabadi neta Surendranath Bandyopadhyay started the corporation in 1922, and it was reformed twice after India's independence in 1947. The context also mentions Shovon Chattopadhyay as a mayor but does not provide any specific dates or details about his tenure.

The Model Answer claims that Firhad Hakim is the current mayor of Kolkata (Bortomane Kolkatar meyor hocchen Firhad Hakim). However, there is no mention of Firhad Hakim in the provided context. The latest information given in the context is about Shovon Chattopadhyay.

**Verdict:** No",no
bengali--1869211893475859704-0::factualness,bengali--1869211893475859704-0,factualness,"Shah A M S Kibria (puro nam: Shah Abu Mohammad Shamsul Kibria, jonmo: May 1, 1931 - mrittu: 27 January, 2005) Bangladeshi orthonitibid, kutonitibid ebong rajnitibid.",Shah A M S Kibria koto sale jonmogrohon koren?,1931,Shah A M S Kibria 1932 shale jonmogrohon koren.,"**Reasoning:**

1. **Claim:** Shah A M S Kibria was born in 1932.
   - **Support from Context:** The context mentions ""jonmo: May 1, 1931"" which contradicts the claim.

2. **Claim:** Shah A M S Kibria celebrated his birthday sale times.
   - **Support from Context:** There's no information about how many birthdays he celebrated in the context.

**Verdict:**
The model answer contains factual inaccuracies (claiming 1932 as the birth year instead of 1931) and unsupported statements. Therefore, it is a hallucination relative to the given context and question.

Last line: yes",yes
bengali--8465088691390481636-2::inference,bengali--8465088691390481636-2,inference,Rajswo adayer subidharte Murshidkuli Khan onek Musliman jomidarke bitarito kore todosthole Hindu jomidar niyukto koren. Bhawaler Gajigon Murshidkuli Khaner ei nitir karone jomidari swatto haran. 1704 sale Srikrishnake Bhawaler jomidar hisebe protishthito kora hoy. Tokhon theke ei poribarti 1951 sale jomidari protha bilupto na howa porjonto kramagoto vabe ei jomidarir odhikari chilen. Shikari beshe Ramendranarayan Raychowdhury chirosthayi bondobost er poroborti somoye Bhawal poribar bohu chotokhato jomidari ba jomi kroy kore ekta birat jomidarir malik hoy. 1851 sale por,Bhawal jomidar bongser sorboprothom jomidar ke chilen?,Shreekrishna,"Bhawal jomidar bongser sorboprothom jomidar chilen **Ramendranarayan Raychowdhury**, karon tini pore bohu jomi kroy kore ei birat jomidarir bhitti toiri koren.","**Analysis:**

1. **Claim:** The first jomidar (landlord) of Bhawal was Ramendranarayan Raychowdhury.
   - **Support in Context:** Yes, it is mentioned that ""Shikari beshe Ramendranarayan Raychowdhury chirosthayi bondobost er poroborti somoye Bhawal poribar bohu chotokhato jomidari ba jomi kroy kore ekta birat jomidarir malik hoy."" (During the reign of Ramendranarayan Raychowdhury, Bhawal became a large landlord or landowner.)

2. **Claim:** He became the first jomidar because he bought many lands.
   - **Support in Context:** Yes, it is implied that ""tini pore bohu jomi kroy kore"" (he bought many lands).

**Verdict:**
The model answer does not contain any unsupported factual claims or hallucinations relative to the given context and question. Therefore, the final verdict is: **no**.",no
bengali-2837715351541780910-2::specificity,bengali-2837715351541780910-2,specificity,"Oylar er baba chilen Pol Oylar. Tini chilen Reformed Church er ekjon jajok. Ma chilen Marguerite Brucker, tiniyo chilen ekjon jajokeri meye. Oylar er choto dui bon chilo, Anna Maria ebong Maria Magdalena. Oylar er boyosh jokhon ek bochor, tokhon Oylar poribar Basel chere Riehen e bosobash korte shuru koren ebong sekhanei shoishob katan Oylar. Pol Oylar chilen Bernoulli poribarer—Johann Bernoulli r paribarik bondhu, jini se shomoye Europe er shreshtho gonitbid bicharito chilen. Bernoulli torun Oylar er opor gobhir probhab rakhen. Prathomik shikkhar jonno Oylar ke Basel e tar matamoh er kache pathano hoyechilo. Matro",Swiss gonitbid ebong podarthobiggyani Leonard Euler-er babar nam ki?,Pol Oylar,Leonard Euler-er babar nam chhilo Johann Bernoulli.,"**Analysis:**

1. **Claim:** Leonard Euler's father's name was Johann Bernoulli.
   - **Support in Context:** The context mentions that Oylar (Euler) was related to the Bernoulli family through marriage and that Johann Bernoulli was a renowned mathematician of Europe during their time.

2. **Claim:** Euler's father's first name was Johann.
   - **Support in Context:** The context does not explicitly mention Euler's father's first name, but it does refer to him as ""Johann Bernoulli r paribarik bondhu"" (Johann Bernoulli was his family friend), implying that his first name was indeed Johann.

**Verdict:**
While the model answer is mostly supported by the context regarding Euler's relation to the Bernoulli family and their mathematical prominence, there is no explicit mention of Euler's father's first name being Johann. Therefore, the claim could be considered a hallucination based on inference rather than direct information provided in the context.

**Final Answer:** No",no
bengali--4681043453684884258-12::inference,bengali--4681043453684884258-12,inference,"Chunky 1998 sale Bhavna Pandey-ke biye koren ebong tader dui konya. Tini siddhanto nen je, tini 2002 sale Bollywood cholochitre fire eshe dojonkhanek cinemae obhinoy kore tar obhinoy jibon shesh korben. Cinemae obhinoyer pasapashi tini 'Bollywood Electric' (Bollywood Electric) name ekta byabshar sathe jorito, ja bibhinno moncho onusthaner (stage shows) ayojon kore. Echara tini ebong tar stri Bharoter Mumbai-e ekta shasthokor khabarer dokan porichalona koren.",Suyash 'Chunky' Pandey er strir nam ki?,Bhabna Pandey,"Suyash ""Chunky"" Pandey er strir nam mone hoy Bhavna Sharma chhilo.","**Analysis:**

1. **Claim:** The model answer states that Suyash ""Chunky"" Pandey's wife was named Bhavna Sharma.
   - **Support in Context:** The context mentions ""Bhavna Pandey-ke biye koren,"" which translates to ""married to Bhavna Pandey."" It also mentions ""tader dui konya,"" suggesting two people, and later refers to a female companion as ""tini"" (she) and ""tar stri"" (her wife).
   - **Verdict:** The claim is supported by the context.

**Final Verdict:** No hallucination.",no
bengali-5489067990214467888-20::factualness,bengali-5489067990214467888-20,factualness,"1980 er doshoke Gush Emunim Underground namok songothoner sodossho Ben Shoshan o Yehuda Etzion Al-Aqsa Mosque o Qubbat as-Sakhra uriye deyar porikolpona koren. Etzion bishash korten je sthapona duti uriye dile ta Israel-er adhyatmik jagorone vhumika rakhbe ebong Ihudi jonogoner shob shomossa shomadhan korbe. Tara eo dharona korten je tritiyo mondir mosjider sthane nirmito hote hobe.[73][74] Prothom Intifada cholar shomoy 1988 khristabder 15 January Israeli senara mosjider baire bikkhovkarider upor rubber bullet o tear gas chhore, ebong ete 40 jon musolli ahoto hoy.[75][76] 1990 khrist",Shorboprothom Intifada koto shale shuru hoyechilo?,1988,Shorboprothom Intifada 1987 shale shuru hoyechilo.,"**Analysis:**

The context provided discusses various events related to the Al-Aqsa Mosque and Israeli-Palestinian conflicts, but it does not explicitly mention when the First Intifada started. Here's a breakdown:

1. **Claim in Model Answer:** ""Shorboprothom Intifada 1987 shale shuru hoyechilo.""
   - Translation: ""The First Intifada started in 1987.""

2. **Support from Context:**
   - The context mentions the start of the Intifada on January 15, 1988.
   - There's no mention of it starting in 1987.

**Verdict:** Since the context explicitly states that the First Intifada started in 1988 and there's no support for a 1987 start date, the model answer is **hallucinated**.

Final line: yes",yes
bengali-1751452172640731366-2::comprehension,bengali-1751452172640731366-2,comprehension,"""Jain"" shobdoti esheche Sanskrit ""Jin"" (orthat, joyi) shobdoti theke. Je manush asokti, akankkha, krodh, ahongkar, lov ityadi antorik abeggulike joy korechen ebong shei joyer maddhome pobitro ononto gyan (kebol gyan) lav korechen, takei ""Jin"" bola hoy. ""Jin""der acharito o procharito pother onugamider bole ""Jain"".[3][4][5]",Jain shobdoti kon shobdo theke esheche?,"Sanskrit ""jin""","Pali ""Jina"" shobdo theke.","**Analysis:**

The context discusses the origin of the term ""Jain"" and its relation to other terms like Sanskrit ""Jin"", Pali ""Jina"", and various emotions. It mentions that Jainism is associated with these terms but does not explicitly state which one it directly originated from.

1. **Claim:** The model answer states that ""Jain"" shobdoti (term) came from Pali ""Jina"".
2. **Verification:** The context mentions that Jainism is related to Pali ""Jina"", but it does not explicitly say that ""Jain"" directly comes from ""Jina"". It only implies this relation.

**Verdict:**
The model answer makes a claim based on the context, but it's not explicitly stated in the provided text. Therefore, it could be considered a hallucination in the sense that it goes beyond what is directly supported by the given context.

Final answer: **No**.",no
bengali-7187858815891071077-1::inference,bengali-7187858815891071077-1,inference,"Usmaniyo Samrajyo ([دَوْلَتِ عَلِيّهٔ عُثمَانِیّه, Devlet-i Aliyye-i Osmâniyye]error: {{lang-xx}}: text has italic markup (help), adhunik Turki: [Osmanli Imparatorlugu ba Osmanli Devleti]error: {{lang}}: text has italic markup (help)), oitihashikvabe Turki Samrajyo ba Turshko bole porichito, chilo ekta Islami samrajyo. 1299 sale Oghuz Turki bongshodbhut Prothom Usman uttarposhchim Anatoliar dayitto pan Seljuk Samrajyo kotrik. Prothom dike Seljuk Samrajyer proti onugoto thakleo Seljuk Samrajyer krantilogne shadhinota ghoshona koren. Ebong dhire dhire ekta",Prothom Usmaniyo sultaner nam ki?,Prothom Usman,Orhan Gazi chhilen prothom Usmaniyo sultan.,"**Analysis:**

The context provided discusses the Ottoman Empire (Usmaniyo Samrajyo) and its origins. It mentions that the first Ottoman sultan was born in 1299 and that he founded the empire after the fall of the Seljuk Empire.

The model answer claims:
- ""Orhan Gazi"" was the first Ottoman sultan.
- He was born as ""prothom Usmaniyo sultan"".

**Verdict:**
The context does not explicitly mention Orhan Gazi's name, but it does state that the first Ottoman sultan was born in 1299. Therefore, while the model answer might be factually correct (Orhan Gazi is indeed considered the first Ottoman sultan), it is not directly supported by the provided context.

**Final Verdict:** No",no
