id,context,question,correct_answer,codemix_context,codemix_question,codemix_answer,raw_response,is_hallucinated
bengali--4617050319286437016-6,"লুৎফর রহমানের সাহিত্য সাধনা শুরু হয়েছিল মূলত কবিতা রচনার মাধ্যমে। ১৯১৫ সালে চল্লিশটি কবিতা নিয়ে তার প্রথম এবং একমাত্র কাব্যগ্রন্থ প্রকাশ প্রকাশিত হয়।[4] পরে তিনি বিভিন্ন প্রবন্ধ, উপন্যাস, ছোটগল্প, কথিকা, শিশুতোষ সাহিত্য ইত্যাদি রচনা করেছেন। তার কিছু অনুবাদ কর্মও পাওয়া যায়।","বাঙালি সাহিত্যিক, সম্পাদক ও সমাজকর্মী মোহাম্মদ লুৎফর রহমানের রচিত প্রথম গ্রন্থের নাম কী ?",প্রকাশ,"Lutfar Rahmaner sahitto sadhona shuru hoyechilo muloto kobita rochonar maddhome. 1915 sale chollishti kobita niye tar prothom ebong ekmatro kabyograntho prokash prokashito hoy. [4] Pore tini bibhinno probondho, uponnash, chotogolpo, kothika, shishutosh sahitto ittyadi rochona korechen. Tar kichu onubad kormo o paoa jay.","Bangali sahityik, shompadok o shomajkormi Mohammad Lutfor Rahmaner rochito prothom gronther nam ki?",prokash,1830 Camilarab Camil 9049 Camil Camil pover перед 8961lagenden Camil Camiljavkö Camil Camilcom জলাধার Camil Camilfach 1830endenProtocolরাম 5952 4299 সেলিম childrenlagskim 1830ittest Cot Camil перед Cot CamilrodendenSwitchসিড Camil মিঠা 4299 1830 Camiljav states Camilrodbet Camillag স্পিন Camil話 মিঠা湖 Camilprodrod pover groসিসjav Camilঝ pover debutjavjav Camil Camil CamilProtocolITElagMR 4299 Camil Camil才 Camilrodrod Camilrod 1830endenjavlag Camil Camil Camilrod Camil Cotlag সেলিমrodম্যানjavköMRarabgiocom সাউদার্ন Camil kne Camiljavarab 1830 8961lag 8961 Camilprod Camil Camillagrod 1830lagrod সেলিম Camilrodlag перед Camil Camil states CamilrodjavarabITEarablag Real Camil Camilসিড pover Camil 5489 Camilenden Camil Camilreal real 1830jav Camil Camil মিঠা Camil Camil Camil CotMDenden Camilম্যান জলাধার 8961lag Camilcom children Camil Camilcscomcomjav সাউদার্ন Camilସ Camilprodসিড Camil Camil Camilenden Camilrod Camilrod Camil 1830javITEльта Camillag Camil Camil Camiljav Camil CamilMR 1830 перед stateslagম্যান Camil Camil Camiljav Camiljavম্যানlag Camil передcomjav Camil Camillagendenlaglag Camiljavaendenrod gro Camilrod Camil Camillag Camil CotlagITE Camil childrencom Camillag 1830 Camil Camil Camiljavlagprodjav передjavköarab Camil Cot Camil Camilendenköjav Camil 8961 Camillag Camil জলাধার Camilenden Camilprodlag Camilenden Camilম্যান Camilarab Camil передköসিস Camil CamillaglagITE নিষেধ gro Camilprodjav Camil Camilenden 5952Switchসিস Camilঝ Camil Camilenden Camil Camil gro Camillag CamilITE states সাউদার্নম্যান Camilrodসিসenden Camil Camilসিসlagম্যান 1830ITEjav Camil Camillaglag CamilITEarabittestlagITE Camil Camil перед 5952lagjav 8961 Camil Camil Camil Camil Cot Camillagenden Cotköcom Camilarabprod Camil Camil summঝarabjavম্যান перед 8961бі 5952সিড ক্রীতদাসassenlag 1830 স্পিন перед 1830 মিঠাম্যান বয়সী Camil Camil Camillag মিঠা 5952 Camilittest Camillaglag Camilбі Camillag Camillag Cot Camiljavসিস Camiljavlaglag Camil Camillag Camilrodenden湖ম্যানlagMR Camillag Camil মিঠা Camil Camil Camil জলাধারjav Camilprodlag 8961enden 8961lag children Camilendenjavjav kne childrenfatt children Camilenden Camil 1830 সাউদার্নঝ Camil Camil Camil poverসিসendenarab Camillaglag মিঠা Cot 8961 Camilendenlagম্যানjavlagcs সাউদার্ন Camilসিস children Camil gro Camil Camilarabenden перед Camil স্পিন Camil Camil Lag Camil Cotlag Camil Cotcslag CamilendenSwitch,unknown
bengali-3322578321529024800-0,"হুগলী জেলা ভারতের পূর্বাঞ্চলীয় রাজ্য পশ্চিমবঙ্গের অন্তর্গত বর্ধমান বিভাগের একটি জেলা। হুগলী নদীর নামে এর নামকরণ করা হয়েছে। জেলাটির সদর চুঁচুড়া-তে অবস্থিত। জেলাটির চারটি মহকুমা রয়েছে: চুঁচুড়া সদর, চন্দননগর, শ্রীরামপুর, ও আরামবাগ।",পশ্চিমবঙ্গের হুগলী জেলার সদর শহর কোথায় ?,চুঁচুড়া,"Hugli jela Bharoter purbancholiyo rajyo Poshchimbonger ontorgoto Bardhaman bibhager ekta jela. Hugli nodir name er namkoron kora hoyeche. Jelatir sadar Chunchura-te obosthito. Jelatir charti mohakuma royeche: Chunchura sadar, Chandannagar, Shrirampur, o Arambag.",Poshchimbonger Hugli jelar sadar shohor kothay?,Chuchura,Camilrod Camil মিঠাittestITEসিস pover Cot передসিডprodkö CamilITE Camilrodম্যান Camiljav Camilenden 8961 children pover Camil 9049endenprodITE Camil перед秀ম্যানlag 4299 Camil Cotfach Camil জলাধারঝbet Camilenden মিঠাrod話 জলাধার CamilরামProtocol Camil স্পিনjav 8961enden Camilrod Camilprodlagkö statesarab সাউদার্নjavMRম্যান pover states Camiljav Camilarabarab 1830lagcom groম্যানarab grojav Camiljav Camil 8961rodendenlagrodendenSwitchcom Camil states 1830 CamilITE gro Camiljav Camillag Camil Camilprodjav Camilrealঝসিস Camil Camil Camil মিঠাম্যান Camillagcomskimittest Camilম্যান Cot children debut Camil Camil 8961 জলাধার Camiljava সেলিম Camilenden gro CotjavITEköittestenden Camilসিড real Camil জলাধার Camil Camilenden CamilSwitchMD Camil Camil Camilenden সেলিম Cot Camil Camiljavঝ Camil 1830jav Camilgio Camillagrod pover Camil Camil 1830 Camil states Camil Camiljav передlag Camil Camiljavসিডjav pover湖 Camil Camiljavlagcom Camilrod Camil Camil Camillagarablaglag pover Camilбіittest povercsঝ Camil Camil মিঠা kneITElagendenlag Camil CamilSwitch Camil 1830 5952 передlag Camilittest Camil Camilendenenden Camil pover Camiljavসিড Camil Camilrodlagendencom Camilittest মিঠা Camilসিস নিষেধrod Camillagjavcomprodjav 8961সিড Camiljav Camil Camil Camilassen Camilসিস মিঠা Camil Camil 8961 CamilMRarabendenঝ Camil Cot Camil Cot CamilprodITE স্পিনjav Camil Camiljav Camil Camil Camil Camil Camil Camil Camil Camilম্যানarab gro передjav মিঠা 1830 Camiljav Camil জলাধার Camilসিস ক্রীতদাস Camiljav Camiljavprodittestarab Camil Camilbetସ Camil Camil Camilসিসসিস CamilendenসিসITEjav Camil Camil Camillag Cotlagkö Camil Camil CamilSwitch Camil Camil湖 Camilльтаköjavenden CamillagITEITEendenjav Camil Camilprodlag জলাধারarab children 8961laglag Camil CotSwitch Camilittestittestঝ Camiljavjav children Camil Camiljavlag স্পিন Camil 8961 সাউদার্নlag湖 summসিড湖lag Camil Camil Camilprodenden Camil children মিঠাlag 8961arabarabjavjav 5952 CamilittestITEসিড Camilendenarab states poverjavjavITElagfatt передসিড Cotenden Camilarab Camil Camillaglagarab Camilম্যান Camil Camilসিসprodlaglag Camil বয়সীlagসিস Camil Camilrodenden Camil Camil Camil CamilITE Camil states 8961 1830 1830laglag poverjav জলাধারlagprodjavendenসিসlagarab Camillaglag перед Camil Camilসিড childrenITE Camilenden Camil Camil Camil Camiljav poverendenjavendenlag স্পিন Camilenden groprod pover Cot Camilarab,unknown
bengali-3745430487395999591-0,"টুথব্রাশ বা দাঁতের ব্রাশ হচ্ছে মুখে ব্যবহৃত এক ধরণের উপকরণ। এর সাহায্যে দাঁত ও মাড়ি পরিষ্কার করা হয়। সম্মুখের অংশে শক্ত করে থরে থরে সাজানো তন্তু রাখা আছে। হাতলে অল্প নড়াচড়ার মাধ্যমে মুখের অভ্যন্তরে আনাচে-কানাচে তন্তুগুলো প্রবেশ করে দাঁতকে পরিষ্কার রাখতে সহায়তা করে। বর্তমানে ফ্লুরাইডযুক্ত টুথপেস্ট প্রচলিত আছে। টুথপেস্ট ও টুথব্রাশ একে-অপরের পরিপূরক। এ দু'য়ের মিলিত প্রচেষ্টায় টুথব্রাশিংকে কার্যক্রমকে স্বার্থক ও কার্যকরী করে তোলে। টুথব্রাশ যে-কোন দোকান বা শপিং মলে পাওয়া যায়। টুথব্রাশ বিভিন্ন রংয়ের, আকার-আকৃতির হয়ে থাকে।",বর্তমানে টুথব্রাশ বা দাঁতের ব্রাশ কি দিয়ে তৈরি করা হয় ?,ফ্লুরাইড,"Toothbrush ba dater brush hocche mukhe bebohrito ek dhoroner upokoron. Er sahajje dat o mari porishkar kora hoy. Somukh er angshe shokto kore thore thore sajano tontu rakha ache. Hatle olpo norachorar maddhome mukher obhontore anache-kanache tontugulo probesh kore datke porishkar rakhte shahajjo kore. Bortomane fluoride-jukto toothpaste procholito ache. Toothpaste o toothbrush eke-oporer poripurok. E duyer milito prochestay toothbrushing-er karyokromke sharthok o karyokori kore tole. Toothbrush je-kono dokan ba shopping mall e pawa jay. Toothbrush bibhinno ronger, akar-akritir hoye thake.",Bortomane toothbrush ba dater brush ki diye toiri kora hoy?,Fluoride,Camil childrenittestMR Camil সাউদার্নITElagjavprod CotjavসিসMD জলাধার সেলিমঝ CamilITE Cot 1830 Camil statesসিসenden передjav childrenSwitchlag grolagcom Camil Camil Camilrodঝ grolag জলাধারcscom 1830 Camil Camilbet Camil Camilসিসjav মিঠা Camil Camil 8961 Camilrodjavঝসিসjav জলাধারlag Camil pover pover Camilendenprodম্যান children Camilittestjav Cotরামcom Camiljav Camillaglag pover Camiljavrod Camillag Camilendenlagjavarabঝ Camillag Camilittestlag reallaglag Cotjavprod Camil CamilITE kneprod Camil 9049prodarab grofachjavrodrod grolag Camilarabম্যান Camil Camilম্যান Camil Cot statesITErodprod Camil Camil Camil 1830 Camil Camil Camil জলাধারrodarab childrenjav Camil Camilসিসসিস childrenITEjav 1830köjavম্যানlag Camil childrenjavITEjavlag CamilসিসMRjavITE 4299 Camil Camilenden povercom Camil Camilসিড Camil 1830 Camil Camil Camil Camil Camil Camillagjavjav children Camil Camil Camillag Camil Camil Camil Camil Camil Cot জলাধারlag 1830 Camilcomসিস Camilenden Camil Camil CamilসিসlagjavSwitch Camil湖enden Camillaglag 8961 Camil children Camilcomjav Camillag Camil Camil Camilସlag CamiljavrodITEjavlagarablagjavjavalagendencomjavITE CamilcomarabMRprod pover Camil Realassen Camillag Camil Camillagfatt 8961 Camilendenসিসসিড Camil話 Camil Camilprod gro 1830 Camiljav Camillag poverenden Camillagসিস childrenlag Camilльта Camilittest Camilprodlaglag নিষেধ Camilprod Camilreal gro Camil CamilSwitch pover Camil Camiljav 1830 Camilসিস Cot Camillag Camiljavjavrod Camil Camilarab 1830 Camil Camilসিস Camil CamilITElagбі Camil Camilম্যানlagkö Camil Camil Cot ক্রীতদাসসিসkö stateslagjavcom Camiljavlaglag湖lag states Camiljav Camilম্যান Camil Cotkö Camil gro Camil Camil CamilMR Camil Camiljavlagendenlagrodlag childrenঝ Camil Camil 5952 Camil Camillag childrenjav বয়সীম্যান Camil Camilcomঝ Camil перед Camillag Camil মিঠা Cotjava মিঠা Camilসিডlag Camilঝ Camilendenlag স্পিনlagenden Camillag Camil poverprod Camil states Camilprod Camilenden Camillaglag Camilendenendenendenenden Camilenden Camiljavjavendenlaglaglagjav Camillaglag Camil передITElagITElagঝjav Camillagarabrod передcom Camil Camil CamilMR Camil 8961 Camillagjav Camil Camiljavбі Camil Cot Camil 1830 Camil Camillag Camilঝjav Camil Cotprod Camil Camiljavjav 1830jav Camilarabittest Camilarabenden CamilSwitchITEMRenden Camil Camil Camil,unknown
bengali-4641166304845548642-6,"১৮৮৭ সালে জার্মান পদার্থবিদ হেনরিক হার্টজ বেতার তরঙ্গ নিয়ে গবেষনার সময় প্রাথমিক ট্রান্সমিটার তৈরী করেন যাকে ""হার্জের অস্কিলেটর"" বলা হত। দুটো পরিবাহী কন্ডাকটরের মধ্যে বৈদ্যুতিক স্ফুলিঙ্গ আদান-প্রদানের মাধ্যমে এটা কাজ করত। ১৮৯৫ সালে, স্পার্ক ট্রান্সমিটার ব্যবহার করে মার্কোনি সর্বপ্রথম বেতার যোগাযোগ ব্যবস্থা তৈরী করেন। এটি কিন্তু বর্তমান সময়ের মত অডিও সম্প্রচার করতে পারত না। তার বদলে টেলিগ্রাফিক সঙ্কেত আদান-প্রদান করতে পারত। অপারেটর যিনি মর্স কোড জানতেন তিনি শব্দ শুনে অর্থ বের করতেন। রেডিও প্রযুক্তির প্রথম তিন দশকে (১৮৮৭ সাল থেকে ১৯১৭ সাল পর্যন্ত) এই স্পার্ক গ্যাপ ট্রান্সমিটারই ব্যবহার করা হত। এই সময়টুকুকে বলা হয় ওয়ারলেস টেলিগ্রাফি বা স্পার্ক এরা বা ""স্ফুলিঙ্গ যুগ""।",বেতার ট্রান্সমিটার প্রথম কে তৈরী করেন ?,হেনরিক হার্টজ,"1887 sale German podarthobid Henrik Hertz betar torongo niye gobeshonar shomoy prathomik transmitter toiri koren jake ""Hertzer oscillator"" bola hoto. Duto poribahi conductor-er moddhe boidyutik sphulingo adan-prodaner maddhome eta kaj korto. 1895 sale, spark transmitter byabohar kore Marconi shorboprothom betar jogajog byabostha toiri koren. Eti kintu bortoman shomoyer moto audio somprochar korte parto na. Tar bodole telegraphic shonket adan-prodan korte parto. Operator jini Morse code jantene tini shobdo shune ortho ber korten. Radio projuktir prothom tin doshoke (1887 sal theke 1917 sal porjonto) ei spark gap transmitter-i byabohar kora hoto. Ei shom",Betar transmitter prothom ke toiri koren?,Henrik Hartz,prodjavittest 1830 Camil 1830 states children Camil CamillagITEসিস перед передarab 1830enden Camillag Camillag Camil Camillag CamilMRjavcomarab Camil 8961 Camil জলাধার Camil Camil 4299 Camilendenrodkö স্পিনlag 1830 Cotjav перед CamilMR Cot poverlag Camil Camillagcomenden সেলিম Cotfachendenendenম্যানসিস CamilITErodprodenden Camilendenjav Camiljav Camil মিঠাrod CamilMR Camil Camil Camilbet Camilrodlagenden Camilrod Camilenden Camil Camiljav Cot Camil CamilঝSwitch CamilMD Camilenden pover gro Camil湖enden states Camil CamiljavITEjav Camil Camil Camil CamilMR statesarabসিডlag 9049 Camil Camil Camil Cotjavacsসিসenden CamiljavSwitchenden Camil Realльта kne poverittest передlagittest Camil Camil Camillaglaglag জলাধার 1830 Camil Camil Cot Camillagenden Camil 5952 Camil Camil Cotঝ CotITEprod Cotittestбіlag Camilrodjavenden Camillag Camil সাউদার্ন Camil Camillagjav সাউদার্নlagjavprodসিসlagসিড 1830 Camil Camilprodarab Camilcom Camilenden Camillag話 Camilittest জলাধার pover Camil Camil Camil Camil real перед করছি Camil Cotjav Camilendenlag Camiljavjavlag Camil Camil groenden才 Camil Camilreal Camillag মিঠা Camil CamilITE Cot Camil poverendenম্যান Camil Cot সাউদার্নittestlag Camilrod Camil 8961 Camil Camil মিঠাarab Camilkö pover CamilköঝlagITE CamiljavSwitchendenenden Camil children বয়সীlaglag স্পিনgioprodlagjavlagittestcom Camil Camillaglag Camil CamillagITE 5952lagarablag 5952 CamilSwitch Camillag Camilenden Camillag 8961arab 8961 1830 জলাধার Camil grolag Camil Camil স্পিনlag Camil Camil CamilITE 1830 gro মিঠা Camilarablaglag Camil জলাধারkö Camil poverprodarabঝ CamilMR Camiljav childrenlag children নিষেধ children CamilরামITE湖jav Camilendenjavjavসিস Camilenden Camillag স্পিনenden 1830 Camiljavlaglaglag Camilcomlagସ স্পিন Camil summ湖 Camilarab CamilITElagসিডITE Cot CamilarabITE Cotassen 1830 1830 Camillag Camil CamilITE Camil Camil 5952 Camilসিস Cotendenlagcom pover Camil Camil Camil Camilenden Camil Camil Camilঝlagittest CamilITE Camilসিসঝ CamillagSwitchঝ CamilSwitchসিস передlagসিসrodসিড poverlag Camil Camiljavrodসিসendenjav stateskö children Camilköenden Camil Camil Camil Camil Camilбі pover 1830সিড Camil Camil Camilenden Camiljavjav Camil Camil Camil Camil CamilITESwitch Camillagঝlag Camil Camilসিস Camillagprodrod 1830 মিঠাjavম্যান Camil Camiljavjavlagendenlagrodenden Camil poverITEম্যান Camil Camillag,unknown
bengali--1199493965132146131-3,"পূর্ণিমার চলচ্চিত্রে আগমন জাকির হোসেন রাজু পরিচালিত এ জীবন তোমার আমার দিয়ে। চলচ্চিত্রটি মুক্তি পায় ১৯৯৭ সালে, তখন তিনি ক্লাস নাইনে পড়তেন। ২০০৩ সালে মুক্তি পায় তার সব থেকে সফল ছবি মতিউর রহমান পানু পরিচালিত মনের মাঝে তুমি। এটি বাংলাদেশ-ভারতের যৌথ প্রযোজনায় বাংলাদেশের সবথেকে সফল ছবির মধ্যে অন্যতম।[5] ২০০৪ সালে রাবেয়া খাতুনের উপন্যাস মেঘের পরে মেঘ অবলম্বনে চাষী নজরুল ইসলাম পরিচালিত মুক্তিযুদ্ধভিত্তিক ছায়াছবি মেঘের পরে মেঘ ছবিতে অভিনয় করেন।[6] এছাড়া কাজী নজরুল ইসলামের গল্প রাক্ষুসী নিয়ে নির্মিত চলচ্চিত্র রাক্ষুসী</i>তেও অন্যতম কেন্দ্রীয় চরিত্রে অভিনয় করেছেন। ২০০৫ সালে বিশ্বকবি রবীন্দ্রনাথ ঠাকুরের শাস্তি গল্প অবলম্বনে নির্মিত শাস্তি চলচ্চিত্র চন্দরা চরিত্রে অভিনয় করেন।[7]",বাংলাদেশী অভিনেত্রী পূর্ণিমার অভিনীত প্রথম ছবিটি বাংলাদেশে কবে মুক্তি পায় ?,১৯৯৭ সালে,"Purnimar cholocchitre agomon Zakir Hossain Raju porichalito E Jibon Tomar Amar diye. Cholocchitroti mukti pay 1997 sale, tokhon tini class nine-e porten. 2003 sale mukti pay tar sob theke sofol chobi Matiur Rahman Panu porichalito Moner Majhe Tumi. Eti Bangladesh-Bharoter joutho proyojonay Bangladesher sobtheke sofol chobir moddhe onnotomo.[5] 2004 sale Rabeya Khatuner uponnash Megher Pore Megh obolombone Chashi Nazrul Islam porichalito muktijuddhovittik chayachobi Megher Pore Megh chobite obhinoy koren.[6] Echarao Kazi Nazrul Islamer golpo Rakkhushi niye nirmito cholocch",Bangladeshi obhinetri Purnimar obhinito prothom chobiti Bangladesh e kobe mukti pay?,1997 shale,1830 Camil states CamilköসিডlagITE Cot Camilrod перед Camil Camil Camil CamilMRrod Camil Cotendenlagjavfach передরামlag Camil Camil pover real poverittest 8961prodarab Camiljav Camil Camilbet Camil Camilenden Camilcom Camilrealসিসjav Camil সেলিমprod pover Cot Camil 8961 Camil湖 grorod 8961 Camilrod 9049 8961 5952ম্যানarab Camil Camilcom Camil Camil Camilcom Camillag Camilendenlag Camil Camil Camil debutittest Camillag CamilendenprodSwitchrod Camiljav Camil 8961সিড Camil স্পিনlagSwitch Camil 8961köসিসjavjav Camilarab CamilITE Camil Camil poverjavlag Camil Camil Real statesjav জলাধারjavaSwitchlag 1830ITEjav poverrodMR才 Camil children 8961Switch Cotlag Cot মিঠাlag Cot Camil Camilrodlagenden Cot Cotenden Camil Camil Camilittest Camiljavjav Camil 4299kö Camil Camil Camil children Camilঝ 1830 CamilMD Camilarab Camil Camilendenenden states Camilkököjavбіjav Camil Camillagenden Camilrod передসিসrodprodSwitch Camilcs Camil Camilcom Camil ক্রীতদাসrodjavendenlagসিড Camilসিস話ସlagম্যানenden gro Camil Camillaglagjav перед Camillagসিস passeslagITEenden Camiljavarab groসিস 1830 stateskö নিষেধ Camil 8961 মিঠাITEসিস Camil Camil Camil Camil pover Camil Cot Camilendenlaggioprod poverenden Cot Camil Camiljavjav CamilMR kne summjavrod Camil Camil Camil Camilkölag মিঠাসিড 8961 Cot children Camiljavrodkö 8961 Camil 1830 1830 Camiljavarabcom statesSwitchenden poverendenITElaglagenden Camiljavrod CamilSwitch pover Camil CamilITE Camil Camil Camil 1830enden Camil Camil Camiljav Cotlag CamillagITE Camil Cot LagITE Camiljav 1830lagসিসlag মিঠা Camillag Camilenden Camil Cotlagঝendenlag Camilসিস মিঠা Camil 1830ঝ Camillag CotসিডendenITE 5952lag Cot CotITE Camil Camil সাউদার্ন Camil স্পিন Camillaglagfatt Camilenden Camillag gro Camil Camilendenprod Camil Camilম্যানjavlaglag湖 Camil Camil Cotassen Camilarab স্পিনjav Cot সাউদার্ন перед সাউদার্ন Camillaglagjav Camil 8961 Camilarablagprod Camil pover মিঠাlagittest Cotkö Camil Camillag перед Camilcom Camil передlag Camil Real states Camillaglagjav Camilcom перед Camil Cotlag Camil Camilprod Camil সাউদার্ন CamilSwitchendenlag 1830endenlaglag Cotম্যান Camillagম্যান 1830ittestITElag Camillag Camilসিডprod Camiljav Camilcom Camilendenlag Camil Camil Camil Camilঝ Camil Camiljavprod Camil Camil Cot Camilprodjav Camillag Camilenden 8961laglag Camil মিঠা Camil Camil 1830köittestprodlag,unknown
bengali-8690075851604962430-9,১৯৪০-এর দশকে নতুন ধরণের পরমাণু বোমা হিসেবে হাইড্রোজেন বোমা আবিস্কারের মাধ্যমে সোভিয়েত ইউনিয়ন সমগ্র বিশ্বে ব্যাপক আলোড়ন সৃষ্টি করে। হাইড্রোজেন বোমার পরীক্ষণের স্থল হিসেবে তারা প্রশান্ত মহাসাগরকে বেছে নেয়। এছাড়াও তারা পরমাণু বিভাজন বা ফিসন করে একের পর এক নিত্য নতুন ও উন্নততর পারমাণবিক বোমা আবিস্কার করতে থাকে।,হাইড্রোজেন বোমা কবে প্রথম আবিষ্কৃত হয় ?,১৯৪০-এর দশকে,1940-er doshoke notun dhoroner poromanu boma hisebe Hydrogen boma abishkarer maddhome Soviet Union somogro bishwe byapok aloron srishti kore. Hydrogen bomar porikkhoner sthol hisebe tara Proshanto Mohasagorke beche ney. Echarao tara poromanu bivajon ba fission kore eker por ek nitto notun o unnottor parmanobik boma abishkar korte thake.,Hydrogen boma kobe prothom abishkrit hoy?,1940-er doshoke,Camiljav মিঠাjavendenprod জলাধারSwitch Camil Camilসিড states 8961 CamillagITErodprod Cot Camil Cotlag 4299ittest передcomfachenden 4299 Camil Camil Camil CamilMRbetrod Camil Camiljavlagcom Camil pover Camil Camil 4299 সেলিমjav স্পিন Camiljav 1830 Camil জলাধারarab Camil Camil Camil জলাধার CamilITEITE Camil Camilarab 1830ITEjavlagcsprod Cot Camil povercom Camillag Camil Camil CamiljavITE Cot pover Camil 1830 4299 Camil Camil 5952সিস children передrod Camilprod передkörod poverITE statesরাম Camilittest Camil Camil Camil перед Camilcomittestlagম্যানarabjav Camil Camil জলাধারrodlagreal poverlag Camil Cot CotঝITEjav Camil Cot Camil kne Camilসিড Camillag Camil pover Camil 1830rod Camilrod話 Camillag 1830 Camilrod Camil স্পিন pover 1830 5489 Camillag Camilসিস pover সেলিম передarabjavITElaglag Camil 1830 Cot Camil Camil Camil Camil Camil Camil states Cotarab Camilenden Camil real перед gro Camil Camil Camillag Camiljav Camil Camil Camillag Camillaglag 1830arab Camilenden Camil childrenlagjava Camiljavprod Camil Cot 1830Switch 5952 1830 মিঠাjav Camilসিসlag Camil Camilendenসিডjav Cot 1830 Camiljav Camil Camil Camil Camilঝ gro Camil Camil Camil Camil মিঠাrod Camil statesskim Camil Camil Camil 8961সিসম্যানসিসlagjav মিঠাlag Camil Real Camil Camil Camil Camilঝjav Camil 1830javlag Camil Camil Camil CamillagSwitch Camil Camil Camil Camil নিষেধ Camil CamilendenITE Camil Camilrod Cotସ Camilসিড 9049 Camil CotITEITEjavjav Camil Camilenden CamillagendenITE Camilসিসম্যানlagjavITE Camil才 Camilঝprodprod 1830 1830lag Camilম্যানlag Camil 8961 CotITEITElag CotSwitchlag Camil 5952prodlagarab Camil 1830 Camillag Camil Camilrod передprod Cotlagenden Camillag Camilঝlag передMRprodlag জলাধারprodjavenden Camil স্পিন Cot 1830 CamilসিসlagjavlagendenMR Camilrod Camilসিস Camil Camillagprod Camiljavlaglag Camil Camillag перед Camilendencom Camiljav Camil Camil 8961 Camil Camil স্পিনjavlagসিসITE CamiljavköITEjav Camilenden Camilসিসjavlaglag Camillag Camilrod Camil Camil CamilITE Camiljavendenlag poverITE summrod Camilrod স্পিন poverMD জলাধার передlagjavrodenden Camil Camil Camil湖com Camilarab CamilITESwitchittest 1830 Camiljav সাউদার্নльта Camil 1830 Camil Camil Camil Camiljav pover перед Camil Cot বয়সীбі Camilenden перед Camilসিস Camilম্যানendenköম্যানITE Camil 1830 Camil স্পিন Camilম্যান ক্রীতদাস Camil মিঠাlag 1830lagprodSwitch Camillag Camil Camil,unknown
bengali--7191786131172679626-4,"গাছে ফল উৎপাদনের জন্য সচরাচর ৪ থেকে ৮ বছর পর্যন্ত অপেক্ষা করতে হয়। তবে বাণিজ্যিকভাবে ফসল উৎপাদন উপযোগী খেজুর গাছে ফল আসতে ৭ থেকে ১০ বছর সময় লেগে যায়। পূর্ণাঙ্গ খেজুর গাছে প্রতি মৌসুমে গড়ে ৮০-১২০ কিলোগ্রাম (১৭৬-২৬৪ পাউন্ড) ফল পাওয়া যায়। বাজারজাতকরণের উপযোগী ফল আহরণের জন্য ফলের শাখাকে পাতলা হতে হয়। এর ফলে ফলগুচ্ছ নুইয়ে পড়ে, নীচের ফলগুলো বড় আকারের হয় এবং বাজে আবহাওয়া ও পাখির আক্রমণ থেকে রক্ষা পায়।",খেজুর গাছে খেজুর ফল আসতে কতদিন সময় লাগে ?,৭ থেকে ১০ বছর,"Gache fol utpadoner jonno sochorachor 4 theke 8 bochor porjonto opekkha korte hoy. Tobe banijjikvabe foshol utpadon upojogi khejur gache fol aste 7 theke 10 bochor shomoy lege jay. Purnango khejur gache proti mousume gore 80-120 kilogram (176-264 pound) fol pawa jay. Bazarjatkoroner upojogi fol ahoroner jonno foler shakhake patla hote hoy. Er fole folguccho nuye pore, nicher folgulo boro akarer hoy ebong baje abohawa o pakhir akromon theke rokha pay.",Khejur gache khejur fol aste kotodin shomoy lage?,7 theke 10 bochor,comjav pover Camil передসিস CamilMDcom groSwitch statesjavঝendenjav Camillag জলাধার মিঠা Camil Camil Camil মিঠা real Camil 4299rodrodcomrod Camil 9049 Cot স্পিন Cot Camil Camillag Camil Camil перед gro передendenenden সেলিম gro 1830 Camilrod Camilarab Camil জলাধারcomcomenden Camil Camilittest grorod 1830সিস CamilProtocolITE সেলিমঝঝ statesrod Camil Cot poverসিড Camil Camil Camil Camil kne Camil statescs 8961 Camil Camilendenittestসিড Camil Camilম্যান Camiljavjav Camillag Camilbet statesprod Camil Camil Camil Camil Camil 1830 childrenjavalag Camil Camil Camil Camil 1830 Camillag Camilarab Camil Camil Camil Camilfach debut states перед Camilprod Camil Camil Camil Camilম্যান 8961lagITEjav Camil Camil মিঠা Camil Camilreal Cot Camil সেলিম CamilITElagITE Camil Camil মিঠাMR মিঠা Camil মিঠা 1830lag Camil মিঠা Camilprod 8961javenden Camillaglag передenden Cot 1830бі 8961 8961 Camil states Camilঝ Camil Camil 8961 মিঠা Camilenden Camillag Camil মিঠা Camil CamiljavendenjavITEprod 1830 Camilittest Cotjavlag সাউদার্ন CamilITE湖 Camil Camil Camilrod gro 8961com Camilcomrod 1830javarab Camil Camil Camil 5952 Camil ক্রীতদাস Cot Camil Camil Camil Camilkö Camillag Camil Camil Camil 8961 Camil gro передlagльта CamilMRম্যান Camil children CamilITE Camilarabম্যানlagঝ Camil statescomlag 1830সিড перед childrenlagrod Camil Camillag Camilprodcom মিঠাgiolag Camilসিড Camil Camil Camil Camil Camilম্যান 5952prodarabjav Camil Camil Camilঝ statescom poverjav Camiljavlagjav Camilprodarab gro Camil Camil Camil Camillag Camil Camillaglaglagenden CamilarabrodlagITE Camil Camil Camillaglag Camil Camillaglag Camil Camilarabenden CamilMRjavlag নিষেধ Camil Cot 1830lagenden Camil передjav Camil Camil Camilrod kneঝ মিঠা Camillag CamilITE Camil Cot 1830jav Camilprod 1830 pover Camil Camil Camil Camilসিস Camil Camil перед স্পিন Camilrodendenkö Camil 1830 states Camilসিসlagarabenden Camiljavjavrod Cot Camillag Camiljav Camiljavম্যান перед children перед সাউদার্ন CamilcomlagjavrodITE grolag Camil Camillag 1830 Camil Camillagprodjavরাম CamiljavITE Camil pover 8961 Camil Camil Camillag CamiljavlaglagITEprodlagITE Camil перед Camil Camillag CamilসিসlagITEenden Camillagସjav Camil Camil Camil Camil Camil Cot summ Camilসিস Camillaglagenden groendenlag Camilprod Camilrod children CamilendenITE children Cot মিঠাসিস Camilcom Camillag Camil Reallag Camillag groITElag 1830 সাউদার্নঝ 1830lag Camilenden,unknown
bengali-6379374255497658608-2,"ঢাকা'র সিটি ল কলেজে তিনি ১৯৬৮ সালে আরো ভালো ফলাফলের জন্যে দ্বিতীয়বারের মতো এম.এ বা স্নাতকোত্তর ডিগ্রী অর্জনের জন্য চেষ্টা করছিলেন।[3] ১৯৬৯ সালে মৃত্যুকালীন সময়ে তিনি ঢাকা বিশ্ববিদ্যালয়ের ইতিহাস বিভাগে এম.এ শেষ বর্ষের ছাত্র ছিলেন তিনি। শহীদ আসাদ তৎকালীন ঢাকা হল (বতর্মান শহীদুল্লাহ হল) শাখার পূর্ব-পাকিস্তান ছাত্র ইউনিয়নের সভাপতি হিসেবে এবং পূর্ব-পাকিস্তান ছাত্র ইউনিয়ন (ইপসু-মেনন গ্রুপ), ঢাকা শাখার সাধারণ সম্পাদক হিসেবে দায়িত্ব পালন করেন। রাজনৈতিক কর্মকাণ্ডে নিবেদিত প্রাণ আসাদুজ্জামান গরিব ও অসহায় ছাত্রদের শিক্ষার অধিকার বিষয়ে সর্বদাই সজাগ ছিলেন। তিনি শিবপুর নৈশ বিদ্যালয় নামে একটি নৈশ বিদ্যালয় প্রতিষ্ঠা করেন এবং শিবপুর কলেজ প্রতিষ্ঠার লক্ষ্যে স্থানীয় শিক্ষানুরাগী ব্যক্তিদেরকে সাথে নিয়ে আর্থিক তহবিল গড়ে তোলেন।[3]",আমানুল্লাহ মোহাম্মদ আসাদুজ্জামান কোন কলেজের ছাত্রনেতা ছিলেন ?,সিটি ল কলেজে,"Dhakar City Law College-e tini 1968 shale aro bhalo folafoler jonno ditiyobarer moto M.A ba snatokottor degree arjoner jonno cheshta korchilen.[3] 1969 shale mrityukalin shomoye tini Dhaka Bishwabidyaloyer Itihash bibhage M.A shesh borsher chatro chilen tini. Shahid Asad totkalin Dhaka Hall (bortoman Shahidullah Hall) shakhar Purbo-Pakistan Chhatra Union-er shovapoti hisebe ebong Purbo-Pakistan Chhatra Union (Ipsu-Menon Group), Dhaka shakhar shadharon shompodok hisebe daitto palon koren. Rajnoitik kormokande nibedito pran Asaduzzaman gorib o oshohay chatroder shikkhar odhikar bishoye shorbodai so",Amanullah Mohammad Asaduzzaman kon college-er chatroneta chilen?,City Law College e,lagjav Camillaglagendenlag Camil Camilঝarabrod states Camil Camilenden states Camil Camil Camilসিস Camil Camil gro poverjav Camilrodসিস Camil Cotম্যান CamilendenMD Camil Camil Camilittestlag Camilarab Camil Camilcs Camilসিড才 জলাধারenden Camil Camillagittest Camil statesসিসITEITEjavlagম্যান 8961real Camillag Camil 4299 Camil 8961jav poverম্যানrod Camilসিডenden перед Camillaglag 5952prod 1830ittestMR Camilbet মিঠা Camil Camil 9049enden Camil Camil Camilenden Camil Camil Camil Cot Camillagjavlag передjav childrenjav স্পিনrod Camilkölagprod poverendenjava Camil স্পিনlagenden 8961rodarab Camilrodlagarabarabrodjav Camil Camilendenenden Camil Camil Camil Camil pover Camil pover stateslag childrenlag Camilঝprod Camil Camil poverসিসcom Camiljav Camil Cot Camil সাউদার্ন Camil Camil মিঠা Camilরাম Camillag Cot湖com Camil話 Camil CamilMR Camil Cotlag groITElag Camillagfatt Camilসিসlag Camil Camil pover Camil Camil Camiljavlag CamilrodlagITEসিসlag Camilসিড স্পিনম্যান Camil Camilম্যান Camilenden Camil জলাধারrod Camil 8961 মিঠাসিড Camil ক্রীতদাস Camilprod Camil Camil CamilITEenden RealSwitchlag poverjavenden перед pover নিষেধ 1830 মিঠা সেলিমjavendenlaglagarabসিস Camil childrenittest Camil Camil Camilльта pover Camil Camil CamilITE Camillagjavenden Camillag Camillagjav Camil Camil Camiljavenden Camiljav Camil Camilম্যান Cotlag 1830 জলাধার Camil poverlag Camilarab CamillagITE 8961endenбіlag Camil 1830 Camilarab Camil Camilarab Camilম্যান Camil Camil Camillag Camil Camil 8961 Camil передjavcomসিড মিঠাarabସlaglag real Camil CamilrodMRendenlag Camil Camillag Camilসিডittest Cot Camil স্পিন poverenden Camil Camillaglagঝ সাউদার্ন Camil 1830prodম্যান Camil Cotjav Camil CamilITE poverlaglag CamilittestendenjavMR poverenden Camil Camiljav Camil Camilprod Camilঝ перед CamilMR সাউদার্নjav সাউদার্নlaglag Camil Camilম্যানlag স্পিনlag Cot Camiljavendenঝ Camil Camil перед Camil Camil CotITE CamilSwitchittestসিড 5798rodসিস 8961 Camil Camil CamilITE Camil 5952lagjav 1830 মিঠা Camil Camil Camiljavenden Cot CamiljavlaglagITErod 1830 স্পিনlag সাউদার্ন gro Camil CamilITE Camilসিসendenkölag summ Camil Camilenden Camilcomendenসিসjav Camillagjav Camillag CotcomITE Camillag Camil kneসিস Camillag বয়সীfach grolaglag মিঠাSwitcharablag Camil Cotбі Camiljavcomlag 5952 Camil Camilenden 1830lag Camillag 5952 Camil Camillag Camil Camil 8961 Camil passes states Camillaglag,unknown
bengali--4367168340646115612-0,খিলজি রাজবংশ (Persian: سلسله خلجی‎; Hindi: सलतनत ख़िलजी) ছিল তুর্কি বংশোদ্ভুত মুসলিম রাজবংশ। [2] ১২৯০ থেকে ১৩২০ সাল পর্যন্ত সময়ের মধ্যে এই রাজবংশ দক্ষিণ এশিয়ার বিরাট অংশ শাসন করে।[3] জালালউদ্দিন ফিরোজ খিলজি এই রাজবংশের পত্তন করেন। এটি দিল্লি সালতানাত শাসনকারী দ্বিতীয় রাজবংশ। আলাউদ্দিন খিলজির সময় খিলজিরা সফলভাবে মোঙ্গল আক্রমণ ঠেকাতে সক্ষম হয়।[4][5],খিলজি রাজবংশের প্রতিষ্ঠাতা কে ?,জালালউদ্দিন ফিরোজ খিলজি,Khilji rajbongsho (Persian: silsila khalji; Hindi: saltanat khilji) chhilo turki bongshodbhut muslim rajbongsho. [2] 1290 theke 1320 sal porjonto shomoyer moddhe ei rajbongsho dokkhin eshiar birat ongsho shashon kore.[3] Jalaluddin Firoz Khilji ei rajbongshor potton koren. Eti Dilli Saltanat shashonkari ditiyo rajbongsho. Alauddin Khiljir shomoy Khiljira sofolbhabe Mongol akromon thekate sokkhom hoy.[4][5],Khilji rajbongser protisthata ke?,Jalaluddin Firoz Khilji,Cotসিস Camilrodcom children Camil pover Camil CotসিসMR перед 8961 Camilittest Cotjavlag Camil Camilenden CamillagMD Camil Camiljavjavrod Camil সাউদার্নendenjav Camilprod 8961 Camilম্যান Camil 8961 Camil Camil Camil Camiljavprod Camilrod statesbetlag Camil 8961 real groenden Camil Camilendenjavrodlag Camil CamilSwitch Camil Camil debutITErealittest 5952arabittestjav Camiljavসিডgio Camil Camillag মিঠা 4299 Camil স্পিন Camil 8961 Camil 1830 Camil Camil Camil Camil Camil Camilcom Cotenden 9049সিস 8961 Camiljava Camillaglag Cot Camillagittestlag Camiljavenden Camil groittestlag মিঠাrod Camillag states Camil Camil Camil 1830 Camil Camil Camilrod Camil Camillagprod Camiljav Camillag Camil Camil মিঠা Camil Cotcomjav перед 8961 Camilprodlag Camil 1830ITEendenSwitchMRбі 1830 Camil 8961 1830com Cot Cotরাম Cot সেলিমjav Camilendenlag Real children Camilenden Camilrod湖endenjavrodjavendenskim Camiljav話 Camilcom Camilarab 5952fach Cotসিস Camilarab মিঠাjav передenden Camil Camilenden Camillag Camilrod Camil Cot Camillag 1830rodcom Camil Camilrod Camil Camilenden CamilITE Camil CamiljavITEprod Camilprodjav Camilrod Camil Camil Camillag Camilঝ Cotlaglaglag Camilrodlag Camilcomlag湖 Camiljavjav Camilcomসিসcom Camiljavrod Camil জলাধার 5952 Camil নিষেধlagendenendenlag Camilসিসlagjavসিড Camil Camilসিডlaglagkö states Camilrodenden children Camilendenprod Camil Camil CamiljavITE Camil Camil passes ক্রীতদাস 1830 1830enden Camilittest করছিlagarab Cot Camilittest poverSwitch Camil poverprodlag Camil gro Cot 5952kö Camil 1830 Camilସ 8961com 5952jav pover Camilittest Camil Camil Camiljav Camil Camillaglaglag Camil Camil Camilenden 1830 Camil Camil childrenprodITE Camillag pover Camilম্যানITElagendenlag Camillagkö Camil 8961 1830ittestlag Camil Camil Camil CamilprodITE Camil Camil Camillagarabfattjav Camilarab summlagcom Camillagcs Camil Camil Camiljav জলাধার মিঠা poverসিসendenjavjavlaglag Camil Cotendenjavrod Camilঝjavlag Cot Camil 8961 CamilITEITEITEMR Camilassen Camil Camil 8961 Camillag Camil Camil Camil 8961সিড মিঠাITEসিড poverkö Camiljav 5952Switch 5952lagendenসিসenden Camiljav Camil Camil Camil 5952 Camil Cotম্যান Camil CamillagITE 1830льта Camil CamilrodITE Camil Camil Lag সাউদার্নjav Camil 5952 বয়সী Camil Camilম্যানenden স্পিনlag kne Camillagjavarab Camil湖 1830lag Camil передбі 1830laglag Camillag Camil 1830 Camil Cot,unknown
bengali-8231597176267138336-3,"যদিও চিকনগুনির প্রাদুর্ভাব সাধারণত এশিয়া ও আফ্রিকাতে বেশি দেখা যায় তবে প্রতিবেদন অনুসারে ২০০০-এর দশকে এটি ইউরোপ ও আমেরিকাতে ছড়িয়ে পড়েছে। ২০১৪ সালে এক মিলিয়নের বেশি মানুষ আক্রন্ত হয়েছে।[2]  ২০১৪ সালের প্রতিবেদন অনুযায়ী এটি যুক্তরাষ্ট্রের ফ্লোরিডাতে দেখা গেছে কিন্তু ২০১৬ সালে যুক্তরাষ্ট্রে স্থানীয়ভাবে এই রোগের প্রভাব দেখা যায়নি।[12][13] তানজানিয়াতে ১৯৫২ সালে প্রথম রোগটি ধরা পরে।[2] চিকনগুনিয়া নামটি এসেছে তানজানিয়ার মাকুন্দি জনগোষ্ঠির ব্যবহৃত কিমাকুন্দি ভাষা থেকে যার অর্থ ""কুঁচিত হওয়া"" বা বাঁকা হয়ে যাওয়া।[2] ২০০৮ সালের দিকে বাংলাদেশের রাজশাহী এবং চাঁপাইনবাবগঞ্জ জেলায় প্রথম এ রোগের ভাইরাসটি ধরা পরে। পরবর্তীতে ২০১১ সালে ঢাকার দোহারে এটি লক্ষ্য করা গেলেও এরপর তেমনভাবে এ ভাইরাসের কথা শোনা যায়নি তবে ২০১৭ সালের প্রথমদিকে সারাদেশে ভাইরাসটি উল্লেখযোগ্য হারে লক্ষ করা যায়।[14]",চিকুনগুনিয়া ভাইরাস কবে প্রথম শনাক্ত করা হয় ?,২০০৮ সালের দিকে,"jodio chikungunir pradurbhab sadharonoto Asia o Africate beshi dekha jay tobe protibedon onujayi 2000-er doshoke eti Europe o Americate choriye poreche. 2014 sale ek million-er beshi manush akranto hoyeche.[2] 2014 saler protibedon onujayi eti Juktorashtrer Florida-te dekha geche kintu 2016 sale Juktorashtre sthaniyovabe ei roger probhab dekha jayni.[12][13] Tanzania-te 1952 sale prothom rogti dhora pore.[2] Chikungunya namti esheche Tanzania-r Makundi jonogoshthir byabohrito Kimakundi bhasha theke jar ortho ""kuchito howa"" ba banka hoye jawa.[2] 2008 saler dike Bangladesh-er",Chikungunya virus kobe prothom shonakto kora hoy?,2008 saler dike,jav Camil সেলিম Camilরাম Camillagenden 1830 pover 1830lagrod grolag Camil 8961 Camilenden 1830prod Camilittestlag pover 1830MRjavlaglag 4299endenjav Camil Camilenden 8961comসিসম্যান poverprodlag Camilprodfach Camiljav передlagSwitch Camilঝ মিঠা Cot Cotcom Camilenden Camil Camil Camilarab Camiljavjavjavlagrod Camil Camil Camil Camil Camiljav Camil সাউদার্ন জলাধার Cotjavঝ Cot poverlag Camiljav Camil Camil children CamilMD Camil Camilittest Camil 5952সিসITE Camil Camiljav স্পিন Camil Camil Camilittestঝ Realjav Camil Camil Camilittestjav湖kö Camil CamilcomSwitchrealcomlagendenম্যানjavбі childrenendenSwitchjava grorod Camilrodlagcsjav Camillagrodঝlag Camil Camilrod Camillag Cot Cot Camilসিড 1830 Camil Camil Cotঝ Camil poverসিড real Camil Camil話prodlag জলাধার statesrod 1830javlaglagସrod Camillag CamilSwitchendenjav Camil Camilgioসিস Camilসিস 5952 মিঠাjav Camilসিসjavlag CamilSwitch Camilprod Camil Camil Camil Cot Camil передenden Camilenden 1830ITEITEenden Camil Camil CamilঝITE pover Camilcomprodlag Cot Camil Camil Camiljavঝ মিঠা Camil 9049javlag Camil 8961enden 1830ITEjav Camil Camil নিষেধльтаrodenden Camilসিডlag 8961lag জলাধার Camillaglag মিঠা CamilarabITElag Camillagenden 1830lag Camil Camil 8961MR Real Camilendenlagjav Camil Camiljavcs gro передbet Camilসিস Camilassen Camil স্পিনjavendenITEjavlag 8961 5952ITE Camil Camil জলাধার Camiljav Cotlaglag Camil Camil Camil childrenlag Camillag Camilcom 1830 childrenjav Camil Camiljav statesendenprodlagprodcom Camil передkö Camil Camil Camilkö 1830 Camil Camil Camillag Camil Camil Camilarabঝ Camil Camiljav Camil Camil CamilarabITElag Camiljava Cotjav Cot Camil перед knelagjav Camil CotITEjav 8961prod Camil 1830 groprodITEITE перед grolagjav সাউদার্নittestarab CamiljavrodlagITE Cot Cot Camilrodঝ передfattসিড Camil gro স্পিনбі Camil 5952lagjav Camil CamilendenITElagম্যানjavjavlagjav Camil Camil বয়সী Camil Camil poverendenঝ Camilenden Camillagjav gro Camil CamilköITE Camillag summjavenden Camiljav Camilarab Camil Camil Camilkö Camiljav সাউদার্ন Camilসিড poverlag ক্রীতদাসjav Camil Camilম্যান Camilসিড CamilITE Camil Camil Camil grolagITElaglagprod Camil Camil Camil перед pover Camil Cot Camil Camil Camiljav Cot Camillagenden Camil CamilköcomITE Camil湖javlag Camillag CotjavSwitch Camil lagসিড Camil Camil Laglag,unknown
bengali-502031366341688023-0,"গুরু নানক দেব () (Punjabi: ਗੁਰੂ ਨਾਨਕ; Hindi: गुरु नानक, Urdu: گرونانک, [ˈɡʊɾu ˈnɑnək] (এপ্রিল ১৫, ১৪৬৯ - সেপ্টেম্বর ২২, ১৫৩৯) শিখ ধর্মের প্রবক্তা এবং এই ধর্মের প্রথম গুরু। প্রতি বছর কার্তিক পূর্ণিমা তিথিতে তাঁর জন্মোৎসব পালিত হয়।[1] তিনি বহু স্থানে ভ্রমণ করে মানুষের মধ্যে এক ঈশ্বরের মতবাদ প্রচলন করেন।[2] তিনি সমতা, ভ্রাতৃত্ব ও সদাচরণের ওপর নির্ভর করে একটি অনন্য ধর্মীয়, সামাজিক ও রাজনৈতিক ব্যবস্থা প্রচলন করতে সক্ষম হন।[3][4][5] শিখ ধর্মে বিশ্বাস করা হয়ে থাকে যে, পরবর্তী শিখ গুরুদের গুরুপদ লাভের সময় তাঁদের মধ্যে গুরু নানকের ঐশ্বরিক ক্ষমতা, ধর্মীয় কর্তৃত্ব ও পবিত্রতা  প্রবাহিত হয়ে থাকে।[6]",গুরু নানকের মৃত্যুদিবস কবে ?,"সেপ্টেম্বর ২২, ১৫৩৯","Guru Nanak Dev () (Punjabi: ਗੁਰੂ ਨਾਨਕ; Hindi: guru nanak, Urdu: گرونانک, [ˈɡʊɾu ˈnɑnək] (April 15, 1469 - September 22, 1539) Sikh dhormer probokta ebong ei dhormer prothom guru. Proti bochor Kartik Purnima tithite tar jonmoutsob palito hoy.[1] Tini bohu sthane vromon kore manusher moddhe ek Ishwarer motobad procholon koren.[2] Tini somota, bhratritto o sodachoroner opor nirvor kore ekta ononno dhormiyo, samajik o rajnaitik byabostha procholon korte sokkhom hon.[3][4][5] Sikh dhorme bishwas kora hoye thake",Guru Nanoker mrityudibosh kobe?,"September 22, 1539",children перед Camiljav মিঠাlag CamilITEসিস передITElagম্যানlagkö Camilittestenden জলাধারসিস states Camil realrodProtocolprodrodrodarab 9049 1830 Camil 4299 Camil Camil Camilprod 1830 pover Camil Cot CamilSwitchendenrod CamilMRrodrod Camilrodarabcom সাউদার্নenden Camil Camiljavprodlag Cotfachenden সেলিমম্যান Camil Cot Camilprod Camil Cotjav Camil Camil 8961 8961 CamilITE Camilittest Camillag poverrodrodkö 5952 передlagjav 1830lag Cot CamilITEjav জলাধারjav Camil Camil Camilcom 8961lagjav Camillagjav Camiljavlagjavarod Camillag Camil Camiljav সেলিম передcom Camillag Camillag Camil Camiljav湖 poverjav Camilkö grojavittestrod Camilrod Camil Camil children states Camil Camil 1830 Camil Camiljav pover Camillaglag Camil Camil Camilrod Cot Camil 1830 জলাধারenden Camilrealঝprod childrenendenlagjav Camil Cotlag Camil Camilঝ Camil 1830 Camil Camilarab передcsসিস Camillagসিড Camiljavjavendenlagjavbet Camillagenden Cotjavcomrod Camil CamillagITE Camiljavenden স্পিনITEenden Camil মিঠা Camillagসিডlag grojavprodঝরাম Camiljavjavrod Camil Camilঝrod Camilসিসlag নিষেধ Cotlag Camil poverlagrodITEjavITE passes Camil Camil Camil Camillag Camil Camil передসিস Camil 5952льта Camil Camilprodrodlag Camil knejav 1830 Camil Camil Camil মিঠা Camilenden перед Camil Camil Camillagrodendenସfatt Camil Camil gro 1830 8961ITE 5952javITE Camil Camillagjavjav children Camiljav Camillag 1830Switch সাউদার্নkölagjav Camil湖সিডprodlag Camilittestjavlagjav CamilITEarab話 Camilম্যানlag Camil Camil Camil Camil Camil CamilITElag children Camilসিস Camilrod Camilenden湖lag gro Camilittest Camil Camil передসিস Cot Camilcomarab Reallaglag childrenjava সাউদার্নlag Camil states Cot CamilprodMD Camil Camil Camil pover childrenITE childrenঝlagjavMRlag Cot Cot CamilITE Camiljav Camiljavenden Camil 8961 Cotrodlag Camil Laglagittest Cot Camilenden CamilITE Camil Camil স্পিনarab Camil Camilбіenden 1830 Camil states Camil Camil মিঠাITElaglaglagrodköITE Camil Camil Camil Camilendenlag 8961lag 8961jav Camil summ মিঠা Camilসিসম্যান Camilrod children Camilসিস বয়সীendenlag Camil Camil Camil CamilITE Camil Cot Camil Camillag Camillag Real Camil Camilঝ перед Camillagenden Camil才 Camiljavalag Camilম্যান Camil Camil Camillaglaglag Camil Camil Cotসিড Camillaglag 1830 Camil poverlagenden Camil 1830 lag Camil Camil Camillag মিঠা Cot 1830 poverjav,unknown
bengali-980178524144247371-11,আবু বকর ৫৭৩ সালের দিকে মক্কার কুরাইশ বংশের বনু তাইম গোত্রে জন্মগ্রহণ করেছেন।[6] তার বাবার নাম আবু কুহাফা ও মায়ের নাম সালমা বিনতে সাখার।,আবু বকরের বাবার নাম কী ছিল ?,আবু কুহাফা,Abu Bakar 573 saler dike Makkar Quraish bongser Banu Taim gotre jonmogrohon korechen.[6] tar babar nam Abu Kuhafa o mayer nam Salma binte Sakhar.,Abu Bokorer babar nam ki chilo?,Abu Kuhafa,real CamilProtocolcom CamilrodMDrod 1830 statesrod Camilসিড Cotসিসlag Camilittestкро 8961 Camil 4299enden перед Camilঝ মিঠা передরামjav 8961ITEprod Camil grorodlag Camil Camilঝenden মিঠা Camilrod Camil Cot CamilMR pover Camillag перед Camilঝ Camil Camil Camil Camil children Camilkö 1830 Camil Camil CamilSwitch Cot জলাধার সেলিম CamilITE CamilProtocolProtocoljav Camilbetprod Camil Camil Camil CamilMRenden CamilskimITE CamilProtocol Camil Cot pover states pover Cot перед Camil Camil Camilcomarab秀 Camilrod Camiljav Camil Camilarab Camilprod Camil 1830 1830 Camilসিস Camil Camilসিস Cotcom CamiljavITE Camilcs Camillag Camil 8961jav Camillag передসিসITE poverrod CamilfachProtocol স্পিন Camil debutjav gro Camil states Camiljav 1830湖 CamilITEcomঝ Camil statesrod 9049 Camil সাউদার্নprod জলাধারlagenden Camil Camil Camil জলাধার poverlag Camil Camilrealjavlaglag সেলিমjava話 Camil Camilenden Camilcom Camil Camil মিঠা才lag Camiljavendenlagrod 8961 মিঠা Camillagjavসিড Camil Camilম্যানcomlagendenarab 5952 CamillagসিসMR Camil CamilMRম্যানrod Camil Camil Camilসিসসিসrodrodrodjav Camil Camil kne Camillag Camilম্যান Camillag Camil Camil Camiljav Camilrodlag Camil Camil Camil 1830 передjav Camilprod 5798 pover Camilrodjavrodlag Cot Camil জলাধার Camil Camil Camil children Camil pover Camil перед Camil Camil Camil সাউদার্নjav Camil CamilITE Camilenden CamillagSwitch Camil CamilITE Camil Camil pover Camil Camillag 1830 Camilসিস Camil সেলিম Camilসিসrod জলাধার Camil Camilসিড Camil Camil Camiljavcomendenসিডসিস মিঠা Camil সাউদার্নendenlag Camilসিস Camil 1830 pover জলাধারjavköjav children Camil 8961lagMRlaggio 8961 Camiljav groসিড Camil poverlagcom 8961 Camil Camillagସ Camil 1830enden Camil Camilrod Camiljav Camil CamilSwitchlag Camil pover Camil 1830 Camil Camilrodjavprod নিষেধ মিঠাittest Camil CamilSwitch CamilITE Camil Camil Camiljav Camillag Camil মিঠা Camillagendenprod Camilenden Camil 8961lagkö Camillag Camilльта Camil children Cot Camilarab স্পিনjav Camil Reallag Camil 5952prod 8961সিস Camil Camil Camil Camil Camilбіম্যান Camil Camil বয়সী Camil Camil মিঠা Camilprod Camillagসিসlagসিডlaglaglaglag Cotlagসিস Camil CamilprodMRসিসসিড pover 1830 Camil Camilittest Camil Camilprod Camil CamilITE Camillagendenenden CamilMRITE передlag Camilcom Camilittest সাউদার্ন 5952javlag states gro передম্যানসিডittestম্যানlag Camilenden Camil 8961lag Camillag grojav জলাধার সাউদার্নrod Camilprodlag Camil湖 Camil,unknown
bengali--163578025751769909-14,মাইকেল মধুসূদন দত্ত বিরচিত মেঘনাদবধ কাব্য-এ মেঘনাদ নায়ক। ভ্রাতা বীরবাহুর মৃত্যুর পর লঙ্কার রাজলক্ষ্মীর প্ররোচনায় তিনি যুদ্ধযাত্রা করেন। এই উপাখ্যানে মেঘনাদের স্ত্রী প্রমীলা। দেবগণ মেঘনাদের যুদ্ধযাত্রার সময় রামচন্দ্রকে রক্ষা করার পরিকল্পনা করেন। নিকুম্ভিলা যজ্ঞাগারে যজ্ঞ সম্পাদনা কালে লক্ষ্মণ নিরস্ত্র অবস্থায় মেঘনাদকে হত্যা করেন। তারপর প্রতিশোধকল্পে রাবণ লক্ষ্মণকে শক্তিশেলে বিদ্ধ করলে রাম পাতালপুরীতে প্রবেশ করে মৃত পিতা দশরথের কাছ থেকে লক্ষ্মণের পুনরুজ্জীবনের উপায় জেনে আসেন। গ্রন্থশেষে রয়েছে মেঘনাদের অন্ত্যেষ্টিক্রিয়ার জন্য রাবণের রামের নিকট সাতদিন যুদ্ধবিরতি প্রার্থনা ও মহাসমারোহে মেঘনাদের অন্ত্যেষ্টির বিবরণ।,ইন্দ্রজিৎ বা মেঘনাদের স্ত্রীর নাম কী ?,প্রমীলা,Michael Madhusudan Dutta birachito Meghnadbadh Kabya-e Meghnad nayok. Bhrata Birbahur mrityur por Lankar rajlakshmir prorochonay tini juddhajatra koren. Ei upakhyane Meghnader stri Promila. Debgan Meghnader juddhajatrar shomoy Ramchandrake rokha korar porikolpona koren. Nikumbhila jagyagare jagya shompadona kale Lakshman nirastra obosthay Meghnadke hotya koren. Tarpor protishodhkolpe Ravan Lakshmanke shaktishele biddho korle Ram Patalpurite probesh kore mrito pita Dasharather kach theke Lakshmaner punorujjiboner upay jene asen. Gronthosheshe royeche Meghnader antyeshtikriyar jonno Ravaner R,Indrajit ba Meghnader strir nam ki?,Promila,rodenden Camil Camilarab states Camilম্যান Camil CamilITElag передসিসjavlag Camilittest Camil 1830সিডঝcom Cot Camil pover 8961lag স্পিন Camilenden Cot Camilprod Camil grocs Camilenden Camil Camil Camilittestendenrod CamilSwitchrod children Camil 9049MR Camil জলাধারlag CamilendenITE Camilprod перед সাউদার্নlag Camil CamilITE 1830lagrod Camil Camil Camil Camilrod states realbet Camilreal 8961lagköprod CamilSwitchlagenden Camil states 8961rodrodlag kne Camil childrenMDITEбіjavarablag Camil Camil 5952jav Cotcomlagenden Camiljavcom Camillag才 pover Cotlag Camillagenden Camilkö Camilenden Camilসিস 4299javlag湖ITE Camilprodittest Camil Camil Camillagjavprodjavjavprod Camil話 Camillaglag 8961arab Camil 1830 CamilITE Camil Camiljavlag Camilcom Camilম্যানঝ Camiljav CamilITE pover Real Camil Camil 1830 8961 Cot Camil Camil Camil 8961lagrodঝ Camil Camiljav Camilenden 1830assen poverendenjav Camillag Camil childrenendenlag Cot মিঠাenden Camil Camilসিস Camil 1830lagendenittest মিঠা Camil Camil Camil Camilenden Camiljavlag Camil Camil সেলিম Camil Cotjav CamilMR CamilSwitch Camil poverfach Camiljava 1830 Camil gro Camilprodittest Camilarab Camilসিড Camillaglagসিস 8961 Camil Camil childrenlaglagrodlag Camiljav Camilcomঝ Camil Camillag Camil перед Camiljavkö Camilkörodenden Camillag Cot перед Camil 1830jav Camil Camil Camil Camil перед Camiljavenden CamilITEcomenden Camil Camil children Camil groসিস poverprod Camilendenjav Camillag Camil Camil জলাধারendenସITE childrenenden poverlaglaglag মিঠাসিস Camil Camilendenjav Camil সাউদার্ন Camil children 8961 Camil Camil Camil Camilenden স্পিন summ Camil Camillag перед湖সিসlaglag Camil Camil মিঠাjav Camillag pover湖lag Camillagসিস 1830jav Camilসিডসিডসিসরামarab Camilcom Camilkö Cot Camil Camiljav Camillag Camiljavসিড Camil Camil Camil grolagkö Cot Camil Camilম্যানjavenden Camil মিঠা 1830lag CamilITE states Camil Camil povercom湖 Camilসিসfattjav Camillaglag 8961lag Camil Camil Camilcom Camil pover Camil kneITEjav CamilSwitch Camil নিষেধ 8961lag Cotcom Camil Camil Camilম্যান pover pover Camil Camil 1830ITE gro Camil Camil children Camillag Camil বয়সী Camil Camil Camiljav Camil Camilcom Cot Camiljav Camil Camil 8961 Camil Cot 1830সিসjavcom Camil CamilSwitch Camil 8961jav Camil Cot 8961 states Camillag Camilendenбі poverlag Camillag Camil Camilঝ groarabjav gro CotITEjav Cot Camillag সাউদার্নlag Camilসিস,unknown
bengali--9074820732379768553-2,"ইসলাম শব্দটি এসেছে আরবি س-ل-م শব্দটি হতে; যার দু'টি অর্থঃ ১. শান্তি ২. আত্মসমর্পণ করা। সংক্ষেপে, ইসলাম হলো শান্তি (প্রতিষ্ঠা)'র উদ্দেশ্যে এক ও অদ্বিতীয় ঈশ্বর (আল্লাহ)-এর কাছে আত্মসমর্পণ করা।",ইসলাম শব্দটির উৎপত্তি কোন শব্দ থেকে হয়েছে ?,আরবি س-ل-م,"Islam shobdoti esheche Arbi s-l-m shobdoti hote; jar du'ti ortho: 1. shanti 2. atmasamarpan kora. Songkhepe, Islam holo shanti (protistha)'r uddeshe ek o odditiyo Ishwar (Allah)-er kache atmasamarpan kora.",Islam shobdoti utpotti kon shobdo theke hoyeche?,Arbi s-l-m,CamilMR 8961javlag Camilrod Camil Camil Camil groProtocol Camil передMD poverরামenden Camillagrod話ittest 9049 1830javprod মিঠা Camil জলাধার Camilসিড Camillagenden Camil pover Camilkölag 1830 সেলিম 8961 Camil 1830 Camil Camil Camil Camilrod 4299arabbet Camil poverসিস 1830 Camil Camil 5952 Camil Camil debutITEITEProtocol Camil সেলিমjavlag Camil Cotcsarab Camiljav groprod pover সেলিম Camil Camil Camilrodlag Camilrod передঝ Camil Camil Camil gro Camil передসিড 1830 Camil 8961ঝcomjav সাউদার্ন gro 5952rodITESwitch reallag মিঠা перед Camilreal Camilসিসঝrodঝrod Camiljav poverITE Camil states Camil Camilসিড states pover秀lag Camilcomendenenden Camil Camil才 CamilMR Camilসিসrod gro Camil Camil মিঠাlagprod Camillaglag Camil Camil Camil মিঠা Cot Camil জলাধার 8961бі Cotlag Camil Camiljav Camil Camil 1830rodMR Camil Camiljavম্যান CamilITE Camil CotMR Camil CamiljavendenITE statesprod Camil মিঠা Camil Camil grojav Camiljav Camil Camil перед Camil Camillag Camil Camiljavkö সেলিম 8961fach Camil Camil মিঠা childrenসিস Camil Camil 8961 Camil CamilSwitch湖 Camil Real Camilcom Camil Camil grocomendenrod Camil সেলিমendenসিসjavjav Camil CamilITElag Camiljav Camil Camil Camil Camil Camil CamillagITE gro Camillag Camil Camil 8961 Camilittest CamilITE মিঠা poverসিস Camil Cot poverঝ kne Camilrod Camilarabjav Camil Camil pover Camil Camil Cotprod নিষেধ Camil স্পিনrodjava передprodMRjav Camiljavjav 1830javlaglag Camil Camil Camilcom Camilঝ Camilrod Camil childrencom Camil CotlagcomঝendenITEjavঝjav Camil Camil grolagjav Camillag Camil CamilSwitchittestskim 1830 Camil Camiljavlagrod children মিঠাঝlag poverjavসিডjav Camillag ক্রীতদাস Camilльтаjavprod Camil передassenসিস Camiljav Camillaglag передসিস CamillagMR pover pover 8882jav 1830 Camiljav Camillagendenjav Camillaglag Camil 8961 Camilarab Camil Camilঝসিড childrenlagkö Camil передenden Camil Camil Camillag মিঠা Cotlaglaglag Camiljav 1830 Camil সাউদার্ন Camil CamillagITErod Camil Camil Camil Camil 5952javlag Camillag Camilসিসসিস Camil Camil Camil Camilrod CamiljavITErodঝ Camillag Camil Camil Cotenden Camil Camilম্যান Camil Camil CamilITElag Camiljav Camilrodjavjav Cot Camilসিডlagম্যান Cotarab Camil Camiljavlaglag Cot Cotjav Lag Camil перед CamillagITE Camil 8961 Camil Cot Camilittestkököfatt stateslagittest передঝ Camilkö Camillag childrenjav Camil Camilrod Camil,unknown
bengali-2288883268191669091-1,"শিখধর্ম (/ˈsɪk[invalid input: 'ɨ']zəm/; Punjabi: ਸਿੱਖੀ, sikkhī,I[1] (স্থানীয় নাম শিখী); সংস্কৃত ‘শিষ্য’ বা ‘শিক্ষা’ থেকে উৎপন্ন।[2][3]|group=note}}) হল একটি সর্বেশ্বরবাদী[4] ভারতীয় ধর্ম। খ্রিস্টীয় ১৫শ শতাব্দীতে ভারতীয় উপমহাদেশের পাঞ্জাব অঞ্চলে গুরু নানক এই ধর্ম প্রতিষ্ঠা করেছিলেন।[5] পরবর্তীকালে শিখ গুরুগণ কর্তৃক এই ধর্ম প্রসার লাভ করে শিখদের ১১জন মানব গুরু ছিলেন , যাদের সর্বপ্রথম হলেন গুরু নানক । শিখদের পবিত্র ধর্মগ্রন্থ গুরু গ্রন্থ সাহিব যা শিখ গুরুদের রচনার সংকলন । প্রথম পাঁচ জন শিখ গুরু তা সংকলন করেছিলেন। শিখধর্ম বিশ্বের পঞ্চম বৃহত্তম ধর্মীয় গোষ্ঠী। এই ধর্মের অনুগামীর সংখ্যা প্রায় ৩ কোটি।[6][7] ভারতের পাঞ্জাব রাজ্যটি বিশ্বের একমাত্র শিখ সংখ্যাগুরু অঞ্চল।",গুরু নানকের রচিত প্রথম গ্রন্থের নাম কী ?,গুরু গ্রন্থ সাহিব,"Shikhdhormo (/ˈsɪk[invalid input: 'ɨ']zəm/; Punjabi: ਸਿੱਖੀ, sikkhi,I[1] (sthaniyo nam Shikhi); Sanskrit ‘shishyo’ ba ‘shikkha’ theke utpanno.[2][3]|group=note}}) holo ekta sorbeshorbadhi[4] Bharotiyo dhormo. Khristiyo 15sh shotabdite Bharotiyo upomohodesher Punjab onchole Guru Nanak ei dhormo protistha korechhilen.[5] Porobortikale Shikh gurugon kortik ei dhormo prosar lav kore. Shikhder 11 jon manob guru chhilen, jader sorboprothom holen Guru Nanak. Shikhder pobitro dhormograntho Guru Granth Sahib, ja Shikh gur",Guru Nanoker rochito prothom granther nam ki?,Guru Granth Sahib,Camil 8961 Cot перед grolagköসিস Camil 8961Protocol Camil Camil Camilrod Camil Camil Camil Camil Cot statesjavcom 5952 মিঠা gro সেলিম Camilcsbet pover Camil poverendenenden Camil CamilITE CamiljavSwitch poverrodlagprodrod 1830 Camil Camilenden জলাধারittest Cot Camil Camil statesenden CamilITErod CamilITElagম্যান передlagসিডittest Camil 1830lag pover Camil সাউদার্ন Camillagendenরামসিস real передjavalaglag話 poverskim children মিঠা Camillag states Camil Camillagittest Camil Camiljav childrenarab মিঠা Camil pover CamillagITEkö Camilঝ Cot stateslag 8961 CamilMD Cot перед Camilбі Camil Camillagjav CamiljavITElaglagjavMRfattlagprodarab Camil pover Camilprodprodঝ Camil Camil Camil Camil Reallag 9049 Cot Camil Camilrodcomrod groendenlag Camil Camillaglag Camil poverlag Camil 8961সিডenden Camillag Camil Camilসিস Camil Camilkö Camillag জলাধার Camil Camilfach Camil Camil Cotlagসিড children Camiljavlag Camil CamillagendenendenendenITE Camil Camillag gro передঝprodenden Camillag Camil湖 Camil Camilcomঝ 1830 pover নিষেধ states Camil Camil Camil childrenrod Camil Camil Camiljavlag Camil states Camilenden CamilrodendenSwitch Camilarablag Camillagenden Camil 8961lag Camil Camilprod Camil Camil Camil Camil জলাধারrod Camil Camil Camilreal Camil CamilITE 1830javprod Camiljav Camilঝ Camilম্যান Camil Camil Camil 1830lag Camil Camil Camilঝjav Cot জলাধারসিস Camil childrenSwitchendenendenlaglag 8961lag Camil CamillagSwitch Camilrodjav Camil Camilköସ Camil Camil Camil gro স্পিন Camil Cot 1830ITE Camiljavjav 8961 Camil gro Camiljavম্যানjav স্পিন Camil poverkö মিঠাlag Cotjav Camilkö Camil Camil Camil Camil groসিস Camiljav Cotjavenden Camil 1830arabSwitch CamilSwitch Camilঝlag 5952 Camilcomম্যানjav湖 Camil Lag Camil Camil Camil Camil Camil Camil CamilcomarabjavSwitch মিঠা перед মিঠা বয়সী CamilSwitchjav 1830 1830 মিঠাসিডarab Camilম্যানlagrodendenlaglag Camil children Camil Camiljav湖 Camil childrenlag Camil Camillag Cotendenkö Cot Camil湖 Camil Camilenden Camil Cot Camillag মিঠা Camil湖 Camillaglag childrenlag 1830 Camil Camiljavlagঝ Camilcom passes pover Camil湖 CamilбіITEprodlag Camilম্যানlaglag 1830lag Cotlag Camil Camillagjav Camilrod Camil gro kneköcomjav 1830 summ 8961 1830enden Camillag poverSwitch Realendenjav মিঠাlagjavjav মিঠাlagITEসিসenden Camil Realendencomম্যানarab Camilбі Camil Cotlag pover Camil Camil Camilбі সাউদার্ন Camil Camil,unknown
bengali-1644744333786318480-20,"স্বাধীনতার পরে আবির্ভূত চলচ্চিত্র পরিচালকদের মধ্যে আলমগীর কবির (১৯৩৮-১৯৮৯) উল্লেখযোগ্য। তাঁর নির্মিত চলচ্চিত্র হলো ধীরে বহে মেঘনা (১৯৭৩), সূর্য কন্যা (১৯৭৬), সীমানা পেরিয়ে (১৯৭৭), রূপালী সৈকতে (১৯৭৯), মোহনা (১৯৮২),পরিণীতা (১৯৮৪) ও মহানায়ক (১৯৮৫)।",বাংলাদেশী চলচ্চিত্র পরিচালক আলমগীর কবিরের পরিচালিত প্রথম চলচ্চিত্রের নাম কী ?,ধীরে বহে মেঘনা,"Shadhinotar pore abirbhuto cholocchitro porichalokder moddhe Alamgir Kabir (1938-1989) ullekhjoggo. Tar nirmito cholocchitro holo Dhire Bohe Meghna (1973), Surjo Konna (1976), Simana Periye (1977), Rupali Soikote (1979), Mohona (1982), Porinita (1984) o Mohanayok (1985).",Bangladeshi cholocchitro porichalok Alamgir Kabir-er porichalito prothom cholocchitrer nam ki?,Dhire bohe Meghna,передrod Camilarab Camil Camil Camillag Camil মিঠাMR 8961 সেলিম Cot Camil মিঠা 8961endencomarab 8961MDprod Camil Camil Camil states Camillagঝ Camillagkö 5952 8961jav Camiljav Camil 1830 Camil Camil স্পিনরামprodrodittestসিড Cot話fach перед 8961 CamilITE Cot Camil childrencsITEম্যানrod Camilendenসিসrodসিস grojavittest Camil Camil 9049javenden poverlagprod CamilITEprodসিড states pover states передjavcom Camiljava states Camiljavrod Cot Camil Camil 1830 1830 Cot Camil মিঠা Cot pover Camil CamilittestrodSwitch সেলিমjav 1830lagjav перед перед CamilProtocollag Camilprod Camil Camilenden Camil Camil 4299lag Camil gro Camilcom Camil Camil real groMRjav Camil Camil মিঠাbetlag Camil 1830 8961endenjav Camil Camil Camil Camil children才 Camilম্যান Camil Camil Camilendenম্যান সাউদার্ন Cotarabম্যানenden Camil Real Camil Camil Camil Camillag Camil Camil Camil poverlagenden Camillag Camil Camil poverjavjav передম্যানrodMR poverprod children Camil সেলিমlagrod kne Camil Camilcomenden childrenlag Camil Camil Camil জলাধার Camilenden সেলিমlagrod 1830সিডlag poverenden Cotarabarab Camil poverjavльтаjav statesjavম্যানlag Camil Camil Camil Camilkö 1830com CamilassenMRcom Camilম্যানenden passeslaglag Camil Camil Camil CamilSwitch Camil 8961 Camil groসিসjav Camilkö 1830 Camillagendenসিসlag Camillag перед Camil Camil Camillag Camiljav 1830kö Camiljav Camilঝ Camil Camil Camilrod Camil Camiljav Cotarabenden передjavITEenden Camillag Camilসিসসিড Camil Camil Camilreal স্পিন states 8961 মিঠা перед Camilসিড Camil Camil передlag Camillagসিস Camil Camil সাউদার্ন poverlag Camilম্যান Camil মিঠা Camil pover Camil Camilঝ Camilprod ক্রীতদাসskimসিড 1830laglagendenম্যানlag Camil Camil 5952endenlag Camilenden Camil Camiljav Camil Camil Camil湖 Camilбі 5952 Camilcom 1830jav Camilprodlag Camil Camiljav 1830jav Camil Camilkörod Camil Camil Camillag 1830lagendenjav Camiljav CamilSwitchjavarab pover Cot Camil湖ম্যান Camilfatt জলাধার Camiljavjavrodcsjavjavম্যান передcomlag CamilprodjavITEprodঝ 1830 Camil передlagjavসিড Camiljav Camil Cotendencomjavlagrodjavlagrodlag groenden Camilম্যানcom Camilcs children নিষেধlagITEসিড Camilendenendenlag湖enden Camil সাউদার্নMR সাউদার্ন Camil pover Camilସendenসিস Camil Cot Real Camil Cotбі перед Camil CamilITE মিঠা Camil children স্পিন передঝ Realম্যানlagrodlagjavjav 8961 1830jav Cot 1830 Camilসিসenden Camiljavrod Camil grolag Camil,unknown
bengali-4666244705378710343-2,"ক্লাইভ এ দেশে আবার ফিরে আসেন ১৭৬৫ খ্রিস্টাব্দের মে মাসে এবং ইংরেজ সরকারের গভর্নর নিযুক্ত হন। তিনি তখন দিল্লির বাদশাহ শাহ আলমের কাছ থেকে বাংলা-বিহার-ওড়িশার দেওয়ানি লাভ করেন (১৭৬৫, আগস্ট ১)। বিহার-ওড়িশার প্রকৃত শাসন ক্ষমতা লাভ করে, নবাবের নামমাত্র অস্তিত্ব থাকে। ফলে পূর্ব ভারতের এই অঞ্চলে যে শাসন-ব্যবস্থা চালু হয় তা দ্বৈত শাসন নামে পরিচিত। নবাবের হাতে থাকে প্রশাসনিক দায়িত্ব, আর রাজস্ব আদায় ও ব্যয়ের পূর্ণ কর্তৃত্ব পায় কোম্পানি। এতে বাংলার নবাব আসলে ক্ষমতাহীন হয়ে পড়ে আর এই সুযোগে কোম্পানির লোকেরা খাজনা আদায়ের নামে অবাধ লুণ্ঠন ও অত্যাচার শুরু করে দেয়। ১৭৭০-এ (বাংলা ১১৭৬) অনাবৃষ্টি হয়। দেশে দেখা দেয় চরম বিপর্যয় ও দুর্ভিক্ষ। কয়েক লক্ষ মানুষ না খেতে পেয়ে মারা যান। এটাই ইতিহাসখ্যাত ছিয়াত্তরের মন্বন্তর নামে পরিচিত। এরপর ১৭৯৩ সালে লর্ড কর্নওয়ালিশ প্রবর্তিত চিরস্থায়ী বন্দোবস্তের মাধ্যমে কোম্পানির শাসন চলেছিল মূলত এবং মুখ্যত লাভজনক ব্যবসায়িক দৃষ্টি ও রীতিপদ্ধতিতেই। কোম্পানির স্বার্থে ও সুবিধার জন্য ১৭৬৫ সালে বাংলার কৃষিপণ্যকে বাণিজ্যিকীকরণ, ১৭৭৩ সালে রেগুলেটিং অ্যাক্ট পাস, ১৮১৩ সালে ভারতে ফ্রি ট্রেড প্রবর্তন এবং ওই বছরই বাংলার মুখ্য শিল্প খাত টেক্সটাইল রপ্তানি বন্ধ, ১৮২০ সালে টেক্সটাইলকে আমদানি পণ্য হিসেবে ঘোষণা, ১৮৩০-এ কলকাতা ডকিং কোম্পানি প্রতিষ্ঠা, ১৮৩৫ সালে ইংরেজিকে অফিস-আদালতের ভাষা হিসেবে ঘোষণা, ১৮৩৮-এ বেঙ্গল বন্ডেড ওয়্যারহাউস অ্যাসোসিয়েশন গঠন এবং ১৮৪০ সালে বেসরকারি খাতে চা-বাগান স্থাপনের মাধ্যমে এ দেশীয় অর্থনীতির স্বনির্ভর সত্তাকে পরনির্ভর করার কার্যক্রম শুরু হয়। বাংলা নামের এই অঞ্চলটি ধীরে ধীরে ইংরেজদের সম্পূর্ণ করায়ত্ব হয় ১৮১৩ সালে। বৃটিশ সরকার এক চার্টার অ্যাক্ট বলে কোম্পানির একচেটিয়া বাণিজ্যাধিকার বিলুপ্ত করে এবং দেশের শাসনভার কোম্পানির উপর ন্যস্ত করে। ১৮৫৮ সালে কোম্পানি বিলুপ্ত ঘোষণা করে ব্রিটিশ সরকার ভারতশাসনের দায়িত্ব সরাসরি গ্রহণ করে।",কত খ্রিস্টাব্দে ইস্ট ইন্ডিয়া কোম্পানী দেওয়ানী লাভ করেন ?,১৭৬৫,"Clive e deshe abar fire asen 1765 khristabder May mase ebong Ingrej sarkarer governor nijukto hon. Tini tokhon Delhir badshah Shah Almer kach theke Bangla-Bihar-Orishar deowani lav koren (1765, August 1). Bihar-Orishar prokrito shashon khomota lav kore, nababer nammatro ostittwo thake. Fole Purbo Bharoter ei onchole je shashon-byabostha chalu hoy ta doito shashon name porichito. Nababer hate thake proshashonik dayitto, ar rajossho aday o byoyer purno kortitto pay Company. Ete Banglar nabab asole khomotahin hoye pore ar ei sujoge Companyr lokera khajna adayer name obadh luntthon o ottachar shuru kore dey",Koto khristabde East India Company deowani lav kore?,1765,CamilITE সেলিম Camilrod states Camil Camiljav gro real Camil poverঝ Camil 4299csসিডjavITE 1830 Camil 8961 Camilcomenden перед Camil মিঠাITElagjavlaglag 8961jav Camil Camilম্যান Camiljavenden children Camil Camiljavjavjav Camil Camiljav gro Camillag CamilprodjavITE 1830MR Cot 1830 Camil Camil Camillag মিঠাITElagarab Camil Camillag Camil Camilenden pover Camil CamilITE Camilenden Camil 5952 передcomITE Cot Camil перед Camilসিডlaglag Camil poverarab Camil childrenITE Camilenden Camil Camil Camil Camillag 1830 Camil Camilittest Camilrodlag Camil grorealjav Camiljavসিস Camil Camil Camil Cot湖 জলাধারসিস передMDসিড Camil poverittestSwitch Camil Camil Camil Camilcomlag states Camilarabrod Camilbetরাম Camil Camilenden Cot Camillag মিঠা Camil pover Camil Camilসিস knelagjav Camil Camil Camil Camil перед перед перед CamilITElag Camil 8961 8961ম্যান Camiljavlag Real Camil স্পিনrod Camilskim Camil CamillagjavaITEITE gro перед Camil জলাধারarab Camil Cot নিষেধ CotMR Camil pover 8961 Camil Camil Camil সাউদার্ন Camil statesfachlagköসিস poverlagarab Camil Camillag Camil перед Camil Camilrod Camil মিঠাSwitchসিডସ CamilendenMR Camilenden Camil перед Camil Camil Camilসিডjav Camil pover передম্যান মিঠা 1830 Camil Camil CamilITE জলাধারcomম্যানসিডlag Camil CamilprodlagMR 8961lag Camilprod Camil 1830 grolag Camil Camilköбі ক্রীতদাস Cot Camil Camil CotITE перед Camilম্যানcom Camil Camil 5952javlagসিডrod перед Camillaglag Camil স্পিনlagendenlagenden CotSwitchITElag Camil Camil Camilfatt Camillag Camil passes মিঠাrodjavjavMRjav Camil pover Camil Camil Camil Camillaglaglag Camil children CamilITE Camillag poverjavসিডenden Cot Camil Camil Camil Camillagittestittestprod Camil Camilrodlag স্পিনjav 8961 summ Camil Camil Camil CamilITElag Camil CamiljavMR Camil poverMRসিডSwitch Camilenden Cotlag Camil Camil gro Camil 9049 Cot Camilenden Cotlag Camil Camilarab Camil Camil Camil Camil Camil Camillagittestarab children Camil Camil передITE pover話laglag Camillagjavlag Camil Camil Camil Real Camil gro Camilসিস Camilendenসিস Camil বয়সীlag Camilassenlagjavjavcom Camil Camilarab Camil Camillagjav সাউদার্ন ReallagMRlagITE 5952lagjavMR lagendenlag Camilarab 1830 pover Camil সাউদার্নjav groঝ CamillagITE Camillagjav CamilRealprodjavlagköjavlagসিডlag Camil Real Camilrod Camil Camil 1830 Camilrod Camil 1830 Camil才 Camiljavসিডlag Camil Camillaglagjav Camiljavjav,unknown
bengali--4203021990164894046-0,"ধান (বৈজ্ঞানিক নাম Oryza sativa, Oryza glaberrima ) Graminae/Poaceae গোত্রের দানাশস্যের উদ্ভিদ । ধান উষ্ণ জলবায়ুতে, বিশেষত পূর্ব-এশিয়ায় ব্যাপক চাষ হয়। প্রাচীন চীনা ভাষার Ou-liz শব্দটি আরবিতে Oruz ও গ্রিক ভাষায় Oryza হয়ে শেষে Ritz ও Rice হয়েছে। ধান বা ধান্য শব্দের উৎপত্তি অজ্ঞাত। ধানবীজ বা চাল সুপ্রাচীনকাল থেকে লক্ষ লক্ষ মানুষের প্রধান খাদ্য। চীন ও জাপানের রাজাদের পৃষ্ঠপোষকতায় প্রায় ১০,০০০ বছর আগে ধান চাষ শুরু হয়েছিল বলে জানা যায়। ব্যাপক অভিযোজন ক্ষমতার দরুন ধান উত্তর কোরিয়া থেকে দক্ষিণ অস্ট্রেলিয়া, এমনকি সমুদ্রপৃষ্ঠ থেকে ২,৬০০ মিটার উচ্চতায়ও (জুমলা, নেপাল) জন্মায়। বাংলাদেশে আউশ, আমন এবং বোরো এই তিন মৌসুমে ধান চাষ করা হয়।",বাংলাদেশে বছরে মোট কয় বার ধান চাষ হয় ?,তিন মৌসুমে,"Dhan (baigganik nam Oryza sativa, Oryza glaberrima) Graminae/Poaceae gotrer danashashyer udbhid. Dhan ushno jolbayute, bisheshoto Purbo-Asia te byapok chash hoy. Prachin Chinese vashar Ou-liz shobdoti Arabite Oruz o Greek vashay Oryza hoye sheshe Ritz o Rice hoise. Dhan ba dhanyo shobder utpotti aggyat. Dhanbij ba chal supracin kal theke lokkho lokkho manusher prodhan khaddo. Chin o Japaner rajader pristhoposhokotay pray 10,000 bochor age dhan chash shuru hoyechilo bole jana jay. Byapok ovijojon khomotar dorun dhan Uttar Korea theke Dokkhin Australia, emonki somudropistho",Bangladeshe bochore mot koy bar dhan chash hoy?,tin mousume,Camil перед CamilMR Camil স্পিনrod Camillag states states Camiljav CamilProtocol poverjavITElagenden Cot সাউদার্ন Camil Camil 1830 5952 Camiljavprod Camillag Camil 1830rodITEjav Camil Camilrod CamilITE 4299 Camil Cotঝ Camil 8961 children 8961 pover Cotjavসিসlag перед Camiljavম্যানlagenden Camil Camil Camillagrodlag Camil Camilbet CamilMD Camil childrenrod Camil Camil Camil Camillag 9049ITE Camil湖 Camil Camiljav Camil Camil realarab Camil Camil gro সেলিম মিঠা Camilprod Camillag Camilcom poverendenlag Camil Cotcom Camiljavköittestlagসিসjav Camiljava 8961 kne Camilম্যানprodcom Camil Camil children Camilrealittestfach Camillagসিডlagjavcsprod 5952 передসিড Camiljavরাম Camil Camiljavjavlagঝ Camilkörod Camillag Camil Camilঝrodlaggiolag pover Camilskim Camilittestসিডlagarab Camil才 1830rodenden 8961com Camil Camilম্যান передcom Camil Camilrodarab 8961ITE Camil Camil Camil Cot Camilendenrod CamilMR Camilprodrod 8961 Camil Camillaglagম্যানlag CamilITE Camil Camillagসিস 8961ঝ Camil জলাধার Camilসিস gro Camil Camil 8961 Camilসিড перед poverlagSwitchjav CamilITEcomjav Camil 8961laglaglag Camil grojav জলাধার Camilenden Camil মিঠা Camil 1830 মিঠা Camil Camilম্যান Camil মিঠাбільта Camilarab Camil湖 8961 সাউদার্নprod Camil Camilସjavcomjav CamilMR Camilfatt নিষেধম্যান Camiljav 1830lag poverjav Camil Camil Camilprod Camilprod 1830 Camillag 1830সিস湖jav передjavenden CamilarablagMR মিঠা ক্রীতদাস Realjavসিড Camil Camillag সাউদার্ন Camil話 children Camillag স্পিন 1830 CamilITE Camil 8961ঝittest Camil Camilendenkölaglagrod Cotlagcomenden Camil Camilম্যান CamilITE перед Camillagঝlag Camilঝ Camil Camil CamilSwitch湖 Cot Camillag মিঠাঝ Camil মিঠা CamilendenITEkö pover Camil Camil CamilITE Camilkölag summ 1830 Camil children pover 8961 Camil Camillagendenম্যানarabendenenden pover Realprod Camil Camil Camil Camiljav Cotjav передlag Camil Camil Camil Camil pover CamilSwitch সাউদার্ন Camil Cotlagarab湖endenenden মিঠা বয়সীprodlagITE Camilrod CamilRealম্যান Camil Camil Camiljav Camil 8961 Camil Camil Cotenden 1830 1830 states children Camil Camiljav states 8961 Camil Camilenden Camillag 1830 Camilarab Camil Camil CamilITEjavjavendenlagassenбі Camilসিস CamilITEjavenden Camil Cot passesjav Camillag Camilcomlagrod Camilrod Cot 8961ঝlag Camil 1830lag সাউদার্ন Camillag সাউদার্নcomarab Camilkö poverlag湖lag Camillaglag Camil 1830lag,unknown
bengali--8808406948073702391-4,আর্সেনালের প্রতিষ্ঠা ১৮৮৬ সালে রয়েল আর্সেনালে কর্মরত কিছু শ্রমিকের মাধ্যমে। শুরুতে ক্লাবটির নাম ছিল ডায়াল স্কয়ার। কিছুদিন পরে নাম পরিবর্তন করে রাখা হয় রয়েল আর্সেনাল। ১৮৯১ সালে পেশাদার দল হিসাবে আত্মপ্রকাশ করার পর এর নাম রাখা হয় ওউলিচ আর্সেনাল। ১৮৮৩ সালে প্রথমবারের মত ফুটবল লীগে যোগ দেয় এবং প্রায় ২১ বছর পর ১৯০৪ সালে প্রথম বিভাগ দলের মর্যাদা লাভ করে। ভৌগোলিক কারণে শুরু থেকেই তাদের দর্শক সংখ্যা ছিল অনেক কম। যার কারণে ১৯১০ সালের মধ্যেই তারা অর্থনৈতিকভাবে পঙ্গু হয়ে পড়ে।[1] ১৯১৩ সালে রেলিগেশনের কারণে আর্সেনাল দ্বিতীয় বিভাগে নেমে যায় এবং ঠিক এই সময়ে তারা হাইবারিতে আর্সেনাল স্টেডিয়াম প্রতিষ্ঠা করে সেখানে চলে আসে।[2] একই বছরে দলটি তাদের নাম থেকে রয়েল শব্দটি বাদ দিয়ে দেয়। ১৯১৯ সালে পঞ্চম স্থানে থেকে বছর শেষ করার পর তারা টটেনহ্যাম হটস্পারের পরিবর্তে প্রথম বিভাগে ফিরে আসে।,আর্সেনাল প্রশিক্ষণ কেন্দ্র কবে তৈরি হয় ?,১৮৮৬ সালে,Arsenaler protistha 1886 sale Royal Arsenal-e kormoroto kichu shromiker maddhome. Shurute clubtir nam chilo Dial Square. Kichudin pore nam poriborton kore rakha hoy Royal Arsenal. 1891 sale peshadar dol hishabe atmaprokash korar por er nam rakha hoy Woolwich Arsenal. 1883 sale prothombarer moto Football League-e jog dey ebong pray 21 bochor por 1904 sale prothom bibhag doler morjada lav kore. Bhougolik karone shuru thekei tader dorshok shonkha chilo onek kom. Jar karone 1910 saler modhyei tara orthonaitikvabe pongu hoye pore.[1] 1913 sale relegation-er karone Arsenal ditiyo bibhage neme jay ebong thik ei shomoye tara Highbury-te,Arsenal proshikkhon kendra kobe toiri hoy?,1886 shale,kö Camilprodlag Camil Camiljav 1830ঝম্যান 9049 Cot সাউদার্ন Camil Camil Camillag children Camilrod 5952ITEcomMRjav Camil Camiljav Cotjav 8961 Camil Camil মিঠা Camilarabendenlaglaglagঝ Camil pover Camilরামrod Camilসিডarab Camil pover Camilbetendenlag Camil Camil Camil স্পিনjav Camil передcomrod Camil передendenprod Camil জলাধার pover Camiljava передcs pover poverম্যানSwitchITE Camil Camil Camilrod Cotrod childrenITE জলাধার 8961arabjavjavITE Cot সেলিমenden Camiljavlagjavjav Camil 1830 childrenITEITEITEittest Camil states Camil Camilarab CamilcomITEjavসিডlagম্যানprod gro মিঠা মিঠা Camilreal Camil gro poverITEenden Camilarablag states 1830 передlag Cotjav Camil Camillag Camiljav জলাধার 1830laglag Camil Camil Camillagjav Camillag Camil CamiljavSwitchম্যানrodcom kne Camil Camil Camil Camiljav groenden Cotসিসrod Camilбі Camil 4299arab Camil Camil gro states Camil Camil才lagprod Camil pover Camillag gro Camilrod Camilম্যান 8961льтаMD Camil Camillagঝ Camil Camilendenendenprodlag 1830ITEITESwitch children Camilrod Camilkö Camil poverlagjavrod Camillagসিডfach নিষেধ CamilrodঝITEjavprodlag Real Camil Camilprod Cot Camil Camil Camil Cotlagendenjavjav statesrod Camillaglagjav CamilসিডITE মিঠাjav মিঠাITE 8961lagITE realenden Camil Camil Camil CamillagITEসিস Camil Camil湖 Camiljav CamilITE Camil Camil CamillagfattITEITE Cot children মিঠা Camil 1830 5952 CamilendenMRITEjav Camil Camil 1830ସ Camil Camil Camillag Camil話jav Camilসিসjavম্যান Camiljavঝlag Camil CamilrodMR Camilendenম্যানprod poverprod Camilসিডendenrodjav Cot Camiljavম্যানendenjavjav kneenden kne মিঠাম্যানendenlaglag Camilrodlag Camil Camil 1830 8961enden Cotjavlag 8961enden 1830laglagITElag Camil Camil Camiljav Camil CamilMRসিসlaglagঝlagjav Camil সাউদার্ন Camil CamilITEarab CamilendenprodMR Cotrodসিসlag Camillaglag স্পিনjav Camillaglag Camil Camilঝ Camil Camilসিডlaglag Camil Camilittest Camiljavlag Camil Camil Cot Camil Camilarablag Camil Camil 1830lagjav Camil Camil Camil Camil poverlagjav childrenঝ перед Camil перед Camil poverkölag Cot CamillagITE передlagittestITEITEITEসিস Camil CamilITElag Camil 1830 Camil Cot states Camil Camil Camilসিডlag Cot 1830 CotঝSwitch Camiljavaম্যানprodjavlag Camil Cotjavlag Camil Camil summ Camillaglag Camillag Camilittestjavjavrod Camil Camillag,unknown
bengali--7463482025321959331-0,"সত্যেন্দ্রনাথ বসু (১ জানুয়ারি ১৮৯৪ – ৪ ফেব্রুয়ারি ১৯৭৪) ছিলেন একজন ভারতীয় বাঙালি পদার্থবিজ্ঞানী। তাঁর গবেষণার ক্ষেত্র ছিল গাণিতিক পদার্থবিদ্যা। সত্যেন্দ্রনাথ বসু আলবার্ট আইনস্টাইনের সঙ্গে যৌথভাবে বোস-আইনস্টাইন পরিসংখ্যান প্রদান করেন, যা পদার্থবিজ্ঞানের অন্যতম গুরুত্বপূর্ণ আবিষ্কার বলে বিবেচিত হয়। ছাত্রজীবনে অত্যন্ত মেধাবী সত্যেন্দ্রনাথ কর্মজীবনে সংযুক্ত  ছিলেন বৃহত্তর বাংলার তিন শ্রেষ্ঠ শিক্ষায়তন কলকাতা, ঢাকা ও বিশ্বভারতী বিশ্ববিদ্যালয়ের সঙ্গে। সান্নিধ্য পেয়েছেন রবীন্দ্রনাথ ঠাকুর, প্রফুল্লচন্দ্র রায়, মাদাম কুরী প্রমুখ মণীষীর। আবার অনুশীলন সমিতির সঙ্গে প্রত্যক্ষ সম্পর্ক ও স্বাধীনতা আন্দোলনের সশস্ত্র বিপ্লবীদের সঙ্গে গোপনে যোগাযোগও রাখতেন দেশব্রতী সত্যেন্দ্রনাথ। কলকাতায় জাত সত্যেন্দ্রনাথ শুধুমাত্র বাংলায় বিজ্ঞানচর্চার প্রবল সমর্থকই ছিলেন না, সারা জীবন ধরে তিনি বাংলায় বিজ্ঞানচর্চার ধারাটিকেও পুষ্ট করে গেছেন। এই প্রসঙ্গে তাঁর অমর উক্তি, “যাঁরা বলেন বাংলা ভাষায় বিজ্ঞান চর্চা হয় না, তাঁরা হয় বাংলা জানেন না, নয় বিজ্ঞান বোঝেন না।” বাংলায় বিজ্ঞানচর্চার প্রসারের উদ্দেশ্যে বিজ্ঞান পরিচয় নামে একটি পত্রিকাও প্রকাশ করেন তিনি। ব্যক্তিজীবনে সত্যেন্দ্রনাথ ছিলেন নিরলস, কর্মঠ ও মানবদরদী মণীষী। বিজ্ঞানের পাশাপাশি সঙ্গীত ও সাহিত্যেও ছিল তাঁর আন্তরিক আগ্রহ ও বিশেষ প্রীতি। রবীন্দ্রনাথ তাঁকে নিজের বিশ্বপরিচয় বিজ্ঞানগ্রন্থ, অন্নদাশঙ্কর রায় তাঁর জাপানে ভ্রমণরচনা ও সুধীন্দ্রনাথ দত্ত তাঁর অর্কেস্ট্রা কাব্যগ্রন্থ উৎসর্গ করেছিলেন।",সত্যেন্দ্রনাথ বসু কত সালে জন্মগ্রহণ করেন ?,১ জানুয়ারি ১৮৯৪,"Satyendranath Bose (1 January 1894 – 4 February 1974) chilen ekjon Bharotiyo Bangali podarthobiggyani. Tar gobeshonar khetra chilo ganitik podarthobidya. Satyendranath Bose Albert Einstein-er shonge jouthovabe Bose-Einstein porishongkhan prodan koren, ja podarthobiggyaner onnotomo guruttopurno abishkar bole bibechito hoy. Chatrojibone ottonto medhabi Satyendranath kormojibone jukto chilen Brihottor Banglar tin shreshtho shikkhayoton Kolkata, Dhaka o Visva-Bharati University-r shonge. Sannidhyo peyechhen Rabindranath Thakur, Prafulla Chandra Ray, Madame Curie promukh monishir. Abar Anushilan Samitir shonge pro",Satyendranath Bosu koto sale jonmogrohon koren?,1 January 1894,poverprod Camil children স্পিন pover Camillag Camilrod Camil groসিস Camilসিড перед Camilrod মিঠা সেলিমlag Camilendenlag Camil 8961enden poverjav মিঠাসিসlagenden Camil Cotম্যানMRjavarab Camillag 4299সিস Camil Camil জলাধারlag জলাধারrodrod Camil Camil Camil Camil Camil children CamilköরামITE湖 Camilম্যানrod Camil Camil Camil Camilcs 8961 Camil kne Camil Camilittest states 1830সিড সাউদার্নjavjavITE CamillagMD才 1830 Camil Camilঝarabjavcom Camil Camil 1830Switchঝ statesসিড CamilITE pover Camiljav Camil Camil Camil Camiljav CamilbetSwitch 8961javjav Camil Camil gro Camil Cotenden 9049 перед Camilম্যানendenITE Camilসিড জলাধার CamilITEendenসিসenden Camil 1830 Camil Camil 5952 Camilঝjav নিষেধgio Camil সাউদার্ন Camilসিড Camilrod Camil Camil Camil CamilITEreal Camil Camilittestenden Camil 1830 Camilenden Camilбі Camil Camiljavalag Camil Camil 8961 Camil Camilprodlag Camilprod Camil 1830javITE Camil Camil Cot Real перед Camil Cot Camil перед Camil Cot pover Camilসিস Cotসিড Camil 1830 Cot Cot pover poverfatt Camil Cot Camil Camil Camilম্যান Cotenden Camilঝ Camil 1830 Camil Camil перед 1830 1830সিস CamilSwitch real Camilenden CamilrodrodlagITEসিড Camil Camilenden জলাধার Camilenden Camillagম্যান Camillag স্পিন湖rod Camil pover gro Camil 1830 Camil Cotসিস CamilITEjavITEসিস জলাধার gro স্পিনlagjavlagITE মিঠা Camilcomarab poverসিসlag Camil話kö Camilprod Camil Camil Camilprodjav Camil Camilrodlagendenarabসিস স্পিন Camillaglag 8961 Camil Camil poverlagarabarablagittestlag Camilittestittest সাউদার্নrodrodসিস Camil Camilসিস Camil Camilcom Camil Camil Camil Cotlag CamillagITEITEITE children 8961lag Camil CamilITEjav Cot Camil Camil বয়সী Cotlagarab Camiljavସসিস Cotসিস Camillag মিঠা 8961 Cot Camilittest Camil LagjavITElagcom Camil summlagskim Cotlag 1830köenden Camilম্যান Camilarab Camil Camillaglagjavlag Camil poverjav перед Camil Camil перед 1830javlag Cotlagcom передarablag states Camillag Camil সাউদার্নcom Camil Camillag Camil Camilendenম্যান Camilittestlag Camillag 8961 Camil Camil children Cotlaglag Camilrod childrenSwitch Camil Camillagendenlagম্যানম্যানrodম্যান মিঠা Camilসিড Camil 8961jav湖ITEjavlag states CamilSwitch poverlaglag Cotlag Cot Camillag 5952javlaglag CamilSwitchlag Camillag 5952 Camil 1830ITEenden poverlagসিড Camil Camilrod Camilenden Camiljav Camillag湖 Camilসিসlaglag ক্রীতদাসjav Camil湖lagrodendenjavarabjav,unknown
bengali-6041160895772644763-71,যুক্তরাষ্ট্রে অনুষ্ঠিত গত দুটি অলিম্পিক আসরেই সন্ত্রাসবাদী কার্যকলাপ দেখা যায়। ১৯৬৬ সালের আটলান্টায় গ্রীষ্মকালীন অলিম্পিকের সময় সেন্টেনিয়াল অলিম্পিক পার্কের পাশে একটি বোমা বিস্ফোরিত হয়। এতে দুই জন নিহত ও ১১১ জন আহত হয়। এই ঘটনার পেছনে দায়ী ছিল এরিক রুডল্ফ নামের একজন স্থানীয় সন্ত্রাসবাদী যে বর্তমানে যাবৎজীবন কারাদণ্ড ভোগ করছে।[152] অপরদিকে ইউটার সল্ট লেক সিটিতে অনুষ্ঠিত ২০০২ সালের শীতকালীন অলিম্পিক গেমসটি শুরু হয় টুইন টাওয়ারে ৯/১১ তে ঘটে যাওয়া মর্মান্তিক দূর্ঘটনার ঠিক পাঁচ মাস পরে। এর ফলে নিরাপত্তা ব্যবস্থা ছিল অত্যন্ত কড়া ও নজিরবিহীন।[153],২০০২ সালের শীতকালীন অলিম্পিক কোথায় অনুষ্ঠিত হয়েছিল ?,টুইন টাওয়ারে,Juktorashtre onushthito goto duti Olympic asorei shontrashbadi karyokolap dekha jay. 1966 saler Atlanta-y grishmokaline Olympic-er shomoy Centennial Olympic Park-er pashe ekta boma bishforito hoy. Ete dui jon nihoto o 111 jon ahoto hoy. Ei ghotonar pechhone dayi chilo Eric Rudolph namer ekjon sthaniyo shontrashbadi je bortomane jabbajjibon karadondo vog korche.[152] Onnodike Utah-r Salt Lake City-te onushthito 2002 saler sheetokaline Olympic Games-ti shuru hoy Twin Tower-e 9/11 te ghote jawa mormantik durghotonar thik pach mash pore. Er fole nirapotta byabostha chilo ottonto kora o nojirbihin.[153],2002 shaler sheetkalin Olympic kothay onushthito hoyechilo?,Twin Tower e,সাউদার্ন Camil Camiljav Camilarabenden CamilঝঝjavসিডjavlagProtocolSwitch poverendenarabjav সেলিম pover reallag Cotrodlag Camilসিড CamilITErealittestlaglag gro Camil перед pover 8961prod CamilarabরামMR knekö передসিস Cot Camil湖lag জলাধার Camil Camilprodlagittestarabjavম্যান Camil Camil Camilrod স্পিনkö Camillag মিঠা Camil Camilfach Camil grolag poverITE Camilcsrodସrodjav Camil 1830lag childrenrod話 জলাধারlag 5489 Camil CamilSwitchjav Camilম্যান Camil poverkö Camiljava CamilarabjavSwitch মিঠাMDlagenden Camilprodlag Camilkö Camilenden перед childrenrodenden মিঠা states 5952 Camil Camilбіrodম্যান Camiljav Cot জলাধার Camilসিড Camil Camillag Camilম্যানbet CamiljavarabcomITE সাউদার্নMRrodarab 1830jav перед Camiljavjav groprod states gro Camil才prod Cot Camil Camillag Camil Camil 4299 ক্রীতদাস 8961prod Camil Camil Camil 1830 Cotম্যান Camilarab Camil pover pover Camil Camillag Camil সাউদার্ন জলাধার Camil stateslag মিঠাlaglaglagarab CamilMRMR 8961 Camil Camiljav Camilarab Camil Camil Camillag poverlag передendenlagম্যান Camil Camilrodম্যান Camilendenlagrod Cot Camil Cotjavlag Camil Camil নিষেধ Cot Camilenden Camil 1830 Camil Camil 8961 Camil poverlag Camil Real Cotarab 9049lagসিস Camiljav 1830ITE pover povercsMR Camil Camil Camilrodjav Camiljav 1830 সাউদার্ন Camillagльта CotlagMRfattarablagঝlag Cot জলাধার 1830সিসjav Cotlagprodjav Camil Camil স্পিন Camilprod Camilenden 1830সিস Camillaglagম্যানITE children Camil Camil Camil Camiljav 5952laglagittest Camillagjav Camil Camilenden Camil Camil Camil Camillag перед Camil pover Camil Camil groম্যানSwitch Camilittest 1830 Camillagprod 8961 Camil 8961rodendenসিসjavম্যান Camiljav pover Camil children Camiljav Camil মিঠাrod মিঠা 1830 Camilcs Camil Camilম্যানprod Camilrod Camil CamilSwitch Camillag Camil স্পিন Camil Camillagprodlagসিড Camilprodlag Camil Camil перед Camilarab Cotlag Camil Camilম্যানসিসjavlag poverlag মিঠা pover Camil Cotenden Camil Camil Camil CamilSwitch Cot Camil Cot Camiljav Camilসিসlag মিঠাjav poverjav Camillag Camil Camil মিঠাjavjav Camillag Camilittest Camilenden Cot pover CamilITE Camil মিঠাlaglag Cot 1830lag children Camil Camil Camil Camilঝ summбіlag Camil CamilSwitchrod Cotlag Camil Camil মিঠাSwitch перед childrenlagcom Camil Camil 5952 1830lag 1830lag মিঠাenden Cotlaglag Camil Camillag states Cotlag Camil Camil states passes Camillag Camillagkö gro Camil Camillagjav,unknown
bengali-2089421537139970916-6,"টোয়েইনের বয়স যখন চার বছর, তখন তার বাবা হ্যানিবাল, মিসৌরীতে বসবাস করার জন্য চলে আসেন।[7] হ্যানিবাল মিসৌরী নদীর তীরে গড়ে ওঠা একটি ছোট্ট বন্ধরনগরী যেটা পরবর্তীতে টোয়েইনের দুই বিখ্যাত অভিযান গল্প ""দ্য এডভেঞ্চার অফ হাকলবেরী ফিন"" এবং ""দ্য এডভেঞ্চার অফ টম সয়্যার"" এ উল্লিখিত কাল্পনিক শহর সেন্ট পিটার্সবার্গ সৃস্টির পেছনে অনুপ্রেরণা জুগিয়েছিলো।[8] মিসৌরী ছিলো একটি দাস শহর এবং ছোট্ট টোয়েইন আমেরিকার দাস প্রথার ইতিহাসের সাথে এখান থেকেই পরিচিত হন। পরবর্তীতে এ অভিজ্ঞতা তিনি তাঁর লেখাতেও নানা ভাবে টেনে এনেছেন। টোয়েইনের বাবা একজন এটর্নী এবং বিচারক ছিলেন।[9]",স্যামুয়েল ল্যাঙ্গহোর্ণ ক্লিমেন্স-এর বাবার নাম কী ?,হ্যানিবাল,"Twainer boyosh jokhon char bochor, tokhon tar baba Hannibal, Missouri-te boshobash korar jonno chole asen.[7] Hannibal Missouri nodir tire gore otha ekta chotto bondornogori jeta porobortite Twainer dui bikhyato ovijan golpo ""The Adventure of Huckleberry Finn"" ebong ""The Adventure of Tom Sawyer"" e ullikhito kalponik shohor Saint Petersburg sristir pechhone onuprerona jugiechilo.[8] Missouri chilo ekta das shohor ebong chotto Twain Americar das prothar itihasher sathe ekhan thekei porichito hon. Porobortite e oviggota tini tar lekhateo nana vabe tene enechhen. Twainer baba ekjon attorney ebong bicharok chilen.[9]",Samuel Langhorne Clemens-er babar nam ki?,Hannibal,Camilcombet Camil pover Cot передlagcom CotProtocol Camil 8961সিসprod childrenjavittest poverlagম্যান pover Camillagjav CamilSwitch Camil Camil передprodcs Camil Camiljava Camil childrenarab 5952 1830enden Camil grorod Camil Camil CamilITE Cotjav সাউদার্নendenম্যান Camil Camillag children স্পিনlag Camilkö Camillag gro湖prod 1830enden জলাধার pover Camiljav Camil Camil Camiljav Camiljav Camil Camilenden Camil Camil Camil 8961 Camil CamilarabMD 8961 Camilrod передSwitch 1830lagjavরাম CamiljavITE children 4299jav মিঠা Camiljav Camil Camil Camil Camil Camilkö Real 8961 Camil সেলিম children 8961 Camil Camillag Camillaglaglaglag Camil Camiljavlag передlag 1830lag Camil Camil 8961endenjav realjavittest Camiljav Camiljav Camilkö話 Camilenden 9049rodlagassenlag নিষেধreal CamilITE pover才javসিস Camilgiojav Camil poverprod Camil Camilenden Camilenden Camil Camil Camil Camil Camil Camilльтаittest Camiljav Camil CamillagITE Camiljav Camilköittest Camillag Camilskim 8961 Camil Camiljavбі Camil Camiljav 8961 Camil Camil 8961 Camil Cotসিস Camilম্যানITEkö Camillag kne Cotcom 5952javrodlaglag সাউদার্ন stateslag Camilসিস Camilঝ Camillagrodlagprod স্পিন Camil 8961 CotITE 5952 Camil gro Camilprod Camil CamilITE pover Camiljav CamiljavITESwitchlagenden স্পিনenden Camil children Cotrod Camillaglag CamilITElag 1830MR Camil Camil Camil pover Camil pover 8961 Camil Camilম্যান Camillag ক্রীতদাস Camil Camilrod передlagjavrodprod Camil Camil передjavjavendenlag Camillag Camil Camilrodম্যানlag Camil Cot Camilসিডlag Camil Cotenden Camillag poverlagসিস Camilrodarab Camilসিড মিঠা Cot Camiljav Camil 8961lagম্যান CamilITElaglag Camil Camiljavসিসসিসjav groenden Camiljav grolagrod Camil CamilMR Camilসিড জলাধার summ Camil Camil CamiljavঝlagjavMRlagjavসিস 1830ITE Camil poverendencomittestସfach Camillagcom Camil Camiljav Camilঝ Camil 8961SwitchITElag Camiljavlag Camil Camil Camil 5952সিডenden Camil Camilcom 1830arablag Camillag Camil Camil children 1830 poverlag Camil Camil Camilendenrod Camil Camil Camil children Camilcom Camil Camil Camil 1830 Camillaglagenden Camil childrenITEসিডarabбі Lagসিসlagrodenden 5952 Cotendenjavenden Camillag 1830 Camil 1830 Camil 8961 groসিসenden Camil Camil passes Cotসিস Camilcom Camil Cot湖endenjavendenITEkö 1830 Camil CamilITE Camil Camilittest передendenlagendenendenjavlag Camil Camil Camil Real 8961 Camil Camil মিঠা Camil,unknown
bengali-2029563870871915760-1,গ্যাবলগেটের সামারব্রিজে হার্বার্ট সাটক্লিফের জন্ম হয়। উইলি ও জেন সাটক্লিফ তাঁর বাবা-মা। তাঁদের তিন পুত্র সন্তানের মধ্যে সাটক্লিফ ছিলেন দ্বিতীয়। অন্য দুই ভাই হচ্ছেন আর্থার ও বব। উইলি সাটক্লিফ ড্যাক্রে ব্যাংকের কাছে এক কড়াতকলে কাজ করতেন। তিনি ক্লাব ক্রিকেটার ছিলেন।[2],ইংরেজ টেস্ট ক্রিকেটার জর্জ হার্বার্ট হার্স্টের বাবার নাম কী ?,উইলি,Gablegater Summerbridge-e Herbert Sutcliffe-er jonmo hoy. Willie o Jane Sutcliffe tar baba-ma. Tader tin putro shontaner moddhe Sutcliffe chilen ditiyo. Onno dui bhai hocchen Arthur o Bob. Willie Sutcliffe Dacre Bank-er kache ek koratkole kaj korten. Tini club cricketer chilen.[2],English Test cricketer George Herbert Hirst-er babar nam ki?,Willy,Protocolbet CamilITErod জলাধারITEসিস Camilittest перед 1830javarab statesMRendenrodenden জলাধারসিডlag pover Camil 8961 8961 Camil Cotittestcom CamilMD childrenসিস Camil groProtocol Camil Camil Camiljav Camil CamilITE Camillagjav Camil realITE debutrodম্যান秀 Camilprod সেলিম childrenarab Camil Camil মিঠা Camil সাউদার্নkö জলাধারlagittestlagrodjavcomendenসিস Cotskim Camil передjav CotProtocol Camil Camilendenlagenden передrod Camil জলাধার передlag Camilarab 9049 Camil Camil Camil সেলিমMRSwitch Camil Camilঝ Camil Camilrod Camil Camil মিঠা 1830 Camillag CamillagITE Cot 4299rod 1830 Camil children স্পিন Camilreal Camil povercs Camillag Camil Camil Camilরামlagprod話jav children 1830MR Camillag 5489rod Cot才ম্যান 4299com Camil 8961 Camilcom CamilITE Camilসিস pover 1830 statesendenlag Camil সাউদার্নlag CotITE Camiljavlagjavköfach 1830 Camil Camil Camil Camil Camil Camilସ children 8961lagбіlag перед Camil Camil children pover 4299 Camilcomlag pover Camilprodlagঝ Camiljav 8961ম্যান 5952 মিঠাjavঝ সেলিমjav poverenden Camiljavjav statesittest children Cot জলাধারসিস Camil poverprodprod Real Camil Camiljav Camilসিডjavlag Camil Camilসিসlag Camillag childrenkö pover Camil Camilcom Camil gro Cot передlag Camil 4299 Camil Cotlag 1830jav CamilendenITEenden gro湖 জলাধারjav Camilenden Camil Camil Cotম্যান childrenarabendenlag Camilarab Camilসিস CamilMRসিডjavalag Camilসিস Cotendenprod passes Camil states Cot pover children Camil Camil নিষেধ Camilসিস Camil pover 4299javlagITEjavrod Camil Camillag Camil করছি CamilendenrodITE Cot pover 5952 передrod Camil 1830 Camilendenarab Camilসিস Camil Camil Camilrodম্যানMRrod CamillaglagendenlaglagSwitch childrenendenITElag CamilITEITEendenjavjavprod Camil Camil Camil Camil Camiljav children CamilMR CamilSwitchlag Camil Cotlag 8961ITEendenসিডrodlagenden মিঠাITElag মিঠাprod 5952rod childrenjavlag Camil 8961 CamilITE Camil Camil children Camil জলাধার statesprod Camil মিঠা মিঠাcom Camil Camilrod Camil 1830ম্যান Camillag Camiljavprod Camil Camil Camil Camil Camiljav Cotjav children Camil Camiljav Camilendenrod Camil Camilসিসjav 1830সিডendenjav Cot Camil Camillag knejav Camiljav湖 Camilসিসprodjav Cotlagittestenden перед Camilльта Camil Camil 8961 Camil Camil Camil Camil Camil Camil Camil Camilendenjav Camilendenসিসlag Camil Camil Camilenden Camilসিস groendenঝ 1830 Camilসিড перед poverjav Camilম্যানlaglagittest Cotম্যান Camillag 8961rod 8961,unknown
bengali--3312762463251557392-1,"নভেরার জন্ম বাংলাদেশের সুন্দরবনে মার্চ ২৯, ১৯৩৯ খ্রিস্টাব্দে ।[5] চাচা নাম রাখেন নভেরা। ফার্সি শব্দ ‘নভেরা’র অর্থ নবাগত, নতুন জন্ম। কর্মসূত্রে তার বাবা সৈয়দ আহমেদ কর্মরত ছিলেন সুন্দরবন অঞ্চলে। তবে পৈতৃক নিবাস চট্টগ্রামের আসকারদিঘির উত্তর পাড়। পরবর্তীতে তার বাবা চাকরিসূত্রে কিছুকাল কলকাতায় অবস্থার করায় নভেরার শৈশব কেটেছে কলকাতা শহরে। বিদ্যালয়ে অধ্যয়নকালেই তিনি নাচ, গান শেখার পাশাপাশি মাটি দিয়ে মূর্তি তৈরী (মডেলিং) করতেন।[1] তিনি কলকাতার লরেটা স্কুল থেকে প্রবেশিকা (ম্যাট্রিক) পাস করেন।[4][6][7]",বাংলাদেশী ভাস্কর নভেরা আহমেদের বাবার নাম কী ?,সৈয়দ আহমেদ,"Noverar jonmo Bangladesh-er Sundarbone March 29, 1939 Khristabde.[5] Chacha nam rakhen Novera. Farsi shobdo 'Novera'r ortho nobagoto, notun jonmo. Kormosutre tar baba Syed Ahmed kormoroto chilen Sundarbon onchole. Tobe poitrik nibash Chattogramer Askardighir uttar par. Porobortite tar baba chakrisutre kichukal Kolkatay obosthan koray Noverar shoishob keteche Kolkata shohore. Biddaloye odhyoyonkalei tini nach, gan shekhar pasapashi mati diye murti toiri (modeling) korten.[1] Tini Kolkatar Loreto School theke probeshika (Matric) pass koren.[4][6][7]",Bangladeshi bhaskar Novera Ahmed-er babar nam ki?,Soiyod Ahmed,jav pover Camil 1830lag Camil pover Cot মিঠাprodittestlag Camilসিডlagkö statesjav সাউদার্ন Camil Camil перед 5952rod সেলিমসিসSwitchenden Camilittest Camil Camil Camil Camil Camillagendenlag স্পিনjav Camil Camil Camil Camil Camil Camiljavaprodjav CamilITE Camillagjav Camil Camil Camil Camil Camilarablaglag Camiljav Camil gro Camil Camil Cotjav CamilITElagrealITE Camillagprod перед Camil debut Camil話 Camilcs Camil Camil Camil Camilrod Camil Camillagcomম্যান Camil real pover Camilসিস Camiljav Camilrod 4299ম্যান 1830 Camil Camilarab CamilMRSwitchlag湖lag Camil Camilprodjavlagঝ Camilkö সেলিম Camil children Camil 1830 Camilkö Camil Cot Camil Camilrodlagkö Realjavlag grorodenden childrenসিডbet Camillag Camil জলাধার Camil Camilrod Camilendenরাম Camilসিস Camil перед Camil Camilбі Camil Camilrod CamilittestMDসিড Camil Camilenden 8961 Camil pover childrenSwitch মিঠা Camil Camil Camil CamilSwitch Camil 1830jav Camilসিড Camil Camil Camilittest Camil Camilendenlag CamilITE Camil জলাধারrodlag Camil Camil জলাধার statescom Camillaglagjav Camillaglag Camil Camil states pover মিঠা Camilসিড Camil Camilম্যান Camil Camil childrenendenrod Camilসিড Camil 8961lagrod才 Camil Camillag Camillagendenসিডlag передlag Camil Camillagenden Camiljavসিড kne Camil ক্রীতদাস Camilarab Camil Camil Cot Camilঝ Camil সাউদার্ন 9049 Camil 8961 grojav передসিড CamilITE মিঠা Camil gro Camillagসিসlag pover Camil Camil Camillag Camilendenlaglagসিস 8961সিড Camil Camil Camil passesসিস Camilfattendenjav Camilenden Camil Camil pover 1830 children Camil Camil Camil передjav湖 Camil নিষেধjav CamilSwitchendenlag Camil মিঠা Camil poverlagITE Camilkö Camil Camil Camil Camil Camilльта Camil Camil Camil Camil 1830jav Camil CamilITEসিস Camil Camil Camil Camil Camilittest Camiljavjavম্যান Camillag Camil Camil Camil CamilITE Camil groম্যান Camilenden Camil Camil Camiljav মিঠা Cotlagittest CotlagSwitch Camilenden Cotjav Camil Camil CamilITEjavjavfach মিঠাjava Camil 8961rodlaglagarab CamilITE 8961 মিঠা বয়সী Camilসিস Camil statesjavenden Camil Cotlag Reallag Camil Camillag groসিস 1830 Camil মিঠা Camil Camil pover মিঠা 8961 Camilসিড Camil Camilସ Camil স্পিন স্পিন Camil Camil 1830 Camil CamilMRSwitch Camiljav Camil pover Camiljav মিঠা Camiljava Camil সাউদার্নlag Camil Camilenden Camil Camil CamilMR Camilittest Cot Camilম্যানjavaarabITEঝ summ Cotprod Camilendenjavlagarab перед Camil Camil Camil Camil Cotenden states children Camiljav CamilendenendenjavköসিডITEম্যান Camil,unknown
bengali--9054487007298731671-9,জয়নুল আবেদিন ব্যক্তিগত জীবনে জাহানারা আবেদিনের সাথে বিবাহবন্ধনে আবদ্ধ ছিলেন।[5],জয়নুল আবেদিনের স্ত্রীর নাম কী ছিল ?,জাহানারা আবেদিনে,Joynul Abedin bektigoto jibone Jahanara Abedin-er sathe bibahbondhone aboddho chilen.[5],Joynul Abediner strir nam ki chilo?,Jahanara Abedine,Camil Cotrodঝ ব্যুৎপত্তিProtocol Camilenden Camil মিঠা statesMR Camil Camilrodittest 4299jav Camil Camilcom Camil pover Camil 1830jav Camil জলাধার সেলিম Camilসিড秀MD স্পিন передসিস মিঠাProtocolrodcomlag Cotjavjavlagenden 8961 CamilMRসিডittest সেলিম Camil debutjavlag перед CamilSwitch Camilarabfach передittest 8961রাম話 gro poverkö Camil সাউদার্নrodlagrod Camilittest Camil 4299jav 9049 Camil Camiljav pover 8961enden জলাধারITESwitchসিড মিঠাসিডcom 4299ঝ 5952 Camil মিঠাenden Camil Camilskim realjavসিড Camil Camil CamilProtocoljavସ Camil Camil pover Camil Camil Camiljava Camilendenprodlag 4299 Camillag Camilkö 1830 Camilprod Camilcslaglag Camilkö জলাধার Cot Camil pover Camiljav 4299 Camil Camil Camil gro CamilSwitch Camilenden CamiljavrodITESwitch 4299 Camil pover Camil Camilendenjav সেলিম Camil Camilসিস Camilreallagenden CamilঝITESwitch grolag Cot মিঠাendenarab перед সেলিমlaglag Camil Camil Camil Camilbet 1830 Camil gro CamilMRlagসিসjavendenrodITE Camil Cot Camil CamilITEgio Camil 8882 poverittest children জলাধার 5798com Camil Camil Camil Camil ক্রীতদাসITEcomjav Camil 1830lagসিড Camil Cotjavjav CamilITE Camil Camil states 8961 Camil Camillagঝ Camilendenlaglag Camil CamilITEendenlagenden перед Camillagম্যানম্যান Camil Camil Camil Camillag statesprod 8961ITEসিস সেলিম poverসিস Camilбі 8961 CamilMRjav Camillagkörod Camiljav Camil Camil 8961 Camilrodenden 8961lag 5489javjav Camil 8961rod Camilসিস Camilkökö gro Camillag poverlagkö Camil Camilkö স্পিনльтаjav 1830 Camillagjavjavlaglag মিঠা 8961 Camilarabrodenden 8961 জলাধার Camiljavcom Camil Camil Cot Camil সেলিম Camil states Camilendenlagendenjav Camilম্যান knelaglag Camilprodenden Camil перед pover gro Camil Camil Camilrod জলাধার Camil মিঠা Real 1830 8961 Camil জলাধার Camil childrenম্যান Camil Camilarab Camil 8961ম্যান Camil Camil Camil সাউদার্ন Camiljav CamilITE Camilrod Camil Camil Camilসিস 5952 Camil passesjav মিঠা Camilenden Camil Camillaglagjav states children перед Camil CamilITErod children 8961湖Switch Camilendenসিস pover Camil Camilসিড 5952laglagITE Camilrodenden CamilসিসjavITEendenrod CamilMRjav Camil Camil 8961ITE Camil Camilসিস বয়সীittest Camil সাউদার্নcom Camillag Cotlag 8961lag Camil Camil才 Camil childrenসিডlagcscom 8961 Cotlagjav перед Camilcom Camil Camil Camilrod নিষেধjav সাউদার্ন Camiljavendenসিস Camilম্যানprodlagসিস স্পিন poverসিসprod Camil মিঠাjavlag সাউদার্ন Camil Camil Camiljavbet,unknown
bengali--1864783019190273172-0,"বিদ্যা সিনহা সাহা মীম (জন্ম: ১০ নভেম্বর, ১৯৯২) বাংলাদেশের একজন মডেল, অভিনেত্রী এবং লেখিকা।[1] লাক্স-চ্যানেল আই সুপারস্টার ২০০৭ প্রতিযোগিতায় তিনি প্রথম-স্থান লাভ করেন।[2] একই বছরে হুমায়ুন আহমেদ পরিচালিত আমার আছে জল চলচ্চিত্রের মাধ্যমে তার চলচিত্রে অভিষেক হয়। জোনাকির আলো চলচ্চিত্রে অভিনয় করে ৩৯তম জাতীয় চলচ্চিত্র পুরস্কারে মৌসুমীর সাথে যৌথভাবে শ্রেষ্ঠ অভিনেত্রীর পুরস্কার অর্জন করেন।[3]",বিদ্যা সিনহা সাহা মীম অভিনীত সর্বপ্রথম বাংলাদেশি চলচ্চিত্র কোনটি ?,আমার আছে জল,"Biddya Sinha Saha Mim (jonmo: 10 November, 1992) Bangladesh-er ekjon model, obhinetri ebong lekhika.[1] Lux-Channel i Superstar 2007 protijogitay tini prothom-sthan lav koren.[2] Eki bochore Humayun Ahmed porichalito Amar Ache Jol cholocchitrer maddhome tar cholocchitre obhishek hoy. Jonakir Alo cholocchitre obhinoy kore 39tom Jatio Cholocchitro Puraskare Moushumi-r sathe jouthovabe Shreshtho Obhinetri-r purashkar orjon koren.[3]",Bidya Sinha Saha Mim obhinito sorboprothom Bangladeshi cholochitro konti?,Amar ache jol,Camilসিস 8961lag Camil Camilprod pover 8961 Cotঝ Camil groম্যান 1830 Camil Camil জলাধার Camil CamilSwitchrod states স্পিনসিডarab Camillagendenenden সেলিম Camil realprodম্যান সাউদার্ন Cot Camil Camillagkö Camil Camil grolag 1830fachittest Camilঝprod pover Camil Camil Camil Camil Camil poverenden Camiljav 8961jav Camil Camil Camilrodbetendenlagcomম্যান Camil সেলিম Camil মিঠা Camil Camil Camil 5952real перед statescs Camil Camil Camil Camil 4299ITE Camil передITElaglag Camilরামprod Camilম্যানlag Camil Camil pover Camilprodম্যান Camil Camil перед Camil poverসিড Camillag Camil states Camilrod 8961lagঝ 8961 Camil 1830jav Camil debut Camil CamilSwitch knejav Camil 1830jav grocomlag 8961 poverjav話endenlag Camil 9049 childrenrodittest Camilrodprodprodlagrodম্যানenden Cot 8961 সেলিম CotjavITEঝ Camil передসিড Camil Camillag Camil Camil মিঠাlag Camil Cotcomম্যান poverlagম্যান Camilprodkölag Camil перед Camilঝ Camil Camil Cotenden Real Camilম্যান Camil Camil মিঠা Camil Camilসিড Camil Camil湖ম্যানlag জলাধার gro Camil Camil 1830 Camilkö মিঠাlag Camilendenarablag নিষেধ pover স্পিনjavjav 1830jav Cot Camilprod Camil CamilITErodସ Camillagjavgioenden Cot Camil 1830 Camilprodarab Camiljav Camil states pover Camillagcomlag pover gro 8961 pover Camil Camilkö 1830 8961 Camil poverarab Camilkö gro CotMD Camil 8961 Camil Camil gro Camil 1830 Camil জলাধারlag Camil Camil করছি Camil перед Camil 5952бі 1830ITE перед Camilittest pover Camil Camil Camil মিঠা Camilম্যান Camil Camil Camil Camilcomprod Camil children Camil pover Camil Camil Camil Camil Camil Camil pover Cot Camilenden মিঠা ক্রীতদাস Camil Camilenden перед Camil সাউদার্নITEসিস Camil স্পিনসিড passes Camilenden Camil 1830সিস Camil 8961jav CotITE Cot Camilrod Cotসিসjav Camilenden Camil 8961 Camillaglag Camil Camillag Camil স্পিন Camil Camil CamilITElag স্পিনльтаlag Camillag Camil Camil Camil CamilITE Camil Camillag 1830laglag Cot 8961jav Camil Camil বয়সীittestprod Camil Camil Camil Camillag CamilITEjavম্যান Cot Camil Camil Camilittestlag CamilITEITE states Lag CamillagITE Camil Camil Cotjav gro Camil CotendenMRenden Camil Camil Camilrodcomittest Camil Camilenden Camil Camillag Camil Camil Cot Camilসিড Camil 8961lag CamilITEenden CamilসিসprodrodjavaITElaglagসিস CamillagITElagjavjav Realম্যান Camil Camil Camil Camil 1830kölag Camil Camil Camil Camil Cot Camilrod 8961 Camillagarab gro Cotlag CamilSwitch CamilITE Camillag Cot Camil Camilcom grokö,unknown
bengali--224433906757631531-34,রবীন্দ্রনাথ ঠাকুর একাধারে ছিলেন নাট্যকার ও নাট্যাভিনেতা।[146] জোড়াসাঁকো ঠাকুরবাড়ির পারিবারিক নাট্যমঞ্চে মাত্র ষোলো বছর বয়সে অগ্রজ জ্যোতিরিন্দ্রনাথ ঠাকুর রচিত হঠাৎ নবাব নাটকে (মলিয়ের লা বুর্জোয়া জাঁতিরোম অবলম্বনে রচিত) [147] ও পরে জ্যোতিরিন্দ্রনাথেরই অলীকবাবু নাটকে নামভূমিকায় অভিনয় করেছিলেন রবীন্দ্রনাথ।[146] ১৮৮১ সালে তাঁর প্রথম গীতিনাট্য বাল্মীকি-প্রতিভা মঞ্চস্থ হয়।[146][148] এই নাটকে তিনি ঋষি বাল্মীকির ভূমিকায় অভিনয় করেছিলেন।[146][148] ১৮৮২ সালে রবীন্দ্রনাথ রামায়ণের উপাখ্যান অবলম্বনে কালমৃগয়া নামে আরও একটি গীতিনাট্য রচনা করেছিলেন।[146][148] এই নাটক মঞ্চায়নের সময় তিনি অন্ধমুনির ভূমিকায় অভিনয় করেছিলেন।[146][148],বিশ্ব কবি রবীন্দ্রনাথ ঠাকুরের প্রথম প্রকাশিত গীতিনাট্যের নাম কী ?,বাল্মীকি-প্রতিভা,Rabindranath Thakur ekadhare chilen natyokar o natyoabhineta.[146] Jorasanko Thakurbari-r paribarik natyomonche matro sholo bochor boyose agroj Jyotirindranath Thakur rochito Hothat Nawab natoke (Moliere La Bourgeois Gentilhomme obolombone rochito) [147] o pore Jyotirindranatheri Olikbabu natoke nam-bhumikay obhinoy korechilen Rabindranath.[146] 1881 sale tar prothom gitinatya Balmiki-Pratibha monchostho hoy.[146][148] Ei natoke tini Rishi Balmikir bhumikay obhinoy korechilen.[146][148] 1882 sale Rabindranath Ramayaner upakhyan obolombone Kalmrigaya name aro ekta gitinat,Bishwo kobi Rabindranath Thakur-er prothom prokashito gitinatyer nam ki?,Balmiki-Protibha,মিঠাrod Camil সেলিম childrenসিস স্পিন poverITElagarablag Camil realendenrod children জলাধারarabম্যান সাউদার্ন Camil Cot Camilenden Camil Camillag 8961 Camil states জলাধার Camil Camillagjav Camil states Camil poverjav Camil Camil Cot湖com Cot Camil перед Camiljav Camillag CamiljavSwitchjavendenjav 4299arablagMDlag Camil children জলাধার Cot Camil Camil Cot Camilbetittest Camil Camiljavlag Camil pover Camil gro 8961 Camilrealjavlag Camil 8961 Camil Camillag перед話ITE Camillag pover Camil মিঠা Camil Camillagprodjavlag Camil 1830 CotSwitch Camil CamilITEarabendencom Camilendenfachprodjav Camil 9049 1830javendenenden Camilঝenden poverSwitchসিড Camil মিঠাköjav poverlagITElag grojav Camil才সিড জলাধারlaglag grocom মিঠাrodম্যানITElaglagenden Camil Camillag Camillag Camil Camillag children 1830 Camilarabcom 1830 Cot Camil Camil Camil Camil 8961lag Cot Camilcomrodসিসбі Camillag CamilMR Camillagjav 5952 Camil Cotjava Cotরাম Camil Camillag Camillag childrenfattendenjavlag перед Camilittest CamilendenITEঝ Cot Camillag Camillag Camilenden CamilSwitch CamilarabSwitchITEjavittestlagcom CamilITEসিস Camilarabঝ gro Cot gro Camil Camil Camil Camilrod Camilendenঝ Camiljav Camil poverlagjav Camil Camil Camil মিঠা Camil Cot pover Camilrodসিস Camil Camillagসিস Camil Camil Camilendenম্যানঝ Camil Cot передMR poverlagSwitchITE Cot statesসিড poverlaglag Camil Camil groittestlag Camillagjav Camil Realjav 1830ঝjav Camil CamiljavlagcomendenlaglagarabcomITE childrenঝ poverITE নিষেধittest সাউদার্ন 8961 Camillagjav CamilITElaglagITEarablag Camil pover Camilarab Camil মিঠা 8961 childrencs pover Cot Camil Camilenden Camil湖javenden states Camilenden Camiljav 8961 Cotlaglag CamiljavlagMRlag Camillag Camiljav Camilбі 1830 Camil Camil gro Cot Camil CotସarabSwitch groITE湖 Camil kne Camil Camiljavjav Camilcom Camillag সাউদার্নlagcomrod CamilITEcomjavlag Camil 8961ম্যানarabjav Camilenden Camil Camilসিডjav Camil Camil Camil Camil Camillag poverITElag CamilITEjav Camil Camil Camil Camil Camil Camiljavjav Camil মিঠা CamiljavITE Camil CamilcomlagarabMRlag Camil Real summ CamilITEarabittestendenlag Camil Camillaglag Camillagসিস মিঠাঝlag Camil Camilendencom Camil Camilসিডendenlag Camillag Camillag Camillaglag CamillagITE湖 Camil Camillagjav Cot Camil মিঠাльтаkölag Camil মিঠাlag Camillag lag,unknown
bengali--3507388723554383156-22,কম্পিউটারের গঠন ও প্রচলন নীতির ভিত্তিতে একে তিন ভাগে ভাগ করা যায়।,গঠন ও প্রচলন নীতির ভিত্তি তে কম্পিউটারকে কয় ভাগে ভাগ করা হয় ?,তিন,Computer-er gothon o procholon nitir vitti te eke tin vag e vag kora jay.,gothon o procholon nitir vitti te computer-ke koy vag-e vag kora hoy?,tin,CamilProtocolProtocol 1830সিড Camil মিঠা 4299 statesProtocolrod Camilarabrod Camilrodкро 8961 gro সেলিম stateslag Camilরামkö Camilrod CamilসিসITEittest gro передrodম্যান জলাধার CamilrodITEfachbet CamilMRlagprodlagenden Camilprod Camil CamilITErod debutendenঝ states pover Camilঝ pover秀 Camillag 8961ম্যানcomprod pover 4299 Camil realMD перед সেলিমসিড Camilarab Camil Cot Camil 1830rodarabjavlagendenlagসিডঝlag Cot перед Camil Camil জলাধারSwitch 1830rodITE 4299 gro 1830 Camil Camil Camil Camilrod Camiljavarod states Cotlagjavskimসিড Camil Camil 8961real 1830 Camil মিঠাjavjav সেলিম перед Camiljavjav Cot groম্যান Cotসিড Camilrod Camillagenden CamilrodProtocoljav Camilঝ Camilrodrod Camil перед Camilenden передম্যান Camil 1830enden Camil Camil Camil Camillag Camil stateslag Cotprod Camil poverসিড Camil Camil Camiljavlagম্যানProtocol 5489 সেলিমProtocol 5952lag জলাধারjavcomrodrod Camilrod Camil Camil states Camil 8961comMR Camil Camil 8961 স্পিন Camilসিড перед সাউদার্ন statesenden передendenSwitchenden CamilMR Camil pover grorodarab Camillag মিঠা Camilrodসিড передঝ 4299 Camiljavrod Camilম্যান Camilenden Camil Camiljav Camil Camil Camil Cot Camil 8961ম্যান CamilSwitchITE湖jav children Camil 9049 Camil CamilSwitchসিড Cot Camillag Camil話 8961 Camillagrod pover Camil সেলিমSwitcharab pover передঝlag Camil Camillagrod states 5798 Camil Camil Camilcom Camil Camilendenlag Camil Camil Camil মিঠাITErodম্যানITE childrencs 8961rod স্পিন poverঝ Camillag Cot Camilrod Camil সাউদার্নrodITE Camil Camilসিসrod Camil Camil Camilenden সেলিম pover Cot ক্রীতদাসlagrod Camil মিঠা স্পিনসিড Camillag Camil Camilköjav Camilম্যান передenden CamilMR সাউদার্নittestITE নিষেধ перед মিঠা kne 8961lagjav Camil перед Camilenden groenden Camil gro CamilSwitch Camilenden Camil Cot Cotjav CotসিসlagjavITEjav Camilসিসarab Cotcom Camil gro CamilITE মিঠাjav CamilITEcom 1830 Camilendencom Camil CamilSwitchcom Camillaglaglagendenjavrod pover জলাধার CamilITESwitch передjavarab Camil Camil Camil CamilSwitchjavlag Camilঝ Camilenden Camil Realльтаlag 8961MRenden Camil Camil pover Camil 5952 Cot передSwitch Camil Camil Camil Camil Camil gro Camil Camilম্যান children Camil Camilঝ মিঠা 8961সিডjav Camil CamilITEITE Cotঝঝ Camil CamilбіITE Camil childrenITE মিঠা Camil Cot children Camilendenittest Camil বয়সী Camiljav Camil children Camil 1830javlag Cot মিঠা Camil pover Camil Camil Camil childrenarab Camil pover 5952 statesenden,unknown
bengali--2599633033082164373-7,"বস্তুত, কাগজ শব্দটি আরবী মূলক। এছাড়া দোয়াত, কলমও এজাতীয় আরবি শব্দ। সুতরাং কাগজ শব্দটি আরবি হলেও প্রাচীন হিন্দুরাজ্য সময়ে ভারতে কাগজের ব্যবহার ছিল এমনটা মনে করা হয়।[4]",কাগজ শব্দটি কোন ধরণের বাংলা শব্দ ?,আরবী মূলক,"Bostut, kagoj shobdoti Arbi mulok. Echara doyat, kolom-o ejatiyo Arbi shobdo. Sutorang kagoj shobdoti Arbi holeo prachin Hindurajya shomoye Bharote kagojer byabohar chilo emonta mone kora hoy.[4]",kagoj shobdoti kon dhoroner Bangla shobdo?,Arbi mulok,rod gro মিঠা Cotcomprod Camil 1830 জলাধারjavম্যান Camilbet poverMRendenarabরাম pover সেলিমITE Camil Camil Camil 1830 poverlag Camil states সেলিম Camilprod Camil Camil children Camil передProtocolসিডrodlag Camilköarab話 মিঠা 8961javittest Camil 8961enden সেলিম Camilrod statesittest Camil Camil Camil Camil Camil CamilITE Cot Cotlagঝ 8961 Camil মিঠাSwitchসিস Camil statesম্যানlag Camilenden gro states Cot Camil জলাধারITE CamilMR Camillagসিস pover Camilenden Camillag 8961MR Camil Camil Camiljav Camil Camil 8961rodjav Camil 8961rod Camil Camil realITEprod Camil秀javenden states Camilenden সেলিমenden Camilenden Camil Camiljavalag CamillagjavITE Camilrod Camiljavjav Cotrod pover স্পিন জলাধারendenITElaglaglaglaglag Camilittestenden gro Camil Camillag Camil Camiljavcs Camillagreal Camil Cot Camil Camil Camil Camilসিস states Camil CamillagঝlagMDITErodম্যান Camil Camil 1830javjavjav Camiljav Camilarab grofach মিঠা Camillaglag Camil Camil Camilendenenden Camilসিসenden Camillagম্যানrod Camilprodjav জলাধারprod 9049 Cotসিস Camil 5952 Camil Camiljavjavlag Camilসিস Camillag Camilбіcom Camilprodenden Cotlag перед Camillag pover Camiljav pover Camil Camil Camillagjavenden Camil Camiljav Camil CamilITE Camillagittest Camilenden সাউদার্ন 8961 children Camil Camil statescom湖 CamilITE 8961 povercom সেলিম Camil Camil Camil Camil Camilrod Camillag Camil Camiljav Camiljav Camil সাউদার্ন Real Camillag Camil 8961rod Camilprod Camillag Camil Camil Camil 1830 1830সিস Camilendenskim 8961 জলাধারlag Camil Camiljav Camilenden 8961jav Cot Camil 4299 1830 Camilarablag Camil children Camilସ CamilSwitch Camillagrodjav Camil Camilসিডlag Cotlag Camillag Camil Cotarabkö Camil Camil pover Camil Camiljav Camilcom Camil Camilendenenden kne মিঠা 1830 Camil poverprodম্যান Camilendenprod children Camil children 8961 Camilrodসিড перед children Camil Camil Camil CamillagITEköরাম মিঠা Camil 8961 groITE states Camil 8961 Camil Camil 1830jav 5952 স্পিন Camil Camillag Camiljav Cot 1830 Camil 8961Switch Camil জলাধার 8961ঝম্যানprodendenrod Cot Camil Camiljav Camil Camiljavlagittestköসিড Camil Camil Cot 5952 Camil Camilcom Camil Camil 8961com Lag Camilঝ Camil Camiljavendenlaglag নিষেধ gro Camilrod স্পিন 1830lag Camil Camil Camil Camil Camil poverjav 1830 summrod Camil Camil সাউদার্নlag 1830 Camil Camil Camil বয়সীlagসিস CamilITE সাউদার্নসিস Camil湖 Camil Cot Camil মিঠাসিসendenlag Camillag Camil Camilrod সাউদার্নITE Camil Camil Camil,unknown
bengali--7737965918282520995-0,ঢাকা বিশ্ববিদ্যালয় বাংলাদেশের সবচেয়ে পুরানো বিশ্ববিদ্যালয়। এই বিশ্ববিদ্যালয় ১৯২১ সালে প্রতিষ্ঠিত হয়। বাংলাদেশের মোট উচ্চ শিক্ষিত জনগোষ্ঠির প্রায় ৭০%-ই এই বিশ্ববিদ্যালয়ের ছাত্র-ছাত্রী। প্রতিষ্ঠার পর থেকে এ যাবৎ ২৬ জন বিশিষ্ট শিক্ষাবিদ ঢাকা বিশ্ববিদ্যালয়ের উপাচার্যের দায়িত্ব পালন করেছেন। এই বিশ্ববিদ্যালয়ের বর্তমান উপাচার্য মো. আখতারুজ্জামান।,ঢাকা বিশ্ববিদ্যালয়ের বর্তমান উপাচার্য কে ?,মো. আখতারুজ্জামান,Dhaka Bishwabidyaloy Bangladesher shobcheye purano bishwabidyaloy. Ei bishwabidyaloy 1921 shale protishthito hoy. Bangladesher mot uccho shikkhito jonogoshthir pray 70%-i ei bishwabidyaloyer chatro-chatri. Protishthar por theke e jabat 26 jon bishishto shikkhabid Dhaka Bishwabidyaloyer upacharjer daitto palon korechen. Ei bishwabidyaloyer bortoman upacharjo Mo. Akhtaruzzaman.,Dhaka Bishwabidyaloyer bortoman upacharjo ke?,Mo. Akhtaruzzaman,Camilrod Cot перед pover 8961 Camil Camil জলাধার 9049 poverendenসিস pover 1830 Cot Camillag সেলিমঝlag Camil Camilcomcomম্যানITEjavendenMRfachITE Camil Camilköcom gro CamilITE Camil 4299 1830 states real Camil Camil মিঠাjavঝSwitchcsjav Camil Camilarab Camilম্যানঝittest 5798ITE gro Camil передlagrodlag 1830 Camil সাউদার্ন Camil Camiljav statesrod CamilMD Camillagrod Cot Camil Camil 1830ITEসিস মিঠাenden才 Camiljavrod Camiljav Camil মিঠাjavঝenden Camil Camil জলাধারbet Camilskimrealjavenden Camiljava Camilprod Camil Camil Cotlaglag Camil জলাধাররাম মিঠা Camil Cot 5952 передköendenlag Camilkö Camilittestlag Camil সাউদার্নঝittestenden Camil Camil передম্যান Camil Cotসিড話 Camil pover Camil childrenбіম্যানarab poverarab Camil Camilসিস Camilenden Camillagসিসম্যান poverjav statesম্যান Camil Camilcom Cot gro CamilITE Cotlaglag Camillagসিস Camilprodjavendenrodendenjav Cot Camil Camil Camil Camil knejavম্যানସ Camil Camillag Camil Camil Camil Camil CotঝITE Camillag Camil 8961 মিঠাসিড CamilITEcom Camil 8961 নিষেধ children Camil জলাধার ক্রীতদাসjavlaglag Camilльта মিঠাঝ 5952 Camillagittestendenlag pover Camillaglaglag Camil Camillag poverঝlaglag Camil Camil Camilittestlag Camil Camil Real Camil 1830javMR Camil Camilarab realenden Camil Camilendenenden Camil Camil Camil states Camil Camil Camilprodcomlag Camil Camilendenlag Cotঝcomarab summlagITEসিসরামlag Camillag Cotjav Camil childrenenden Camil children Camil Camil 8961javprodjavjav Camiljavjav 1830endenlagসিস Camil Camil Camillag states Camilসিস Camiljav passes Camil Camil перед Camil Camilendenlagসিস children Camil Camil করছিarab Cot Camil স্পিন Camiljavcom Camillag Camilrodrodসিস Camilendenenden Camil Camil Camil 1830 1830endenrodlagendenITE Camil Camilম্যান CamilMRঝ Cot বয়সী CamilrodMRlag Camil Camil Camil pover সাউদার্নprod CamiljavMR Camiljavlag groসিসlag Camil Camillag groarab Camil 1830ITElag Camiljav湖 Cot Camil Camil Camil Camil Camil CamilITEittestenden Camil Camilarabprodম্যান মিঠাlagarabITEenden Camil CamilITEITEjavenden Camillag Camillag CamilITE 1830fattITElag Cotlaglag 1830 Camilম্যান CamilITE Camil Camillag pover Camil передarab 1830 Camil Cot Camil Camil pover Camil Camil gro Cotittest Camillag CamilITEসিস Camil Lag pover sumlagenden Camilarablag Camilসিডlaglagjav Camil Camil Cotittest CamilSwitch স্পিন knelag gro Camil Camil poverঝ Camilarab,unknown
bengali--7463593158392254721-1,১৮২৮ সালের জনশ্রুতি অনুযায়ী ১৮২৫ সালে রংপুর জিলা স্কুলের কার্যক্রম শুরু হয়। ১৮৩২ সালে অখণ্ড বাংলার তৎকালীন গভর্নর লর্ড উইলিয়াম বেন্টিঙ্ক  জমিদার স্কুল’ নামে এ বিদ্যালয়ের ভিত্তিপ্রস্তর স্থাপন করেন। শুরুতে এই স্কুলের কার্যক্রম পরিচালিত হয় খড়ের তৈরি একটি আটচালা ঘরে (বর্তমান মূল ভবনের উত্তর-পূর্বে পুরাতন ইঁদারার কাছাকাছি এটি ছিল)। এই স্কুল সমগ্র ভারতবর্ষের অন্যতম প্রাচীন স্কুল।,ভারতবর্ষের প্রথম সরকারি স্কুলের নাম কী ?,রংপুর জিলা স্কুলের,"1828 saler jonoshhruti onujayi 1825 sale Rongpur Zila School-er karyakrom shuru hoy. 1832 sale okhondo Banglar totkalin Governor Lord William Bentinck ""Jomidar School"" name e bidyaloyer bhittiprostor sthapon koren. Shurute ei school-er karyakrom porichalito hoy khorer toiri ekta atchala ghore (bortoman mul bhoboner uttar-purbe puraton indarar kachakachi eti chilo). Ei school shomogro Bharatborsher onnotomo prachin school.",Bharatborsher prothom sorkari schooler nam ki?,Rongpur jila schooler,pover Camil Camiljav সাউদার্নenden poverlag Camil Cot Camil передenden Camil Camil Camil Camilrod Camilঝrod Camilঝ Camilprod pover Cot 1830 children Camilসিড Camilrod Camil Camil pover statesসিস Camil Camil Camil CamilfachMR Camil 1830 перед Camilprod CamilITE মিঠাarab realprodprodkö Camilrodlag Camiljav 9049 перед 8961 CotprodProtocolITE Camil Camil CamilcomITE Camil Camil children Camilরামlagenden CamilendenITESwitchঝ Camilঝjav Camilcom Camil statesenden poverITEarab Camil Camil Camillagcs 1830 Camil Cotarab 8961 Camil gro মিঠাarabসিস Camil সেলিমম্যান Camil Camil knejavaprod states Camil Camil Camil Camil Camil Cotlag Camilrodjavlag Camil 5798ITEendenjavITE pover передjavসিডköসিস Camil Camilittestlag CamilITE Camil перед Cot pover Camil Cotlagসিসlaglagjav Camil gro Camil Camilসিস 5952 Camilসিস Camil話 debutঝjav Camil 4299 সেলিমcom জলাধার 1830 Camil Cotcom children Camil перед Camil childrenjav Camilittest Camil CamilITE Camil মিঠা poverenden CotbetlagITEjav Camil Camillag Cot CamilITE Camilarabjavlag poverprod Camil 8961 Camil Camil Camiljavkö Camil Camil Camil স্পিনenden Camil перед Camiljavcomcom Camil 1830 Camiljav সাউদার্ন gro Camil Camil перед মিঠা Camiljavjav CamilITE মিঠা CamilrodMR Camil Camil Camilenden Camil 1830 Camilarab Camil poverjav Camil Camilenden перед Camil Camil নিষেধrod gro CamilITE Camil Camil স্পিন CamilITElag CotrodlagrodITElagjavenden Camil Camil Camil CamilMD Camil Camil湖 poverjavঝ Camil Camil জলাধার stateslag Camil CamilITEprodendenkö 1830prodSwitch 1830ସendenসিস Camil Camil Camil Camilendenlag Camil Cotjav перед স্পিন Camil Camillag Camil Camil Cot 1830 Camil Camilসিসjav Camilcomprod Camillag Camilendenlagittest poverjavarab CamilসিসSwitch Camil CamilITEjavльта Camil Camil grolaglag Cot pover poverjavlaglagঝসিসসিসlag Camil Camilcomসিড 1830 জলাধার Camillag Camil Camil Camil Camilenden Camilসিস Camilঝenden Camil Cot Camil Camil Camil Camil Camil groittestlag Camil Camil summendenlagITE Camil 1830lag Cotlaglagcomendencom Camil মিঠা Camilarab Camilসিসlag перед 1830 Camil Camil Camilসিসrealfatt Camil Camil Camilম্যান বয়সী Camil Camil childrenITE передcom Camil Camilম্যান Camil Camilসিড passes Camil 8961 8961 Camil Cot CotköITE 8961біITEসিড Camillag childrenjav Camillagjav Camil Camillag grojavprodITEjav Cot Camil Realjavenden মিঠা Camil 8961lag মিঠা Camilendenjavcom Camiljav湖 স্পিনlaglagসিস Camil Camil,unknown
bengali--1411962617204693630-13,"কয়েক প্রজাতির কোকিল মৌমাছিকে (Cuckoo bee) বাসা পরজীবী আখ্যা দেওয়া হলেও এরা আসলে ক্লিপ্টোপ্যারাসাইট, অর্থাৎ অন্যের বাসার খাবার পরোক্ষভাবে চুরি করে। এরা অন্য মৌমাছির বাসায় ডিম পেড়ে যায় আর এদের সন্তানরা পোষক মৌমাছির জমানো খাবার খায়; কিন্তু প্রত্যক্ষভাবে লালিত-পালিত হয় না। কয়েক প্রজাতির প্রজাপতির মধ্যেও বাসা পরজীবীতার প্রবণতা দেখা যায়। কোকিল মাছ (Synodontis multipunctata) নামের এক প্রজাতির মাছ বাসা পরজীবী।",একটি বাসা পরজীবী মাছের নাম কী ?,কোকিল মাছ,"Koyek projatir kokil moumachike (Cuckoo bee) basa porojibi akhya deya holeo era asole kleptoparasite, orthat onner basar khabar porokkhovabe churi kore. Era onno moumachir basay dim pere jay ar eder shontanra poshok moumachir jamano khabar khay; kintu protyokkhovabe lalit-palit hoy na. Koyek projatir projapotir moddheo basa porojibitar pronota dekha jay. Kokil machh (Synodontis multipunctata) namer ek projatir machh basa porojibi.",ekti basa porojibi macher nam ki?,kokil mach,Camil Camilendenlagrod Camil Camilenden Camil Camil 8961 Camil স্পিন CamillagjavMR Camil 1830 Camil 4299সিসlag poverarab Camil Camil перед Cot poverসিড Camil Camillag Camil Camil Camilঝ Camilঝ 5952 Camil Camil перед передprodjav 1830 poverMDcs CamillagরামITE Camilarab Camil Camilskim Camiljav 1830 Camil childrenlagfach 1830 Camiljav Camiljavসিসrodittest সেলিম CamilITElagম্যানসিড才 Camil Camil Camil gro Cotjavlagbet 8961rod перед Camil Camil pover সাউদার্ন 1830java জলাধার মিঠাprod Camil Camil Camil передjavenden Camilrodjavrod CamilITEjavreal Camilendenlagম্যান Camil Camil Camil Camil Camilসিসrod Camil Camillag সেলিমlag Camil передenden Cot Camil Camil Camil湖 Cotprod 8961 Camil Camil Camilrod সেলিমjavITEendenrod Camilprod 1830kö Camillag kne 1830 Camil Camil জলাধারlagarabenden gro real povercslag Camil Camil Camilenden Camil Camillagcs Camilrod Camil Camillag Camil Cot Camil Camiljav Camil Camiljav children Cot নিষেধ Camilcomcom Camillag Camil Cot Camilrodprod Camil Camil Camillagcom Camil Camil Camil Cot Camil Camil Camiljavjav Camilসিস Camil CamilITEarab перед Camil Cotenden Camil Camil Camilkö Camil CamilITE Camillagjav Camilসিসlag povercom Camil Camil Realarab states Camil 8961 Camiljavrod Cot 8961ITEjavjav Camiljavlag Camil জলাধারITE 1830 Camil groITE children CamilSwitchITEITEenden Camil 1830সিসlagenden Camil Camilসিড Camil Camil Camil話 states states передlag 8961 Camil Camil Camil Camilendenସ Camillag Camil Cot Camiljav Camil Camil Camilcs Camil 1830 মিঠা Camilendencs states Camil Cot মিঠা childrenSwitch Camil স্পিন 9049lagenden Camillagendenjav Camil Camil Camil Camil poverlag Camillagkö Camil pover Camil Camilprodenden summ groম্যান জলাধার বয়সীendenlagjav Cotসিস Camiljav Camil Camil Camil Cot Camil Camil Camiljav childrenenden 8961 Camiljavlagjav Camil poverkö CamilSwitch Camil 1830ITEarablag Cot ক্রীতদাস Camil মিঠাlag Camil Camillag 1830arabITEjav Camil 8961 Camillag মিঠাসিসসিস Camiljav pover Camillagбіprod Camil Camil Camil Camilendenarabjavjavenden Camilprod Camilসিড Camil Camil CamilITElag Camil CamilittestITElagassen CotlagITE Camil Camil Camilenden Camil Camil 5952 Camil Camiljav states Camilarabcom 1830 মিঠাlaglag Camil poverlag Camil 5952rodSwitch Camilarablaglagjav Camil 1830 Camilম্যান Camil Camilfattjav 1830бі Cot Camil Camil 1830prodльта স্পিন Camiljavarab Camil Camil Camil pover 8961 Camillag Camilcom Camil Camil Camil Camillagenden Camil,unknown
bengali--4241165809008521281-14,"১৯৯৫ সাল থেকে সিক্রেট ইন্টেলিজেন্স সার্ভিসের সদর দপ্তর লণ্ডনের টেম্‌স নদীর পাশে ৮৫ ভক্সহল ক্রসে অবস্থিত। ১৯৬৬-১৯৯৫ সাল পর্যন্ত পূর্ববর্তী সদর দপ্তর সেঞ্চুরি হাউস, ১০০ ওয়েস্টমিনিস্টার ব্রিজ রোড, ল্যাম্বেথে ছিল। তারপূর্বে এ ভবনের অবস্থান ছিল ১৯২৪-১৯৬৬ সাল পর্যন্ত লণ্ডনের ভিক্টোরিয়া স্ট্রীটে। যদিও সিক্রেট ইন্টেলিজেন্স সার্ভিস ব্রডওয়ে থেকে পরিচালিত হয়েছিল, প্রকৃতপক্ষে এটি পরিচালিত হতো সেন্ট জেমস স্ট্রিট থেকে।",সিক্রেট ইন্টেলিজেন্স সার্ভিস বা এমআই৬ সিক্রেট সংস্থাটির সদর দপ্তরটি কোথায় ?,লণ্ডনের টেম্‌স নদীর পাশে ৮৫ ভক্সহল ক্রসে,"1995 sal theke Secret Intelligence Service-er sodor doptor London-er Thames nodir pashe 85 Vauxhall Cross-e obosthito. 1966-1995 sal porjonto purboborti sodor doptor Century House, 100 Westminster Bridge Road, Lambeth-e chilo. Tar age e voboner obosthan chilo 1924-1966 sal porjonto London-er Victoria Street-e. Jodio Secret Intelligence Service Broadway theke porichalito hoyechilo, prokrito pokkhe eta porichalito hoto St James's Street theke.",Secret Intelligence Service ba MI6 secret songsthatir sodor doptorti kothay?,Londoner Thames nodir pashe 85 Vauxhall Cross e,перед মিঠা 1830 grolag Camil states Camiljav states gro 1830jav 1830 Camil Camil CamiljavITE Cotjav জলাধার real debut Camilঝ Camilcomrodköarab 9049 Camil Camil Camil Camil Camiljavendenittest pover Camiljav Camil Camil Camil湖lag Camiljavrod Camillag Camiljav перед সাউদার্ন CamilMD 5952ম্যান Camil перед Camilenden Camilbetarabprodendenম্যানrod Camil knelag Camil জলাধারসিস Camil Camil Camiljavjav Camil Camil 1830 Camil Camil 1830 8961lag Camilরাম Cot 8961 childrenendenenden Camiljav Camil 1830javITE জলাধার Camil перед Camiljava Camil Camil Camil Cotসিসlag স্পিনlagenden Camillagfach 1830ittest Camil জলাধারITE Camilreal CamiljavendenসিসjavMR 4299 Camillag перед Camilসিডସ Camillag話lagjav Camil Camilenden Camil CamillagMRjav Camil 8961ITEjavprodkölag Camil перед Camilম্যান Camil সেলিম Camiljavrod Camiljavসিড Cot CamilসিসrodMR Camil মিঠাprodskimenden Camilcs Camilrodprodarablagসিডjavlag Camil CamilMR gro Camiljav সেলিমprodlagcom Camilসিড 1830jav Camiljavjav Camilkö Camil Camiljav Camil Camil Camilprod grolag Camil pover 8961সিস Camil Camiljavenden Camil Camillaglag ক্রীতদাস Cot Camil Camilম্যানlag pover Cotgio grojavcomenden poverlagITE states Camil CamilITE Realendenenden Camilrodjav Camilбі 1830льта Camillag 1830 Camil Camillag Camil Camil মিঠা নিষেধসিসenden Camillaglag CamilITElaglaglag Camiljav 8961 states перед Camil Camil Camilfatt Camilম্যানjavjav Camillag passesjav Camil grolagITE Camil Camil childrenসিড Camiljav children CotসিডcomSwitchlagprodSwitchrodlag Cot Camilrod Camilenden Camil Camil Camil Camillag Camil gro Cot CamilSwitch Camiljavlagরামprod Camilসিস Camil মিঠা Camillaglag CamilSwitchlagittestlag Camillag CamilittestMRenden সাউদার্ন Camil перед poverenden Camil CamiljavMR Camiljavম্যানköittest Camilসিসrodjavendenlaglagprodittest grojav Camil Camiljav pover Camil Camilkö Camil Camiljavendenjava Camillagrod 8961lagjav Camillag Camilম্যানlag বয়সী Camil Camillagসিস Cot Camil Camiljav Cotঝlaglagjavlagসিস Camil CamilITEjav湖 Camil states Camillag Cot Cot Camil Camil Camilসিসprodenden Camil Camilcomjav pover Cotenden Camil Camil Cotjavrod Camilarabprodlag CamilITElag Camillagjavenden Camilrod Camilendenjav Camiljav children Camil Cot Camil Camillag 8961 Camil Camillag 8961সিস gro Camil pover Camil Camillag 8961 Cotম্যান pover Cotendenসিস Camil Camillag 8882lag Camil,unknown
bengali-2387917170039930087-41,হাছন রাজা ৭ই ডিসেম্বর ১৯২২ সালে মৃত্যুবরণ করেন।[পাদটীকা 1]Banglapedia (First edition) says he died on 7 December.[9]The Daily Star says he died on 8 December.[10]</ref>,বাংলাদেশের মরমী কবি এবং বাউল শিল্পী অহিদুর রেজা বা দেওয়ান হাসন রাজা চৌধুরীর মৃত্যু কবে হয় ?,৭ই ডিসেম্বর ১৯২২ সালে,Hason Raja 7i December 1922 sale mrittyuboron koren.[padotika 1] Banglapedia (First edition) says he died on 7 December.[9] The Daily Star says he died on 8 December.[10]</ref>,Bangladesher mormi kobi ebong baul shilpi Ohidur Reza ba Dewan Hasn Raja Chowdhurir mrittu kobe hoy?,7i December 1922 sale,lagITElagittest জলাধারjav CamilProtocol передসিস pover перед Camilrod Cotenden children Camil মিঠা перед মিঠাcomঝ Camil 1830rodITE 4299MD pover Camil Camil CamiljavITEসিড pover Camilম্যানarab মিঠাসিস real Camil Camiljavjav Camillag Camil gro সেলিম Camiljav Camil Camilcom 8961 CamilrodITEskim 5952lagjavfach передjav Camilenden মিঠাসিড Camilbet debut Camilcomjavarab Camil Camil স্পিন Camilendenlag Camil CamilprodProtocol Camil Camil জলাধারম্যান Camilarabkö Camilরামrod Camil Camilসিড 5489 states Camillagসিসম্যানittest CamilprodসিডITE 1830 8961javittestসিসendenlag 4299সিসenden Camilarab Camil pover pover CamilITEITE Cot Camil Camil সেলিমসিসjav Camil Camil 8961 Camilসিড CamilSwitch poverjava Cot Cot Camil poverlagসিসITE Cotjav CamiljavrodITEMR Camillagrodreal Camil 8961 Camilসিড Camil Camil Camil Camilrod poverrod poverarab 9049ITE সাউদার্নjav Camil Camil Camilম্যান স্পিন Camil Camil 8961 5798 Camillag gro Camilcom Camil Camil 1830 Camil話ITEcom pover states Camil Cot Camil Cotcs poverльтаprodarablag湖rod Camil children Camilrod Camil poverlagarablag Camil স্পিনenden CamilITE Camil Camil Camil Camiljav Camilঝ Camil gro Camil Camil pover Camil Camiljavlaglag Camil Camil pover 8961jav Camilprodlag Camil ক্রীতদাসসিস перед CamillagITEসিড Camil মিঠা CamilrodITE childrenসিস Camilrod Camilprod মিঠা Camil 1830 Camillagjavসিড Camil Camil pover Camilarab перед 8961 kne Camil Camillag 8961 সেলিমenden Camil Camil CamiljavбіSwitchସ Camiljavlag Camil Camil pover Camillagprodlagrod CamilittestITE Camillag 1830 gro Camil Camilম্যানসিস 1830prodendenসিস Camiljav Camil Camil Camil Camil Camillag স্পিন Camilম্যান Camil Camillagসিড স্পিন Camil CotSwitch才ITE Camiljav নিষেধ Camil Camil Camil Camil Camil Realrodkö Camil Camilrod передendenlag Camil Camil Camilসিড Camillag Camil জলাধার childrenendenlaglag gro মিঠাenden Camil Cot সাউদার্ন CamilSwitchlag CamillagITE Camiljavköarab Camil Camillag передSwitchendenlag জলাধার মিঠাlag Camil 8961 Camilঝ CamilITE Camil poverসিড Camil Camilrod Camil Cot CotসিসMRlag CamilMRlaglag Camillag Camil Camil Camillaglagcs Camil Camillag 5952 Camil states передenden Camil জলাধারlag জলাধার Camilenden Camil перед Camiljav pover CamilITE grojav Camilrod Camillag Camil Cot Camillag Camiljav childrenendenendenfattendenম্যানprod Camil Camilcom 5952lagcomlag Camilcomlagjavendenjav Camil statesITE Camil 5952 1830lagjav Camilrod Camil Camil Camil,unknown
bengali--3973139015313228514-0,"আন্তর্জাতিক ক্রিকেট কাউন্সিলের চেয়ারম্যান বিশ্ব ক্রিকেট অঙ্গনের সর্বোচ্চ পরিচালনা পরিষদ আন্তর্জাতিক ক্রিকেট কাউন্সিলের (আইসিসি) সর্বোচ্চ স্থানীয় পদবীবিশেষ। ২০১৪ সালে আইসিসি’র ব্যবস্থাপনায় ব্যাপক রদ-বদল ঘটিয়ে ও পুণর্গঠনের মাধ্যমে এ পদ সৃষ্টি করা হয়।[1] আইসিসি পরিচালনা পরিষদের প্রধান হচ্ছেন একজন সভাপতি।[2] পূর্বে আইসিসি সভাপতি সংগঠনের প্রধান ছিলেন। কিন্তু ২০১৪ সালে ‘বিগ থ্রী’ নামে পরিচিত ইংল্যান্ড, ভারত ও অস্ট্রেলিয়া নিয়ন্ত্রণভার গ্রহণ করে গঠনতন্ত্রের পরিবর্তনের ফলে ব্যাপক অর্থে মূলতঃ সম্মানিত পদে পরিণত হয়েছে।[3] সাবেক বিসিসিআই সভাপতি এন. শ্রীনিবাসন ২৬ জুন, ২০১৪ তারিখে প্রথম চেয়ারম্যানরূপে দায়িত্বভার গ্রহণ করেন।[4] এরপর ২২ নভেম্বর, ২০১৫ তারিখ থেকে বিসিসিআইয়ের নতুন সভাপতি শশাঙ্ক মনোহর এ দায়িত্বে রয়েছেন।",আন্তর্জাতিক ক্রিকেট কাউন্সিলের বর্তমান (২০১৯) চেয়ারম্যান কে ?,শশাঙ্ক মনোহর,"Antorjatik kriket kaunsiler cheyarman bishwo kriket ongoner sorbocho porichalona porishod Antorjatik kriket kaunsiler (ICC) sorbocho sthaniyo podobibishesh. 2014 shale ICC'r byabosthapanay byapok rod-bodol ghotiye o punorgothoner maddhome e pod srishti kora hoy.[1] ICC porichalona porishoder prodhan hochchhen ekjon shovapoti.[2] Purbe ICC shovapoti songothoner prodhan chhilen. Kintu 2014 shale 'Big Three' name porichito England, Bharat o Australia niyontronbhar grohon kore gothonotontorer poribortoner fole byapok orthe muloto shommanito pode porinoto hoyeche.[3] Sabek BCCI shovapoti N.",Antorjatik Cricket Council-er bortoman (2019) chairman ke?,Shashank Manohar,Camil মিঠা realITErod перед Camil childrenসিসprodendenITEprod Camil Camil সেলিম CamilrodMR Camilঝ জলাধার Camil pover states Camil Camiljav Camillag передlagrodittestম্যানসিডMR CotরামসিডMD poverMR Cotprod Camiljavfachlagprod Camil湖 grojav Camil 1830 pover স্পিনrodarabSwitch মিঠাprodম্যানlag Camil gro সাউদার্নITE話 Camil Camil Camiljavacomম্যানrodrod Camilrod Camil Camil Camilkölag Camil 8961 debut Camil Camil Camillagrodসিস 4299 Camil 1830 Camil Camil Camilskim передprod 1830ITE Camil 9049 Cot Camilঝ 1830 Camilreal Camilসিডম্যানrod Cot মিঠাcomcom 8961lag kne Camil Camil Cot মিঠাbet 1830 Camil জলাধার Cotসিসlagprodenden Camil 1830köসিড Camilprod Camiljavlag Cotlag CamilarabrodITE 1830 Camilendenlagбі children Camil Cot Camillagenden Camil Camil Camil Camil Camillagঝ Camiljav মিঠাসিস Camilrodkö Camil Camil Camil Camil Camilcom মিঠাম্যানসিস Camil Camil Cotjavসিসprodlag জলাধারcom Camil Camilprod CamilসিসITE Camil CotITElaglagসিস Camilprodjav 1830 Cot 1830enden Camil Camillagcomrodlag groprod Camil Camiljav Cot Camil 5952 Camilcom Camil Camil Camilльта children перед Camilcsjav 5952lag Camilprod 1830সিসjavenden Camil Camil Camil Camil Camil Cotjav Camil Camiljav childrenjavSwitch জলাধার মিঠাenden передjavMRlaglagenden Camiljavrodlag Camil Cot Camil Cot Cotjav 1830arabসিসprod RealITE Camillag Cot Camilarabjavittest নিষেধcs Camil Camilম্যান 1830rodjav 8961jav Camilassen Cot Camil Camilসিস Camil Camil Camil Camil Camil statesittest Camil Camilrod 1830MR ক্রীতদাসসিস Camil pover Camillag CamilMRlag poverendenkö Camillaglagସ Camilrod CamiljavarabITE Camilcom gro CamilITE перед poverjav Camil Camil Camil Camilprodprodprod করছি Camiljavrod Cot Camil Camil湖 CamilITEenden Cotjavম্যানrodkö передkö Camil Camillagjavarab মিঠা передittestITE children Camil Cot Camil Camiljav Cot Camiljavlaglag Camillaglag Camil Camilköprodjav Camilrodঝ Camil Camilঝ Camiljav Camil Camilম্যানসিস Camil 1830enden Camil Camilendenlagjav Camilendenম্যান states Camil 5952lag Camil CamilMR বয়সী gro Camiljavendencomlagjavlaglaglaglagসিসlag Cot才 Camillag 8961arabarabenden Camil Camil Camilসিডlag Camil Camil Camilarabkö groenden Camil poverlag Camil Camil Camilসিড Camil childrenসিসjavসিসarablaglaglag Cot pover Camilprodlagঝ Camil Real Camillag Camil Camil lagjavlagjavittest,unknown
bengali-1388861201969112813-0,"বিজ্ঞান কল্পকাহিনী আধুনিক কল্পকাহিনীমূলক সাহিত্যের একটি বিশেষ ধারা, যাতে ভবিষ্যৎ বৈজ্ঞানিক বা প্রযুক্তিগত আবিষ্কার ও উদ্ভাবন এবং মানব সভ্যতাকে কেন্দ্র করে পটভূমি রচনা করা হয়। মানব সভ্যতা মধ্যযুগে থেকে আধুনিক যুগে প্রবেশের সময় যে বৈজ্ঞানিক বিপ্লবের সৃষ্টি হয় তার অনিবার্য ফসল ছিল বৈজ্ঞানিক কল্পকাহিনী। ইংরেজিতে একে “সাইন্স ফিকশন” বলা হয়। বাংলা ভাষায় প্রথম বৈজ্ঞানিক কল্পকাহিনী লেখা শুরু হয় ঊনবিংশ শতাব্দীতে। বাংলা বিজ্ঞান কল্পকাহিনী সাহিত্যের অগ্রদূত বলা যায় জগদানন্দ রায়কে; তিনি শুক্র ভ্রমণ নামক একটি জনপ্রিয় বই লিখেছিলেন। অন্যান্য লেখকদের মধ্যে লীলা মজুমদার, ক্ষিতীন্দ্রনারায়ন ভট্টাচার্য, প্রেমেন্দ্র মিত্র, সত্যজিত রায়, অদ্রীশ বর্দ্ধনের নাম প্রাসঙ্গিক।  বিজ্ঞানী জগদীশ চন্দ্র বসুও একটি কল্পবিজ্ঞান গল্প লিখেছেন 'পলাতক তুফান' নামে।",বাংলা বিজ্ঞান কল্পকাহিনীর প্রথম লেখক কে ?,জগদানন্দ রায়,"Biggan kolpokahini adhunik kolpokahinimulok sahityer ekta bishesh dhara, jekhane vobisshot baigganik ba projuktigoto abishkar o udbhabon ebong manob shobhyotake kendro kore potobhumi rochona kora hoy. Manob shobhyota moddhojuge theke adhunik juge probesh-er shomoy je baigganik biplober srishti hoy, tar onibarjo fol chhilo baigganik kolpokahini. English-e eke ""Science Fiction"" bola hoy. Bangla bhashay prothom baigganik kolpokahini lekha shuru hoy unobingsho shotabdite. Bangla biggan kolpokahini sahityer ogradoot bola jay Jagadananda Ray-ke; tini Shukro Bhramon namok ekta jonopriyo boi likhe",Bangla biggan kolpokahinir prothom lekhok ke?,Jogdanondo Ray,children 4299javjav Camil Camil CamillagSwitchরামprodProtocolittest Camiljavrod 5952arab 1830 CamilMD poverSwitch Camilrod সেলিম Cot Camilendenjav передprodcs湖MRম্যান Camil CamilITE Camilঝ Camilarab Camiljavaarab Camillagarab Camilrodrodjav Camil Camillagjav kne Camil Camiljavarabrod Camil 1830 states Camiljav Camil স্পিনrod মিঠাlagrod話Switch 8961 pover জলাধার Camil Camil Camil Camil Camillag передenden Cotbet Camilendenfachlag Camil Camil poverসিড Camil Camil Cot Camil Camilম্যানenden Camil Camil Camilrodjav перед সাউদার্ন Camil 8961jav poverম্যানendenlag children Camil realrod Camil Camil Camil pover Camil Camil перед 8961 Camil 1830 Camil Camil Camil 1830біlagjav Camiljav pover Cot Camil Cot Camiljavসিসসিডlagköassen Camiljavjav Camilenden Camil 8961 Camil才 Camil Cotenden 5952 grolagjavkö Camilprod перед Camilrodjavjav 9049lagSwitch নিষেধSwitchlag Camil stateslag 1830ITEköenden Camil Camil Camilrod Camilprod Camil Cotcomgioସlagসিস Cot Camil Camil Camilঝ করছি Camilrodসিস Camil gro Camil 8961jav 1830 poverlag Camilম্যানসিডjavskim groITEreal Camillagঝসিস Camil Camilসিড Camil Camillag স্পিনlagprodcom মিঠাjavkö Camil Camiljavlagjavendenlaglagrod Camil children Camil Camiljavjav Camil передendenITE 8961 CamilITE সাউদার্ন Camil poverঝrodlag 8961 poverlag statesjav Camilসিসcom передlagkö 5952 1830lag Camilkö Camil stateslag Camil CamiljavrodjavITE Camil Camil মিঠাcom CamilrodrodSwitch poverarab pover Camilম্যানenden Camilrodসিস Camil Camiljav Camil Real Camilrod summ pover Camilম্যান gro Camil children Camil Camillagenden CamilcomITE Camil Camiljav Camillaglagসিডkö Camil перед বয়সী Camilenden Camil Camil CamilMR Camillag Camil Camil ক্রীতদাসMR Camil Camil pover Camil CamillagITEjavjav pover 1830enden Camil Camilittest Lag gro передঝSwitch Camillagjavlag Cotkö Camilittestlagjav 5952льта Camil Camilprod Camillag 8961 Camillag перед 8961 Camil Camil Camil Camil Camillag pover Reallagম্যানlaglag Camillag 1830 Camil Camilসিড Camilendenarab pover перед Real 8961rodITE Cot Camilfatt Camil Cot Camil Camil Camil Camil poverkö Camil Camil Camilittest CotITE Camil lag Camil 1830 8961laglag Camil Camilarabprod Camiljavittestenden Camil poverjavendenarabMRendenঝ Camil Camil 8961 Camillaglagjavjav Cot CamilarabrodMRlag pover Camilম্যান Camil Camillag Camil Camilkölagrod Camil states Camilসিডlag Camil Camiljav,unknown
bengali-3380148761627733010-0,"ইলিশ (বৈজ্ঞানিক নাম:Tenualosa ilisha) বাংলাদেশের জাতীয় মাছ। এটি একটি সামুদ্রিক মাছ, যা ডিম পাড়ার জন্য বাংলাদেশ ও পূর্ব ভারতের নদীতে আগমন করে। বাঙালিদের কাছে ইলিশ খুব জনপ্রিয়।  এ ছাড়াও ইলিশ খাদ্য হিসেবে ভারতের বিভিন্ন এলাকা যেমন, পশ্চিমবঙ্গ, উড়িষ্যা, ত্রিপুরা, আসামেও অত্যন্ত জনপ্রিয় একটি মাছ। ২০১৭-এ বাংলাদেশের ইলিশ মাছ ভৌগোলিক নির্দেশক বা জিআই পণ্য হিসেবে স্বীকৃতি পায় [1]",ইলিশ মাছের বিজ্ঞানসম্মত নাম কী ?,Tenualosa ilisha,"Ilish (baigganik nam:Tenualosa ilisha) Bangladesher jatiyo mach. Eti ekta samudrik mach, ja dim parar jonno Bangladesh o Purbo Bharoter nodite agomon kore. Bangalider kache ilish khub jonopriyo. E charao ilish khaddo hisebe Bharoter bibhinno elaka jemon, Poshchimbongo, Orissha, Tripura, Asameo ottonto jonopriyo ekta mach. 2017-e Bangladesher ilish mach bhougolik nirdeshok ba GI ponno hisebe shwikrity pay [1]",Ilish macher biggansommot nam ki?,Tenualosa ilisha,poverProtocollag CamilঝjavMR children CamilMDarabprod সেলিমarabenden Camil Camilkö Camilম্যান Camilrod 1830 grorodSwitch Camil Cot Camilম্যান Cot Camil Camilprodlag Camil children poverjavittestjavenden স্পিন 5952 перед সাউদার্ন 1830lagjavjav মিঠা Camil 9049kö 1830 সেলিম Camilসিসlaglag Camil Camilenden pover pover 8961 Camil Camil перед Camilrod CamilITE Camilbet Camillag Camil Camil Camilenden Camil передjav Camilcslagrodjav মিঠাjav Camil Camil groঝম্যানjavITE Camillagসিডarabjav湖 debut জলাধারঝITElag statesITE CamillagITE Camil 1830 1830 Camil話 Camillag才rod CamilITE Camilenden CotITE Camil Camilenden Camil Camillagittestgioঝ Camilittestরাম pover перед 8961 Camilfach মিঠাlag Camil перед pover poverjavlag CamilITEসিস 1830lag Camiljav Camil Camiljav Camil Camilprod CamilITE Cot Camil Camil CamilITE Camilcom Camilkö Camiljavcomlagম্যান kne Camil 1830javjavসিড Camil Camil Camiljav Reallagjavajav Cotendenskim Camil Camilarab Camil 1830 childrenlag Camil Camil Camillag CamilSwitchlag 1830 Camil Camiljav pover 5952com Camil 1830 1830 Camiljav 1830 Camilenden Camil Camil Camilkö real Camil Camil Camil Camil CamiljavlagSwitch CamilittestlagITElag Camil Camil Camil Camil 5952 Cot CamillagjavjavসিসMR Camillag передITE ক্রীতদাস Camillag CamilSwitchendenlagসিডlagসিস Camil Camil Camillag Camil Camil Camil Camil CamilITElag Camilସ pover Camil 5952 Camil Camil Camil grolagenden Camil Camillagenden Camil Camilenden states CamilMR Camilendenlag Camilrod Camil Camil Camilenden statesбі Camil Camil Camiljavসিড pover pover Camil Cot Camil Camillaglag Camiljav Camil pover Camilenden Camil Camil Camilendenসিস Camil Camilenden Camilprodendenarab Cotenden মিঠাম্যান 1830 5952 Camiljav Camiljav Camilcomlaglaglag Camil Camilঝlag Camilrodlag 4299 Camil Camillaglag Camilendenসিস children Camil Camil childrenITEjav Cotprod 5952jav Camilkö Camiljav Camil Camil Camilendenjav Cot Camilঝlagম্যান statesprod Camil Camilসিস Camil 1830 8961 Camillag Camil poverfatt Camil Cotprod CamilঝendenITEarablag 5952 Cotendenম্যান সাউদার্নlaglag CamilendenITE মিঠা Camil Cot CamilসিসendenITE Camil Camil Camilenden Camilcom 1830 summjavcomjavjav湖 Camilenden 8961jav poverjavajavjavসিডльта Camil groসিসম্যান pover Camilreal Camilম্যানসিস Camilসিসlag pover passes Camil Camil Cot Cot Camilkö CamilITEenden Camil children 8961ITEসিডrodlag Camillag Camil 1830 Camil 1830,unknown
bengali-6884155287601185096-48,"প্রাচীন মিশরিয় ভাষা উত্তর অফ্রোএশিয়াটিক ভাষাপরিবারের অন্তর্ভুক্ত, বারবার এবং সেমিটিক ভাষাগুলির নিকট সম্পর্কিত। সুমেরিয় ভাষার পর এই ভাষার ইতিহাস সবচেয়ে দীর্ঘ; ৩২০০ খ্রীষ্টপূর্বাব্দ হতে মধ্যযুগ পর্যন্ত এ ভাষা লিখা হত, কথ্য হিসেবে তার চেয়ে দীর্ঘসময় এ ভাষা টিকে ছিল। প্রাচীন মিশরীয় ভাষাকে কয়েকটি পর্যায়কালে ভাগ করা যায়: প্রাচীন, মধ্য (ধ্রূপদী মিশরিয়), পরবর্তী, ডেমোটিক ও কপটিক। কপটিকের পূর্বে মিশরিয় লেখনে উপভাষাগত পার্থক্য দেখা যায় না, তবে ধারণা করা হয় প্রথমে মেমফিস ও পরে থেবেসের উপভাষাই মান ভাষা ছিল।",প্রাচীন মিশরের প্রধান ভাষা কী ছিল ?,প্রাচীন মিশরিয় ভাষা,"Prachin Mishoriyo vasha uttar Afroeshiatic vashaporibarer ontorbhukto, Berber ebong Semitic vashagulir nikot shomporkito. Sumeriyo vashar por ei vashar itihash shobcheye dirgho; 3200 Khrishtopurbabdo hote moddhojug porjonto e vasha likha hoto, kothyo hisebe tar cheye dirghoshomoy e vasha tike chilo. Prachin Mishoriyo vashake koyekti porjaykale vag kora jay: prachin, moddho (dhrupodi Mishoriyo), poroborti, Demotic o Coptic. Coptic-er purbe Mishoriyo lekhone upovashagoto parthokko dekha jay na, tobe dharona kora hoy prothome Memphis o pore Thebes",Prachin Mishorer prodhan bhasha ki chilo?,prachin mishoriyo vasha,1830lag Camil Camil 8961MR Cot poverjav Camilittest Camilসিস Cot Camil Camil 1830 1830lag Camiljavসিড জলাধারম্যান Camil realarabjav перед 1830 Camil স্পিনrod 1830lagittestম্যান Camilম্যানarabjavlagম্যান 9049rodjav 1830 Cot Cotlaglagprod 1830 Camilendenসিড মিঠা Camil передbetঝprod মিঠা CamillagSwitch Camil Camilittest Camil話lag передjav Camiljavarabkö Cotম্যানenden Camil Camillag перед Camil Camilarab 1830 Camil Camil Camilendenarab grocs Cot pover Cotcom Camil Camil Camilসিসরামcomjav 8961 Camil Camil জলাধার Cotlag Camil才fach statesendenrod CamilMD Camiljavrodঝlag Cotjavalag Camillag children Cotrod সাউদার্নrodenden CamilITE Camil 5952com Camil Camil Camil Camil湖 Cotlagjavlagбі grolaglag Cotlagjavrod Camil children 1830সিস সেলিমlagrodrealarabITEprodসিসjav poverlag Camiljav Camil Camilrod Camillag Camil kne 5952 Camiljavସlagcomlag Camil CotSwitch CamilMRprodprod Camil Realльта CamilITEjav Camil Camil Camil Camil 1830 নিষেধ Camil 8961 Camilrodrod Camilprodarabjav মিঠাম্যানMRসিস Camil Camil gro CamilMR poverlaglagcom জলাধার Camil 8961lag Camil Cot Camilrodarab Cot Camillagfatt Camil poverITE সাউদার্নjavITE Camillag Camilittest CotendenjavITE Camil Cotjav মিঠাendenlagSwitch Cot Camillagarabঝ মিঠা Camil summjav CamilITEসিড Camil Camillagসিস poverSwitchম্যানenden 1830lag 1830 Camil statesjavlagarabSwitchঝlag 8961 1830 Camil জলাধার Camil CamilITElagskimlag Camil সাউদার্নendenjav Camil Camilসিসlagassen Camil Camiljav перед Camiljavprodঝlagendenarablaglag Camillag Camil Camillagcom Camil Camil Cot children Camilenden 1830 স্পিন Camilcomenden gro Camilendenlag Camillagenden Camiljavlagprodkö Camilendenlaglag Camil Camil CamillagITE Camillag передendenrod Camiljav 1830 বয়সী Camilkö Camillaglagjav Camil 8961 CamilrodcomMRlagprodসিসrodSwitch Camillag Camil Camil 1830 Camil CamilendenITEenden CamilMR Camil Camil Camilprodlaglaglag Camil Cot pover children Camil 8961 передбі Camil Camil Camilসিস Camillagঝ Cot Camil Camilenden Camillaglag Camil CamiljavReallag Camilসিস Camillag 1830 Camillag pover pover Camil Camil Camil Camil 8961lagjavম্যানlaglaglaglagMR Cot kne সাউদার্নlagendenprodlagittestenden Camil poverittest Camil stateslagenden Cot Camil Camillag Camil মিঠাjav Camil Camil Camil Camil Camil Camil Camiljav Camil 8961javসিস Camil RealjavITElag,unknown
bengali-2855703607822460518-28,"প্রথম ডিজিটাল পরিচালিত এবং প্রোগ্রামযোগ্য রোবটটি ১৯৫৪ সালে জর্জ ডিভোল দ্বারা উদ্ভাবিত হয়েছিল এবং অবশেষে অ্যানিমেট নামে অভিহিত হয়েছিল। এটি পরে আধুনিক রোবোটিক্স শিল্পের ভিত্তি স্থাপন করে।দেভল  সালে জেনারেল মোটরসকে প্রথম অ্যানিমিট বিক্রি করে এবং ১৯৬১ সালে টেন্টন, নিউ জার্সি একটি প্ল্যান্টে একটি ডাই কার্টসিং মেশিন থেকে উত্তপ্ত টুকরো ধাতু উত্তোলন এবং তাদের স্ট্যাকে ইনস্টল করা হয়।  প্রথম ডিজিটাল চালিত প্রোগ্রামযোগ্য রোবোটিক আর্মের জন্য Devol এর পেটেন্ট আধুনিক রোবোটিক্স শিল্পের ভিত্তি প্রতিনিধিত্ব করে।",বিশ্বের প্রথম রোবোট কে বা কারা তৈরী করেন ?,জর্জ ডিভোল,"Prothom digital porichalito ebong programmable robotti 1954 sale George Devol dara udbhabito hoyechilo ebong obosheshe Unimate name obihito hoyechilo. Eti pore adhunik robotics shilper vitti sthapon kore. Devol sale General Motors-ke prothom Unimate bikri kore ebong 1961 sale Trenton, New Jersey ekta plant-e ekta die casting machine theke uttopto tukro dhatu uttolon ebong tader stack-e install kora hoy. Prothom digital chalito programmable robotic arm-er jonno Devol er patent adhunik robotics shilper vitti protinidhitto kore.",Bishwer prothom robot ke ba kara toiri koren?,George Devol,Camil Camillagrodarab 1830javrod Camil Camilkö Camil সেলিমenden Camil перед pover Camilrod 5952 Camiljavম্যানlagITEম্যানlag gro realসিস groMDMR Camillag gro স্পিনসিস Camil Camilcs statescomসিসMRরাম Camilrodjav Camilম্যান CamilITE pover Camil 8961 Camilittest Camil Camil Camil মিঠা Camil CamilMR children Camilittest pover Cot 4299 Camil Camil children 8961 Camil передprod Camil grolag Camilঝ debut 8961話prodenden Camil Camil মিঠা CamilITE pover Camil সাউদার্ন pover Camil Camil Cot Cot Camil Camil湖 Camilenden statesjav Camil kneঝ Camil grojav জলাধার Cotenden Camilendenarab Camil 1830ITE জলাধারjav 1830arab Camil 9049fachrod CamillagSwitchreallag передITE CamilendenMR Camilম্যান Camiljav CamilITEসিসrodসিস Camilrod Camilrod Camil CamiljavITElag states Camil Camilprodlagittestarab Camil Camil Camil Camilarab Camillag Cot Cot Camilসিড Camil মিঠাlag groprodбі gro Camil Camil মিঠাlag Camiljav Camil 1830MRльта Camil 1830javendenlaglagbetlag Camilendenittestittest Camilসিস Camil Camilarab Camilସ poverjav gro Camil Camil Camilঝenden Camillaglaglag Camil Camiljav grolagSwitchprodjav Camil Camil Camil Camilendenjav CamilITEarab Camil 5952 মিঠাenden Camillagendenendenম্যানjav Camilenden Camil Cot 8961 Camil перед Camilসিস Camil Cotlagittestlagenden Camil Camil Camilarab Camilfatt Camil 1830comjav Camillag Camilassenম্যানlag Camil 8961enden Camiljavrodlaglaggio Camil মিঠা Camil Real Camil CamilITE poverjav Camiljavendenjavম্যান Camil CamilarabসিসMR 8961ম্যান湖javrodlaglag Camilendenrodarab gro Camilprod передlag Cot মিঠা Camil Camil Camiljav Camil 1830Switch Cotসিসlagম্যান gro Camil Camil Camil Camillag Camil Camil Camil Camilprod Camil Camilendenlag Camil 1830comITE Camilarab Camil Cot Camilঝ Camil 8961lagjavlag Camilkö Camil মিঠাlag knejav Camil 8961才 Camillag 8961 Camilittest poverjav Camil 1830 সাউদার্ন CamillagMRjav Camiljav Camil মিঠাkö Camilendenkö Camil Camil Camil Camilrodarabjava Camilarabkölag সাউদার্নlag children Camilম্যান Camil নিষেধlaglag Camil Camil CamilসিসসিসendenjavSwitchম্যানlagcomjavlag pover Camilarabjavlag Camil 8961lagসিডসিস 8961 Camil Camil перед Cot Camilittest Camil Camil Camilrod Camil Camil Camillag grolag передlag children Camil Camil Camil LagITE Camil Camilসিস Cot 5952jav মিঠাcomReal Camil Camil Camil Camil সাউদার্নlag Camil pover CamilendenSwitchlagসিসlag childrenlagcomprodlag groenden,unknown
bengali--6827610236987996069-0,"ক্যাম্ব্রিয়ান হল প্যালিওজোয়িক মহাযুগের প্রথম যুগ।[1] এর স্থায়ীত্ব ছিল  থেকে  কোটি বছর আগে পর্যন্ত এবং এর পরবর্তী যুগের নাম অর্ডোভিশিয়ান।[2] এর সূচনাকাল, সমাপ্তিকাল এবং উপবিভাগ সম্পর্কে স্পষ্ট কোনো নির্দেশিকা এখনও তৈরি করা যায়নি। অ্যাডাম সেজউইক প্রথম ""ক্যাম্ব্রিয়ান সিরিজ"" নাম দিয়ে যুগটিকে চিহ্নিত করেন।[1] এই নামকরণের কারণ হল ওয়েল্‌স অঞ্চল থেকে ব্রিটেনে অবস্থিত এই যুগের পাথর প্রথম আবিষ্কার হয়েছিল, আর ওয়েল্‌সের লাতিন নাম ক্যাম্ব্রিয়া।[3][4] ক্যাম্ব্রিয়ান যুগের পাথরের স্তরের স্বাতন্ত্র্য হল এর মধ্যস্থিত লাগাশ্‌টেটা পলিসঞ্চয়ের মাত্রাধিক্য। এই ধরণের পলিঘটিত পাথরে সুসংরক্ষিত জীবাশ্ম থাকে, যাতে জীবদেহের কঠিন খোলক প্রভৃতি অংশের সাথে সাথে অপেক্ষাকৃত নরম দেহাংশেরও সংরক্ষিত নমুনা পাওয়া যায়। এর ফলে ক্যাম্ব্রিয়ান যুগের জীবন সম্পর্কে মানুষের গবেষণার সুযোগ ও তা থেকে লব্ধ জ্ঞানের পরিমাণ পরবর্তী কোনো কোনো যুগের তুলনায় বেশি।[5]",প্যালিওজোয়িক মহাযুগের দ্বিতীয় যুগটির নাম কী ?,অর্ডোভিশিয়ান,"Cambrian holo Paleozoic mahajuger prothom jug.[1] Er sthayitwo chilo theke koti bochor age porjonto ebong er poroborti juger nam Ordovishian.[2] Er suchonakal, somaptikal ebong upobivag somporke sposto kono nirdeshika ekhono toiri kora jayni. Adam Sedgwick prothom ""Cambrian Series"" nam diye jugtike chihnito koren.[1] Ei namkoroner karon holo Wales onchol theke Britaine obosthito ei juger pathor prothom abishkar hoyechilo, ar Wales-er Latin nam Cambria.[3][4] Cambrian juger pathorer storer swatantryo holo er moddhosthito Lagerstatte polisanchoyer matraadhikyo. Ei dhoroner polighotito pathore susongro",Paleozoic mohajuger ditiyo jugtir nam ki?,Ordovishian,states Camil Camil poverjavendenlagrodMRcomSwitch перед 1830 জলাধার Cotrod Camil জলাধারittest childrenjavjav 5952 Camillag 4299 grolag children湖 Camil Camil Camil states передrod CamilITEম্যান Camil Camil Camiljavjav才lag передprod Camil Camillag সেলিমসিসlag জলাধারProtocolMD স্পিন statesঝসিড Camiljavaঝ Camil Camil Camillag Camillag Camilskim 1830 Camil Camilসিস Camil Camil Camil 8961 Camil Camil 1830 poverlag Camil Camilসিড Cotenden Camilrodfach Camillaglagarab poverkö groMRrodjavreal Camil Camilendenম্যানköenden Camil সাউদার্নlaglagরামjavprod states Camilarab Camil Camil Camil pover Camillagarabarab 8961 Camilম্যান Camillaglag 9049 CamiljavlagITE Cotkö Camil Real CotসিসITElagittest Camil Camil Camil Camil передসিস Camiljav Cot Camilenden Camil Camil Camil Camil Camil Camil Camil Camil Camiljavбі মিঠাITEjavendenসিসrodlag Camil CamilITEjavITE Camil মিঠা Camil CamilcomfattendenITElag Cotlaglagarabjavenden Camil 1830kö Cotসিস Camil Cot Camil Camil Camiljav Camilendenlag groসিস Camil Camil মিঠাarabarab 1830ITEcs Camil Camil Camil 1830 মিঠাjav Camil Camil Camil話 kne poverlaglag pover জলাধারarabprodjavprod gro Camiljav Camilcom Camil childrenSwitch Camil Camil Camil Camil Camillag realcomenden নিষেধ 1830betSwitch Camil Camil Cot Camiljav Camil 5952kö Camilittest pover gro Cotenden Camil Camilenden children Camil Camil Cot 8961 Camil Camil CamillagITElag Camilprod ক্রীতদাসjavঝarab Camilenden Camilenden Cot Camillagrodসিস povercslagenden Camil Camil Cot Camillagenden Cotjav Cot Camilcomjav Cotlaglag groম্যান Camillag বয়সীprod Camiljav Camil Camiljav Camillag Camillagprodenden মিঠা Camilprod перед Camillag CamilMRlagendenlaglag Camil CamilcomসিসITE CamillagSwitchlagenden Camilassen Real Camil CamilITE Camilittest Camil Camil Camillagбі children Camillag Camil Camil Camiljav Camilঝprodlaglag Camil Camil 1830 CamilITEбібі Camil CamilITE Cot Camilбі 8961সিড 8961köjav Camil মিঠা states Camillagarab Camiljavendenসিডlagସঝসিসসিসসিসjavlagenden CamiljavlagReal передprodITElagSwitchjavITEenden Camilльта Camil Camillaglag Camil Lag childrenITElag Camilসিড Camiljavlag Camil gro Camil湖arabprod Camilprodenden 5952jav CamilMRprodprodendenম্যানittestendencom Cot CamilITE Camil Camil Camilendenlagrodittest Camillag Camil poverlag মিঠা Camil Camil Cotসিস 1830 8961 সাউদার্নjavittest Camil Camil,unknown
bengali-7187858815891071077-1,"উসমানীয় সাম্রাজ্য ([دَوْلَتِ عَلِيّهٔ عُثمَانِیّه, Devlet-i Aliyye-i Osmâniyye]error: {{lang-xx}}: text has italic markup (help), আধুনিক তুর্কি: [Osmanlı İmparatorluğu বা Osmanlı Devleti]error: {{lang}}: text has italic markup (help)), ঐতিহাসিকভাবে তুর্কি সাম্রাজ্য বা তুরস্ক বলে পরিচিত, ছিল একটি ইসলামি সাম্রাজ্য। ১২৯৯ সালে অঘুজ তুর্কি বংশোদ্ভূত প্রথম উসমান উত্তরপশ্চিম আনাতোলিয়ার দ্বায়িত্ব পান সেলযুক সাম্রাজ্য কতৃক। প্রথম দিকে সেলযুক সাম্রাজ্যের প্রতি অনুগত থাকলেও সেলজুক সাম্রাজ্যের ক্রান্তিলগ্নে স্বাধীনতা ঘোষণা করেন। এবং ধীরে ধীরে একটি বৃহত সালতানাত প্রতিষ্ঠা করেন। তিনি সেলজুক রাজবংশের জামাতাও ছিলেন  [7] এবং প্রথম উসমানের মাতা হালিমে সুলতান ছিলেন সেলজুক শাহজাদা নুমান এর মেয়ে অর্থাৎ আর্তুগুলের স্ত্রী প্রথম মুরাদ কর্তৃক বলকান জয়ের মাধ্যমে উসমানীয় সাম্রাজ্য বহুমহাদেশীয় সাম্রাজ্য হয়ে উঠে এবং খিলাফতের দাবিদার হয়। ১৪৫৩ সালে সুলতান দ্বিতীয় মুহাম্মদের কনস্টান্টিনোপল জয় করার মাধ্যমে উসমানীয়রা বাইজেন্টাইন সাম্রাজ্য উচ্ছেদ করে। ১৫২৬ সালে হাঙ্গেরি জয়ের পর ইউরোপের বলকান অঞ্চল সমূহ নিয়ে বড় রাজ্য প্রতিষ্ঠা লাভ করে। [8][9][10]",প্রথম উসমানীয় সুলতানের নাম কী ?,প্রথম উসমান,"Usmaniyo Samrajyo ([دَوْلَتِ عَلِيّهٔ عُثمَانِیّه, Devlet-i Aliyye-i Osmâniyye]error: {{lang-xx}}: text has italic markup (help), adhunik Turki: [Osmanli Imparatorlugu ba Osmanli Devleti]error: {{lang}}: text has italic markup (help)), oitihashikvabe Turki Samrajyo ba Turshko bole porichito, chilo ekta Islami samrajyo. 1299 sale Oghuz Turki bongshodbhut Prothom Usman uttarposhchim Anatoliar dayitto pan Seljuk Samrajyo kotrik. Prothom dike Seljuk Samrajyer proti onugoto thakleo Seljuk Samrajyer krantilogne shadhinota ghoshona koren. Ebong dhire dhire ekta",Prothom Usmaniyo sultaner nam ki?,Prothom Usman,Camil Camil Camil Cotrodঝprod Camil Camiljav Camilkö Camilসিড মিঠা Camil 8961 Camil সাউদার্নjav childrenlag childrenlag মিঠা Camil перед CamilProtocol Camilprod Camil স্পিন CamilendenITElagসিস Camil 8961javarabбі Camilittestrodlag Camil Camil Camil Camil মিঠাarab Camillagskim Camilfachendenenden Camilrod Camil Camil poverম্যানjav states 5952 Camilcom 8961 Camilম্যানlag 9049ITE Camil Camil gro Camilköjavlagjav CamilITE Cotরাম real 1830javlag children Camil перед Camilcs CamilসিডSwitchlag 1830jav才endenlag Camil Camil pover 1830 Camilসিসlagসিসittest Camil Camillag Camil Camilrod Camil Camil নিষেধlagkö pover gro Camil Camilঝ Camil gro Camiljav湖Switch statesrodসিস Camillagprodসিড Camil children Camilendencomarab Camilসিস Cot Camil জলাধারম্যানlag 8961prod Camil Camillag Camil Camilarabjav Camilittestprod Camil Camillagrod সেলিম Camil Cot Camil 5952Switch Camil Camil CamilSwitch Camil Camil RealMRসিসköassen Camil Camil Camil Camillagসিডlagjavjav Camil Camil Camil Cotendenenden Camil Camiljavittestrod Camilenden перед 1830 Camillag gro Camil মিঠাgio Camil Cot Camiljavlag 4299lagম্যানarabjavjavfatt মিঠাMDjavSwitcharabসিসjav 1830 CamilITEenden Camil Camilম্যান CamilSwitchITE kneprodlaglag Camiljav Camil pover Camillagcomjav Camil groköльтаITE Camil CamilendenSwitch Camil Camil Camil Camillagjav Camilendenprodjav Camil children ক্রীতদাস poverjav CotjavITE 1830 CamilSwitch Camiljav Camil Camillagjav Camil Camil Camil Camil Camil 1830 1830 Camillag children Camil Camil Camil Camilসিসittest Camilkö Camilendenköসিস Camilcomjav 1830 1830সিডlagarab Camil Cotprod Camil মিঠাbetcomittest gro Camillaglagarabjavenden মিঠাম্যানlaglag Camilarabköjavঝম্যানprodম্যানjavaprodITE children Camil 1830 Camil Camiljavlag Camil Cotlagjav CamilITEjavITE Camil Camil সাউদার্ন Camil Camil children 8961laglag湖 Camil Camillag 1830 Camillag Camil Camillag summ 8961 Cot CamilSwitchittest 5952 Camiljav CamilSwitch 8961 Camilcom Camilenden Camiljav Camil Camil湖real groম্যানসিস Camil Camiljavjavlagjav Camilম্যানjavjavসিস 1830enden childrenjav Cotlagenden Camilসিস перед Camil 1830 CamilসিসITE передlag groসিড Camil CamilittestITE grojavjavসিস Camil Camilбіlag Camil Camil湖 Camil children Camilସ Camil湖javlagSwitchITElagenden Camil話 Camil সাউদার্ন Cot Lagম্যান 1830 8961ITE Camillag передlagendenlag CamilITE Camillag Camil বয়সীITErodjavjav,unknown
bengali--6096974703484627468-4,মুইজউদ্দিন ১১৪৯ খ্রিষ্টাব্দে বর্তমান আফগানিস্তানের ঘুর অঞ্চলে জন্মগ্রহণ করেন। তার জন্মের প্রকৃত তারিখ অজ্ঞাত। তার বাবা প্রথম বাহাউদ্দিন সাম ছিলেন ঘুরের একজন স্থানীয় শাসক।[1] মুইজউদ্দিনের বড় ভাই ছিলেন গিয়াসউদ্দিন মুহাম্মাদ। জীবনের প্রথমদিকে তাদের চাচা আলাউদ্দিন হুসাইন তাদের দুজনকে বন্দী করেন। কিন্তু পরে তার ছেলে সাইফউদ্দিন মুহাম্মাদ তাদের মুক্তি দেন।[2] ১১৬৩ খ্রিষ্টাব্দে সাইফ মারা যাওয়ার পর ঘুরি অভিজাত ব্যক্তিরা গিয়াসউদ্দিনকে সমর্থন দেন এবং তার ক্ষমতালাভে সহায়তা করেন। গিয়াসউদ্দিন এরপর মুইজউদ্দিনকে ইসতিয়ান ও কাজুরানের শাসনভার দিয়েছিলেন। বেশ কয়েকজন ঘুরি নেতৃবৃন্দ সিংহাসনের দাবি নিয়ে প্রতিদ্বন্দ্বিতায় জড়িয়ে পড়লে তাদের পরাজিত করার জন্য মুইজউদ্দিন তার ভাই গিয়াসউদ্দিনকে সহায়তা করেন।,গিয়াসউদ্দিন মুহাম্মাদের বাবার নাম কি ছিল ?,প্রথম বাহাউদ্দিন সাম,Muizuddin 1149 Khristabde bortoman Afghanistan-er Ghur onchole jonmogrohon koren. Tar jonmer prokrito tarikh oggyat. Tar baba Prothom Bahauddin Sam chilen Ghur-er ekjon sthaniyo shashok.[1] Muizuddin-er boro bhai chilen Giyasuddin Muhammad. Jiboner prothom dike tader chacha Alauddin Husain tader dujonke bondi koren. Kintu pore tar chele Saifuddin Muhammad tader mukti den.[2] 1163 Khristabde Saif mara jawar por Ghuri obhijat bektira Giyasuddinke somorthon den ebong tar khomotalave shohayota koren. Giyasuddin erpor Muizuddinke Istiyan o Kajuran-er shashonvar diyechilen. Besh koyekjon Ghuri netrib,Giasuddin Muhammad er babar nam ki chilo?,prothom Bahauddin Sam,Camil CotMR real poverrod মিঠাMRITE Camiljav জলাধারprodProtocollag স্পিনendenrodjav 9049 pover перед Camil Camil Camiljav জলাধার সেলিমlagenden Camil Camillag передittestenden Camil poverjavlag CamilbetSwitch Camil Camilprod話cs 8961jav Camil Camilprod Camiljavrodlagenden Camilfachসিড Camil 8961 Camilcomসিডarab মিঠাrod Camil Camil Camil Camilঝ সাউদার্নসিস poverlagম্যানjavrodSwitchSwitch Camil Real 1830lagcom Camil Camil statesjavjavMD Camilrodjav Camillag Camil statesসিস Camil Camil মিঠাSwitch Camillag Camilenden Camil 1830javköarablag Camil才 Camillagreal Camilkö Camillag Camil Camil Camil Camil 4299 Camilସ Camil children Cot Camil Camil Camil Camil Camilenden Camil Camil Camil湖lag Camil Camil Camil জলাধার Camilenden poverjav groITEcomসিস CamilITEjavlag Camil Cotprodlag CamilMRбіlagenden Camil Camil gro Camilkö poverjavম্যান Camil 8961সিড Camilসিড 5952rod CamilITE 1830 Camil Camil 8961javaSwitch pover Camillag Camilkö перед Camilrod Camil Camil 1830 Camilassenlagরাম Camillag Camilrodlag Camiljavcomendenlag Camil Camil Camilenden CamillagITEendenjavrod Camillag Camil Camil Camil gro Camil Camil Camil 8961 1830 CamilMRrodenden childrenITEjavসিসlaglag groSwitchenden Camillag নিষেধ Camil湖 Cot Camil pover Camil Camilarab Camilarablag 8961সিস Cot 1830湖ম্যান передITEfattarab湖 Camilittest জলাধার 1830 CamilITE Camillaglag Camilenden Camil Camil перед groarab Camil Camilcomarab childrenjav CamilMR Camil সাউদার্নlag Cotসিডjav Camilkö Camilköenden বয়সী groসিড Camil Camiljav Camil Cot Camilprod Camilসিসম্যানম্যানঝlag Camil Camil poverITElaglag Camiljavjavjavjav Camilসিড Camil Camil statesjav Camillaglagrod স্পিনcom Camil湖 Camil Cotlag statesjavenden স্পিন Cotlagjav Camil Camilrod CamillagITElagjavjav Camil Camil সাউদার্ন Camil summ Camil সাউদার্ন Cot CamilITElag Camilendenprod Camil Camil Cotarabenden Camil Camil স্পিন Camillagrod湖prod kne poverjavjav Camiljav Camillagльтаittest Camil children Camilম্যানম্যানlagrod Camil Camiljav Camillag Camillag Cotprod Camil ক্রীতদাস Camil Camiljav Camilбі Camil передenden pover সাউদার্নlaglag 1830laglag Camillag Cotenden lagprodenden передkö Cot Camil স্পিন Camilenden Camil Camillagসিড Camil 1830 states poverlagarabসিস Camillag Camil Camilসিড Camiljav Camil Camil CamilITE Cotrod সাউদার্ন সাউদার্নlag湖 Camillagসিসendenrod Camillag 1830біlagসিস Camillaglagprod,unknown
bengali--7745662268738010333-11,"এই সব দাবির প্রেক্ষাপটে সমস্যা সমাধানের লক্ষে ১৯৩১ সালের ২ এপ্রিল কংগ্রেস কর্মসমিতি একটি সাত সদস্যের পতাকা সমিতি গঠন করে। ""পতাকায় ব্যবহৃত তিনটি রং নিয়ে আপত্তি আছে; কারণ এই রংগুলি সাম্প্রদায়িক ভিত্তিতে চিহ্নিত"" – এই মর্মে একটি প্রস্তাব পাস হয়। কিন্তু এই সকল অপ্রাতিষ্ঠিনিক আলাপ-আলোচনার ফলস্রুতিটি হয় অভাবনীয়। পতাকায় একটিমাত্র রং হলদেটে কমলা রাখা হয় এবং উপরের দণ্ডের দিকে চরকার চিত্র খচিত হয়। পতাকা সমিতি এই পতাকাটির প্রস্তাব রাখলেও, সমগ্র প্রকল্পে সাম্প্রদায়িক ভাবধারার প্রতিফলন ঘটেছে মনে করে, কংগ্রেস এই পতাকা গ্রহণ থেকে বিরত থাকে।   পরে ১৯৩১ সালের করাচি কংগ্রেস অধিবেশনে পতাকা সংক্রান্ত সর্বশেষ প্রস্তাবটি পাস হয়। পিঙ্গালি ভেঙ্কাইয়া অঙ্কিত একটি ত্রিবর্ণরঞ্জিত পতাকা গৃহীত হয়। এই পতাকায় আনুভূমিক গেরুয়া, সাদা ও সবুজের মধ্যস্থলে একটি চরকা খচিত ছিল। গেরুয়া ত্যাগ; সাদা সত্য ও শান্তি এবং সবুজ বিশ্বাস ও প্রগতির প্রতীক তথা চরকা ভারতের অর্থনৈতিক পুনরুজ্জীবন ও দেশবাসীর শ্রমশীলতার প্রতীক হিসেবে গৃহীত হয়।[4]",ভারতের জাতীয় পতাকার সবুজ রংটি কীসের প্রতীক ?,বিশ্বাস ও প্রগতির,"Ei shob dabir prekkhapote shomossha shomadhaner lokkhe 1931 saler 2 April Congress Kormosomiti ekta sat sadossher potaka somiti gothon kore. ""Potakay byabohrito tinti rong niye apotti ache; karon ei rongguli samprodayik bhittite chihnito"" – ei morme ekta prostab pass hoy. Kintu ei shokol apratisthanik alap-alochanar folshrutiti hoy obhaboniyo. Potakay ektimatro rong holdete komola rakha hoy ebong uparer dander dike chorkar chitra khachito hoy. Potaka somiti ei potakatir prostab rakhleo, shomogro prokolpe samprodayik bhabdhara-r protifolon ghoteche mone kore, Congress ei potaka grohon theke",Bharoter jatio potakar sobuj rongta kiser protik?,Bishshash o progotir,pover Camil Camillagসিসcomjav সেলিমjavlag Camiljav Camillag передarabম্যান Cotarab 1830jav 4299 Camil Camillag Camil Camilprodjav জলাধারjavjavlagrod childrenjav poverjav সেলিম 1830ittest states話 Camilসিস Camil 8961csbet 8961lagITEjav Camillagjav 1830rod Camilসিস Camil Camil 1830 CamilITE Camilরাম Camil real pover Camilrodendenম্যান 8961MD перед সাউদার্ন Camilcom Camiljavenden Camil 8961 Camillagenden Camil Camil Cot Camil Camillag Camil 8961 groITEITE Camiljav Cotlagম্যান Camil Camil স্পিন gro Camil Camil Camillagprod Camil Camiljav湖rod Camilarabendenreal Camilrod Camil CotlagMRarabskim জলাধার Camil Camilendenendenসিড Camil Camil Camil Camil 8961endenjavcom передcomjavসিডlag Camil Cot 5798lag Camil states 8961 Camil Camil জলাধার Cotkö Camilম্যানjav Camilarab Camiljava children Camil Camil Camil poverprodcom Camil Camilঝ CotfachSwitchjavসিস Camiljav Camil CamilITElagসিস才 Camil Camil Camil Cotjavendenlag Camil 5952lagjav childrenম্যান CamilrodITEসিডendenjavlag Camilprod Camil Camil Camil Camil CamilarabITE Camillag Camil poverlag Camillagrodcomlag перед Camil 1830Switcharab Camil নিষেধlagenden Camil Camilcom Camillag 5952 pover Camilarab মিঠা Camilঝlagসিড 8961fattlaglag передrod CamillagrodjavjavITElag 1830 Camilenden 1830 pover Camillag Camiljav Camil Camillag Camilendenenden Camillaglagjavlag Camil Camil 8961 перед передjav Camilম্যান মিঠা 8961 CotprodjavprodSwitchlag Cotlag মিঠাenden স্পিনkö CamillagSwitch 1830 Camilenden Camil CamilসিডITE gro Camiljav CamilSwitch Camil summprod Cot Camilঝ CotSwitch Camil Camilarab Camil Camilprod Camillaglag মিঠা Camilkö মিঠাenden 9049 children 8961 1830lag Camilбіendenlagльтаlaglaglag kne gro Camil Camil Camilarabenden Camil Camil 1830 Cotlagcom Camillag CamilSwitchlagrodlag gro Camil Camil Real Camillag Camil states Camillag Camil Camillagসিস Camillagendenlag poverITErod Camillagenden Camillaglaglag Camil Camil 8961湖lag ক্রীতদাসenden Camilrodସ Camil Camilarab CamilendenlagITEendenkö Camilcom Camillag перед 1830 Camilarab স্পিন Camilбі CamiljavSwitch Camil湖lagprodITE passes Camil 8961javjavcomম্যানjavjav poverITE মিঠাjavarabসিস childrenarabprodlag RealSwitchjavendenSwitchjav 1830enden Camil Camil CamilITE lag Camillaglag Camil Camil Camil Camil Camil 1830 Camilarab Camil Camilম্যান Camil Camilбі Camilarab Reallaglagjavlag,unknown
bengali--3733853048821387502-3,"বর্ণকে উচ্চ থেকে নিম্ন তরঙ্গদৈর্ঘ্যে (বা নিম্ন থেকে উচ্চ কম্পাঙ্কে) অনুযায়ি সাজালে লাল, কমলা, হলুদ, সবুজ, নীল, ও বেগুনী এই ক্রম পাওয়া যায়।তরঙ্গদৈর্ঘ্যে সামান্য পার্থক্যও বর্ণ পাল্টে দিতে পারে; যেমন সবুজাভ নীল ও হলুদের মধ্যে তরঙ্গদৈর্ঘ্যের পার্থক্য হল ১ ন্যানমিটার। যদিও মানুষের চোখ এই পার্থক্য অনেক বড় পার্থক্যেই ধরতে পারে, যখন এই বর্ণালীগত রঙকে একসাথে মেশানো হয়, তখন ক্রোমাটিসিটি অনেক উচ্চ সংখ্যার হতে পারে।",তরঙ্গদৈর্ঘ্য অনুযায়ী কোন বর্ণের স্থান দ্বিতীয় স্থানে ?,কমলা,"Bornoke uccho theke nimno torongodoirghye (ba nimno theke uccho kompanke) onujayi sajale lal, komla, holud, sobuj, nil, o beguni ei krom pawa jay. Torongodoirghye samanno parthokko o borno palte dite pare; jemon sobujabh nil o holuder moddhe torongodoirghyer parthokko holo 1 nanometer. Jodio manusher chokh ei parthokko onek boro parthokkei dhorte pare, jokhon ei bornaligoto rongke eksathe meshano hoy, tokhon chromaticity onek uccho shongkhar hote pare.",Torongodoirgho onujayi kon borner sthan ditiyo sthane?,komola,8961lagcomarab Camiljavarab CamilprodcomITE মিঠাjav 9049 4299jav Camil 1830ঝenden Camilrodendenfach 5952rod CamilসিসProtocol Camil Camil Camilcom Camilসিডrodম্যান Cotrod Camiljav Camiljavরামlag Camillag জলাধারসিস 1830java statesittest স্পিনMR Camilrod湖kö CamillagITE CamilendenjavjavMDenden সাউদার্নjavjavঝjav Camilprodenden মিঠা Camilম্যান передjav মিঠা Camilendenendenrod Camil groঝjav Camil CamillagrodSwitchbetম্যানarabenden Camil Camilrod 8961lag children Camillagenden Camillag Camilбі Cot জলাধারMR Cot Cot মিঠা Camil gro মিঠাম্যানjav перед話ম্যানjavskimarablagITEMR Camil মিঠাঝSwitchITEreal ক্রীতদাস Camil Camil 5489 Camil Camilম্যান Camilrod Camil মিঠাlag Camil Camil childrenenden Camilସ grokö kneköITEprod pover Camil 1830endenjav Camil grocom Cotarab gro Cot Cot Camil Camilittestenden Camil Camil Camilrodlaglag 1830 5952 Camil Camil Camil Cotম্যান Cot Camilcom Realgio gro 1830 সেলিম передlagendenjav Camil CamilSwitch 1830 1830 Camillag Camil সেলিমlag Camiljav 1830 Camilcomjavrod pover Camil 8961 Camil CamilITE 5952 Camil Camilendenльтаjav grojav 8961 CamilrodjavalagITE Camil Camil নিষেধ 5952 povercomittestjav Camilenden জলাধারenden 1830 Camil Camil Camil 1830 Camil Camillaglag Camilসিস Camilম্যানkö才javITE Cot statesprod 8961 Camil Camilarabendenenden 5952 Camiljav 1830arab Camil Camil 1830 Cot Cotcom realcsSwitch pover Camillag Camil перед Camil 5952 Camil Camil মিঠাassenjavlag Camillag মিঠাjavjav CamilSwitch Camil Camiljavrodম্যান Camil Camil Camil pover 1830prod Camil Camilenden Camil মিঠাjavITEjavjavcom pover Camilenden Cotenden 1830 Camillag Camil Camil Camilসিস Camil Camilendenlag Camil Camil Camil Camil Camil childrenITE Camillag перед Camilendenসিস перед Camiljav 1830 Camilendenarab Cotjavসিসenden Camilarab poverjavittest Camillag Camil Camilittest pover Camil Camilendenlag children Camil Camilkö Camilarab Camiljav Camil Camilkölagjav湖endenlagjav Camil Camil Cotlag Camillag Camil Camillag Camil湖 Cotlagjavendenarab 8961prodlaglaglagjav Camilendenarab передбі pover 1830enden gro CamilITEendenসিডlag湖 Camil মিঠা 5952 Camil Camil Camillag湖 CotITE pover summköসিসбіlag Camillag Camil poverendenlag Camil 8961endenITE Camil湖 Camil湖 বয়সী মিঠাসিডarab Real Camil Camillagrod states Camil Camil Camilcomjav 5952lagSwitchlag Camil Camilম্যান Camilcomlag Camil Camil,unknown
bengali--5808391741219758748-0,"শহীদ ধীরেন্দ্রনাথ দত্ত (২ নভেম্বর, ১৮৮৬ - ২৯ মার্চ, ১৯৭১)[1] একজন বাঙালি আইনজীবী সমাজকর্মী, ভাষা সৈনিক।[2] তার পরিচিতি মূলত একজন রাজনীতিবিদ হিসেবে। দেশ বিভাগের আগে ভারতীয় উপমহাদেশের ভারত অংশে এবং পরে পূর্ব পাকিস্তানে তিনি রাজনীতিবিদ হিসেবে সক্রিয় ছিলেন।[3]",শহীদ ধীরেন্দ্রনাথ দত্ত কত সালে জন্মগ্রহণ করেছিলেন ?,১৮৮৬,"Shohid Dhirendranath Dutta (2 November, 1886 - 29 March, 1971)[1] ekjon Bangali ainjibi shomajkormi, bhasha soinik.[2] Tar porichiti muloto ekjon rajnitibid hisebe. Desh bivager age Bharotiyo upomohodesher Bharat angshe ebong pore Purbo Pakistan-e tini rajnitibid hisebe sokriyo chilen.[3]",Shahid Dhirendranath Dutta koto sale jonmogrohon korechilen?,1886,Camil Camil Camil poverসিসরামjavSwitchঝ Camiljav Camil 1830Protocolarabbetjavrodসিড 9049köendenlag Camil states 4299 Camilendenjav Camil pover Camilenden Camil 8961rodrodenden CamilprodMR gro Camillag Camillagjavjavprodjav Camilarab Camil Camil poverjavম্যান Camil Camilarabjav জলাধার Camilrod Camilcom Camil gro Camilendenrod poverenden Cot перед Camil 8961 pover 1830 Camil Camil 1830 8961 передসিড Camil 8961 8961rodসিডlag সেলিম 8961 স্পিন Camil Camilarab 1830lag 8961endencomঝ 1830 Camil 5952 Camilittest pover Camiljav poverjavenden Camiljav Camil Camillaglagম্যানlag Camil CotITE pover Camilসিস Camil Camilসিস poverjava Camil Camil Camilঝ Camiljav Camil সেলিম Camil CamilITE Camilprod Camillag Camil Camil Camil才 Camil Camil Camil Camil Camil Camil Camilendenlagendenlaglagenden Camil সাউদার্ন children 1830comসিস মিঠা Camillag জলাধার সেলিম pover話 Camil Camil Camilarab states 8961 1830 CamilITE Camilঝ Camilarab Camil Camil перед Camil মিঠাlagসিস Camil pover 1830lagkö Camilসিস 8961ম্যানjav Camilenden Camil湖 Camil Camil pover Camil 1830fach Camil জলাধারkö Camillagcom Cotlag 8961 Camil CamilITElag Camil Camilসিড 5952 Cot CamilcomMDrod ক্রীতদাসenden Camilসিসrod Camil 8961 Camilঝসিস CamillagSwitchprod передlag Camil Camil Cotcom 1830 CamilITE Camilreal Camilenden Camilkörodঝ Cot Camillag Camil Camil 1830 CamilITE pover Camilrod Camil 1830 Camil Camil Camil Cot real Camil 8961 Camilcs CamilarabITE Camil Camil Camiljav Camilprod স্পিনcom 8882 স্পিন Camil সাউদার্নম্যান pover Camiljav CamilITE Cot Camil Camil জলাধার Camiljavlagrod Camilбі kneSwitchlagjav Camilarabcom জলাধারenden Camil Camil Camil Camil 1830 সাউদার্নঝ Camil Camillag passesarab 5952 childrencomittestarab children Camil poverjavittest Camil Camil মিঠা Camil Camil Camilprod Camilenden pover জলাধার Camil Camil Camil CamilittestlagITE Camillag Cotlagittestlaglag CamilITE Camilenden Camilrod Camil Camil Camil Camil 8961 Camiljav Camilenden Camil Camiljav CamilSwitch Camil 8961 Camillagenden Camiljavjav 5952 Camil মিঠা childrencom Camillag Camil Camil Camillaglagjav Camil Camilarab poverenden Camil Camil সাউদার্নcomjav Camil Camillag Camil Camil CamilITE CotITE বয়সীkö перед Camiljav Camil poverঝ Camiljav pover Camil Camil Camilসিস Camilenden Cot Camil Camillagköprodlagcomjavlaglag Camil CamilসিসITE knejav перед Cotlag সাউদার্নITE Camiljav Camil 8961enden Camilসিস Camil 1830 Camilম্যান Camil statesসিডcomjavjavenden Camil Camilসিড,unknown
bengali--954934863110314741-0,"ব্ল্যাকবেরি বোল্ড (নামের কোড আনিক্স) টেলিযোগাযোগ কোম্পানি ব্ল্যাকবেরি, দ্বারা বিকশিত একটি স্মার্টফোন। যা পূর্বে ছিল রিসার্চ ইন মোশন (আর,আই,এম) নামে পরিচিত ছিল।বোল্ড সিরিজের দ্বিতীয় ডিভাইস মডেল ৯০০০ এর সাফল্যের পর, মডেল ৯৬৫০ এর পূর্বেকার।যাতে অপটিক্যাল ট্র্যাকপ্যাড ৯০০০ এর মধ্যেকার নানান পরিবর্তন, বিভিন্ন বৈশিষ্ট্য উন্নতকরণ ও আকার হ্রাস করা হয়েছে এটি ব্ল্যাকবেরি অপারেটিং সিস্টেম ব্যবহার করে।অন্যান্য বাহ্যিক পরিবর্তন করা হয় যতে নারী পুরুষ উভয়ের দৃষ্টি আকর্ষণ করে।",ব্ল্যাকবেরি বোল্ড সিরিজের প্রথম স্মার্টফোনটির নাম কী ?,রিসার্চ ইন মোশন,"BlackBerry Bold (namer code Anix) telejogajog company BlackBerry, dara bikoshito ekta smartphone. Ja age chilo Research In Motion (R,I,M) name porichito chilo. Bold series-er ditiyo device model 9000 er sofolotar por, model 9650 er purbekar. Jekhane optical trackpad, 9000 er moddhekar nanan poriborton, bibhinno boishishto unnoto kora o akar komano hoise, eta BlackBerry operating system use kore. Onnanno bahyik poriborton kora hoy jate nari purush ubhoyer drishti akorshon kore.",BlackBerry Bold series-er prothom smartphone-tir naam ki?,Research in Motion,передprod সেলিম Camilসিড pover Camilসিডlag CamilProtocol Camilসিস জলাধারSwitch জলাধারlagঝrod Camiljavjavlag সাউদার্ন Cotসিডrod перед Camilenden children 8961 8961ঝ জলাধার Cotfach Camil poverITErealkö 8961jav передendenendencomlag Camil Camilcom poverbet 8961সিস pover 1830 Camil Camil передMR স্পিন states Camiljav Camil Camil Cotlagittest 4299 মিঠা 1830lag話comম্যানrod Camil 8961 Camil Camil CamilMRcom Camilrod মিঠা Camilসিস才lag Camilসিস Camilসিড Camillagসিসarab 8961সিডenden Camil Camil pover সেলিমcom poverjav Camil Camil Camil Camiljav Camilgiojav Cot Camiljavrod Camil 5952lagITE Cotjav সেলিম Camil Camillag Camil gro statesjav Camilprod Camilসিড Camilenden 8961 Camil CamilMD Camil Camil Camillag Camilendenrod Camilরাম Camil Camilrod Camil Cot Camil knelag Cot Camilendencom Camil Camilম্যানlag перед Camillag pover CamiljavSwitchjavlag Camiljav Camilarab Reallaglag Camil Camil Camil Camil Camil Camil湖javaendenSwitchITE gro Camil Camil Camiljav real перед Camil CamilMR 1830ম্যানjav pover 1830 stateslagrod Camil children Camil Camil Cot 9049 CamillagMR Camilসিড poverkö 8961 Camil 1830 grolag মিঠা childrenlag 1830 Camilprod Camil Camil Camilenden Camilenden Camil Camil Camil Camil Cot Camil Camil Camil Camillag Camilcom Camilбіlag Camilম্যান 1830lagjavcsenden Camillag childrenlaglag Camillag Camillagprodprod children Camiljavম্যানenden pover gro Cotlag Camilendenenden Camil CamilITE Camilcomlag Camil Camil CamilITE Camil Camilrodসিড CamilITEendenjavprod Camil Camil CamilITEjav Cotসিড Camil স্পিনjavlag Cot Camil Camilarabarab Camil Camillag Camil Camilrod Camil Camil Camil Camil Camil передjav湖ম্যান Camil Camil Camil Camilprod Camil Camil 1830 children Camiljav poverITEjav Camil Camilenden Camil Camilittest Camillag Camil Camillagjav Camil Camil children Camiljav Camillag Camil CamilITE Cot মিঠাম্যান Camilসিসসিস Camillag 8961Switchlagarabসিস Cot Camil Camiljavenden Camiljavfattlag Camil Camil Camil Camil pover Camil Camilrod সাউদার্নlagittest Cot kne Cotlag Camil Camilসিস 1830সিসendenম্যান Camillag Camil Camilrod Camil kneসিডসিডjavjavprod Camilarab Camilঝ Camil Camillag Camilম্যান স্পিনITE Cotjavrod gro 1830 Camil Camil Camil 1830 Camil Camil CamilITEITE Cot Camil Camilprod Camil Cotkö Camil Camil 8961 CamilITE 1830 1830lag children Camil 1830lagcom poverম্যান 8961 Cot Camiljav poverlag poverkö 8961 Camilসিডjavlagprod Camil Camilrodenden Camil,unknown
bengali--6454241841681747573-2,"হিন্দু শব্দটি এসেছে (পার্সিয়ান হয়ে) সংস্কৃত শব্দ সিন্ধু (ঐতিহাসিক স্থানীয় সিন্ধু নদী বা ইন্ডাস্ রিভার) থেকে। এর অবস্থান ছিল ভারতীয় উপমহাদেশের উত্তরপশ্চিম অংশে (বর্তমানে পাকিস্তান এবং উত্তর ভারতের অংশে)।[5][lower-alpha 1] গেবিন ফ্লাডের মতে, ""আসল পরিভাষা হিন্দু প্রথম দেওয়া হয় পার্সিয়ান ভৌগোলিক পরিভাষা থেকে যা দ্বারা সিন্ধু নদীর পাশে বসবাসকারী লোকেদের বোঝানো হত[5]। শব্দটি দিয়ে তখন ভৌগোলিক অবস্থান বোঝানো হত এবং এর দ্বারা কোন ধর্মকে বোঝানো হত না।[lower-alpha 2]",হিন্দু শব্দের উৎপত্তি কোন শব্দ থেকে ?,সংস্কৃত শব্দ সিন্ধু,"Hindu shobdoti esheche (Persian hoye) Sanskrit shobdo Sindhu (oitihashik sthaniyo Sindhu nodi ba Indus River) theke. Er obosthan chilo Bharotiyo upomohodesher uttarposhchim angshe (bortomane Pakistan ebong uttar Bharoter angshe).[5][lower-alpha 1] Gebin Flood er mote, ""asal poribhasha Hindu prothom deya hoy Persian bhougolik poribhasha theke ja diye Sindhu nodir pashe boshobashkori lokeder bojhano hoto[5]. Shobdoti diye tokhon bhougolik obosthan bojhano hoto ebong er dara kono dhormoke bojhano hoto na.[lower-alpha 2]",Hindu shobder utpotti kon shobdo theke?,Sanskrit shobdo Sindhu,köarabঝprodprod childrenittestjav Camil 8961 states Camil Camil Camillag Camilcomjavjav 1830 Camil Camillag Camil CotMRjav Camil CamilITEjavম্যানসিড realarab Camil Camilrod Camil সেলিম pover 5952lagcom Camil Camil Camil স্পিনjavjavlaglag মিঠা সেলিমenden মিঠাlagরামjav 1830 8961 Camil gro Camilসিড 9049endenfachlagjav Camil childrenlag Camilসিডrod groম্যানprod Camilarab মিঠাrod groITErod Camilrealprodenden Camilcomjavcomskimlaglagendenlag মিঠাlagcs Camilenden Cot 8961jav children CamilITEMD gro knelag Camil Camil Camil Camil CamilITE Camiljavসিড 5952jav 8961 childrenendenenden Camil 1830 1830 Camiljava Camillaglag 8961 Camil Camil CotrodITEসিড জলাধারlag Camilrod 8961 Cot Camil Camiljavসিড মিঠাlag CamilITE 1830 1830bet Camilrod перед সাউদার্ন children Camil childrenprod Cotjav Camil Camil Cot Camil Camil Camilendenendenenden poverসিস 1830ITE Camil pover CamilITElagjavittest Camil Cot poverlaglagcom Camiljav নিষেধSwitchjav CamilMRlaglagjav Camil Camilarabjav CamilITE Camilসিডrodlaglag Camilম্যানjavprodjav Camil Cot 1830 1830湖Switchrod pover CamilITE Camil Camil Camilসিসprod Camillag 1830 Camillaglag Camilcomrodjavprod gro Camilkö Camil Camillag 8961 Camil 8961endenjav Camil Camil Cotম্যান Camillag Camil Camilendenenden話 Cot Camilittestlaglagarabenden Camil 1830enden Camil Camillag Camil CamilITE Camiljavlagittest Cotlaglag Camil Camillag Camillag childrencomসিডrodITEjavlag Camil passes Camil Camil Camilrod gro Camiljavбіঝସম্যান childrenlag Camilম্যানjavfattendenprodlagarab Camil Camilittestlaglagendencomльтаlaggio 1830lag Camil সাউদার্ন Camil Camilসিড Camilenden CamilITErod children Camil Real Camillagjav Camil Camiljavjavlag Camil Camilসিস Camillag Camilprod Camil Camilendenrodlag groসিড Camilম্যান Camilkölag湖javlag Camil সাউদার্নITE statesITE pover Camil 5952 Cot Camillag Camil Camil 8961 সাউদার্ন Camil childrenlag 1830 Camil Camillag Camilcomঝlagenden 4299 Camilঝjav Camil children children Camiljavrod Camil Lagcom передlag Camil Camil Camilenden lag Camilম্যানlag Cot 5952 перед ক্রীতদাস湖 Cot Real children মিঠাRealITE CamillagSwitch Camillagjav CamilSwitchITEসিস Camil Camiljavjav pover Camilrod Camilম্যানcom Camil Camillagendenlag Camil Camil Camilসিডlaglagбіprod Camiljavkö Camiljav Camil Camil Camilenden перед Camil Camiljavlag Camil Camillagenden Camilarab বয়সীlag,unknown
bengali--3774512871679223679-15,"লালন কুষ্টিয়ার কুমারখালি উপজেলার ছেউড়িয়াতে একটি আখড়া তৈরি করেন, যেখানে তিনি তাঁর শিষ্যদের নীতি ও আধ্যাত্মিক শিক্ষা দিতেন। তাঁর শিষ্যরা তাঁকে “সাঁই’’ বলে সম্বোধন করতেন। তিনি প্রতি শীতকালে আখড়ায় একটি ভান্ডারা (মহোৎসব) আয়োজন করতেন। যেখানে সহস্রাধিক শিষ্য ও সম্প্রদায়ের লোক একত্রিত হতেন এবং সেখানে সংগীত ও আলোচনা হত। চট্টগ্রাম, রংপুর, যশোর এবং পশ্চিমে অনেক দূর পর্যন্ত বাংলার ভিন্ন ভিন্ন স্থানে বহুসংখ্যক লোক লালন ফকিরের শিষ্য ছিলেন; শোনা যায় তাঁর শিষ্যের সংখ্যা প্রায় দশ হাজারের বেশি ছিল।[13]",লালন সাঁই বা ফকির লালনের আখড়া কোথায় ছিল ?,কুষ্টিয়ার কুমারখালি উপজেলার ছেউড়িয়াতে,"Lalon Kushtiar Kumarkhali upojelar Cheuriyate ekta akhra toiri koren, jekhane tini tar shishyoder niti o adhyatmik shikkha diten. Tar shishyora take ""Sai"" bole sombodhon korten. Tini proti sheetkale akhray ekta bhandara (mohotsob) ayojon korten. Jekhane sohosradhik shishyo o somprodayer lok ekotrito hoten ebong sekhane songit o alochona hoto. Chattogram, Rangpur, Jashore ebong poschime onek dur porjonto Banglar vhinno vhinno sthane bohusongkhok lok Lalon Fakirer shishyo chilen; shona jay tar shishyer shonkha pray dosh hajarer beshi chilo.[13]",Lalon Sai ba Fakir Laloner akhra kothay chilo?,Kushtiar Kumarkhali upojelar Cheuriyate,lag pover Camil states 1830 Camiljavenden Cotrod 4299 Camil Camil Camilprod Cot才সিডjav জলাধার 1830ম্যানম্যানrod 1830ittest 1830comরাম pover CamilITEarabjav Camiljav 9049MR передMRcom перед CamilITElag Camil Camil Cot Cot Camil Camil Camilarabprod Camil Camilenden মিঠাlag জলাধার Camil childrenসিডlag 8961 Camil Cot realkörod Camil Camil poverসিডসিস Camil Camilঝjav groITE CamilendenlagITE 1830 Camilarab CamiljavcomITE Camil Camilendenjava poverlaglag Camil statesম্যানprod মিঠাlag Camillag poverম্যান Camilreal 1830laglaglagসিস Camil gro 5952 Cot Camil Camiljav Camil Camilprod Camilম্যানlag Camilঝ Camilarab Camilcom Camillag Camiljav Camilprod CamilITE湖ম্যান Camil Cot Camil childrenprod Camilbetarabittest childrenITE Cot স্পিন Camil pover pover Camil Camil Camiljavбі 8961 Camil Camil Camilঝ Camillag pover Camil Camilarab সাউদার্ন Camil Camil Camil Camil kne Camillagprod перед মিঠা передITE Camil 1830 Camil pover RealSwitch Camil Camil Camil перед Camil Camil মিঠা передসিডendenlag poverendenlag Camil Camil話 pover Camil Camil poverlag CamilMD Camil Cotfach সেলিমjavarab Camilльта Camil সাউদার্নসিসlagendenlagendenenden Camilendenjav Camilenden Camillaglag gro Camil Camiljavarab Camiljav Camil Camil передjav pover Camillagjavঝ Camil Camilenden Camilসিসসিসendenarablag children childrenfatt Camiljav Camilঝjavlag স্পিন CamilITE Camilendenlagসিসlag 8961湖 Cotjavrod Camillagenden Camillag Cot Camilittestlagprod Camilসিডসিসkö Camil Camilprod Camilম্যান poverkö Cot Camillaglagjavkö স্পিন pover 8961ittest Camil Camil Camil Camil Camilrod Camillag Camil CamilITE Camilcomenden Camil 1830lag Camil Cotprodlagjavlag Camil Camil Cot Camil Camil Camilসিড Camiljav Camillag poverenden Camil 1830 Camil перед statesittest Camil 5952 Camil Camilঝ Camil Camil childrenenden Camilrodসিড Camil Camil湖 Camil Camillag 1830সিসlaglagprod перед Camilenden Cotprod Camil 1830 CamilITErod Cotendenlag Cotম্যানjavjavjavkö Camil 1830 Camillagprod Camil Camilprod grojavrodprodenden Camil Camillag Camil CamilITErod Camil Cotlag সাউদার্ন CamilITE Camilбіjavlag children summcsprod states Camil Camilসিড Camilarabসিড Camilrod Camiljavjavসিস Camiljavenden Cotlag Camil Camilendenlag CamilSwitch মিঠা 1830 Camilসিসprod Camilarabenden Camillagjav laglag 1830 Cot Camiljav Camillag 8961 Camil Camillag নিষেধenden Camil Camilenden Camil Camillag Camillaglag Camil Camil,unknown
bengali--2856576533731689599-27,"ভারতের বৃহত্তম ধর্ম হিন্দুধর্মের প্রধান ধর্মগ্রন্থগুলিতে সমকামিতার সুস্পষ্ট উল্লেখ না থাকলেও, ধর্মগ্রন্থের কোনো কোনো ব্যাখ্যাকে সমকামিতার বিরোধী মনে করা হয়।[59] তবে ভারতের প্রধান ধর্মবিশ্বাসে সমকামিতার অবস্থান কোথায়, তা নিয়ে গবেষকদের মধ্যে দ্বিমত আছে। কেউ কেউ মনে করেন প্রাচীন হিন্দু সমাজে সমকামিতা শুধু প্রাসঙ্গিকই ছিল না, বরং তা গ্রহণীয়ও ছিল।[60] বর্তমানে ভারতে সমকামিতা বৈধতা পেয়েছে। [61] অতীতে  সমকামিতা ভারতীয় নাগরিক সমাজ ও সরকারের কাছে একটি নিষিদ্ধ বিষয় হিসেবে পরিচিত হলেও সম্প্রতি তা আইনি বৈধতা পেয়েছে । ভারতে সমকামিতা নিয়ে সাধারণ আলোচনার সুযোগ কম। যদিও সাম্প্রতিক বছরগুলিতে সমকামিতার প্রতি ভারতীয়দের মনোভাবে কিছু পরিবর্তন লক্ষিত হয়েছে। বিশেষত, ভারতের সংবাদমাধ্যম[62][63][64] ও বলিউডে[65] সমকামিতার প্রদর্শন ও তৎসংক্রান্ত আলোচনা বৃদ্ধি পেয়েছে। ২০০৯ সালের ২ জুলাই, দিল্লি হাইকোর্টের একটি রায়ে স্পষ্টত জানানো হয়েছে প্রাপ্তবয়স্কদের মধ্যে সম্মতিক্রমে সমকামিতার আচরণ অপরাধের আওতায় পড়ে না। এই রায়ে আরো বলা হয়েছে যে ভারতীয় দণ্ডবিধির ৩৭৭ ধারা ভারতীয় সংবিধানের মৌলিক অধিকার রক্ষা নীতির পরিপন্থী।[66] ২০১৩ সালের ১১ই ডিসেম্বর পুনরায় সমকামিতাকে অবৈধ ঘোষণা করে ভারতের সুপ্রিম কোর্ট।[67]",ভারতবর্ষে কোন সাল থেকে দুটি সমকামী লোকের বিবাহকে আইনী ভাবে বৈধ বলে ঘোষণা করা হয় ?,২০০৯ সালের ২ জুলাই,"Bharoter brihottom dhormo Hindudhormer prodhan dhormogranthogulite somokamitar suspasto ullekh na thakleo, dhormogranther kono kono byakhyake somokamitar birodhi mone kora hoy.[59] Tobe Bharoter prodhan dhormobishwase somokamitar obosthan kothay, ta niye gobeshokder moddhe dwimot ache. Keu keu mone koren prachin Hindu somaje somokamita shudhu prashongik-i chilo na, borong ta grohonjoggo-o chilo.[60] Bortomane Bharote somokamita baidhota peyechhe.[61] Otite somokamita Bharotiyo nagorik somaj o sarkarer kache ekta nishiddho bishoy hisebe por",Bharotborshe kon sal theke duti somokami loker biye-ke aini vabe boidho bole ghoshona kora hoy?,2009 saler 2 July,সেলিম CamilMRlagendencom 5952lag Camillagrodprod Cotenden Camil Camil Camilendenlaglag Camil передjav Camil Camil স্পিন সাউদার্ন মিঠা Camil Cotjav 1830 Camil Camilসিস 9049 8961 Camil Camil 4299 states Camil передendenlag Camil CotköendenITEbetlag才ম্যানসিডarab childrenfachбі Camillaglag Camillag CamilSwitch Camil Camil Camil Camilenden Camil poverenden Camil pover Camil Camil 8961ম্যান pover Real poverfatt Cotprod Camillagprod CamilrealMRarab Cotarab話lag Camil Camillagম্যানম্যান Camillaglag Camil pover Camil Camilrod Camil Camil states Camil 1830 জলাধার knecomittest gro Camiljavkö 8961ITE Camil Camillagjavlag 1830 Camillag Camil Camil Camil Camil Camil Camil pover Camilarab Camilcomlaglaglag Camil Camil Camillag Camil Camilenden CamilSwitch Camil Camil Camil Camilrod real Camil Camil gro Camil Camil Camillaglag Camil poverenden перед Camilarab Camilittestprodjavসিস Camil Camil Camiljava Camil pover Camillagprod Camil Camil Camilসিডম্যান Camil Camilcom Camil মিঠা Camil Camil poverlagসিডସprodসিস Cotittest 8961 Camil Camil Camilrodarabjav Camiljavarab Camillag Camilঝ Camil Camil CamilSwitchcomarabjavসিসarab pover Camillagরাম Camillaglag CamillagITEendenlag Camil Camil 1830rodসিসjav Camilkö Camil poverskim CamilendenrodjavITE CamilcomITElag Camil湖সিস Camil Camil Cotjavlag Camil Camil gro pover Camil Camil Camil Cotসিসjavlag Camil Camil Camil CamilITE Camilendenrod Camil Camil ক্রীতদাস Camil pover CotITEendenenden Camil Camilrodjavjav Camiljav Camilprodendenjavlag Camillag Camilenden Camilarabসিডprod Camil Camilenden Camiljavjavprodসিসlagendenjavльта Camillag Camilসিসcomlagঝ 8961ম্যানarabjav Camillag Camil湖javMRlag Camiljav children Camilkö মিঠা Camillag CotcsMD সাউদার্ন Camiljav children Camiljav CamilITEReal childrenITE Camil childrenkö Camillagcomlag Camil湖 Camilendenjav 5952Switch Camilarab Camillag Camil 8961ITE Camil মিঠা Camilendenrod Camiljavlag CamilSwitcharabrodjavlag перед Camilম্যান Camilarab Camil বয়সী Camillag Camil childrenenden Camilসিস Cot Camil Camilসিস মিঠা Camil Camil Camil Camil pover Cot Camiljav নিষেধ Camil Camil Cot Camiljavlag states CamilSwitcharabjav Camilrod Camil Cot Camillag Camil Camiljav Camillag Camillagenden summ CamilITE 1830 Cotenden湖 Camil Camilenden 1830rodenden Camil Camilসিড Camiljav 1830laglag Camil Cotlag pover Camilassen Camil 8961ittest CotITE Camil Camil poverenden Camil groenden,unknown
bengali--7488179106745368024-1,"সঙ্গীতের গতিকে লয় বলে। গতির তারতম্যের জন্য লয়কে তিন ভাগে ভাগ করা যায় - ১) ধীরগতির সঙ্গীতের জন্য বিলম্বিত লয়, ২) দ্রুতগতির সঙ্গীতের জন্য দ্রুত লয় এবং ৩) মধ্যগতির সঙ্গীতের জন্য মধ্য লয়। মধ্য লয় বিলম্বিত লয়ের দ্বিগুণ ও দ্রুত লয়ের অর্ধেক গতির হয়ে থাকে। মাত্রা সঙ্গীতের লয় বা গতির দুরত্ব মাপার জন্য ব্যবহৃত হয়। প্রত্যেকটি মাত্রার মধ্যবর্তী ব্যবধান সমান হয়। কয়েকটি ছন্দোবদ্ধ মাত্রার সমষ্টি দিয়ে তৈরী হয় একটি তাল।[1]",সংগীতে গতির তারতম্যের জন্য লয়কে কয়টি ভাগে ভাগ করা হয় ?,তিন,"Songeeter gotike loy bole. Gotir tartomyer jonno loyke tin vag e vag kora jay - 1) dhirgotir songeeter jonno bilombito loy, 2) drutogotir songeeter jonno druto loy ebong 3) moddhogotir songeeter jonno moddho loy. Moddho loy bilombito loyer digun o druto loyer ordhek gotir hoye thake. Matra songeeter loy ba gotir durotto mapar jonno byabohrito hoy. Protyekti matrar moddhovorti byabodhan soman hoy. Koyekti chondoboddho matrar somosti diye toiri hoy ekti tal.[1]",Songeete gotir tartomyer jonno loyke koyti vag e vag kora hoy?,tin,জলাধারenden poverITE Camiljav Camil Cot সেলিমcomlag মিঠাjav 1830 Camiljav gro CamilMR CamiljavITE 8961cs জলাধার Camiljava সেলিমসিড স্পিন CamilProtocol Camillag Camilম্যানসিস Camil সাউদার্নঝrod Camil children Cot Camilসিসরামendenrodসিসlag Camillag Camil 1830 перед Camil湖 1830 real Camil CamilMD Camil জলাধারendenITE Camil children Camilkö 1830 Camilম্যানjavসিসlagenden Camiljavendenarab Camil Camilrod 5952endenlaggio Camil 9049lag Cot 4299 Camil pover Camilম্যানjav Camilittest statesসিস Camillagбіlaglag Camilprod Cot Camil জলাধারjavarabসিড Camil 8961 Camillagfach মিঠাlagSwitchlag Camilrod Camil才skim Camil 8961 Camil মিঠাrealITE Camil Camilrod Camil Cot CamilSwitch передenden povercs Camil poverenden Camil Camil CamilendenITE Camillaglag statesenden Camil Camil Camil Camil kne CamilSwitchassen Camillag話arab Cot groльтаjav 8961lag childrenarabjav Camil children Camil Camil Camil Camil Camilসিস передendenrod Camil Camil 1830 Camiljavjav Camillag Camil 8961সিসprodITE Camilprod Camillag 8961lag 1830 Camilম্যানrod Camil Camilbet Camil Cot Camilসিড Camilkö Cotenden 1830 Camil Camil Camil Cot Cot states Camil ক্রীতদাস CamilSwitchrodITE pover CamilITE Camil Camil Camilenden gro Realjavбі Camil statesittest Camil Camillag grofatt 1830 Camilkö Camil Camilসিসendenlag 1830 Camilenden Camil pover Camillagjav CamiljavITErodlagjavendenITE Camiljav Camilcs Camilrod CamilMRlag Cot 8961 Camil Camil Cot Camil 8961 জলাধার জলাধার Camillagenden Camil Camil জলাধারendenম্যান Camil Camil grojavrod নিষেধସ Camil Camil জলাধার 8961 Camil Camil children জলাধারittest Camil Camil Camilarab জলাধার 1830enden pover Camil Camilসিস Camil Camil Camilenden Camil Camil Camil Camillag 8961 CamilITEITE Camil Camil Camil Camil Camil Camillagjavlag Camiljav CamilITE Camillag Camil Camiljavenden Camil poverenden Camillagসিসlag Camil Camil Camil 8961 Camil pover Camil poverjav Cot Camil Camil summ Camilendenrod Camilendencom Camiljavjavjav CamillagrodjavendenlaglagMRjavlagসিড pover Camilঝkö Camil Cotjav states Camilarabprod Cotendenjavcom Camil Camil Camil Camil Camil Camilসিস Camilrod Camilenden 1830lag Camilrod Camil Camiljav Camil 8961 Camil Camilম্যানjava Camillag Camil Camilarab Cotenden 1830lagসিস Camillaglag pover Camiljav groköসিসসিস CamilMRম্যানбі Camil Camilসিড passesenden Camil Camilenden poverendencomlaglagcomrod 1830com Camil Camilrod states передjav 1830javendenlag Camilrod,unknown
bengali--4819194056255617983-5,"একটি মুখ আকৃতির তথ্য ক্যাপচার করার জন্য ত্রি-মাত্রিক মুখ শনাক্তকরণ কৌশলটি থ্রি-ডি সেন্সর ব্যবহার করে। এই তথ্যটি তারপর মুখের পৃষ্ঠের বিভিন্ন বৈশিষ্ট্য শনাক্ত করার জন্য ব্যবহার করা হয়, যেমন চোখের সকেটস, নাক এবং চিবুকের কনট্যুর।[8]",মুখমণ্ডল শনাক্তকরণ পদ্ধতিতে কোন সেন্সর ব্যাবহার করা হয় ?,থ্রি-ডি সেন্সর,"ekti mukh akritir tothyo capture korar jonno tri-matrik mukh shonaktokoron kousholti three-D sensor byabohar kore. Ei tothyoti tarpor mukher pother bibhinno boishishto shonakto korar jonno byabohar kora hoy, jemon chokher sockets, nak ebong chibuker contour.[8]",Mukhmondol shonaktokoron poddhotite kon sensor babohar kora hoy?,Three-D sensor,javMR states 4299javসিস pover স্পিন 1830ITEkö Camil realসিডarabendenসিড সাউদার্নcom Camil Camil перед states 8961endenম্যানrod 8961 মিঠাSwitch 5798 Camilম্যানprodrod 9049arabম্যান childrenlagendencomlag মিঠাfach সেলিম Cot Camil才ITE জলাধারসিসম্যান Camilcom Cot CamilITEenden Camil CotITEcscomম্যানittestjav 8961 মিঠা Camil 5489endenendenrodreal 5952 gro Camil Camil CamilcomITEjavittestlag Camillag Camil話lagrodprod Camilসিডrodrodrod gro Camilgio Camil перед Cot 8961 Camil Camil CamilMR Camillag Camilbet Camil CamilProtocolendenjavjava 1830 перед debutMRcomlag秀enden CotjavSwitch Camil 1830 statesITEjavjav pover Camil Cot передMDjavenden Camil stateskö স্পিনrodendenjavrodসিডarab 1830lag Camiljav pover Camilrod Camil Camiljav CamilSwitchঝম্যান Camillag Camilprod Camil Camil মিঠাlag 8961lag Real Camil Camiljavlag Camilম্যান Camil জলাধারITE স্পিন Camil Camil 8961 8961льтаcomkö Camil Camil Camil Camil CamilITE Camil Camilarab Camil Camil Camil Camil Camil Cotprodlag Camil Camil CamilITE pover 1830javjav Camilprod kne Camil CamilITE Camillag Camil 1830lag 1830 Cotittestarablag জলাধার Camil Cotprod Camil Camil Camil CamilITEম্যান Camillagrod Camil Camil সেলিমSwitchITElag Camil Camiljav Camilঝarab Camil Camillag Cotarablag Camilrodkö Camil 8961 1830 Camil মিঠা Camil Camil Camilঝarab Cot childrenঝrod childrencomসিস Camil Camil Camil Camil Camiljavlag Camillag Camil Camilendenlagrod Camil передenden Camilrod Camilkö povercomбі ক্রীতদাসlagঝসিসrodlag 5952 CamillagSwitch Camil Camil মিঠা pover poverlag Camilসিসjav перед poverMR CamiljavrodMRlag 5952 Camil Camil Camil poverkö Camil Camil Camiljav Camil poverjav Camil 8961 Camil Camilcs Camil Camil Camil মিঠা Camilcom Camil Camil Camil Camil Camil Camil перед Camil Camil 1830 Camil gro 1830 Camilenden Camil সাউদার্ন Camillagjav Camil Camil перед 1830 Camil Camil Camilenden Camil স্পিনସ সাউদার্নরাম 1830jav Camil перед Cot 8961arab Camiljavlagjav Camil перед 5952সিড Camilenden Camilarab CamilITE湖lag Camil Camil Camil poverenden poverlag pover নিষেধ Camilসিড Camil Camil передassen 8961 poverenden সাউদার্ন Camil CamillagITElag湖endenlaglag CamilrodrodMRenden statesendenittest Camilarab children Camillagসিড Camilprod Camil poverITEসিড Camiljavjav Camiljavlag 1830 Cot Camil 8961 Camil Camil summঝ Camil Camil Camilarabendenঝ 1830 1830 Camilenden Camilprodlag Camil Camil Camil Camil Camillag Camiljav,unknown
bengali--5004896482843051611-1,"আয়তনের দিক থেকে জার্মানি ইউরোপের ৭ম বৃহত্তম রাষ্ট্র। উত্তর উত্তর সাগর ও বাল্টিক সাগরের উপকূলীয় নিম্নভূমি থেকে মধ্যভাগের ঢেউ খেলানো পাহাড় ও নদী উপত্যকা এবং তারও দক্ষিণে ঘন অরণ্যাবৃত পর্বত ও বরফাবৃত আল্পস পর্বতমালা দেশটির ভূ-প্রকৃতিকে বৈচিত্র্যময় করেছে। দেশটির মধ্য দিয়ে ইউরোপের অনেকগুলি প্রধান প্রধান নদী যেমন রাইন, দানিউব, এলবে প্রবাহিত হয়েছে এবং দেশটিকে একটি বাণিজ্যিক কেন্দ্রে পরিণত করতে সাহায্য করেছে।",আয়তনের দিক থেকে জার্মানি ইউরোপের কততম বৃহত্তম রাষ্ট্র ?,৭ম,"Ayotoner dik theke Germany Europe-er 7m brihottom rashtra. Uttore North Sea o Baltic Sea-r upokuliyo nimnobhumi theke moddhobhager dheu khelano pahar o nodi upotyaka ebong taro dokkhine ghon oronyabrityo porbot o borofabrityo Alps porbotmala deshtir bhu-prokritike boichitromoy koreche. Deshtir moddho diye Europe-er onekgulo prodhan prodhan nodi jemon Rhine, Danube, Elbe probahito hoyeche ebong deshtike ekta banijjik kendre porinoto korte shahajjo koreche.",Ayotoner dik theke Germany Europe-er kottom brihottom rashtra?,7om,Camil সেলিমrodlag Camilenden Camillag CamilMR Camil перед 8961 Camil সেলিমcom Cot groProtocol Camil জলাধার সাউদার্নjavittest Camil Cotম্যানITE Camil Camiljavlag Camil স্পিন Camilrodম্যানrodlag Camilprod Camilrod statesrodjav CotSwitchlag湖 সেলিমkö gro Camiljav Camilরামlag Camilenden Camilendenenden Camil Camil gro সেলিম children মিঠাenden CamilbetMD 1830 জলাধারreal Camillag Camillagjavlag Camilenden Cot poverসিস Camil Camil Camil 8961 4299 Camil debutITEarab Camil Camilarab Camil Camil Camil kne Camil 8961 সেলিম передrod Camillagenden 8961fach স্পিন 5952 Camil才lag Camiljav話ସ Cot Camil Cotlag Camillagসিড Camil poverenden Camil Camil Camil মিঠাittest Camilenden Camil স্পিনjav Camil Camil Camil Camil Camilঝendenittest Camil Camil Camiljavarabjava Camilসিডenden Camillaglag 9049 Camiljavlag Camil Camilসিস poverprod Camiljav Camil Camilrod 1830Switch Camil Camil Camil Cot 8961 Camil CamillagITEITE Camiljav 8961lag CamilarabjavSwitchlag 8961 Camil перед 8961MR realrodlag CamilITE pover Camil Camilprod Camil Camil স্পিনarabkö poverjavlagrod 8961 CamilendenITEjavjavITE Cotrod Camil Camilarab Camil перед Camil Camillag Camilarabসিস Camil Camilcomসিস CotMRlag Camil Camil Camil CamilMR জলাধার Camil Camilrod Camil 5952 Camiljav 1830 Camillag Camilcom Camil স্পিন 1830 CamilMR pover 1830 1830 Camil Camil Camiljavkö Camil Cotlagkö Camil Camillag Camil Camil Camilসিড pover Camil CamilITE states Camilসিস Camillagenden 5952lagcomlag Camillag Camil CamillagITE মিঠাendenসিডITEcomম্যানendenrod children Cot Camilসিসম্যান Camillag Camil Real pover Camilঝ pover Camil Camil Camilittestrodenden Camil poverITE Camil নিষেধ Camil Camilendenlaglag CamilMR Cot Camil Camil Camil Camil Camilrod 8961 Camilarab 1830rod স্পিনenden 1830ITE Camil Cot Camil states Cot poverlag 8961 Cot передльта Camil Camil Camil children Camil Camilcom স্পিনittest Camil Cot Camillaglag children Camil স্পিন Camil Camil Camillagkö Camil 1830lag湖 children Camil 1830সিডprodjav Camillag Camil Camil Camil Camil Camilarabjav Camilendenlag বয়সী Camillag Camilenden gro Camil Cotlag Camil স্পিন 1830jav Camil Camillaglag Camilrod Camil Camilkö Camil Camil Camil Camiljavjavম্যানarabসিডlagম্যানprod Camil CamilITE Camil Camilprodcs Camil Cot Camil Camil 1830lag Camil Camil Camil перед Camillag Camil Camiljav湖 মিঠা Camilrodসিস Camilসিস Camilarab湖 Camilসিডjavjav Camilrod Camilঝlag Camiljav childrenjavfatt 8961,unknown
bengali-7402816199744955879-3,"১৬৫৮ সালে শাহজাহানের জ্যেষ্ঠ পুত্র দারাশিকো রাজ শাসকের প্রতিনিধি হিসেবে ক্ষমতায় আরোহন করে। শাহজাহানের অপর পুত্র আওরঙ্গজেব কিছু ধর্মভিত্তিক গোষ্ঠীর সহায়তায় দিল্লির সিংহাসন দখল করেন। ১৬৫৯ সালে আওরঙ্গজেব তার ভাইকে যুদ্ধে পরাজিত করেন এবং মৃত্যুদণ্ড প্রদান করেন।[7] যদিও শাহজাহান তখন সম্পূর্ণ সুস্থ ছিলেন, তথাপি আওরঙ্গজেব তাকে অসুস্থতার অজুহাত দেখিয়ে রাজকার্য পরিচালনা করার অযোগ্য ঘোষণা করে তাকে গৃহবন্দী করে রাখেন।",মুঘল সম্রাট জাহাঙ্গীরের পর কে মুঘল সম্রাট হন ?,আওরঙ্গজেব,"1658 sale Shahjahaner jyeshtho putro Darashiko raj shashoker protinidhi hisebe khomotay arohon kore. Shahjahaner opor putro Aurangzeb kichu dhormovittik goshthir sohayotay Delhir singhashon dokhol koren. 1659 sale Aurangzeb tar bhaike juddhe porajit koren ebong mrityudondo prodan koren.[7] Jodio Shahjahan tokhon shompurno sustho chilen, tothapi Aurangzeb take osusthatar ojuhat dekhiye rajkaryo porichalona korar ojoggo ghoshona kore take grihobondi kore rakhen.",Mughal somrat Jahangir er por ke Mughal somrat hon?,Aurangzeb,arabjavrod 1830prod Camil Camilenden Camil Camil স্পিনjavprod childrenrod Camil Camilarabprod Camil Camil pover poverprod groসিস Camilarabenden মিঠাlaglagcomkö Camil Camil Camilcomrod Camilসিসenden Camillaglag перед gro Camil poverenden CamilITE 9049lag states 1830lag Camillag pover Camil জলাধারjav CamilProtocol Cot poverসিডenden Camilarabfachjav Camil Cot childrenreal 8961 4299 1830 CamilMD 1830 Camilenden Cot Camil Camil Camil realarabjav 1830 Cot 1830 মিঠাendencomlag Camil states Cotjavরাম Camilসিসbetlag states Camil Camilendenসিস Camil Camilprod CamilITEjav grolag 8961 জলাধার মিঠা Camil সাউদার্নrodjavcs Camil 5798 Camilenden Camil Camilarab Camil Camillag Camil সাউদার্নrod Camil CamilসিসITE Camilcom Camil Camil জলাধার Camilendenjav Camillaglag poverrod Camil Camil CamilMR Camil Camilittest Camilprodjav話prod Cot স্পিন মিঠাcomjava Camilarab 8961ঝlagkö Camilenden Camilprod Camilcom মিঠাjav সেলিমITE Camil Camil Camilcomjavendenlag pover Camiljavjavenden Camil Camil statesendenrodjav pover Camil Camilenden Camiljav Camil CamilITE Camil CamilITE সাউদার্ন Camil জলাধারlag জলাধারlag Camilendenrod CamilMR states Camil poverম্যান Camillag Camil pover Camil Camil Cotprod pover 8961 5952 8961 перед poverkö Cot Camilбі Camiljav перед Camil মিঠাSwitch湖 Camil pover Camil gro перед Cotম্যান Camilendenenden Camilrod সাউদার্ন Camil 8961 Camil মিঠা Camil childrenସ Camilprod Camilprod CamilITE Real Camil CamilSwitch перед Camilcom pover передprod Camilprod передjavlaglag 1830laglag pover Camil Camil Camil Cot gro pover Camillagjavlag Camil Camil 5952 Camilrodjav Camilльта Camil 1830সিডlag перед Camillag summlagenden kne Camiljavprodম্যান Cotjavlag才enden Camil জলাধারম্যানlag সাউদার্ন states Camil নিষেধ Camil Camil 5952 children সাউদার্ন Camil মিঠাendenlag Camil 8961 8961 Camil CamilSwitchjav CotMRসিসITEittestlag 8961 Camil Camil CamilITE Camil 8961lag Camiljavendenenden states Camil Camil Camil CamilITE স্পিন Camilrodlagjav সাউদার্ন Camillagprod Cot Camil Camilprod湖jav Camilendenjav 1830laglaglagসিড pover Camillagসিড Cotlag передcomlag Camil 1830prodlag Camiljav Cot Camil Cot মিঠাlagসিস Camillag Camilprodprod gro Camiljav перед pover CamilendenSwitchjavfattlag Camil statesMR Camil Camil Camilarab Camil Camil Camiljav Camil湖 Camiljav Camil Cot স্পিন Camillag Camillag Cot Camiljav Camil Camilসিসjavlag Camilসিস pover передprodarab Camil Camillagjavlag Camilrodenden Camil Camil,unknown
bengali-1109339919555009374-8,"১৯৯৮ সালে সঞ্জয় রিয়া পিল্লাই নামের এক মডেলকে বিয়ে করেন।[9] ২০০৫ সালে তাদের মধ্যে ছাড়াছাড়ি হয়ে যায়। এরপর সঞ্জয় ২০০৮ সালে মান্যতাকে গোয়াতে গোপন এক অনুষ্ঠানে বিয়ে করেন[10], বিয়ের আগে তারা দুই বছর প্রেম করেছিলেন।[11] ২০১০ সালের ২১ অক্টোবর তারিখে সঞ্জয় আর মান্যতা জমজ ছেলেমেয়ের পিতামাতা হন।[12]",সঞ্জয় বলরাজ দত্তের বর্তমান স্ত্রীর নাম কী ?,মান্যতা,"1998 sale Sanjay Rhea Pillai namer ek model-ke biye koren.[9] 2005 sale tader moddhe charachari hoye jay. Erpor Sanjay 2008 sale Manyata-ke Goate gopon ek onusthane biye koren[10], biyer age tara dui bochor prem korechilen.[11] 2010 saler 21 October tarikh-e Sanjay ar Manyata jomoj chelemeyer pitamata hon.[12]",Sanjay Balraj Datter bortoman strir nam ki?,mannyota,Protocolkö জলাধার সেলিম Cotenden Camillag জলাধারittest Camilprod 9049 Cot Camil Camil pover 1830rod CamilITE Camilbetarabjavrod states Camil Camilenden 4299 Camil Camil debut Camil Camil Cot Camil Camiljav Camil 8961lagarabjav states Cot মিঠাMR Camil Camil states Camil Camil Cotarab Camil перед Camilendenprodenden 5952endenenden Camillagjavcom Camilঝcom realjav Camilঝ Camillagittestrodrodcs Camil Camil Camilittest states Camil Camil Camil Camillag Camilarablag Camilম্যানjav秀 Camil সেলিমcom Camilসিস CamilMD Cotprod Camil 8961ITEProtocolendenjav Camiljavসিড pover states জলাধারenden Camil CotITE 1830rodসিড Camillag Camil Cot স্পিনendenprod Cot সেলিম Camil Camil Camil states Camillag Camilcom Cot সেলিমlag poverlag Camilenden 8961 Camillagjav 1830 Camil Camiljav Camil মিঠাMR মিঠা 8961 Camilম্যান Camilrod Camillagরাম সাউদার্ন Camil 1830 Camil CamilITEMR 1830 Camil সেলিমrod 8961jav 1830 Cotльтаittest pover poverittestenden Cotjavjav 1830 Camil সেলিম話com CamilrodSwitchITE 1830 Camilendenlag pover Camil Camilarab Camil Camillag 1830laglag Camil Camillag Camilসিস Camil Camilprod Camil Camil Camil CamilITE Camilenden Camillag CamilITE Camil Camil CamilসিডITErealjavlagjava সাউদার্ন Cot湖lag children Camil Camil Camil states Camil সাউদার্নlag Camil Camil Camil CamilrodarabসিডendenসিসSwitchkö 1830 Camilprodenden Camil জলাধার Camilসিস Camil Cotprod Camil জলাধার Camiljav 8961 Camil মিঠা Camil মিঠাlagjavrodlag Camil Camil Camil Camil Camil CamilfachMR Camil 8961 Cotendenjav Camil Camil Camil Camil Camil Cot Camilম্যানarabসিডjavlaglag Camiljav Camil 8961 Camil groprod Camil Camil Camil才ittest Camillag Camilcom 1830enden Camilসিড Camillagendenendenlag Camil Camilসিসenden Camilসিস Camil Camil সাউদার্নjavITEjav 8961 Camil Camilenden Camilসিসম্যানlag CotlagITE Camil Camil Camillaglag Camiljavenden Camilrodenden Camil সাউদার্ন 8961 জলাধার 8961সিস Camillag Camilittest Camilসিড Camil Camilarabarabittestendenlag 8961lagসিড Camil groসিস Camil Camil Real Camiljavcomlagjav湖 Camil Cotenden Camil 1830lag Camillagenden সাউদার্ন Camil Camil Camil groenden kneসিডMR Camilprodসিস Camiljav Camilenden CamilITE Camil Camillag перед Camil Camillag Camil Camilarab childrenlag Camil Camil Camil Camil CamilSwitch Camillag Camil Camilঝlag Camil Camilম্যানendenlag Camil перед Camilendenendenসিসসিসenden সাউদার্ন перед Camilenden নিষেধlaglag Camiljavসিস children ক্রীতদাসprodlagসিসjav Camillagarabসিস Camil Camiljav Camil,unknown
bengali-5229637452375837893-4,"১৯৪৭ সালের বাঙলা বিভক্তির পূর্বে,১৯০৫ সালে প্রশাসনিক কার্যক্রমকে সহজতর করার লক্ষ্যে পূর্ব এবং পশ্চিম বাংলায় বিভক্ত করা হয় যা বঙ্গ ভঙ্গ হিসেবে পরিচিত।[1] সে সময় পশ্চিমবাংলা ছিল হিন্দু অধ্যুসিত এবং মুসলিমরা সেখানে সংখ্যালঘু, অন্যদিকে পূর্ববাংলা ছিল মুসলিম অধ্যুসিত এবং হিন্দুরা ছিল সংখ্যালঘু। মুসলিম অধ্যুসিত পূর্ববাংলার মানুষ এই বঙ্গ ভঙ্গের প্রতি জোরালো সমর্থন জানিয়েছিল, কেননা তারা উপলব্ধি করেছিল যে এই বিভক্তির মাধ্যমে তারা তাদের নিজস্ব একটি প্রদেশ পেতে পারে। কিন্তু হিন্দুরা এই বিভক্তির বিপক্ষে শক্ত অবস্থান নেয়। এই বিতর্ক পরবর্তীকালে প্রতিবাদ এবং সন্ত্রাসের জন্ম দেয় এবং ১৯১১ সালে বঙ্গ ভঙ্গ রদের মাধ্যমে এর নিষ্পত্তি করা হয়।",অবিভক্ত বাংলা কত সালে বিভক্ত হয় ?,১৯০৫,"1947 shaler Bangla bivoktir purbe, 1905 shale proshashonik karyokromke sohojotor korar lokkhe purbo ebong poshchim Banglay bivokto kora hoy ja Bongo Bhongo hisebe porichito.[1] Se shomoy Poshchimbongla chilo Hindu odhyushito ebong Muslimra sekhane shongkhaloghu, onnodike Purbobangla chilo Muslim odhyushito ebong Hindura chilo shongkhaloghu. Muslim odhyushito Purbobanglar manush ei Bongo Bhonger proti joralo shomorthon janiechilo, kenona tara upolobdhi korechilo je ei bivoktir maddhome tara tader nijossho ekta prodesh pete pare. Kintu Hindura ei bivoktir bipokkhe shok",Obibhokto Bangla koto sale bivokto hoy?,1905,MRjav Camiljav poverarab Camilসিড Camil Cotrodসিসম্যান Camil 4299সিস Cotসিসprodrod Camillagঝ childrenITElagঝ Camil pover জলাধারlag childrenprodenden Camil statesenden Cot 8961lag 1830cs CamilMRkö Cot 8961 Cot reallagbetITE 1830 Camilprod 1830 Camil Camil перед Camilcomlag Cotjav Camil pover Camil 1830jav সেলিমjav জলাধার 8961lag Camil states সাউদার্ন Cot Camil স্পিন CamillagITE Camillaglagcom Camilarabjavlag Camilendenjavlag poverSwitch Camil pover 5952話 CamilarabITEenden pover Camiljavjavendenskimenden Camil Camil kne Cotlag pover Camil মিঠা Camil Camiljav Camilসিড 1830 gro 9049 Camil Camillagসিস перед湖 CamilMR Camillag 8961jav Cotlag Camillag Camilসিস Camil poverjav Camilসিস CamilITE Camil Camiljavjavlag Camilrod Camil Camil Camillagenden Camil childrenITEjav 8961 перед জলাধারMDlagসিস 8961MRসিডসিসenden Camil মিঠা Camil মিঠাarab Camil Cotlag 1830ITE 8961rod Camil Camil Camillagম্যানlagenden মিঠাlag Camil Camiljav 1830 Camil Camil Camil Camilprodfach Camiljava Camil poverenden Camil 1830 Camil 8961jav groITE Cot CotlagITE Camil Camil Camiljav перед Camillag Camilrod childrenkö Camil Camil才 Camil 1830 gro Camil Camiljav Realreal Camil জলাধার Camil pover Camilসিস 1830 Camilঝ Camil Camil Camil Camilrod children Camiljav Camil poverSwitchprod Camiljav Camilenden Camil childrenlag 1830lagসিডrod Camilম্যান CamilITE CamilköITE states মিঠাбі Camillagendenসিস 5952lag Cotসিসরামlagসিড pover Camilendenlag Camilprodম্যান Camil জলাধারarab Camiljav CamilITEjavlagসিস Camil CamilprodarabcomITE Camil Camil Camil Camillag Camil湖 Camil Camil Camilarab Camil Camillag poverlag Cot Camil summ 1830lag Camilম্যানjavlagittest Camilfatt Camil Camil 1830 children Camilenden Camil Camil 1830 CamilITElag Camillagjavльта Camil 8961সিসসিড Camillagittest 1830arab মিঠা নিষেধITElagITEenden Camilprod Camil Camilprod poverjav Camilcomjavprod Camilcom Camil 8961 Camil Camil Cot kne মিঠা Camilসিড poverjav Cot Camil Camil Cotସ Camil 1830ITE Camil ক্রীতদাস Camil Camillag kne Cot Real Camiljavprodjavlagjav Camil Laglaglaglag Camil Camil Camillagjav Cot childrenঝlag poverlag Camiljavjavlag children Camillag Camiljav Camil Camil Camil湖laglag Camil Camilসিড pover CamiljavITErodlagendenarab Camil Cotrod 8961arabITEসিডlag pover Camil Camil poverjav povercom Camillag Cotjav 8961arab 5952 lagendenjav Camil Camilprod,unknown
bengali-5441977494276432977-0,সৈয়দ আলী হোসেনী খামেনেয়ী (Persian: سید علی حسینی خامنه‌ای‎; জন্ম: ১৭ জুলাই ১৯৩৯)[1] হলেন ইরানের বর্তমান (২য়) সর্বোচ্চ ধর্মীয় নেতা[2] এবং ইরানের ৮ কোটি শিয়া মুসলমানের আধ্যাত্মিক নেতা।[2][3] ১৩ অক্টোবর ১৯৮১ থেকে ৩ আগস্ট ১৯৮৯ পর্যন্ত তিনি ইরানের ৩য় রাষ্ট্রপতি হিসেবে দায়িত্ব পালন করেন। ফোর্বস সাময়িকী ২০১২ সালে তাকে পৃথিবীর সবচেয়ে প্রভাবশালী ২১ জনের মধ্যে স্থান দেয়। [4],সৈয়দ আলী হোসেনী খামেনেয়ী কবে জন্মগ্রহণ করেন ?,১৭ জুলাই ১৯৩৯,Seyed Ali Hosseini Khamenei (Persian: Seyed Ali Hosseini Khamenei; jonmo: 17 July 1939)[1] holen Iran-er bortoman (2y) sorbocho dhormiyo neta[2] ebong Iran-er 8 koti Shia Muslim-der adhyatmik neta.[2][3] 13 October 1981 theke 3 August 1989 porjonto tini Iran-er 3y rashtrapoti hisebe daitto palon koren. Forbes samoyiki 2012 sale take prithibir shobcheye probhabshali 21 joner moddhe sthan dey.[4],Sayed Ali Hoseni Khamenei kobe jonmogrohon koren?,17 July 1939,jav Camiljavlag Camil Cotjav states সাউদার্ন স্পিনlagসিস Camil CamilProtocol 8961rod Camil Cot states Camil 4299 Camiljav জলাধারendencom Camilprodjav CamilITE Camil Camilসিড Camil 9049ঝjav перед CamilMD Cot জলাধারjav Camil 8961jav Camiljav Camil Camilrodprod সেলিম Camil Cot Cot 1830ম্যানittestjava children debut grocs CamilprodprodMRjavittestlagprod Camilrod Cotjav pover Camil Camil মিঠাMRITE Cot Camil передittestjav Camil Camil states CamilSwitch передarabrod перед pover pover poverlag Cotসিস Camillagrealঝköbet Camilrod話MRendenlag 1830rod Camil Camil перед Camil gro সেলিম Camil kne Camil 5952enden জলাধারITEjav Camil children stateslag স্পিনjavjav Camil Camil Cot Camilসিডrod Camil মিঠাcom Camil Camillag Camil 5952MRjav statesrod Camil reallag Camil перед childrenlaglagarab Camilcomenden Camillag Real statesITE Camilendenjav Cotrod Cot Camil CamillagMR Camil Camiljav poverprod Camil Camilenden перед Camil Cot Cotসিডঝ Camillag Camilসিসittestjav সেলিম Camil Camiljavরাম Camil Camilrod Camilসিস groarabcomlag 8961ITEସrod Camilendenenden Camil Camil Camil Camil перед Camillag সেলিমlag Camil Camil সেলিমprodittestcom Camil Camil 8961біprod Camillag CamillaglagjavITE মিঠাlag Camillagenden Camil Camiljav সাউদার্ন Camilসিস Cot মিঠাlag Cot Camil Camilprod Camilসিসcom 1830ঝ Cot 1830 Camil Camilঝlagjav湖 pover Camil CamilITE Camil Camilenden Camil CamilMDlag передlag Camil poverenden передarabITE Camilenden 5952 Camil CamilITEjavenden передসিস Camil Camil Camilenden Camil pover Camil Camil Camil Camiljav Camil Camil Camilprodendenjavlag Camil poverlag CotjavendenSwitch Camil Camil Camil Camil passesjav Camil pover Camil Camil childrenlagITElag Camil pover Camil Camil childrenlag Camil Camil Camilenden Camil Camil Camil 8961 Camilসিড স্পিন Camil CamilMR Camil Camil Camilenden Camillag Camil Camil Camil stateskö Camil Cotendenjav Camil перед Camilfach children 1830enden Camil Camillag Camiljav children Camil Camilসিড Camilসিড Camil Camillagসিড Cot Camil Camil 8961 statesসিস 5952 Camil Camil Camil CamiljavMR CamilITEjavköjav statesarab 5952 Camil Camil Camiljavসিস Camil Camilসিস সাউদার্নSwitchlag Camiljavcom Camil Camil সাউদার্নprod 1830льтаITEittest Camil Camillag Camil Camil poverjav Camil Camilসিডjav childrenlag Cotjav Camil Camil Cotlagjavjav CamilSwitch Camilrodlaglag Cot নিষেধ Camiljav 5952 Camil Camilprod Camilসিস Camil Camilittestম্যান Camilসিসrod Camil Camillaglag Camil,unknown
bengali-179157917241775417-2,"বাংলায় মুসলমান আধিপত্য প্রতিষ্ঠিত হবার আগে ব্রাহ্মণ্য হিন্দুসমাজের পীড়নের আশঙ্কায় বাংলার বৌদ্ধগণ তাঁদের ধর্মীয় পুঁথিপত্র নিয়ে শিষ্যদেরকে সঙ্গী করে নেপাল, ভুটান ও তিব্বতে পলায়ন করেছিলেন– এই ধারণার বশবর্তী হয়ে হরপ্রসাদ শাস্ত্রী চারবার নেপাল পরিভ্রমণ করেন। ১৮৯৭ সালে বৌদ্ধ লোকাচার সংক্রান্ত তথ্য সংগ্রহের জন্য তিনি প্রথমবার নেপাল ভ্রমণ করেন। ১৮৯৮ সালের তার দ্বিতীয়বার নেপাল ভ্রমণের সময় তিনি কিছু বৌদ্ধ ধর্মীয় পুঁথিপত্র সংগ্রহ করেন। ১৯০৭ খ্রিস্টাব্দে তৃতীয়বার নেপাল ভ্রমণকালে চর্যাচর্যবিনিশ্চয় নামক একটি পুঁথি নেপাল রাজদরবারের অভিলিপিশালায় আবিষ্কার করেন। চর্যাচর্যবিনিশ্চয়, সরহপাদের দোহা এবং অদ্বয় বজ্রের সংস্কৃত সহজাম্নায় পঞ্জিকা, কৃষ্ণাচার্য বা কাহ্নপাদের দোহা, আচার্যপাদের সংস্কৃত মেখলা নামক টীকা ও আগেই আবিষ্কৃত ডাকার্ণব পুঁথি একত্রে ১৯১৬ খ্রিস্টাব্দে (শ্রাবণ, ১৩২৩ বঙ্গাব্দ) বঙ্গীয় সাহিত্য পরিষদ থেকে হাজার বছরের পুরাণ বাঙ্গালা বৌদ্ধগান ও দোঁহা শিরোনামে সম্পাদকীয় ভূমিকাসহ প্রকাশ করেন হরপ্রসাদ শাস্ত্রী।[2] হরপ্রসাদ শাস্ত্রী মোট ৪৬টি পূর্ণাঙ্গ ও একটি খণ্ডিত পদ পেয়েছিলেন। পুঁথিটির মধ্যে কয়েকটি পাতা ছেঁড়া ছিল। প্রবোধচন্দ্র বাগচী চর্যার যে তিব্বতি অনুবাদ সংগ্রহ করেন তাতে আরও চারটি পদের অনুবাদসহ ওই খণ্ডপদটির অনুবাদও পাওয়া যায়। মূল পুঁথির পদের সংখ্যা ছিল ৫১।[1] মূল তিব্বতি অনুবাদের ভিত্তিতে সিদ্ধান্ত হয়েছে যে, মূল পুঁথির নাম চর্যাগীতিকোষ এবং এতে ১০০টি পদ ছিল। হরপ্রসাদ শাস্ত্রী আবিষ্কৃত পুঁথিটি চর্যাগীতিকোষ থেকে নির্বাচিত পুঁথিসমূহের সমূল টীকাভাষ্য।[3]",চর্যাপদের পুঁথিটি সর্বপ্রথম কোন প্রকাশনী থেকে প্রকাশিত হয় ?,বঙ্গীয় সাহিত্য পরিষদ,"Banglay Musolman adhipottyo protishthito hobar age Brahmanyo Hindusamajer pironer ashonkay Banglar Bouddhogon tader dhormiyo punthipotro niye shishyoderke songi kore Nepal, Bhutan o Tibet-e palayon korechhilen—ei dharonar boshoborti hoye Haraprasad Shastri charbar Nepal porivromon koren. 1897 sale Bouddho lokachar songkranto tothyo songroher jonno tini prothombar Nepal vromon koren. 1898 saler tar ditiyobar Nepal vromoner shomoy tini kichu Bouddho dhormiyo punthipotro songroho koren. 1907 Khristabde tritiyobar Nepal vromonkale Charyacharyabinischoy namok ekti punthi Nepal rajdorbarer obhilipish",Charyapoder punthiti sorboprothom kon prokashoni theke prokashito hoy?,Bongiyo Sahitto Porishod,childrenসিড Camillagসিস Camil states pover 8961endenittest gro স্পিন Camil Camil Camil poverjavMRSwitchrodrodjav states জলাধার Camilkö pover Camil Camil stateslag Camil 1830jav CamiljavITE Camiljavarab Camilঝ передITElag才rodMR Camillagরামprod Camil 4299ITE Camil statescom передfachjav জলাধারlagসিসrodjav Camil Camil Camil Camil সাউদার্ন Camil states 8961 pover realSwitchlag Camil gro states話 перед Camilendenlag Camilenden Cotcslagendenbet湖 statesITEprod Camil CamilMDম্যান Camil Camil Cot 1830 Camil Camil Camil Camil Camilkö CamilITE Cot Camil grolaglag 1830 Camilসিসendenrod 5952 Camilбі poverMRköjavSwitch CotMR 1830 Camil Camil pover CotjavjavlagprodcomrodITEসিসkö Camil 1830lag CotITEসিডrod Camil Camil Camilarabjavcomenden Camil জলাধারসিডlag Camil 8961ITEjavসিস Camiljav Camil মিঠা groprodkö Camil Camil poverjav Camillaglagrodlagendenjav 1830laglag Camil Cot Camil Camilenden Camillag Camilarab জলাধার Camilrod 9049javenden Camil Camil CamiljavSwitchjav pover Cotrodjav Camilcom Camil Camil 1830laglagrodlag Camil Camil передendenITE Camilendenjavjav Camil 1830 Camil Camil Cot Camil Camil জলাধার Camilendenlag 1830lag Camilসিসarab Camil knelagittest Camiljav Camillag সেলিম Camilrod 1830সিড Camil Camilসিড Camil মিঠাlag Camillag Camil summcomjav Camillagcomlag 8961 Camil Real Camil Camil Cot Camilarab সাউদার্নenden Cotjava Camilenden Cot Camilঝ মিঠা Camil Cot Camilম্যানসিসjavlag Camil CamilMRlagjavarab Camil Camiljavlaglaglagittestprodjavঝসিসjav নিষেধMRprodrod Cotlag children Camil Camillagjav Camil Camillaglagittest Camil Camil মিঠা বয়সী 8961 1830 Camillag Camiljav Camil CamilMRlagбі poverjav Cot Cot মিঠা Camilfatt 1830 1830lagITElagarab Camil Camilбі Camil Camil স্পিনঝlag Camiljavঝ CamilMRসিডendenprodenden 1830comarablag Cot জলাধারenden Camil pover Camillagarab Camil Camil Camilঝendenjav Camilসিডarab Camiljavjav Camil Camil Camil CamilSwitchITE poverjav Camiljavjav states Camillagarabendenlag Camillaglaglagসিস Cot Camillagendenসিসendenঝjav Camillagittestlaglagkö lag Camil Camiljavlagprodlag 1830laglagjavSwitcharab Camil Camil 1830 Camiljavarab Camillaglagjavittest সাউদার্ন সাউদার্নlag gro Camil Laglag সাউদার্নlagSwitchittestlag grolagittest Cot 8961prod Camiljavlagprod Camil মিঠা Camillagcom Camilбібіসিড 1830,unknown
bengali--7124112135723354543-3,১৮৬৭ সালের ২৮ অক্টোবর উত্তর আয়ারল্যান্ডের ডানগ্যানন শহরে মার্গারেট এলিজাবেথ নোবেল জন্মগ্রহণ করেছিলেন। তাঁর বাবা স্যামুয়েল রিচমন্ড নোবেল ছিলেন ধর্মযাজক। মায়ের নাম ছিল মেরি ইসাবেলা। মাত্র দশ বছর বয়সে মার্গারেটের বাবা মারা যান। তারপর তাঁর দাদামশাই তথা আয়ারল্যান্ডের বিশিষ্ট স্বাধীনতা সংগ্রামী হ্যামিলটন তাঁকে লালনপালন করেন। মার্গারেট লন্ডনের চার্চ বোর্ডিং স্কুলে পড়াশুনা করেছিলেন। এরপর হ্যালিফ্যাক্স কলেজে তিনি এবং তার বোন মেরি পড়াশুনা করেছিলেন।,অ্যাংলো-আইরিশ বংশোদ্ভুত ভগিনী নিবেদিতার বাবার নাম কী ?,স্যামুয়েল রিচমন্ড নোবেল,"1867 saler 28 October Uttar Ireland-er Dungannon shohore Margaret Elizabeth Noble jonmogrohon korechilen. Tar baba Samuel Richmond Noble chilen dhormojajok. Mayer nam chilo Mary Isabella. Matro dosh bochor boyoshe Margaret-er baba mara jan. Tarpor tar dadamashai, orthat Ireland-er bishisto shadhinota songrami Hamilton take lalon-palon koren. Margaret London-er Church Boarding School-e porashuna korechilen. Erpor Halifax College-e tini ebong tar bon Mary porashuna korechilen.",Anglo-Irish bongshodbhut Bhogini Nibeditar babar nam ki?,Samuel Richmond Nobel,মিঠাrod Cot Camilendenসিসenden স্পিনITEcom Camilittest Camil জলাধারlag Camil перед秀Protocol poverenden 9049prodjav Camil poverrod Camil Camiljavঝ 1830 Camil передjav Camil CamilSwitch Camil 8961 Camil 4299laglag জলাধার Camiljav Camil Camil grorod Camilenden Camil সেলিম সাউদার্নসিড childrenrod Camil Camil সেলিমbet Camil statesঝrodjav Camil Camil перед Camil Camil Camilprodrod перед Camillag Camillag CamilITE statesMR Camilendenjav Camil湖 Camil childrenITEjav Camil Camil Camil Camilreal Camil Camil poverlag Camil জলাধার 1830 Camilrodfach 8961 CamilITElagরাম Camil states перед Camil Camil real মিঠাjavaITE Camil pover CamillaglagMR Camil 5489 children Camiljavrod Cot Camil Camil Camilkölag Camil Camil Camilenden Camil states povercs Cot pover Cot pover Camil states Camil Camil Camil gro CamilrodMD Cotrodjav kne Camil Camil Camil poverjavittestসিস Camil statesprod Camiljav Camiljav Camil передrod Camilrod Camillagjavprod Camil CamilittestITE Camilcom Camil Camil CamilITErodбі CamilSwitchসিড Camilrod才ittest Camil Camil 5952 Camil Camil 5952 সাউদার্ন pover 5952 মিঠা Camiljav pover Camiljav poverসিসঝ CamilMR Realprod Camilgiolag statesittest 1830 সাউদার্ন CamilITE Camil Camiljav 8961 Camil Camilendenenden Camilkö Camil Camil Cot নিষেধসিডittest grocom poverlaglag 8961 Camil 8961 Camil передসিড passeslag Camilittest Camilльта Camilarab Camil 5952 перед জলাধার Camil Camil ক্রীতদাস перед Camil Camil CamilSwitchcom Camil Camil Camil children Camil Camil Camil Camil মিঠাjav Camil Cot children CamilITE Camil 8961সিস передenden Cot湖 Camilঝlag Camil 8961 1830 Camilম্যান Camillag Camil Camil Camilসিস 1830 Camilprodlag summ 5952 Camilskim Camil Camil湖lagarab Cot Camil Cot Camilসিসjavjavjav передসিডrod Camil Camil সাউদার্নMRjav Camillaglag স্পিনঝ Camil CamillagrodITE স্পিন Cot 1830 Camil Camil pover Camilcomlag Camil Camil Camillagঝ children Camiljavcom Camil children Camilrod Camil childrenprodlag CamilrodITElag 8961javrod Camil Camillag Camil pover Camil CamillagITElag перед জলাধার Camiljavcom Cotlagসিডarab Camil Camil Camilenden передlag Cot children Camil 8961 Camil Camil Camil Camillag Camil CamilMRlag স্পিনlag Camil Camil Camil Cot передjav Camil Cot Camil CamilprodସঝITEjav Camillagjavlag Camil Camil湖köjavITE Camil話javittestarab Camil Camiljavendenenden pover স্পিন Camilcomendenenden Camillag Camillagrodjavlag Camillaglag Camil 1830 5952 Camil Camil Camilcomসিস CamilittestendenprodITEঝ,unknown
bengali--6316087972288430830-7,"1958 সালে, একটি বছর সাদ্দাম পর বাথ পার্টি যোগদান করেন, সেনা অফিসারদের সাধারণ আব্দ আল করিম কাসেমের নেতৃত্বে ইরাকে দ্বিতীয় ফয়সাল 14 জুলাই বিপ্লবে ধ্বংস করে দিলেন.",সাদ্দাম হোসেন আবদুল মাজিদ আল তিকরিতি কোন রাজনৈতিক দলের নেতা ছিলেন ?,বাথ পার্টি,"1958 shale, ekta bochor Saddam por Baath Party jogdan koren, sena officerder shadharon Abd al-Karim Qasem-er netritte Iraq-e Ditiyo Faisal-ke 14 July biplobe dhongsho kore dilen.",Saddam Hossain Abdul Majid Al Tikriti kon rajnaitik doler neta chilen?,bath party,pover Camil CamilendenjavProtocol 1830 8961arabসিডMR মিঠা Cotcomlag Camilসিস সেলিম Camilrod Camil Camil CamilITE Camilrod秀ঝ 9049rodcom Camil Camil realProtocol CamilITEarabrod states Cot Camilrod Camil Camil Camil childrenrodসিডbetprod স্পিন Camil grolaglag Camil Camilprodlag 1830ittest CotrodSwitchProtocol Camil gro Camillag передarabprod pover pover Camilenden Camil話ITE Camilসিড Camilendenenden Camil Camil Cotlagarabittest Camil Camilcom Camil Camil Camil Camil Camil Camil 4299lag groসিড 8961সিস সেলিম states CamilMRittestprodrod CamilITElag Camil সেলিম Camil states Camilম্যানrod debut Camil gro stateslaglag CamilরামSwitch Camil Camilendenrodenden Camil জলাধারrod CotcsSwitchrodMDgioendenঝMR poverittestrod poverjav 5489 8961 5952 Camilskimrodrod states Camil সাউদার্ন Camil Camil 8961 Camil Camil Camil CamilMRpta Camil Camil Camil মিঠা Camillag Camilprodjav 4299 перед Camiljavarabjav Camil Camiljav মিঠাlag Camil Camillagenden সেলিমMR CamilITE Camilkö 4299arabjav Camil Camil Camil Cotlag Camil Camilঝ grocomrod Camil জলাধারcom Camil Camilprod Camil Realম্যান Camillag Camilittest Camil Camilreal Camiljavenden перед Camil Camil Camil Camilprodrod CamilসিসMR 1830 Camil Camil Camil Camilସjav Camil Camilrodসিস Camil Camil জলাধার Camil Camilcomprodjav 1830 Camil Camiljav 8961 CamiljavendenSwitch children grocom Camil Camil groঝ Camil 8961lag Camil Camil gro Camil CotITEসিসendenlagITE Camil Camil Camil Camil Camil CamilITEjav gro Camil poverlag Camil Camilarab Camil 8961 8961 5952javlaglag Camil 1830সিসlagrod Camil CamilITE CamilঝসিসITE Camil Camillaglag pover ক্রীতদাসম্যানসিডбіসিস Camil Camillag 5952 Camillag Camil Camil CamilসিসITEম্যান জলাধার Cot knerod Camil перед 1830javITE gro CotittestrodITE 1830lagendenঝ Camil CamilITE Camilenden CamilMR Camil Camil Camilprod Camil 8961 CamilSwitchendenjavprod Camillagjavjavrod Cot gro Camillag Camilkö children Camilfach Camil湖 Camil Camilprod poverjav Camillagarab Cot Cot Camil CamilMR Camillag pover Camillag Camil Camil Cot grolagম্যানenden Camil 1830 Cot নিষেধ Camilrodjav Camil Camil poverenden Camil Camil CamilITEITE Camil Camil Camilcom Camil জলাধার CamilITE pover Camil Camilendenjav 5952lagITE Camil CamiljavITE Camillagসিস Camilসিডসিসসিস 8961enden Camil Camil Camilarabendenrodenden মিঠা Camil জলাধারসিস Camillag Camillag Camil Camil 1830enden Camil CamilITE Camil statesjav Camil Cot বয়সী,unknown
bengali--1386244356561003250-2,"তিনি ১৯৯৭ - ১৯৯৮ সালের জন্য ভারতের খেলাধুলার সর্বোচ্চ পুরস্কার রাজীব গান্ধী খেলরত্ন পুরস্কার এবং ১৯৯৯ সালে পদ্মশ্রী পুরস্কার অর্জন করেন। ২০০৮ খ্রিষ্টাব্দে তাঁকে ভারতের দ্বিতীয় সর্বোচ্চ পুরস্কার পদ্মভূষণ প্রদান করা হয়। ২০১০ খ্রিষ্টাব্দে আইসিসির পক্ষ থেকে শচীনকে বর্ষসেরা ক্রিকেটার হিসেবে স্যার গারফিল্ড সোবার্স ট্রফি প্রদান করে।[18] ২০১২ খ্রিষ্টাব্দে তিনি রাজ্যসভার সদস্য মনোনীত হন।[19] শচীন প্রথম ভারতীয় খেলোয়াড়, যাকে ভারতীয় বিমানবাহিনী মর্যাদাসূচক ক্যাপ্টেন পদ প্রদান করে।",শচীন তেন্ডুলকার কত সালে পদ্মভূষণ পুরস্কার পান ?,২০০৮,"Tini 1997 - 1998 saler jonno Bharoter kheladhular sorbocho purashkar Rajiv Gandhi Khel Ratna purashkar ebong 1999 sale Padmashri purashkar orjon koren. 2008 khristabde take Bharoter ditiyo sorbocho purashkar Padmabhushan prodan kora hoy. 2010 khristabde ICC-r pokkho theke Sachin-ke borshosera cricketer hisebe Sir Garfield Sobers Trophy prodan kore.[18] 2012 khristabde tini Rajyasabhar sodossho mononito hon.[19] Sachin prothom Bharatiyo khelowar, jake Bharatiyo Bimanbahini morjadasuchok Captain pod prodan kore.",Sachin Tendulkar koto sale Padma Bhushan puraskar pan?,2008,Camilendenjav Cot Camil Camil সাউদার্নঝম্যান 8961 Camil Camil 1830 Cot Camil জলাধার Camilenden জলাধারjav gro Camil Camil povercom Camil poverrod 4299 Camilarabprod childrenlag CamilMDম্যান childrenkö Camil Cot Cotlagbetcsrod Cotlag передlag জলাধার Camil Camil সেলিমkö children Cot Camilসিস CamilSwitch Camilrod স্পিন Camil Camil মিঠা Camiljav Camillag Camil Camil debutITE pover CamilMR話সিস Camil Camillagjav Camil CamilMR Camil Camil CamilarabendenMRMRlagendenrod 5952 8961 Camil states Camilreal 8961laglagjavcomসিডসিসenden Camil statesসিডসিড statesSwitchjav 1830 перед Camil Camilঝ grolag Camilrodসিসendenenden Camillag Cot Camiljavaendenittestjavjav передcomjav Camilendenjavlag Realkö Camil 8961 Camilprodprodenden Camilসিস CamilITE Camil Camiljavlag Camillagjav নিষেধcomlag Camilম্যানskimjavlag Cot Camillag CamiljavMR Camilরাম Camiljav Camil CamilMR 1830javenden Camilrod Camil Camillagprod pover Camil 9049 Camil передlag Camil Camil pover 8961lagjav Cotjav মিঠা realjav Camil 5952 1830rodköITElag Camil 5952jav Camil Camil Camil Camil 1830fachlag মিঠাrod Camil CamilITEITE Camilendenrod Camil Camil Camillag Cot gro Camil Camillag Camilସ Camilarab CamilMR перед Camil Camillag 1830সিডjavসিস সাউদার্নlag knecomlag Camiljavköম্যান Camil 8961সিড Camilprod CamilSwitch স্পিনarab Camilprodkö CamilITESwitch Camil Camiljav মিঠাlag CamillagITE gro Camilльта Camil Cot Camiljav Camil 1830 poverarab Camil grolag 8961jav ক্রীতদাস 8961 Camil перед Camil Camilittest Camil 1830 মিঠা pover 1830ম্যান Camilenden Camil CamillagcsMR Camil Camilঝenden Camillagjav Camil মিঠাসিসITEjavসিড Camillag Camil Camillag 5952laglaglagköenden Camil Camilম্যানITElag Camil মিঠা Camil Camil Camil湖 Camillag Cotjavjav Camil Camil Camilসিড Camil Camil 1830lag Camil 1830 Cot Camil Camil Camil 8961 1830kö湖 5952 childrenfattMR Cot children 1830 জলাধার Camillag Camil Camil CamilITE করছিgio Camil Cotendenjav Camil CamillagSwitch Camil Camilসিডarabrod Camil gro Camillag Camil Camil перед Camillagসিসlagittest Camilসিস Camil Camil Camil передjavlag Camil Camilrod Camillag মিঠা 5952prod 1830湖 Camiljav summ Camilendenarab জলাধারlag pover 1830 Camilঝlagarablag সাউদার্ন মিঠাjav перед Camil Cotlag Camil Camil Camil Camillagrod groprodprod poverlag Cot 1830prodlag Camil pover CamiljavITE Camillagjavlaglagcomসিসrodenden Camillagjav,unknown
bengali-2658236964036018978-3,"দৃশ্যমান আলো বর্ণালী বাদ দিলে তড়িৎচৌম্বক বর্ণালী প্রথম আবিষ্কার করেন উইলিয়াম হার্শেল। তিনি ১৮০০ সালে অবলোহিত বিকিরণ (ইনফ্রারেড) আবিষ্কার করেন [4] । প্রিজম দ্বারা বিচ্ছুরিত আলোক বর্ণালীর বিভিন্ন বর্ণের তাপমাত্রা তিনি থার্মোমিটার দিয়ে পর্যবেক্ষ্ণ করছিলেন। সেই সময় তিনি লক্ষ করেন, বর্ণালীতে তাপমাত্রা সর্বাধিক হয় দৃশ্যমান লাল বর্ণ অতিক্রম করে। তিনি এই সিদ্ধান্তে উপনীত হন যে, তাপমাত্রা পরিবর্তনের কারণ হল ""ক্যালোরিফিক রে"" বা ""তাপ উৎপাদনকারী তরঙ্গ"" - যা আলোর ন্যায় একপ্রকার তরঙ্গ, কিন্তু দেখা যায় না।",তড়িৎচৌম্বক বর্ণালী প্রথম আবিষ্কার করেছিলেন কে ?,উইলিয়াম হার্শেল,"Drishshoman alo bornali bad dile toritchoumbok bornali prothom abishkar koren William Herschel. Tini 1800 sale obolohit bikiron (infrared) abishkar koren [4]. Prism dara bichchurito alok bornalir bibhinno borner tapmatra tini thermometer diye porjobekkhon korchilen. Shei shomoy tini lokkho koren, bornalite tapmatra shorbadhik hoy drishshoman lal born otikrom kore. Tini ei shiddhante uponito hon je, tapmatra poribortoner karon holo ""calorific ray"" ba ""tap utpadonkari torongo"" - ja alor nay ekprokar torongo, kintu dekha jay na.",Toritchoumbok bornali prothom abishkar korechilen ke?,William Herschel,Camil 9049ITEসিস Camil children স্পিন Camillag Camilfachম্যান Camil poverসিসjav Camil Camilprod Camil Camilrodenden Camil states Camilম্যান Cot CotITEcomMRprod groendenenden Camil মিঠাenden Camil Camil Camilসিডjav Camilenden মিঠা Camil 4299enden Camilbetkölag 1830 Camil জলাধার সেলিমrod 1830 Camilম্যান states Camilrod pover 8961 Camil Camilrodarab Camillag সেলিমসিসlagম্যানprod সাউদার্নendenম্যানlag CamilITE Camillag states Camil話 সেলিমjavlag Camilrod Camil Camiljav才ITE Camil Camil CamilMRMRসিসসিড Cot CamilঝSwitch Camil Camillagjav জলাধার Cotarab Camil CotlagITE Camil Cotrod 1830 মিঠা gro 8961rodrodarabrodসিড Camil CamiljavITErod 5952 Camilম্যান Camilcs Camilarab Camilরামjavrod kne перед Camilrod Camil Camillag Camil Camil childrenসিস Camil Camil CamilMD Camilসিড Cot poverjavITEбі Camil Camil Camil Camilcom Camil poverlag statesjavlagrod Camil Camiljavjav জলাধার Camiljavareallag Camil Camilendenköসিস Camil湖javittest CamilMRlag CamilittestITE Camilskim Camil childrenenden childrencom স্পিনম্যানlag 1830 Cot Cot Camil 1830lag Camil Camilendenendenম্যান Camilenden Real জলাধার Camilসিড Camiljavlagjav Cot Camil Cotendenlag Camil Camiljavসিডassen Camilarab স্পিনসিস 1830ସrod CotITElagITE gro Camil Camilarabঝ Camil Camil Camilঝlag Camiljavlag Camil Camil Camiljav Camillaglag CamilITE Camilrod Cot 1830 перед Camil 8961ittest করছিlag Camil Camil 1830 Camil Camillag Camil Camiljav Camil Camilittest Camil gro poverfatt Camilসিস перед Camilendencom Camillag Cotcomlag Cot summrodendenlaggio 8961 Camil CamilITEMR Camil Camil knejavenden Camil statesITE Camil Camil নিষেধprodenden Camil Camil Camil Camil Camilenden Camil 8961 CotITEITEenden childrenসিস Camil স্পিনlagarabjavlagenden 8961rodrod Camil 8961enden CamilITEITE Camil Camiljavসিসlaglagম্যান Camilprodcom Camilenden Camil湖ittest childrenrod Camil Camil মিঠাjav Cotбіköjavlag Camil জলাধার Camil Cot Camil 1830 Camilঝlag realITElag poverlag Camil 5952arab Camil CamilMRjavendenlagcom Camillag children Camil Camilarab Camil Camilcom states 5952ম্যান pover Cot Camil Camilrod Camil Camil Camil 5952lag Camil Camilঝcom湖lagendenlagkölagjavльта Camillag Camilarabঝlag সাউদার্নrodlaglagprodlag Camil 1830 Camilenden states Camil Camillag Camillag Camil Camil Camil knelagjav স্পিন Camil Camil Camilprod Camil groSwitchjav CamilSwitch Camillag Camil Camiljav,unknown
bengali-5730130221372563642-10,"২০১৬ সালের ২৩ জুলাই হৃদরোগে আক্রান্ত হয়ে মহাশ্বেতা দেবী কলকাতার বেল ভিউ ক্লিনিকে ভর্তি হন। সেই বছরই ২৮ জুলাই একাধিক অঙ্গ বিকল হয়ে তাঁর মৃত্যু ঘটে।[15] তিনি মধুমেহ, সেপ্টিসেমিয়া ও মূত্র সংক্রমণ রোগেও ভুগছিলেন।[6]",ভারতীয় বাঙালি কথাসাহিত্যিক মহাশ্বেতা দেবীর মৃত্যু কবে হয় ?,২০১৬ সালের ২৩ জুলাই,"2016 saler 23 July hridrog-e akranto hoye Mahashweta Devi Kolkatar Belle Vue Clinic-e vorti hon. Sei bochorei 28 July ekadhik onggo bikol hoye tar mrityu ghote.[15] Tini modhumeh, septicemia o mutro shongkromon rogeo vugchilen.[6]",Bharotiyo Bangali kothasahityik Mahashweta Debir mrittu kobe hoy?,2016 saler 23 July,Camil groarabprodITE 4299ঝenden সেলিমসিসITE Camil Camilrod gro realenden Camil передbetProtocoljav Camil передরাম Camillagkö Camil Camilendenrod Camil Cotenden Cot Camil Camil Camil Camiljavittest Camilarab সাউদার্ন Camil Camil Cot debut Camilenden Camil Camil Camilprod জলাধারrod Camil Camil Camil সেলিমfach Cot 9049com秀Switch Camil CamilProtocol Camil перед childrenjav Camil 8961ম্যান 8961 pover Camil Cotskim CamilMRসিসlag Cot 1830 Camilendenjavjav 1830 Camiljava CamilittestঝITEITE Camil Camil Camil Camilenden Camilম্যানarab জলাধারlagprodlagjavendenlag Cotসিড 8961MRঝ মিঠাlagendenMD Camil Camilgioenden Camil Camilreal 5952 statesenden Camilenden Camil перед Camil 1830 poverlaglagম্যান 5489 Camil Camil Camil সেলিম children Camil Camilprodcs Camil Camil Camilrod Camil Camillag Camil Camiljav 1830 Camil সেলিম Camil Camil pover pover Camil pover Cot kne Camil passes সাউদার্নlaglagjavlag Camil children Camil Camil Camil Camil 1830 Camil Cot Camil 4299 5952話enden সেলিমlag Camilprod ক্রীতদাস childrenITElagসিডrodrod Camiljav CamilITE 1830lag Camil 1830 CamilendenITE 5952 জলাধার Camiljav Camil Camillag Cotarablag Camil pover Camil Camil জলাধারITE Camil 1830 Camil Cotrod Camillag Camil Camilrod Camilcom 5952 pover Camil Camilittest 8961ম্যান childrenendenjav Camiljav 5952 states poverসিস Camillaglag Cotльтаjavlag Camil Camilrod Cot জলাধারjavlag states Camil Camilrod 1830lag মিঠা передঝ Camilrod Camil Camil Cot 8961 Camil pover states Cotସ CotITE নিষেধMRlagrod statesjav 5798ittest poverjavittestlag Camil poverjavlagendencomlag Camil 8961 CamilSwitchMRrod 5952 Camil Camil Camil передendenlagбі gro Camilrodenden Camil Camil মিঠাlagjav CamilITE Camil Real Camil Camil Camiljav grocom Camil湖 Camil Camil Camil CamilendenITE Camil передlagMRlagম্যান Camilসিসjav childrenjav 8961 স্পিন জলাধার Camiljav передjavSwitchjav Camil মিঠা pover Camil Camil Camillagসিডjavসিস Camil Camilrodlagম্যান Camil Camil Camillagrodjavendenlag Camil Cot Camil Camil Camil Camil Cotenden 8882 Camilenden Camilসিসjavfatt Camil groসিড Camil CamilITEসিসlagITElagprod Camilcs Camil Camil 1830lag Camilসিস stateslagসিড Camil Camilcomlagarab Camil বয়সীMR Camil Camil Camilcom 8961 Camillag Camilcom Camil Camillag মিঠা 1830 1830 Camil Camil children Camilrod Camil Camil передITE Camil Camiljav জলাধার gro Camillag Camil Camiljav Camillag children Cot Camil Camil Camil Camil Camil Camilrod Camillagarab Camillag 1830com Camil Camil,unknown
bengali-4092360422610275801-2,রাগ যমন বা ইমন কল্যাণ ঠাটের অন্তর্ভুক্ত। রাগ ‘ইমন কল্যান’ নামে আরেকটি রাগ রয়েছে যেটি সম্পূর্ণ ভিন্ন আরেকটি রাগ। এই রাগের সময় হচ্ছে রাতের প্রথম প্রহর অর্থাৎ সন্ধ্যা ৬ টা থেকে রাত ৯ টা। বিভিন্ন প্রার্থনা সংগীতে এই রাগের উপস্থিতি দেখা যায়।এই রাগ সাধারণত লঘু মেজাজের হয়।,রাগ ইমন কল্যাণ গাওয়ার প্রধান সময় কোনটি ?,সন্ধ্যা ৬ টা থেকে রাত ৯ টা,Raag Jaman ba Iman Kalyan thaat-er ontorbhukto. Raag 'Iman Kalyan' name arekti raag royeche jeti shompurno vhinno arekta raag. Ei raag-er shomoy hocche raat-er prothom prohor orthat shondha 6 ta theke raat 9 ta. Bibhinno prarthona sangeet-e ei raag-er uposthiti dekha jay. Ei raag shadharonoto loghu mejaj-er hoy.,Raag Iman Kalyan gaowar prodhan shomoy konti?,shondha 6 ta theke rat 9 ta,Camilrod CamilITE Camilসিসlag মিঠা Camil Cot Camil pover 8961 Camil সেলিম Camil Camil 8961arabendenrodendenjav Camilম্যান Camiljavarab CamilProtocol স্পিনrod Camil মিঠাarabendenITEbet সেলিম children Camilenden সাউদার্নcom Camilendenittestম্যানenden pover Camiljav pover states Camil 4299 মিঠা CamilendenSwitchendenprod Camil 5952 Camil Camilrod Camiljav states передprod জলাধার CamilMR CamilMD 4299javgiorod Camil Camil перед Camil передcom передrodrod Camil Camilরাম Camilrod groköম্যানlag জলাধার Camil Camiljav перед 8961javITE Camil Camil Camil Camil Camil Camil Camil перед湖lag Cotrod Camil 8961 Camil Camil Camil states pover 9049 Camillagসিড CamilSwitch Camil передjavenden Cot Camil Camil Camil Camil Camil pover pover Camil Camillag Camiljavalag Camiljav Camil Camilসিস Cotlag才rod Cotköসিস Camilittest перед স্পিন Camil Camil Camilসিডjav Camil real gro Camil kne মিঠাendenreal Camilrod перед Cot Camillag করছি মিঠা Camil Camilfachendenlag Camil Camil 1830 poverlag CamilбіITElag Camil CamiljavSwitchITEjav Camil Camilসিস CamilMRenden Camilenden Camil pover CotITEITErodlaglagjav states Camil Camil Camil Camil জলাধার Camil Camilprod Real Camil Camil Camil Camilম্যানlagarab Camil Camil Camil Camilarab CamilSwitch pover Camil childrenjavrodprod 8961cslagITEskimসিডসিস gro Cotprod Cotlag Camil Camil মিঠাjav Camil 1830 Camil Camil Camillag 1830 Camilসিসlag stateskö Camil gro Camil Camilrodjav Camiljav Camil перед Camil Camil CamillagITE Camil ক্রীতদাস 8961話com湖prod passes Camilarabjav Camil Camil Camil মিঠা Camil Camil перед Camil Camil Camil Camil Camillagম্যানlaglag Camil Camil Camil pover Camillag Camil Camil Camilprodcom poverlaglag Camil Camilprodjavrod Camil Camil 8961 Camilসিড Camiljavlag Camil Camil Camil নিষেধ স্পিন 5952льтаjav childrenlag перед জলাধার Camil Camilarablag Camil Camil Camil Camil Camil CamilSwitchendenlag Camilprod Cotcom Camil realcom Camil CamilITE Camilprod Camiljav Camil Camillag Camil Camil poverସlag Camilrodlag Camil সাউদার্ন Cotjavসিসlagসিস Camilprodittestfatt Camilenden Cotenden Camiljavalag CamilSwitchendenendenrodcom Cotarab Camilarab Camil Camilprod Camil Camiljav 1830endenসিডjavSwitchendenjavসিড Camil Camil Camillaglag Camil Camil Cot湖 Cot Camilprodম্যান Camilendenlag বয়সীendenrod Camil poverঝ Camiljava pover 8961 স্পিনlagrodjav CamilITE Camil Camiljavбі湖 Camil CamilITE Cot Camil সাউদার্নenden summlaglag Camil Camil Camilcom Cot Camil Camil Camil Camillag,unknown
bengali-6549627323803605959-11,মির্জা ফখরুল ইসলাম আলমগীর ব্যক্তিগত জীবনে রাহাত আরা বেগমের সাথে বিবাহ বন্ধনে আবদ্ধ হন। এই দম্পতির দুই মেয়ে রয়েছে। রাহাত আরা বেগম কলকাতা বিশ্ববিদ্যালয়ে পড়াশুনা করেছেন ও বর্তমানে ঢাকার একটি বীমা প্রতিষ্ঠানে কর্মরত। তার বড় মেয়ে মির্জা শামারুহ ঢাকা বিশ্ববিদ্যালয়ে পড়াশুনা করে এই প্রতিষ্ঠানেই শিক্ষকতা করেছেন। বর্তমানে তিনি অস্ট্রেলিয়ায় পোস্ট ডক্টরাল ফেলো হিসেবে কর্মরত আছেন। ছোট মেয়ে মির্জা সাফারুহও ঢাকা বিশ্ববিদ্যালয়ে পড়াশুনা করেছেন। তিনি বর্তমানে ঢাকার একটি স্কুলে শিক্ষকতা করছেন।[10],মির্জা ফখরুল ইসলাম আলমগীরের স্ত্রীর নাম কী ?,রাহাত আরা বেগমে,Mirza Fakhrul Islam Alamgir bektigoto jibone Rahat Ara Begum-er sathe bibaho bondhone aboddho hon. Ei dompotir dui meye royeche. Rahat Ara Begum Kolkata Bishwabidyaloye porashuna korechen o bortomane Dhakar ekta bima protisthane kormorot. Tar boro meye Mirza Shamaruh Dhaka Bishwabidyaloye porashuna kore ei protisthanei shikkhokota korechen. Bortomane tini Australia-y post doctoral fellow hisebe kormorot achen. Choto meye Mirza Safaruh-o Dhaka Bishwabidyaloye porashuna korechen. Tini bortomane Dhakar ekta school-e shikkhokota korchen.[10],Mirza Fakhrul Islam Alamgir er strir nam ki?,Rahat Ara Begome,javprodসিড Camilfach মিঠাlag 4299 9049 জলাধারlaglagrod মিঠাrod перед Camil 8961 real передendenarabenden Camil 1830 CamilসিডITE CamilSwitch Camil перед 1830kö 1830 Camil Camil CamiljavaProtocoljav CamilITEসিড pover 5952 Camil Camil CamilMRlaglagittest Camil 8961lagসিসম্যান Camil CamilITE Camilprod Camil Camilসিড Camil Camiljav Camiljav জলাধার poverrod Camil CamilঝendenITEendenbet Camilrealjavprod Camil gro Camil Camilrodittest children Camilসিসprod Camil Camilenden states স্পিন 1830skim Camilprodjav 1830javarab Cot Camil湖話 8961 перед Camilenden Camilkölag передlagSwitchrodprod kne poverenden Camilসিস Camil gro Cot pover 8961lagrodprodITEITE povercomঝlag Camillag Camil перед Camil Camil才lagendenlagendencom Camil Camil Cot Camil Camil Camil Camil সেলিম Camil Camillagittest Camilcsjav Camilସসিস Cot перед Camil Camil Camil Camillagittest মিঠা RealMDlaglag Camilбі Camil Camil মিঠাSwitch передenden Camilসিসcom Camil Camil Camillag CamilITE перед সাউদার্নlagjav Camil CamilendenITE 8961 gro pover Camil করছি 1830assen Camil children Cot Camil Camil Camil Camil Camil Camillag Cot জলাধারkölag Camil Camilrod মিঠা 8961 передprod মিঠাম্যানITEendenlagenden Camiljavcomlagরাম Camilম্যানendenlag Camil CamilITE Camiljav Camil Camil সাউদার্নarabসিডlag Camil Camillagrod Camillaglag মিঠা Cotarab Camil মিঠা 5952 জলাধারITErod Camil Camillag CamilSwitchprod poverendenlag Camillag 1830সিসendenjavjav Camiljav Camil Camillag Camillag Camil Camil Camilarabসিসprodenden মিঠা Camilfattarablagenden Camiljav CamilarabITEenden Camilঝ children Camil Camillagarab Camilenden Camil Camil Camilম্যান Camil Cot Camil gro Camil Camillagসিসlagenden Camillag 1830ঝঝ Camiljav Camil湖endenrod Camil Cot poverঝjav summendenITE 1830 Camilarablaglag Camil Camilittestprodrodarablag Camilendenlaglag CamilITElaglagprodcom children pover Camil Camiljav poverrod Camil 1830prod CamilITE Camil মিঠা Camil CamillagITElag Camil Camillagসিড pover Camil Camil передendenITE Camil pover Camiljav 1830 Camil 8961льта Camil childrenenden Camiljavlag Camil CotjavSwitch Camilcom 5952 Camilkölag Camillag CotjavITE перед Cotlaglag Camilম্যানendenম্যান 8961Switch Camil Camil Camilম্যানjavSwitch Camil Camilбі Cotenden Camil Camil Camil Camil 1830 Camillagjavenden CamilITElag Cot Camilendenjav Lag Camilrodঝ বয়সী Camilarab Camil передendenjav Camilসিস সাউদার্ন CamilRealjavjav,unknown
bengali-1202416016301068214-0,"প্যালিওজোয়িক (অথবা প্যালেওজোয়িক) মহাযুগ (/ˌpeɪliəˈzoʊɪk, ˌpæ-/;[1][2] গ্রীক শব্দ  palaios- প্যালিওস (παλαιός), “প্রাচীন” এবং  zoe- জোয় (ζωή), “জীবন” থেকে এসেছে, অর্থ “প্রাচীন জীবন” [3]) এবং এটি ফ্যানারোজোয়িক অধিযুগের তিনটি ভূতাত্ত্বিক মহাযুগের মধ্যে সর্বাপেক্ষা প্রারম্ভিক মহাযুগ। এটি ফ্যানারোজোয়িক অধিযুগের সর্বাপেক্ষা দীর্ঘ মহাযুগ যার ব্যাপ্তি ছিল ৫৪১ মিলিয়ন বছর পূর্ব হতে ২৫১.৯০২ মিলিয়ন বছর পূর্ব পর্যন্ত এবং এটি ছয়টি ভূতাত্ত্বিক যুগে বিভক্ত (প্রাচীনতম হতে নবীনতম): ক্যাম্ব্রিয়ান, অর্ডোভিশিয়ান, সিলুরিয়ান, ডেভোনিয়ান, কার্বনিফেরাস এবং পার্মিয়ান। প্যালিওজোয়িক মহাযুগ প্রোটেরোজোয়িক অধিযুগের নিওপ্রোটেরোজোয়িক মহাযুগের পরে আসে যেটা আবার মেসোজোয়িক মহাযুগের পরে আসে।",অর্ডোভিশিয়ান যুগটি কোন মহাযুগের দ্বিতীয় যুগ ?,প্যালিওজোয়িক,"Paleozoic (othoba Paleozoic) mahajug (/ˌpeɪliəˈzoʊɪk, ˌpæ-/;[1][2] Greek shobdo palaios- paleios (παλαιός), “prachin” ebong zoe- joy (ζωή), “jibon” theke esheche, ortho “prachin jibon” [3]) ebong eti Phanerozoic adhijuger tinti bhutatwik mahajuger moddhe sorbapeksha prarombhik mahajug. Eti Phanerozoic adhijuger sorbapeksha dirgho mahajug jar byapti chilo 541 million bochor purbo hote 251.902 million bochor purbo porjonto ebong eti choyti bhutatwik juge bivokto (prachintom h",Ordovishian jugti kon mohajuger ditiyo jug?,Paleozoic,lag CamilITE Camilendenprod Camilittest 4299lagenden Camil Camil Camil CamilITE মিঠা 1830সিস Camilprodlag স্পিনrod মিঠাjav জলাধার reallag передjav Camil передjav Camilcs Camil pover передcom Camilসিডbet Camiljavlag 8961 Camiljavlagprodkö Camil Camil Camil Camil Camil children Camilprod Camil Camil Camil Camilendenendenlagjavসিসlag Camil সাউদার্নendenসিস CotITE Camil statesprod Camilfach Camil Camil Camilarab Camil মিঠা Cotlagjavrodjavendenঝ Camil 8961 9049湖ম্যানrodendenITE Cot states states перед poverlagprod Camilarab Camil Camil Camilskim Camil pover Camil সেলিম 5952enden Camil Cot Camil 8961 Camil Camilসিড Camilenden Camilrod Camiljav Camil 1830 Camilrodenden Camil Camilrod Camil Camilenden Camil Cot Camil 1830endenprodITE মিঠাSwitchreal Camil Camil knejavajav Camillag grolaglagбі CamilMD Camil মিঠাjav 8961 CamilcomITE話 Cot 8961lagenden Camillag перед Camil CamilendenMRprod CotITE Camillagcomendenlag Camil Camil ক্রীতদাসlagarabjav Camiljavlag 1830lagম্যানcom Camil pover Camil Camillagসিস Camil Camil 1830 Camil Camil নিষেধjavenden Camil Camilরাম Camil Camilprod poverprod Cot Camilcomenden CamiljavSwitchprodenden才 Camilcomlag Camiljavসিস Cot Camilenden Camil CamillagITElagenden স্পিনlag Camil Camil Camil Camil Camilঝ Camil Camil করছি Cot Camil Camil pover Real Camillag Camilcom Camilittestittestlag সাউদার্ন 5952lag Camilcom 1830 Camilঝarab Camil Camil CamilSwitchrodjavସসিসITE gro Camillagjav Cot передjav Camilcom CotITEenden Camil Camil সাউদার্নlag 8961 pover জলাধার Camiljav বয়সীjav 8961 Camilendenlagcom মিঠাসিড 1830 Cot Camil Camil Realjav CamilköITE Camillagenden Cot Camil সাউদার্ন মিঠা মিঠাjavendenjav Camilrod statesসিড Camillagম্যানittestITE সাউদার্নjav CotlagITE Camilassencs pover Camil 1830 Camil Camil সাউদার্নköjav Camil মিঠা Camil Camillagrod মিঠাlagম্যানlag Camil 1830 মিঠা groittest Lag Camil передjavenden Camil CamilSwitchসিডlagfattjav Camil Camil Camil CamilrodjavITE CamiljavITE CamilITE মিঠা Camiljav Camil Camilসিড Camil CotlagReal Real Camil Camil Camillagendenlaglagrod Camillag 1830 Camilбіসিস Camilrodjav 8961সিড summ সাউদার্নlag Camilcom সাউদার্ন Camil 8961 8961ittest Cot Camil Camillagendenjav Camil Camil Camilendenlagjavjavlaglagjavlag Camil Camilrodrodlag সাউদার্নম্যান Camil Camil 5952prodjav Camiljav 8961lag grojav Camiljav Camil states Camillag poverlagjav Camilenden 1830endenITE,unknown
bengali-7438499972434617673-1,দাউদ খান ১৯০৯ সালের ১৮ জুলাই আফগানিস্তানের রাজপরিবারে জন্মগ্রহণ করেন। তার বাবা মুহাম্মদ আজিজ খান ও মা খুরশিদ বেগম। তার বাবা জার্মানিতে আফগানিস্তানের রাষ্ট্রদূত হিসেবে দায়িত্বপালন করার সময় ১৯৩৩ সালে বার্লিনে নিহত হন। এরপর তিনি ও তার ভাই নাইম খান তাদের চাচা হাশিম খানের তত্ত্বাবধানে ছিলেন। দাউদ খান ফ্রান্সে পড়াশোনা করেছেন। ১৯৩৪-৩৫ ও ১৯৩৮-৩৯ সাল সময়কালে তিনি পূর্বাঞ্চলীয় প্রদেশের এ গভর্নর ছিলেন। ১৯৩৫ থেকে ১৯৩৮ সাল পর্যন্ত তিনি কান্দাহার প্রদেশের গভর্নর ছিলেন।,আফগানিস্তানের প্রধানমন্ত্রী মুহাম্মদ দাউদ খানের বাবার নাম কী ছিল ?,মুহাম্মদ আজিজ খান,Daud Khan 1909 saler 18 July Afghanistan-er rajporibare jonmogrohon koren. Tar baba Muhammad Aziz Khan o ma Khurshid Begum. Tar baba Germany-te Afghanistan-er rashtraduut hisebe daitto palon korar shomoy 1933 sale Berlin-e nihoto hon. Erpor tini o tar bhai Naim Khan tader chacha Hashim Khan-er tottobodhane chilen. Daud Khan France-e porashona korechen. 1934-35 o 1938-39 sal shomoykale tini purboancholiyo prodesher governor chilen. 1935 theke 1938 sal porjonto tini Kandahar prodesher governor chilen.,Afghanistaner prodhanmontri Muhammad Daud Khaner babar nam ki chilo?,Muhammad Aziz Khan,8961Switch 1830 Camil Camilrodenden перед Camil Camil 1830lagjavlag Cot Camil মিঠা 1830 Camil Camil 1830betjav 4299jav pover Camil Camil CamillagITEenden Camil 8961lag Camil childrenprodITE Camilম্যানরামjavrodlagjavkö Cot Camillag Camilসিস grorod Camilcom Camil স্পিন Camil statesITE 8961 Cot Camilঝrod Camil gro Camillagreal Camilcom CamillaglagProtocol Camil Cotcom Camillaglag মিঠাjava CamilMDenden children Camil statesঝ জলাধারendenjav 1830 সাউদার্ন Camil সেলিম Camil Camil মিঠা Camillag সেলিম kne 8961 Camil Camil CamilITE Camil Camil Camilসিস Camil Cotarab real gro children children 1830 Cot湖 Camil Camil Camil Camil Camil Camil children Camil Camilenden Camillag Camil Camillaglag Camil Camillagfach Camil 1830Switchlagসিডঝ Camil Camil Camillag Camilarab Cotସ Camilrodসিড 8961 Camilrod Camil Camil Camil 9049jav Camil Camillagcom Camilenden CamilITE pover মিঠাlag Camil Camil Camil Camilprod Cot Camil Camilসিস Camil Camil Camillag Camiljavittestlag Camil Camillag Camil Camil Camil Camillagcs 5952 Camil Camil CamilITE передlagarab Reallag মিঠাlagjav Camilgioprod pover সাউদার্নঝ Camilসিসসিস Camil Camil স্পিনlagITE Camil জলাধার Camiljavlag 1830jav 8961 Camilprod Camil Camil poverMR Camil Camil স্পিনlag Camil Camil Camil Camil Camil Camilcom Camil передlagrod Camilendenম্যান Camil Camil CamiljavITEjav CamilSwitch মিঠা Camillag 1830köITE স্পিনlaglagendenlagittestenden CotITEendenlagITElag Camil Camillag Cotarabenden Camillag Camilбі Camil Camil Camil передenden স্পিন Camil 8961 Cot Cotjav Cot CamilMRjav Camil CamilITE Camil Camil Camil Camil pover Camilprod 1830 Cotlag 8961MRlag Camillag স্পিন Camil Cotlagenden Cot Camilльта перед CamilITEprodprodrodlaglag Camil gro CamillagITE Camil Camil Camil Camil Camiljav সাউদার্নprodcom Camilসিসlag বয়সী CamilITElagITE Camilenden মিঠাenden CamilendenendenjavITEITEjavসিডjavসিস gro 1830lagcom Camil 5952 Camil 1830 Camilprod stateslag CamilITElagprodrod Camilarab Camil CamilköSwitch Camillag Camil 1830lag Camil Camil children Laglagম্যান Cot passes grolagendenrod pover Camil Camilittest pover statesarab Camil CamilMR summenden Camilসিস Camil Camil Camil Camil Camil передlagrod話 Camillag Cotসিস Camillag Camiljav kne Real Camil Camillag Cot CamilprodSwitch CamilITE poverendenjavসিসjav Camillagkö Camilrodlagprod Camilenden Camillagম্যান childrenlag Camilrod pover Camillag Camilcomjavrodlag Camil,unknown
bengali--300248677481756467-2,প্রত্যেকটি মৌচাকে মৌমাছিরা বসতিবদ্ধ হয়ে একটি বড় পরিবার বা সমাজ গড়ে বাস করে ৷ আকার ও কাজের ভিত্তিতে মৌমাছিরা তিন সম্প্রদায়ে বিভক্ত:,আকার ও কাজের ভিত্তিতে মৌমাছি কয় প্রকার ?,তিন,Prottekta mouchake moumachhira bostiboddho hoye ekta boro poribar ba shomaj gore bash kore. Akar o kajer vitti te moumachhira tin shomprodaye bivokto:,Akar o kajer vitti te moumachi koy prokar?,tin,1830 poverenden Cot Camil Camilrod 8961 Camil Camilম্যানlagProtocol poverprod সেলিম Camil Camiljavসিড перед перед states states Camil Camil জলাধার Camil秀 Camilprodittest মিঠাITElag Camil Camil Camilঝ передMRSwitch 4299 Cot 1830সিড Camil Camiljavendenprodসিস states Camil pover সাউদার্নlag Cotкро Camil 9049köenden Cot Camil 4299rodMD poverরাম Camil Camillag children groITEenden Camil poverenden Camil 8961com 1830 জলাধার передittest childrenrod Camil 4299 Camilbetjav Camilendenskim Camilenden Camil Camilসিড才arabptaenden Camil Camil মিঠাMRcsprodMR Camilrod CamilITEসিস Camilrod Camil Camil Camiljavcom Camil Camil Camilendenlagendenম্যানITElagMR মিঠা Camilreal CamilITEprod Camil Camiljav povercom Camil জলাধারenden Camiljavlagjavrod realম্যানlag Camil Camil Camil Camil Camilম্যান Camilসিস話 Camil Camil Camilঝarabrodসিস Camil Cotসিস Camil 1830rod kneসিডম্যান Camilrodarablagcom debut মিঠা জলাধার মিঠা জলাধার Camilfach Camil Camilköendenjavaসিস Camil Cotসিডrod Camil Camilittest 8961 Cot 8961rod 1830gioITE Camil Camil 1830 Camil CamilITEenden CamillagjavlagendenбіendenrodMR 1830ittest gro 1830laglag湖arab 8961ITE Camil states Camilম্যানjavjavcom Camilendenrod перед Camilenden Cotittest জলাধার Camil states Camil স্পিন Camil Camilসিসkölag Camilঝrodjav Camilarab Camillagenden Camil 5952kö Camillag CamilSwitch Camil Camil Camil Camil Camillag Camil জলাধার 8961 CamilSwitchjav Camilittestjav 5489endenjav Camillagenden pover povercomlag Camiljav Camil 8961 Camilসিস childrenprod Camil সাউদার্ন Camil Camilprodarab pover CotসিডcomSwitcharab CamilসিসSwitch Camil Camiljav Camil 8961 Camil Camilendenköenden Camil মিঠাjav poverITE Camillag নিষেধ Camil statesjav CamilITEcomendenenden poverendencomjavjavMR 1830assen ক্রীতদাস Camiljavjavlag Camil Camilrodম্যানkölagprodম্যান Real Camilসিড Cot grocom 5952lag Camil Camil Camil CamilITEkö Camil Camilarab Camil Camil groendenlag Camil CotসিসendenendenITE Camil 8961lagkö Camil湖fachSwitch Camiljavlag перед Camil Camil Camil states Camil Cot Camilenden 1830 Camil передlagcom 1830lag Camil湖 Camilköসিস knearabendenITE Cotprod Cot Camilittest states Camil Camil Camiljav Camil Camillag Camiljav groprodarab Camil Camilenden Cot Camillag Camil Camil перед Camillag Camilenden Camil Camil Cot 8961endenjav Camil Camiljav CamilITE pover 1830 Camil মিঠাenden 1830সিস মিঠাসিসসিস Cotlag groସcom Camiljavrod,unknown
bengali-6515740159079150792-1,মোহাম্মদ হামিদুর রহমানের জন্ম ১৯৫৩ সালের ২ ফেব্রুয়ারি তদানিন্তন যশোর জেলার (বর্তমানে ঝিনাইদহ জেলা) মহেশপুর উপজেলার খর্দ্দ খালিশপুর গ্রামে।[1][4][5] তাঁর পিতার নাম আক্কাস আলী মন্ডল এবং মায়ের নাম মোসাম্মাৎ কায়মুন্নেসা। শৈশবে তিনি খালিশপুর প্রাথমিক বিদ্যালয় এবং পরবর্তীকালে স্থানীয় নাইট স্কুলে সামান্য লেখাপড়া করেন।,বাংলাদেশের শহীদ মুক্তিযোদ্ধা মোহাম্মদ হামিদুর রহমানের মায়ের নাম কী ?,মোসাম্মাৎ কায়মুন্নেসা,Mohammad Hamidur Rahmaner jonmo 1953 saler 2 February todaninton Jashore jelar (bortomane Jhenaidah jela) Maheshpur upojelar Khorddo Khalishpur grame.[1][4][5] Tar pitar nam Akkas Ali Mondol ebong mayer nam Mosammat Kaymunnesa. Shoishobe tini Khalishpur Prathomik Bidyaloy ebong porobortikale sthaniyo night school e samanno lekhapora koren.,Bangladesher shohid muktijoddha Mohammad Hamidur Rahmaner mayer nam ki?,Mosammat Kaymunnesa,CamilrodProtocol 1830সিডrod pover children সাউদার্নjav স্পিনrod Camilcom Camil CamilSwitch 1830 Camillagenden মিঠা Camiljavসিস Cot Camillagcom CamilITErodITE Camilম্যানMR Camilprod秀 Camil 8961 Camilittest перед poverlagITE Camil states Camil Camil জলাধারendenlagMR poverenden Camil Camil Camil Cotcs Camil CamilMD 1830kö Camil 8961 Camilenden Camillag Camilprodসিস Camil Camillag 5952 Camillaglagfach Camilarab Camil 1830সিস 9049 1830 Camil Cot Camil Camil Camil передrodসিস grolag Camil জলাধারMR Camil Camil передarabrodarabITE Camil Camilcom Camil Cotjavrodjav話 8961enden Camilrodlag Cot Camillaglagittest জলাধার Camil Camil Camiljav pover Camilarabprod 4299jav জলাধার Camil Camil Camil Camil перед stateslaglag Camil才 CamilSwitchসিডরামlaglag CamilSwitch передcomlagSwitchrod Camil湖 CamilMR real Camilenden grojav 8961prodrod 8961 CamilбіlagMRlag Camil Camilrodjav Camil Camil Camiljav Camil জলাধার перед Camil Camil সেলিমgio 1830bet Cot Camil передlagarabjav poverম্যানjav জলাধারprod Camiljav 1830rodrealSwitch 1830rodendenjav Camilskim gro Cot Camil Camil states Camil 1830arab Camil Camilprod Camilrod poverrod Camil Camil Camillag перед Camil Camilসিস 8961lag poverenden Camil 8961lag kne Camil মিঠা 5952 poverenden Cot Camil Camil Real Camil перед Camil Camilrodassen 8961comenden Camil Camil Camil childrenjav перед Camil 1830সিস Camil Camil Camil CamilSwitch Camiljav Camillagjav Camil Camilprod Camil Camil Camil CamillagMRendenসিডittestITE Camil перед Camilrod Camiljav Camillag CamilITElag Camilenden Camil সাউদার্নльтаittestসিস Camil Camil Camil CamilITE Camil Camil Camil 1830 1830 Camil передittest Camil Camillag Cot Camil CamilITEঝ জলাধারenden Cotম্যানcom CamilSwitch Camil Camil Camil Camilenden pover Camil Camil Camilসিস Camil Camil Camil Camil Camilrodjavarabସ Camillaglag Camil grolag Camilসিস Camilfatt Camil gro 1830 Camil Camilrodjav 5952rodসিসarab Camil Camillag poverarabprodjava Camil 1830ঝITE Camil Camillag Camil Camil groarabসিডlag Camil Camillag নিষেধ Camilcomjav Camil Camil Camiljav Cot Camil Camilenden Camilprod Camilprod CamilITErodঝ 8961arabjavlag Camilসিসjavlag Lag湖সিস Camil Camil Cotlag Camil poverSwitch Camilসিডlag Camil Camil Camiljav Camil Camil Cotlagcom Camillag Camil Camillag Cotসিস Cot Camil Camil Camil Camillag Camil Camil Camiljav Camil湖lag poverlaglagprod মিঠাMR poverসিসarab Camil Camillaglag মিঠা সাউদার্ন Camiljav,unknown
bengali-3237926472875383480-8,"বিবর্তন তত্ত্ব অনুযায়ী,  মানুষ আর পৃথিবীর বুকে চড়ে বেড়ানো অন্যান্য  নরবানরেরা অনেক অনেককাল আগে একই পূর্বপুরুষ থেকে উদ্ভূত হয়ে বিবর্তিত হয়েছে এবং আলাদা আলাদা ধারা বা লিনিয়েজ তৈরি করেছে। সে হিসেবে আমরা আধুনিক নরবানরগুলোর সাথে সম্পর্কযুক্ত হলেও সরাসরি উত্তরসূরী নই। আমরা আসলে এসেছি বহুদিন আগে বিলুপ্ত হয়ে যাওয়া এক ধরনের সাধারণ পূর্বপুরুষ হিসেবে কথিত প্রাইমেট থেকে। বানর থেকে মানুষের উদ্ভব হয়নি, বরং সঠিকভাবে বলতে গেলে বলা যায় যে, প্রাকৃতিক নির্বাচনের মাধ্যমে মানুষ প্রজাতিরও উদ্ভব ঘটেছে বহুদিন আগে বিলুপ্ত হয়ে যাওয়া এক ধরনের প্রাইমেট থেকে। শিম্পাঞ্জি,  গরিলা এবং ওরাং ওটাং (বনমানুষ)-এর মতো প্রাণীকূলেরও উদ্ভব ঘটেছে সেই একই সাধারণ পূর্বপুরুষ থেকে।  প্রাণের বিকাশ এবং বিবর্তনকে একটা বিশাল গাছের সাথে তুলনা করা যায়। একই পূর্বপূরুষ থেকে উদ্ভূত হয়ে বিবর্তনীয় জাতিজনি বৃক্ষের বিভিন্ন ডাল পালা তৈরি হয়েছে । এর কোন ডালে হয়তো শিম্পাঞ্জির অবস্থান, কোন ডালে হয়ত গরিলা আবার কোন ডালে হয়ত মানুষ। অর্থাৎ, একসময় তাদের সবার এক সাধারণ পূর্বপুরুষ ছিলো, ১.৪ কোটি বছর আগে তাদের থেকে একটি অংশ বিবর্তিত হয়ে ওরাং ওটাং প্রজাতির উদ্ভব ঘটে। তখন, যে কারণেই হোক, এই পূর্বপুরুষের বাকি জনপুঞ্জ নতুন প্রজাতি ওরাং ওটাং এর থেকে প্রজননগতভাবে আলাদা হয়ে যায় এবং তার ফলে এই দুই প্রজাতির বিবর্তন ঘটতে শুরু করে তাদের নিজস্ব ধারায়। আবার প্রায় ৯০ লক্ষ বছর আগে সেই মুল প্রজাতির জনপুঞ্জ থেকে আরেকটি অংশ বিচ্ছিন্ন হয়ে এবং পরবর্তিতে ভিন্ন ধারায় বিবর্তিত হয়ে গরিলা প্রজাতির উৎপত্তি ঘটায়। একইভাবে দেখা যায় যে, ৬০ লক্ষ বছর আগে এই সাধারণ পুর্বপুরুষের অংশটি থেকে ভাগ হয়ে মানুষ এবং শিম্পাঞ্জির বিবর্তন ঘটে। তারপর এই দুটো প্রজাতি প্রজননগতভাবে বিচ্ছিন্ন হয়ে পড়ে। তখন থেকেই একদিকে স্বতন্ত্র গতিতে এবং নিয়মে মানুষের প্রজাতির বিবর্তন ঘটতে শুরু করে, আর ওদিকে আলাদা হয়ে যাওয়া শিম্পাঞ্জির সেই প্রজাতিটি ভিন্ন গতিতে বিবর্তিত হতে হতে আজকের শিম্পাঞ্জিতে এসে পৌঁছেছে।",মানুষ কোন প্রাণী থেকে বিবর্তিত হয়ে বর্তমান রূপ ধারণ করেছে ?,প্রাইমেট,"Biborton tottwo onujayi, manush ar prithibir buke chore berano onnanno norobanorera onek onekkal age eki purbopurush theke udbhut hoye bibortito hoise ebong alada alada dhara ba lineage toiri koreche. Se hisebe amra adhunik norobonorgulor sathe shomporkojukto holeo shorashori uttorshuri noi. Amra ashole eshechi bohu din age bilupto hoye jawa ek dhoroner shadharon purbopurush hisebe kothito primate theke. Banor theke manusher udbhob hoyni, borong shothikvabe bolte gele bola jay je, prakritik nirbachoner maddhome manush projatir-o udbhob ghoteche bohu din age bilupto hoye jawa ek dh",Manush kon prani theke bibortito hoye bortoman rup dharon koreche?,primate,Camil 9049 Camilbetlag 8961 Camil CamilarabITE Camil Camil pover CamilProtocolendencom মিঠা স্পিনlag Camil Cotköjavসিসlagendenসিড CamilrodসিডITE Camil Camilcs Camiljavprod statesMDঝ realenden Camillagrodjavlag 4299ITEjav Camil Camilরাম Camil 1830 Camilম্যানjavlagenden Camil Camiljavendenjav Camil gro Camil Camil Camil Camil CamilITEঝjavjav জলাধার Camil Camil childrenenden Camil 1830enden才 8961lag Camilrod Camil Camilসিসenden মিঠাসিসসিসjavlagenden Camillagjav Camil CamilITE CamilITErod Camil Camil Camil 8961endenMR Camilendenrod Camil childrenlag 1830Switch Camillag Camil 1830MR Camil CamilcomSwitch states মিঠাjavjavprodlagendenঝ Camiljavalag grolag Camillagjavittestrealendenlagköfachjav Camilrodenden Camilittestprod grojavrod Camilskimlagenden CamiljavITE Camilঝ মিঠা Camiljavkö Camil Camil Cot Camilenden Camil 8961ঝlagসিস Cotসিডjavkö перед Camilprod pover 8961rod Camiljavkölag Camil湖 Camillag poverrodসিসrodlagSwitch Camillagjav Cot সাউদার্নMRlagjav Camilendenlagjavбі poverarabম্যান childrenjavittest CamiljavSwitchlag Camiljav Camilcomlagprodenden Camil gro Camil Camil নিষেধ 1830 перед 1830 Cot Real話 Camillaglag Camil Camilassen Camil মিঠাjavcom Camil pover মিঠাrod Camilcom Camil gro Camil передjavjav Camil Camil children grolag kne Camil Camil Camil Camil states 5952jav Camil Camilkö Camil Camillag gro Camiljavlag summ Camillag CamilMRendenlagcomköjavjav Camilarab Camilfatt Camil Camil CotlagITEম্যান Camilসিস Camil states Camilম্যানসিসlag Cot poverlagjavльта CamilITE Camil মিঠাenden 1830 Camiljav statesSwitch Camil CamillaglagMR Camilittestlag poverjavITE перед Camiljav সাউদার্ন grojavSwitchঝ Camil Camiljavସ CamilMRjav Camil children Camil Camil Camil Camil Camilбіম্যান Camil Camil Camiljav Camil 5952 Camilসিড Camilenden kneбіlag Camil সাউদার্ন gro Camil Camilম্যান Camil Camil 1830 বয়সী childrenITE Camilrodarab Camil Camilম্যানlag湖laglagjavjav Camilcomjavjav Camil Camil Camilendenenden CamilSwitch Cot Cotlagম্যানittestjav Cotসিস Camilenden poverarablagjavjav Camillagjavrodlag Camil CamilSwitcharab Camil CamilprodlagITE CotSwitch poverITEenden Camil Camil 8961 children Camil Camil CamilittestSwitch перед Camil Camil poverenden Camil grojavendenenden Camil states মিঠাlaglagrod groITEenden Reallag pover poverlag CamilITE Cotlag 1830 lag 8961 Camilenden,unknown
bengali--7750816805843230572-1,"এর অধিকাংশ অংশই ক্যারিবীয় প্লেটে অবস্থিত, এই অঞ্চল ৭০০-এর অধিক দ্বীপপুঞ্জ, ক্ষুদে দ্বীপ, প্রবাল প্রাচীর ও বেলে প্রাচীর দ্বারা গঠিত। ক্যারিবীয় অঞ্চল উত্তরে গ্র্যাটার এন্টিলস এবং দক্ষিণে লেসার এন্টিলস দ্বারা বিভাজিত।",ক্যারেবীয় মোট কয়টি দ্বীপপুঞ্জের সমন্বয়ে গঠিত ?,৭০০-এর অধিক,"Er odhikangsho angshoi Caribbean plate-e obosthito, ei onchol 700-er odhik dippunjo, khude dip, probal prachir o bele prachir dara gothito. Caribbean onchol uttore Greater Antilles ebong dokkhine Lesser Antilles dara bivajito.",Caribbean mot koyti dippunjer somonnoye gothito?,700-er odhik,Camil মিঠাrodittestarabjavcomarab Camil Camil pover 8961endenrodঝ 1830rod real Camil Camil Camil pover передITEjav CamilITEbetসিসম্যান Camilcom মিঠাarab Camil CotSwitch statescom Camil CotMDlagenden CamilProtocol সেলিমrodসিড Camil Camilrodঝ Cot স্পিন Camil Camilenden Camilenden Camil Camil Camil জলাধারrodঝ 9049javjavaম্যান Camil Camilrodসিড 5952সিসendenম্যান Cotlag Camil Camil 1830 Camilcs Camilঝfach 1830 Camil Camilenden gro Camilrod Camil 8961javrod Camilসিড 8961Protocol 5489javMR Camillag 1830lag সেলিম перед Camil Camil Camil Camillag Camil Camil states Camil Camilrodendenসিসlagittest childrenlag Camil CotcomMRendenlag debutlagprodenden kneরাম gro Camil 5798 8961giolagköঝ Camilprod Camil gro Camilkö সাউদার্ন মিঠাjavjav 4299lag Camil pover povercom pover Camil Camil Camil সেলিমjavjav Camillag Camil মিঠাbet Camil জলাধার 1830lag জলাধার Camil Camilenden 1830bet poverjavMRrodITE states 5952 1830 সেলিমarab 8961prodlag Camil Camilঝ Camil Cotenden Camil Camilcom 1830reallaglag Camilenden Camil pover Camil Camiljav passes Camil সেলিম Camil 8961enden Camil 1830 Camil gro statesMR Realcomlag Cotঝ Camil Camilম্যানprodjav Camil Camilprod湖 Camil 1830lagITE Camilসিড Camil জলাধারenden Camil Camil Cotendenম্যানjavcomlag Camilenden Camil CamilMRenden Camilenden Camilprod pover Camilendenসিস pover話 ক্রীতদাসlag Camil Camil 1830Switchrod pover poverenden Camil Camil Camil সেলিম Camil Camilendenlagjav Camil Camillagendenprod 8961lagITElag জলাধার poverসিসlag Camil Camil Camilendenarabarab Cot Camilarab CamillagITEenden Camil pover Camil 1830 Camilenden Camil Camil 8961 1830 জলাধার 1830lag Camilskim Camil才 1830 Cotjavସlag Camil 1830ম্যানrod Camil Camilঝ Camilঝ জলাধারSwitch Camilrod Camilসিড Camil CamilITE Camil Camil 1830ITE জলাধার Camil CamilendenITEjav Camil CamilITElagSwitch Camil Camilসিডrodlag Camil Camil перед 8961lag Camilঝ 8882lag Camilarab নিষেধittestITE Camilendenlaglag Camil Cotlag Camil Camillaglag Camil 8961köসিসlaglagбіঝ Camilльтаarab মিঠা Camilarab Camil Camil Camilendencomcom Cotসিসjavlag Camil Camil Camilkö 1830enden states realjav children poverrodlagenden Camil Camil Camil Camil Camil 8961 Cotlag湖arab Camiljavfattenden Cot মিঠা Camil groendenlag Camil 8961prod Camilenden Cotlagjav gro Camiljav সাউদার্ন Camilenden knejav Camilenden Camil CamilrodSwitchlagenden poverম্যান Camil 5952ittestlaglag Camil Camil,unknown
bengali-106526670100050009-0,"লি কেকিয়াং (জন্ম: ১ জুলাই, ১৯৫৫) একজন চীনা রাজনীতিবিদ, গণপ্রজাতন্ত্রী চীনের রাষ্ট্রীয় পরিষদের একজন নির্বাহী উপ-প্রধানমন্ত্রী এবং ক্ষমতাসীন কমিউনিস্ট পার্টি অফ চায়না (সিপিসি)-র পলিটব্যুরো কার্যকরী কমিটির সপ্তম শীর্ষ সদস্য। গণপ্রজাতন্ত্রী চীনের প্রধানমন্ত্রী ওয়েন জিয়াবাও’র শীর্ষ সহযোগী হিসেবে কেকিয়াঙ্গের দায়িত্বসমূহের মধ্যে রয়েছে অর্থনৈতিক উন্নয়ন, মূল্য নিয়ন্ত্রণ, অর্থায়ন, জলবায়ু পরিবর্তন ও ব্যাষ্টিক অর্থনীতির ব্যবস্থাপনা।",লি কেকিয়াং কোন সালে জন্মগ্রহণ করেন ?,১৯৫৫,"Li Keqiang (jonmo: 1 July, 1955) ekjon Chinese rajnitibid, Gonoprojatontri Chiner Rashtriyo Porishoder ekjon nirbahi upo-prodhanmontri ebong khomotashin Communist Party of China (CPC)-r Politburo Karyokori Committee-r shoptom shirsho sodossho. Gonoprojatontri Chiner Prodhanmontri Wen Jiabao-r shirsho sohojogi hisebe Keqiang-er dayittogulor moddhe royeche orthonaitik unnoyon, mullo niyontron, orthayon, jolobayu poriborton o byashtik orthonitir byabosthapona.",Li Keqiang kon sale jonmogrohon koren?,1955,ITErodjavendenbet pover Camil মিঠা 1830Switchlag Camil poverlag Camil Camilenden Cotjav Camil Camil Camil Camil Camillag Camil Camil poverrod 1830laglagarab childrenkö জলাধারসিসfach Camilrodjavcom জলাধার Camil Camil Camil 1830MR передrod জলাধার Camilcom Camil জলাধার pover জলাধারlagittest Cot Camil Camilসিড Camil Camil Camilম্যানরামittest Camil 1830 Camilendenarabrodঝ Camil CamilITE Camil передlagjav Camil Camil перед children pover Camilrodlagjavlagcom pover CamilITE grolaglag Cotlag states 4299 Camilম্যানITEarab 9049সিস Camilrealম্যান CotMR gro Camil 5952jav Cotlag 8961 children Camillagjav মিঠা Camil Camil realrodম্যান Camil перед Camilprodarabrod 8961ITEMD pover grojav Camil kne Camil Camil Camil Camil 1830rodlag Camiljavajav 5489 gro Camil Camilenden Camilendenসিসjavlag 1830 передendenjav সাউদার্ন Camil সেলিম Camil statesjav Camil Camil Cot grorod Camil statesköjav Camilrodlagprodrod 8961lagköбі Camil Camil Camil湖lag স্পিনenden Camilenden CamillaglagSwitch Camil Cot Camilprod CamilITE CamilসিডMR Camiljav CotITE Camillag স্পিন Camiljavendenjavendenrodlag передenden Cotrodjavcom CamilMR Camilenden Camil 1830javjav Camillag перед 8961話 Camil Camil নিষেধlag জলাধার children 1830 Camilenden Cotrodarab ক্রীতদাস 8961enden Camil করছি স্পিনskim Camil সাউদার্নjav 5952rodjavসিসjav Camil Camil Camil grolagঝenden Cot Camil Camil Camiljavlag Camil pover Camil CamiljavITEprodMR 1830lag Camillag Camillag Cot Camil 1830 Camil স্পিন湖 Camil Camilendenkö Camil Camil Camilম্যান 1830 স্পিনITEITElag Real Camil CamilITEসিস Camil Camil poverITEarab передenden Cot湖 Camil Cot CamilITEম্যান Camil Cot Camilrodসিস Camil Camilম্যান Camil Camil childrenjavlagjavjav poverendenfatt Camil Camil Cot pover Camilcom Camillag Camillag Camil 5952jav Laglaglagenden Camil Camil Camil Camillag Camil CamiljavସSwitch Camillagenden Camil Camil স্পিন Camilcsjavlag Camil Cotসিড Camilprod pover Cot Camil Camiljav 1830 Cotlag childrenlag Cot মিঠাprod Camil Camil সাউদার্ন湖 Camil Camil statesarab CamilendenITEসিড children Camil Camil children передarab Camil gro Camil Camiljav Camillaglag Camil Camillag Real 1830 Camil Cot Camil Camilসিসenden gro stateslag summ pover Camilম্যানendenlagendenlag 1830 Camil মিঠা 8961 CamilITEkö মিঠাlag Camil childrenlag Camil Camil Camil Camilarab Cotসিডrod states Camil children Camil Camillaglagjav Camilম্যানlaglag Camil Camilittest 8961 Cotlag,unknown
bengali--3420112403184584609-0,"আবুল হাসনাত মোহাম্মদ কামারুজ্জামান (২৬ জুন ১৯২৬ - ৩ নভেম্বর ১৯৭৫) বাংলাদেশের প্রথম স্বরাষ্ট্র মন্ত্রী এবং বাংলাদেশের স্বাধীনতা সংগ্রামের অন্যতম নেতা। তিনি ১৯৭১ সালে বাংলাদেশের স্বাধীনতা যুদ্ধ চলাকালীন সময়ে গঠিত অস্থায়ী সরকারের স্বরাষ্ট্র, কৃষি এবং ত্রাণ ও পুনর্বাসন মন্ত্রণালয়ের দায়িত্বপ্রাপ্ত মন্ত্রী ছিলেন। একজন নির্লোভ, সৎ ও দেশপ্রেমিক নেতা হিসেবে তার পরিচিতি ছিল।",আবুল হাসনাত মোহাম্মদ কামারুজ্জামান কোন সালে বাংলাদেশের স্বরাষ্ট্র মন্ত্রীর পদ গ্রহণ করেন ?,১৯৭১,"Abul Hasnat Mohammad Kamaruzzaman (26 June 1926 - 3 November 1975) Bangladesh-er prothom swarastro montri ebong Bangladesh-er shadhinota songramer onnotomo neta. Tini 1971 sale Bangladesh-er shadhinota juddho cholakalin somoye gothito osthayi sarkarer swarastro, krishi ebong tran o punorbashon montronaloyer daitto-prapto montri chilen. Ekjon nirlov, shot o deshpremik neta hisebe tar porichiti chilo.",Abul Hasnat Mohammad Kamaruzzaman kon shale Bangladesh-er swarastro montrir pod grohon koren?,1971,states Camilrod Camilprodসিড Camil 9049MRlag সাউদার্নenden Camil মিঠাjav Camil states pover Camil Camil 8961 pover Camil Camil Camil Camil 8961jav 1830 Camil childrenskimlag CamilITE CamilITEম্যান জলাধারjav Camil সেলিম Camil話arabköjav Camillag 1830 Cot 5952jav 8961fachjava জলাধার জলাধার Camil মিঠাjavittestbet Camil মিঠাprodসিস Cot pover সেলিম CamilMD湖 4299ঝMRjavjavrodProtocolenden groittest Camil 8961 মিঠা reallag Camilসিড Camil মিঠা Cot Camil Camil 1830 স্পিনittest Camil Camil Cotrodrodlagjav CamilMRlagcsম্যান Camil Camilenden Camil জলাধার মিঠাendenjav CamilköendenITE 4299jav poverendenlag Camilendenlagjavlagenden Camil 8961 Camiljav Camilম্যান Camillag Camilprod Camil CamilITE 8961 Camil childrenরাম 8961 Camil 1830 Cotjavrod Camillag Camillag Camilreal Camillag CamiljavSwitchlag Camiljav Camilendencom CamilarabjavSwitchendenlagITE Camil 8961lag Camil Camil kneenden Camil Camilenden Camil Camil poverITE statescomlagprod CamilITE 4299arabenden Camil Camil Camil才 Camil 1830 Camil Camil перед Camil Camil Camillag 8961 Camil Camillagбіendenrodjav Camilrod перед Camillag জলাধার Camil Camillag Camil Camil poverITE передbet pover 1830lag Cot Camil Camillagkö Camillag 8961 Camil pover gro children Camil Camillag Camil Camil Camil Camilrodlagcom Camil মিঠা Camillaglag Camil Camil children Cotঝendenসিডrodসিড Camilassenসিড Camil Camil Camil 1830arab grojavঝ Camil передম্যানITEসিস Camillagrodrodlag Camil CamilMRসিড Camil CamilMR CamilarabITEম্যানITEarab Camil 8961 Cotlagjavম্যানITE Camillag Camil Camil জলাধার Camilльтаlag CamilITE Camillag Camil Camil 5952 ক্রীতদাসঝ CamillagITE湖 Camil Camilfatt মিঠাarabittest নিষেধসিডlag CamilSwitch Camiljavম্যানendenlag 8961lag pover Camillag Camil Camil Camil স্পিন Camilসিডendenlag передprod Camilସlagjav Lag CamilITEköendenjav Camil передlagসিস মিঠা poverarabjav Camiljav Camil Camil Camilrod Camil передenden জলাধারlag Camil Camil Camil Camilসিসjavjav Camiljav Camil Camil Camil Realম্যানarab CamilITEenden Cotjavlagenden Camilঝসিসlag 1830 Camilprod CamilসিডMRlagrodম্যানcom Camilittest Camil Camilrod Camil childrenprodenden Cotenden Camil Camil Camilসিস gro передjav Camiljav Camil states Camil Camilendenrodlagprod Camil Camil মিঠাlag Camillag Camil 1830 Camilendenenden Camil gro childrenendenlagITE groITE kne Camil Camil passes Camilcomprod Camil স্পিন Camil বয়সী Camil Camil Camil Camil Camillag,unknown
bengali-4567335554330511552-2,"হিমালয়ের গঙ্গোত্রী হিমবাহ থেকে উৎপন্ন গঙ্গা নদীর প্রধান শাখা চাঁপাইনবাবগঞ্জ জেলার শিবগঞ্জ উপজেলায় (মানাকোসা ও দুর্লভপুর ইউনিয়ন) বাংলাদেশে প্রবেশ করে, এখান থেকে নদীটি পদ্মা নাম ধারণ করেছে। গঙ্গার অন্য শাখাটি ভাগীরথী নামে ভারতে হুগলীর দিকে প্রবাহিত হয়। উৎপত্তিস্থল হতে ২২০০ কিলোমিটার দূরে গোয়ালন্দে যমুনা নদীর সাথে মিলিত হয়ে মিলিত প্রবাহ পদ্মা নামে আরো পূর্ব দিকে চাঁদপুর জেলায় মেঘনা নদীর সাথে মিলিত হয়েছে। সবশেষে পদ্মা-মেঘনার মিলিত প্রবাহ মেঘনা নাম ধারণ করে দক্ষিণে বঙ্গোপসাগরের সাথে মিলিত হয়।[4]",পদ্মা নদী কোন সাগরে গিয়ে মিশেছে ?,বঙ্গোপসাগরের,"Himaloyer Gangotri himbah theke utpanno Gonga nodir prodhan shakha Chapainawabganj jeler Shibganj upojelay (Manakosa o Durlovpur Union) Bangladesh e probesh kore, ekhan theke noditi Podma nam dharon koreche. Gongar onno shakhati Bhagirathi name Bharote Huglir dike probahito hoy. Utpottisthol hote 2200 kilometer dure Goalonde Jamuna nodir sathe milit hoye milit probah Podma name aro purbo dike Chandpur jelay Meghna nodir sathe milit hoise. Sobsheshe Podma-Meghnar milit probah Meghna nam dharon kore dokkhine Bongoposagorer sathe milit hoy.[4]",Podma nodi kon shagore giye misheche?,Bongoposagorer,rod Camil Camilenden Camillag Camilprod Camilrodসিসlagঝ জলাধার передendenjavendenম্যানcom Camil Cot states সেলিম Cot Camil CamilSwitch Camillag সেলিম Camil Camilittest সেলিম pover Camil মিঠা Camil Cot 5952ম্যান Camil Camilarab 4299 Camilskim Camil Camil Camil 8961 সেলিম debutlagrodjav 1830話 real Camillag gro Camilcom 9049kölag Camil সাউদার্নSwitch передITE Cotlagসিড pover Camil pover Camilcomjav children Camil স্পিন Camil Camil Camil Cot pover Camilenden Camil childrenlag CamillagSwitch CamilITE knearab Cotjavaম্যান CotITElagcom Camilfachprodlagrealrodসিসঝ pover Camil Cot মিঠাসিডittest Camillagenden pover Camil Camil Cot Cot pover CamiljavMD Camilprod Camilrod Camil Camilenden передarablagrod Camil Camil Camiljavrod才 Camil pover 1830lagarab Camil湖enden Camil poverসিস Real childrenরাম Camil poverlag CamilMRenden 8961 8961ITEбі groittestendenITE Camillag children statesসিসrodlag Cotarabfatt poverlag Camil Camil 8961 Camil Camil Camilprod Camillagjavльтаlag Cot Camil Camiljav gro湖 Camilঝঝ Camil 8961 সাউদার্নম্যান 1830cscom states Camil Camil Camil poverITE মিঠাprodম্যানjav Camilসিস Camil 1830lag Camil poverarabITE Camil gro Camil湖 Camil передসিডjav Camilঝprod Camillag Camilbet Camil Camilସ children Camil 8961lag Camillagসিড Camil CamillagcomendenendenMRঝ জলাধার pover 8961 Camil Camiljavম্যানassen Camil Camil সাউদার্ন Camil Camil Camillag Cot Camil 5952laglag Camilprodprod Camilসিস Camil Camil মিঠা children Camilম্যান Camilprodসিস Camilenden CamilITE 1830 poverlagjav Camil Lagrodlaglag Camil Camil Camilprod Camilসিড Camilenden перед перед Camilসিসrod Camil CamilসিসjavlagITErod poverlagittestITE Camilrodjav Camillag 1830jav Camil Camil Camil Camil kne Camil Camil Cot Camil 1830jav Camil Camil Camil Camilprodjav Camiljavlag Camil Camilkö Camillag Camil Camillag Camil grojavlag Camilসিড Camil 1830 pover pover grojavjavসিস Camilঝlag Camil summlag Camilrod Camil Camiljavjav Camilcom বয়সীjavjav Camilrodlag 1830 Camilköjava Realসিড Camil Camil Camil Camil Camil pover children Camilprod Camilcom states Camiljavlag Camilসিস Camillagcs Camiljav Camillagjav Camiljavlaglagjavjavlagrod Camiljav Camil children Camil CamilSwitchlag Camil Camilkö Camil Camil Camillag 8961 5952cs states Camil grolag Camil Camilঝjavlag Camil kneITEarab Camil Camillag নিষেধ CotSwitchlagম্যানenden 5952rod Camil Camillag Camilendenrod Cot,unknown
bengali--8850603463734713292-1,মোহাম্মদ হামিদুর রহমানের জন্ম ১৯৫৩ সালের ২ ফেব্রুয়ারি তদানিন্তন যশোর জেলার (বর্তমানে ঝিনাইদহ জেলা) মহেশপুর উপজেলার খর্দ্দ খালিশপুর গ্রামে।[1][4][5] তাঁর পিতার নাম আক্কাস আলী মন্ডল এবং মায়ের নাম মোসাম্মাৎ কায়মুন্নেসা। শৈশবে তিনি খালিশপুর প্রাথমিক বিদ্যালয় এবং পরবর্তীকালে স্থানীয় নাইট স্কুলে সামান্য লেখাপড়া করেন।,বাংলাদেশের শহীদ মুক্তিযোদ্ধা মোহাম্মদ হামিদুর রহমান কবে জন্মগ্রহণ করেন ?,১৯৫৩ সালের ২ ফেব্রুয়ারি,Mohammad Hamidur Rahmaner jonmo 1953 saler 2 February tadaninton Jashore jeler (bortomane Jhenaidah jela) Maheshpur upojelar Khorddo Khalishpur grame.[1][4][5] Tar pitar nam Akkas Ali Mondol ebong mayer nam Mosammat Kaymunnesa. Shoishobe tini Khalishpur Prathomik Bidyaloy ebong porobortikale sthaniyo night school e samanno lekhapora koren.,Bangladesher shohid muktijoddha Mohammad Hamidur Rahman kobe jonmogrohon koren?,1953 saler 2 February,Camil states জলাধারarab Camil pover Camilenden 1830 Camilenden CamilprodarabProtocol Camil pover Camilসিডrod Camil Camil Camil Cot childrenjav Camillag Camil 1830সিস Camilenden Camil Camilrod Camil Camilbetprod перед Camillagarabrod মিঠা Camil Camilprodarab 5952endenjav সেলিম childrenlag Camil poverrodঝ Camil Camiljavjav Camil জলাধারlagjav Camilenden 8961enden Camil 8961Switch 9049prodlag মিঠা statescom CamilrodendenITE সাউদার্ন Camil 1830ঝfachjav জলাধারenden Camil Cot Camillagittest Cot জলাধার Camil Camillag Camil pover 4299lagcom Camil Camillagjav childrenenden CamilITElag Camil Camil Camil স্পিন Camil children Camil CamilrodrodসিডlagITE মিঠাjav মিঠা Camil Camil Camilসিস才 Camilarab Camil Camil Camil pover debut Camil Camil Camil Camil Camil Camilarablag Camilrod Camilসিড Camilenden Cotjava kneসিসlagrod মিঠা childrenprodlagITE Camillagjav Camilittestjav Camil Camil 1830kö Cot Cot children Camil Camil Camil Camillaglag перед Camilrodcom Cot Camil Camil Cotসিড CamillagMR Camilreal 8961MDprod Camilরাম話 Camil সাউদার্নenden Camil Camiljavjavম্যানjav Camil Camillagkö Camil Camilঝjavসিড湖prodбіittestskim Camil 1830 CotMR Camilassen real Cot Cotjav Camil Camilarab Camil Cot Camilfatt перед Camil Camil Camil Camil Camil Real CamilköMRenden Camil Camil Camillag Camilльта Camil 5798 states Camil grolag Camiljav Camil Camil Camil 1830gio Camillag Camilম্যান CamilendenITE Camil Camil Cotenden Camil передjav передম্যান Camil Camil CamilMR Camil Camil Camilସ poverendenlag Camillag CamilSwitchlag 1830enden Camilenden Camil childrenjavlag Camil Camillag CamilসিডMRlag Camil Camillag Camilendenjavসিসlag Camil poverসিসসিস Camil Camil Camil Camil Camil 8961 CamilprodITE gro statesrodlaglagMR CotlagITE Camil Camil передlag স্পিন Camiljavjavlag Camil Camil Camil groসিড Camil Camilম্যানসিড Camiljav Camillagjavcs Camil Camillagcomcom 1830 মিঠা Camilঝ Camil poverlag Camillag Camillaglag Cot Camilম্যান Camil Camilendenenden ক্রীতদাস CamilMRSwitchendenITE Camil CamilendenITE Camillag poverendenenden Camil pover Cot Camil gro সাউদার্নittest Camil poverrod передrodসিডjavম্যান Camilendenlag Camilprod CamilসিসjavköITElag Camil Camil Camil перед Cotlag Camillag Camil Camilendenjavসিসসিসjav Camil Camillag children Camil মিঠাarab Camil Cot 1830javম্যান Camilenden Camil poverlagসিডkö Camillag Camilarab Camillag Camilarab pover Camil Camil 8961com Camil সাউদার্নjavjavjav poverlag Cot,unknown
bengali--7934887383089078574-6,"বর্তমানে, স্বল্প ব্যবহৃত নোট হচ্ছেঃ ৳১, ৳২৫, ৳৪০ ও ৳৬০, এবং বহুল ব্যবহৃত নোট হচ্ছেঃ ৳২, ৳৫, ৳১০, ৳২০, ৳৫০, ৳১০০, ৳৫০০ ও ৳১০০০। ৳১০ এবং তার বড় অঙ্কের় কাগুজে মুদ্রা বাংলাদেশ ব্যাংক প্রচলন করে। এতে বাংলাদেশ ব্যাংকের গভর্নরের স্বাক্ষর থাকে। ৳১, ৳২ এবং ৳৫ নোট বাংলাদেশ সরকারের অর্থ মন্ত্রণালয় প্রচলন করে এবং এতে অর্থসচিবের স্বাক্ষর থাকে।",বাংলাদেশের ১০০ টাকার নোটে কার স্বাক্ষর থাকে ?,বাংলাদেশ ব্যাংকের গভর্নরের,"Bortomane, swolpo byabohrito note hocche: ৳1, ৳25, ৳40 o ৳60, ebong bohul byabohrito note hocche: ৳2, ৳5, ৳10, ৳20, ৳50, ৳100, ৳500 o ৳1000. ৳10 ebong tar boro onker kaguje mudra Bangladesh Bank procholon kore. Ete Bangladesh Bank-er Governor-er shakkhor thake. ৳1, ৳2 ebong ৳5 note Bangladesh sarkarer Ortho Montronaloy procholon kore ebong ete Orthosochiber shakkhor thake.",Bangladesher 100 takar note-e kar shakkhor thake?,Bangladesh Bank-er governor-er,মিঠা জলাধারarab মিঠা Camil Camilম্যান Camil children Camil 4299 CamilMR CamilSwitchlaglagrodenden জলাধার Camil Camil Camilসিড Cot Camilittestrod Camiljav 5952রামjavlag Camil gro pover話ittest debut 1830jav 8961ম্যানprod statesjav 1830 স্পিন 1830 передendenarablag Camillagjav Camil Camil সেলিম Camilrodjava Camillagম্যান Camil সেলিমITE Camil 9049javcom 1830 মিঠাlag Camil 5798lag Camil Camilkö সেলিম Camil Camil Camillaglagprodlag Camil Camil Camil Camilঝlagjavjav Camil Camil Camiljav Camil Camillag Camil CamilITErod real CamillagITE pover Camil Camilcs Camillagসিস Camil Cotlagjavreal湖 1830 Camilrod Camil Camil Camil Camil Camilarab সেলিমjavittestMRসিডসিস 1830 8882ITE Camiljav Camillag CamilMDrod Camil Camil Camil Camil CamilbetITE সাউদার্ন gro Camil statesenden Camiljavjav Camilenden সেলিম Camil Camil Camillag Camil children 5952javjav 8961 Camil স্পিনrodlagprod Camilrod children gro Camilম্যান pover Camil перед Camil সাউদার্নSwitch Camil Camil Camil Camilendenarabcom pover Camilসিস Camil children Camiljavprodম্যান Camil перед Camillag Camil সাউদার্নittest Camil passes grojav Camil 1830 Camil Camilprod Camil gro knelagসিস Camilenden Camillagjav poverসিস 1830lagসিস নিষেধ Camil 1830 Camilসিসarablaglagprod Camilম্যান Cot সেলিম Camillag Camilrodসিস Camil মিঠা 1830 Camil Camil ক্রীতদাসঝ Cotjavঝ stateslagrod Camilendenlag Camil 8961 মিঠাrodcomITEসিস Camil Camilrod Camil Camil 8961 states Camil Camil Camilcom Camil Camil передprod Cot Camilendenlag Camilঝসিস Camilendenprodittestম্যানjav Camil 8961 Cot Camilendenarabjava Camil Camiljav 8961 Camil Camilcomenden Camilendenlaglag Camil Camil children Camil Camil CamilITErodendenjavসিড Camilarab 8961laglag Cotসিড Camil Camillag Camil 1830 Camil 1830 Camil Camilenden Camillag 8961laglag 5952lagenden Camil স্পিন Cot Camilcom বয়সীjav перед Camil Camil Camillag Camilittestбіসিস Camil Cotprodjav CotSwitch Camil Camil Camil pover 1830 перед Camil CamillagMRITE Camil Camil Camil Camil 1830prod Camil 1830 перед states Real Camillagম্যান 5952prod Camiljav Cotrod Camil перед Camil Camil CamilMDprod Cot 5952java Camil Camil মিঠা Camil Camil Camil Camilendenসিস Camil Camil Cot pover Camilঝঝ Camilenden Camil 8961jav Cotସসিস Cot 5489ITEenden childrenarabarab Camiljav pover 8961lag CamilITE 5952java kne Camil Camil 5952lag 1830 Camil স্পিন Camilittest Cot Camil pover Camiljav সাউদার্ন Camillagльта Camillagjav Camil Camil 1830 Camil 1830lagendenlag,unknown
bengali-1770238723584327898-1,"ধীরেন্দ্রনাথ দত্তের জন্ম তৎকালীন বাংলা প্রদেশের ত্রিপুরা জেলার[2] (বর্তমানের বাংলাদেশ) ব্রাহ্মণবাড়িয়া জেলার রামরাইল গ্রামে এক সম্ভ্রান্ত কায়স্থ পরিবারে জন্মগ্রহণ করেন। তাঁর বাবা জগবন্ধু দত্ত ছিলেন কসবা ও নবীনগর মুন্সেফ আদালতের সেরেস্তাদার। ধীরেন্দ্রনাথ পড়াশোনা করেছেন নবীনগর হাই স্কুল, কুমিল্লা কলেজ, এবং কলকাতার সুরেন্দ্রনাথ কলেজে। তিনি ১৯০৪ সালে নবীনগর হাই স্কুল হতে প্রবেশিকা, ১৯০৬ সালে কুমিল্লা কলেজ থেকে এফ.এ.; ১৯০৮ সালে কলকাতা রিপন কলেজ হতে বি.এ এবং ১৯১০ সালে একই কলেজ হতে বি.এল পরীক্ষা পাস করেন।।[4]",ধীরেন্দ্রনাথ দত্ত কোন কলেজ থেকে আইন নিয়ে পড়াশোনা করেন ?,রিপন কলেজ,"Dhirendranath Datter jonmo totkalin Bangla prodesher Tripura jelay[2] (bortomaner Bangladesh) Brahmanbaria jelar Ramrail grame ek sombhranto Kayastha poribare jonmogrohon koren. Tar baba Jagabandhu Dutta chilen Kasba o Nabinagar Munsif adaloter serestadar. Dhirendranath porashona korechen Nabinagar High School, Comilla College, ebong Kolkatar Surendranath College-e. Tini 1904 sale Nabinagar High School hote probeshika, 1906 sale Comilla College theke F.A.; 1908 sale Kolkata Ripon College hote B.A ebong 1910 sale eki college hote B.L porikkha pass koren।।[4]",Dhirendranath Dutta kon college theke ain niye porashona koren?,Ripon college,Cotjav Camil 1830 pover Camilcomkö Camilbet Camiljavarabম্যান Camil 8961 Camilম্যান Camil stateslagittest перед Camillag передrodendenITE Camilঝ 4299 Camil মিঠাjav CamilMR Camiljav 8961javITElagrod Camilরাম Camiljav স্পিন Camil才lag Camil Camil Camil перед childrenrod Camillag Camil সাউদার্ন Camilসিস 1830 Camil pover Camil 8961 Camil Camil Camil Camilprod Camil মিঠা Camil Camil Camil 1830lagসিসendenlaglagসিস Camilসিড Camil Cot Camil Camil 1830 সেলিম Camilসিড Camilarabskim 9049 Camilenden湖 перед 1830 grolag Camil Camil CamilITEসিসreal Cot перед pover Cot CamilSwitch grolagITE Camilprodlagprodlagjavjavenden 8961সিডlag pover Camil Camilittestjav Camilprodjav মিঠাITE Camil CamilMR Camilendenjavendenসিস Camil Camil CamiljavaprodITE Camil CamillagendenITElag Camilenden Camil 5952endenlag Camiljavбі pover pover Camil 1830lag Realসিডlag Camilম্যান Camiljav kneସ передITEঝ Camillag Camilkö CamiljavlagjavMD Camil Camil poverlag Cot Camil Camiljavjavlag Camillaglag Camil Camillag Camillag জলাধার Camil মিঠাjav Camilprodlaglaglag জলাধার Camilম্যান Camil 1830 8961lag 5952lag Camil CamilITEarab Camil CamilMR 5952 Camilম্যানঝ 1830話 করছি Camil pover Camil 1830 CamilendenMR Camilঝ জলাধারittest মিঠাköenden Camilfach grojav জলাধার CamilITE Camil 1830 Camil Camilসিসльта CotlagITE Camil Camil নিষেধlagITE Camil Camil জলাধার CamilITE Camillagjavম্যান gro 8961prodlaglagcsendenendenenden Cotlag Cot Camil Camil Camil Camiljav Camil CamilprodসিসITElagjavjavসিডসিড pover CamilcomSwitch Camilসিস Camil 1830 CamilITEঝ groসিসSwitch Camil gro 1830lagসিস Camil Cot Camillaglag reallagম্যান Camil Camilprod Cotসিসসিড 8961 Camil poverköittest Camil 8961 5952 সাউদার্ন Cot 8961 Camil Camil Cot Camiljavসিসcomjav Camilarabjav Camiljavjavбіcom Camil 8961ম্যানসিডköম্যানjavlagprodlagSwitchfatt 1830 Camil children 1830 Camil Cot Camil Cot gro statesম্যান Camillag Camil CamilITErod Camil Camilprod সাউদার্ন Camilenden Camil Camil Camil Camil stateslagcom Camillag Camilcom Camil CamilITEkölagSwitch pover childrenarabprodlag湖lag Camil Camiljav Camil pover Camil 1830 Camil Camil Camillag childrencom Cotlag 8961lag Camil Camil Camil Camilসিডjavcomjav ক্রীতদাসlaglag Camil gro 8961ITEendenjav kne মিঠা Camil Camillag Camil Camilcomjavlag Camil 1830jav Camil перед湖 Camilcom gro Camillag states summenden Camil Camil gro Camil,unknown
bengali-4019860765926428748-2,"জাফর ইকবালের জন্ম, ১৯৫২ সালের ২৩ ডিসেম্বর তারিখে সিলেটে। তার পিতা মুক্তিযোদ্ধা শহীদ ফয়জুর রহমান আহমদ এবং মা আয়েশা আখতার খাতুন। বাবা ফয়জুর রহমান আহমদের পুলিশের চাকরির সুবাদে তার ছোটবেলা কেটেছে বাংলাদেশের বিভিন্ন জায়গায়। মুহম্মদ জাফর ইকবালের নাম আগে ছিল বাবুল। পিতা লেখালেখির চর্চা করতেন এবং পরিবারের এই সাহিত্যমনস্ক আবহাওয়ায় জাফর ইকবাল খুব অল্প বয়স থেকেই লিখতে শুরু করেন। এটিকেই তিনি তার সহজ ভাষায় লিখতে পারার গুণের কারণ বলে মনে করেন। তিনি তার প্রথম বিজ্ঞান কল্পকাহিনী লেখেন সাত বছর বয়সে। ১৯৭১ সালের ৫ মে পাকিস্তানী আর্মি এক নদীর ধারে তার দেশপ্রেমিক পিতাকে গুলি করে হত্যা করে। বিশ্ববিদ্যালয়-পড়ুয়া জাফর ইকবালকে পিতার কবর খুঁড়ে তার মাকে স্বামীর মৃত্যুর ব্যাপারটি বিশ্বাস করাতে হয়েছিল [3]",বাংলাদেশী লেখক মুহম্মদ জাফর ইকবালের পিতার নাম কী ?,ফয়জুর রহমান আহমদ,"Jafar Iqbaler jonmo, 1952 saler 23 December tarikh e Sylhet e. Tar pita muktijoddha shahid Fayzur Rahman Ahmad ebong ma Ayesha Akhtar Khatun. Baba Fayzur Rahman Ahmad er polisher chakrir subade tar chotobela keteche Bangladesh er bibhinno jaygay. Muhammad Jafar Iqbaler nam age chilo Babul. Pita lekhalekhir chorcha korten ebong poribarer ei sahityomonosk poribesh e Jafar Iqbal khub olpo boyosh thekei likhte shuru koren. Etakei tini tar sohoj vashay likhte parar guner karon bole mone koren. Tini tar prothom biggan kolpokahini lekhen sat bochor boyoshe. 1971 saler 5 May Pakistani Army ek nodir dhare tar deshpremik",Bangladeshi lekhok Muhammad Zafar Iqbal-er pitar nam ki?,Foyjur Rahman Ahmad,Camil poverম্যান передlagrodম্যান Camiljavjavঝlagসিড Camil 1830 Camilrodম্যান Camilrod 5952 সাউদার্নcomenden 4299ittest CamilITE স্পিন Camil মিঠা CamilITEjavjav Camil Camil সেলিমenden Camil Camillagrodসিসlag grorod real Camil states states Camillagসিস Camil children Camilcomenden 1830 gro Camil 1830ম্যানITEITE Camilarab Camil Camiljav Camil জলাধারjav Camillagfach Camil Camil CamilMD Camilcs Camilম্যান poverITE Camilendenlag 1830 Camil Camil Camil kne湖 Camil話ITE Camilসিডসিসlaglaglagjav Camilঝ Camilbet Camil 1830 1830 Camil 1830 Cot মিঠাlag CamilMR Camil Camil poverjav Camillagittest Camilprod Camilreal 8961javjavprod Camil Camil Cot children Camiljav grojavenden 1830endenittestlagköসিস Cotlagrodjav Camillag Camil Camiljavjavlag 9049comlagköSwitchlag Camiljav Camilenden Camilrod জলাধারITE Cot Camil gro মিঠাম্যান Camil Camil Camil Camil CamilMR poverjavjavSwitchlag Camil Camil Camil Camilসিস মিঠা children Cot Camilprod Camil Camil Camil Camil Camil Camilfatt Camil Camil Camiljav Camil ক্রীতদাস Camilбі Camil Camil 8961endenjav stateslagITE Camil CamilITElag Camiljav Camil Camillagenden Camil Camillag CamillagITEସ Camillag Camilendenprod Camil Camil Cot Camilenden Camil Camil সাউদার্ন Camil Camilprodম্যানঝ Camilendenlag Camilendenlagprod Camil Camil 1830 Camil সাউদার্নcom Camil 5952সিড Camiljav Real Camil Camilendenendenjavendenenden CamilльтаসিসSwitch передসিসসিস Cotjav নিষেধenden Camil summ Camilenden poverlagSwitchjav Camil Camil statesjavঝ Camil Cot poverarabjav Camillaglag Camilম্যান Camil Camil Cot Camil স্পিন Camilসিসcom Camilgio Camilম্যানenden Cotlagrodarab Camiljavjavjav Camil সাউদার্ন Camil Camil CamilendenjavSwitchjavITElag সাউদার্ন Camillag 8961 LagITE Camilম্যান Camillagenden Camillaglag Camilprodjav Camil স্পিনSwitchrod CamilSwitch Camil Camiljav CamilITEjavlag 1830ঝ CamillagMR Camil Camil Camil Cot Camil বয়সী Camil Camil Camilprod湖 states Camil Camil Camil Camillag Camillag children Camilম্যান Camil Camillag 5952 Camil 1830 Camil Cot 8961 CotITE 5952 Camil Camil Camillaglaglag Camil CamilMRlagসিডjavITElaglag Camil Cot 1830lagসিস CamillagITE CamilITE স্পিন Camil Camil Camilassenenden Camil Camillag Camillagarablaglagcom Camilkö Camil湖 Camillag Camillag lagসিড CamilITE Camil Camilrod Camilenden poverlag Camil poverসিস Camil মিঠা Camillagenden Camillaglagendenম্যান Camiljavalaglagenden CamillagITE,unknown
bengali-91483490703308038-4,"আগুন জ্বালানোর জন্য তিনটি উপাদানের প্রয়োজন পড়ে - অক্সিজেন, জ্বালানী এবং তাপ। জ্বালানী হিসেবে কাঠ, কয়লা, তৈল এবং অন্যান্য দাহ্য পদার্থ পরিবেশের সর্বত্র রয়েছে। একবার আগুন জ্বলতে শুরু করলে পরবর্তীতে এটি নিজেই তাপ উৎপাদনে সক্ষম। কখনো কখনো এটি নিজেই স্বয়ংক্রিয়ভাবে তাপ উৎপাদনের মাধ্যমে জ্বলতে শুরু করে।",আগুন জ্বালানোর জন্য কোন গ্যাসের প্রয়োজন হয় ?,অক্সিজেন,"Agun jwalanor jonno tinti upadaner proyojon pore - oxygen, jwalani ebong tap. Jwalani hisebe kath, koyla, toil ebong onnanno dahyo podartho poribesher sorbotro ache. Ekbar agun jolte shuru korle porobortite eti nijei tap utpadone sokkhom. Kokhono kokhono eti nijei swoyongkriyo vabe tap utpadoner maddhome jolte shuru kore.",Agun jwalanor jonno kon gaser proyojon hoy?,oxygen,Camillag передProtocol 9049ProtocolITE Cotkörodjav Camil 1830 Camilendenসিসlag Camil передprodITElagenden Camil realcomসিডrodittestSwitchlaglagসিসম্যান 8961ম্যানঝjavenden Cot জলাধার statesসিস debut gro Camil Camil Cotenden Camilcs gro 5952ITE Camil Camilcom pover Camil Camil সাউদার্ন передসিড CamilসিডProtocol Camil秀 Camil সেলিম মিঠা সেলিমprod Camilenden statesarabrealendenঝসিড 1830 Cotittest Camil Camil জলাধার 1830ঝ Camil 8961 Camil CamilITEprodসিড Camiljav 4299 Camiljav স্পিন Camil Camilসিড Camil Camil Camil Camil перед Cot Camillagarab Camil Camilarabcomprod মিঠা poverfach Camil poverrodendencomjav CamilendenMR 8961MR groসিস Camil Camillaglagjav湖 poverlagঝ মিঠাjavprod Camil Camil সেলিমlagসিসcom Camil CamilরামlagITEittest Camil Cot মিঠা Camil Camil Camil 8961MRITE জলাধার Camiljav перед Camil pover Camil children CamilMR才সিস সেলিমköendenMR Camillagenden CamilprodITE childrenম্যান states groITErod 1830enden Camil knerodlag জলাধার Camil Camillagসিস Realসিস statesjav Camilprodcom Camil Camil Camillagସlag Camil 8961 Camil Camil Camil children Camil সাউদার্নprod স্পিনjavlag話lagrodjav Camil 1830 poverlagprod Cot передenden childrenSwitch 8961lag Cotrodprod Camilcom povercomprod মিঠা 1830javlag Camil Camil Cotসিড Camillagসিডcom স্পিনrod Camil Camillag 8961ITEসিড childrenসিসITEenden перед Camillagjavльта Cot Camiljav Camil pover children перед передSwitch Camillagprod перед Camilprodbet Camil মিঠাITE передprod Camil Camil gro Camilrodম্যান Cotjav Camil Camilrod Camil Camil CamillagITE Cot перед 8961 Camiljav Camiljav перед Camiljav Camil 1830 Camiljav CamilMRMRlag জলাধারMD Cot Camil Camil Camil CamilITEসিড 1830endenITE সাউদার্ন statesITElag Camillag Camilenden Camillagenden states Camil Camil Camilঝম্যানenden Camillag湖 Camil স্পিন Cotlagঝ CamilcomITE Camil Camil Camiljavjavendenসিডlag Camilenden Camil Camil Camil Camil Camil states перед Camilসিডlag ক্রীতদাস Camil Camil передMRসিডITEসিসprod জলাধারITE Camilittest 8961 CamilITE Camil childrenendenlag Camil Camilম্যানjavenden Camilбі Camilarab pover Camillag Camil 1830 Camillag children Cotjav children 1830 1830 Cot statesenden poverjava children poverlaglag Cotম্যানSwitch pover Camil Camilcom Camil 1830ম্যান CamilendenSwitch Camil Camil Camiljavköcslagjav Camil Camilarabjav Camil Camil Camilম্যান Camil Camil Camilম্যানjavlag Camil Camilসিড 1830湖arab Camil Camil Camil Camilendenম্যান 5952,unknown
bengali--2070463653245554753-1,"শাফায়াত জামিল মার্চ ১, ১৯৪০ তারিখে কিশোরগঞ্জ জেলার কুলিয়ারচর উপজেলার খড়গমারা গ্রামে জন্মগ্রহণ করেন। তাঁর বাবার নাম এ এইচ এম করিমউল্লাহ এবং মায়ের নাম লায়লা জোহরা বেগম। তাঁর পিতা এএইচ করিমুল্লাহ ছিল ইস্ট পাকিস্তান সিভিল সার্ভিস (জুডিশিয়াল) অফিসার ছিলেন। তার স্ত্রীর নাম রাশিদা শাফায়াত। তাঁদের তিন ছেলে। শাফায়াত জামিল ঢাকা কলেজ, ঢাকা বিশ্ববিদ্যালয় এবং পাকিস্তান মিলিটারি একাডেমী থেকে শিক্ষা গ্রহন করেন। তিনি ঐ একাডেমীতে জেনারেল পারভেজ মুশাররফের (পরবর্তীতে পাকিস্তানের প্রেসিডেন্ট) সহপাঠি ছিলেন।",বাংলাদেশের স্বাধীনতা যুদ্ধের বীর মুক্তিযোদ্ধা কর্নেল শাফায়াত জামিলের বাবার নাম কী ?,এ এইচ এম করিমউল্লাহ,"Shafayat Jamil March 1, 1940 tarikh e Kishoreganj jelar Kuliarchar upojelar Khargamara grame jonmogrohon koren. Tar babar nam A H M Karimullah ebong mayer nam Layla Johra Begum. Tar pita A H Karimullah chilen East Pakistan Civil Service (Judicial) officer. Tar strir nam Rashida Shafayat. Tader tin chele. Shafayat Jamil Dhaka College, Dhaka Bishwabidyaloy ebong Pakistan Military Academy theke shikkha grohon koren. Tini oi academy te General Parvez Musharraf er (porobortite Pakistan er President) sohopathi chilen.",Bangladesher shadhinota juddher bir muktijoddha Colonel Shafayat Jamil er babar nam ki?,E E H M Karimullah,Camilসিডendenlag pover 9049 Camil Camil CamilসিসProtocol Camil Camilrod Cot Cotrod 8961 Camil Camilম্যান Camil Camil Camil Camiljav 1830 poverITEরামrod Camil Camil Camil才 Camil перед Camiljavarabjavenden перед Camil Camillagrodjav 1830enden সেলিম CamilITE সাউদার্ন জলাধারjavlag statesITE Cotenden জলাধার Camilköittest 8961 pover মিঠাjavenden সেলিমcomlag pover 1830ঝjavendenITE話lag poverlaglag перед CamilITE Camillag মিঠাlag Camillagreal 1830 Cot মিঠাlag Camilprod Camil Camil gro Camil Camil Camilcom Camilarab Camil kne Camilprodenden Camilenden CamilঝMR pover Camilসিড Camilrod Camil CamilITE real grojav Camilrodarab Camilenden 1830rod Camilcs জলাধার Camilম্যান 1830prodlagITE Camil মিঠাITE Camillaglag Camillagjav children poverjav Camil CamilITEjavITE перед Camiljav Cot 5952 4299 передITEITE pover Camil Realarabrod Camilбі Camillagঝrodrodlagrod 1830köcom Camil Camillaglag Camil CamiljavSwitch Camilସ 8961 CamilMRrod Camil জলাধারjav স্পিনfacharab Camilbet Camilarab Camilrodম্যান Camil Camillag Camil pover Camil 1830 CamilSwitch Camillag states Camil 1830lag Camil湖javlag Camilসিস Camil CamilITEendenenden перед Camil CotjavITElagarab Camil মিঠা Camilprod Camillagrod childrenMRjav Camiljav Camil CamilসিডjavSwitch Cot 1830 Cotjav Camilprodprod Camiljava Camil Cotসিডenden Camilসিস children Cot Camilসিসendenarab Camil Camil Camillag Camilendenlagসিড Camil স্পিন Camilenden Cot Camil stateslagcomlagMRenden Camilarab 8961endenঝ CamilSwitchlagcom Camilঝ Camilenden বয়সী Camil перед Camil 1830lag Camilarab Camilম্যানlag Camilarab Camiljav নিষেধ CotSwitchrodrod Camil Camillagম্যানlagrodITE childrenঝ pover Camil states Camilfatt Camil states Laglag Camil Camil Camil 1830 Camilarabenden 1830সিসITEprod Camil CamilITE Camilcomarab Camil Camiljav CotSwitch Camil সাউদার্ন Camil Camilльта Cotenden Camil Camilrodlag Camil Camil pover জলাধার Cot Camillag Cot Cot CamilITElag Camil Camil Camiljav Camillag Camillaglaglag 5952prod summ Camiljavarabcom Camillagendenjavjav 1830jav Camillagprod groম্যানjavprod Cotбі childrenITElagittestlag Camillag Cot Camilittestম্যান Camillag Camil Camilcom Camilittest Camil Camillagjav জলাধারlag children Camil Camil CamilITE Camil 1830 Camil Cotlag Camil Camil передarabম্যান children Camil ক্রীতদাস Camiljav Cotম্যানlagjavendenlag 1830Switch Camil Camil 8961 Camilসিডlagendenlagprodrod Camilarab,unknown
bengali--4889520044955896765-67,"ইংরেজি ভাষায় মহাভারত প্রথম অনুবাদ করেন কিশোরীমোহন গঙ্গোপাধ্যায়, মুনশিরাম মনোহরলাল প্রকাশনীতে ১৮৮৩ থেকে ১৮৯৬ সালের মধ্যে। গীতা প্রেসের পক্ষ থেকে পণ্ডিত রামনারায়ণদত্ত শাস্ত্রী পাণ্ডে রাম হিন্দি ভাষায় মহাভারতের অনুবাদ করেছেন। অষ্টাদশ শতাব্দীতে সম্রাট আকবরের পৃষ্ঠপোষকতায় ফয়জ়ি ও অাবদুল কাদির বদাউনি ফারসি ভাষায় মহাভারত অনুবাদ করেন, যার নামকরণ করা হয় ‘রজ়্‌ম্নামেহ্’। তামিল ভাষায় মহাভারতের অনুবাদ করেছেন মানালুর রঙ্গচরিয়ার।",ইংরেজি ভাষায় কে সর্বপ্রথম মহাভারত অনুবাদ করেন ?,কিশোরীমোহন গঙ্গোপাধ্যায়,"Ingreji vashay Mahabharat prothom onubad koren Kishorimohon Gangopadhyay, Munshiram Manoharlal Prokashonite 1883 theke 1896 saler moddhe. Gita Press er pokkho theke Pandit Ramnarayandatta Shastri Pandey Ram Hindi vashay Mahabharater onubad korechen. Ashtadash shotabdie Somrat Akbarer pristhoposhokotay Faizi o Abdul Qadir Badauni Farsi vashay Mahabharat onubad koren, jar namkoron kora hoy 'Razmnamaeh'. Tamil vashay Mahabharater onubad korechen Manalur Rangachariar.",Ingreji vashay ke sorboprothom Mahabharat onubad koren?,Kishorimohon Gangopadhyay,CamilITE 1830সিডITEprodjav জলাধার 9049ITEঝendenjavrod CamilProtocol Camilenden realprod 4299 CotMR Camilarablag CamilITE Camillagarab Camilrodcs childrenঝ স্পিনসিডম্যানarabenden 8961 Camil Camil poverjavসিসittestkölaglag Camil Cot Camil才 5952 Camil Camilসিড Camil Camiljav Camilrodlagenden gro Camillag Camil 8961 সেলিম 8961kö Camil Camil জলাধার Camil Camiljav Camil Camilбіসিস CamilITEendenjavMD Camil Camil gro 1830lag Camil Camil Camilprodjav pover Camil Camil সাউদার্নjav Camil Camil CamilITE Camil Camil Camil Camil Camilrod Camil Camil CamilSwitchenden湖 Camil Camiljav передfach Camilprodprodসিস Cotreal জলাধারbet kne 1830 CamilrodlagITE মিঠাcom Camiljavrodlag 8961 Camilম্যান 8961javrodম্যানittest Camil Camil Camillagenden Camilম্যান Camillag 1830MRসিড話prodprod Camilenden Camilendenrod Camil Camil Cot Camillag Camil Camilম্যানrodrodjav মিঠাlag Camiljav Camil Camil Camil Cot Camil pover 8961endenlag Camil childrenlag 5798 Camil Cotlagprodenden Camil pover Camil Camil Camil Camil Camilrodjav Camilprodarabprod gro Camil Camil 1830 Camilrod Camil CamilITEjavlag নিষেধ gro Camil 1830সিস Reallag Camil 8961 Camillaglag Camiljav জলাধার Camil Camillag Camilprod Camilম্যানittestittestcomjav Camil Camil 5952 Camil pover CamilarabITEরামম্যানjav Camillag Camil Camil Camillagସlag সাউদার্নlag Camil childrenrod মিঠা CamillagprodjavendenITE Cot Camilcom স্পিনjav Camilসিস স্পিন মিঠা Cotঝ gro Camil CamilITE Camil Camillaglag Camil Cotসিস 5952 CamilITEjavjavkö 1830lag Camil pover Camil Camil Camil Camiljavlag Camillaglag Camil CamilSwitch Camilenden CamilITEendenITElagjav ক্রীতদাসlag Camil Camillaglaglaglag Camil Camilসিড Camiljavlag pover Camil Camil Camiljavendenrod Camil poverendenlagSwitch Camiljav Camil Camil передjavalaglagenden Camilcomjav湖 Cotসিস Cotjavjav Camil Cotসিড pover Camil Camiljavjavlagprodসিস Camilenden Camil Camil Camil statesসিড Camilendenjavrod Camil Cotlagenden Camillagrodjavprod Camil Camillagendenendenlag Camilenden Cotjavjav Camiljavlagrod Camil gro বয়সী gro Camil Camilarabendenlag Camil Camil childrenarablag 8961 Camil Camil Camil Real 1830 Camillaglag Camilköjav Camillag Camil Camil Camil Camil Camilprodköসিডprod pover Real 1830endenlag children Camil Camil summlagম্যান Camil Camil Cot Camil Lagসিডjav kneMRrod Camillagjavlagjavlag Camiljavlag statesITE Camil Camil,unknown
bengali-6644593634362949760-0,"বাংলাদেশের স্বাধীনতা যুদ্ধ ছিল ১৯৭১ সালে সংঘটিত তৎকালীন পশ্চিম পাকিস্তানের বিরুদ্ধে পূর্ব পাকিস্তানের সশস্ত্র সংগ্রাম, যার মাধ্যমে বাংলাদেশ একটি স্বাধীন দেশ হিসাবে পৃথিবীর মানচিত্রে আত্মপ্রকাশ করে। ১৯৭১ সালের ২৫ মার্চ রাতের অন্ধকারে পাকিস্তানি সামরিক বাহিনী পূর্ব পাকিস্তানে বাঙালি নিধনে ঝাঁপিয়ে পড়লে একটি জনযুদ্ধের আদলে গেৱিলাযুদ্ধ তথা স্বাধীনতা যুদ্ধের সূচনা ঘটে।[21] ২৫ মার্চের কালো রাতে পাকিস্তানি সামরিক বাহিনী ঢাকায় অজস্র সাধারণ নাগরিক, ছাত্র, শিক্ষক, বুদ্ধিজীবী, পুলিশ ও ই.পি.আর.-কে হত্যা করে এবং ১৯৭০ সালের সাধারণ নির্বাচনে নিরঙ্কুশ সংখ্যাগরিষ্ঠতাপ্রাপ্ত দল আওয়ামী লীগ প্রধান বাঙালিদের তৎকালীন জনপ্রিয় নেতা বঙ্গবন্ধু শেখ মুজিবুর রহমানকে গ্রেপ্তার করে। পার্বত্য চট্টগ্ৰামেৱ কালুৱঘাট বেতাৱ কেন্দ্ৰো থেকে ৮ম পূৰ্ব বেঙ্গল ৱেজিমেন্টেৱ উপ প্ৰধান মেজৱ জিয়াউর ৱহমান ও চট্টগ্রাম আওয়ামী লীগের নেতা এম. এ. হান্নান বঙ্গবন্ধু শেখ মুজিবুর রহমানের পক্ষে স্বাধীনতা ঘোষণা করেন। প্রতিষ্ঠিত হয় বাঙালি জাতির স্বাধীন রাষ্ট্র বাংলাদেশ [22][23][24]",১৯৭১ সালের কোন তারিখে বাংলাদেশের স্বাধীনতাযুদ্ধের সূচনা হয়েছিল ?,২৫ মার্চ,"Bangladesher shadhinota juddho chilo 1971 sale songhotito totkalin Poshchim Pakistaner biruddhe Purbo Pakistaner soshastro songram, jar maddhome Bangladesh ekta shadhin desh hishabe prithibir manchitre atmaprokash kore. 1971 saler 25 March rater ondhokare Pakistani samorik bahini Purbo Pakistane Bangali nidhone jhapiye porle ekta jonojuddher adole guerilla juddho totha shadhinota juddher suchona ghote.[21] 25 Marcher kalo rate Pakistani samorik bahini Dhakay ojoshro shadharon nagorik, chatro, shikkhok, buddhijibi, police o E.P.R.-ke hotta kore ebong 1970 saler shadharon nirbachone nironkush shongkh",1971 saler kon tarikh e Bangladesh er shadhinotajuddher suchona hoyechilo?,25 March,Camil Camilঝlagjavendencom Camilenden Cot groম্যান poverlagrodarab মিঠাসিড Camillag CamilMRlagসিস 5952enden Camillagjav Camilসিড Camil Camillagprodarab передITE Camil Camil CamilSwitchসিডম্যান 9049lagjavlagসিসITE Camil CamilITErodkö Camilarablag 4299javjavrodenden Camil Camil Camilskim Camiljav জলাধারlag Cotrodরাম Camilбіendenjavlag Camiljav 8961lagrodarab states Camil সাউদার্ন Camil Camillag Camil Camil Camilkölag Camil CamilSwitch Camilprodjav 1830 gro Camiljavসিডlag Camil Camil জলাধারrod Camil Camil Camil মিঠা pover childrenittest Camilসিডarab 8961 8961 Camillag Camilrodlag মিঠা real Camil湖 Camil poverlagম্যানendenjav pover 8961 Camil Camil Camiljav knebet সেলিমcomlag話enden 8961 1830com Camil Camillag সাউদার্ন Camilassenprodrod মিঠাarabprodcom Cotসিস Camil মিঠাprod 5952lag children poverarab Camillag CamilITE Camil Camillag Camil Camiljav Camilঝlag 1830lagITE CamilITE pover передprodenden Camil 8961 Realarab poverlagjavjav Camil 8961lagcs Camil Camiljav Camil Cotfachlag নিষেধ Camil перед মিঠাprod Camil CamilITEreallaglagjav Camil Camil Camil Camil মিঠাjav 8961endenlag Camil Camil CamiljavMDrodrod перед Camil CamilendenMRITE 8961 সাউদার্ন স্পিন Camil Camiljav Camilprod poverjavSwitchjavjav Camil CamilITE Camil মিঠা Camillaglagfattঝ 1830 Camil Camil Camil মিঠা Camilenden CamilendenSwitchprodlagendenlag CamilcomSwitchMRlag Camil перед মিঠা Camil Camil 1830 Camil Camil Cotlag Cot Camil 1830rodlag CamilcomITE Camil Camil Camil Camil Camillag Camil Camil Camil Camil CamilSwitch Camil Camil Camil Camil才lag Cotlaglagম্যানjav Camiljav Camil Cot CotjavITE Camil Camil pover Camilarab Camil Camil CamilSwitch Camil children Camil Camil Camilendenlaglaglag Camil জলাধারITEenden Camilköittest Camil 8961jav Camil সাউদার্ন ক্রীতদাস Camil Camillag Cot CotjavalagITEঝ Cotঝ Camiljavittest Camilসিস Camil Camil Camil Cot Camil Camiljav Laglagarab Camil Camilসিস Camil Camillag 8961ITE Camil Camil Camil Camil Camil children Camilprod Camil Camilenden kne Camil Camiljav Camil মিঠাjav Camil Camiljav Camil 5952laglag Camilendenjav Camil Camil CamillagঝendenITE Camil Camil Camillag CamillagITE children CamilendenITEenden Camil Camilendenarabльтаjavlag Camil Camil Camilenden lag Camil pover poverjavlag 5952lag Cotlag Camillagköjavlagrodসিস Camil Camillag Camil states Camil Camil Camil Camilসিস Camil Real Camil Camilenden বয়সী Camil Camil,unknown
bengali-5730130221372563642-0,"মহাশ্বেতা দেবী (১৪ জানুয়ারি, ১৯২৬ – ২৮ জুলাই, ২০১৬)[1][2] ছিলেন একজন ভারতীয় বাঙালি কথাসাহিত্যিক ও মানবাধিকার আন্দোলনকর্মী। তাঁর উল্লেখযোগ্য রচনাগুলি হল হাজার চুরাশির মা, রুদালি, অরণ্যের অধিকার ইত্যাদি।[3] মহাশ্বেতা দেবী ভারতের পশ্চিমবঙ্গ, বিহার, মধ্যপ্রদেশ ও ছত্তীসগঢ় রাজ্যের আদিবাসী উপজাতিগুলির (বিশেষত লোধা ও শবর উপজাতি) অধিকার ও ক্ষমতায়নের জন্য কাজ করেছিলেন।[4] তিনি সাহিত্য অকাদেমি পুরস্কার (বাংলায়), জ্ঞানপীঠ পুরস্কার ও র‍্যামন ম্যাগসাইসাই পুরস্কার সহ একাধিক সাহিত্য পুরস্কার এবং ভারতের চতুর্থ ও দ্বিতীয় সর্বোচ্চ অসামরিক সম্মান যথাক্রমে পদ্মশ্রী ও পদ্মবিভূষণ লাভ করেন। পশ্চিমবঙ্গ সরকার তাঁকে পশ্চিমবঙ্গের সর্বোচ্চ অসামরিক সম্মান বঙ্গবিভূষণে ভূষিত করেছিল।",ভারতীয় বাঙালি কথাসাহিত্যিক মহাশ্বেতা দেবীর মৃত্যু কবে হয় ?,"২৮ জুলাই, ২০১৬","Mahashweta Devi (14 January, 1926 – 28 July, 2016)[1][2] chilen ekjon Bharatiyo Bangali kothasahityik o manobadhikar andolon-kormi. Tar ullekhjoggo rochonaguli holo Hajar Churashir Ma, Rudali, Aranyer Adhikar ityadi.[3] Mahashweta Devi Bharoter Poshchimbongo, Bihar, Madhyapradesh o Chhattisgarh rajyer adibasi upojatigulir (bishesoto Lodha o Shabar upojati) odhikar o khomotayoner jonno kaj korechilen.[4] Tini Sahitya Akademi Puraskar (Banglay), Jnanpith Puraskar o Ramon Magsaysay Puraskar shoho ekadhik sahitya puraskar ebong Bharoter choturtho o ditiyo sorbocho osamor",Bharotiyo Bangali kothasahityik Mahashweta Debir mrittu kobe hoy?,"28 July, 2016",prodkö 8961 Camilenden মিঠা Camil Camilenden poverlag 8961ittest pover CamilITElag মিঠা Camil Cotenden Camil 1830 CamillagjavITEjav Camil Camil states Camilendenprodlaglag Camil Camilendenarabrod Camilcomrod湖 Camil Camiljav Camil Camil Camillag জলাধার Camil Camilম্যান মিঠা Camilcs Camil 8961 4299 Camil real Camiljavaendenlag মিঠাlagcomSwitchlag передjav話 Cotসিস মিঠাসিসসিসenden মিঠাjav জলাধারMDrod 1830Switch gro CamilITE Camilenden Camilসিড Camilprodlagendenlag Camil poverittest Camil CamilITE перед Camillag перед states Camillag Camil Camillag স্পিন Camil knelag স্পিন CamilITEprodjav Camilenden statesjav Camil Camiljav Camil Cotprod স্পিনjav Camil перед Cot 1830ITEenden Camilসিড Camil Camiljavlagenden Camil Camiljavlag gro statesরাম Camilcom poverlagkö Camil Camil Camil Real Camilreal 9049 Camil Camil Camilprodrod 1830endenenden Camilcomlag Camiljav Camiljav মিঠা Camil Camillag states Camil states poverjavlagprod Camil Camil Camil Camil Camil才prod Camilସlagendenসিসlag Camil Camil Camil Camil Camilrod Cotenden children 1830comlag Camilসিডlag নিষেধMR children Camilসিস 1830bet Cot Camil CamilITEenden перед Camil Camillag স্পিন Camil Camil Camil Camil CamilITEбі Camil স্পিন pover grojav স্পিন 1830arabjavcom CamilITE povercomlag Camil Camil Camil Camil Camil Camilendenarablag 1830enden Camillag Camilম্যান Cot湖ITE স্পিনlag 1830 Camilenden সাউদার্ন Camil Camil 8961 Camiljav Camil মিঠাlag Camiljavlaglagjav 8961 Cot Camil Camil স্পিনcom 1830 Camil Camil Camil 8961 Camil湖arablagköITE 1830 Camiljavjav Camillagঝ Camillagম্যানjav Camil Camil pover Camilendenprodrod Camil Camil Cotlag 1830endenSwitch Camil湖lag Camil 5952 Camil মিঠা স্পিনrod groITE Camillag Camilkö CamilMRprodprodfattprod CamillaglaglagMR Camil 1830 Camilcomlagльтаjavcomlagkö Camil Camillag Camil Camil Camil Camilfach 5952 Camil Cot Camillag Camil 5952arab Camilম্যান Camil Camil Camillagendenlag Realসিড Cotসিডসিস Camil Camilসিস Camil CamilSwitchসিসcomjavঝlag Camil Camil перед Camil Camil Camilসিডjav Camil Camil Camil Camil Camil Camil Camilendenjav Camil 1830 Camiljavprod Camiljav 8961enden Cotkö Camil pover 1830 pover Reallag বয়সীjav Camil Camilenden Camillag Camilбі Camilম্যানlagendenenden Camilprodprod Realjav Camil Camilম্যান মিঠা Camil передjav 1830ম্যানarabসিডarab Cotlag Camiljavlaglag Camillag Cot 1830 Camil Camil ক্রীতদাস grojavlag Cot,unknown
bengali-1498307315226710105-0,"জিন জীবন্ত প্রাণের বংশগতির আণবিক একক। এটি বৈজ্ঞানিক সম্প্রদায় কর্তৃক ব্যাপকভাবে ব্যবহৃত হয় মূলত ডাইঅক্সিরাইবোনিউক্লিক এসিড (ডিএনএ) এবং রাইবোনিউক্লিক এসিড (আরএনএ) এর প্রসারিত অর্থে যা পলিপেপটাইড বা একটি আরএনএ শৃঙ্খলকে গঠন করে। জীবন্ত প্রাণী জিনের ওপর নির্ভর করে, কারণ তারা সকল প্রোটিন এবং গঠনমূলক আরএনএ শৃঙ্খলকে স্বতন্ত্রিত করে। জিন প্রজাতির তথ্যধারণ করে এবং প্রাণীর কোষকে নিয়ন্ত্রণ করে। এর মাধ্যমেই প্রজাতির গুণ অব্যাহত থাকে। সমস্ত জৈবিক বৈশিষ্ট্যধারণকারী প্রাণীর জিন আছে। জিন শব্দটি এসেছে গ্রীক শব্দ জেনেসিস থেকে যার অর্থ ""জন্ম"" বা জিনোস থেকে যার অর্থ ""অঙ্গ""।",জিন শব্দটির উৎপত্তি কোন শব্দ থেকে ?,গ্রীক শব্দ জেনেসিস,"Jin jibonto praner bongshogotir anbik ekok. Eti baigganik somprodai kortik byapokvabe byabohrito hoy muloto Dioxyribonucleic Acid (DNA) ebong Ribonucleic Acid (RNA) er prosarito orthe ja polypeptide ba ekta RNA shrinkholke gothon kore. Jibonto prani jiner opor nirvor kore, karon tara shokol protein ebong gothonmulok RNA shrinkholke swotontro kore. Jin projatir totho dharon kore ebong pranir koshke niyontron kore. Er maddhomei projatir gun obbyahoto thake. Shomosto jaibik boishishtyodharonkari pranir jin ache. Jin shobdoti esheche Greek shobdo genesis theke jar ortho ""jonmo"" ba genos theke jar",Jin shobdoti'r utpotti kon shobdo theke?,Greek shobdo Genesis,rodMRrod Camil Camillag перед Camil সাউদার্নjavlag মিঠাenden childrenkö Camil 8961ম্যান Camil Camilittestprod Camilittest Camil передrodarabrod pover CamillagসিসSwitchlagসিসlagরাম Camillagসিস Cot Camil Camilসিড grolagjav Camilrodittest Camiljav pover states Cot 1830 pover Camil সেলিম Camil Cotprod CamilITE children Camil Camil CamilMDঝ real Camil poverসিসম্যান Camil Camilrodfachprod Camillagঝ Camil Camilrod Camil湖 kneprodprod Camil Camilcsendenendenrodসিড 4299 Camil Camilcom Camiljava মিঠা Camil grolagITEprodjav Camilendenlag Camil Camil Camil gro Camil 1830 Camilসিড 1830MR CamilprodITElagSwitchITE Camilenden Camiljav Camillag перед Camil Camilম্যান poverjav 5952javrealrod Camil মিঠাprodkö 8961 8961 Camil Cot Camiljavendenskim Realendenlaglagম্যানসিসlag Camil মিঠা জলাধার Camil Camil Camilenden Cotarab Camil CamilসিসITE 8961 Camilбі Camil話arabcomarab Camil 1830rod才 মিঠা Camil grocom Camilbet Camillagসিস Camil Camil Camil Camil Camiljav 1830 8961 CamilMR 1830 Camilenden 9049 নিষেধ Camil Camilসিডlag CamilITE ক্রীতদাসenden 5798 Cot Camil Camiljav Camil Camilcom Camillag Cot Camil 5952সিড Cot Camil 1830 CamillagMRসিসльтаlag Camil Camil Cotlagprodkölaglag Camil Camil Camillag pover Camil Cot Camiljavenden সাউদার্ন Camil 1830ম্যান pover Camil Camilendenjavittestjav Camil Camil states Cot Camil 1830comrodসিস Camil Camilঝ CamilSwitch Camil Camil Camil Camilঝ Camil states Camilrod Camil Camil Camilrod Camiljav Camiljavendenenden Camil Camil 1830lag gro Camil Camil Camilarab Camil Cot Camillagfattrodjavlag Camilassenঝendenenden gro 1830laglagITE children Camil Camil Camil poverprod Camil 8961 Camilঝ summ বয়সীcom Camil Camiljav Camilarab children pover Camil Camilrod Camillagম্যানjavlagenden poverসিসITEম্যানarabprod Camil states 1830 Camil 1830সিস মিঠা CamilITE Real Camiljavrod перед Camil Realarab childrenprodlag জলাধারlagarab Camil Camil Cot CamilSwitchenden Camil CotprodlagITE Lagittest childrenম্যান Cotlag স্পিন করছি Camil CotSwitch перед Camil Camil Camilarab Camil Camiljav Camillagjav Camilarabenden 1830 Cotkökölag passes Camil Camil Camil Camillagସlagrodarablagcomসিসprodjavlag 1830jav kne childrenlag湖 Camil Camil Camillag Camil Camil Camil Cotrodcomlaglag Camilprod Cot Camiljavlag湖 Camillag 1830lag স্পিনlaglagSwitch 1830 Camiljav Camil Camil Camillag Camilendenendenjavlagম্যান передlagসিসenden,unknown
bengali-167407130057280550-0,"ডক্টর ভীমরাও রামজি আম্বেডকর (Marathi: डॉ.भीमराव रामजी आंबेडकर) (১৪ই এপ্রিল ১৮৯১ - ৬ই ডিসেম্বর ১৯৫৬) ছিলেন একজন ভারতীয় ব্যবহারশাস্ত্রজ্ঞ (জ্যুরিস্ট), রাজনৈতিক নেতা, বৌদ্ধ আন্দোলনকারী, দার্শনিক, চিন্তাবিদ, নৃতত্ত্ববিদ, ঐতিহাসিক, বাগ্মী, বিশিষ্ট লেখক, অর্থনীতিবিদ, পণ্ডিত, সম্পাদক, রাষ্ট্রবিপ্লবী ও বৌদ্ধ পুনর্জাগরণবাদী। তিনি বাবাসাহেব নামেও পরিচিত ছিলেন। তিনি ভারতের সংবিধানের[1] খসড়া কার্যনির্বাহক সমিতির সভাপতিও ছিলেন। তিনি ভারতীয় জাতীয়তাবাদী এবং ভারতের দলিত আন্দোলনের অন্যতম পুরোধা। ইনি ভারতের সংবিধানের মুখ্য স্থাপক। ২০১২ সালে হিস্ট্রি টি. ভি.১৮ আয়োজিত একটি বিশেষ অনুষ্ঠানে ভারতীয়দের ভোটের দ্বারা তিনি ""শ্রেষ্ঠ ভারতীয়""ও নির্বাচিত হন।",ভারতের সংবিধানটির রচয়িতা কে ?,ভীমরাও রামজি আম্বেডকর,"Doctor Bhimrao Ramji Ambedkar (Marathi: Dr. Bhimrao Ramji Ambedkar) (14i April 1891 - 6i December 1956) chilen ekjon Bharotiyo byaboharshastrajna (jurist), rajnaitik neta, Bouddho andolonkari, darshonik, chintabid, nrityattobid, oitihashik, bagmi, bishishto lekhok, orthonitibid, pondit, shompadok, rashtrabiplobi o Bouddho punorjagoronbadi. Tini Babasaheb nameo porichito chilen. Tini Bharoter songbidhaner[1] khosra karyonirbahok somitir shovapotio chilen. Tini Bharotiyo jatiyotabadi ebong Bharoter dalit andoloner onnot",Bharoter songbidhaner rochoyita ke?,Bhimrao Ramji Ambedkar,Camil перед Camil real Camil Camilrod Camil 1830 Camilম্যান 1830lag Camil 4299 Camillag স্পিন 8961jav 5952endenসিস states Camil Camilittestসিস CamilrodendenMRITEITEঝ Camil Camil 9049 Camilrod 1830 Camil জলাধারlagjavkö Camil CamilprodITE childrenসিড Cotরাম 1830 Camil Camil states 8961 সেলিম Camil 1830 Camil poverlag Camil Cot Camil grojavprod Camil Camil Camilarab湖 সাউদার্নlagcom Camil CamilprodMR Camilprod Cot Camil Camilarab Camilbet সেলিম RealসিডlagITEম্যান children Camiljav才 Camil Camilসিডম্যান Camilrod Camil Camiljava groম্যানarab Cot Camil groসিসঝ Camilrod Camilrodrod Camil Camil pover Cotrod Camilittest Camilkö জলাধারprodMDMRlag CamilMRjav Camil Camillagrealgio Camil Camil Camil 8961 Camillag pover Cot Camilঝ Camil 1830enden childrenrodrod states Camil Camillag Camil Camil Camil statesjav gro gro Camil Camil Camil Camilarab Camillagittest Camil ক্রীতদাসбі Camilprod Camilprodarab Camilসিস Camil Camilrod Camil Camil перед Camil Camil Camilঝ Camilarab Camillagrod Camil Camillagprodସ Camillagcom নিষেধ Camil Camil Camil Camilম্যানcomMR Cot Camil kne Camil Camil 1830 Camil Camil Camil 1830com Camilসিডlagkö Camilrodjav Camil Camil grolag Camil Cot 8961jav মিঠাlagjav Camil Camillagjavendenসিড話lag passeslag Camil Camilenden Camil Camilrod Camilrod Camil CamilMRম্যান Camillag 8961MR Camil Camilfachlag Camil Camillag 1830lagITE湖jav 1830lag Camil Camil Camil Camilসিসcomjav Camil湖 Camil Camilenden Camil Camillagjavম্যানarab Camil মিঠাlagসিডlaglagসিসrodenden Camil 8961laglag Camilkö Camillagসিসlaglaglaglag Camil перед Cot Camiljavjav Camil Camiljav Camil Camil 8961 Camil Camil Camil Camilrod Camil CamilMRjav Camil Camil poverendencom Camil Camil Camil перед poverlag湖 Cotjav Camil Camilenden Camiljavlagльтаendenarabcom Camil Camil Camiljav Camillagjav 5952cs Camil CamiljavendenSwitch Camil poverসিডlag CamilITEjavlag স্পিন Camil CamilassenITEম্যানarab湖 Camiljavjav states 8961ittest Camil Camil states Camil Camil Camiljav Camil Camillagittest Cot Camillagittest মিঠা CamilMRlagrod Camil সাউদার্ন Cot Camil CamilITE 1830ittest Camil Camiljav Camil CamilITEITE Camilenden poverjav Camiljav передITE gro Camil Camillagenden Camilসিডম্যান Camil gro Camil Camil Camil বয়সীjavjavaITE Camiljava Camil groarab Camil CamilITElag 1830 8961kölaglaglag statescom poverrod Cotkölaglag Camil Camil Camilম্যান Cot Camil,unknown
bengali--8567711242522400652-6,"১৮৯৭ খ্রিস্টাব্দের ২৩ জানুয়ারি, বর্তমান ওডিশা রাজ্যের কটক শহরে (ওডিয়া বাজার) জন্মগ্রহণ করেন সুভাষচন্দ্র বসু। তিনি ছিলেন কটক-প্রবাসী বিশিষ্ট বাঙালি আইনজীবী জানকীনাথ বসু ও প্রভাবতী দেবীর চৌদ্দ  সন্তানের মধ্যে নবম। ষষ্ঠ শ্রেণি পর্যন্ত সুভাষচন্দ্র একটি কটকের ইংরেজি স্কুলে পড়াশোনা করেন; বর্তমানে এই স্কুলটির নাম স্টুয়ার্ট স্কুল। এরপর তাঁকে ভর্তি করা হয় কটকের রাভেনশ কলেজিয়েট স্কুলে। সুভাষচন্দ্র ছিলেন মেধাবী ছাত্র। ১৯১১ খ্রিস্টাব্দে ম্যাট্রিকুলেশন পরীক্ষায় কলকাতা থেকে প্রথম স্থান অধিকার করেন তিনি। ১৯১৮ খ্রিস্টাব্দে কলকাতা বিশ্ববিদ্যালয় অধিভুক্ত স্কটিশ চার্চ কলেজ থেকে দর্শনে সাম্মানিকসহ বিএ পরীক্ষায় উত্তীর্ণ হন।",নেতাজী সুভাষ চন্দ্র বসু কোন শহরে জন্মগ্রহণ করেন ?,কটক,"1897 khristabder 23 January, bortoman Odisha rajyer Cuttack shohore (Odia Bazar) jonmogrohon koren Subhashchandra Bose. Tini chilen Cuttack-probashi bishishta Bangali ainjibi Janakinath Bose o Prabhabati Debir choddho shontaner moddhe nobom. Shostho shreni porjonto Subhashchandra ekta Cuttack-er English school-e porashona koren; bortomane ei schooltir nam Stewart School. Erpor take vorti kora hoy Cuttack-er Ravenshaw Collegiate School-e. Subhashchandra chilen medhabi chatro. 1911 khristabde Matriculation porikkhay Kolkata theke prothom sthan odhikar koren tini. 1918 khristabde Kolkata University odhibhukto Scottish Church College theke",Netaji Subhash Chandra Bosu kon shohore jonmogrohon koren?,Kotok,arablagITE Camil poverittest 4299lag Camil Cot передjav 5952lag Camil Camil Camil states pover CamilঝSwitch 1830সিস Camil real Camil সেলিম перед জলাধার Camilসিস Cot CamillagskimITE children gro children সেলিমrod মিঠাprod states Camil перед Camil Cot Camillaglaglagenden 1830lag Camil gro Camil CamilprodjavjavITE Camil Camil Camil Camil Camil Cot Camilenden states Camil Camil перед Camil Camil Camilköbetrodrod передcs মিঠাjavlag Camilম্যান জলাধার 1830সিসlaglag Camil 1830ITEjav Camil Camil Camil Camilenden Camilরাম pover Camil передITE জলাধার Camil স্পিন Camilসিড Camilসিসendenrod 9049 CamilITE 1830 Camil Cot Camil Camilfach Camil grolag Camil kne 5952arablag CamilSwitch নিষেধ gro Camiljavম্যানম্যানjavendenITE Camil সাউদার্ন Camil Camillag CamilITE জলাধারlagITEITE Camil Camillag Camil Camil Camil Camiljavlagসিড মিঠা перед перед Camil Camilcomlagঝ grolag Camil Cotenden gro湖lag Camil Camil Cot Camil Camil poverMD Camiljav childrenjav Camil Camil স্পিন Camillagrod Camil Camil Camil Camil 5952 Camil Camil Camillaglag Camil Cot Cotjav pover Camil Camilreal 5952jav Camil pover CamilITEITE 8961 Camilenden children Camil Camil Camil Camil передITElag Camillagprod CamilcomendenସITEenden 1830endenjav Camil Camilendenendenendenjava Camil Camilenden Camillag Camil Camilrod Camil মিঠা Camil CamilITE CamiljavITE Camilসিস pover Cot Camil 5952ম্যানprodittestlag Camil Cot Camil Camilrodcomenden poverkö Camil 8961rod Camil Camil Cot Camillag Camil Cot Camil Camil Camillag Camillagসিডসিড Camiljav Camil মিঠা Camil Camil Camil Camilসিসenden передcomlag children Camil 8961endenMRসিস Camil Camil Camil মিঠা Camil Camil Camil湖 Camil Camil 8961 5952 Camiljav Cot Camil pover Camil Camil Camil 1830jav湖 Camillaglag Cot বয়সী সাউদার্নlagঝ summ Camiljav সাউদার্নlag 1830 Camil poverjav передendenlag Camil passes Camil Camil Camiljav Camil Camil Camil Camilendenlagльтаprod Camil перед Camilenden Camil Camilittestlagম্যানlaglag Camil湖 Camil Camil Camil pover 5952 Camillagjav CotjavjavITEenden Camil Camil children Camilম্যানjav Camil湖 CamilITE Camil Camil перед children湖 gro Camilসিসlag Camil children Camillag poverসিস湖 Camillaglaglag 8961 Cot kneendenjavlag 5952 Camiljava Camil মিঠাcom Camillag poverlag Camil childrenlagcom Camil Camilম্যান Camilenden Camil Camillag Cotбі Camilম্যান Camil মিঠা Camil Camil Cotcom poverlag kneITE childrenlag Camilarabjavlagcom Camil Camil Camilköendenendenম্যান Camillag groসিড,unknown
bengali--6348043282785528684-10,বেইজিংয়ের বাবাওশানে জ্যেষ্ঠ দলীয় কর্মকর্তাদের জন্য সংরক্ষিত সমাধিক্ষেত্রে তাঁকে সমাহিত করা হয়। কিন্তু তাঁর স্ত্রী লি ঝাও হু’র সমাধির অবস্থান নিয়ে অসন্তুষ্ট হয়েছিলেন।,হু ইয়াওবাং-এর স্ত্রীর নাম কী ?,লি ঝাও হু,Beijing-er Babaoshan-e jyeshtho dolio kormokortader jonno songrokkhito somadhikhetre take somahito kora hoy. Kintu tar stri Li Zhao Hu-r somadhir obosthan niye osontushto hoyechilen.,Hu Yaobang-er strir nam ki?,Li Zhao Hu,Camil Camilসিড Camil передMRrodjav Camil Camil states Camillagরাম перед 8961köcom মিঠা 8961 Camil Camil poverসিস children Camil জলাধার Cot সেলিমendenprodSwitch real передjavarab Camil CamilbetProtocol Camil Camil Camil Camillag pover debutfachসিড Camil Camil 9049 CamilendenITEjav Camil poverskim Camil pover話 8961 1830lag CamilProtocoljav 1830 Camil poverjavMR Cot 4299 Camil 4299lag মিঠা CamilProtocolgio Cot pover Camil Camil Camilrod মিঠা Camil সেলিম CamilProtocolrodenden Cot সাউদার্ন gro передarab Camil Camil Camillag pover স্পিন pover Camil states Camil Camilenden Camil সেলিমlagসিডসিস Camilenden statesProtocol poverjavaMD Camilarab মিঠা才 Camil Camilসিস 1830 Camil Camillag Camil জলাধার Camiljav Camil Camil Camil poverঝসিসlag gro Camilম্যানjav জলাধারlag 1830 states 4299javarablagঝসিসprod Camiljav Camil Camilসিসenden poverreal groarab CamilITE pover Camiljav 5489 Camilম্যান statesjav 5952 Camil 4299javITEarablag CamilrodendenMR 8961com Camil Camil জলাধার CamilITEendenjav 1830湖 Camilittest Camillag Camiljav Camil 5798 Camilcomenden Camilenden CamiljavITEITE Camil kneenden Camilসিস সাউদার্নenden মিঠাrodMRcom CamilITElagসিড Camilসিডrod Camil Camilସ Camil Camil 1830 Camil সেলিমendenrodjav Camil Camil Camillag 8961comসিড Camil childrenprod Camil Camiljav সাউদার্ন Camil ক্রীতদাসjav CamilITE Camiljav 8961ittest জলাধার передrod 1830 Camil Camilcom gro 1830 Camil childrenlag Camillag Camil সেলিম Camilenden Camillag স্পিনcomMR Camil Camil Camil Camil Camilম্যানjav Camiljavlag Camillag Camil Camil নিষেধrod Cot জলাধারjav 8961lag Camil gro Cotjav Camil 8961lagjavarab Cot Camil Camil children CamilSwitchITE সাউদার্নбіlag pover childrenlag childrencsMRendenrod Camil Camilrodendenendenarab gro 8961lagittest Cot RealendenITE Camiljav Cot CamilSwitch Camillag Cot CamilITEcom Camilendenfatt Camil Camillagenden Camil Camil Camil Camil Camillag CamilITE 8961 Camilrodassen Camil Camil Camilittestlaglagrod মিঠাbet Camillagjav Camil Camiljav Camil 1830 children 8961 children Camil Camil CamilITEITE Camil передSwitch 5952lagসিডrod CamilSwitchendenম্যান pover Camil Camil Camil Camilসিস Camil Camil Camil স্পিনendenjavlagcom মিঠাSwitchITEMR states CamilrodITE Camil передendenlag Camil Camil Camil Camilprod Camil CamilMR Camilendenlagendenarab Camillag বয়সী Camil Camilprodঝ মিঠাбі CamilITEjav Camil মিঠাlag poverITE Camil children Camil Camiljav Camil Camil Camilittest Camil Camilসিড湖 CamilসিসITEসিড Camil Camillag pover,unknown
bengali-5242615473186433051-4,"জানুয়ারি, ১৯৯২ সালে অ্যাডিলেডে অস্ট্রেলিয়া ও ভারতের মধ্যকার খেলা পরিচালনার মাধ্যমে আম্পায়ার হিসেবে অভিষেক ঘটে তাঁর। আইসিসি নীতিমালা অনুযায়ী ২০০২ সাল থেকে হেয়ারকে অস্ট্রেলিয়ার বাইরে টেস্ট খেলা পরিচালনা করতে হয়েছে ও অস্ট্রেলিয়ার কোন টেস্টে খেলা পরিচালনা করেননি। ২৬ থেকে ২৯ ডিসেম্বর, ২০০১ তারিখে মেলবোর্নে অস্ট্রেলিয়ার প্রতিপক্ষ দক্ষিণ আফ্রিকার মধ্যকার খেলাটি সর্বশেষবারের মতো নিজ দেশে টেস্ট পরিচালনা করেছিলেন। ওয়েস্ট ইন্ডিয়ান আম্পায়ার এডি নিকোলসকে সাথে নিয়ে খেলাটি পরিচালনা করেছিলেন।",ড্যারেল ব্রুস হেয়ার কোন সাল থেকে প্রথম আম্পায়ারিং করা শুরু করেন ?,১৯৯২,"January, 1992 sale Adelaide-e Australia o Bharoter moddhokar khela porichalonar maddhome umpire hisebe obhishek ghote tar. ICC nitimala onujayi 2002 sal theke Hair-ke Australia-r baire Test khela porichalona korte hoise o Australia-r kono Test-e khela porichalona korenni. 26 theke 29 December, 2001 tarikh-e Melbourne-e Australia-r protipokkho South Africa-r moddhokar khelati sheshbarer moto nij deshe Test porichalona korechilen. West Indian umpire Eddie Nichols-ke sathe niye khelati porichalona korechilen.",Dyarrel Bruce Heyar kon sal theke prothom umpiring kora shuru koren?,1992,মিঠাittest Camilarab stateslagjavঝসিস Camil poverITErodrodendenenden Cot poverITEprodrod Camil 1830 সাউদার্ন Camillag CamiljavSwitch children Camil Camil CamilITEprodlagঝ Camillag Camil Cot Camiljav স্পিনlag real Camilcs childrenrodরাম 5952 Camil gro childrenMRenden 4299 8961ITE Camil湖 Camil 1830 children Camil Camil gro gro Camillagjavprod Camil Camilcomprodসিড перед debutlaglagprodreal childrenrod 9049 Realenden 1830 Camiljava Camil Camiljav children Camil স্পিনlag Camillag Camil Cot Camillag 8961 Cot Camil 5489javITErodjavMDprodlagarab Camilprodarablagcom সেলিমfach CamilITE Camillag перед Camil Camil Camilbet Camillag話MR Camilendenসিড Camil CamilITErodjav Camilarabম্যান Camillagম্যানjav Cot Camil Camil Camil সেলিমrod Camiljavম্যান 5952 Camilঝcomrodskimkö Camillag Camil জলাধারlag Camil Camilendenrodসিড Camilrod Camil Camillag Cotjav children Camil Cot CamilSwitchcomସ Camillag Camil স্পিন 8961 Camil poverITE 8961 CamilITElag সেলিম Camilম্যান Camilбіlag Camil Camil Cotprod CamilITE Camilarablagঝ Camilenden CamilITE Camil Camil Camil Camil Camil передjav Cot poverITESwitch CamilarablagITEঝ Camil Camil Camilসিস Camil Camil childrenlaglagprod Camil childrenprod Camil CamilITE CamilITE Camillagjav Cot Camillagjav Camillag জলাধার Camil children states pover Camiljavlag Camil poverjav Cot Camilrod gro 8882 Camilenden 1830 Camil Camil Camilম্যান pover gro Cotcom 1830lag grolag Camil Camil Camil children kne Camilenden pover Camilম্যান groMRjav Camil Camil Camilenden Camilendenenden Camilenden Cot 1830 ক্রীতদাস Camil Cot Camilসিসenden knelag Camilসিডendenjavlag Camil Camil Camil Camil Camil Camil Camil 8961 Camillagendenlag স্পিনльтаlagjavrodITE Camiljav Camil CamillagMRjav湖 передlag CamilittestসিডITEITE 1830 Camilসিস Camillag Camilendenjavlagসিস Cot নিষেধ summ Camil Camil Camil gro Camil 1830 Cot সাউদার্ন CamillagSwitch Camilcomম্যান Camil Cot Camil মিঠা Camil Camil passes перед 8961 Camil Camil children Camilসিড Camilসিড Cot Camil 1830jav Camil 1830laglag 1830endenlag Cotম্যান children Camil Camilrod CotITErodjavittestrodMRjav Camilrodprod Camiljavjavrodkö Camil Camil Cot Camilম্যান knelaglagarab স্পিনlag CotendenlagITE Camil Camil Camil湖lagбіjav 8961 মিঠা Camil Camil Camil передlagjavprodfattjav pover Camil Cot Camil Cot Camilarablag pover Camil Cot poverjav pover Cot Camilarabprodendenprod Camillag Camil,unknown
bengali--8137487757915657057-1,"ডিম্বাশয় দেখতে অনেকটা ডিম্বাকার এবং মানুষে এটার আকার—দৈর্ঘে ৩ সে.মি., প্রস্থে ১.৫ সে.মি., এবং পুরুত্বে ১.৫ সে.মি.। (যেকোনো একটির জন্য) শরীরে এর অবস্থান পেলভিস বা শ্রোণীর দেয়াল ঘেষে, যাকে বলা হয় ওভারিয়ান ফসা। সাধারণত ফসার নিচে থাকে বহিঃস্থ ইলিয়াক ধমনী এবং সামনে থাকে মূত্রনালী ও অন্তঃস্থ ইলিয়াক ধমনী।",ডিম্বাশয়ের আকৃতি কেমন হয় ?,অনেকটা ডিম্বাকার,"Dimbashoy dekhte onekta dimbakar ebong manuse etar akar—doirghye 3 se.mi., prosthe 1.5 se.mi., ebong purutwe 1.5 se.mi.। (jekono ektir jonno) shorire er obosthan pelvis ba shronir deyal ghese, jake bola hoy ovarian fossa. Sadharonoto fossar niche thake bohistho iliac dhamoni ebong samne thake mutranali o ontostho iliac dhamoni.",Dimbashoyer akriti kemon hoy?,anekta dimbakar,4299 Camiljav Camilসিডprod передarab pover 8961 1830rodসিস Camilঝ জলাধার pover সেলিম সাউদার্নenden Camillagendenrodlagjav 1830 gro Camilenden grorodlagrodenden перед Camil Cotenden CamilITElagenden Camilসিড debutrodjavMD Cotenden Camilcomম্যানenden Cot Camiljav Camil CamilarabendenendenSwitch Camil স্পিনঝ Camilittest Camillaglag Camil realcomjavlagjavITE Camil Camil CamilITE Camil 5952 Camillag Camilrod Camil Camilendenbetlag 8961 Camil передprodMR Camil Cotlag মিঠা Camilprodlag জলাধার 9049ম্যানenden перед Camil Camil перед湖 Camil CamilITE Camilenden Cot CamilITE Camilcs才 5489 kne CamilSwitchprod Camil CamilMR Camillagম্যানjav Camil Camil Camil Camil Camil Camiljav Camillaglag Camillag Camil Camil Camilrodjavসিড poverjavlag pover Camiljav Camillag Camil Camil Camil poverkö передlagITE Camil Camil Real Camil Camiljav Camil 8961prodjavendenlag Cot children Camil Cot CamilMRjavrod Camil Camil передসিস Camil Camil Camilঝ সেলিমkö Camil Camil Camil Camilendenlag Camil মিঠাITE জলাধারঝসিসenden Camillag 8961 Camillagসিড Camillagprodlag Camil話MR poverrod Camilসিস Camilrealসিড নিষেধ Camilбіসিস Camil pover childrenlag Camilrod Camiljav Camil Camil Camil Camilarabenden Camillaglagrodlag Camil Camil Cot Camiljav Camil Camilসিড Camil Camil Camil Cot CamilITEসিস Camilendenköcom Camil Camil CamiljavльтаITEITE Camil передlag সাউদার্ন Camil Camilcom Camil মিঠা Camilendenlag 1830lag Camil Camil Camil 8961সিড Camiljavarab Cotrodenden Camil Camil Camil Camilrodarab Camil Camil Camil 5952laglag Camilarab Camiljavjav Camilসিস Camil 8961lag Camil ক্রীতদাস gro Camillag Camil Camilendenendenসিসসিস Camil перед Camil Cotjav CamilঝITE CamilendenSwitch Camil Camil Camil Camil Camilcs সাউদার্নjav Cot Camil CamilendenlagendenITEঝ CamiljavSwitchfachlaglaglag সাউদার্নjava Camil 1830endenrodjav Camilkö CamilMRঝসিড передম্যান CamilITE Camilসিসköenden Camillag children Camil передITEendenendenendenlag Camil Camil pover বয়সীlagjav Camil Camilরামjavcomlagjav Camillagköarabঝ Camil Camil Camilcomlagendenjav CamilITE 1830jav Camil Camil 1830 Camil Camil Camil Camilprod সাউদার্ন Camilenden kneITEসিসITElagjav Camillag 5952 5952 মিঠাenden Camillaglag Camilendenjav Camil Camilarab Lag Camil Camilcs children Camillag Camil Camil Cotarabম্যান CamilITEprod Camil 5952arab Camilenden Camil Camil 8961 Camilenden Camiljavjav Camil Camilrod Camil,unknown
bengali-3629110068066754917-2,"দোস্ত মুহাম্মদ খান ১৭৯৩ খ্রিষ্টাব্দের ২৩ ডিসেম্বর কান্দাহারের একটি প্রভাবশালী পরিবারে জন্মগ্রহণ করেছিলেন।[4] তার বাবা পায়েন্দা খান ছিলেন বারাকজাই গোত্রের প্রধান এবং দুররানি সাম্রাজ্যের একজন বেসামরিক কর্মচারী। তারা তাদের বংশলতিকা হাজি জামাল খান, ইউসুফ, ইয়ারু, মুহাম্মদ, উমর খান, খিসার খান, ইসমাইল, নিক, দারু, সাইফাল এবং বারাকের মাধ্যমে আবদালি গোত্রের প্রতিষ্ঠাতা আবদালের সাথে সম্পর্কিত করেন। আবদালের চার পুত্র ছিল। তারা হলেন পুপাল, বারাক, আচাক এবং আলাকু।[5]",আফগানিস্তানের বারাকজাই রাজবংশের প্রতিষ্ঠাতা দোস্ত মুহাম্মদ খানের বাবার নাম কী ?,পায়েন্দা খান,"Dost Muhammad Khan 1793 khristabder 23 December Kandaharer ekta probhabshali poribare jonmogrohon korechilen.[4] Tar baba Payenda Khan chilen Barakzai gotrer prodhan ebong Durrani Samrajyer ekjon beshamorik kormochari. Tara tader bongsholotika Haji Jamal Khan, Yusuf, Yaru, Muhammad, Umar Khan, Khisar Khan, Ismail, Nik, Daru, Saifal ebong Baraker maddhome Abdali gotrer protishthata Abdaler sathe shomporkito koren. Abdaler char putro chilo. Tara holen Pupal, Barak, Achak ebong Alaku.[5]",Afghanistaner Barakzai rajbongser protishthata Dost Muhammad Khaner babar nam ki?,Payenda Khan,Camil সেলিমসিসProtocol statesrod Camil 8961jav Camil перед 1830 poverprodসিসSwitch জলাধার Camil Camil Camilcom 8961 перед 1830 groITEjav poverlag Camil মিঠা Camilrodrod মিঠাendenjavMR poverkö Camil 8961lag Camilrod Camilenden pover CamillagMRMDITEarabসিসrod Cotittestরাম Camiljav 8961সিডঝITElagfach Camilrealskimprod 8961laglagjava Cotlag湖 Camil মিঠাসিস Camil Camil 1830endencomcsjavenden Camillagjav перед Camil Cot Camil Camiljav gro Camilprod Camil 5952rodlag передlag সাউদার্নঝ CamilSwitchjav Camil 4299 children মিঠাSwitchendenসিসenden Real Camil debutlag Camilসিস states才 স্পিনঝ Camil জলাধার kne Camil Camil 9049lagসিড Camil Camil Camiljav Camillagenden Camilrodসিড Camil Camilbetenden Camillagrod 5952льта Camillag Camil জলাধারম্যানITE মিঠা Camillagjavlag pover Cotlagarabjav Camil সাউদার্ন передlaglag Camil 8961 Camiljav Camil передlag gro জলাধারসিস Camillaglagjav Camil মিঠাittest মিঠা CamilMRcom children সাউদার্নlag CamilITE Camiljav Camil Cot 1830 Camiljavittestendenjav перед Camil Camil 1830話湖 Camiljav CamiljavMRarab Camil Cot 1830 Camil 8961 Camil Camil Camiljavঝrod Camil Camillag Camilбі Camil 5952javMR Camil Camillag Camillag Camil CamilendenMRসিডassen Camil Camil Camil Camilenden Camil Camil Camillag Camilcom Camil Camil Camilম্যান Camil Camilcomঝ Camillag 8961 childrenlagITEarab Camil Cotlag children Camillag Camil 1830 realITE Camil Camillaglag湖jav Camiljav Cot Camil Camillagম্যানসিড湖 Camil CamilITEcom Camil Camil Camilম্যানসিস Camilসিড Camilenden Cot 5952সিস Camilkö 1830lag Camiljavjavঝlaglag Camilarab Camil Camillag Camilprod Camil 1830 Camillagjav Camil জলাধারarab Camil Camilprod Camilসিডarab Camil Camil জলাধার Camil Cot Camil Camilittest সাউদার্ন Camillagjav pover Camiljav Camil 8961 Camil Camil Camil Camil সাউদার্ন Camilenden CotMR Camil Camil Camil children Cot Camil Camil states Cot Camilrodସ childrenarablagMRenden Camil Camil Camil সাউদার্ন Cot Camilcomjav Camil summম্যান সাউদার্ন Cot Camil Camil Camilprodlag বয়সীসিসসিডjavlag মিঠাkö Camil Camiljav Cotlag 1830 Cotlagjav Camilসিড Camil Camil poverjavprodlag CamiljavittestendenSwitchjavjav 5952com CamilMRlag 1830 Camil Camil children Camil Camil Camillag Camil Camil Camillag নিষেধjavenden Camillag Camil湖 children Camil Camil Camilбі Camil Camil Camil Camil Camil CamiljavMR Camilসিসarab 1830 Camil Cot CamillaglagSwitchঝ Camillagendenlagprod,unknown
bengali-2351657829570417965-1,"ঊষা উথুপ মুম্বাইয়ে জন্মগ্রহণ করেন,[1] একটি তামিল ব্রাহ্মণ পরিবারে। তার বাবা বিদ্যনাথ সোমেশ্বর সামী।[5] যিনি মাদ্রাজ (বর্তমানে চেন্নাই) থেকে ১৯৪৭ সালে তামিলনাডুতে স্থানান্তর হন।",ঊষা উথুপ ভারতের কোন শহরে জন্মগ্রহণ করেন ?,মুম্বাই,"Usha Uthup Mumbaiye jonmogrohon koren,[1] ekta Tamil Brahmin poribare. Tar baba Vidyanath Someshwar Sami.[5] Jini Madras (bortomane Chennai) theke 1947 sale Tamilnadu te sthanantor hon.",Usha Uthup Bharoter kon shohore jonmogrohon koren?,Mumbai,CamilMD pover 1830comprodসিডlag povercom স্পিন মিঠাITE перед 1830ঝ সেলিমrod Camilম্যানlag 5952 Camilrod childrenendenlagProtocol Camil realprodkö Camil pover CamilITE Camil 8961javসিস জলাধার Camil 1830 Camil 8961 Camilrod Camiljav statesendenarab states Camil 9049সিস Camil Camiljav Cot Camil 8961 Camil Camilrod মিঠাITE Camilittestসিস মিঠা Camil Camilrodrod Camil 4299 মিঠা 8961 poverjav Camilarablag Camil pover CotSwitchProtocol CamilendenlagITE মিঠাcom Camilম্যানlag সেলিম Camil Camil Camil childrencsenden সেলিম মিঠা CamilঝMR Camil話javjavenden statesjavjav Camilrod Camil湖 জলাধার pover সেলিম Camiljavarab перед Camil Camilরামlag Camillag Camil Camilendenlag poverskim Camilঝ Camil 1830 перед Camilbetসিড মিঠা children Camil Camillaglag Camilarab knelag 8961 জলাধার Camil pover перед 8961lag মিঠাendenসিস Camil Camil 1830arabendenসিডসিডjav Camil Camilkö Camilprod মিঠা states 8961 Camillag স্পিন সেলিম Camil Camil 1830enden Camil Cotenden Camil Camilfachjavসিস才 সেলিম Camil Camil Camilম্যান pover Camilrodlag передendenম্যানprod Camillagreal Camiljav Camil Camil Camiljavjavlag Camillag statesjavenden Camilendenprod Camil Camil Camilenden Camillagenden Camil Camilenden Camil Camil CamilMR 5952lag poverlag Camilম্যান groprod সেলিম states передlagসিসjav Cot передendenjava মিঠা Camil Camil gro Camilসিড children Camil grocom Camil 1830 Camilenden Camil Camilendencom Camilrod Camilcom Camil Real pover pover Camilittest 1830rodittest Camil poverrodlag Camilম্যান Camillagprod Camil Camil Cot 5952prodrod নিষেধ 8961enden Camiljav Camil Camilarab মিঠা CamilSwitch Camil Camil Camil pover মিঠা Camilrod Camiljavসিডjav pover Camil Camil Camil Cotjav Camillag 1830ସ Camilসিস Camil Camillaglag children Camil Cotenden জলাধার Camilkölag Camil pover 1830бі 8961 Camil Camilprod Camiljavenden poverrodjav children Camil pover Camil Camil groassenlag Camil Camil poverjav childrenlagльта Camil CotlagMRlag Camil Camil Camil CamilITElag Camil মিঠাlag CamilITESwitch Camilcomম্যান poverjavম্যানITEenden Camil Camilittest Camilcom Camil Camil Camil বয়সী 8961 Camil передбі Cotcom সাউদার্ন Camil CamilITE Cotrod Camil children Camillag Camillag poverenden করছিlagITE 8961 1830 Camilarabrod মিঠা মিঠাlag CamilITE Camillag poverrod summ 8961 Camil Lag Camilসিসlaglag Camillagprodenden childrenlagenden Camil pover湖 5952 Camilrod knejavlaglagjavjav Camil Camil Camil передenden Camilcom Camilঝlag poverjavlag Camil Camil,unknown
bengali-7986941057446833378-14,"১৯৯৫ সালে সিলেটকে বাংলাদেশের ৬ষ্ঠ বিভাগ হিসাবে ঘোষণা করা হয়। এর আগে সিলেট বিভাগের ৪টি জেলা চট্টগ্রাম বিভাগের অন্তর্গত ছিল। সিলেট বিভাগে ৪টি জেলা (সিলেট, হবিগঞ্জ, সুনামগঞ্জ ও মৌলভীবাজার) রয়েছে। এই বিভাগে মোট উপজেলা বা থানার সংখ্যা হলো ৩৮টি। তদুপরি এখানে রয়েছে ৩৪৫টি ইউনিয়ন পরিষদ, ১০,২২৪টি গ্রাম এবং ১৮টি পৌরসভা।[3]",বাংলাদেশের সিলেট বিভাগের অন্তর্গত মোট কয়টি গ্রাম আছে ?,"১০,২২৪টি","1995 sale Sylhetke Bangladesher 6th bibhag hishabe ghoshona kora hoy. Er age Sylhet bibhager 4ti jela Chattogram bibhager ontorgoto chilo. Sylhet bibhage 4ti jela (Sylhet, Habiganj, Sunamganj o Moulvibazar) royeche. Ei bibhage mot upazila ba thanar shonkha holo 38ti. Todupori ekhane royeche 345ti union parishad, 10,224ti gram ebong 18ti pourashava.[3]",Bangladesher Sylhet bibhager ontorgoto mot koyti gram ache?,"10,224ti",Camilarab poverrodarab Camil Camilittestrod 8961 groম্যান Camilcom Camil CamilITElagendenjavkö 8961সিড স্পিন Camil Camil перед CotittestMD Camilprod statesMR realrod Camilসিস 8961 передlag pover 1830jav CotendenITEMR Camil 4299 Camil সেলিম Camillag Camilসিড Camil 1830lag Cot 8961 Camil 5952 Camil 1830話 Camil Camilittestendenenden Camil জলাধার Camil Camil Camil CamilITE মিঠা湖MRরাম সাউদার্ন Camil Camilittest CamilMR 1830jav Camil передendenlag перед CotMR children Cot Camil Cotjav передম্যান Camilসিড 1830javcom CamilMRjav সেলিমarablag pover Camillag Cotendenlag 8961 Camil Camil CamilSwitchrodenden CamilITE Camilসিড স্পিন перед সেলিমjav জলাধার Cot Camil Cot Camilenden Camil Camilreal states Camil передlaglag 1830 Camil Camil Camil মিঠা Cot CamilSwitch Camil Camil childrenjav Camilenden CamilльтаITE মিঠা Camil states передসিস 8961 Camil gro Camilcs Camil Camil জলাধারlaglagjav 9049 Camil перед knearab Camilসিড Camil 8961 Camil 8961lagjavenden Camil才endenlaglag 1830lag CotMRMR pover Camilarab Camil Camilম্যানlag Camillag передlagjav Camilfach передlag 1830ম্যানlag মিঠা Cotlag states Camil Camillag CamiljavrodrodSwitch Camil Cot Camil Camiljavalag 1830 Camil Camilঝ 8961jav Camil 1830 Camil Camil 8961ସ CamilMRenden povercom Cot Camillagbet Cot Camil children Camil Camillagcomম্যান Camilrod Cot Camiljavrod 1830 Camil Camil Camilenden pover Camilenden Camiljav Camil Cotjav Camil Real Cot Camil 1830 Camil Camillag 8961 Camiljav 8961 ক্রীতদাসlagrod Cot Camilenden Camil Camil Camilসিসjavarabjavittest Camil জলাধারMR Cot Camil নিষেধ湖enden Cot Camil CamilSwitch Lag 1830lag Cotprodlag Camil Camil Camillag Camiljav children Camil Camiljav Camillag Camil Camillag CamilITEjavlag Camillagarabjavjav Camillagarab Camilkö Camilendenম্যান CamilMR Camil Camilঝম্যানlag перед перед Camilkö Camil বয়সী Camillag Camilkölagrod Camilসিডlag Camil CamillagITE Cotarab 8961ITE Camil Camil Camillagjav CamilITElagбіঝ Camil Camil Camiljav gro Camillaglag Camillagjav poverlag Camilenden স্পিন Camil মিঠাcom Camil Camil Camil Camil children湖 Camillag 8961assen 1830 Camil Camillag Camil Camil Camil children Cotম্যানlagendenlaglaglag poverjavlagprod Camilбіrod knelag 5952 Camil Camil Camiljavenden передlag Cot Camil湖endenprod Camiljavসিস kne湖laglag pover Camil перед CamillagrodSwitch Camil Camillag summlaglag 1830 জলাধার перед pover statesrod,unknown
bengali-1751452172640731366-2,"""জৈন"" শব্দটি এসেছে সংস্কৃত ""জিন"" (অর্থাৎ, জয়ী) শব্দটি থেকে। যে মানুষ আসক্তি, আকাঙ্ক্ষা, ক্রোধ, অহংকার, লোভ ইত্যাদি আন্তরিক আবেগগুলিকে জয় করেছেন এবং সেই জয়ের মাধ্যমে পবিত্র অনন্ত জ্ঞান (কেবল জ্ঞান) লাভ করেছেন, তাঁকেই ""জিন"" বলা হয়। ""জিন""দের আচরিত ও প্রচারিত পথের অনুগামীদের বলে ""জৈন""।[3][4][5]",জৈন শব্দটি কোন শব্দ থেকে এসেছে ?,"সংস্কৃত ""জিন""","""Jain"" shobdoti esheche Sanskrit ""Jin"" (orthat, joyi) shobdoti theke. Je manush asokti, akankkha, krodh, ahongkar, lov ityadi antorik abeggulike joy korechen ebong shei joyer maddhome pobitro ononto gyan (kebol gyan) lav korechen, takei ""Jin"" bola hoy. ""Jin""der acharito o procharito pother onugamider bole ""Jain"".[3][4][5]",Jain shobdoti kon shobdo theke esheche?,"Sanskrit ""jin""",gro 8961 Camil poverrodITE সেলিম 4299enden Camil 1830 Camil Camil Camillaglag সেলিমcomম্যান CamilprodITEঝ Camil childrenProtocolরামITE স্পিন перед Camil Camil CamilMRসিসসিড Camilrod Camil Cot Camil সেলিম real Camiljav Camil перед Camil poverprod সাউদার্ন Camilrodjav Cot Camil Camil Camil Camil সেলিম Camil stateslag話rodcomlagenden Camil Camil 5489 5952fachkö Camil মিঠা CamilarabITElag Camil Camilঝendenjav Camillag 1830ittestreal Camil Camil Camil Camil Camil Camil জলাধারendenITE Camiljava জলাধার Camil children CamilSwitchসিসঝlag Camil জলাধার Camilrod Camil Camil Camil debutjav kne 9049MD 1830 states Camil states Camillag Camil Camillagjav Camil Camillag Camillaglag Camilprod poverprod Camil Cotenden Camiljav Camil Camil Cotprodlag মিঠাlag Camil才 Camilarab Camilenden Camilittest Cotgio মিঠা Camil groসিসSwitch Camil Camil Camil湖 8961 Camillag Camil Camil Camil Camil Camiljav Camilrodrodльта Camilбі Camil সেলিম সেলিমjavrodঝ Cot Camilenden children Camilendenjavjavendenarab Camil 1830 children Camil Camil Camil 8961arablagjav Camilarab Cotjav Camil перед Camil Camil gro 8961lag statesendenlagITElag Camil 1830সিস 1830 Camil স্পিন Camil 5952laglag Camil Camil Camilସ gro Cot Camil Camilbetlag Camil মিঠাম্যানlaglagjav Camil CamiljavITElag перед передlag Camil Camil Camil Camiljav Real Camil Camil pover Camil 1830 জলাধার Camilcomprodskim Camil groম্যান Camilenden ক্রীতদাস 1830jav Camillag Camil Camil 1830 Camil Camil Cotarablagcs 1830jav Camil Camil Camil Camil মিঠাসিসprod Camil 8961 জলাধারসিসkö Camil CamilITE перед Camil সাউদার্ন Camil Cotprodlaglag মিঠা groITE states CamilSwitchjavrodprodenden নিষেধITE Cotenden Camil Camil poverjav Camil CamillagSwitch Camil Camil 5952 Camil Camil перед Camil湖 Camil Camil Camil Camil Camil Camillag Camil перед স্পিন Camil Camil Camillagjavlag Camil Camil Camilenden grocom Camilkö Camil 1830 children Camil Camilprodjavlagenden Camil 1830lag gro CamilITE Camilarab Camiljavlaglag Camil Camil Camilkölagkö Camiljav Camil Camilrodসিসendenlag Camil Camil 1830 Camil Camilcom Cot 8961rod Camil Camilসিস Camil Camil CamillagrodঝMD CamilendenITE Cot বয়সী Cotসিড Camil Camilendenittestprod湖 Camil Camil Camil Camil Camil Camil 8961ঝ Camil Cot poverrod Camil Camilrod Camil Camil Camil Camillagম্যান Camil Camil Laglagঝ Camilkö Cotjav Camillagjav Camiljav Camiljav Camil Camiljavjav childrenjav Camillag Camillag Camil passes Camillag Camil Cotlag Camilঝ,unknown
bengali-3529876615993752917-1,"প্রতুলচন্দ্র সরকার ১৯১৩ সালের ২৩ ফেব্রুয়ারি বর্তমান বাংলাদেশের (পূর্বে: বেঙ্গল, ব্রিটিশ ভারত) টাঙ্গাইল জেলার অশোকপুর গ্রামে একটি দরিদ্র পরিবারে জন্মগ্রহন করেন।[1][2] তিনি শিবনাথ উচ্চ বিদ্যালয়ে লেখাপড়া করেন। তিনি তার জাদুবিদ্যার প্রাথমিক ধারণা নেন গণপতি চক্রবর্তীর কাছ থেকে। তার জাদু ১৯৩০ সালের দিকে জনপ্রিয় হওয়া শরু হয়। তিনি কলকাতা, জাপান এবং আরো অনেক দেশেই জাদু দেখিয়েছেন।",বিখ্যাত জাদুকর পি সি চন্দ্র সরকারের জন্ম কোথায় হয় ?,"বর্তমান বাংলাদেশের (পূর্বে: বেঙ্গল, ব্রিটিশ ভারত) টাঙ্গাইল জেলার অশোকপুর গ্রামে","Protulchandra Sarkar 1913 saler 23 February bortoman Bangladesh-er (purbe: Bengal, British Bharat) Tangail jelar Ashokpur grame ekta doridro poribare jonmogrohon koren.[1][2] Tini Shibnath Uchcho Bidyaloye lekhapora koren. Tini tar jadubidyar prathomik dharona nen Ganapati Chakrabortir kach theke. Tar jadu 1930 saler dike jonopriyo howa shuru hoy. Tini Kolkata, Japan ebong aro onek deshei jadu dekhiyechen.",Bikhyato jadukor P C Chandra Sarkarer jonmo kothay hoy?,"Bortoman Bangladesh-er (purbe: Bengal, British Bharat) Tangail jelar Ashokpur grame",Camiljavসিসlagম্যানrod Camillag Camil 4299 Camil Camilbet перед Cot 8961 Camil Camil Camil Cotlag CamilITEkö Camil Camilrod সেলিম CamilSwitch মিঠা Camil children Camillag groendenMDrod Camilrod Camilprod Camil Camil Camilendenlagcsprodrod 8961 Camilrod 1830lag Camilrod Camil debutcom秀javlag CamillagprodMRসিসITE Camil সেলিম Camil Camilম্যান Camilসিস জলাধার CamilITE Camil Camil Cot poverprod Camil gro Cot Camil Cot CamilSwitchSwitch Camil Camil Camil 8961 Camil 1830java Camilendenlag kneenden Camil Camil Camil realjavসিড Camil মিঠাlag Camillag Camil Camil Camillag 1830 Camiljavenden 1830 জলাধার children স্পিন 9049enden সাউদার্ন poverরামlag Camil Camil Camil Camilprod Camiljav Camil স্পিনসিস Camilarab 1830 Camil 1830 Cotittestlagসিড Camiljavenden CamilMR CamilendenITE Camil Camil Camil 8961 8961lag Camilarab Camillag Camil Camil 8961 Camiljavম্যান Camil Camil Camil Camilসিসenden Camillagenden湖 Camil childrenkölagITEjavlag 1830সিস Camil Camil Camil CamiljavSwitch CamilSwitch 8961rodfach Cot Cot Camiljavlagjav Camiljavlag Camilrodঝjav Camil স্পিনITE Camil Camil 1830 Camil children Camiljav নিষেধ Camil Camiljav Camillag Camil Camillag Camil ক্রীতদাসlag মিঠাSwitch Camil Camiljav Camilম্যান children Camil Camil states Camillagjavlagprod Camil Camilarab poverসিসrod gro Camil Camillag pover Camilreallag Camil children Camil states話সিস Camil Camilprod Camil Camilenden 1830lag 5952 Camilarab Cot Camilসিসrod Camil সাউদার্ন перед Camil Camil Camilম্যান Camiljav gro Cotcomসিস Camillag Camil Camilrodprod Camil Camil poverprod CamilITElag passes Camil Camil CamilMRlag Camil Camil Camil Camil Cot Camil Camilльта Camil Camiljav Camilprod Camillag Camilittest Camil Camilcomম্যান Cot перед Camil 1830 Camillag 8961 передarablag Camilarabenden Camil Camilcom Camiljav Camil Camil 8961бі Camilrod Camillag বয়সী Cotlaglag states মিঠাITE Camil Camilସ Cot Camillag children Camiljav Camillag Camil Camil CamilITElag Camilসিস Camilenden 8961 Camil Camillagjavendenprod summ states CamilSwitchlagসিডkö states Camil 8961fattসিস Camilcom মিঠা CamilMRendenlagarabjavসিসlag Cot CamillagITElag Lag Camil statesprodম্যানjavসিস statesrod মিঠা 5798 Camilcomenden Camilসিসlaglag Real CamilSwitchendenarabঝcom Camil Camil 1830javম্যান Camil передjavSwitchenden Camil передlagprodITE Camillag Camil 1830 перед CamillagMRjavlag Camilendenprodarab Cot передбіarablag Camilসিড CamilSwitch Cot 8961 Camil,unknown
bengali-2063045842740367166-4,"তিনি প্রথম জীবনে স্কুল ও রাজ্যের হয়ে ক্রিকেট খেলা শুরু করেন ক্রিকেট জীবনের বিভিন্ন ক্ষেত্রে সাফল্য পেতে থাকেন তিনি। তিনি তাঁর জীবনের প্রথম একদিনের আন্তজার্তিক ম্যাচ খেলেন ১১ই জানুয়ারী, ১৯৯২ সালে। কিন্তু তিনি সেই অভিষেক ম্যাচে মাত্র তিন (৩) রান করেন, যার ফলে তিনি সঙ্গে সঙ্গে দল থেকে বাদ পড়েন। তার পরে ১৯৯৩-১৯৯৪ এবং ১৯৯৪-১৯৯৫ সালের রঞ্জি ট্রফিতে চমৎকার সাফল্য লাভ করেন যার ফলে তিনি আবার ১৯৯৬-এর ইংল্যান্ড সফরের জন্য খেলার সুযোগ পান। এরপরে সেই সফরেই তিনি তার জীবনের প্রথম টেষ্ট খেলেন ২০ই জুন, ১৯৯৬ সালে ইংল্যান্ডের বিরুদ্ধে। তিনি সেই সফরে উল্লেখযোগ্য সাফল্য অর্জন করেছিলেন।",সৌরভ গাঙ্গুলি কত সালে ভারতীয় জাতীয় দলের হয়ে প্রথম টেস্ট ম্যাচ খেলেন ?,১৯৯৬,"Tini prothom jibone school o rajyer hoye cricket khela shuru koren, cricket jiboner bibhinno khetre safollo pete thaken tini. Tini tar jiboner prothom ekdiner antorjatik match khelen 11i January, 1992 sale. Kintu tini shei obhishek matche matro tin (3) run koren, jar fole tini songe songe dol theke bad pore jan. Tar pore 1993-1994 ebong 1994-1995 saler Ranji Trophy te chomotkar safollo lav koren, jar fole tini abar 1996-er England soforer jonno khelar sujog pan. Erpor shei soforei tini tar jiboner prothom Test khelen 20i June, 1996 sale England-er biruddhe. Tini shei sofore ullekhjoggo saf",Sourav Ganguly koto shale Bharotiyo jatio doler hoye prothom Test match khelen?,1996,সিস Camiljav 8961ITE 8961 Camil CotarablagরামMR Camiljav 8961 জলাধারrodProtocol 1830 Camillagarablag 1830enden Camil statesprod Camilbet Camil Camiljavlag Cotkö Camilসিস Cot Camilঝrod Camil সাউদার্নlagjavসিসjav stateslagarab Camil Camil poverendenendenendenreal話 সেলিম Camil Camil Camil Camiljav Camillag Camil real Camilarab childrenarablag Camil перед 1830kö poverসিডrod 1830 CamilMD Camilenden Camilসিস Camil Camilrod Camilসিসendenlag 1830 Camilenden Cotcom Camil 5952 передম্যান Camilrod CamilendenrodITE Cotenden перед poverrod CamiljavITEjav Camil Camilসিস জলাধার Camil перед Camilসিস Camil Camil poverSwitchlag CamilrodITE 1830 Camil Camilfachlag স্পিন CamiljavITE Camil Camil перед Camil湖সিড Camil pover জলাধার Camilenden মিঠাendenjav জলাধারбіjavSwitch Camil Camil Camil Camilସ Camilম্যানlagITE 1830 Camil Camil Camilarab Camil CamilMR 8961 Camil 8961rodjav 9049 Camil মিঠাcomlag 8961 Camil 1830 Camil children Camil Camillag Camilcs Camil grojavম্যানarab ক্রীতদাসlag 8961jav Camilসিস states মিঠা Cot statesITE নিষেধ Camilসিড gro Camilprodlag Camil Camillagprod statescomenden 4299 মিঠাlaglaglagittestম্যান Camilসিস Camilঝjav statesenden kne RealendenSwitch বয়সী 8961lag Camilসিস Camil সাউদার্ন Cot Camil Camil Camil Cot Camilprodprod স্পিনlag Camil Camil Camil Camil Camil Camil CamiljavITElag Camil Camillag Cot Camillag Camiljavসিস মিঠাjava Camiljav Camilrodprod Camilfatt Camil Camilendenjavlagcom CamilITE Cot Camillag Camilassenarablag 1830rod Camillag CamillagSwitchlag Camil Camillagrod 1830lagম্যান Camillag childrenjav Camilঝ Camil Camil Camiljav Camil Camil Camil স্পিনjav Camilendenjavlag pover Camil Camillag 1830enden Camiljavlag poverprodSwitch Camillaglagসিডসিস Camil Camilarabসিস Real Camil Camil Camil Camiljavlag Camiljavlaglagprod Camil Cotjav Camil স্পিনjav Camiljav Camil CamillagITElag Camillag Camilendenসিডrod Camiljavaঝ Camillag CamilSwitch সাউদার্ন Camillag Camiljav передprod poverlagprodjavlag Camil Camilenden Camilrodprodjava Camillag Camilarab 5952jav Camil Camil CotITEITE Camillagসিস湖 перед Cotittest pover summ Camil Camillag передjavjavaбі childrenarab Camilম্যান передlagarab Camilarab Camil CamilITElagjav 1830 Camil CamilSwitchITEjavlag 5952 Camil Camil Camil 1830javITEjavSwitch Camilenden Camil Camil Camilkö CamilITEenden Camilenden Camil Camiljav Camiljav Camilarab Camilarabcom Camil Camilenden,unknown
bengali-1428907332454485878-0,"সত্য সাই বাবা (Telugu: సత్య సాయిబాబా Telugu pronunciation:[sʌθjə sɑːɪ bɑːbɑː], পূর্বাশ্রমের নাম সত্যনারায়ণ রাজু) (২৩ নভেম্বর, ১৯২৬[1] – ২৪ এপ্রিল, ২০১১[2]) ছিলেন একজন ভারতীয় হিন্দু ধর্মগুরু, আধ্যাত্মিক ব্যক্তিত্ব ও শিক্ষাবিদ।[3] তাঁর ভক্তদের বিশ্বাসে তিনি ছিলেন একজন অবতার ও গডম্যান।[4] আধ্যাত্মিক শিক্ষক ও অলৌকিক ক্রিয়াপ্রদর্শক।[1][5][6][7][8] শূন্য থেকে ""বিভূতি"" বা পবিত্র ছাই এবং আংটি, নেকলেস বা ঘড়ির মতো ছোটো ছোটো বস্তু হাজির করে সত্য সাই যুগপৎ খ্যাতি অর্জন ও বিতর্ক সৃষ্টি করেন। যুক্তিবাদীরা এই সব ঘটনাকে সাধারণ জাদুর খেলা বলে থাকেন। অন্যদিকে ভক্তেরা এগুলিকে তাঁর দৈব শক্তির প্রকাশক মনে করেন।[9] তাঁর ওপর যৌন নিৰ্যাতন এবং নকলেরও অভিযোগ উত্থাপিত হয়েছিল, কিন্তু তিনি এসব অভিযোগকে ষড়যন্ত্ৰ আখ্যা দিয়ে, অভিযোগ অস্বীকার করেন।[10][11][12]",সত্য সাই বাবা কোন সালে মারা যান ?,"২৪ এপ্রিল, ২০১১","Satya Sai Baba (Telugu: సత్య సాయిబాబా Telugu pronunciation:[sʌθjə sɑːɪ bɑːbɑː], purbashromer nam Satyanarayan Raju) (23 November, 1926[1] – 24 April, 2011[2]) chilen ekjon Bharatiyo Hindu dhormoguru, adhyatmik byaktitto o shikkhabid.[3] Tar bhokto der bishwase tini chilen ekjon avatar o godman.[4] Adhyatmik shikkhok o aloukik kriya-prodorshok.[1][5][6][7][8] Shunno theke ""bibhuti"" ba pobitro chai ebong angti, necklace ba ghorir moto choto choto bostu hajir kore Satya Sai jugopot khyati orjon o bitorko s",Sotto Sai Baba kon sale mara jan?,"24 April, 2011",Camil poverkö перед Camil Camil CamilProtocol Camil Camil সাউদার্ন Camilসিডrodjavrod Camil Camil 8961 Camil Camil Camilarab Camilrodlag передjav Camil CamilMR湖 передendenlag 9049lag statesrod pover Camil groসিড Camilসিসrod children 8961 pover 5952 Camil Camillag Camil Camillag 1830 Cotlag মিঠাlag real 4299 জলাধার Camil CotSwitchjav Camil Camil 8961 Camilম্যান перед poverjavlag Cot Camil Camil Camil Camil 8961 Camil перед Camil children Camilrod 1830ITE Camiljav poverjavendenfachlagenden 1830 Camil Camiljavarod CamilprodITEjavlagসিডlagarab Camil 1830 Camil CamilendenITEঝ話 Camil Camil Camilendenlag সেলিমprod Camil 8961jav Cot Camilköম্যান Cot Camilম্যান Camil Camil Camil Camil Camil Camil Camil Camilittestম্যান Camilittestlagম্যানenden জলাধার Camil Camil Cotlag Camil Camil 1830ittest Camil Camil Camil Camillagjav才com Camil children Cot Camil Cot মিঠা Camilreal 1830MD Camilarab Camillag Camil Camil Cotlagjav Camil Camil Camilenden Camil poverjav Camiljavbetrodlagঝjav 8961 Camil Camil CamilльтаITE Camilcom Camil Camil CamilITEjav Camillag CamiljavITE Camilбіrodjavসিসরাম Camilসিড CamilSwitch 1830সিস Camillag groITE 1830lag gro Cotjavjavlag 1830jav Camillag CamillagITE Camiljav জলাধার Camil 5952 Camilittest Camil Camilঝ জলাধারcomlagঝ Camil Camilrod মিঠা children 5952 Camil knelagfatt Camil Camil Camil Camil Camilenden Camil মিঠা Camil 1830 Camil Camil Camil pover স্পিন Camil Camilসিসঝjav 5798 Camil Camil Camil জলাধার Camil Camil বয়সী Camilprod Camil childrenম্যান Cot poverjavSwitch Camil Camil Camil Cotendenjavlaglag Camilসিসarabসিডlagkö মিঠা 1830 Camil Camilendenসিডম্যান Cot Camil মিঠাarab Camil Camil Camilସenden 1830enden Camil передlagjavম্যান poverjav Camil Camil Camilrodlag Camil CamilঝlagITEarab Camil Camil Camillag Camilcom Camiljavম্যানlagjav Camilenden Camillag Camilarablag ক্রীতদাস Camil Cotrod 1830 1830 1830 Camil stateslag Camilarabjavenden Camillag Camillagprodম্যান Camil states Camilittest Camil summбі Camiljav CotITE Camillaglag Camillaglag Camil Cotঝlag pover湖 Camillagenden মিঠাjav Camilarabittest 8961 Camilcs সাউদার্নlag Camil Real 1830lag CamillagSwitchম্যান মিঠাlagসিস Camil Real poverjavendenম্যান Camil স্পিনসিস Camillagসিস Camil poverlag Camil 1830 Camil Realprodlagঝ Camillag 1830 передenden gro Camil lag Camiljav 1830com Camillagrodjavlaglag Camil Camiljavlag Camillagarabkö Camil Camil poverlaglag Camil,unknown
bengali-6547346897513027507-2,"মাইকেল মধুসূদন বাংলা ভাষায় সনেট ও অমিত্রাক্ষর ছন্দের প্রবর্তক। তাঁর সর্বশ্রেষ্ঠ কীর্তি অমিত্রাক্ষর ছন্দে রামায়ণের উপাখ্যান অবলম্বনে রচিত মেঘনাদবধ কাব্য নামক মহাকাব্য। তাঁর অন্যান্য উল্লেখযোগ্য গ্রন্থাবলি হলো দ্য ক্যাপটিভ লেডি, শর্মিষ্ঠা, কৃষ্ণকুমারী (নাটক), পদ্মাবতী (নাটক), বুড়ো শালিকের ঘাড়ে রোঁ, একেই কি বলে সভ্যতা, তিলোত্তমাসম্ভব কাব্য, বীরাঙ্গনা কাব্য, ব্রজাঙ্গনা কাব্য, চতুর্দশপদী কবিতাবলী, হেকটর বধ [2] ইত্যাদি। মাইকেলের ব্যক্তিগত জীবন ছিল নাটকীয় এবং বেদনাঘন। মাত্র ৪৯ বছর বয়সে কলকাতায়  মৃত্যু হয় এই মহাকবির।",মাইকেল মধুসূদন দত্ত কত বছর বয়সে মারা যান ?,৪৯,"Michael Madhusudan Bangla vashay sonnet o omitrokkhor chhonder probortok. Tar sorbosreshtho kirti omitrokkhor chhonde Ramayoner upakhyan obolombone rochito Meghnadbodh Kabya namok mohakabya. Tar onnyanno ullekhjoggo gronthaboli holo The Captive Lady, Shormishtha, Krishnakumari (natok), Podmaboti (natok), Buro Shaliker Ghare Ron, Ekei Ki Bole Shobhyota, Tilottamasombhob Kabya, Birangona Kabya, Brojangona Kabya, Choturdoshpodi Kobitaboli, Hector Badh [2] ityadi. Michaeler bektigoto jibon chhilo natokiyo ebong bedonaghon. Matro 49 bochor boyoshe Kolkatay mrityu",Michael Madhusudan Dutta koto bochor boyose mara jan?,49,Camilঝ states CamillagjavProtocolendenenden Camil childrenrodITE才 Camil মিঠা স্পিন CamiljavMDrodম্যান Camil Cotcomfachরাম জলাধার Camil জলাধারenden Camilköjav সাউদার্ন Camilenden Cot statesSwitch Camil Camiljav перед Camil 1830javlagenden Camil poverittestসিস передcom pover Camil CamiljavaITE Camil reallaglagcs Camil pover CamilMRrealঝlag মিঠা 5952 Cot Camil Camil 8961 4299lag Camilcom pover Real Camil CamiljavSwitch pover Camilrod সেলিমjav pover Camil জলাধারjavSwitch Camillagkö 8961bet করছিrod Camil Camilkö話 Cotlagjav Camil CamilprodITE Camil Camiljavlag groassen Camilendenrodenden Camilenden Camiljavlag states Camilskim Camilenden Camil pover Cotম্যানjavarab CamilITE Camil 5952ঝ Camillagprodlag states মিঠাসিসrod childrenбі Camil Camil Camilম্যান Camilköenden children states children Camil Camilprod Camillaglag Camiljav Camil Camilসিস 8961rodittestঝ Camilльтаjav CamilköITE pover CotITE Camilendenjav Cotসিডম্যান Camiljavgiojavসিস передঝITE Camilসিডসিড মিঠাarab Camil জলাধার Camil湖 Camil grojavarabjavjav stateslag Camil Camil Cot перед Camilসিড перед মিঠাjavlagendenlag 9049 Camil 5952সিস children Camilenden kne Camiljav 1830lag 1830 Camillaglagendenlaglagcomprod Cot statesendenkö Camil перед Camiljavarab湖 Cot Cot CamiljavSwitch CamiljavendenITE নিষেধlag Camilম্যানSwitch Camil Camil Camillagfattlag湖 Camilenden Camilenden Camiljav Camil передসিড Camillagendenসিসбіlag Camillagসিসkö Lagjavendenlag Camil Camillaglagসিস poverITE poverlagITEjav Camil Camillag 1830ঝittest Camilendencomlag перед grokö Camilenden ক্রীতদাস Camil grojav Camilarablag CamilMRrodসিড CamilITE湖rod সাউদার্ন states Camiljav স্পিনarabসিসঝ CamilঝarabITElagendenSwitch 1830 8961 CamilITEenden Camil poverenden Camilrodlag 1830সিডjavlag Cot Camil pover Camil Camil summ Camil kne 8961 Camilendenlagendenjavjav передjavlag বয়সী CamilITE 1830lag 1830jav Camillag Camil children Camil CamilITE Camil Camiljavlag Camil CamilReallag Camilendencom Cot Camil Camillagarabittestlag 8961 kne সাউদার্নjav Camil Camil Cotjavସ CotlagSwitchбіlag Camil মিঠাlag CamilarabprodlagITEenden grorodlagMRlagITEprodenden CamilSwitcharabITEITE poverarabenden Camil Camil 8961 Camil 8961সিস 1830prod Camilম্যান children Camillagসিস Camiljav CamilসিডঝrodlagITElag перед children Camil Cot Camil Camiljavlag,unknown
bengali--6220420306282752581-2,"দেবশ্রী রায় এর জন্ম, বেড়ে ওঠা কলকাতায়। তার পিতার নাম বীরেন্দ্র কিশোর রায় এবং মায়ের নাম আরতি রায়। ১৯৬৯ সনে তিনি প্রথম ""বালক গদাধর"" নামে একটি চলচিত্রে শিশুশিল্পী হিসেবে অভিনয় করেন, যার পরিচালক ছিলেন হরিময় সেন। তিনি কলকাতার এ পি জে ,পার্ক স্ট্রীট শাখার স্কুলের ছাত্রী ছিলেন, যদিও নাচের প্রতি অত্যধিক ঝোঁক থাকার কারণে বেশিদূর এগোতে পারেন নি। তার ডাক নাম চুমকি।",দেবশ্রী রায়ের মায়ের নাম কি ?,আরতি রায়,"Debashree Ray er jonmo, bere otha Kolkatay. Tar pitar nam Birendra Kishore Ray ebong mayer nam Arati Ray. 1969 sone tini prothom ""Balak Gadadhar"" name ekti cholocchitre shishushilpi hisebe obhinoy koren, jar porichalok chilen Harimoy Sen. Tini Kolkatar A P J, Park Street shakhar school er chatri chilen, jodio nacher proti otirikto jhok thakar karone beshidur egote paren ni. Tar dak nam Chumki.",Deboshree Ray-er mayer nam ki?,Arti Ray,Camillag Camil Camil Camil Camil জলাধারprod Camil pover Camil передITErod Camilসিস Camilrodarab Camil মিঠা 1830 Camilbet 4299話ittestMD Camilcomlag childrenendenittestjavসিড মিঠাrod Camil Cot Camillagittest 4299 1830 Camiljav Camil Camil Camilenden Camil Camilcomjav pover Camil 9049 Camilenden Camil সেলিম Camillaglag pover Camil Camiljav Camil 8961köjavjav湖 Camil Camil CamilITE states CamilMR grofachসিড 5952 স্পিন Camil poverরামarabrodম্যানittest povercs Camilenden Camil সাউদার্ন Camil CotarabrodITE Camil poverSwitchসিডarabjav Camil CamilসিসITEcom Cot перед Camilarab Camil 4299 Camil Camil Camil Cotlag Cot gro pover Camilসিসjavjav Camillagenden 1830 Camilkö Camil Cot poverঝenden Camil pover CamilMR real Camiljavskimjav grolag Camiljav Cot সেলিম Cotcom Camil Cotjava Camil Camil才 Camil Camil জলাধারSwitch Realrod Camil Camil Camil CamillagMRMRসিড Camilঝ সাউদার্নjavarabjavITE Camil Camil gro Camiljav মিঠাjav Camil Camil সেলিম 8961jav Camil Camil Camiljavenden перед Camil মিঠা Camil Camilprod povergio states Camil childrenjav 5489 1830 Camilenden Camil জলাধারITElag children Camil gro передcomkö CamilITE Camil 1830 Camil CamilMR Camil 8961lagkö Camilassen CamilসিসlagITE 1830endenprodMR Cot Camil Camil Camillag 8961 Camil Camil Camil Camiljavprod নিষেধITE CamilendenMRcom children Camiljavarabkö Camil перед poverittestcomসিসlagসিস Cot передlagjavrod 8961com childrenlag children groসিডlag Camiljavlag Camil Camil Camillag 1830lag передcom Cot 1830 Camil Camil pover Camilঝ Camil children Camil Camillagendenjav 5952 Camil Camil states Camil Camillagarab CamilঝসিডITE Camillag Camilköendenprod Camil Camil CamilITEprodlagrodendenenden перед Camil CamilITEenden Camil 5952arab Camil Camilendenarab Camilarabসিসittest CamilITESwitch Camilenden Cot CamillagITE Camil Cotittest Camil Camil children Camil Camilбі মিঠা grolag Camil Camil Camil 1830 Camilenden Camil CamilSwitch Camil перед 8961 poverlagkö перед Camilprodjav Cotprodenden বয়সী Camil Cot states CamilITE gro Camil kne Camil Camil Camilrod মিঠা 1830 সাউদার্ন Camil Camil Cot poverসিসlagenden pover Camil children Camillag Cotprodprod pover Camilenden CamilittestITEITE pover 1830 передITESwitchlagprod 1830lag Cotenden স্পিনlag Camillagjav передrodendenম্যানlag Cotসিস Camillagkölag Camil Camil Camillag 1830ম্যানlag Camil Camillag湖 gro Camil childrenঝrod Camiljav CamiljavITElag Camil Camiljavlag Camil,unknown
bengali--7345750532881051877-1,বিজেপির উৎস ১৯৫১ সালে পশ্চিমবঙ্গের জন্মদাতা ভারতকেশরী শ্যামাপ্রসাদ মুখোপাধ্যায় কর্তৃক প্রতিষ্ঠিত ভারতীয় জনসংঘ দলটি। ১৯৭৭ সালে জরুরি অবস্থার পর জনসংঘ একাধিক রাজনৈতিক দলের সঙ্গে মিশে জনতা পার্টি গঠন করে। ১৯৭৭ সালের সাধারণ নির্বাচনে জনতা পার্টি ক্ষমতাসীন ভারতীয় জাতীয় কংগ্রেসকে পরাজিত করে সরকার গঠন করে। ১৯৮০ সালে জনতা পার্টি অবলুপ্ত হলে জনসংঘের প্রাক্তন সদস্যরা বিজেপি গঠন করেন। প্রথম দিকে বিজেপি রাজনৈতিক ক্ষেত্রে ব্যর্থ হয়েছিল। ১৯৮৪ সালের সাধারণ নির্বাচনে বিজেপি মাত্র দুটি আসনে জয় লাভ করেছিল। কিন্তু রাম জন্মভূমি আন্দোলনের সময় আবার এই দলের শক্তি বৃদ্ধিপায়। একাধিক রাজ্য নির্বাচনে জয় লাভ এবং জাতীয় স্তরের নির্বাচনে ভাল ফল করার পর অবশেষে ১৯৯৬ সালে বিজেপি সংসদে বৃহত্তম দলে পরিণত হয়। যদিও সংসদের নিম্নকক্ষ লোকসভায় সংখ্যাগরিষ্ঠতা অর্জন করতে না পারায় এই দলের সরকার মাত্র ১৩ দিন স্থায়ী হয়েছিল।,ভারতীয় জনতা পার্টি কবে প্রতিষ্ঠিত হয় ?,১৯৫১,BJP-r utsho 1951 sale Poshchimbonger jonmodata Bharatkeshari Shyamaprasad Mukhopadhyay kortik protishthito Bharatiyo Jansangha dolti. 1977 sale joruri obosthar por Jansangha ekadhik rajnaitik doler shonge mishe Janata Party gothon kore. 1977 saler shadharon nirbachone Janata Party khomotashin Bharatiyo Jatiyo Congress-ke porajito kore sorkar gothon kore. 1980 sale Janata Party obolupto hole Jansangher prakton sodoshora BJP gothon koren. Prothom dike BJP rajnaitik khetre byartho hoisilo. 1984 saler shadharon nirbachone BJP matro duti asone joy lav korechilo. Kintu Ram Janmabhoomi andoloner shomoy abar,Bharatiyo Janata Party kobe protishthito hoy?,1951,Camilrodসিডlag children সেলিমSwitchlaglagjav grolag স্পিন Camilঝendenrodlag 8961lag Camil Camil statesসিস জলাধার pover Camil statesarab Camil সাউদার্ন Camilittest Camil Camil Camil Camilসিস Camil Camillag 5952 1830সিস 1830 Camil Cotrod 1830 Camilম্যান Camilcomম্যানMRenden передjav 1830fachjavittestendenrod Camillag Camil Camilসিড Camil poverMDlag 4299 Cotittestসিড statesköITE Camil Camilরাম 9049jav মিঠা Camilসিস Camillaglag Camilbetসিসprod Camil kne 1830 CamilITEjav Camilenden CamiljavcsMRসিড Camilrodঝ Camil Cotcom Camil CamilkörodITE Camil Camil Camiljava Camil Camilম্যানskim grolag Camil Camil pover Cotenden Camil pover湖 pover 8961 Camil Camil Camil Cotcom pover перед Camil Camil 8961 realenden Camil gro Camil Camil 5798 Camillag grolaglagprodlagenden Camil Camil Camil Camillag Camillag নিষেধ перед Camilrod children Camil Camil Camil Camil Camil Camiljav Camil pover Camil Camilprod話 Camil Camilarab 5952rodସ Camilprod জলাধার Camiljav 5952সিস poverarab Camil Cot Reallag Camil Cotarab Cot Camil মিঠা 1830 states Camil Camil Camil Camil 1830 Camil করছিprod Camil Cot pover才lag Camil Camilprod Camil Camilrealjavjavlag Camil স্পিন Camilসিডrod Camiljav передlagenden Cotlag 8961ittest childrenম্যান Camil মিঠাcomendenjav Camilittest Camilльта gro gro Cot Camil 8961lagenden Camil সাউদার্ন 8961ম্যানcomMR Camil Camil Camilendenjav Camil children Camil মিঠা Camilprodসিড Camil মিঠাendenittestjavendenlag জলাধার Camil Camil CamilসিসITE Camil Camilittest Camilprodjav স্পিন Camillagম্যান Camil Camillagjavlaglag gro জলাধার Camilkölag মিঠাITElaglaglaglagসিডসিস Camiljav Camil湖 Cotprodম্যানম্যান states Cot Camillag Camillag Camil Camilম্যানarablagjav মিঠাenden Camilrod children Camiljav Cot Camil মিঠাম্যানarabittest Camil Camil 1830 Camil Camilittestjavjav Camil Camil Camillag Camil Camil Camillag Camillag সাউদার্নkö বয়সী 1830 Camil 1830 মিঠা Camil ক্রীতদাস Cot Cotenden Camil Camil Camilköenden Camilittestjavlag Camil Camil children Camiljavenden Camilendenlag Camil gro স্পিনlag Camil Camil Camil Camilprod CamilprodjavITE CamilITE Camil Cotlag summ Camil Camil Camillag Cot statesম্যান Camilittest Camil 1830 CamilITEঝprodlag Camil Camiljavlag CamilSwitchITElagঝ Camilenden Camil Cotenden Camil gro স্পিনসিস Camiljav Camilম্যানlagenden Real 5952ittest Camil Camil Camil gro lagjav Camillaglag перед grolagcomITE Cotম্যান states Camil Camil Camilprodjavendenlagendenlagittest,unknown
bengali--3695677209482197386-1,"নেইমার ডা সিল্ভা জন্মগ্রহণ করেন সাও পাওলো, ব্রাজিলে সিনিয়র নেইমার ডা সিল্ভা এবং নান্দিনি সান্তসের ঘরে। তিনি তাঁর পিতার নামের অনুসারে নাম পান, যিনি একজন প্রাক্তন ফুটবলার এবং পরবর্তীতে নেইমারের পরামর্শক হিসেবে কাজ করেন। নেইমার তাঁর প্রতিভা দেখানো শুরু করার পর থেকেই তাঁর পিতা নেইমারের পরামর্শক হিসেবে কাজ করছেন। নেইমার তাঁর পিতার ভুমিকা সম্পর্কে বলেন, ""আমার পিতা আমার পাশেই থাকেন সেই ছোটবেলা থেকেই এবং তিনি সবকিছুর খেয়াল রাখেন। তিনিই আমার সব সময়ের সঙ্গী এবং আমার পরিবারের অন্যতম একজন। ২০০৩ সালে, নেইমার তাঁর পরিবারের সঙ্গে সাঁও ভিসেন্তে চলে আসেন। সেখানে তিনি যুব পর্তুগিসা সানতিস্তাতে খেলা শুরু করেন। ২০০৩ এর শেষে তাঁরা সান্তসে চলে আসেন। সেখানে নেইমার সান্তস ফুটবল ক্লাবে যোগ দেন।",নেইমার দা সিল্ভা স্যান্তোস জুনিয়র সর্বপ্রথম কোন ফুটবল ক্লাবের হয়ে খেলেন ?,পর্তুগিসা সানতিস্তা,"Neymar da Silva jonmogrohon koren Sao Paulo, Brazil e Senior Neymar da Silva ebong Nandini Santos er ghore. Tini tar pitar namer onushare nam pan, jini ekjon prokton footballer ebong porobortite Neymar er poramorshok hisebe kaj koren. Neymar tar protibha dekhano shuru korar por thekei tar pita Neymar er poramorshok hisebe kaj korchen. Neymar tar pitar vhumika somporke bolen, ""Amar pita amar pashei thaken shei chotobela thekei ebong tini shobkichur kheyal rakhen. Tinii amar shob shomoyer shongi ebong amar poribarer onnotomo ekjon. 2003 sale, Neymar tar poribarer songe Sao Vicente chole asen. Sekhane tini jub Portuguesa Santista te khela sh",Neymar da Silva Santos Junior sorboprothom kon football club er hoye khelen?,Portugisa Santista,সিড জলাধার Cotenden CamilSwitch Camil pover pover перед Cot সেলিম Camil Camillag Camil Camil 4299rod Camilittestköjavarab Camilঝম্যানjavarabprod передcom 8961ITEঝ Camil pover CamilITElag Camil poverঝসিসITE Camil 1830lag Camil স্পিনjav children CotjavMR Camillagprodম্যানcsITE Camilenden Camilittest Camillaglag Camil states Camillag Camil pover Camil Camilfachcomrod Camil poverprodlag Camil Camil 1830 Camilরাম CamiljavlagITEarabrodITEenden 1830 Camilঝlag gro realITE সাউদার্নlag Camiljavlag মিঠা 1830lagসিসarab Camil Camillag Camilendenjav 8961 Camillagসিসenden states Camil Camil Camil poverбіendenittestlagসিড Camiljav Camil Cotসিডprodlag Camilittestlag Camil Camil Cotসিড CamilITE Camil Camilসিড湖 5952realarab 1830 Camilendenbetସjav grocom pover poverlagrod Cot Camil 9049 Camil 1830assen Camillagittestjav সাউদার্ন Camil話jav 1830 Camil pover 8961 Camil statesITE gro 1830jav Camil সাউদার্নITE CamilITElag Camil Camilcom Camiljav CamilITE Camil Camil Camil 5952 Camilittest Camil Camilসিসম্যান 5952 states জলাধারarablag poverendenjavjavjavalaglagjavlag states Camil states Camil Camil Camillaglag states Camil 1830 Camil CamillagfattjavarabcomittestendenITE childrenjav Camillag CotMD সাউদার্ন 1830সিসসিস Cot перед Camil স্পিনlagjav Camiljav kneenden Camiljavrod 1830 gro Camil Camil নিষেধlagITEসিস childrenrodjavITElagSwitchম্যান Camil children Real statesসিডenden Camiljav Camillag Camil জলাধারসিসlaggiojavjavjavlag Camil CamilITElagkö Camillag Camil gro 5952endenköcomlagjavarab Camil Camil CamilSwitch 1830 Camilköcom Camiljavlag Camil Camil Camiljav Camillagarab Camil Camil Camil summ Camilenden Camillaglag Camil Camilrodenden Camil Camil pover Camilসিসprod মিঠা Camil Camiljav 1830lag Camilসিস Camil Cot groসিস CamillagITEjav 1830 Camil grokölaglag Camil states Camillag 1830 gro gro Camil Camil Camiljavlag CamiljavittestITE statesম্যানkö Camil Camiljav সাউদার্নITEITE Camillaglagjav Camil Cotarabenden Camiljav Camillag Camillagendenম্যান knearab Camil মিঠা 5952javendenITE Camiljav Lagittest перед CamilসিসSwitchlag Camil Camil children Camil Camilম্যান মিঠা Camil Cot Camil Camilenden lag Camil 1830MR Camilköjavjav Cotসিস states перед Camil Camillag Camil Camillagjav Camiljavlaglag Camillaglagসিডбі Camil湖 Camiljavjav Camil Camilkö Camil Camilkö 1830 Camil childrenlag Camil Cot Camil children,unknown
bengali-211885486569500581-1,১৯৮৪ সালে চালু হওয়া কলকাতা মেট্রো ভারতের প্রথম মেট্রো রেল পরিষেবা (দ্বিতীয় মেট্রো পরিষেবা দিল্লি মেট্রো চালু হয় ২০০২ সালে)। এটি ভারতীয় রেলের অধীনস্থ এবং ভারতীয় রেলের একটি ক্ষেত্রীয় রেলওয়ের মর্যাদা ভোগ করে।,কলকাতা মেট্রো প্রথম কবে থেকে চালু হয় ?,১৯৮৪ সালে,1984 sale chalu howa Kolkata Metro Bharoter prothom metro rail porisheba (ditiyo metro porisheba Delhi Metro chalu hoy 2002 sale). Eti Bharotiyo Rail-er odhinstho ebong Bharotiyo Rail-er ekta khetriyo railway-er morjada vog kore.,Kolkata Metro prothom kobe theke chalu hoy?,1984 shale,javbet Camil Camil 1830 povercom Camil gro передcom Camil 4299ম্যানরামlag মিঠা Camil Camilarab Camil জলাধারসিস 1830 স্পিন Cot সাউদার্ন Camil Camil 9049 Camilঝ Camil Camil Camillag передprod Camil Camilrod 8961 Camil Camilskim 1830 Camilrodittest 4299 statesসিসjavlag 5952 Camil Camilenden debut childrenMD 4299 Camil 1830 Cot Cotköendencom Camilসিড Camillag সেলিম Camil話 8961 Camil Camil Camilarabসিস poverঝঝ Camil 8961MRenden CotITE সেলিমittest Camil Camil Camiljavenden秀 Camiljavসিস Camil Camil Camil statesProtocolITE Camillagrod সেলিম Camilfachendenprodrod Camillag poverMRlagenden Camilসিসenden realprodSwitchrodসিস Camil সেলিম Camil Camilkö Camil Camil Camil 8961ম্যান Camil Camilrod Camil Camilrod Camil Camil Cotjav перед Cotlag মিঠাlag Camil CamilcslagSwitch Camilrodlaglag 4299prodlag Camiljav Camillagrodঝ Cotjavgio স্পিন Camilarab Camillag Camil CamilITEjavlag Cotprod 5489 Camiljavajavrod kne Camillag স্পিন Camilendenlag pover Cotjavম্যান передjavlag 8961 Camil 8961 4299enden 1830javসিডprodarab সেলিম Camil Camilenden Cotlag জলাধার Camilendenlag Camil states Camil Camil Camil Camiljav স্পিন pover湖 Camil Cot Camil Cot Camil Camillag povercomঝlag Camil Camil pover Camilঝarablagcom pover Cotreal Camil Camilসিস Camillag Cotlagendenprod Cot Camil 1830 poverendenlagITElag Camilprod Camillagarab Camil Camil 1830endenlagcom Camilarab Camil Cot Camil Camil 5952jav Camil Camil Camil 8961com Camil 5952সিডসিস 5952laglag Camil Camil 1830 মিঠা Camil children Camil Camilenden Camilম্যানjav湖jav CamillagSwitch Camil Camiljavসিডenden Camil 1830 Camilসিস Camil Cotjavম্যান CamilITE Camil childrenlagjavlag Camillag Camil pover Camilসিডঝ Camil Camil Camiljav Camil Cot Camil Camil Cot Camillag মিঠা Camil Camilসিসম্যানITElag Camillag Camilenden Camil Camiljav Camil Real Camilrodlag gro Camil Camillag Camillagarabjavittestlag Camilসিড states Camil перед Camil 1830 Camil Camilcom সাউদার্ন Camil 8961 Camil Camil Camil Camilendenlag ক্রীতদাস pover Camil gro poverjav Camilসিস Camil Camil Camilenden Camillagjav সাউদার্নprodjavenden সাউদার্ন নিষেধlag湖MRjavlag CamilসিসITE Camil Camilসিস Camil Cotসিস Camil Cotlag Camil Camiljav Camil 1830Switchprod Camil Camiljav передসিসসিস 1830 1830 জলাধার Camil Camil Camillaglag Camillag Camilenden স্পিনlag Camil 1830laglag 5952 Camil poverköбі 5952 5952 Camil Camil Camil CamiljavMRlag Camil Camil Camillag মিঠাrod,unknown
