id,source_id,pattern,document,right_summary,hallucinated_summary
14199::Non-factual,14199,Non-factual,"আমি গতকাল দুপুরে ব্যায়াম করার সময় ৩০ টির বেশি ক্রাঞ্চ দেই এবং কিছুক্ষণ পরেই দড়ি লাফাই , খুব বেশি একটা লাফাতে পারিনি , হাফিয়ে যাই , পরে এসে বিশ্রাম নেই , গোসল করে দুপুরের খাওয়া সেরে ঘুম দেই , তখনও কিছু টের পাইনি কিন্তু রাত বাড়তেই আমার বাম পাশে ভিতরে ব্যাথা অনূভুত হতে থাকে , শ্বাস নিতে কষ্ট হচ্ছে , কোনপাশে শুয়ে আরাম পাওয়া যাচ্ছেনা । এএমতাবস্থায় করণীয় কি হতে পারে ? ? কাল রাত ঘুমাতে পারিনি",ব্যায়াম করার জন্য বাম পাশে ভেতরে ব্যাথা হয় । শ্বাস নিতে কষ্ট হয় । ঘুম হচ্ছে না ৷ কি করনীয় ?,ব্যায়ামের পর বাম পাশের ভেতরে তীব্র ব্যথা শুরু হয়েছে। গভীর শ্বাস নিতে কষ্ট হচ্ছে। সারারাত ঘুম হয়নি। ২টা পেইনকিলার খেলেও আরাম মেলেনি। কী করণীয়?
18322::Factual Contradiction,18322,Factual Contradiction,"আমার ছেলের বয়স ২ বছর ৪ মাস , সে আজ প্রায় ৪ / ৫ দিন যাবৎ জ্বরে আক্রান্ত , ১০২ থেকে ৩ / ৪ ডিগ্রী পর্যন্ত উঠে , সাথে শুকনা কাশি আছে অনেক , কোন কিছুই খেতে পারে না , খেলেই কাশতে কাশতে ভমি করে ফেলে দেয় । দুর্বল হয়ে পরেছে অনেক । একবার ভমিতে রক্তও বের হ্য়েছে । জ্বরের জন্যে নাপা সিরাপ , বমির জন্যে ইমিসটেট সিরাপ ও কাশির জন্যে এমবোলেট সিরাপ খাওয়াচ্ছি এবং আজকে রাতে সেফ - ৩ খাওয়াইছি । আমি কি ঔষুধ চালিয়ে যাব নাকি অন্য কোন ঔষুধ খাও্য়াবো । আমি চাকরীর সুবাদে দুরে আছি পরামর্শ প্লীজ ।","বয়স ২ বছর ৪ মাস । ৪ / ৫ দিন হলো জ্বরে আক্রান্ত । ১০২ থেকে ৩ / ৪ ডিগ্রি জ্বর থাকে । শুকনা কাশি আছে । কিছু খেতে পারে না । কিছু খেলে কাশি হয় ও বমি করে । দুর্বল হয়ে পড়েছে । বমির সাথে রক্তও বের হয়েছে । জ্বরের জন্য নাপা সিরাপ , বমির জন্য ইমিসটেট সিরাপ ও কাশির জন্য এমবোলেট সিরাপ খাচ্ছে । রাতে সেফ - ৩ খেয়েছে । ওষুধ কি চালিয়ে যাবো নাকি অন্য ওষুধ খাওয়াবো ?","বয়স ২ বছর ৪ মাস। ৪/৫ দিন ধরে জ্বর নেই, তবে ১০২ থেকে ১০৪ ডিগ্রি পর্যন্ত ওঠে। ভেজা কাশি আছে, ভালোই খেতে পারে। খেলে কাশি কমে, বমি হয় না। তেমন দুর্বল হয়নি। বমিতে রক্ত বের হয়নি। জ্বরের জন্য নাপা সিরাপ, বমির জন্য ইমিসটেট"
17336::Factual Contradiction,17336,Factual Contradiction,"আমার অইফ এর দুইটি বাচ্চাই সিজারের মাধ্যমে হয়েছে । ছোট বাচ্চার বয়স আড়াই বছর হওয়ার পরেও তার পেট স্বভাবিক হচ্চে না । দেখা গেছে যে , যাদের নরমাল ডেলিভারী তাদের পেট স্বাভাবিক হয়ে গিয়েছে । আমার অইফ এর বয়স ২৪ বছর । সে খাবার নিয়নত্রন করে । আমার প্রশ্ন হচ্ছে সিজারে যাদের বাচ্চা হয় তাদের পেট কি একটু বড়ই থাকে , নাকি স্বাভাবিক হয় ? ?",বয়স ২৪ । সিজারে ছোট বাচ্চা হওয়ার পর থেকে পেট স্বাভাবিক হচ্ছে না । খাবার নিয়ন্ত্রণ করে । সিজারের পরে পেট কি বড়ই থাকে নাকি স্বাভাবিক হয় ?,বয়স ২৪। নরমাল ডেলিভারির পর ছোট বাচ্চা হওয়ার পর থেকেই পেট স্বাভাবিক হয়ে গেছে। খাবার নিয়ন্ত্রণ করে না। সিজারের পরে পেট সবসময় স্বাভাবিকই থাকে কি না জানতে চায়।
1563::Factual Contradiction,1563,Factual Contradiction,"স্যার আমার বড় আপুর বয়স ৩২ হবে , , আজ থেকে ২মাস আগে হঠাত ওনার হাতে পায়ে পানি নামে ( হাত পা ফুলে গেছে ) তো অনেক বলছে যে কিডনিতে সমস্যা হলে এমনটা হয় । তাই ড : এর কাছে নেওয়া হয় তাকে । বিভিন্য টেস্ট ( প্রস্রাব , রক্ত ) আরো কিছু টেস্ট করানো হয় এবং অনেক ওষধ দেয় ডা : , কিন্তু তার কোনো সমাধান হচ্চে না । ইতিমদ্দে ২জন বিশেষজ্ঞ ডা : দেখানো হয়েছে , কাজের কাহ কিছুই হচ্চে না । কিছু দিন ভালো থাকে আবার হাতে পায়ে এবং প্রায় শরীরেই পানি নামে , । এখন আমাদের করণীয় কি ?","বয়স ৩২ । ২মাস আগে হাতে পায়ে পানি নামে । প্রস্রাব , রক্ত আরো কিছু টেস্ট করানো হয় এবং অনেক ওষধ দেয় ডা : কিন্তু কোনো সমাধান হচ্ছে না ।","বয়স ৩২। ২মাস আগে হাতে পায়ে পানি নামেনি, বরং ফোলা কমে গেছে। প্রস্রাব, রক্তসহ কিছু টেস্ট করানো হয়নি এবং ডাক্তার কোনো ওষুধও দেননি, তাই এখনো সমাধান হচ্ছে না।"
21102::Intrinsic,21102,Intrinsic,আসসালামু আলাইকুম আমার আম্মুর বয়স ৪৮ বছর আম্মুর গা কাঁপে ও চোখে সর্ষে ফুলের মতো দেখে এখন কোন ঔষদ বা চিকিৎসা করাবো ? ( বিঃ দ্র : আম্মু ছোট করে ব্রইন স্টোক করছে এবং হার্টের ও একটু সমস্যা আছে তার জন্য ইকোস্প্রিন ৭৫ ও সেরেভাস খেয়ে থাকেন ।,"৪৮ বছর বয়সী নারী । হার্টের সমস্যার জন্য echosprin 75 , serovas খান , ব্রেইন স্ট্রোক হয়েছে আগে , গা কাঁপে এবং চোখে সরশেফুল দেখে । সমাধান কী ?","৪৮ বছর বয়সী নারী। আগে বড় ধরনের ব্রেইন স্ট্রোক হয়েছিল, হার্টের সমস্যার জন্য নিয়মিত ইকোস্প্রিন ৭৫ ও সেরেভাস খান। এখন হাত-পা কাঁপে, মাথা ঘোরে এবং চোখে ঝাপসা-সর্ষেফুলের মতো দেখেন। কী চিকিৎসা দরকার?"
17306::Non-factual,17306,Non-factual,"আমার আম্মার বয়স ৪৫ . উনি প্রেশারের ট্যবলেট ওসারটিল ৫০ প্লাস খান । উনি ইদানীং খেলে , পেট ভরে নাহ । পেট খালি - ই হয়ে থাকে আর হাত পা কাঁপে । উনার ডায়াবেটিস পরিক্ষা করে খাবার আগে ৫ . ৫ আর খাবারের ২ ঘন্টা পর ১০ . ৮ পাওয়া গেছে । উনার কি ডায়াবেটিস হয়েছে ? ? ? ? ? কাইন্ডলি জানাবেন প্লিজ । হাত পা কাপুনি আর পেট ভরা থাকার জন্য যদি কোনো ঔষধ দিতেন তবে খুব উপকৃত হতাম ।",বয়স ৪৫ । খেলে পেট ভরেনা হাত পা কাপে । ডায়াবেটিস খাবার আগে ৫ . ৫ খাবারের ২ ঘণ্টা পর ১০ . ৮ ।,"বয়স ৪৫। ওসারটিল ৫০ প্লাস খাচ্ছেন। খেলে পেট ভরে না, হাত-পা কাঁপে। ডায়াবেটিস খাবার আগে ৬.৮, খাবারের ২ ঘণ্টা পর ১১.২ পাওয়া গেছে।"
21751::Non-factual,21751,Non-factual,"আমার মায়ের পরিবারের সবার জিনেটিকালি চোখের গ্লোকোমা প্রভলেম । সেইজন্য আমি সনাতন পদ্ধতিতে আমার চোখের প্রেশার পরীক্ষা করাই , রিপোর্ট আসে ডান চোখে - ২০ . ১ মি . মি . আর বাম চোখে ১৮ . ৫ মি . মি । বর্তমানে আমার বয়স ২৪ বছর । আমার প্রশ্ন হচ্ছে , এইটার পরিমাণ কী দিন দিন বৃদ্ধি পাবে ? ? ? এটি দমন করতে বিশেষ কোনো নির্দেশনা কিছু কি ফলো করা লাগবে ? ? ? আর বর্তমান সময়ে আমি কী করতে পারি",বয়স ২৪ । জেনেটিকালি চোখের গ্লোকোমা প্রবলেম । পরীক্ষা করলে চোখের প্রেসার ডান চোখে ২০ . ১ মি . মি ও বাম চোখে ১৮ . ৫ মি . মি । এটা কি দিন দিন বৃদ্ধি পাবে ? কি ওষুধ ?,বয়স ২৪। পরিবারে জেনেটিকালি চোখের গ্লোকোমা প্রবলেম। পরীক্ষা করলে চোখের প্রেসার ডান চোখে ২২.৪ মি.মি ও বাম চোখে ১৯.৮ মি.মি। এটা কি ধীরে ধীরে বাড়বে? টিমোলল ড্রপ বা অন্য কী ওষুধ লাগবে?
19580::Non-factual,19580,Non-factual,"আমার বয়স ৩৩ বছর । আমার ডায়াবেটিকস নেই । তবুও খুবই ঘনঘন / বারেবারে প্রসাব চাপে প্রতি ঘন্টায় ১ বার প্রসাব করতে হয় । প্রসাবের চাপ খুবই বেশি থাকে , যেকারনে প্রসাব না করা পযন্ত অস্বস্তিতে থাকি । জল খুব বেশি পান করা হয়না । সারাদিনে ২ থেকে ৩ লিটার জল পান করা হয় । আমি কিভাবে এই ঘনঘন প্রসাবের থেকে পরিত্রাণ পেতে পারি ।",বয়স ৩৩ । ডায়াবেটিস নেই । ঘন ঘন প্রস্রাব হয় ও চাপ বেশি থাকে । কি করনীয় ?,বয়স ৩৩। ডায়াবেটিস নেই। প্রতি আধা ঘণ্টায় ঘন ঘন প্রস্রাব হয় ও চাপ খুব বেশি থাকে। দিনে প্রায় ৪ লিটার পানি পান করেন। কী করণীয়?
21591::Intrinsic,21591,Intrinsic,আসসালামু আলাইকুম আমার ছোট ভাইকে নিয়ে আমি খুব চিন্তিত আছি । ওর খাদ্যনালীতে মাংস বৃদ্ধি পেয়েছে এন্ডোসকপি করার মাধ্যমে জানতে পেরেছি । ওকে অপারেশন করা হয়েছে । কিন্তু তারপরও ভাল হচ্ছেনা আগের মতনই আছে বমি বমি ভাব থাকছে অলটাইম এবং বমি করছে । আমি কি করতে পারি আর যদি একটু পরামর্শ দিতেন । খুবই উপকৃত হতাম ।,endoscopy তে জানা গেছে খাদ্যনালীতে মাংস বৃদ্ধি পেয়েছে । অপারেশানের পরেও আগের মতনই বমি বমি ভাব এবং বমি হচ্ছে । সমাধান কী ?,এন্ডোস্কপিতে জানা গেছে খাদ্যনালীতে টিউমারের মতো মাংস বৃদ্ধি পেয়েছে। অপারেশনের পরও আগের মতোই সব খাবার খেলেই বমি বমি ভাব ও ঘন ঘন বমি হচ্ছে। এখন কী চিকিৎসা বা করণীয়?
1577::Factual Contradiction,1577,Factual Contradiction,"স্যার , আমার বড় ভাইর বয়স ৩৬ বছর , ওজন ৭০ কেজি , উচ্চতা ৫ ' ৬ "" । আমার ভাইর কিডনিতে পাথর হয়েছে আজকে পাচ বছর , যার পরিমান ১ মিমি । কিন্তু পাথরটি ঔষধ খাওয়ার পর গলে যায় আবার চার ছয় মাস পর আবার দেখা দেয় । পাথর দেখা দেয়ার পর প্রসাবের জ্বালাপোড়া হয় । এ অবস্থা কি করা । ভাই সৌদিতে থাকে ।",বয়স ৩৬ । ৫ বছর হলো কিডনিতে পাথর যা ১ মিমি । ওষুধ খেলে গলে যায় । ৪ মাস পর আবার হয় । পাথরের জন্য প্রস্রাবে জ্বালাপোড়া হয় । কি করনীয় ?,বয়স ৩৬। ৫ বছর হলো কিডনিতে পাথর যা ১ সেমি। ওষুধ খেলেও গলে যায় না। ৪–৬ মাস পর আবার হয় না। পাথর হলে প্রস্রাবে জ্বালাপোড়া হয় না। কী করণীয়?
23226::Non-factual,23226,Non-factual,আসসালামু আলাইকুম . . মানসিক চাপ কমানোর জন্য এবং অনিয়মিত ঘুমের জন্য প্রায় তিন বছর যাবত আমি রিভোট্রিল 2 এমজি গ্রহণ করে আসছিলাম . . এখন আমি এটা বাদ দিতে চাচ্ছি কিন্তু প্রায় প্রতিদিন গ্রহণ করার ফলে আমি এটার প্রতি আসক্ত হয়ে পড়েছি . . যদি বাদ দেই তাহলে আমার বিভিন্ন রকম পার্শ্ব প্রতিক্রিয়া দেখা দিচ্ছে এবং আমার স্বাভাবিক কাজকর্মে ব্যাঘাত ঘটে এবং নিজের উপর কোনো কন্ট্রোল থাকেনা . . এটা থেকে বের হয়ে আসার উপায় খুঁজে পাচ্ছিনা . . আপনাদের মূল্যবান পরামর্শ আশা করছি,"মানসিক চাপ কমানো এবং অনিয়মিত ঘুমের জন্য তিন বছর যাবত রিভোট্রিল 2 এমজি খাই । এটা খাওয়া বাদ দিতে চাইলে পারি না , কাজে ব্যঘাত ঘটে , নেশার মতো কাজ করে ।","মানসিক চাপ কমানো ও অনিয়মিত ঘুমের জন্য প্রায় চার বছর ধরে রিভোট্রিল ১ এমজি খাই। এখন এটা ছাড়তে গেলে প্রতিদিন মাথা ঘোরা, অস্থিরতা হয়, কাজকর্মে ব্যাঘাত ঘটে এবং নেশার মতো নির্ভরশীল হয়ে পড়েছি।"
17595::Non-factual,17595,Non-factual,"আমার মেয়ে বয়স ১০ বছর প্রায় ১বৎসর যাবৎ বিভিন্ন যায়গায় মেডিসিন , শিশু , কিডনি শেষ শিশুহাসপাতালে পেডিয়েট্রিকস ও সার্জারি বিভাগেও ডাক্তার দেখিয়েছি সকল প্রকার ব্লাড , আলট্রাস্নোগ্রাম ও এন্ডোসকপি করিয়েছি সব রির্পোট নরমাল সব ডাক্তার রির্পোট দেখে শুধু গেসটিকের আর কিমির ঔষধ ছাড়া কিছুই দেয় না আর কিছু খাবারের নিয়ম দেয় তাদের সাজেশন মতই চলি কিন্তুু কিছুতেই পেট ব্যাথা কমে না রাএে ব্যাথা বেশি হয় দিনে কম থাকে ব্যাথা নাভির চারপাশেই থাকে এখন আমরা কি করতে পারি কোথায় গেলে সমাধান পাব জানালে উপকৃত হব ।",বয়স ১০ বছর । রাতে পেট বেশি ব্যাথা হয় কিন্তু দিনে কম হয় । ব্যাথা নাভীর চারপাশে থাকে । কি করনীয় ?,"বয়স ১০ বছর। গত ২ বছর ধরে রাতে পেট বেশি ব্যথা হয়, দিনে কম থাকে। ব্যথা নাভীর চারপাশে থাকে। ঢাকা মেডিকেলেও দেখানো হয়েছে। কী করণীয়?"
2113::Factual Contradiction,2113,Factual Contradiction,"কয়েকমাস যাবত আমি একটু হাটলেই আর হাটতে পারি না , হাটু ফোল্ড করে ফ্লোরে বসতে পারি না , ব্যাথা লাগে । ক্যালসিয়াম জাতিয় ঔষধ ৩ মাস খেয়েছি , কোন উপকার হয়েছে বলে মনর হয়না । এখন কি ঔষধ খাওয়া চালিয়ে যাবো নাকি থেরাপি ডাক্তার দেখাবো বুঝতে পারছি না । পরামর্শ দিলে উপকৃত হতাম ।","বেশি হাঁটতে পারেন না , হাঁটু গেঁড়ে বসতে পারেন না , calcium জাতীয় ওষুধ ৩ মাস খেয়ে উপকার হয়নাই । থেরাপি বা ওষুধ - কী করা যেতে পারে ?","অনেকদিন ধরে স্বাভাবিকভাবে হাঁটতে পারছেন, হাঁটু গেঁড়ে ফ্লোরে বসতেও সমস্যা নেই, ক্যালসিয়াম জাতীয় ওষুধ ৩ মাস খেয়ে উপকার হয়েছে। এখন থেরাপি নাকি ওষুধ বন্ধ করবেন—এ বিষয়ে পরামর্শ চান।"
14379::Factual Contradiction,14379,Factual Contradiction,"আমার স্ত্রীর সিজার হয়েছে এক বছর আগে । ইদানিং পিঠের মাঝখানে মেরুদণ্ডের ডানপাশে প্রচন্ড ব্যাথা করে । বসে নুয়ে তরকারি কাটাকুটি করলে সিজারের সেলাইয়ের ডান পাশে ব্যাথা করে । কিছুক্ষন চিত হয়ে শুয়ে থাকলে ব্যাথা কিছুটা কমে । শুয়া থেকে ওঠে কোনো কাজ করলে আবার ব্যাথা শুরু হয় । এই ব্যাথার জন্য কোনো ঔষধ খায় নাই । উল্লেখ , আমাদের চতুর্থ সন্তান শুধু সিজারে হয় । এক্ষেত্রে কি ঔষধ খেতে হবে ? সবিনয়ে আপনার পরামর্শ চাই ।",১ বছর আগে সিজার হয়েছে । ইদানীং পিঠের মাঝে মেরুদন্ডের ডান পাশে প্রচন্ড ব্যাথা করে । নুয়ে কাজ করলে সিজারের সেলাইয়ের ডান পাশে ব্যাথা করে । কি ওষুধ খেতে হবে ?,১ বছর আগে সিজার হয়েছে। ইদানীং পিঠের মাঝে মেরুদণ্ডের বাম পাশে প্রচণ্ড ব্যথা করে। নুয়ে কাজ করলে সিজারের সেলাইয়ের বাম পাশে ব্যথা কমে যায়। কি ওষুধ খেতে হবে?
12662::Non-factual,12662,Non-factual,"আমার বয়স ২৭ , দীর্ঘদিন যাবৎ আমার লিঙ্গের অন্ডকোষের নিচের চামড়ার ওপর এক ধরনের প্রলেপ পরে , কিছুদিন পর সেটা শুকিয়ে যায় , আর তখন সেখানে হাত দিলে চামড়ার খোসা খোসা অংশ খসে পরে মলিন হয়ে যায় । এভাবে আবার প্রলেপ পরে . . . কিছুদিন পর আবার প্রলেপ শুকিয়ে যায় , ক্রমাগত এই সমস্যা টি আমার দীর্ঘদিন যাবৎ হয়ে আসছে , অনেক দিন আগে একজন এমবিবিএস ডাক্তার এর পরামর্শে ওষুধ খেয়েছিলাম তখন এই সমস্যা টি ভালো হয়ে গিয়েছিলো ! দুঃখের বিষয় হলো ঐ ডাক্তার টি মারা গিয়েছে , আর আমি ঐ প্রেসক্রিপশন টি হারিয়ে ফেলেছি , এখন আমার করণীয় কি ? ধন্যবাদ",বয়স ২৭ । লিঙ্গের অন্ডকোষের নিচের চামড়ায় প্রলেপ পড়ে পরে সেটা শুকিয়ে যায় । পরে খোসা খসে মলিন হয়ে যায় । কি করনীয় ?,"বয়স ২৭। লিঙ্গের অন্ডকোষের নিচের চামড়ায় প্রায় ৬ মাস ধরে সাদা প্রলেপ পড়ে, পরে সেটা শুকিয়ে যায়। এরপর খোসা খসে কালচে মলিন হয়ে যায়। আগে টার্বিনাফিন খেয়ে ভালো হয়েছিল। এখন করণীয় কী?"
21849::Intrinsic,21849,Intrinsic,আমার পা এর সব আঙ্গুল ফুলে উঠে চুলকাই । প্রতিবার শীতেই এই সমস্যা হয় । আঙ্গুলের মঝে পানি জমা অনুভব করি কিছুটা পুড়ে যাওয়া ফোস্করা মত । আবার শীত কোমলে ঠিক হয়ে যাই । প্রচন্ড চুলকায় গরম সেক দিলে একটু ভালো অনুভব করি । এর প্রতিকার কী ? ঔষধ + সাজেশন দিন,শীতে পায়ের আঙুল ফুলে চুলকায় । আঙুলে পানি জমে । পুড়ে যাওয়ার মতো ফোস্কা পড়ে । কি ওষুধ খাবো ও করনীয় কি ?,"শীতকালে দুই পায়ের সব আঙুলে বারবার ফোলা ও তীব্র চুলকানি হয়। আঙুলের ফাঁকে পানিভরা ছোট ছোট ফোস্কা ওঠে, জ্বালাপোড়াও থাকে। গরম সেঁক দিলে কিছুটা আরাম মেলে, পরে নিজে থেকেই সেরে যায়। কী ওষুধ ও করণীয়?"
12229::Factual Contradiction,12229,Factual Contradiction,আমার নাক দিয়ে কোনো গন্ধ পাচ্ছি না সর্দি আছে আজকে ৫ দিন ওষুধ খাচ্ছি নাকের ড্রপ ও দিচ্ছি খাওয়া দাওয়া করতে পারছি সম্যসা হচ্ছে না ! অনেকেই বলছে জে কোনো ঘ্রান না পাওয়া নাকি করোনার লক্ষন একটু জানাবেন আমাকে ! আমার সম্যসা টা কি নরমাল ঠান্ডার জন্য নাকি করোনার জন্য ?,নাকে গন্ধ পাই না ৷ ৫ দিন হলো সর্দি । এটা কি নরমাল ঠান্ডা নাকি করোনার জন্য ?,নাকে সব গন্ধই পাচ্ছেন। ৫ দিন হলো সর্দি নেই। এটা কি নরমাল ঠান্ডা নাকি করোনার জন্য?
7072::Non-factual,7072,Non-factual,স্কিন সমস্যার জন্য কোনো ডাক্তার এর নাম্বার হবে ? ? ? ? আমাদের এলাকায় লক ডাউনের জন্য ঢাকা থেকে ডাক্তার আসেনা সেই ক্ষেতে ডাক্তার দেখাতে পারছিনা স্কিন খুব চুলকাছে আর সাদা সাদা স্পট পড়ছে গলায় আর স্কিনে ১মাস ধরে সমস্যায় ভুগছি অনুগ্রহ করে সহোযোগিতা করুন আমি স্কিন ডাক্তার কাছে কথা বলে ঔষুধ সেবন করতে চাচ্ছি ? ফাংগাল ইনফেকশন কিনা তাও বুঝতেছিনা ঠিক মতো তারজন্য আমি ইসপেসালিসট এর সাথে কথা বলে সেবা প্রদান করতে চাচ্ছিলাম ।,১ মাস যাবত চুলকানি ও গলায় সাদা স্পট । করণীয় কি ?,"দুই মাস যাবত তীব্র চুলকানি ও গলায় সাদা সাদা দাগ, সাথে হাতে ছড়াচ্ছে। করণীয় কি?"
21871::Factual Contradiction,21871,Factual Contradiction,"২০১১ তে আমার ডান বগলে ছোট গুটি হয় । সেটা ২০১৩তে প্রথম ফোঁড়াস্বরুপ পেকে বের হয় । তারপর থেকে বছরে ২ - ৩ বার করে এই ফোঁড়া উঠছে । প্রচন্ড ব্যাথা এবং তীব্র গন্ধযুক্ত পুঁজ বের হয় । এখন দুই বগলেই ফোঁড়া উঠছে নিয়মিত । পিজি হসপিটাল , ঢাকা মেডিকেলে অনেকবার দেখানো হয়েছে । পরীক্ষা নিরীক্ষা করে ডাক্তারের পরামর্শে ড্রেসিং করিয়েছি , মেডিসিনও নিয়েছি । কিন্তু কোন ফল পাচ্ছি না । গত ২ বছর যাবৎ হোমিও চিকিৎসা নিচ্ছি , সেখানেও কোন ফল পাচ্ছি না । এখন কি করতে পারি ? ?",২০১১ তে ডান বগলে ছোট গুটি হয় । ২০১৩ তে ফোড়া হয়ে সেটা পেকে বের হয় । প্রচন্ড ব্যাথা এবং তীব্র গন্ধযুক্ত পুঁজ বের হয় । প্রতি বছর এ দুই বগলে হয় ।,২০১১ তে বাম বগলে ছোট গুটি হয়। ২০১৩ তে ফোড়া না হয়ে সেটা নিজে থেকেই সেরে যায়। তেমন ব্যথা বা গন্ধযুক্ত পুঁজ বের হয় না। প্রতি বছর শুধু এক বগলেই হয়।
3174::Factual Contradiction,3174,Factual Contradiction,"আসসালামু আলাইকুম , , , পায়খানার রাস্তায় অনেক বছর ধরে চুলকায় স্বাভাবিক ভাবতাম , , কিন্তু ৬ / ৭ মাস ধরে দেখছি সেখানে ছোট্ট মাংস্পিন্ড ঝুলে গিয়ে চুলকানি আর মলদ্বারে ক্রমাগত ব্যাথা বাড়িয়ে দিয়েছে । ডাক্তার দেখাতে চাই , , , , অপারেশন ছাড়া কি পরিত্রানের কোন উপায় আছে ? ? ? আর এই রোগ ডাক্তারি বিদ্যায় কোন ক্যাটাগরিতে পড়ে জানাবেন , , , , , তাহলে সেই বিভাগের ভালো কোন ডাক্তারের সাজেশন ও করতে পারেন , , ,","পায়খানার রাস্তায় অনেক বছর ধরে চুলকায় । কিন্তু ৬ / ৭ মাস ধরে ছোট্ট মাংস্পিন্ড ঝুলে গিয়ে চুলকানি আর মলদ্বারে ব্যাথা । , অপারেশন ছাড়া কি পরিত্রানের কোন উপায় আছে ?","পায়খানার রাস্তায় অনেক বছর ধরে কোনো চুলকানি ছিল না। কিন্তু ৬ / ৭ মাস ধরে ছোট্ট মাংসপিণ্ড শুকিয়ে গেছে, তাই মলদ্বারের ব্যথা ও অস্বস্তি কমে গেছে। অপারেশনই একমাত্র পরিত্রানের উপায় কি না জানতে চেয়েছেন।"
16443::Factual Contradiction,16443,Factual Contradiction,"আমার মেয়ের বয়স ৩ মাস । দিনের বেলা ৪ / ৫ ঘন্টা ঘুমায় , আবার সন্ধ্যা ৭ টায় ঘুমায় রাত ১১ / ১২ টায় জেগে উঠে , আর ঘুমায় না , বাকীরাত জেগে থাকে , হাল্কা কান্নাকাটিও করে , আবার ভোর ৪ / ৫য়ার দিকে ঘুম যায় । এমতাবস্থায় করণীয় কি ? জানালে খুশী হব ।",বয়স ৩ মাস । রাতে জেগে থাকে । দিনের বেশিরভাগ সময় ঘুমায় । কান্না করে । কি করনীয় ?,বয়স ৩ মাস। রাতে ভালো ঘুমায়। দিনের বেশিরভাগ সময় জেগে থাকে। কান্নাকাটি করে না। কি করণীয়?
6078::Non-factual,6078,Non-factual,"আমার মায়ের বয়স ৬০ বছর । তিনি পূর্বে থেকে উচ্চ রক্তচাপ , ডায়াবেটিস ও এ্যাজমার রোগী । উচ্চ রক্তচাপের জন্য তিনি প্রতি রাতে একটা করে এনজিলক * ৫০ খায় । কাল সকালে উচ্চরক্তচাপ বেশি মনে হওয়ায় ও শরীর খারাপ লাগায় কাল সকালে আবার এনজিলক * ৫০ আরো একটি খায় এবং রাতে আরেকটি খায় । অর্থাৎ কাল এনজিলক * ৫০ দুটি খেয়েছিল । কাল দিনে প্রচুর ঘুম হয়েছিল । আজ ভোর রাতে হঠাৎ অসুস্থ অনুভব করায় ও সামান্য বমি সকাল ৭ টায় রক্তচাপ পরিমাপ করে দেখা যায় ১০০ / ১৬০ এবং ডায়াবেটিস খালি পেটে ৮ . ৬ । তাই সকাল ৭ টায় গ্যাস্টিকের ঔষধ , তারপর এনজিলক * ৫০ ও ডায়াবেটিসের ঔষধ খায় । সকাল ১১ টায় গোসল করার পর থেকে এখন বমি ও প্রচন্ড মাথা ঘুরতে থাকে । এখন কি করনীয় ?","বয়স ৬০ । উচ্চ রক্তচাপ , ডায়াবেটিস ও এ্যাজমা আছে । উচ্চ রক্তচাপের জন্য প্রতি রাতে একটা করে এনজিলক * ৫০ খায় । কাল উচ্চরক্তচাপ বেশি মনে হওয়ায় দুটি খেয়েছিল । রক্তচাপ ১০০ / ১৬০ এবং ডায়াবেটিস খালি পেটে ৮ . ৬ । এখন বমি ও প্রচন্ড মাথা ঘুরছে ।","বয়স ৬০। উচ্চ রক্তচাপ, ডায়াবেটিস ও এ্যাজমা আছে। উচ্চ রক্তচাপের জন্য প্রতি রাতে একটা করে এনজিলক ৫০ খায়। কাল চাপ বেশি মনে হওয়ায় তিনটি খেয়েছিল। রক্তচাপ ১১০/১৭০ এবং খালি পেটে সুগার ৯.২। এখন বমি, প্রচণ্ড মাথা ঘোরা"
15893::Intrinsic,15893,Intrinsic,আমার ঘন ঘন প্রসাব হয় এবং প্রসাবটা ক্লিয়ার হয় না । এই সমস্যা আমার প্রায় চার পাঁচ বছর ধরে । কেয়ক বার ডাক্তার দেখিয়েছি তারা রক্তের কিটেনাইন টেষ্ট দিছে প্রতিবারই ১ . ২ আসছে । সর্বশেষ গত বছর করিয়েছি তাও ১ . ৩ আসছে । আমি দিনে তিন লিটারের মত পানি পান করি । তাছাড়া এই প্রসাবের জন্য শরীরে অন্য কোন সমস্যা নেই । এমতাবস্থায় আমি কি করতে পারি ।,৪ / ৫ বছর হলো ঘন ঘন প্রস্রাব হয় ও প্রস্রাব ক্লিয়ার না । রক্তের কিটেনাইন টেস্ট ১ . ২ ও . ১ . ৩ । কি করনীয় ?,"প্রায় ৬ / ৭ বছর ধরে ঘন ঘন প্রস্রাব হচ্ছে এবং প্রস্রাবে ঝাপসা ভাব আছে। কয়েকবার পরীক্ষায় রক্তের ক্রিয়েটিনিন ১.৫-এর কাছাকাছি এসেছে। দিনে প্রায় ৪ লিটার পানি পান করি, তবুও সমস্যা রয়ে গেছে। কী করণীয়?"
16423::Non-factual,16423,Non-factual,"আমি শনিবার হতে রাত্রিবেলা জ্বর জ্বর অনুভব করি দিনের বেলায় জ্বর আপডাউন করছে , আবার মাঝে মাঝে জ্বর একদমই ভালো হয়ে যাচ্ছে । আজ বুধবার এখন কোন জোর নেই কিন্তু কাশি দিতে মনে প্রচন্ড শক্তি প্রয়োজন হচ্ছে ভেতর থেকে মনে হয় প্রত্যেকটা অঙ্গ প্রত্যঙ্গ নাড়াচাড়া করছে , জোরে নিঃশ্বাস নিলে মনে হচ্ছে ফুসফুসের মাঝে শব্দ হচ্ছে । এখন আমার কি করনীয়","জ্বর জ্বর অনুভব করি , দিনের বেলায় জ্বর আপডাউন করছে , মাঝে মাঝে ভালো হয়ে যাচ্ছে । আজ জ্বর নেই কিন্তু কাশি দিতে মনে প্রচন্ড শক্তি প্রয়োজন হচ্ছে । নিঃশ্বাস নিলে ফুসফুসের মাঝে শব্দ হচ্ছে ।","শনিবার রাত থেকে ১০১ ডিগ্রি জ্বর জ্বর অনুভব করছেন, দিনের বেলায় জ্বর আপডাউন করছে এবং মাঝে মাঝে একদম ভালো হয়ে যাচ্ছে। আজ জ্বর নেই, তবে কাশি দিতে খুব শক্তি লাগছে। জোরে নিঃশ্বাস নিলে ফুসফুসের মধ্যে সাঁ সাঁ শব্দ হচ্ছে।"
25580::Non-factual,25580,Non-factual,আমি ঢাকার মোহাম্মদপুর থেকে বলছি । আমার মেয়ের বয়স 5 . 7 বছর । দুই দিন ধরে কাশি আর গতকাল রাত থেকে জ্বর । ঘুমের মধ্যে কাশতে কাশতে উঠে যায় অবস্থা । মানে ঘুমের সময়েই কাশি হয় বেশি ! জ্বরের জন্য ওকে কি খাওয়াবো ? যদিও ঠান্ডা থেকে জ্বর তারপরও ওর ডেঙ্গু টেস্ট করাব কিনা ? ওর জন্য এ মুহূর্তে আর কি কি করণীয় আমাদের ? দয়া করে যদি একটু পরামর্শ দিতেন । ধন্যবাদ ।,বয়স সাড়ে পাঁচ বছর । দুইদিন ধরে কাশি জ্বর । ডেঙ্গু টেস্ট করাব কিনা,বয়স ছয় বছর। তিনদিন ধরে কাশি ও জ্বর। জ্বর ১০১ ডিগ্রি পর্যন্ত উঠছে। ডেঙ্গু টেস্ট করাব কিনা।
16379::Intrinsic,16379,Intrinsic,"আমার নিঃশ্বাস ঠিক আছে , কিন্তু নাকের পিছনে ঠান্ডা লাগলে যেমন হয় তেমনটা অনুভব করি , সকালে ঘুম থেকে উঠতে কষ্ট হয় ( চোখ খুলতে কষ্ট হয় ) , চোখের পিছনে ব্যাথা অনুভব , মাথা ব্যাথা করে । সারা দিন মাথা ঝিম ঝিম করে । পিএনএস এক্সরে করছি , সি বি সি , সি আর পি টেষ্ট করাইছি রেজাল্ট সব ঠিক ঠাক আসছে । এখন কি করব আমি ।","নাকে ঠান্ডা লাগার মতো মনে হয় । ঘুম থেকে উঠতে কষ্ট হয় । মাথা ও চোখের পিছনে ব্যাথা করে । মাথা ঝিম ঝিম করে । পিএনএস এক্সরে , সি বি সি ও পি টেস্টের রেজাল্ট ভালো । কি করনীয় ?","নাকে ঠান্ডা লাগার মতো অনুভূতি হয় এবং রাতে শ্বাস নিতে কিছুটা কষ্ট হয়। সকালে ঘুম থেকে উঠলে চোখ খুলতে অসুবিধা, চোখের চারপাশ ও কপালে ব্যথা থাকে। সারাদিন মাথা ভার ও ঝিমঝিম করে। পিএনএস এক্স-রে, সিবিসি ও সিআরপি রিপোর্ট স্বাভাবিক। এখন কী করা উচিত?"
17312::Factual Contradiction,17312,Factual Contradiction,আমার ছেলের বয়স ১০ মাস । এখনো দাত উঠেনাই । কিন্তু নিচের মারির জায়গায় গুলো সাদা সাদা বুঝা যায় । সে রুটির টুকরা চিবিয়ে খায় । অন্য খাবার নরম করে খাওয়াই । দই এর মতো থিকনেস । ফিংার ফুড সে মুখে নেই না । এখনো দাত না উঠা কি চিন্তার কিছু ? ?,বয়স ১০ মাস । এখনো দাত উঠে নাই । কিন্তু নিচের মারির জায়গায় গুলো সাদা সাদা বুঝা যায় ।,বয়স ১০ মাস। ইতিমধ্যে দাঁত উঠেছে। নিচের মাড়ির জায়গাগুলোতে সাদা কিছু বোঝা যায় না।
7647::Factual Contradiction,7647,Factual Contradiction,"গত ১ বছর যাবত বুকের মাঝ বরাবর চাপা ব্যাথার অনুভব করি শ্বাস প্রশ্বাসের সময় , তাছাড়া যখন মসলা জাতীয় তরকারি খাই তখন হাঁচি পাই ৩ - ৪ বার । আমি মূল্যবান পরামর্শ চাই , কিভাবে এই ব্যাথা থেকেমুক্তিপেতে পারি । আমি ইতিপূর্বে - ইসিজি , ব্লাড , ডায়াবেটিস , প্রসাব টেস্ট করিয়েছি , সব নরমাল আছে ।",গত ১ বছর ধরে শ্বাস - প্রশ্বাসের সময় বুকের মাঝ বরাবর চাপা ব্যাথা অনুভব হয় । মশলা জাতীয় তরকারি খেলে হাঁচি পায় ৩ - ৪ বার । কিভাবে এই ব্যাথা থেকে মুক্ত হতে পারি ?,"গত ১ বছর ধরে শ্বাস-প্রশ্বাসের সময় বুকের মাঝ বরাবর কোনো ব্যথা হয় না, তবে বিশ্রামের সময় চাপা ব্যথা অনুভব হয়। মশলা জাতীয় তরকারি খেলে হাঁচি না হয়ে কাশি হয় ৩-৪ বার। কিভাবে এই ব্যথা থেকে মুক্ত হতে পারি?"
8290::Factual Contradiction,8290,Factual Contradiction,"আল্লার পরে আপনারাই ভরশা , স্যার আমার এক মাস যাবত আম পড়ছে পায়খানার সাথে , আগের প্রশ্নের উত্তরে কিছু পরিক্ষার কথা বলেছিলেন , কিন্ত এই অবস্থায় বাসা থেকে বের হতে পারছিনা , তাছাড়া আমার গ্রাম থেকে জেলা সদর ১০০ কি , মি । সুন্দর বনের পাশে থাকি , আজ খুব দুর্বল লাগছে , আপাতত কোন ওষুধ খেলে আম পড়া কমে যাবে , প্লিজ জানাবেন , সকালে ফিলমেট ৪০০ এক সাথে দুটো খেয়েছি , আর কি কি পরিক্ষা করতে হবে জানালে বাধিত হব ।","এক মাস যাবত আমাশয় , টেস্ট করানো সম্ভব হচ্ছেনা । কি ওষুধ খেলে উপশম হবে ?","এক মাস যাবত আমাশয় নেই, টেস্ট করানো সম্ভব হচ্ছে। কোনো ওষুধ খাননি, এখন কি ওষুধ খেলে উপশম হবে?"
18931::Factual Contradiction,18931,Factual Contradiction,"আস সালামু আলাইকুম , আমি গত ২৯ / ০৪ / ২১ তারিখ রাতে খুব গরম লাগার কারনে গোসল করে ঘুমাতে যায় । সেহেরি খাওয়ার সময় হালকা গলা ব্যথা অনুভব করি । সেদিন একটা নাপা ট্যাবলেট খেয়েছি , তারপর মাঝে মধ্যে সামান্য ব্যথা অনুভব হত , কিন্তু গত ০৯ / ০৫ / ২১ তারিখ ইফতারের পর ডান পাশের টন্সিলে প্রচন্ড ব্যথা শুরু হয় । হাল্কা গরম পানিতে লবন মিশিয়ে গড়গড়া করি , এরপর ব্যথা আরও তীব্র হয় এবং এখন পর্যন্ত কথা বলতে ও ঢোক গিলতে ও খুব কস্ট হচ্ছে । টর্চের আলো দিয়ে মুখ হা করে আয়নার দেখলাম , ডান টনসিল একটু ফোলা এবং লাল দেখা যাচ্ছে , পরামর্শ চাই ।","ডান পাশের টন্সিলে প্রচন্ড ব্যথা , গার্গল করে ব্যথা আরও তীব্র হয় এবং কথা বলতে ও ঢোক গিলতে ও খুব কস্ট হচ্ছে । ডান টনসিল একটু ফোলা এবং লাল দেখা যাচ্ছে ।","বাম পাশের টন্সিলে প্রচন্ড ব্যথা, গার্গল করার পর ব্যথা কিছুটা কমে গেছে এবং কথা বলতে ও ঢোক গিলতে তেমন কষ্ট হচ্ছে না। বাম টনসিল একটু ফোলা কিন্তু লাল দেখা যাচ্ছে না।"
25224::Intrinsic,25224,Intrinsic,"আচ্ছালামুয়ালাইকুম ভইয়ো আমার বয়স ২৭ বছর গতো এক থেকে দেড় বছর যাবত আমার দুই রানের চিপায় এবং পায়ু পথের চার পাসে প্রচুরপরিমাণ চুলকায় , , এবং গতো একমাস আগে গোল বৃত্ত আকার কিছু দাউদ হয় , , পরে ফার্মেসিতে গেলে আমাকে ১ সপ্তাহের ঔষুধ দেয় দুই প্রকার ট্যবলেট আর একটি মলম ওষুধ ব্যবহার করার পর ভালো হয় দাউদ তয় চুলকানো কমেনাই তা ছাড় আবার নতুন করে ছোট ছোট দাউদ হচ্ছে , , এখন আমি কি করতে পারি সমাধান দিলে উপকৃত হবো , ,",বয়স ২৭ । দুই রানের চিপায় এবং পায়ু পথে চারপাশে চুলকায় । এক মাস আগে দাঁদ রোগ হয়েছিল এখন আবার হচ্ছে,"বয়স ২৭। প্রায় দুই বছর ধরে দুই রানের চিপায় ও পায়ুপথের আশপাশে তীব্র চুলকানি। এক মাস আগে বড় গোলাকার দাঁদ হয়েছিল, ওষুধে কমলেও এখন আবার নতুন করে ছোট ছোট দাঁদ ছড়াচ্ছে।"
22088::Intrinsic,22088,Intrinsic,স্যার ! আমি একজন সার্জারি ডাঃ আমাকে এভোলাক সিরাপ খেতে বলেছে পায়খানা নরম হওয়ার জন্য । একটি সিরাপ তিনদিন চলে । কিন্তু আর্থিক দুর্বলতার কারণে এটি কিনতে কষ্ট হচ্ছে । এটার পরিবর্তে অন্য কোনো ঔষধের নাম বললে উপকার হতো । । বাংলায় উত্তর চাই ।,পায়খানা নরম হওয়ার জন্য ডাক্তারের পরামর্ষে তিনদিন এভউলাক সিরাপ খেয়েছি । এর পরিবর্তে অন্য কোন ওষুধ চাই । বাংলায় সমাধান দিন ।,"পায়খানা নরম করার জন্য ডাক্তারের পরামর্শে এক সপ্তাহ এভোলাক সিরাপ খাচ্ছি, কিন্তু দাম বেশি হওয়ায় চালিয়ে যেতে পারছি না। এর বদলে কম দামের অন্য কোনো সিরাপ বা ট্যাবলেটের নাম জানতে চাই। বাংলায় সমাধান দিন।"
12076::Factual Contradiction,12076,Factual Contradiction,স্যার আমি বিয়ে করেছি ১ বছর হল । এখন বাচ্চা নিতে চাচ্ছি । কিন্তু গত কয়েক মাস ধরে আমার স্ত্রীর পিরিয়ড হচ্ছে না । বার বার বেবি টেস্ট করালে নেগেটিভ আসে এদিকে কয়েক মাসও হয়ে গেল পিরিয়ড হচ্ছে না । লকডাউনের কারনে ২মাস ধরে কোন ডাক্তারও পাচ্ছি না এমতাবস্থায় কী করণীয় ।,বাচ্চা নিতে চাই । কয়েকমাস হলো স্ত্রীর পিরিয়ড হচ্ছে না । টেস্ট করালে নেগেটিভ আসে । কি করনীয় ?,বাচ্চা নিতে চাই না। কয়েকমাস হলো স্ত্রীর নিয়মিত পিরিয়ড হচ্ছে। টেস্ট করালে পজিটিভ আসে। কি করনীয়?
1892::Non-factual,1892,Non-factual,"আসসালামু আলাইকুম ডক্টর ! গত ২৩ - ২৬ জুন তারিখে সিজারিয়ানের জন্য আমি হাস্পাতালে ছিলাম । অই সময়ে আমার বাম হাতের তালুর বিপরীত পাশে ক্যানোলা লাগানো হয়েছিলো । হাস্পাতাল থেকে রিলিজ নেওয়ার সময়ও অই জায়গাটা ব্যাথা করতেছিলো । ভাবলাম ভালো হয়ে যাবে , কিন্তু হয়নি । এখন হাতের উভয় পাশ সামান্য ফুলে আছে এবং ব্যাথা প্রচুর । ইঞ্জেকশান দেয়া দুটো জায়গায় রগের মধ্যে শক্ত হয়ে ফুলে আছে , যা বাইরে থেকে স্পস্ট বুঝা যায় । স্পর্শ করলেও ব্যাথা হয় । অলিভওয়েল দিয়ে ম্যাসাজ করছি কিন্তু কোনো লাভ হচ্ছে না । দয়াকরে পরামর্শ দিবেন ।","২৩ - ২৬ জুন তারিখে সিজারের সময় বাম হাতের তালুর বিপরীত পাশে ক্যানোলা লাগানো হয়েছিলো । রিলিজ নেওয়ার সময়ও জায়গাটা ব্যাথা করতেছিলো । এখন হাতের উভয় পাশ সামান্য ফুলে আছে এবং ব্যাথা প্রচুর । ইঞ্জেকশান দেয়া দুটো জায়গায় রগের মধ্যে শক্ত হয়ে ফুলে আছে , যা বাইরে থেকে স্পস্ট বুঝা যায় ।","২০ - ২৭ জুন তারিখে সিজারের সময় বাম হাতের কব্জির কাছে ক্যানোলা লাগানো হয়েছিলো। রিলিজ নেওয়ার সময়ও জায়গাটা ব্যথা ছিল। এখন হাতের দুই পাশ বেশ ফুলে গেছে এবং ব্যথা অনেক বেশি। ইঞ্জেকশন দেওয়া তিনটি জায়গায় রগ শক্ত হয়ে উঠেছে, বাইরে থেকে স্পষ্ট বোঝা যায়, আর সেফট্রিয়াক্সোন"
2042::Intrinsic,2042,Intrinsic,"আমার আব্বা , চাচাদের ও দাদার মাথায় টাক ছিল । আমার বয়স ৩০ । বর্তমানে আমার মাথার উপর মাঝামাঝি জায়গায় চুল অনেক কমে গেছে । চুলে হাত দিলেই কমপক্ষে ৬ / ৭ টি চুল ঝড়ে পড়ে । আমাকে সহজ ও কার্যকর উপায় জানান । না হলে চুল উঠার দুশ্চিন্তায় আমার আরো চুল উঠে যাবে . . .",বয়স ৩০ । মাথায় চুল কমে গেছে । চুল ঝড়ে । কি করনীয় ?,"বয়স ৩০। পরিবারে সবারই অল্প বয়সে টাক পড়েছে। কপালের সামনের দিক ও মাঝখানে চুল অনেক পাতলা হয়ে গেছে, প্রতিদিন অনেক চুল ঝরে। দ্রুত ও স্থায়ী সমাধান কী?"
2076::Non-factual,2076,Non-factual,আমার অনেক দিন যাবত ঠান্ডা হাঁচি নাক দিয়ে পানি পরে । ধুলো বালি নাকে গেলেই হাঁচি হয় । সকালে হাঁচি হয় । নাকের মাংস আঙুরের দানার মতো দুইপাশে ঠান্ডা লাগলেই বাড়ে । বৃষ্টিতে ভিজলে ঠান্ডা লাগে । বুকে প্রচুর কফ হয় । আমি মেডিসিন বিশেষজ্ঞ দেখিয়েছি । ডাক্তার রক্ত পরীক্ষা আর বুক এক্সরে করে ট্রাইলক টেন আর টোফেন খেতে দিয়েছে । দুইমাস খেয়ে ভাল হয়েছিলাম আবার ও অসুস্থ । অসুধ খেলে কমে না খেলে বারে এখন আমি কি করব,"ঠান্ডা , হাঁচি ও নাক দিয়ে পানি পড়ে । নাকের মাংস ঠান্ডা লাগলে বাড়ে । বুকে কফ হয় । ট্রাইলক টেন ও টোফেন খাচ্ছি । ওষুধ খেলে কমে । না খেলে বাড়ে । কি করনীয় ?","ঠান্ডা, হাঁচি ও নাক দিয়ে পানি পড়ে। নাকের মাংস ঠান্ডা লাগলে দুই পাশে বেশি ফুলে যায়। বুকে কফ হয়। ট্রাইলক টেন, টোফেন ও মন্টেলুকাস্ট খাচ্ছি। ওষুধ খেলে কমে, না খেলে আবার বাড়ে। কী করণীয়?"
13005::Factual Contradiction,13005,Factual Contradiction,"আমি গত প্রায় ২ / ৩ বছর ধরে প্রচুর পরিমাণে ঘামি । সেটা পুরো ১২ মাসই । আমি এর জন্য স্কিনের ডাক্তার দেখিয়েও কোন কাজ হয়নি । আমার থাইরয়েড , ডায়েবিটিস , উচ্চ রক্ত চাপের চেস্টের রেজাল্ট নেগেটিভ । এখন আমি কোন বিষয়ের ডাক্তারকে দেখাব ?","২ / ৩ বছর হলো প্রচুর ঘামি । স্কিনের ডাক্তার দেখিয়ে কাজ হয় নি । থাইরয়েড , ডায়াবেটিস , উচ্চ রক্তচাপ নেই । কোন বিষয়ের ডাক্তার দেখাবো ?","২ / ৩ বছর হলো খুব কম ঘামি, আর সেটা শুধু গরমের সময়। স্কিনের ডাক্তার দেখিয়ে উপকার হয়েছে। থাইরয়েড, ডায়াবেটিস, উচ্চ রক্তচাপ ধরা পড়েছে। এখন কোন বিষয়ের ডাক্তার দেখাবো?"
23954::Non-factual,23954,Non-factual,আসসালামু আলাইকুম । আমার ছেলের বয়স ১৩ বছর ৬ মাস আসুন ১৩ কেজি ৩০০ গ্রাম । গত দুইদিন ধরে সর্দি কাশি । গতকাল কাশির মাত্রা খুবই বেশি ছিল সারারাত অতিমাত্রায় কাশি হয়েছে এবং কাশতে কাশতে কয়েকবার বমি হয়েছিল । দুদিন ধরে টোফেন সিরাপটা খাওয়ানো হয়েছিল তারপরও কাশি কমেনি । এখন সর্দি এবং কাশি চলমান আছে । এই মুহূর্তে কি করা যেতে পারে ? বিদ্রঃ ছোটবেলা থেকেই তার খাওয়া - দাওয়ার প্রতি আগ্রহ খুবই কম । যখনই খাওয়াতে হয় জোর করেই খাওয়াতে হয় । আপনার জন্য ও কি করা যেতে পারে ?,"বয়স ১৩ বছর ৬ মাস , ওজন ১৩ কেজি । দুইদিন ধরে সর্দি কাশি । কাশির মাত্রা খুবই বেশি , কাশতে কাশতে কয়েকবার বমি হয়েছিল । দুদিন ধরে টোফেন সিরাপটা খাওয়ানো হয়েছিল তারপরও কাশি কমেনি ।","বয়স ১৩ বছর ৬ মাস, ওজন ১৫ কেজি। তিনদিন ধরে সর্দি-কাশি। কাশির মাত্রা খুবই বেশি, কাশতে কাশতে কয়েকবার বমি হয়েছে। দুদিন ধরে টোফেন সিরাপ ও মন্টেলুকাস্ট খাওয়ানো হয়েছে, তারপরও কাশি কমেনি।"
19320::Non-factual,19320,Non-factual,"শিশু সন্তান বয়স 3 বছর 4 মাস একদমই খেতে চায় না । খাবার মুখে দিলে বমি করে দেয় মাঝে মাঝে । খাবার পরও বমি করে । খাওয়ায় একদমই রুচি নাই সবচেয়ে বড় সমস্যা খাওয়ার সময় বমি করে দেয়া । হঠাৎ কোন কোন দিন ঘুমের মধ্যেও বমি করে দেয় । আমরা সাধারণত খিচুড়ি , নুডুলস , দুধ , সুজির পায়ে এগুলো খাওয়াই । খিচুড়িতে মাছ এবং সবজি থাকে । নুডুলস এ ডিম দেয়া হয় । পরামর্শ চাইছি ।","বয়স 3 বছর 4 মাস । একদমই খেতে চায় না । বমি করে দেয় মাঝে মাঝে । খাবার পর , ঘুমের মধ্যেও বমি করে দেয় । আমরা সাধারণত খিচুড়ি , নুডুলস , দুধ , সুজির পায়ে এগুলো খাওয়াই ।","বয়স ৩ বছর ৪ মাস। প্রায় দুই সপ্তাহ ধরে একদমই খেতে চায় না। খাওয়ার সময় ও খাবার পর বমি করে, কখনও ঘুমের মধ্যেও বমি হয়। সাধারণত খিচুড়ি, নুডুলস, দুধ, সুজির পায়েস খাওয়ানো হয়, আর ওআরএসও দেওয়া হচ্ছে।"
23375::Factual Contradiction,23375,Factual Contradiction,"আসসালামুয়ালাইকুম ডাক্তার ভাই আমার একটা প্রশ্ন আছে আমার একটা কন্যা সন্তান হইছে তার বয়স 16 দিন , সে শুধু কান্না করে আবার যখন মায়ের বুকের দুধ দেওয়া হয় তখন চুপচাপ থাকে একঘন্টা যদি মায়ের বুকের দুধ খেতে থাকে এক ঘন্টায় চুপ থাকে , আবার এক ঘন্টা পর দুধ সরিয়ে ফেললে কান্না শুরু করতে থাকে দয়া করে এটির সঠিক পরামর্শ দিবেন ধন্যবাদ ।",বয়স ১৬ দিন । বুকের দুধ খাওয়ানো সরিয়ে দিলে এক ঘন্টা পর কান্না শুরু করে,"বয়স ১৬ দিন। বুকের দুধ খাওয়ালে এক ঘন্টা পর কান্না শুরু করে, আর দুধ সরিয়ে দিলে চুপচাপ থাকে।"
16758::Factual Contradiction,16758,Factual Contradiction,"আমার বুকে অনেক কফ কাসদিলে শক্ত শক্ত কফ বের হয় । অল্প পরিশ্রম করলে দম ছোট হয় , মেডিসিন , বক্ষব্যাধি ডাক্তার দেখিয়েছি ঔষধ খেয়েছি এক্সরে সহ অন্যান্য টেষ্টও করিয়াছি , আমি ধুমপান কখনো করিনি উচ্চ রক্তচাপ আছে নিয়মিত ঔষধ খাই , বর্তমানে আমার বুকের কফ তরল হয়ে পরে গেলে হয়ত আমি সুস্হ মনে করি , বুকের এই কফ তরল হয়ে পরে যাওয়ার কোন পরামর্শ পেতে পারি কি",কাশি দিলে শক্ত কফ বের হয় । অল্প পরিশ্রমে দম ছোট হয় । উচ্চ রক্তচাপ আছে নিয়মিত ওষুধ খাওয়া হয় । অধূমপায়ী ।,কাশি দিলে তরল কফ বের হয়। অল্প পরিশ্রমে দম ছোট হয় না। উচ্চ রক্তচাপ নেই এবং নিয়মিত ওষুধ খাওয়া হয় না। ধূমপান করেন।
12051::Intrinsic,12051,Intrinsic,"আসসালামু আলাইকুম , আমি ২৭ বছর বয়সী । আমার দাত ছোটবেলা হতে বাকা ছিল । এখন দুটি দাত পাশাপাশি ( একদাতের জায়গায় ) অবস্থান করছে । আর কিছুদিন আগে খেয়াল করছি ডান দিকের চোয়াল একটু বাকা , বাম দিকের তুলনায় । এ অবস্থায় আমি "" ডাক্তার ভাই "" হতে কি সাহায্য পেতে পারি ? এই করোনায় ডাক্তারের কাছে যাওয়া উচিত কিনা !",বয়স ২৭ । ছোট থেকে দাঁত বাঁকা ছিল । এখন দুটো দাঁত একই জায়গায় আছে । ডান দিকের চোয়াল বাঁকা বাম দিকের তুলনায় ৷ কি করনীয় ?,"বয়স ২৭। ছোটবেলা থেকে দাঁত বাঁকা, এখন সামনে তিনটি দাঁত গাদাগাদি করে একই জায়গায় উঠেছে। কিছুদিন ধরে ডান পাশের চোয়াল বেশ নিচের দিকে সরে বাম দিকের তুলনায় বেশি বাকা মনে হচ্ছে। এ অবস্থায় কী চিকিৎসা দরকার?"
4582::Intrinsic,4582,Intrinsic,"স্যার , আমার বয়স 36 আমি একা . প্রশ্ন হচ্ছে আমি মানসিক কারণে এবং পারিপার্শ্বিক বিষন্নতা থেকে ইয়াবা অ্যাডিক্টেড হয়ে পড়ি . প্রথমে একটা করে খেতাম দুই দিন বা চার দিন পর এখন প্রায় 6 মাস একটানা 5টা - 7টা করে খেতে হচ্ছে কারণ প্রতিদিন খাওয়ার প্রবণতায় . আমার প্রচন্ড ছাড়ার ইচ্ছা কিন্তু গার্ডিয়ান কেউ নেই এবং আমি নিজে একা পারছিনা আমার দেখা যারা রিহাব সেন্টারে ভর্তি হয়েছে তারা এখন ঘুমের ঔষধের নেশায় জড়িত হয়ে পড়েছে . সে ক্ষেত্রে দয়া করে আমাকে একটি পরামর্শ দিন যেন আমি এই ভয়ঙ্করনেশা থেকে বেরিয়ে আসতে পারি .",বয়স ৩৬ । মানসিক কারণে এবং পারিপার্শ্বিক বিষন্নতা থেকে ইয়াবা অ্যাডিক্টেড । ছাড়তে চাই ।,"বয়স ৩৬। দীর্ঘদিনের মানসিক চাপ ও একাকীত্ব থেকে ইয়াবায় আসক্ত, এখন প্রায় এক বছর ধরে প্রতিদিন ৭–৮টা করে খাচ্ছেন। রিহ্যাবে যেতে ভয় পাচ্ছেন, কিন্তু নেশা ছাড়তে চান।"
25870::Non-factual,25870,Non-factual,"আমার বয়স ৪১ , উচ্চতা ৫ - ৬ "" "" , ওজন ৭০ প্রায় ২ / ৩ বছর যাবৎ পায়ের গোড়ালি তে ব্যথা হয় । দুই পায়েই হয় তবে ডান পায়ে বেশি । হাটাহাটি বেশি করলে ঘুম থেকে ওঠার পরে হাটতে খুব কস্ট হয় । ১ / ২ মিনিট হাটলে আস্তে আস্তে কমে কিন্ত সারাদিনই ব্যথা থেকেই যায় । আমি তেমন কোন ঔষধ খায় নাই এজন্য । অনুগ্রহ করে আমাকে সহযোগিতা করবেন ধন্যবাদ ।","বয়স ৪১ , ওজন ৭০ . পায়ের গোড়ালিতে ব্যথা হয় , হাটাহাটি বেশি করলে ঘুম থেকে উঠার পর হাঁটতে খুব কষ্ট হয় । ১ - ২মিন হাঁটলে ব্যথা কমে , আবার থাকে","বয়স ৪১, ওজন ৭২। প্রায় ৪ বছর ধরে পায়ের গোড়ালিতে ব্যথা, দুই পায়েই হলেও বাম পায়ে বেশি। বেশি হাঁটাহাটি করলে ঘুম থেকে উঠে হাঁটতে খুব কষ্ট হয়। ৩-৪ মিনিট হাঁটলে ব্যথা কিছুটা কমে, তবে সারাদিনই থাকে।"
14748::Factual Contradiction,14748,Factual Contradiction,"আসসালামু ওয়ালাইকুম , , , আমাদের বিয়ে হয়েছে আড়াই বছর , , আমাদের একটি ছেলে সন্তান আছে যার বয়স ১৫ মাস , , বিয়ের সময় আমার ওয়াইফ এর স্বাস্থ্য মিডিয়াম ছিল , , বিয়ে হওয়ার পর থেকে স্বাস্থ্যর অবস্থা দিন দিন অনেক খারাপ হয়ে গেছে , , , লাস্ট আপডেট হল স্বাস্থ্য অনেক খারাপ হয়ে একদম শুকিয়ে গেছে , , এখন কি করতে পারি স্যার",বিয়ের পর স্বাস্থ্য খারাপ হয়েছে । শুকিয়ে গেছে । কি করনীয় ?,বিয়ের পর স্বাস্থ্য অনেক ভালো হয়েছে। এখন মোটা হয়ে গেছে। কি করনীয় ?
20446::Factual Contradiction,20446,Factual Contradiction,"আমার স্ত্রীর বয়স 28 বছর তিন মাসের প্রেগন্যান্ট , সমস্যা হচ্ছে ওর গ্যাস্টিকের , কোন কিছু খেতে পারে না , গলা জ্বলে পেটের ভেতর বুড় বুড় শব্দ করে , পেট ব্যথা করে বাথরুমে যায় , ফ্যাট পাপা পাপা থাকে , খাওয়ার পরে ঢেকুর আসে , গ্যাস্টিকের ওষুধ সারজেল ৪০ খাচ্ছে , মাঝে মাঝে এন্টাসিড প্লাস খাচ্ছে , কিন্তু কমতেছে না কোন ওষুধ কি সাজেস্ট করবেন ।","বয়স ২৮ । ৩ মাসের প্রেগন্যান্ট । গ্যাস্ট্রিকের সমস্যা , গলা জ্বলে , পেটের ভেতরে শব্দ করে , পেট ব্যাথা হয়ে বাথরুম হয় , পেট ফাঁপা থাকে , খাওয়ার পরে ঢেকুর হয় । সারজেল ৪০ ও এন্টাসিড প্লাস খাচ্ছে কিন্তু কমছে না । কি করনীয় ?","বয়স ২৮। ৩ মাসের প্রেগন্যান্ট নন। গ্যাস্ট্রিকের সমস্যা থাকলেও গলা জ্বলে না, পেটের ভেতরে শব্দও করে না। পেট ব্যথা বা বাথরুমের সমস্যা নেই, পেট ফাঁপাও থাকে না, শুধু খাওয়ার পরে ঢেকুর হয়। সারজেল ৪০ ও এন্টাসিড প্লাস খাচ"
10811::Non-factual,10811,Non-factual,আমার স্ত্রীর ( ২২ ) ঘাড়ের চামড়া কুঁচকে কালো কালো ছোপ বসে যাচ্ছে । কালো দাগ যেমন বুড়ো মানুষের মতো চামড়াটা হয়ে যাচ্ছে । প্রথমে একটি স্থানে ছিল কিন্তু আস্তে আস্তে ঘারের উপরে এবং ঘাড়ের চার পাশে ছেয়ে যাচ্ছে । এমন অবস্থায় কি করা উচিত ?,বয়স ২২ । তার ঘাড়ের চামড়া কুচকে কালো ছোপ হচ্ছে । চারপাশে এই দাগ ছড়াচ্ছে । কি করনীয় ?,"বয়স ২২। তার ঘাড়ের চামড়া মোটা হয়ে কালো ছোপ পড়ছে। প্রথমে এক পাশে ছিল, এখন পুরো ঘাড়ের চারদিকে ছড়িয়ে গেছে প্রায় ৬ মাস ধরে। কী করণীয়?"
4136::Factual Contradiction,4136,Factual Contradiction,আমার বাবা বয়স ৬৫ তার ব্লাড পেসার সব সময় ১৬০ / ১০০ কিংবা তার চেয়ে বেশি থাকে এক ডাঃ এর পরামর্শ তে ৷ ১০ দিন ৷ কার্ডিনর ৫ + ওলমিডিপ ৫ / ২০ খাইছে পেসার কমে নি ৷ পরের ১০ দিন কার্ডিনর ৫ + ওলমিডিপ ৫ / ৪০ খাইছে কোন কাজ হয়নি এর পরের ১০ দিন কার্ডিনর ৫ + ডয়ুপ্রেস ৫ / ৪০ খাইছে কোন কাজ হয় ৷ এখন কি করা জেতে পারে,বয়স ৬৫ । ব্লাড পেসার ১৬০ / ১০০ ১০ দিন ৷ কার্ডিনর ৫ + ওলমিডিপ ৫ / ২০ খাইছে ৷ পরের ১০ দিন কার্ডিনর ৫ + ওলমিডিপ ৫ / ৪০ খাইছে এর পরের ১০ দিন কার্ডিনর ৫ + ডয়ুপ্রেস ৫ / ৪০ খাইছে । কোন কাজ হয়নি ৷,বয়স ৬৫। ব্লাড পেসার সব সময় ১২০/৮০-এর মতো স্বাভাবিক থাকে। ১০ দিন কার্ডিনর ৫ + ওলমিডিপ ৫/২০ খেয়ে পেসার কমে গেছে। পরের ১০ দিন কার্ডিনর ৫ + ওলমিডিপ ৫/৪০ এবং এরপর কার্ডিনর ৫ + ডয়ুপ্রেস ৫/
11387::Factual Contradiction,11387,Factual Contradiction,আমার মিছেছ এর কাশি হচ্ছে প্রথম পর্যায়ে নাকে সদ্ধি হচ্ছিলো । আমি ফারমেছি থেকে তুলছি সিরাপ এনে দিয়েছি । এখোন সদ্ধি টা কুমে গিয়েছে । কিন্তু কাশি টা কুমছে না এমতো অবস্থায় কি করনীয় আছে দয়া করপ বলবেন কি ? আমার মিছেছ এর পলিপাস এর সমস্যা ওর নাকটা বন্ধো হয়ে যাচ্ছে ।,কাশি ও সর্দি ছিল । তুলসী সিরাপ খাওনার পরে সর্দি কমে । কাশি কমছে না । কি করনীয় ? নাকে পলিপাসের সমস্যায় নাক বন্ধ হয়ে যাচ্ছে ।,"কাশি ও সর্দি ছিল। তুলসী সিরাপ খাওয়ার পরেও সর্দি কমেনি, তবে কাশি কিছুটা কমেছে। কি করণীয় জানতে চেয়েছেন। নাকে পলিপাসের সমস্যা নেই, তবু নাক বন্ধ হয়ে যাচ্ছে।"
16667::Non-factual,16667,Non-factual,"আমার গলায় মনে হয় চাপ লেগে আছে । কালকে রাত থেকে এমন মনে হচ্ছে । কিন্তু কোনো ধরনের ব্যথা বা অন্য সমস্যা নেই । সাধারণত শুয়ে থাকলে গলার ভিতরের দিকটা ভাঁজ হয় , তখন মনে হয় বেশি । এভাবে চাপ লাগা অনুভব হওয়াতে মনে হয় নিঃশ্বাস টা গলার মধ্যে দিয়ে যাচ্ছেনা । আমার কোনো ধরনের টনসিল বা অন্য সমস্যা ও নেই ।",গলায় চাপ লেগে আছে । শুলে বেশি হয় । কি করনীয় ?,গলায় চাপ লেগে আছে তিন দিন ধরে। শুলে ও বালিশ ছাড়া থাকলে বেশি হয়। মাঝে মাঝে নিঃশ্বাস আটকে যাওয়ার মতো লাগে। কি করণীয়?
7160::Non-factual,7160,Non-factual,আমা বয়স ৩১ বছর । আমি বিবাহিত । দিন দিন আমার শরীল শুকিয়ে যাচ্ছে । এমনিতে আমার কাছে মনে হচ্ছে আমার কোনো রোগ নেই কিন্তু দিন দিন শরীল শুকিয়ে যাওয়ার কারণ কী জানাবেন প্লিজ । এছাড়া আমি কোনো ঔষধ খেলে শরীরের উন্নতি হবে কিনা ? শারীরিকভাবে আমি দুর্বল না । ওজন আমার মাত্র ৪৮ কেজি । আমি ডায়াবেটিস পরীক্ষা করিয়েছি হাসপাতাল থেকে ডায়াবেটিসও নাই । খাওয়া দাওয়া তেমন করতে পারি না ।,"বিবাহিত ৩১বছর বয়স ওজন ৪৮ কেজি , শরীর শুকিয়ে যাচ্ছে , ডায়াবেটিস নাই , খাবারে অরুচি , করণীয় কি ?","বিবাহিত ৩১ বছর, ওজন ৪৫ কেজি, শরীর দ্রুত শুকিয়ে যাচ্ছে, থাইরয়েড পরীক্ষায় সমস্যা ধরা পড়েছে, খাবারে অরুচি, কোনো ভিটামিন ওষুধে উন্নতি হবে কি?"
7608::Factual Contradiction,7608,Factual Contradiction,"আমার ছেলের বয়স ৯ মাস , ২ / ৩ দিন হলো ছেলের এক চোখ লাল হয়ে ছিল , এখন দুচোখ লাল হয়ে গেছে , এবং ভিশন চুলকায় ওর চোখ , হাতের পিছন দিয়ে ওর চোখ ঘসে চুলকায় । এই অবস্থায় , এখন কি করতে পারি , এখন গ্ৰামের বাড়িতে আছি । দয়া করে জানাবেন ।","৯ মাস বয়সী ছেলে , ২ - ৩ দিন আগে এক চোখ লাল হয়ে ছিল , এখন দুই চোখ লাল , সাথে প্রচুর চুলকানি । করণীয় কি ?","৯ মাস বয়সী ছেলে, ২ - ৩ দিন আগে দুই চোখ লাল হয়ে ছিল, এখন এক চোখ লাল, সাথে কোনো চুলকানি নেই। করণীয় কি?"
19519::Factual Contradiction,19519,Factual Contradiction,"আমার প্রায় সারাবছরই শুকনা কাঁশি লেগেই থাকে । অনেকবার স্পেশালিষ্ট ডাক্টার দেখিয়েছি । বুকের এক্সরে , কফ , রক্ত পরিক্ষা করিয়েছি । প্রায় সব ডাক্টারই বলেছে কোল্ড এলারজি । ওষুধ দেয় খাওয়ার কিছুদিন কম থাকে কিন্তু পুনরায় আবার আগের মতোই কাঁশি শুরু হয় । আমি এই কাঁশি নিয়ে খুবই চিন্তিত । স্থায়ীভাবে কি আমার কাঁশি সারানোর কোন উপায় আছে । মাঝেমাঝে কাঁশির কারনে বুক পযন্ত ব্যাথা হয়ে যায় । আমি কোন ধরনের নেশার সাথে যুক্ত নেই , ধুমপান করিনা ।","সব ধরনের পরীক্ষার পর প্রায় সবাই বলেছে Cold Allergy . ওষুধ খেলে কমে কিন্তু কিছুদিন পর আবার বেড়ে যায় , সারা বছর থাকে । স্থায়িভাবে কাশি কিভাবে দূর হবে ?","সব ধরনের পরীক্ষার পর প্রায় সবাই বলেছে কোল্ড এলারজি নয়। ওষুধ খেলে কাশি স্থায়ীভাবে সেরে যায়, সারা বছর থাকে না। স্থায়িভাবে কাশি কিভাবে দূর হবে?"
11748::Intrinsic,11748,Intrinsic,আসসালামু আলাইকুম আমার মায়ের বয়স 57 বছর আমার মায়ের এর আগে দুইবার ব্রেন স্ট্রোক হয়েছে আম্মু বেশ কয়েকদিন যাবৎ সবার সাথে রাগারাগি করছে বিশেষ করে আমার বাবার সাথে আমার বাবার বয়স 70 বছর আমার মা সন্দেহ করে তার অন্য কোন নারীর সাথে সম্পর্ক আছে যেটা অসম্ভব । সব সময় রাগ উঠে থাকে কোনক্রমে তার রাগ কমাতে পারি না হাসিখুশি থাকে না তাকে নিয়ে আমরা বড়ই চিন্তায় রয়েছে তার আবার না ব্রেন স্ট্রোক করে বস এই মুহূর্তে কোন ওষুধ দিলে তার মাথা ঠান্ডা থাকবে বা কি করতে পারি আমার ।,বয়স ৫৭ । এর আগে দুইবার ব্রেন স্ট্রোক হয়েছে । তার সন্দেহজনিত সমস্যা আছে । রাগ অনেক । তার আবার ব্রেন স্ট্রোক করতে পারে । কি ওষুধ দিতে পারি ?,"বয়স ৫৭। আগে তিনবার ব্রেন স্ট্রোক হয়েছে। কয়েক মাস ধরে সবার ওপর চিৎকার করছে, বিশেষ করে স্বামীর ওপর। সে মনে করছে স্বামীর অন্য নারীর সঙ্গে সম্পর্ক আছে। আবার স্ট্রোকের ভয় আছে। এখন কী ওষুধ দিলে শান্ত থাকবে?"
21701::Factual Contradiction,21701,Factual Contradiction,"আসসালামু আলাইকুম , আমার বাচ্ছার বয়স ৩ মাস ২২ দিন । ওজন ৫ কেজি । গত কাল তার মুখে একজন গুর দেয় । যার পর থেকে তার পায়খানা হচ্ছে । পায়খানা পিছলা । এবং সে কান্না করছে । এই অবস্থায় তাকে কোন ঔষধ খাওয়ানো যাবে । দয়া করে জানালে কৃতজ্ঞ থাকব ।",বয়স ৩ মাস ২২ দিন । পিছলা পায়খানা হচ্ছে । কান্না করছে । কি ওষুধ খাওয়াবো ?,"বয়স ৩ মাস ২২ দিন। পায়খানা বন্ধ হয়ে গেছে। বাচ্চা শান্ত আছে, কান্না করছে না। কি ওষুধ খাওয়াবো?"
13286::Intrinsic,13286,Intrinsic,আমার ওয়াইফ এর বয়স ৩৩ বছর । প্রশ্রাবের রাস্তায় খুব জ্বালা পোড়া করে তবে সব সময় হয় না । যখন পেট ভরা থাকে এবং পরিমাণ মতো পানি পান করে তখন কোন জ্বালা পোড়া করে না । কিন্তু যখন পেট খালি থাকে তখন প্রচুর পরিমাণে পানি পান করলেও জ্বালা পোড়া হয় । রোজার মাসে অনেক বেশি জ্বালা পোড়া করে । তাই আমি হামদর্দ এর সিরাপ এলকুলী ও টেবলেট সূজার্ন খাওয়াই । এগুলো খাইলে ভালো থাকে । আবার যেমন এখন রোজা নেই । ঠিক মতো খাওয়া দাওয়া চলছে । এখন হামদর্দ এর ঔষধ ছাড়াও জ্বালা পোড়া করে না । দয়া করে চিকিৎসা বলবেন ।,প্রস্রাবের রাস্তায় জ্বালা পোড়া করে । পেট ভরা ও পরিমাণ মতো পানি পান করলে জ্বালা পোড়া করে না । হামদর্দ এর সিরাপ এলকুলী ও টেবলেট সুজার্ন খাচ্ছে । এখন ঠিক মতো খাওয়ার পরেও জ্বালাপোড়া করে । পরামর্শ চাই ।,"প্রস্রাবের রাস্তায় সব সময় জ্বালা পোড়া থাকে, বিশেষ করে পানি কম খেলেই বেশি বাড়ে। রোজার সময় সমস্যা আরও তীব্র হয়। হামদর্দের সিরাপ এলকুলী ও ট্যাবলেট সুজার্ন খেলে সাময়িক আরাম মেলে, তবে এখন নিয়মিত খাওয়াদাওয়া চললেও জ্বালাপোড়া থেকেই যাচ্ছে। পরামর্শ চাই"
25580::Intrinsic,25580,Intrinsic,আমি ঢাকার মোহাম্মদপুর থেকে বলছি । আমার মেয়ের বয়স 5 . 7 বছর । দুই দিন ধরে কাশি আর গতকাল রাত থেকে জ্বর । ঘুমের মধ্যে কাশতে কাশতে উঠে যায় অবস্থা । মানে ঘুমের সময়েই কাশি হয় বেশি ! জ্বরের জন্য ওকে কি খাওয়াবো ? যদিও ঠান্ডা থেকে জ্বর তারপরও ওর ডেঙ্গু টেস্ট করাব কিনা ? ওর জন্য এ মুহূর্তে আর কি কি করণীয় আমাদের ? দয়া করে যদি একটু পরামর্শ দিতেন । ধন্যবাদ ।,বয়স সাড়ে পাঁচ বছর । দুইদিন ধরে কাশি জ্বর । ডেঙ্গু টেস্ট করাব কিনা,"বয়স প্রায় ছয় বছর। তিনদিন ধরে কাশি, গত রাত থেকে বেশি জ্বর। ঘুমের পাশাপাশি দিনে भी কাশি বাড়ে। ঠান্ডাজনিত জ্বর নাকি ডেঙ্গু—টেস্ট করানো দরকার কিনা জানতে চাচ্ছেন।"
16248::Non-factual,16248,Non-factual,"১ । আমার মা সময়মতো কোনোকিছু বলতে পারে না । অসময়ে অথবা ব্যস্ততার সময় বলে । এতে সবাই বিরক্ত হয়ে বকা দেয় । তখন সে কিছু না বললেও মনে কষ্ট পায় । এ নিয়ে সারাক্ষণ ভাবে এবং রাতে ঘুমাতেও পারে না । পরে যখন সবকিছু ঠিক হয়ে যায় তখন সে এ নিয়ে ঝগড়া করে কিন্তু আবার বকা খায় । এভাবে চলতেই থাকে । ২ । নতুন বা পরিবর্তিত পরিস্থিতির সাথে খাপ খেয়ে চলতে পারে না । ৩ । ঘরের কাজে মন নেই । শুধু ঘুরতে যেতে চায় , অসময়ে আশেপাশের সবার বাসায় গিয়ে ডিস্টার্ব করে । ৪ । স্রিতিশক্তিও কমে যাচ্ছে । মার বয়স ৫৬ বছর ।",বয়স ৫৬ । পারিবারিক অশান্তি করে ও নিজে নিজে কষ্ট পায় । এসব ভেবে ঘুমাতে পারে না । স্মৃতিশক্তি কমে গেছে ।,বয়স ৫৬। পারিবারিক অশান্তি করে ও নিজে নিজে কষ্ট পায়। এসব ভেবে রাত ৩টা পর্যন্ত ঘুমাতে পারে না। স্মৃতিশক্তি কমে গেছে ও ডিমেনশিয়ার মতো আচরণ করছে।
3421::Factual Contradiction,3421,Factual Contradiction,"হেলো স্যার আমার বাচ্চার বয়স ১৫ মাস চলছে গত ২৪ ঘন্টায় ৫ বার পাতলা পায়খানা হয়েছে , প্রতি ৫ / ৬ ঘন্টা পর পর , এখনো পর্যন্ত কোনো ধরনের ঔষধ সেবন করাই নাই । খাওয়ার স্যালাইন বাদে , আমি তাকে এখনো ডাক্তার দেখাই নাই , প্রাথমিক অবস্থায় কি ঔষধ সেবন করাবো ?",বাচ্চার বয়স ১৫ মাস । গত ২৪ ঘন্টায় ৫ বার পাতলা পায়খানা হয়েছে । খাওয়ার স্যালাইন বাদে ডাক্তার দেখাই নাই,বাচ্চার বয়স ১৫ মাস। গত ২৪ ঘন্টায় ৫ বার শক্ত পায়খানা হয়েছে। খাওয়ার স্যালাইনসহ আগেই ডাক্তার দেখানো হয়েছে।
10857::Factual Contradiction,10857,Factual Contradiction,"আমার এর রমাদানে আলসার ধরা পরে । ঔষধ দেয় কিসুদিন খাওয়া হলো করছ সেস করা হইনাই । এখন সমস্যা হলো , সাস কস্ট আর টয়লেট ক্লিয়ার হচ্ছে না মনে হই আনুভব হই , জখন টয়লেট এনুভব হই তখন বুকের বাপাসে বেথা আনুভব হয় আবার পায়ু পথে গেস বের হয় তখন বুকের বেথা থাকেনা । আমার এই সমসসা দিরঘ দের মাস জাবদ । জখন মাক্সপ্র৪০ খাই তখন ঠিক থাকে আবার গরম পানি খেলে সাস্কস্ট বারে । এখন কি করনিও বল্লে ভাল হই ।",আলসার আছে । দেড় মাস হলো শ্বাসকষ্ট আছে ও টয়লেট ক্লিয়ার না । টয়লেট অনুভূত হলে বুকের বা পাশে ব্যাথা হয় । পায়ুপথে গ্যাস হয় তখন ব্যাথা থাকে না । ম্যাক্স প্রো ৪০ খেলে ঠিক হয় । গরম পানি খেলে শ্বাসকষ্ট বাড়ে । কি করনীয় ?,"আলসার আছে। দেড় মাস হলো শ্বাসকষ্ট নেই, টয়লেট ক্লিয়ার হচ্ছে। টয়লেট অনুভূত হলে বুকের বা পাশে ব্যথা হয় না। পায়ুপথে গ্যাস হলে ব্যথা বেড়ে যায়। ম্যাক্স প্রো ৪০ খেলে ঠিক হয় না। গরম পানি খেলে শ্বাসকষ্ট কমে। কি করণীয়?"
11752::Non-factual,11752,Non-factual,"আমার ওয়াইফের ০৪ / ০৪ / ২০২০ তারিখে লাস্ট মেন্স হয় , মে মাসের ১ - ৪ / ০৫ / ২০২০ তারিখের মধ্যে মেন্স হওয়ার কথা ছিলো কিন্তু হয়নি । আমি ( কুইক বেবি চেক ) দিয়ে টেস্ট করে জানতে পারলাম সে পজেটিভ ( প্রেগনেন্ট ) । আমি এখন কি কোন ডাক্তারের কাছে ওকে নিয়ে যাবো ? যদি নিয়ে যেতে হয় তবে আমাকে কোন ডাক্তারের কথা বলবেন কি ? ? আমি আপনার কাছে কিছু পরামর্শ চাই ।",প্রেগ্ন্যাসি পজিটিভ । কোন ডাক্তারের কাছে নিয়ে যাবো ?,প্রেগন্যান্সি পজিটিভ ১২/০৫/২০২০-এ নিশ্চিত হয়েছে। এখন কি গাইনি বিশেষজ্ঞ ডা. শারমিন আক্তারের কাছে নিয়ে যাবো?
7250::Intrinsic,7250,Intrinsic,"রানের চিপার লাল হয়ে থাকে , চিংড়ি / গরুর মাংশ খেলে হালকা জালা পোড়া করে , , , আর সবসময় একটা বাজে গন্ধ বের হই , যা খুবই বিব্রতকর , সব সময় পরিষ্কার পরিচ্ছন্ন থাকার চেষ্টা করি , কুরমিটালাই ডাক্তার দেখাইছিলাম উনি ফানজিডাল ক্রিম আর ফ্লুনাক খেতে দিসিল তা প্রায় ২ মাসের মত খেঁয়েছি তেমন কোন উপকার হই নাই , আয়োবেদিক ডাক্তার ও দেখাইছি , কিন্তু তেমন কোন উপকার হচ্ছে না , , , কি করতে পারি ? দয়া করে সাহায্য করবেন , , ,","রানের চিপা লাল হয়ে থাকে , চিংড়ি / গরুর মাংস খেলে হালকা জ্বলা পোড়া করে । পরিষ্কার পরিচ্ছন্ন থাকার পরেও সবসময় একটি বাজে গন্ধ থাকে । করণীয় কি ?","রানের চিপা অনেকদিন ধরে লাল ও চুলকানিযুক্ত থাকে, চিংড়ি বা গরুর মাংস খেলেই জ্বলা-পোড়া ও গন্ধ বেড়ে যায়। নানা ক্রিম-ওষুধ ব্যবহার করেও তেমন উপকার হয়নি। এখন কী করা উচিত?"
20942::Factual Contradiction,20942,Factual Contradiction,সমস্যা হল মাথা ব্যাথা এখন মোবাইল ব্যাবহার করলে ব্যাথা করেনা বা অন্য কোনো কাজ করলে ও মাথা ব্যাথা করেনা শুধু কোনো বই বা কোনো পড়তে গেলে বেশি ক্ষণ পড়লে মাথা ব্যাথা আরম্ভ করে এই সময় আমি কি নিতে পারি প্রাথমিক ভাবে এখন দেখতে চায় পরে না ঠিক হলে হসপিটাল যাব,পড়ার সময় মাথা ব্যাথা হয় ৷ প্রাথমিকভাবে কি চিকিৎসা নিতে পারি ?,"মোবাইল ব্যবহার করলে ও অন্য কাজের সময় মাথা ব্যাথা হয়, কিন্তু বই বা কিছু পড়লে মাথা ব্যাথা করে না। প্রাথমিকভাবে কি চিকিৎসা নিতে পারি?"
5461::Factual Contradiction,5461,Factual Contradiction,"আমার পেশার 60 / 100 অথবা তার চেয়ে সামান্য বেশি কম , কি খেলে আমার প্রেসার বৃদ্ধি পাবে ? আমি একটু লবণ বেশি খায় অনেকে বলতেছে লবণ খাওয়া বাদ দিতে । কি কি খেলে আমার প্রেসার বৃদ্ধি পাবে ? অনেক সময় আমার মাথা চক্কর দেয় বিশেষ করে রোদে কিছুক্ষণ থাকলে ।",প্রেশার ৬০ / ১০০ । কি খেলে আমার প্রেসার বৃদ্ধি পাবে ? লবণ বেশি খায়,প্রেশার ১০০ / ৬০ বা তার চেয়ে সামান্য বেশি। কি খেলে আমার প্রেসার কমবে জানতে চান। লবণ একদম কম খান।
17595::Intrinsic,17595,Intrinsic,"আমার মেয়ে বয়স ১০ বছর প্রায় ১বৎসর যাবৎ বিভিন্ন যায়গায় মেডিসিন , শিশু , কিডনি শেষ শিশুহাসপাতালে পেডিয়েট্রিকস ও সার্জারি বিভাগেও ডাক্তার দেখিয়েছি সকল প্রকার ব্লাড , আলট্রাস্নোগ্রাম ও এন্ডোসকপি করিয়েছি সব রির্পোট নরমাল সব ডাক্তার রির্পোট দেখে শুধু গেসটিকের আর কিমির ঔষধ ছাড়া কিছুই দেয় না আর কিছু খাবারের নিয়ম দেয় তাদের সাজেশন মতই চলি কিন্তুু কিছুতেই পেট ব্যাথা কমে না রাএে ব্যাথা বেশি হয় দিনে কম থাকে ব্যাথা নাভির চারপাশেই থাকে এখন আমরা কি করতে পারি কোথায় গেলে সমাধান পাব জানালে উপকৃত হব ।",বয়স ১০ বছর । রাতে পেট বেশি ব্যাথা হয় কিন্তু দিনে কম হয় । ব্যাথা নাভীর চারপাশে থাকে । কি করনীয় ?,"বয়স ১০ বছর। প্রায় এক বছর ধরে তীব্র পেটব্যথা, বিশেষ করে রাতে বেশি ও দিনে প্রায় থাকে না। ব্যথা পুরো তলপেটে ছড়িয়ে পড়ে। সব পরীক্ষা-নিরীক্ষায় সমস্যা ধরা পড়েনি, শুধু গ্যাস্ট্রিকের চিকিৎসা চলছে। এখন কী করণীয়?"
16788::Non-factual,16788,Non-factual,আমার শাশুড়ির মাজার হাড়ে প্রচন্ড বেথা । হাড় ক্ষ জনিত সমস্যা । ডাক্তার দেখানো হয়েছিল । কিছু দিন ভাল ছিল । এখন আবার সমস্যা হচ্ছে । ডাক্তার আসবে এক সপ্তাহ পর । কিন্তু সকাল থেকে সমস্যা বোধ করছে খুব । তার বয়স ৫৭ । দেহের ওজন ৪২ কেজি । সব সময় দূর্বল বোধ করে । দয়াকরে বলবেন করণীয় কি ?,মাজার হাড়ে প্রচন্ড বেথা । হাড় ক্ষয় জনিত সমস্যা । বয়স ৫৭ । ওজন ৪২ কেজি । সব সময় দূর্বল বোধ করে ।,"মাজার হাড়ে প্রচণ্ড ব্যথা, হাড় ক্ষয়জনিত সমস্যা। বয়স ৫৯। ওজন ৪০ কেজি। সব সময় দুর্বল বোধ করে, সকালে থেকে ব্যথা বেশি এবং আগে ক্যালসিয়াম ট্যাবলেট খেয়ে কিছুদিন ভালো ছিল।"
21599::Non-factual,21599,Non-factual,আমার বয়স 30 বছর । আমি দীর্ঘদিন যাবৎ এলার্জি রোগে ভুগতেছি । আমার এলার্জি শুধু চোখ এবং নাকি । প্রচুর পরিমাণে চোখ চুলকায় আমি প্রায় সময় ঠান্ডা লেগে থাকে অনেক ডাক্তার দেখাইছি কোন লাভ হয়নি যতদিন ওষুধ খাই ততদিন ভালো থাকি ওষুধ খাওয়া বন্ধ করলে আগের অবস্থায় ফিরে আসে এমত অবস্থায় কি করনীয় আমার প্লিজ এডভাইস ।,"বয়স ৩০ । দীর্ঘদিন যাবৎ এলার্জি শুধু চোখ এবং নাকে । প্রচুর পরিমাণে চোখ চুলকায় , প্রায় সময় ঠান্ডা লেগে থাকে ।","বয়স ৩০। প্রায় ৫ বছর যাবৎ এলার্জি শুধু চোখ এবং নাকে। প্রচুর পরিমাণে চোখ চুলকায়, প্রায়ই ঠান্ডা লেগে থাকে, বিশেষ করে সকালে বেশি হয়।"
23796::Intrinsic,23796,Intrinsic,"বয়স ২৩ । ২৫ তারিখে অনেক গুলো শপিংমলে গিয়েছি , ঘামা গা নিয়ে এসিতে ছিলাম ঘন্টা দুয়েক । ২৫ তারিখ রাতে ২০ মিনিট ঘুমিয়েছি । পরের দিন সকালে উঠে ঢাকা থেকে চাঁদপুর গেছি । বিকেলেই ব্যাক করেছি । কাওরানবাজারে তিন ঘন্টা জ্যামে ছিলাম , ঘেমেছি । পর দিন থেকে হালকা মাথা ব্যাথা । হালকা জ্বর , আমার ঠান্ডা জনিত সমস্যা । ২৮ - ২৯ তারিখ নাকে সব গন্ধ পচা লেগেছে । হালকা জ্বর ছেড়ে ছেড়ে আসত এই দুইদিনে নাপা এক্সটেন্ড ও ফেক্সো ১২০ রেগুলার খেয়েছি গলা ব্যাথা , সর্দিতে নাক কান মাথা পুরো জ্যাম হয়ে আছে আর শরীর দূর্বল লাগছে । এখন কি করণীয় ?","বয়স ২৩ । হালকা জ্বর , নাকে সব পচা গন্ধ লাগে , সর্দি , গলা ব্যাথা । নাপা এক্সটেন্ড ও ফেক্সো ১২০ রেগুলার খেয়েছে","বয়স ২৩। কয়েক দিন ধরে মাঝারি জ্বর, নাকে সব গন্ধ তেতো লাগে, কাশি, গলা ব্যথা ও মাথাব্যথা আছে। নাপা এক্সটেন্ড ও ফেক্সো ১৮০ নিয়মিত খেয়েছে।"
14748::Non-factual,14748,Non-factual,"আসসালামু ওয়ালাইকুম , , , আমাদের বিয়ে হয়েছে আড়াই বছর , , আমাদের একটি ছেলে সন্তান আছে যার বয়স ১৫ মাস , , বিয়ের সময় আমার ওয়াইফ এর স্বাস্থ্য মিডিয়াম ছিল , , বিয়ে হওয়ার পর থেকে স্বাস্থ্যর অবস্থা দিন দিন অনেক খারাপ হয়ে গেছে , , , লাস্ট আপডেট হল স্বাস্থ্য অনেক খারাপ হয়ে একদম শুকিয়ে গেছে , , এখন কি করতে পারি স্যার",বিয়ের পর স্বাস্থ্য খারাপ হয়েছে । শুকিয়ে গেছে । কি করনীয় ?,বিয়ের পর গত ৩ বছর ধরে স্বাস্থ্য খুব খারাপ হয়েছে। এখন একদম শুকিয়ে গেছে এবং ওজন ১০ কেজি কমে গেছে। কী করণীয়?
25959::Factual Contradiction,25959,Factual Contradiction,"আমার ছেলের বয়স ৯ বছর , তার গত দুই তিন দিন হলো পেটে ব্যাথার কথা বলছে ৷ এবং পেটে ব্যাথার পর পাতলা পায়খানা হচ্ছে ৷ দিনে ৩ / ৪ বার পায়খানা করেছে ৷ এখনো কোন মেডিসিন খাওয়ানো হয়নি ৷ জর নেই , আজ পায়খানায় যায় নি তবে দুই একবার অল্প পেটে ব্যাথার কথা বলেছে ৷",বয়স ৯ । দুই তিন দিন হলো পেটে ব্যাথা এবং পাতলা পায়খানা ৷ আজ পায়খানায় যায় নি তবে অল্প পেটে ব্যাথা,"বয়স ৯। দুই তিন দিন হলো পেটে ব্যথা নেই, তবে পাতলা পায়খানা হচ্ছে। আজও কয়েকবার পায়খানায় গেছে এবং জ্বর আছে, যদিও অল্প পেটে ব্যথার কথা বলেছে।"
23317::Factual Contradiction,23317,Factual Contradiction,দাদের জন্য গ্যাকোজিমা ক্রিম টা ইউজ করছি‌ । আক্রান্ত স্থান কালো হয়ে যাচ্ছে কিন্তু চারপাশের মাংসপেশী ফুলে লাল হয়ে গেছে‌ । বলে রাখি দাদের জন্য অনেক ডাক্তার দেখিয়েছি কাজ হচ্ছে না । এমনকি এন্টিবায়োটিকেও কাজ হয় নি তাই প্রতিবেশীর কথায় গ্যাকোজিমা ক্রিম টা ইউজ করছি ৪ দিন হল ।,দাদের জন্য গাকোজিমা ইউজ করে কাল হয়ে গেছে । পেশি ফুলে লাল । লাভ হয়না,দাদের জন্য গাকোজিমা ইউজ করে আক্রান্ত স্থান ফর্সা হয়ে গেছে। চারপাশের পেশি ফোলা বা লাল নয়। অনেক ডাক্তার দেখিয়ে উপকার পেয়েছেন।
16404::Factual Contradiction,16404,Factual Contradiction,আমার বয়স ৪৬ বৎসর । আমার প্রশ্রা‌বে একটু জ্বালা পোড়া আ‌ছে কিন্তু প্রস্রাব কর‌তে সমস‌্যা বা দ‌ুর্গন্দ্ নাই । ক‌য়েক উপ‌জেলা স্বাস্থ‌্য কমপ্লক্স এর সা‌থে পটা‌সিড সিরাপ খে‌য়ে‌ছি । ক‌মে গি‌য়ে‌ছিল ব‌লে আর খাই নি । এখন একটু জ্বালা পোড়া ক‌রে দি‌নে কম থা‌কে রা‌ত্রে বে‌শি হয় । করনীয় কি ? ধন‌্যবাদ ।,"বয়স ৪৬ । প্রশ্রা‌বে জ্বালা পোড়া আ‌ছে , দুর্গন্ধ নেই । পটা‌সিড সিরাপ খে‌য়ে‌ছি । এখন একটু জ্বালা পোড়া ক‌রে দি‌নে কম থা‌কে রা‌ত্রে বে‌শি হয় ।","বয়স ৪৬। প্রস্রাবে জ্বালা পোড়া আছে, দুর্গন্ধও আছে। পটাসিড সিরাপ খাননি। এখন জ্বালা পোড়া দিনে বেশি থাকে, রাতে কম হয়।"
13801::Intrinsic,13801,Intrinsic,আমার স্ত্রীর গত ২৪ মেয়ে ২০২০ তারিখ থেকে মুখমন্ডল জায়গা জায়গা খসখসে হয়ে যাচ্ছে এবং চামড়া মরে যাচ্ছে । এবং টানটান হয়ে যাচ্ছে মুখ । বেশির মুখ টানাটানি করলে জ্বালাপোড়া করছে । এই মুহূর্তে কোন ডাক্তারের কাছে যাওয়া সম্ভব না । পরামর্শ এবং কোন ওষুধ ব্যবহার করা যেতে পারে দয়া করে বলবেন ।,মুখমণ্ডল খস খসে হয়ে চামড়া মরে যাচ্ছে । মুখ টানটান হয়ে যাচ্ছে । বেশি টানলে মুখ জ্বালাপোড়া করে । কি ওষুধ ব্যবহার করবে ?,"মুখমণ্ডলে কয়েক সপ্তাহ ধরে খসখসে দাগ হচ্ছে ও চামড়া উঠছে। মুখ খুব শুষ্ক ও টানটান লাগে, ধুলাবালি বা বেশি নাড়াচাড়া করলে জ্বালাপোড়া বাড়ে। এখন কোন ক্রিম বা ওষুধ ব্যবহার করা যেতে পারে?"
11815::Non-factual,11815,Non-factual,আমার ছেলের বয়স ৪ বছর ৬ মাস । । । হঠাৎ করে গত ২ - ৩ দিন ধরে সারা শরীরে ছোট ছোট দানার মতো হয়ে দিরে দিরে বড় হয় আর প্রচুর চুলকায় । । । বিশেষ করে প্রত্যেক দিন রাতে সমস্যাটা দেখা যায় । । । দিনের বেলায় সমস্যাটা দেখা যায় না । । । এখন কি ধরনের মেডিসিন খাওয়াতে পারি ? দয়া করে এটার উত্তরটা দিবেন । । ।,বয়স ৪ বছর ৬ মাস । ২ - ৩ দিন হলো সারা শরীরে ছোট ছোট দানা পরে বড় হয় আর চুলকায় । রাতে সমস্যা দেখা দেয় ৷ দিনে সমস্যা হয় না । কি মেডিসিন খেতে পারে ?,"বয়স ৪ বছর ৬ মাস। ৫ - ৬ দিন হলো সারা শরীরে ছোট ছোট দানা উঠে পরে বড় হয় আর খুব চুলকায়। বিশেষ করে রাতে সমস্যা বাড়ে, দিনে তেমন থাকে না। সিটিরিজিন খেতে পারে কি?"
22254::Intrinsic,22254,Intrinsic,"আমার ২৭ তারিখে এন্টিজেন টেস্টে পজিটিভ আসে , এর ২ দিন পর আমার সাথে থাকা বাচ্চা ও মায়ের পরিক্ষা করাই তারাও পজিটিভ আসে । আমার ট্রিটমেন্ট কম্পিলিট , এখন ২য় পরিক্ষা কতদিন পরে করতে হবে ? ? মায়ের শুধু শরীর দুর্বল , হালক্া কফ আছে , শরিরের ব্যাথা আগে থেকেই ছিল একন বেশি হচ্ছে , বাচ্চার ট্রিটমেন্ট চলছে সে ভালো আছে",এন্টিজেন টেস্টে করোনা পজিটিভ । ট্রিটমেন্ট কমপ্লিট । এখন ২য় পরীক্ষা কতদিন পর করতে হবে ?,আরটি-পিসিআর টেস্টে করোনা পজিটিভ আসে। ১৪ দিনের চিকিৎসা শেষ হয়েছে। এখন নেগেটিভ নিশ্চিত করতে ২য় পরীক্ষা কবে করা উচিত?
21218::Factual Contradiction,21218,Factual Contradiction,"আসসালামু আলাইকুম । আমি 9 সপ্তাহের প্রেগন্যান্ট । কিছুদিন আগে হঠাৎ করে ব্লিডিং হয়েছিল তারপর আমরা সরকারি স্বাস্থ্যকেন্দ্রে গিয়েছিলাম এবং সেখান থেকে প্রেসক্রিপশন অনুযায়ী ওষুধ খাচ্ছি । আলহামদুলিল্লাহ এখন ভালো আছি তবে গত কালকে থেকে পেটে ব্যথা করতেছে , এখন আমাদের করণীয় কি আর এই মুহূর্তে পেটে ব্যথা কমানোর একটা ঔষধ সাজেস্ট করলে ভালো হয় । ( ওই সময় পেটে ব্যথা ছিল না তাই পেটে ব্যথার ঔষধ দেওয়া হয়নি তবে গতকাল থেকে পেটে ব্যথা হচ্ছে ) এটা হচ্ছে আমাদের দ্বিতীয় বাচ্চা এবং প্রথম বাচ্চার বয়স সাড়ে চার বছর",২য় গর্ভধারণ ও ৯ সপ্তাহের প্রেগন্যান্ট । কিছুদিন আগে হঠাৎ ব্লিডিং হয় । গতকাল থেকে পেট ব্যাথা । কি ওষুধ খাবো ?,১ম গর্ভধারণ ও ৯ সপ্তাহের প্রেগন্যান্ট। কিছুদিন আগে হঠাৎ ব্লিডিং হয়নি। গতকাল থেকে পেট ব্যাথা নেই। কি ওষুধ খাবো?
5449::Non-factual,5449,Non-factual,আসসালামু আলাইকুম আমার বাবার বয়স ৫০ বছর । হঠাত কিছুদিন যাবত উনার ডান হাতের কুনুইয়ের গোড়ায় প্রচন্ড ব্যথা অনুভব করছেন । জয়েন্ট এর কাছাকাছি । এমনকি মাঝে মাঝে চা এর কাপ উচু করতেও পারছেন না তীব্র ব্যথার কারনে । রাতে ঘুমের মধ্যে ব্যথায় কাতরান । এক্ষেত্রে ব্যথাটা ৭ - ৮ দিন ধরে চলছে । প্রথমে ভেবে নেওয়া হয়েছিলো হয়ত এমনি এমনি সেরে যাবে । কিন্তু কোন উত্তরায়ন হয় নি । করনার জন্য তেমন কোন ডাক্তার এর কাছেও যেতে পারছি না । উপজেলায় বাড়ি হওয়ায় কোন স্পেশালিষ্ট ডাক্তার ও পাবো না । ধন্যবাদ মনোযোগ দিয়ে পড়ার জন্য ।,"বয়স ৫০ । হঠাত ডান হাতের কনুইয়ের গোড়ায় প্রচন্ড ব্যথা । , জয়েন্ট এর কাছাকাছি । এ ব্যথাটা ৭ - ৮ দিন ধরে ।","বয়স ৫০। হঠাৎ ডান হাতের কনুইয়ের গোড়ায় প্রচণ্ড ব্যথা, জয়েন্টের কাছাকাছি। ব্যথাটা প্রায় ১২ দিন ধরে চলছে, এবং মাঝে মাঝে হাত তুলতেই অসহ্য লাগে।"
19701::Intrinsic,19701,Intrinsic,আমার দাতের মাড়ির সমস্যাঃ মাংস খেলে দাঁতের মাড়িতে আঁশ আটকে থাকে বিশেষ করে আঁশ যুক্ত মাংস খেলে । দাতে খুব ব্যাথা হয় । কয়েক দিন পর্যন্ত ব্যাথা থাকে । ঐ কয় দিন শক্ত খাবার খেতে পারি না । নরম খাবার খেলে অবশ্য এ ধরনের সমস্যা হয় না । এর জন্য কি করবো ? জানালে খুব খুশি হবো । ধন্যবাদ ।,দাঁতের মাড়ির সমস্যা । দাঁতে ব্যাথা হয় । শক্ত খাবার খেতে পারি না । কি করনীয় ?,"দাঁতের মাড়িতে আঁশযুক্ত খাবার আটকে গিয়ে তীব্র ব্যথা হয়। কয়েক সপ্তাহ ধরে শক্ত খাবার খেলেই সমস্যা বাড়ে, তাই শুধু নরম খাবার খেতে পারি। কী চিকিৎসা নেওয়া উচিত?"
18810::Non-factual,18810,Non-factual,আমার বয়স ৩৬ বছর । প্রেসার নরমাল । ১০ / ১২ দিন যাবৎ আমার ডান হাত ঘার সহ ব্যাথা করে ২ / ১দিন । পরে আবার ডান পা ব্যাথা করে । আমার মনে হচ্ছে ২ / ১ দিন পরপরই হাতের ব্যাথা পায়ে যাচ্ছে আবার পায়ের ব্যাথা হাতে আসছে । এই অবস্থায় আমি কি করতে পারি ?,"বয়স ৩৬ । প্রেসার নরমাল । ১০ / ১২ দিন যাবৎ ডান হাত ঘার সহ ব্যাথা , পরে ডান পা ব্যাথা করে । ২ / ১ দিন পরপরই হাতের ব্যাথা পায়ে যাচ্ছে আবার পায়ের ব্যাথা হাতে আসছে ।","বয়স ৩৬। প্রেসার ১২০/৮০। প্রায় ১৫ দিন যাবৎ ডান হাত ও ঘাড়ে ব্যথা, পরে ডান পায়েও ব্যথা করছে। ২/১ দিন পরপর হাতের ব্যথা পায়ে যাচ্ছে আবার পায়ের ব্যথা হাতে আসছে।"
24819::Non-factual,24819,Non-factual,"আমার বয়স ২৫ । আমার মুখে একটি পিম্পল এর মত হয় প্রায় বছর খানেক আগে । আমি এটাকে নখ দিয়ে খোচিয়ে তুলে ফেলার চেষ্টা করি । কিন্তু এটা না কমে ফুলে যায় । আমি বিষয়টাকে স্বাভাবিক ভাবেই নেই এবং ফোলা স্থানটি আবারও নখ দিয়ে খোচাই যাতে ভিতরে ময়লা বা পুজ থাকলে বের হয়ে আসে । অনেক দিন পর্যন্ত ফোলা স্হান হতে দুর্গন্ধ যুক্ত ময়লা বের হয় । এখন আর আসে না , কোন ব্যথা ও নাই । কিন্তু ফোলা আর কমে নি । মনে হয় ভিতরে টিউমার এর মত । আমি পিম্পল মনে করে সিরিয়াসলি নেই নি এবং ঔষধ সেবন ও করি নি । আমার জন্য পরামর্শ কি ?",বয়স ২৫ । মুখে একটি পিম্পল এর মত হয় প্রায় বছর আগে । এটাকে নখ দিয়ে খোচিয়ে এটা না কমে ফুলে যায় । ফোলা স্থানটি আবারও নখ দিয়ে খোচাই । এখন কোন ব্যথা নাই । কিন্তু ফোলা আর কমে নি । মনে হয় ভিতরে টিউমার এর মত ।,"বয়স ২৫। মুখে একটি পিম্পলের মতো হয় প্রায় দেড় বছর আগে। এটিকে নখ দিয়ে খোচানোর পর না কমে আরও ফুলে যায়। পরে বারবার খোচানোর ফলে কিছুদিন দুর্গন্ধযুক্ত পুঁজ বের হতো। এখন ব্যথা নেই, তবে ফোলা কমেনি। মনে হচ্ছে ভিতরে সিস্ট বা টিউমারের মতো শক্ত হয়ে আছে।"
15657::Intrinsic,15657,Intrinsic,আমার বাচ্চা যখন হইছে তখন থেকেই টানা ৬ দিন সেলাইন দিয়া রাখছিল তখন যে ঠান্ডা লাগছিল ওইটাই এখনো পুরোপুরি কমে নাই হয়ে ওষুধ খাওয়াইলে কমে আবার কয়দিন পর দেখা দেয় ২ দিন আগে নাক দিয়া পানি পরে এখন আর পরে নাহ কিন্তু বুকে ঘের ঘের করে আর নাক বন্ধ হয়ে যায় আবার ২ - ১টা কাসিও দেয় কি করব একটু যদি বলতেন ওর বয়স ৪ মাস ২১ দিন,বয়স ৪ মাস ২১ দিন । বাচ্চা হওয়ার পরে ৬ দিন স্যালাইনে থাকায় ঠান্ডা লাগে যা এখনো কমেনি । নাক দিয়ে পানি পড়ে । বুকে ঘড় ঘড় করে । নাক বন্ধ । কাশি দেয় । কি করনীয় ?,"বয়স ৪ মাস ২১ দিন। জন্মের পর ৭ দিন স্যালাইনে থাকায় থেকে ঠান্ডা লেগে আছে, ওষুধে সাময়িক কমে আবার বাড়ে। ২ দিন ধরে নাক দিয়ে পানি পড়া ও কাশি বেড়েছে। এখন বুকে শোঁ শোঁ/ঘড়ঘড় শব্দ হয়, নাক বেশি বন্ধ থাকে। কী করণীয়?"
7207::Intrinsic,7207,Intrinsic,আমার আম্মুর শরীরে গুটি গুটি র্্যস উঠেছে এবং প্রচুর চুলকানি হয় । টেটরাসল সিরাপ এবং নারিকেল তেলের সাথে মিশিয়ে আজকে দিয়ে পঞ্চম দিন তার শরীরে দেওয়ার পরে অবস্থার একটু উন্নতি লক্ষ্য করা যাচ্ছে । গুটি গুটি র্্যস গুলো সাদা হয়ে উঠে যাচ্ছে এবং কালো হয়ে যাচ্ছে । এমতাবস্থায় কি ওষুধ খাওয়ানো যেতে পারে ? প্লিজ উত্তরটা জানাবেন । # ধন্যবাদ ।,"মহিলার শরীরে গুটিগুটি রাশ ও প্রচুর চুলকানি , সাদা হয়ে উঠে যাচ্ছে ও কালো হয়ে যাচ্ছে । টেট্রাসল সিরাপ ও নারকেল তেলের সাথে মিশিয়ে একটু উন্নতি দেখা যায় । এ অবস্থায় কি ওষুধ খাওয়ানো যেতে পারে ?","মহিলার সারা শরীরে গুটিগুটি র‍্যাশ ও তীব্র চুলকানি, কিছু জায়গায় ফোসকার মতো সাদা হয়ে পরে কালচে দাগ হচ্ছে। টেট্রাসল সিরাপ ও নারকেল তেল মিশিয়ে পাঁচ দিন ব্যবহারে সামান্য উন্নতি হয়েছে। এ অবস্থায় কী অ্যালার্জির ওষুধ খাওয়ানো যেতে পারে?"
24311::Factual Contradiction,24311,Factual Contradiction,"আমি ৩৭ সপ্তাহের গর্ভবতী । বেবি মুভমেন্ট ভালো আছে । অন্য কোন সমস্যা নাই । বয়স ২৮ । ৩ দিন আমার পেটের অনেক সমস্যা । হালকা পেট ব্যাথা করে ওয়াটারি ডাইরিয়া হচ্ছে ঘন ঘন , রক্ত নাই । কাল বমি হয়েছে একবার । স্টুল দেখে মনে হচ্ছে খাবার হজম হচ্ছে না । আমি কাচা ও পাকা কলা , চিড়া , মুড়ি , ডাব , সালাইন , সুপ খাচ্ছি । কিন্তু পেট ভালো হচ্ছে না । রাতে ভালো থাকি কিন্তু সকালে ঘুম থেকে উঠলে ঢেকুর উঠে , মনে হয় অনেক রিচ ফুড খাইছি । কিন্তু আমি সাভাবিক খাবারই খাই ।",৩৭ সপ্তাহ প্রেগন্যান্ট । বয়স ২৮ । পেটের অনেক সমস্যা । খাবার হজম হচ্ছে না । বমি হইসে একবার । ডায়রিয়া ও হইসে,৩৭ সপ্তাহ প্রেগন্যান্ট। বয়স ২৮। পেটের তেমন সমস্যা নেই। খাবার ভালোই হজম হচ্ছে। বমি হয়নি। ডায়রিয়া হয়নি।
24946::Factual Contradiction,24946,Factual Contradiction,আমার মেয়ের এর বয়স ৫ বসর গত ২ দিন ধরে রাত আনেক বেশি কাশি হচ্ছে । কাশতে কাশতে বমি হইয়ে জাচ্ছে । রাত ৩ - ৪তা পর্যন্ত জেগে থাকে ঘুমাতে পারে না । জর নাই গা এর তাপমাত্রা সাভাবিক । দিন এর বেলা ভাল থাকে রাত ১০ - ১১ তার দিক থেকে বেশি কাশি সুরু করে । অগ্রিম ধন্যবাদ আপনার পরামরশের জন্য,"মেয়ের বয়স ৫ । দুদিন ধরে কাশি । কাশি করতে গিয়ে বমি হয়ে যাচ্ছে
জ্বর নাই , তাপমাত্রা স্বাভাবিক","মেয়ের বয়স ৫। দুদিন ধরে দিনে বেশি কাশি হচ্ছে। কাশি হলেও বমি হচ্ছে না। জ্বর আছে, গায়ের তাপমাত্রাও বেশি।"
21041::Intrinsic,21041,Intrinsic,"আমি গত বছর থেকে ফ্যাটি লিভার গ্রেড - ১ এ ভুগছি । পরবর্তীতে ডাক্তারের পরামর্শে প্রায় কয়েকমাস মেডিসিন খেয়েছি । তারপর , আর কন্টিনিউ রাখিনি । ইদানীং , শরীর খুব দুর্বল লাগছে । পাশাপাশি , পাজরের খানিকটা উপরে ব্যথা অনুভব করছি । ভয় কাজ করছে । এই ব্যাপারে আমি কি করতে পারি ? ?","গত বছর থেকে ফ্যাটি কিভার গ্রেড ১ এ ভুগছি ৷ শরীর দুর্বল , পাজরের উপরে ব্যাথা হয় । কি করনীয় ?","গত দুই বছর ধরে ফ্যাটি লিভার গ্রেড ২ আছে। কয়েক মাস ওষুধ খেয়েও এখন বন্ধ, শরীর খুব দুর্বল লাগে এবং ডান পাজরের নিচে ব্যথা হচ্ছে। এখন কী করা উচিত?"
13369::Intrinsic,13369,Intrinsic,"সামান্য কোন টেনশন করলে আমার বুক ধরফর করে , শরীর ঘেমে যায় , প্রচন্ড অস্থির লাগে । অনেকদিন আগে আমি ডাক্তার দেখিয়েছিলাম । ডাক্তার আমাকে ইনডেভার 40 ( ১ + ১ + ১ ) খাবার পর । সেরোলাক্স 25 ( ১ + ০ + ০ ) খাবার আগে । এপিটটা ( ০ + ০ + ১ ) শোনাব সময় । এখন প্রশ্ন হচ্ছে , ঘুমের ঔষধ ব্যতীত বাকি দুটো ঔষধ আমি দীর্ঘদিন প্রায় তিন বছর যাবত খাচ্ছি এতে উপকার হচ্ছে কিন্তু মাঝে মাঝে যখন একটু বেশি টেনশন করি বুক ধরফর করে শরীর ঘেমে যায় প্রচণ্ড অস্থির লাগে । এ অবস্থায় আমি এই সকল ঔষধ চালিয়ে যাব ?","টেনশন করলে বুক ধরফর করে , শরীর ঘেমে যায় , অস্থির লাগে । ডাক্তার খাওয়ার পরে ইনডেভার ৪০ ( ১ + ১ + ১ ) , খাওয়ার আগে সেরোলাক্স ২৫ ( ১ + ১ + ১ ) খাওয়ার আগে দেন । রাতে শোয়ার সময় এপিটটা ( ০ + ০ + ১ ) দেন । ঘুমের ওষুধ বাদে বাকি দুটো প্রায় ৩ বছর খেয়ে উপকার হচ্ছে কিন্তু বেশি টেনশন করলে বুক ধরফর করে , শরীর ঘামে ও অস্থির লাগে । এই সকল ওষুধই কি চালিয়ে যাবো ?","টেনশন করলে বুক ধরফর, শরীর ঘেমে যায় ও অস্থির লাগে। ডাক্তার ইনডেভার ৪০ (১+০+১), সেরোলাক্স ২৫ (১+০+০) এবং রাতে শোয়ার সময় এপিটটা (০+০+১) দিয়েছিলেন। ঘুমের ওষুধ বাদে বাকি দুটো প্রায় ৫ বছর ধরে খেয়ে কিছুটা উপ"
16050::Factual Contradiction,16050,Factual Contradiction,আমার বয়স ৩০ . . . . মাঝে মাঝে আমার পায়খানার রাস্তা ফুলে যা . . . . . আবার একায় ঠিক হয়ে যায় . . . . কিন্তু দু দিন দরে পায়ূপথ হালকা ফুলে গেছে . . . . এবং পায়খানার সাথে হালকা রক্ত বের হয় . . . . . পায় খানা শক্ত . . . . . কোন ঔষদ খয়নি . . . . পরামশ দিলে উপকৃত হতাম . . . . .,"বয়স ৩০ । মাঝে মাঝে পায়খানার রাস্তা ফুলে যায় । কিন্তু দু দিন ধরে পায়ূপথ হালকা ফুলে গেছে , হালকা রক্ত বের হয় , পায় খানা শক্ত ।","বয়স ৩০। মাঝে মাঝে পায়খানার রাস্তা ফুলে যায় না। দু দিন ধরে পায়ূপথের ফোলা কমে গেছে, রক্ত বের হয় না, পায়খানা নরম।"
11389::Non-factual,11389,Non-factual,"আমার বয়স ২৬ বছর গত কয়েক বছর যাবত আমার মুখের ভিতরে মাঝে মাঝে ঘাঁ , ক্ষত হয়ে থাকে । এর সাথে ব্যাথা ও থাকে । খাওয়া খেতে কষ্ট হয় । ওরাল জেল , এফসল এগুলো ব্যবহার করলে ভাল হয়ে যায় । বার বার এ সমস্যা গুলো কেন হয়ে থাকে ? এর সমাধানের জন্য করনীয় কি ? দয়া করে যানাবেন","বয়স ২৬ । মুখে ঘাঁ ও ক্ষত হয়ে ব্যাথা হয় । খেতে কষ্ট হয় । ওরাল জেল , এফসল দিলে ভালো । এ সমস্যা কেন হয় এবং সমাধান কি ?","বয়স ২৬। গত পাঁচ বছর ধরে মুখে ঘাঁ ও ক্ষত হয়ে ব্যথা হয়। খেতে কষ্ট হয়। ওরাল জেল, এফসল আর কেনাকোর্ট দিলে ভালো হয়। এ সমস্যা কেন বারবার হয় এবং সমাধান কী?"
12378::Factual Contradiction,12378,Factual Contradiction,"স্যার আমার ৩ সপ্তাহ আগে হারপিস জোস্টার হয়েছিল , প্রথম অবস্থায় পেটের বাম দিকে কিছু ফোসকা উঠেছিল লোকাল ডাক্তার দেখালে উনি বাইরাক্স টেবলট এবং বাইরাক্স ক্রিম ব্যাবহার করতে বলেন , এখন ঐ ওষুধ প্রয়োগ করে ফোসকা চলে গেছে কিন্তু চামড়ার ব্যাথা ও জ্বালাপোড়া কমতেছেনা । এই অবস্থায় কি করণীয় ?",৩ সপ্তাহ আগে হারপিস জোস্টার হয় । ১ম অবস্থায় পেটের বাম দিকে ফোস্কা ওঠে । লোকাল ডাক্তার বাইরাক্স ট্যাবলেট ও বাইরাক্স ক্রিম দেন ৷ এখন ফোক্সা নেই কিন্তু চামড়ায় ব্যাথা ও জ্বালাপোড়া করে । কি করনীয় ?,৩ সপ্তাহ আগে হারপিস জোস্টার হয়। ১ম অবস্থায় পেটের ডান দিকে ফোসকা ওঠে। লোকাল ডাক্তার বাইরাক্স ট্যাবলেট ও বাইরাক্স ক্রিম দেন। এখনো ফোসকা আছে কিন্তু চামড়ার ব্যথা ও জ্বালাপোড়া কমে গেছে। কি করণীয়?
15874::Non-factual,15874,Non-factual,"আমার স্ত্রী , বয়স ২৬ । গত দুই বছর থেকে তার হাতের নখ এবং পায়ের তালুতে সমস্যা । হাতের নখ গুলো অমসৃণ । গর্ভকালীন সময়ে কিছুটা কম ছিল এখন আবার আগের মত । পায়ের তালুর সমস্যা ৩ / ৪ বছর থেকে । পায়ের তালুর সামনের অংশ শক্ত হয়ে থাকে এবং সুতার মতো চামড়া উঠে । ইদানীং ওই জায়গায় খুব ব্যাথা করে । দয়া করে সমাধান চাই ।",বয়স ২৬ । ২ বছর হলো হাতের নখ ও ৩ / ৪ বছর হলো পায়ের তালুতে সমস্যা । হাতের নখ অমসৃন । পায়ের তালুর সামনের অংশ শক্ত হয়ে থাকে ও সুতার মতো ওঠে ও ব্যাথা করে । সমাধান চাই ।,"বয়স ২৬। ৩ বছর হলো হাতের নখ ও ৫ বছর হলো পায়ের তালুতে সমস্যা। হাতের নখ ভঙ্গুর ও অমসৃণ। পায়ের তালুর সামনের অংশ শক্ত হয়ে থাকে, সাদা সুতার মতো চামড়া ওঠে ও এখন খুব ব্যথা করে। টার্বিনাফিন ক্রিমেও উপকার হয়নি। সমাধান চাই।"
23954::Intrinsic,23954,Intrinsic,আসসালামু আলাইকুম । আমার ছেলের বয়স ১৩ বছর ৬ মাস আসুন ১৩ কেজি ৩০০ গ্রাম । গত দুইদিন ধরে সর্দি কাশি । গতকাল কাশির মাত্রা খুবই বেশি ছিল সারারাত অতিমাত্রায় কাশি হয়েছে এবং কাশতে কাশতে কয়েকবার বমি হয়েছিল । দুদিন ধরে টোফেন সিরাপটা খাওয়ানো হয়েছিল তারপরও কাশি কমেনি । এখন সর্দি এবং কাশি চলমান আছে । এই মুহূর্তে কি করা যেতে পারে ? বিদ্রঃ ছোটবেলা থেকেই তার খাওয়া - দাওয়ার প্রতি আগ্রহ খুবই কম । যখনই খাওয়াতে হয় জোর করেই খাওয়াতে হয় । আপনার জন্য ও কি করা যেতে পারে ?,"বয়স ১৩ বছর ৬ মাস , ওজন ১৩ কেজি । দুইদিন ধরে সর্দি কাশি । কাশির মাত্রা খুবই বেশি , কাশতে কাশতে কয়েকবার বমি হয়েছিল । দুদিন ধরে টোফেন সিরাপটা খাওয়ানো হয়েছিল তারপরও কাশি কমেনি ।","বয়স ১৩ বছর ৬ মাস, ওজন ১৩ কেজি ৩০০ গ্রাম। তিনদিন ধরে সর্দি-কাশি চলছে। রাতে কাশি অনেক বেড়ে গিয়ে বারবার বমি হয়েছে। টোফেন সিরাপ কয়েকদিন খাওয়ানোর পরও কাশি ও সর্দি একই রকম আছে।"
14994::Non-factual,14994,Non-factual,"আমার মেয়ের বয়স ৪বছর ৩মাস , ওজন ১১ . ৫কেজি , কিছুই খেতে চায় না , , খাবার মুখে দিলে নিয়ে বসে থাকে , খাবার কোন রুচি নেই , কোন খাবার পছন্দ করে না , চকলেট ও সে পছন্দ করে না , মুখে ভাত দিলে আধাঘন্টা বসে থাকে একবার এর ভাত নিয়েই , , প্লিজ একটু বলবেন কি করলে ও রুচি বাড়বে , , ঔ অনেক শুকনা কি করলে একটু মোটা হবে , , এমন কি করলে ও একটু মোটা হবে খাবার রুচি বাড়বে প্লিজ বলবেন , ,",বয়স ৪ বছর ৩ মাস । কিছু খেতে চায় না । রুচি নেই । কি করলে রুচি বাড়বে ও মোটা হবে ?,"বয়স ৪ বছর ৩ মাস। ওজন ১০.২ কেজি। কিছু খেতে চায় না, রুচি একদম কম। কি করলে রুচি বাড়বে ও একটু মোটা হবে?"
11190::Factual Contradiction,11190,Factual Contradiction,আমার আব্বুর বয়স ৫০ বছর আজকে ৭ / ৮ দিন জ্বর ৯৯ - ১০০ ` ` প্রথম ২ দিন নরমাল ঔষধ চলছিল তারপর এন্টিবায়োটিক জিম্যাক্স ৫০০ মি . আজকে ৫ নং ট্যাবলেট চলতেছে সাথে নাপা ৫০০ তিনবেলা এখনো সকালে এবং রাতে জ্বর আসে । কাশি নাই সর্দি নাই শ্বাসকষ্ট নাই শুধু জ্বর এবং শরীর দূর্বল খুবই ভয়ে আছি পরিবারের সবাই একটা পরামর্শ আশা করছি ধন্যবাদ,৫০ । ৭ / ৮ দিন হলো ৯৯° - ১০০° জ্বর । ১ম ২ দিন নরমাল ঔষধের পরে এন্টিবায়োটিক জিম্যাক্স ৫০০ মি . চলেছে । আজকে ৫ নং ট্যাবলেটের সাথে নাপা ৫০০ ৩ বেলা । সকালে ও রাতে জ্বর আসে । জ্বরের সাথে শরীর দুর্বল । পরামর্শ আশা করছি ।,"৫০। ৭/৮ দিন হলো ৯৯°-১০০° জ্বর। প্রথম ২ দিন এন্টিবায়োটিক চলার পরে নরমাল ঔষধ দেওয়া হয়েছে। আজকে ৫ নং ট্যাবলেটের সাথে নাপা ৫০০ ৩ বেলা। জ্বর এখন শুধু দুপুরে আসে, সকালে ও রাতে আসে না। জ্বরের সাথে শরীর দুর্বল। পরামর্শ আশা"
21599::Intrinsic,21599,Intrinsic,আমার বয়স 30 বছর । আমি দীর্ঘদিন যাবৎ এলার্জি রোগে ভুগতেছি । আমার এলার্জি শুধু চোখ এবং নাকি । প্রচুর পরিমাণে চোখ চুলকায় আমি প্রায় সময় ঠান্ডা লেগে থাকে অনেক ডাক্তার দেখাইছি কোন লাভ হয়নি যতদিন ওষুধ খাই ততদিন ভালো থাকি ওষুধ খাওয়া বন্ধ করলে আগের অবস্থায় ফিরে আসে এমত অবস্থায় কি করনীয় আমার প্লিজ এডভাইস ।,"বয়স ৩০ । দীর্ঘদিন যাবৎ এলার্জি শুধু চোখ এবং নাকে । প্রচুর পরিমাণে চোখ চুলকায় , প্রায় সময় ঠান্ডা লেগে থাকে ।","বয়স ৩০। দীর্ঘদিন ধরে এলার্জি চোখ, নাক ও গলায় ছড়িয়েছে। চোখে খুব চুলকানি হয়, সঙ্গে হাঁচি-কাশি ও প্রায়ই সর্দি লেগে থাকে। অনেক চিকিৎসাতেও স্থায়ী উপকার মেলেনি।"
11058::Factual Contradiction,11058,Factual Contradiction,"স্যার আপনি বলেছেন ঘাড় ব্যথা ও মাথা ব্যথার কভিড - ১৯ সন্দেহে তাড়াতাড়ি পরীক্ষা করতে বলেছেন , এখন আমি ঘরোয়া ভাবে চিকিৎসা নিলে হবে না , যেমন গরম পানি খাচ্ছি এবং গড়গড়া করছি , ভিটামিন সি খাওয়া , মধু , গরম পানির ভাপ আমি নিচ্ছি বতর্মানে । ধন্যবাদ স্যার",ঘাড় ব্যাথা ও মাথা ব্যাথার জন্য করোনা সন্দেহে টেস্ট করতে বলেছেন । ঘরোয়াভাবে চিকিৎসা নিলে কি হবে ?,"ঘাড় ব্যাথা ও মাথা ব্যাথার জন্য করোনা সন্দেহ নেই, টেস্ট করতে হবে না বলেছেন। ঘরোয়াভাবে চিকিৎসা নিলেই হবে কি না জানতে চেয়েছেন।"
15682::Factual Contradiction,15682,Factual Contradiction,"স্যার , আমার বয়স ৩০ বছর বয়স । আমার সারা দিন চলাফেরা করতে কোন সমস্যা মনে করিনা কিন্তু সোয়া বা ঘুমানোর ১০ / ১৫ মিনিট পরে পায়ের যেমন হাঁটুর উপর ও নিচে মাংসের মধ্যে ব্যথা করে বা কামরায় তখন পা নাড়াচারা করা লাগে না হলে খুব খারাপ লাগে । স্যার , এ অবস্থায় আমার কি করা উচিত । এ থেকে আমি কি ভাবে মুক্তি পেতে পারবো । আপনার সু পরামর্শ কামনা করছি ।",বয়স ৩০ । শোয়া বা ঘুমানোর ১০ / ১৫ মিনিট পরে পায়ের হাঁটুর উপর ও নিচে মাংসের মধ্যে ব্যাথা করে । কি করনীয় ? কিভাবে মুক্তি পাবো ?,"বয়স ৩০। সারা দিন চলাফেরার সময়ই পায়ের হাঁটুর উপর ও নিচে মাংসের মধ্যে ব্যথা করে, কিন্তু শোয়া বা ঘুমানোর ১০/১৫ মিনিট পরে তেমন সমস্যা থাকে না। কী করণীয়, কিভাবে মুক্তি পাবো?"
25233::Intrinsic,25233,Intrinsic,"বয়স ১৮ প্রেশার নরমাল , ঘুম হয় ৮ ঘন্টা খেলাধুলা কম হয় ঘাড়ে ব্যাথা করে , প্রায় ১মাস ধরে এই সমস্যা । সবসময় না , আবার ব্যাথাটাও জোরালো না । যখন ব্যাথা করে তখন তা ৩০ - ৪০মিনিট অনুভূত হয় । পরে হারিয়ে যায় । কোনো ধরনের ব্যায়াম করতে হবে নাকি কোনো ঔষধ খেতে হবে , পরামর্শ চাই ? ?",বয়স ১৮ । ঘাড়ে ব্যথা করে । ৩০ - ৪০ মিনিট থাকে এরপর চলে যায়,"বয়স ১৮। প্রায় দুই মাস ধরে ঘাড়ে হালকা ব্যথা হচ্ছে। ব্যথা হলে প্রায় ১ ঘণ্টা থাকে, তারপর কমে যায়।"
19361::Factual Contradiction,19361,Factual Contradiction,"ঘন ঘন প্রস্বাব এর ইচ্ছা জাগে , এবং ঘন ঘন প্রসাব হয় ও , তা ছাড়া পায়খানা সব কিছু ক্লিয়ার , প্রস্বাব ও ক্লিয়ার কোন ব্যথা বা জ্বালা পোড়া নাই , সব কিছুই সাভাবিক , ডাইবেটিক্স এর ও কোন উপসর্গ দেখি না , শুধু ঘন প্রস্বাব ছাড়া , এটা কি তাইলে","ঘন ঘন প্রস্বাব এর ইচ্ছা জাগে , ঘন ঘন প্রসাব হয় , তা ছাড়া পায়খানা সব কিছু ক্লিয়ার , কোন ব্যথা বা জ্বালা পোড়া নাই ।","ঘন ঘন প্রস্বাবের ইচ্ছা জাগে ও ঘন ঘন প্রসাব হয়, পাশাপাশি পায়খানাও পরিষ্কার নয়, এবং প্রসাবের সময় ব্যথা ও জ্বালা পোড়া আছে।"
3047::Intrinsic,3047,Intrinsic,আমার কোন কারন ছারাই ভয় করে . . . সব সময় মনে দু : চিন্তা কাজ করে যার কোন কারন থাকে না . . . . আমি নিজে নিজে দু : চিন্তা কাটানোর চেষ্ঠা করি কিন্তু পারি না . . . . আমার ঘুম ভালো হয় . . . . আমি ডাক্তের পরামশ নিয়েছে কিন্তু কোন কাজ হয়নি তারা শুধু ঘুমের ঔষদ দেয় . . . . অনুগ্রহ পূবক সঠিক পরামর্শ দিলে খুব উপকৃত হবো . . . .,কোন কারণ ছাড়া ভয় এবং দুশ্চিন্তা কাজ করে । ভালো ঘুম হয় । ডাক্তার ঘুমের ওষুধ দেয় এতে কোন কাজ হয়নি,কয়েক মাস ধরে কোনো কারণ ছাড়াই ভয় ও দুশ্চিন্তা হচ্ছে। ঘুমও ঠিকমতো হয় না। ডাক্তার উদ্বেগের ওষুধ দিলেও তাতে তেমন উপকার হয়নি।
2082::Intrinsic,2082,Intrinsic,"স্যার , আমি দ্বাদশ শ্রেণীতে পড়ি । সামনে আমার পরিক্ষা , কিছুদিন যাবত আমার নানা ধরনের সমস্যা সৃষ্টি হচ্ছে । তার মধ্যে অন্যতম হলো আমি বেশী কল্পনা করি । সামনে কি হবে তা নিয়ে আমি ভাবতে থাকি । ভবিষ্যৎ নিয়ে সবসময় ব্যস্ত ভাবতে থাকি । পড়তে গিয়ে পড়তে বসলে তখন ভবিষ্যৎ নিয়ে চিন্তা করি । আমার পড়া মুখস্ত হচ্ছে না এর জন্য আমি কি করতে পারি ?",দ্বাদশ শ্রেণির ছাত্র / ছাত্রী । ভবিষ্যৎ নিয়ে অতিরিক্ত কল্পনায় পড়তে পারছে না ঠিকমত । সমাধান কী ?,"দ্বাদশ শ্রেণির ছাত্র / ছাত্রী। পরীক্ষা সামনে, তাই ভবিষ্যৎ নিয়ে সারাক্ষণ দুশ্চিন্তা ও অতিরিক্ত কল্পনায় ভুগে পড়ায় মনোযোগ ধরে রাখতে পারছে না, এমনকি মুখস্থও ভুলে যাচ্ছে। সমাধান কী?"
11478::Intrinsic,11478,Intrinsic,"আমি ডাইবিডিস রুগি , আমার ডাইবিডিস১১ আছে ঔষধ ওরামেট ৫০০ খাই । আমার পেটের বাম পাশে হটাত হটাত ব্যাথা হয় । সব সময় হয় না , পসরাভ থেমে থেমে আসে , পসরাভ করার পর ও মনে হয় আর ও বিতরে পসরাভ আছে । তার পর বাম পা টা ভারি লাগে বাম পা টা জিম জিম করে , এখন আমি কি করবো ?",ডায়াবেটিস ১১ । ওষুধ ওরামেট ৫০০ খাই ৷ পেটের বামে হঠাৎ ব্যাথা হয়ম প্রস্রাব থেমে থেমে আসে । বাম পা ভারি লাগে ও ঝিম ঝিম করে । কি করনীয় ?,"ডায়াবেটিস ১১ বছর। ওষুধ ওরামেট ৮৫০ খাই। পেটের ডান পাশে মাঝেমধ্যে তীব্র ব্যথা হয়, প্রস্রাবে জ্বালাপোড়া ও বারবার প্রস্রাবের বেগ থাকে। ডান পা ভারি লাগে ও অবশ অবশ করে। কী করণীয়?"
23012::Intrinsic,23012,Intrinsic,"আসসালামু আলাইকুম স্যার । আমার মেয়ের বয়স ৫ বছর । আলহামদুলিল্লাহ অসুখ বিসুখ খুবই কম । মোটামোটি পরিষ্কার পরিচ্ছন্ন থাকে সবসময় । কিন্তু ছোট বেলা থেকেই সর্দি সমস্যা । এখনও অনবরত পানির মত আবার কখনও পাকা সর্দি নাক দিয়ে ঝরতে থাকে যা বাচ্চার জন্য এমনকি আমাদের জন্যও খুবি অসস্থিকর । কি ব্যবহার করলে এ অবস্থা থেকে মুক্তি পাবে , অন্ততঃ সর্দি কমে যাবে জানালে উপকৃত হব ।",বয়স ৫ । ছোট থেকে পাকা সর্দি পানির মতো নাক থেকে ঝরতে থাকে । কি করণীয় ?,"বয়স ৫। গত কয়েক মাস ধরে নাক দিয়ে প্রায়ই পানির মতো সর্দি ঝরে, মাঝে মাঝে ঘন হলুদ সর্দিও হয়। কী ব্যবহার করলে কমবে?"
15142::Non-factual,15142,Non-factual,"খেতে পারতেছি না ঠিক করে , খাইলে খারাপ লাগে । আমার অস্থিরতা উঠে । আমার কোন দুশ্চিন্তা নাই তাহলে অস্থিরতা কেন উঠবে । ব্যায়াম করলে নাকি শরীর সুস্থ থাকে কিন্তু আমি পুশআপ দিলেই দম বন্ধ বন্ধ লাগে । ৫ মিনিট হাটলে অস্থিরতা শুরু হয় । পরিশ্রম করতে পারচি না । আমাকে এটার সমাধান দেন প্লিজ । আমার মানসিক কোন চিন্তা নেই । বুকের ইকো , এক্সরে করারা পর কোন সমস্যা ধরা পরে নি । তাহলে আমার এমন কেন হচ্ছে । দয়া করে জানাবেন","খেলে খারাপ লাগে , হাঁটলে , ব্যায়াম করলে অস্থিরতা শুরু হয় পরিশ্রম করতে পারছেনা ।","খেলে খারাপ লাগে, ১০ মিনিট হাঁটলে ও পুশআপ দিলে অস্থিরতা শুরু হয়, দম বন্ধ লাগে, পরিশ্রম করতে পারছেন না; ইসিজি ও থাইরয়েড টেস্টেও নাকি সমস্যা ধরা পড়েনি।"
15002::Factual Contradiction,15002,Factual Contradiction,"আসসালামু আলাইকুম , স্যার আমার ওয়াইফ বয়স 28 বছর উচ্চতা 5 ফুট 4 ইঞ্চি ওজন 57 কেজি । গত 6 থেকে 7 মাস যাবৎ তার দুই পায়ের গোড়ালি ব্যথা করে বাম পায়ের গোড়ালি টা বেশি । মাস দুয়েক আগে সে একমাস যাবত ক্যালসিয়াম খেয়েছিল , তাতে ব্যথা কমে নাই । এমতাবস্থায় কি করা যায় স্যার একটু পরামর্শ দিবেন ।","বয়স 28 , উচ্চতা 5 ফুট 4 ইঞ্চি । ওজন 57 কেজি । গত 6 - 7 মাস যাবৎ দুই পায়ের গোড়ালি ব্যথা করে । একমাস যাবত ক্যালসিয়াম খেয়ে ব্যথা কমে নাই ।","বয়স 28, উচ্চতা 5 ফুট 4 ইঞ্চি। ওজন 57 কেজি। গত 6 - 7 মাস যাবৎ শুধু ডান পায়ের গোড়ালি ব্যথা করে। একমাস যাবত ক্যালসিয়াম খেয়ে ব্যথা অনেক কমে গেছে।"
19087::Non-factual,19087,Non-factual,"বয়স ২৯ । মেল । বিবাহিত । বেসরকারি চাকরিজিবি । ব্লাড প্রেসার এবং উচ্চতা অনুযায়ী ওজন সাভাবিক । সমস্যা : অতিরিক্ত ঘুম । রাত ১০ / ১০ . ৩০ এর মধ্যে ঘুম চলে আসে । ফজরের সালাত পড়ে আবার ঘুমায় ৭ টায় উঠি । আমি রাতে পড়ার জন্য বা অন্য কোনো কাজে বেশি সময় জেগে থাকতে চাই , কিন্ত পারি না । ব্লাড প্রেসার এবং উচ্চতা অনুযায়ী ওজন সাভাবিক । তাই দুর্বলতা বলে মনে হয় না । পরামর্শ দিবেন ।",বয়স ২৯ । মেল । বিবাহিত । ওজন সাভাবিক । অতিরিক্ত ঘুম হয় প্রায় ৮ - ৯ঘন্টা । রাত ১০ / ১০ . ৩০ এর মধ্যে ঘুম চলে আসে । ।,বয়স ২৯। মেল। বিবাহিত। ওজন স্বাভাবিক। অতিরিক্ত ঘুম হয় প্রায় ১০–১১ ঘণ্টা। রাত ৯.৩০/১০টার মধ্যেই ঘুম চলে আসে। সকালে ৬টায় উঠলেও আবার ঘুম পায়।
23095::Non-factual,23095,Non-factual,"আমার আজকে ৩ / ৪ দিন , পেট বীষ হয়ে আছে , জ্বালাপোড়া ভাবও আছে , সাথে পাতলা পায়খানা , আমি ইফতারে শুধু চিড়া মুড়ি বিজিয়ে খাই , ভাজা পোড়া একবারে খায়না , উল্লেখ্য যে আমি একজন আইবিএস রোগের আমার বয়স 38 বছর , এখন আমি প্যানটোনিক্স 20 , মেভ এস আর , প্রোবায়ো , জিংক 20 , এই ঔষধ গুলো খাচ্ছি , কিন্তু পায়খানা শক্ত হচ্ছেনা , 1 মাস আগে হেপাক্সিমিন ২০০ , ১৪ দিন খেয়েছি , এখন কি আবার খেতে পারবো , এখন কি ঔষধ খাবো","পেটে জ্বালাপোড়া পাতলা পায়খানা । নানা কিছু খেয়েও পায়খানা শক্ত হয় না । প্যানটোনিক্স ২০ , মেভ এস আর , প্রোবায়ো , জিংক ২০ খাচ্ছে ।","পেটে জ্বালাপোড়া ও পাতলা পায়খানা ৫/৬ দিন ধরে। অনেক কিছু খেলেও পায়খানা শক্ত হচ্ছে না। প্যানটোনিক্স ৪০, মেভ এস আর, প্রোবায়ো, জিংক ২০-এর সাথে নরম্যাক্স ৫৫০ খাচ্ছে।"
20973::Intrinsic,20973,Intrinsic,"আমার মিসেসের ৮ মাস ২৫ দিন প্রেগনেন্সি চলছে । তার ব্লাডের হিমোগ্লবিন ৮ . ৭ হওয়ায় সে এখন আয়রন ট্যাবলেটের পাশাপাশি আয়রন জাতীয় বিভিন্ন খাবার খাচ্ছে । সেই কারনে তার পায়খানা অনেক কষা এবং পায়খানা করতে কষ্ট হচ্ছে । ইনশাআল্লাহ , এখন কি জাতীয় খাবার খেলে সবাই ঠিক থাকবে । পরামর্শ দিলে উপকৃত হতাম ।",৮ মাস ২৫ দিন প্রেগনেন্সি চলছে । ব্লাডের হিমোগ্লবিন ৮ . ৭ । আয়রন ট্যাবলেটের পাশাপাশি আয়রন জাতীয় বিভিন্ন খাবার খাচ্ছে । পায়খানা অনেক কষা এবং পায়খানা করতে কষ্ট হচ্ছে ।,"৯ মাসের প্রেগনেন্সি চলছে। ব্লাডের হিমোগ্লবিন ৭.৮ হওয়ায় আয়রন ট্যাবলেটের সঙ্গে বেশি আয়রনসমৃদ্ধ খাবার খাচ্ছে। ফলে কয়েক দিন ধরে পায়খানা শক্ত, কালচে এবং করতে বেশ কষ্ট হচ্ছে।"
12106::Non-factual,12106,Non-factual,"আমার জর নেই কিন্তু কিছু খেতে অনিহা , ইফতার এর পর শীত শীত লাগে এবং ঘেমে যাই কিন্তু অরকম জ্বর অনুভব হয়না , কিছুক্ষন পর আবার নরমাল হয়ে যাই । জর ছিল গত শুক্রবার ( খুব বেশি ) , এবং মাথাব্যাথা ছিল টানা দুদিন এখন জর মাথাব্যথাও নেই । পাড়ার ফার্মেসী থেকে এজিসিন আর নাপা দিছিলো শুক্রবারেই আর জর কিন্তু শুক্রবারই ছিল , মাথাব্যথা স্থায়ী ছিল টানা দুদিন । এখন আমার কি করনীয় ?",জ্বর নেই । খাবারে অনীহা ৷ গত শুক্রবার জ্বর ছিল ও টানা দুইদিন মাথা ব্যাথা ছিল । এখন নেই । এজিসিন ও নাপা খেয়েছি ৷ কি করনীয় ?,"এখনও জ্বর নেই, তবে খাবারে অনীহা আছে। গত বৃহস্পতিবার ১০১ ডিগ্রি জ্বর ছিল এবং টানা তিনদিন মাথাব্যথা ছিল, এখন নেই। এজিসিন, নাপা ও সেকলো খেয়েছি। কী করণীয়?"
11244::Intrinsic,11244,Intrinsic,আমার স্ত্রী কে গত 08 : 05 : 20 তারিখে সিজার করানো হয়েছে আজকে 17 : 05 : 20 তারিখ তার সেলাই কাটার কথা কিন্তু সেলাই এর জায়গা থেকে পানির মত কিছু আসে । এটা কোন সমস্যা কিনা এবং এ অবস্থায় সেলাই কাটা যাবে কিনা জানতে পারলে উপকৃত হইতাম ।,০৮ / ০৫ / ২০ তারিখে সিজার হয়েছে । ১৭ / ০৫ / ২০ সেলাই কাটার কথা কিন্তু সেলাইয়ের জায়গা থেকে পানির মতো আসে । এটা কি সমস্যা ? এ অবস্থায় সেলাই কাটা যাবে কি ?,"০৮ / ০৫ / ২০ তারিখে সিজার হয়েছে। ১৭ / ০৫ / ২০ সেলাই কাটার কথা, কিন্তু সেলাইয়ের জায়গা থেকে হলুদ পানি ও সামান্য পুঁজ বের হচ্ছে। এটা কি ইনফেকশনের লক্ষণ? এ অবস্থায় সেলাই কাটা যাবে কি?"
15082::Intrinsic,15082,Intrinsic,আমার বয়স ১৮ বছর আমার গত ৫ বছর আগে ডায়াবেটিস ধরা পড়ে ডায়াবেটিস ধরা পড়ার পড় ৩ বছর এটি কনটলে থাকে তারপর ইদানিং দুই বছর এটি কনট্রোলে রাখতে পারছি না বিশেষজ্ঞ ডক্টর দেখানর পড়েও এখন আমি কী ভাবে এটি কনট্রোল করতে পড়ি আমর ওজন ৮৩ কেজি উচ্চতা ৬ ফুট,"বয়স ১৮ , উচ্চতা ৬ ফিট ওজন ৮৩ কেজি । ৫ বছর যাবৎ ডায়াবেটিস ২ বছর যাবৎ কন্ট্রোল থাকছেনা ।","বয়স ১৮, উচ্চতা ৬ ফিট ওজন ৮৩ কেজি। ৬ বছর ধরে ডায়াবেটিস, গত ৩ বছর ধরে এটি ঠিকমতো কন্ট্রোলে নেই।"
12493::Non-factual,12493,Non-factual,"আমার স্ত্রী ৬ সপ্তাহ ধরে গর্ভবতী , ডাক্তারের পরামর্শে আল্ট্রা করি তিনি রিপোর্ট দেখে বলেন এখনও বাচ্চার হার্টবিট আসেনি । আরও ৩ সপ্তাহ পর আবার আল্ট্রা করাতে বললেন । প্রথমবার আমার স্ত্রীর মিস কেরেজ হয় গত ডিসেম্বর মাসে তাই খুব টেনশনে আছি । হার্টবিট আনার জন্য কি কোন মেডিসিনের দরকার হবে । নাকি এটা সম্পুর্ন প্রাকৃতিক বেপার । খাওয়া দাওয়া করতে পারছেনা ঠিক মত , বেশীর ভাগ সময় বমির করে । এমুহূর্তে কি করা উচিৎ একটু পরামর্শ দিবেন দয়া করে ।","৬ সপ্তাহের গর্ভবতী কিন্তু বাচ্চার হার্টবিট আসেনি । ডাক্তার ৩ সপ্তাহ পরে আলট্রা করতে বলেছেন । এর আগে স্ত্রীর মিসকারেজ হয়েছিল । হার্টবিট আনার জন্য মেডিসিন দরকার হবে কি ? খেতে পারছে না , বমি হচ্ছে । কি করনীয় ?","৮ সপ্তাহের গর্ভবতী কিন্তু বাচ্চার হার্টবিট এখনো আসেনি। ডাক্তার ২ সপ্তাহ পরে আবার আলট্রা করতে বলেছেন। এর আগে গত নভেম্বরে স্ত্রীর মিসকারেজ হয়েছিল। হার্টবিট আনার জন্য ডুফাস্টন বা ফোলিক অ্যাসিড বাড়াতে হবে কি? খেতে পারছে না, বারবার বমি হচ্ছে। কী কর"
7640::Factual Contradiction,7640,Factual Contradiction,"আসসালামু আলাইকুম । গত কয়েকবছর ধরে আমার সর্দি লেগেই থাকে মানে সর্বদা নাক দিয়ে তরল পদার্থ বের হয় । তরলগুলো মনে হয় আমার গলা আর নাক এর মিলনস্থলে জড়ো হয়ে থাকে যার ফলে আমার বমি বমি ভাব লেগে থাকে । ইতোপূর্বে ডাক্তারের পরামর্শ নিয়েছিলাম । তারা বলে আমার এলার্জি আছে ত যেসব ঐষধ প্রেসক্রাইব করেছিলেন তারা , সেসব ঔষথ সেবন করেছিলাম , যেমন , রুপাটাডিন , এ্যাভিল , এলাট্রল ইত্যাদি কিন্ত কাজ হয়নি । আমি বলে বুঝাতে পারবনা ভাই যে , ঠিক কতটা সমস্যায় আছি । তাই দয়া করে এই বিষয়টা একটা দেখুন আর এই সমস্যার সমাধানটা আমাকে দিন । ধন্যবাদ","গত কয়েকবছর ধরে সর্দির সমস্যা , নাক ও গলার মাঝে জমে থাকে যার জন্যে বমিবমি লাগে । ডক্টরের পরামর্শ অনুযায়ী অ্যালার্জির জন্যে রূপাটিডিন , অ্যাভিল , অ্যালাট্রল সেবন করা হয়েছে । কিন্তু কাজ হয়নি । কিভাবে উপশম হবে ?","গত কয়েকবছর ধরে সর্দির সমস্যা নেই, নাক দিয়ে তরলও বের হয় না; বরং নাক ও গলার মাঝে কিছুই জমে না বলে বমিবমি ভাবও থাকে না। ডাক্তারের পরামর্শে অ্যালার্জির কোনো ওষুধ সেবন করেননি। এখন কিভাবে উপশম হবে জানতে চাচ্ছেন।"
18788::Factual Contradiction,18788,Factual Contradiction,আমার কোমরে ব্যাথা কর । পোশ়াবের গতি খুব । কম । বসে পোশ়াব করতে অগুবিধা হয় । অন্ডকোশের নিচে পিন ফোটানোর মত লাগ । শরীর খুব দুর্বল লাগে । পসশ়াব করে ঊঠার পর গলা শুকিয়ে যায় । হাত ও পুরো শরীর কাঁপে । পসশ়াবের চাপ এলে মনে হয় কাপড় নষ্ট হগে যাবে । বসে পোশ়াব করতে গেলে পায়খানার দ্বার ভিজে যায় মাঝে মাঝে পায়খানা হয়ে যায় । দাঁড়িয়ে পোশ়াব করলে আরাম লাগে । দয়া করে দ্রুত পরামর্শ দিবেন ।,কোমরে ব্যাথা । প্রস্রাবের গতি বেশি । বসে প্রস্রাব করতে অসুবিধা হয় । অণ্ডকোষের নিচে পিন ফোটার মতো লাগে । শরীর দুর্বল । গলা শুকনো লাগে । হাত ও শরীর কাঁপে । প্রস্রাবের সাথে পায়খানা হয়ে যায় । পরামর্শ চাই ।,"কোমরে ব্যথা। প্রস্রাবের গতি খুব কম। দাঁড়িয়ে প্রস্রাব করতে অসুবিধা হয়, বসে করলে আরাম লাগে। অণ্ডকোষের নিচে পিন ফোটার মতো লাগে। শরীর দুর্বল, গলা শুকিয়ে যায়। হাত ও শরীর কাঁপে। প্রস্রাবের সাথে পায়খানা হয় না। পরামর্শ চাই।"
13232::Factual Contradiction,13232,Factual Contradiction,আমার বয়স ৪০ বছর । গত প্রায় এক বছর ধরে আমার ঘাড়ের বাম পাশে পেরেকের মত কিছু একটা ফুটে আছে বলে অনুভূত হয় । বাম পাশে তাকাতে বা নামাজের সময় সালাম ফেরাতে খুব অসুবিধা হয় । কিছুক্ষণ বসে থাকলেও অসুবিধা হয় । তো এক্ষেত্রে করণীয় কি ? ? ?,বয়স ৪০ । ১ বছর হলো ঘাড়ের বাম পাশে পেরেকের মতো কিছু ফুটে আছে মনে হয় । নড়াচড়া করলে অসুবিধা লাগে । বসে থাকলেও অসুবিধা হয় । কি করনীয় ?,বয়স ৪০। ১ বছর হলো ঘাড়ের ডান পাশে পেরেকের মতো কিছু ফুটে আছে মনে হয়। নড়াচড়া করলে তেমন অসুবিধা লাগে না। বসে থাকলে আরাম লাগে। কী করণীয়?
6878::Intrinsic,6878,Intrinsic,"স্যার আমার প্রশ্নটা হল , অনেক শিশু কিশোরদের দেখি তাদের গলায় একটা কড়ি ঝুলানো থাকে । ঐটা আসলে কি সমস্যার কারনে দেয় । যদি বিষয় টা ক্লিয়ার জানাতেন উপকৃত হতাম । আমার বয়স 22 । আমার ও মনে হয় এধরনের সমস্যা আছে । নাবির সোজা পেটের উপর ভাগে কি যেন বাড়ে । ঐটা কি ? আমি নিয়মিত কাওয়া দাওয়া করি কিন্তু স্বাস্হ ভালো হয়না । দিন দিন শুকিয়ে যাচ্ছি । শরিরে অন্য কোন সমস্যা নেই । এখন আমি কি করতে পারি ? খুব টেনশানে আছি । কোন কাজে মনোযোগ থাকে না । ।","২২ বছর বয়সী , নাভির সোজাসুজি পেটের উপরে কি যেন বাড়ে , নিয়মিত খাওয়া দাওয়ার পর ও স্বাস্থ্য ভালনা , কোনো কাজে মনোযোগ থাকেনা । এটার উপশম কি ?","২২ বছর বয়সী, গলার কাছে কড়ির মতো ফোলা আছে বলে মনে হয়, নাভির ওপরের অংশে মাঝেমধ্যে শক্ত কিছু ওঠে। নিয়মিত খাওয়া-দাওয়া করলেও ওজন কমছে, দুর্বল লাগে ও মনোযোগ কমে গেছে। এর চিকিৎসা কী?"
20264::Factual Contradiction,20264,Factual Contradiction,"সাবিত ( দুই বছর নয় মাস ) গত ৮ দিন যাবত 102 103 100 জ্বর থাকতেছে , একজন ভালো ডাক্তার দেখানো হয়েছে , ব্লাড টেস্ট করা হয়েছে ইউরিন টেস্ট করা হয়েছে , প্রসাব একটু সমস্যা পেয়েছে ডাক্তার বলেছে মেডিসিন খেলে ভালো হয়ে যাবে কিন্তু এখনো জ্বর কমছে না । কি করা যায় ডাক্তার কি পরিবর্তন করে আবার দেখানো দরকার কি",বয়স দুই বছর নয় মাস । গত ৮ দিন যাবত 102 103 100 জ্বর থাকতেছে । টেস্টে প্রসাব এ একটু সমস্যা । ডাক্তার বলেছে মেডিসিন খেলে ভালো হয়ে যাবে কিন্তু এখনো জ্বর কমছে না ।,"বয়স দুই বছর নয় মাস। গত ৮ দিন যাবত জ্বর একদম কমে গেছে, 102 103 100 আর হচ্ছে না। টেস্টে প্রসাবে কোনো সমস্যা পাওয়া যায়নি। ডাক্তার বলেছে মেডিসিন না খেলেও ভালো হয়ে যাবে, কিন্তু এখনো জ্বর বেড়েই চলেছে।"
16602::Intrinsic,16602,Intrinsic,আমি ১০ বছর যাবত চাকরি করি । আমার অনেক সমস্যা আছে । ১ . আমি সব সময় অজানা ভয়ে থাকি আমার কাছের মানুষ / পরিবারের মানুষ জন যদি কোন সড়ক দুঘটনায় মারা যায় ৷ ২ . আমার ৫ বছর যাবত একটা রিলেশন ছিল এখন নেই । মেয়েটা আমাকে অনকে ভালোবাসত আমিও ভাসতাম কিন্তু আমি প্রায় মেয়েটাকে এভয়েড করে চলতাম কিন্তু মেয়েটা আমাকে কখনও ছেড়ে যায় নি । এই বছরের প্রথমে আমার এভয়েড এর মাত্রা বেড়ে যাওয়ায় আমিও ওকে ফোন দেই নি ও আমাকে ফোন দেইনি । আমি এখনও তাকে নিয়ে ভাবি কিন্তু আমার ইগোর কারনে পারি না । আমি নিজেকে কস্ট দিয়ে অনকে ঘুম এর টেবলেট খেয়েছি,সব সময় অজানা ভয়ে থাকি পরিবারের মানুষ জন যদি কোন সড়ক দুঘটনায় মারা যায় ৷ ৫ বছরের রিলেসন এখন নেই । এখনও তাকে নিয়ে ভাবি কিন্তু ইগোর কারনে ফিরতে পারি না । নিজেকে কষ্ট দিয়ে ঘুম এর টেবলেট খেয়েছি,"সব সময় অজানা ভয়ে থাকি, বিশেষ করে পরিবারের কেউ দুর্ঘটনায় আহত হবে মনে হয়। ৬ বছরের সম্পর্ক এখন ভেঙে গেছে। এখনও তাকে নিয়ে ভাবি, কিন্তু অভিমান ও ইগোর কারণে যোগাযোগ করি না। নিজেকে কষ্ট দিয়ে নিয়মিত ঘুমের ট্যাবলেট খেয়েছি।"
2704::Factual Contradiction,2704,Factual Contradiction,"স্যার আমি < NAME > , বয়স ২৫ বছর । আমি একটা প্রাইভেট কোম্পানিতে জব করি । সেখানে ৬ দিন ডে শিফটে এবং ৬ দিন নাইট শিফটে কাজ করতে হয় । ইদানিং আমার দিনের ডিউটি চলাকালীন সময়ে রাতে একেবারেই ঘুম আসেনা । শত চেষ্টা করেও চোখে ঘুম আসেনা । এমতাবস্থায় আমি কি করতে পারি ? ? ? ? দয়া করে জানাবেন ।",বয়স ২৫ । নাইট ডিউটি করি । দিনে ডিউটিতে রাতে ঘুম আসে না,বয়স ২৫। শুধু ডে শিফটে কাজ করি। নাইট ডিউটির সময় দিনে ঘুম আসে না।
17497::Intrinsic,17497,Intrinsic,"আমার মায়ের চোখে সমস্যা । বয়স ৪৫ । শুধু ঘুম থেকে উঠতেই চোখ যেন মেলানোই যায় না , প্রচন্ড ব্যথা করে । আজকে আবার চোখ ব্যথার সাথে কপাল ও ব্যথা করেছে । সমস্যা টি প্রায় ১ বছর ধরে , একটু একটু করে এই পর্যায়ে এসেছে । * এখন কি ট্রিটমেন্ট নেয়া যেতে পারে ? * অনলাইনে একজন ডা . আর্টিফিশিয়াল টিয়ার ড্রপ সাজেস্ট করেছিলেন , কিন্তু তা পেলাম না । এটা কি আসলেই ওষুধ ? যদি হয় তাহলে কোথায় পাওয়া যেতে পারে / এর পরিবর্তে অন্য কোন ওষুধ আছে ?",চোখে সমস্যা । বয়স ৪৫ । শুধু ঘুম থেকে উঠতেই চোখ প্রচন্ড ব্যথা করে । আজকে আবার কপাল ও ব্যথা করেছে । সমস্যা টি প্রায় ১ বছর ধরে ।,"চোখে সমস্যা, বয়স ৪৫। ঘুম থেকে উঠলে চোখ খুলতে কষ্ট হয় এবং তীব্র ব্যথা থাকে, সঙ্গে ঝাপসা দেখাও হচ্ছে। আজকে চোখের ব্যথার সাথে মাথা ও কপাল ব্যথা করেছে। সমস্যা প্রায় ৬ মাস ধরে ধীরে ধীরে বেড়েছে।"
17838::Intrinsic,17838,Intrinsic,আমি আজ দুপুরে চিংড়িমাছ দিয়ে লাঞ্চ করেছি । বিকেল তিনটা থেকে প্রচুর গা মাথা এমনকি পুরা শরীর এত পরিমান চুলকাচ্ছে আমি সহ্য করতে পারছি না । এর আগে আমার কোন এলার্জি ছিল না । খুব দ্রুত কাজ করবে এমন কি আছে জানাবেন । প্লিজ কি করব একটু জানাবেন,চিংড়ি খাওয়ার পরে এলার্জি হয়েছে । কি করনীয় ?,"চিংড়ি খাওয়ার প্রায় এক ঘণ্টার মধ্যে তীব্র এলার্জি শুরু হয়েছে, সারা শরীরে চুলকানির সঙ্গে মাথা ঘোরা ও র‍্যাশও আছে। আগে থেকেও সিফুডে এমন সমস্যা হতো। এখন দ্রুত কাজ করবে এমন ওষুধ ও করণীয় জানতে চাচ্ছেন।"
7178::Intrinsic,7178,Intrinsic,আমার মাথায় খুশকি সমস্যাটি ২ / ৩ বছর যাবৎ একটু বেশিই । মাথার উপরের অংশ হতে বিশেষ করে চুল পড়ার হার বেশি । এখন মাথা ন্যাড়া করেছি তাই স্কিনে দেখতে পাচ্ছি কিছু কিছু জায়গায় সাদা সাদা দেখতে হয় এবং হাত দিয়ে ঘষলে চামড়া হতে খুশকির মত হাতে আসে ।,"২ / ৩ বছর খুশকির সমস্যা , মাথার উপরের অংশ থেকে চুল পরে । হাত দিয়ে ঘসলে খুশকি আসে । করণীয় কি","প্রায় ৪ বছর ধরে মাথায় তীব্র খুশকির সমস্যা, বিশেষ করে সামনের ও উপরের অংশে চুল পড়া বেশি। মাথা ন্যাড়া করার পর স্কিনে সাদা সাদা দাগ স্পষ্ট দেখা যায় এবং ঘষলে পুরু খোসার মতো উঠে আসে। করণীয় কী"
6145::Factual Contradiction,6145,Factual Contradiction,"স‍্যার আমার বয়স ৩০ , মাজার নিজ থেকে শুরু করে পার পাতা অবদি বেথ‍্যা করে ও শিরায় টান বাদে আমার গিরেয় গিরেয় বেথ‍্যা করে পা চাবাই , আমি থ‍াইরয়েডের রুগি ছিলাম , অনেক আগে থেকে ঔষধ খাওয়া বাদ দিয়েছি , অনেক দিন টেস্ট করিনা ও ঔষধ ও খাইনা , আমার ওয়েট বারতেছে , মাঝে মধ্য জর হয় , ঘুম কম হয় , এখন আমার কি করোনি ও ।","বয়স ৩০ , মাজার নিচ থেকে পায়ের পাতা অবদি বেথ‍্যা করে , পা চাবাই , থ‍াইরয়েডের রুগি ছিলাম । ওয়েট বাড়তেছে , মাঝে মধ্য জ্বর হয় , ঘুম কম হয় ।","বয়স ৩০, মাজার নিচ থেকে পায়ের পাতা পর্যন্ত কোনো ব্যথা করে না, পা চাবায় না, থাইরয়েডের রোগ ছিল না। ওয়েট কমতেছে, মাঝে মধ্যে জ্বর হয় না, ঘুম বেশি হয়।"
11198::Factual Contradiction,11198,Factual Contradiction,"আমার বিয়ে হয়েছে ২ বছর , আমি এখন বাচ্চা নিতে চাই , কিন্তু আমার উপযুক্ত সময়ে স্বামী কাছে থাকতে পারে না , ওর চাকরি দূরে সপ্তাহে ২ দিন আসে , এই মাসে ছুটি থাকায় কাছে থাকতে পেরেছি , ২১ তারিখ পিরিয়ড হবার তারিখ । আজ ১৬ তারিখ খুব ব্রেস্টে ব্যথা হচ্ছে আর খুব দুর্বল লাগছে । । আমি এই মাসে প্রেগনেন্ট হবার কোনো সম্ভাবনা কি আছে ?",বাচ্চা নিতে চাই । ২১ তারিখ পিরিয়ড হওয়ার তারিখ । আজ ১৬ তারিখ ব্রেস্টে ব্যাথা ও শরীর দুর্বল । এই মাসে প্রেগন্যান্ট হতে পারি কি ?,"এখন বাচ্চা নিতে চান না। ২১ তারিখ পিরিয়ড হওয়ার তারিখ। আজ ১৬ তারিখ ব্রেস্টে কোনো ব্যথা নেই, শরীরও দুর্বল লাগছে না। এই মাসে প্রেগন্যান্ট না হওয়ার সম্ভাবনা জানতে চেয়েছেন।"
17451::Intrinsic,17451,Intrinsic,আমার পায়ের হাটুর ভিতর এবং হাটুর নিচ থেকে মাংসের ভিতর খুব ব্যথা করে । অনেক দিন ( ৫ - ৬ মাস প্রায় ) যাবত এমন হচ্ছে । শুয়ে থাকলে আরো বেশি ব্যথা অনুভূত হয় । মাঝে কিছু ব্যথা নাশক ওষুধ এবং ক্যালসিয়াম + ডি খেয়েছি কিন্তু কোন পরিবর্তন হয়নি । এমতাবস্থায় আমি কি করতে পারি ? প্লিজ হেল্প ।,৫ - ৬ মাস হলো হাঁটু ও হাঁটুর নিচে ব্যাথা করে । শুলে ব্যাথা বেশি হয় । কি করনীয় ?,প্রায় ৮ - ৯ মাস ধরে দুই হাঁটু ও পায়ের পেশির ভেতরে ব্যথা করছে। হাঁটাচলা করলে ও রাতে শুলে ব্যথা আরও বাড়ে। ব্যথার ওষুধ ও ক্যালসিয়াম খেলেও উপকার হয়নি। এখন কী করা উচিত?
17641::Intrinsic,17641,Intrinsic,স্যার আমার গত ১ - ২ বছর আগে থেকে চুল পড়া শুরু হয়েছে । কিন্তু আগে পড়লেও তেমন একটা বুঝা যেতো না কিন্তু এ ১ - ২ মাসের মধ্যে আগের থেকেও অনেক বেশিই পড়ছে কিন্তু চুল আর গজাচ্ছে না এখন মাথার উপরের অংশ টুকুর চুল খুব পাতলা হয়ে গেছে ? । যা আমাকে খুব মানষিক যন্ত্রনা দেয় আর এ ছাড়াও ৩ - ৪ মাস আগে মাথায় খুসকি হতো তখন একটা ড্যানসেল শ্যাম্পু ব্যাবহার করার পর এখন মাথায় খুসকি নাই । আর আরেক টা বিষয় প্রায় সময় মাথায় চুলের গোরা খুব ব্যাথা করে ? আর স্যার আমাদের বংশ গত কাহারো মাথায় টাক নেই ? ?,চুল পড়ে । খুশকির সমস্যা ছিল । চুলের গোড়া ব্যাথা করে ।,"চুল ৩–৪ বছর ধরে পড়ছে, সামনের দিক থেকে টাক স্পষ্ট হচ্ছে। খুশকি এখনো আছে এবং শ্যাম্পুতে তেমন কমেনি। মাথার ত্বক জ্বালা করে ও চুলের গোড়া ব্যথা করে।"
16069::Factual Contradiction,16069,Factual Contradiction,আমার বাচ্চার বয়স তিন বছর । গত পাঁচ দিন ধরে সে একবারও বাথরুম করছে না । কিন্তু নিয়মিত খাওয়া - দাওয়া করছে । কোন ধরনের ব্যথা অনুভূত হচ্ছে না । দুইদিন গ্লিসারোল সাপোজিটর ব্যবহার করেছি এবং সাথে সাথে অল্প একটু বাথরুম করেছে কিন্তু ক্লিয়ার হয় নাই । বাথরুম খুব বেশি কনস্টিপেশন মনে হচ্ছে না । এক্ষেত্রে কি করনীয় ।,বয়স ৩ বছর । ৫ দিন হলো বাথরুম করে না । খাওয়া দাওয়া নিয়মিত । পেটে ব্যাথা নেই । ২ দিন গ্লিসারোল সাপোজিটর ব্যবহার করেছি । অল্প বাথরুম করলেও ক্লিয়ার হয় নি । কি করনীয় ?,বয়স ৩ বছর। ৫ দিন হলো নিয়মিত বাথরুম করছে। খাওয়া দাওয়া একদম কমে গেছে। পেটে ব্যথা হচ্ছে। ২ দিন গ্লিসারোল সাপোজিটর ব্যবহার করেও কোনো বাথরুম হয়নি। কি করণীয়?
21275::Factual Contradiction,21275,Factual Contradiction,"স্যার আমার স্মৃতি শক্তি কমে যাচ্ছে , আমি গুছিয়ে কথা বলতে পারি না , , কোনো কিছু ভালো লাগে মা , কারো সাথে সুন্দর করে কথা বলতে পারি না , নিজে বুদ্ধি খাটিয়ে কথা বলতে পারি , মনে রাখতে পারি না । মানুষ মুখে দিখে তাকিয়ে কথা বলতে পারি আমার চুখ মুখ কালো হয়ে যায় , বুঝা যায় আমার কান্না আইছে , এজন্য মানুষের সাথে আমার কথা বলার ইচ্ছা থাকলে ও বলতে পারি না , , মনে রাখতে পারি না",স্মৃতি শক্তি কমে যাচ্ছে । কি করনীয় ?,"স্মৃতি শক্তি একদম ঠিক আছে, কিন্তু খুব গুছিয়ে ও আত্মবিশ্বাসের সাথে কথা বলতে পারেন। কি করনীয়?"
16809::Intrinsic,16809,Intrinsic,"আমি ছেলে । বয়স ২৭ । ওজন ৬০কেজি । উচ্চতা ৫ . ৯ "" গত ১০ দিন পূর্বে কোষ্ঠ্যকাঠিন্য হয়েছিল । তখন টয়লেট শষে ২ / ১ ফোটা ব্লাড দেখা গিয়েছিলে । এর পর আমি আবার ২ - ১ দিন একই রকম টিস্যূ ব্যবহহারের সময় ব্লাড পায় টিস্যূ এর সাথে । এর পর আবার ২ / ৪ দিন ভালো ছিলো । গত ২ / ১ দিনে আবারো সামান্য ব্লাড মলত্যাগের পর টিস্যূ এর সাথে পেয়েছি । পূর্বে আমার প্রতিদিনই বাথরুম এ যাবার পেয়োজন হত । কিন্ত এই ১০ দিনে সেটা আমার ২ থেকে ৩ দিন পরপর যেতে হচ্ছে । গত ২ মাসে আমি ফুড হ্যাভিটে প্রোটিন এর মাত্রা কিছুটা বাড়িয়েছি । সেই কারনে এমন হচ্ছে কিনা বুঝছিনা ।",বয়স ২৭ । ১০ দিন আগে কোষ্ঠকাঠিন্য হলে ব্লাড দেখা দেয় । কি করনীয় ?,"বয়স ২৭। প্রায় দুই সপ্তাহ ধরে কোষ্ঠকাঠিন্যের সাথে মলত্যাগের সময় কয়েকবার রক্তপাত হচ্ছে, এখন ৩–৪ দিন পরপর বাথরুম হচ্ছে। প্রোটিন বাড়ানোর পর থেকেই এমন শুরু হয়েছে। কী করণীয়?"
18244::Intrinsic,18244,Intrinsic,আমার ছেলের বয়স 16 বছর । আজ বিকেলে 5টার দিকে পার্কে ঘুরতে গেলে তার বাম হাত কনুইয়ের ঊপর মাংসল জায়গায় আকস্মিক ঘোড়া কামড় বসিয়ে দেয় । জামার ঊপর হওয়ায় কিছুটা রক্ষা পাওয়া গেছে । রক্তপাত হয়নি তবে ঘোড়ার দাতগূলোর চিহ্নগুলো হাতের উপর বসে গেছে । এক ঘন্টা পর পানি দিয়ে ঐ স্থান ধৌত করে স‍্যাভলন ক্রীম লাগিয়ে দেয়া হয়েছে । সামান্য একটূ ব‍্যাথা হচ্ছে । অনুগ্রহ করে করণীয় জানাবেন ।,বয়স ১৬ । ঘোড়ার কামড়ে বাম হাতের কনুইয়ে ঘোড়ার দাঁত বসে গেছে । ব্যাথা করছেম কি করনীয় ?,"বয়স ১৬। আজ বিকেলে ঘোড়ার কামড়ে ডান হাতের কনুইয়ের নিচে দাঁতের দাগ ও সামান্য ফোলা হয়েছে, একটু রক্তও বের হয়েছিল। পানি দিয়ে ধোয়া হয়েছে, এখন ব্যথা করছে—কি করণীয়?"
21482::Intrinsic,21482,Intrinsic,কি করব এমন ভাবে বাচতে ইচ্ছে করছেনা । প্রতিক্ষন আমার বাচতে অনেক কষ্ট হয় । আমি মানুষের সাথে অল্প ও কথা বলতে পারি না । কারো চুখে চুখ রেখে কথা বলতে পারিনা । আমার কেমন জানি চোখ মুখ কালো হয়ে যায় ভয় ভয় করে । মাথা ফ্রেশ থাকে না । ভুলে যাওয়া সমস্যাটা বেশি আমার । একটু ও কথা বলতে পারি না মানুষের সাথে বুদ্ধি কাটিয়ে । এক কথা কথা বলে মানুষের সাথে সম্পর্ক গড়তে পারলাম না । সৃষ্টি কর্তা আমার মৃত্যু দেও । আমি বুঝতে পারছি না এটা মানুষের জন্মগত সমস্যা না প্রাকৃতিক সমস্যা ।,মানসিক সমস্যায় ভুগছি । কি করনীয় ?,"জন্মগত মানসিক সমস্যায় ভুগছি, মানুষের সাথে কথা বলতে গেলে তীব্র ভয় হয় ও স্মৃতিশক্তিও কমে গেছে। কী করণীয়?"
24277::Non-factual,24277,Non-factual,"হটাৎ করে কাজের চাপ অতিমাত্রায় বেড়ে যাওয়ায় স্বাভাবিকের তুলনায় অনেক বেশি পায়ে হেটে চলাচল করা লাগতেছে - যার কারণে দুই পায়ে ( পায়ের পাতা থেকে হাটু পরযন্ত ) প্রচন্ড ব্যথা হচ্ছে । ৫ মিনিটের বেশি দাড়ায়ে থাকতে পারতেছি না । পায়ের ভেতর গরম হয়ে যায় মাঝে মধ্যে । পা সবসময় চাবায় , কামড়ায় । এমতাবস্থায় করণীও কি অনুগ্রহ করে জানাবেন । ধন্যবাদ ।","কাজের অনেক চাপে পায়ে প্রচন্ড ব্যথা , পায়ের ভিতর গরম হয়ে যায় এবং কামড়ায় । কি করণীয় ?","কাজের অতিরিক্ত চাপে দুই পায়ে প্রচণ্ড ব্যথা, গোড়ালি থেকে হাঁটু পর্যন্ত জ্বালা ও গরম লাগে, মাঝে মাঝে অবশও হয়ে যায়। ১০ মিনিটের বেশি দাঁড়িয়ে থাকতে পারছেন না। কী করণীয়?"
7634::Intrinsic,7634,Intrinsic,"আমার বয়স ১৮ + , উচ্চতা ৫ফুট ৭ ইঞ্চি , , ওজন ৫০ - ৫৫ এর মতো , উচ্চতা অনুযায়ী আদর্শ ওজন ৬৩ - ৬৯ , , কিছুতেই কোন ভাবেই ওজন বাড়ছে না , , আর খাবার ও খেতে ইচ্ছে করে না , , এই ১৪ - ১৫ কেজি বাড়ানোর জন্য আমাকে কি করতে হবে ? প্রাকৃতিক উপায়ে কিভাবে বাড়াতে পারি ? মোটা হওয়ার ওষুধ খেলে হয়তো কিডনি তে সমস্যা হয় , , এ ছাড়া কি ওষুধ খেতে পারি , , ? প্লিজ এই ১৪ - ১৫ কেজি ওজন বাড়ানোর টিপস দেন ?",বয়স এবং উচ্চতা অনুপাতে ওজন বাড়ছে না । খাওয়া তেও অরুচি । প্রাকৃতিক নিয়মে কিভাবে ওজন বাড়ানো যায় ?,"বয়স ১৮+, উচ্চতা অনুযায়ী ওজন অনেক কম, প্রায় ১৪–১৫ কেজি ঘাটতি। খেতেও খুব কম ইচ্ছে করে এবং কোনোভাবেই ওজন বাড়ছে না। নিরাপদ ওষুধ বা প্রাকৃতিক উপায়ে দ্রুত কীভাবে ওজন বাড়ানো যায়?"
17458::Factual Contradiction,17458,Factual Contradiction,"আমার ওয়াইফ বয়স 27 বছর । 2 মাস হলো কনসেপ্টেড । বিগত 15 - 20 দিন থেকে তেমন কিছুই খেতে পারেনা । সব সময় বমি বমি ভাব হয় । আজ 4 - 5 ধরে শরীর দুর্বল মনে হচ্ছে । মাথা ঘোরে , আজ অনেকটা বেশি ঠিক মতো উঠে দাঁড়াতে পারছেনা । আর হাত - পা ফেটে যাচ্ছে বলে । হাত - পা ফাটা সমস্যা আগেও ছিল , তবে এখন অনেকটা বেশি । কোনো ভালো উপদেশ প্লিজ . . . .","বয়স 27 বছর । 2 মাস হলো কনসিভ । বিগত 15 - 20 দিন থেকে তেমন কিছুই খেতে পারেনা । সব সময় বমি বমি ভাব , আজ 4 - 5 ধরে শরীর দুর্বল । মাথা ঘোরে । আর হাত - পা ফেটে যাচ্ছে ।","বয়স 27 বছর। 2 মাস হলো কনসিভ। বিগত 15 - 20 দিন ধরে ভালোই খেতে পারছে, বমি বমি ভাব নেই। আজ 4 - 5 দিন ধরে শরীর বেশ ভালো, মাথা ঘোরা নেই। তবে হাত - পা ফাটা আগের চেয়ে কমেছে।"
2800::Non-factual,2800,Non-factual,আমার ছেলের বয়স 2 বছর । আমার ছেলের পায়খানা নিয়ে অনেক সমস্যা । এই সমস্যাটা এক বছর যাবত হচ্ছে । সাত দিন পর পর পায়খানা করে । পায়খানা আসার আগে সাপোজিটার না দিলে পায়খানা করে না । পায়খানা টা অনেক মোটা আর শক্ত হয় এবং পায়খানা যখন আসে তখন শুধু দৌড়ায় আর কান্না করে । অনেক ডাক্তারের ওষুধ খাওয়ানো হয়েছে কিন্তু কিছুতেই ঠিক হচ্ছে না । তাই আপনার কাছে পরামর্শ চাচ্ছি যে কি করা যায় ?,বয়স ২ । পায়খানার সমস্যা । সাত দিন পর পর পায়খানা হয় । সাপোজিটোর না দিলে হয় না,বয়স ২। দেড় বছর ধরে পায়খানার সমস্যা। পাঁচ দিন পর পর পায়খানা হয়। গ্লিসারিন সাপোজিটরি না দিলে হয় না।
21482::Factual Contradiction,21482,Factual Contradiction,কি করব এমন ভাবে বাচতে ইচ্ছে করছেনা । প্রতিক্ষন আমার বাচতে অনেক কষ্ট হয় । আমি মানুষের সাথে অল্প ও কথা বলতে পারি না । কারো চুখে চুখ রেখে কথা বলতে পারিনা । আমার কেমন জানি চোখ মুখ কালো হয়ে যায় ভয় ভয় করে । মাথা ফ্রেশ থাকে না । ভুলে যাওয়া সমস্যাটা বেশি আমার । একটু ও কথা বলতে পারি না মানুষের সাথে বুদ্ধি কাটিয়ে । এক কথা কথা বলে মানুষের সাথে সম্পর্ক গড়তে পারলাম না । সৃষ্টি কর্তা আমার মৃত্যু দেও । আমি বুঝতে পারছি না এটা মানুষের জন্মগত সমস্যা না প্রাকৃতিক সমস্যা ।,মানসিক সমস্যায় ভুগছি । কি করনীয় ?,"মানসিক কোনো সমস্যা নেই, শুধু মানুষের সঙ্গে খুব স্বাভাবিকভাবে কথা বলতে পারেন। কি করনীয়?"
21511::Non-factual,21511,Non-factual,গত ১৫ / ১১ / ২০২১ আমার মাসিক হয়েছিলো তারপর ২২ / ১১ / ২০২১ ঠিক হয় এবং তারপর ২৫ / ১১ / ২০২১ আমি মিলন করি এবং নো রিক্স ইমারজেন্সি পিল সেবন করি এবং ৫ / ১২ / ২০২১ আমার মাসিক হইছে যা হবার কথা ছিলো ১০ দিন পরে । এটা কি স্বাভাবিক আবার ১০ দিন পরে আবার মাসিক হবে কি ? ?,মাসিকের পরে মিলন করি ও নো রিক্স এমারজেন্সি পিল খাই । পরে মাসিক হয় কিন্তু মাসিক হওয়ার কথা ছিল ১০ দিন পরে । এটা কি স্বাভাবিক ও আবার ১০ দিন পরে মাসিক হবে কি ?,"মাসিকের পরে মিলন করি ও নো রিক্স এমারজেন্সি পিল খাই। পরে ৫ দিনের মধ্যেই মাসিক হয়, যদিও হওয়ার কথা ছিল ১০ দিন পরে। এটা কি স্বাভাবিক, আর আবার ৭ দিন পরে মাসিক হবে কি?"
5146::Non-factual,5146,Non-factual,"অনেক এলার্জির ওষুধ খেয়েছি কিন্ত কোন কাজ হচ্ছে না । এখন কি করতে পারি । ওষুধ খেয়েছি যেমন , রুপা , ফেক্সো ১২০ , এজিথ্রোমাইসিন ৫০০ , আরটিকা ২৫ , রেফলা ৬ , মোনাস ১০ । এলার্জি হলে গায়ে গোটা গোটা চাক উঠে ফুসকুরি উঠে , খুসখুসে কাশি হয় ।","এলার্জির ওষুধ রুপা , ফেক্সো ১২০ , এজিথ্রোমাইসিন ৫০০ , আরটিকা ২৫ , রেফলা ৬ , মোনাস ১০ খেয়েও লাভ হয়নি । গায়ে ফুসকুরি উঠে , খুসখুসে কাশি হয় ।","এলার্জির জন্য রুপা, ফেক্সো ১৮০, এজিথ্রোমাইসিন ৫০০, আরটিকা ২৫, রেফলা ৬, মোনাস ১০ ও সিটিরিজিন খেয়েও উপকার হয়নি। গায়ে গোটা গোটা ফুসকুরি ওঠে, সাথে খুসখুসে কাশি হয়।"
14379::Non-factual,14379,Non-factual,"আমার স্ত্রীর সিজার হয়েছে এক বছর আগে । ইদানিং পিঠের মাঝখানে মেরুদণ্ডের ডানপাশে প্রচন্ড ব্যাথা করে । বসে নুয়ে তরকারি কাটাকুটি করলে সিজারের সেলাইয়ের ডান পাশে ব্যাথা করে । কিছুক্ষন চিত হয়ে শুয়ে থাকলে ব্যাথা কিছুটা কমে । শুয়া থেকে ওঠে কোনো কাজ করলে আবার ব্যাথা শুরু হয় । এই ব্যাথার জন্য কোনো ঔষধ খায় নাই । উল্লেখ , আমাদের চতুর্থ সন্তান শুধু সিজারে হয় । এক্ষেত্রে কি ঔষধ খেতে হবে ? সবিনয়ে আপনার পরামর্শ চাই ।",১ বছর আগে সিজার হয়েছে । ইদানীং পিঠের মাঝে মেরুদন্ডের ডান পাশে প্রচন্ড ব্যাথা করে । নুয়ে কাজ করলে সিজারের সেলাইয়ের ডান পাশে ব্যাথা করে । কি ওষুধ খেতে হবে ?,"৯ মাস আগে সিজার হয়েছে। ইদানীং পিঠের মাঝখানে মেরুদণ্ডের ডান পাশে তীব্র ব্যথা করে। বেশি নুয়ে কাজ করলে সিজারের সেলাইয়ের ডান পাশে ব্যথা বাড়ে। নাপা ও ক্যালসিয়াম খেয়েও আরাম হয়নি, কী ওষুধ খেতে হবে?"
14999::Factual Contradiction,14999,Factual Contradiction,আমার বয়স্ ৩০ বছর । গত এক মাস ধরে মাঝে মাঝে গলার কাছে বাতাসের মত বেজে থাকে । এন্টাসিড খেলে চলে যায় আবার ২ - ৩ দিন পর আসে । কিন্তু গত পরশু রাত থেকে গতকাল পর্যন্ত প্রায় একদিন এরকম ছিল । গতকাল লোসেকটিল খেয়েছি এবং আদা টুকরো করে খাই তারপর এটা চলে যায় এখন আবার অনুভব করছি । অনেকগুলো ঢেঁকুর উঠলে ভালো লাগে । এ থেকে কিভাবে মুক্তি পাবো ? কোন খাবারগুলো খেতে পারি ?,বয়স ৩০ । ১ মাস হলো গলার কাছে বাতাসের মতো বাজে । এন্টাসিড খেলে চলে যায় আবার ২ / ৩ দিন পর হয় ৷ লোসেকটিল খেয়েছে । ঢেকুর দিলে ভালো লাগে । কিভাবে মুক্তি পাবে ? কোন খাবার খাবে ?,"বয়স ৩০। ১ মাস হলো গলার কাছে বাতাসের মতো বাজে না, বরং সবসময় ব্যথা থাকে। এন্টাসিড খেলেও কমে না, প্রতিদিনই হয়। লোসেকটিল খায়নি। ঢেকুর দিলে আরও খারাপ লাগে। কিভাবে মুক্তি পাবে, কোন খাবার খাবে?"
7807::Factual Contradiction,7807,Factual Contradiction,আমার মেয়ে এক চোখ উঁচু এক চোখ নিঁচু । এরকম কেন হলো ? ? ? জন্মের সময় ত এরকম ছিল না । বয়স ২ মাস । করোনার জন্য কোন ডাক্তার পাচ্ছি না । খুব টেনশনে আছি । আচ্ছা কোন আঘাত পাওয়ার কারণে কি চোখ ছোট হয়ে যেতে পারে ? ? ? ও ঘুমালে এক চোখের পাতা উঁচু এবং এক চোখের পাতা নিঁচু দেখায় ।,"২ মাস বয়সী মেয়ে , ঘুমালে এক চোখের পাতা উচু আরেক চোখের পাতা নিচু হয়ে থাকে । এই অবস্থায় করনীয় কি ?","২ মাস বয়সী মেয়ে, জন্মের সময় থেকেই এক চোখের পাতা নিচু আর অন্য চোখের পাতা উঁচু ছিল। জেগে থাকলেও দুই চোখ অসমান দেখায়। এই অবস্থায় করণীয় কি?"
17443::Factual Contradiction,17443,Factual Contradiction,"আমার বাবার বয়স ৫৫ বছর । উনি গত ৩ মাস থেকে যে কোনো খাবার খুব কষ্ট করে খান , তার মানে যে কোনো খাবার ই হোক না কেনো খাওয়ার সময় ওনার বুকে আটকে যায় । কিন্তু গত ২ / ৩ দিন ধরে ওনার বুকেও প্রচন্ড পরিমান ব্যথা হচ্ছে আর পানি পর্যন্ত খুব কষ্ট করে পান করছেন , ওনার শরীর ও অনেক ক্লান্ত ক্লান্ত থাকছে ইদানিং । হঠাৎ হঠাৎ ওনার শ্বাস নিতেও সমস্যা হয় । এমতাবস্থায় উনি কি ঔষধ সেবন করলে সুস্থ হবেন দয়া করে জানাবেন তাহলে খুব উপকৃত হবো","বয়স ৫৫ বছর । গত ৩ মাস থেকে খাবার খুব কষ্ট করে খান , বুকে আটকে যায় । গত ২ / ৩ দিন ধরে বুকেও প্রচন্ড পরিমান ব্যথা হচ্ছে আর পানি পর্যন্ত খুব কষ্ট করে পান করছেন । হঠাৎ শ্বাস নিতেও সমস্যা হয় ।","বয়স ৫৫ বছর। গত ৩ মাস ধরে খাবার মোটামুটি স্বাভাবিকভাবে খাচ্ছেন, বুকে আটকে যায় না। তবে গত ২/৩ দিন ধরে বুকের ব্যথা কমে গেছে এবং পানি পান করতে তেমন কষ্ট হচ্ছে না। হঠাৎ শ্বাস নিতে সমস্যা হয় না।"
11010::Factual Contradiction,11010,Factual Contradiction,"? আসসালামু আলাইকুম । আমার বয়স ২২ বছর । কিছু দিন যাবৎ , আমার অনেক ( মাত্যারিক্ত ) জিঞ্জি উঠে । আগে এমন হত না । আমার মাঝে মাঝে এমন জিঞ্জি উঠে যে হাত - পা নড়াতেও পারি না । বেশি সময় হাতে , আবার এক সাইট অবশ হয়ে যায় জিঞ্জি উঠার সময়ে । এ সমস্যার সমাধান কি ? প্লিজ বলবেন ?",বয়স ২২ । কিছুদিন হলো জিঞ্জি ওঠে । হাত পা নাড়াতে পারি না । হাতে বেশি হয় । এক পাশ অবশ হয়ে যায় । সমাধান কি ?,"বয়স ২২। অনেকদিন ধরে জিঞ্জি ওঠে না, বরং আগে বেশি হতো। জিঞ্জি উঠলেও হাত-পা স্বাভাবিকভাবে নাড়াতে পারেন। হাতে কম হয়, এক পাশ অবশও হয় না। সমাধান কি?"
7379::Non-factual,7379,Non-factual,"কব্জির ব্যথা : আমি মোটরবাইক চালাই । উঁচু নীচু রাস্তায় নিয়ন্ত্রণ হারিয়ে একদিকে কাত হয়ে পড়ে যাচ্ছিলো , সেটা কে সামলাতে গিয়ে হাতের কব্জির জায়গাতে ভীষণ একটা টান বা মোচড় লাগার মত ব্যাথা অনুভব করি । আজ থেকে ৪ মাস আগের কথা । এখনো কবজি ১৮০ ডিগ্রি ঘোরানোর সময় ভীষণ ব্যথা অনুভব করি । চাবি ঘুরানো , বা বাচ্চাকে চিত করে মেলে ধরে রাখার মত তুলে ধরা ইত্যাদি নড়াচড়ায় বাম হাতের মত স্বাভাবিক ঘোরাতে ব্যথা টের পাই । কী করতে পারি ? এমনিতে ব্যাথা সারাক্ষণ থাকেনা । বিশেষ মুভমেন্ট এ শুধু ব্যথা টের পাই ।","মোটরবাইক সামলাতে গিয়ে কব্জিতে ব্যথা পাই , ১৮০ ডিগ্রি ঘুরাতে গেলে ব্যথা লাগে , এখন কি করণীয় ?","মোটরবাইক সামলাতে গিয়ে কব্জিতে ব্যথা পাই, ২৭০ ডিগ্রি ঘুরাতে গেলে ব্যথা লাগে, চার মাস ধরে সমস্যা—এখন কি করণীয়?"
20038::Non-factual,20038,Non-factual,আমার মা গত দুইদিন যাবত জ্বরে ভুগছেন । হালকা কাশি ও আছে । কোন প্রকার শ্বাসকষ্ট নাই । নাপা এক্সট্রা খাওয়ার পর ঘাম দিয়ে জ্বর ছাড়ছে । উনার ডায়াবেটিকস আছে । উনার প্রেসার আছে । গতকাল খাওয়ার পর উনার ডায়াবেটিকস 3 . 73 নেমে এসেছিলো । উনি অত্যন্ত দুর্বল । উনি ওসারটিল ফিফটি প্লাস ট্যাবলেট খান । সাথে সারজেল 20 খেয়ে থাকেন । এখন শরীর খুবই দুর্বল এক্ষেত্রে কি করা যেতে পারে ।,২ দিন হলো জ্বর ও হালকা কাশি ৷ নাপা এক্সট্রা খাওয়ার পর ঘাম দিয়ে জ্বর ছাড়ছে । ডায়াবেটিস ও প্রেসার আছে । গতকাল খাওয়ার পর ডায়াবেটিস ৩ . ৭৪ তে নামে । শরীর দুর্বল । ওসারটিল ফিফটি প্লাস ও সারজেল ২০ ওষুধ খান । কি করনীয় ?,"৩ দিন ধরে জ্বর ও হালকা কাশি। নাপা এক্সট্রা খাওয়ার পর ঘাম দিয়ে জ্বর কমছে। ডায়াবেটিস ও প্রেসার আছে। গতকাল খাওয়ার পর সুগার ২.৯৮ এ নেমে যায়। শরীর খুব দুর্বল। ওসারটিল ফিফটি প্লাস, সারজেল ২০ ও গ্লিমেপিরাইড খান"
15506::Factual Contradiction,15506,Factual Contradiction,আমার আম্মুর বয়স ৫৫ বছর । দুদিন ধরে উনার দাঁত ব্যথা করছে । উনার ২ - ৩ বছর আগেও দাঁত ব্যথার সমস্যা ছিল । তবে মাঝে অনেকদিন সমস্যাটা ছিল না । হঠাৎ করে আবার ব্যথা শুরু হয়েছে । ব্যথায় মাড়ি ও গাল ফুলে গেছে । দয়া করে পরামর্শ দেবেন ।,বয়স : ৫৫ । ২ - ৩ বছর আগের দাঁতের সমস্যা আবার হটাৎ করে শুরু হয়েছে । মাড়ি ও গাল ফুলে গেছে ।,"বয়স : ৫৫ । ২ - ৩ বছর আগের দাঁতের সমস্যা পুরোপুরি সেরে গিয়েছিল, এবার ধীরে ধীরে আবার শুরু হয়েছে । মাড়ি ও গাল ফুলে যায়নি ।"
25302::Intrinsic,25302,Intrinsic,"* ৩ - ৪ বছর ধরে ঘুম হয়না ঠিকমতো , গত ১ মাস এটা প্রচন্ডভাবে কষ্ট দিচ্ছে । কোনোভাবেই ঘুম আসেনা । * প্রসাবে সমস্যা হচ্ছে , প্রসাব করে আসলেও মনে হয় আটকে আছে । * ২০১০ সাল থেকে কম্পিউটারে কাজ করি , দীর্ঘসময় বসে কাজ করি । একজনের পরামর্শে ক্যালসিয়াম ঔষধ খেয়েছি কয়েকদিন , তখন ব্যাথা টের পাইনি । ৭ দিন হলো বাদ দিয়েছি , এখন সমস্যা হয় । ঘুমোতে গেলে একভাবে ৫ - ১০ মিনিট শুয়ে থাকতে পারিনা , ব্যাথায় পাশ ঘুরে শুতে হয় । * সব সময় বমি ভাব থাকে । পেট ভরে যাবার আগেই মনে হয় পেট ভরে গেছে এবং বমি আসে । তিনটা আলাদা সমস্যা , কোন বিভাগের ডাক্তার দেখাবো বা কি করব যদি পরামর্শ দিতেন","দীর্ঘদিন কম্পিউটার এ কাজ করি , ঘুমাতে গেলে শুয়ে থাকতে পারি না , বমি ভাব , পেট ভরে আছে মনে হয়","দীর্ঘদিন কম্পিউটারে কাজ করি, কয়েক মাস ধরে ঘুম একদম হয় না, শুয়ে থাকলে কোমরব্যথা বাড়ে, প্রসাবে জ্বালা হয়, সবসময় বমি ভাব ও অল্প খেলেই পেট ভরে যায় মনে হয়।"
12490::Non-factual,12490,Non-factual,"আসসালামু আলাইকুম । আমার স্ত্রী সন্তান সম্ভবা ২ মাস কয়েকদিন হলো । এখন সে মাছ , দুধ , ডিম একদম খেতে পারেনা এবং সব খাবার গন্ধ লাগে । আবার জোর করে খেলে সাথে সাথেই বমি হয় । বিশেষ করে সকালে ঘুম থেকে উঠার পর বমি বমি ভাব টা খুব বেশি থাকে । ইদানীং বাথরুম ক্লিয়ার হচ্ছে না । এমতাবস্থায় আমাদের করনীয় কি ? দয়া করে একটু জানাবেন ।","২ মাসের সন্তানসম্ভবা । মাছ , দুধ , ডিম খেতে পারে না , খাবার গন্ধ লাগে । জোর করে খেলে বমি হয় । সকালে বমি বমি ভাব বেশি হয় । বাথরুম ক্লিয়ার না । কি করনীয় ?","আড়াই মাসের সন্তানসম্ভবা। মাছ, দুধ, ডিম একদম খেতে পারে না, সব খাবারে গন্ধ লাগে। জোর করে খেলে সাথে সাথে বমি হয়। বিশেষ করে সকালে বমি বমি ভাব খুব বেশি। ইদানীং ৩ দিন ধরে বাথরুম ক্লিয়ার হচ্ছে না। কী করণীয়?"
23054::Factual Contradiction,23054,Factual Contradiction,আসসালামু আলাইকুম ওয়া রাহমাতুল্লাহ বারকাতু আমার ওয়াইফের শরীর স্বাস্থ্য অনেকটা খারাপ উনার মাথা ঘুরায় বসাথে উঠলে চুখে অন্ধকার দেখে মাথা ব্যাথা করে শরীর কাপে সেই ক্ষেত্রে কি করণীয় আছে এবং পা অনেক চাবায় ব্যথা করে অনেক দিন দিন শুকিয়ে যাচ্ছে,"শরীর স্বাস্থ্য অনেকটা খারাপ , মাথা ঘুরায় , চুখে অন্ধকার দেখে , শরীর কাপে , পা অনেক চাবায় ব্যথা করে ।","শরীর স্বাস্থ্য মোটামুটি ভালো, মাথা ঘোরে না, বসা থেকে উঠলে চোখে অন্ধকার দেখে না, শরীর কাপে না, পায়ে তেমন ব্যথাও করে না।"
15988::Factual Contradiction,15988,Factual Contradiction,আমার বুকে প্রচুর চাপ অনুভব করতেছি আমি ৫০দিন আগে করোনা পজেটিব ছিলাম ১৫ দিন পর নেগেটিব আসি আমার ফুসফুসে চাক্কা চাক্কা কফ জমে আছে ছাত্রাকের মত করে আমি কিছু এন্ট্রিবাইটিক ঔষধ খাছি কাজ করতেছে না আমার বুটা ভার হয়ে থাকে মাজে মাজে শ্বস নিতে কষ্ট হয় শ্বাস নিলে মাথা বেথা মাঝে মাঝে গলা প্রচুর চুলকাই করে এখন কি আমি করতে পারি,"বুকে চাপ অনুভব করি । করোনা পজিটিভ থেকে নেগেটিভ আসার পর ফুসফুসে কফ জমে ছত্রাকের মতো হয়েছে । এন্টিবায়োটিক খাওয়ার পরেও কাজ হচ্ছে না । বুক ভার লাগে ও শ্বাস নিতে কষ্ট হয় । মাথা ব্যাথা , মাঝে মাঝে গলা চুলকায় । কি করনীয় ?","বুকে চাপ অনুভব করি না। করোনা পজিটিভ থেকে নেগেটিভ আসার পর ফুসফুসে কফ কমে গেছে, ছত্রাকের মতো কিছু হয়নি। এন্টিবায়োটিক খাওয়ার পর কাজ হচ্ছে। বুক হালকা লাগে ও শ্বাস নিতে কষ্ট হয় না। মাথা ব্যথা নেই, মাঝে মাঝে গলা চুলকায়। কি করনীয়?"
16209::Intrinsic,16209,Intrinsic,"আমার ভাস্তের বয়স ৫ . ৫ বছর । দুই দিন থেকে জ্বর , সর্দি । আবার তিন দিন ধরে পায়খানা করে না । পেট ব্যাথাও আছে । পায়খানার সমস্যাটা আগে থেকেই আছে । নাপা + টোফেন খাওয়াচ্ছি । এখন জ্বর কম থাকলেও সর্দি , পেট ব্যাথা ও পায়খানা ( না হওয়াটাই ) প্রধান সমস্যা ।","বয়স ৫ . ৫ । ২ দিন হলো জ্বর , সর্দি । ৩ দিন হলো পায়খানা করে না । পেট ব্যাথা আছে । নাপা ও টোফেন খাচ্ছে ।","বয়স ৫.৫ বছর। ৩ দিন ধরে জ্বর-সর্দি, সঙ্গে ২ দিন ধরে পায়খানা বন্ধ। পেটে বেশ ব্যথা আছে এবং কোষ্ঠকাঠিন্যের সমস্যা নতুন করে শুরু হয়েছে। নাপা ও টোফেন খাওয়ানো হচ্ছে।"
5818::Non-factual,5818,Non-factual,স্যার আমার স্ত্রীর 22 দিন আগে ডেলিভারি হয়েছে . . . নরমাল ই হয়েছে . . কিন্তু প্রসবের রাস্তা একটু কাটতে হইছে . . এখন ওই কাটা যায়গায় তিন টা সিলাই দিছে দুইটা সুতা বের হয়ে গেছে . . আর একটা সুতার মাথা ভেতরে বের হয়ে আছে . . টান লাগলে হালকা ব্যাথা হয় . বলবেন প্লিজ কোন সমস্য আছে কিনা ? ? আর ঘা শুকাতে কতদিন লাগবে বলবেন . .,স্ত্রীর ২২ দিন আগে নরমাল ডেলিভারি হয়েছে । কিন্তু প্রসবের রাস্তা একটু কাটতে হইছে । এখন ওই কাটা যায়গায় তিন টা সিলাই দিছে দুইটা সুতা বের হয়ে গেছে । টান লাগলে হালকা ব্যাথা হয় ।,"স্ত্রীর ২২ দিন আগে নরমাল ডেলিভারি হয়েছে। প্রসবের রাস্তা একটু কাটতে হয়েছিল। এখন ওই কাটা জায়গায় চারটা সেলাই দেওয়া হয়েছিল, তার মধ্যে দুইটা সুতা বের হয়ে গেছে আর একটা ভেতরে আটকে আছে। টান লাগলে হালকা ব্যথা হয়।"
13993::Intrinsic,13993,Intrinsic,আমার ১৭ বছর বয়স ও অবিবাহিত । গত মাসে টানা ১৫ দিন মাসিক হয়েছে । ৫ দিন বন্ধ ছিলো । তারপর আবার টানা ১ মাস মাসিক হয়েছে । প্রসাবের রাস্তায় জালা পোড়া হচ্ছে । আর মাজার ওপরের অংশে ব্যাথা হচ্ছে । পেটে ব্যাথাও করছে । এই মূহুর্তে আমার কি করণীয় ? করণাকালীন সময়ে হাস্পাতালে যাওয়াটা ঝুকিপূর্ণ । অনুগ্রহ করে জানাবেন ।,"বয়স ১৭ , অবিবাহিত । গত মাসে টানা ১৫ দিন মাসিক হয়েছে । ৫ দিন বন্ধ ছিল । এরপর টানা ১ মাস মাসিক হয় । প্রস্রাবের রাস্তায় জ্বালা পোড়া করে । কোমরের উপরে ব্যাথা করে । পেট ব্যাথা । কি করনীয় ?","বয়স ১৭, অবিবাহিত। গত মাসে প্রায় ১০ দিন মাসিক হয়েছিল, কয়েক দিন বন্ধ থাকার পর আবার টানা প্রায় এক মাস ধরে রক্তপাত হচ্ছে। প্রস্রাবের সময় জ্বালা-পোড়া, কোমরের নিচের দিকে ও তলপেটে ব্যথা আছে। এখন কী করণীয়?"
17736::Intrinsic,17736,Intrinsic,আমার ঠান্ডা সমস্যা আছে । অল্পতেই নাকে পানি চলে আসে । আর মাঝে মাঝে আমার পাশে কেউ বসে থাকলে সে আমার নি : শ্বাস নেবার শব্দ পায় । অনেকেই বলেছে যে আমার নি : শ্বাস নেবার সময় শব্দ হয় । আমি মাঝে মাঝে মনটেয়ার - ১০ টেবলেট টা খাই । এখন যেহেতু শীত চলে এসেছে আমার ঠান্ডা ও নি : শ্বাসের সমস্যাও বারছে । এখন এই অবস্থায় আমার করনীয় কি যদি বলতেন দয়া করে ।,ঠান্ডার সমস্যা । নাকে পানি আসে । নিশ্বাস নিলে শব্দ হয় । মনটেয়ার ১০ খাই । কি করনীয় ?,"শীতকালে ঠান্ডা অনেক বেড়ে যায়, নাক বন্ধ ও পানি পড়ে। শ্বাস নিতে কষ্ট হয় এবং রাতে নিশ্বাসে বেশি শব্দ হয়। মাঝে মাঝে মনটেয়ার ১০ খাই। এখন কী চিকিৎসা নেওয়া উচিত?"
17094::Intrinsic,17094,Intrinsic,"আমার ২বছরের টুইন বেবী , ১টা ছেলে । ১টি মেয়ে । দুজন ই ৩ / ৪ দিন পরপর পায়খানার চাপ আসে , প্রচন্ড কষ্টাকাঠিন্য আছে । পায়খানা করতে চায় না , ভয় পায় , দৌড়াদৌড়ি করে । শরীর বাঁকা করে আটকায় । কোন খাবারের প্রতি আগ্রহ নেই । এভোলোক সিরাপ কি খাওয়ানো যাবে ?",টুইন বেবির ৩ / ৪ দিন পরপর পায়খানার চাপ আসে । কোষ্ঠকাঠিন্য আছে । খাবারে আগ্রহ নেই । এভোলোক সিরাপ কি খাওয়ানো যাবে ?,"২ বছরের টুইন বেবির প্রায় এক সপ্তাহ পরপর পায়খানা হয়। তীব্র কোষ্ঠকাঠিন্যের সঙ্গে পায়খানার সময় ভয় ও কান্না করে, শরীর শক্ত করে রাখে। খাবার একেবারেই খেতে চায় না। এভোলোক সিরাপ দেওয়া যাবে কি?"
24709::Intrinsic,24709,Intrinsic,পাঁচ ছয় দিন আগে সকালে ঘুম থেকে উঠার পর ঘাড়ে ব্াথা অনুভব হয় । হয়ত বালিসে ঘুমানোর ক্ষেত্রেও হতে পারে । একদিন একটা নাপা ট্যাবলেট খেয়েছিলাম । এখন ও ব্াথাটা আছে তবে আগের চেয়ে কিছুটা কম । ভাবছি এমনিতেই সেরে যাবে কিন্তু না । এখন করনীয় কি ?,"ঘুম থেকে উঠে ঘাড়ে ব্যথা , নাপা খেয়েছি , কি করনীয়","ঘুম থেকে উঠে হঠাৎ ঘাড়ে তীব্র ব্যথা, সম্ভবত উঁচু বালিশে ঘুমানোর কারণে। কয়েকদিন ধরে ব্যথা আছে, নাপা খেলেও পুরোপুরি কমেনি, এখন কী চিকিৎসা দরকার?"
11733::Non-factual,11733,Non-factual,"আমার বয়স ৪৭ বছর । আমি রোজ অবস্থায় গত পরশু১৫ / ০৫ / ২০ তাং সকাল ৯ . ০০ টায় পেটে অনেক গ্যাস অনুভব করি , টয়লেট থেকে ফিরে এসে ঘাটে সুই , কিছু সময় পর হঠাৎ আমার চার পাশ ঘুরতে থাকে আমি ঘট আকড়ে ধরি , এরপর আমার মাথা ঘুরতে থাকে পরে বমি হয় দুবার , স্থানীয় ফার্মেসির ডাঃ আমাকে একটা নরিয়াম , একটা বমির ট্যাবলেট , একটা ঘুমের ট্যাবলেট দেয় , গতকাল ও চোখ খুললে মাথা ঘুরতো , আজ বিকাল থেকে কিছুটা ভাল লাগছে তবে , মোবাইলে লিখতে গিয়ে মাথা ভার লাগছে আমি বর্তমানে বামনা উপজেলা , বরগুনায় অবস্থান করছি , এমতাবস্থায় পরামর্শ প্রার্থী ।","বয়স ৪৭ । গত ১৫ / ০৫ / ২০ সকাল ৯ টায় পেটে গ্যাস হয় । এরপর মাথা ঘুরে ও বমি হয় ২ বার । ফার্মেসীর ডাক্তার নরিয়াম , বমি ও ঘুমের ট্যাবলেট দেয় । গতকাল মাথা ঘুরেছে । আজ বিকাল থেকে ভালো লাগছে কিন্তু হালকা মাথা ভার হয়ে আছে । পরামর্শ চাই ।","বয়স ৪৭। গত ১৬/০৫/২০ সকাল ১০টায় পেটে গ্যাসের পর হঠাৎ মাথা ঘুরে ৩ বার বমি হয়। ফার্মেসির ডাক্তার নরিয়াম, ভোমিসেট ও ঘুমের ট্যাবলেট দেন। গতকালও চোখ খুললেই মাথা ঘুরেছে। আজ কিছুটা ভালো, তবে মাথা ভার ও ঝিম"
22969::Non-factual,22969,Non-factual,আমি পুরুষ । বয়স 37 । আমি মার্কেটিং এর চাকরি করি । প্রায় দশ পনেরো দিন যাবত আমার কোমরের নীচ থেকে দুই ঠ্যাং এর ভিতরে বিশেষ করে রাং এর মধ্যে শুধু কন কন বা কামড়ায় । এই অবস্থায় বেশিক্ষণ নামাজে বসে থাকলে পরবর্তীতে উঠলে একটু সমস্যা হয় । ব্যথা জনিত কোন অসুবিধা নাই । এই অবস্থায় যদি ওষুধ খেয়ে ভালো হয় তাহলে সে গুলোর নাম জানতে চাচ্ছি ।,বয়স ৩৭ । পুরুষ । কোমরের নিচ থেকে দুই পা কামরায়,"বয়স ৩৭। পুরুষ। প্রায় এক মাস ধরে কোমরের নিচ থেকে দুই পায়ে, বিশেষ করে রানের ভেতরে ঝিনঝিনি ও কামড়ানোর মতো অনুভূতি। বসে থাকলে উঠতে কষ্ট হয়।"
21520::Factual Contradiction,21520,Factual Contradiction,ডক্টর আসসালামুয়ালাইকুম আমার বিগত অনেকদিন যাবতই মুখে ব্রণ হয় কিন্তু বিগত কিছুদিন যাবত বোনের সাথে সাথে প্রচন্ড মুখ চুলকায় এবং মুখের থেকে খোসা উঠে এটা খুবই খারাপ পর্যায়ে আছে এখন এত পরিমাণে চুলকায় যে মুখ মানে থেকে অনুচ্ছেদে আচরের দাগ পড়ে যাচ্ছে আর মুখে অনেক ব্রণ এর দাগের সেই মুহূর্তে আমি কি করতে পারি,ব্রুনের জন্য মুখ চুলকায় ও খোসা উঠে । দাগ হয়েছে । কি করনীয় ?,মুখে ব্রণের সাথে কোনো চুলকানি বা খোসা ওঠা নেই। দাগ হয়নি। কী করণীয়?
6599::Intrinsic,6599,Intrinsic,আসসালামু আলাইকুম . . প্রায় দেড় বছর যাবত আমার অন্ডকোষ ফুলে আছে . শুরুর দিকে মাঝেমধ্যে ফোলা থাকতো আবার নিজ থেকেই কমে যেতো . বিগত ৬ - ৭ মাস বেশ বড় আকারেই অন্ডকোষ ফুলে আছে . যতটুক অনুভূতি হয় এতে পানি জমে আছে . মাঝেমধ্যে হালকা ব্যাথা উঠে যখন তলপেটে চেপে থাকে এমন টাইট প্যান্ট পড়লে . ব্যাথা উঠলে শুয়ে থাকলে ব্যাথা চলে যায় এবং মনে হয় পানি অন্ডকোষ থেকে সরে যাচ্ছে . উল্লেখ্য আমি বাইক চালাই এবং হালকা আঘাতের রেকর্ড রয়েছে অন্ডকোষ এ . আমার বয়স ২৯ . সমাধান পেলে উপকৃত হবো,"২৯ বছর বয়সী পুরুষ । দেড় বছর যাবত অণ্ডকোষ ফুলে আছে , ৬ - ৭ মাস যাবত মনে হচ্ছে পানি জমে আছে , হালকা ব্যথা উঠে টাইট প্যান্ট পরলে । শুয়ে থাকলে ব্যথা চলে যায় । বাইক চালাই এবং হালকা আঘাত পেয়েছি আগে । এর সমাধান কি","২৯ বছর বয়সী পুরুষ। প্রায় দুই বছর ধরে অণ্ডকোষ ফুলে আছে, গত ৮–৯ মাস ধরে বেশ বড় হয়ে পানি জমার মতো মনে হচ্ছে। মাঝে মাঝে ব্যথা হয়, বিশেষ করে হাঁটাচলা বা বাইক চালালে। শুয়ে থাকলে ফোলা কিছুটা কমে যায়। আগে অণ্ডকোষে আঘাত লেগেছিল। এর সমাধান কী?"
7374::Factual Contradiction,7374,Factual Contradiction,"টেনশন টাইপ মাথা ব্যাথাঃ উপসর্গঃ ভারী ভারী একটানা এক ধরনের ব্যাথা মাথার দুদিকে থাকে । মৃদু থেকে বেশি মাত্রায় হয় । মাথা দুহাত দিয়ে চেপে ধরেছে এরকম মনে হয় । মাথার চারদিকে একটি ব্যান্ড বেধেঁ দিয়েছে বলে অনুভুত হয় । ব্যাথা ঘাড় কিংবা কাধে চলে আসে । সময়ঃ ১ - ২ ঘন্টা থাকে , বেশিও থাকে , বিকেলের দিকে বা সন্ধায় বেশি হয় , কারনঃ আবেগজনিত চাপ বড় কারন । তবে কিছু কিছু শারীরিক রোগেও হয়ে থাকে , যেমন : আর্থ্রাইটিস । এখানে যে কারণ দুটো আছে দুটোই আমার মধ্যে পরিলক্ষিত , দয়া করে যানাবেন , এই সময় কোথাও যেতেও পারছি না , কি চিকিৎসা বা কি ঔষধ করব","মাথায় দুইদিকে ভারী একটানা ব্যাথা , কাধে ও ঘাড়ে ছড়িয়ে যায় । ১ - ২ ঘণ্টা বা এর বেশি থাকে , বিকালে ও সন্ধ্যায় বেশি হয় । আর্থরাইটিস ও আবেগের কারণে হয় । চিকিৎসা কি ?","মাথার একদিকে ধকধকে ব্যাথা হয়, ঘাড়ে বা কাঁধে ছড়ায় না। সাধারণত ১–২ ঘণ্টার কম থাকে এবং সকালে বেশি হয়। আর্থরাইটিস বা আবেগজনিত চাপ নেই। চিকিৎসা কী?"
12728::Factual Contradiction,12728,Factual Contradiction,স্যার হাঠাতি আমার শরীরের প্রায় সব তক চুলকায় বিষেস করে মুখ . . . স্যার এটা সম্ভাবত এলারজি আর স্যার । আমার শরীরে মুখ সহ অনেক জায়গায়ি দাউদ আছে যা অসয্য আলাজি আর দাউদ এর বিষয়ে স্যার । পিলিজ একটু গুরুত্ব দিয়ে বলুন পিলিজ কোনোমঔষুধ বা মলমের নাম বলুন কি করলে এই দুঔটা রোগ থেকে মুক্তিপেতে পারি . . .,শরীর চুলকায় বিশেষ করে মুখ । এলার্জি হতে পারে । শরীরে দাদ আছে । কি ওষুধ বা মলম ব্যবহার করলে দাদ থেকে মুক্তি পাবো ?,"শরীর চুলকায় না, বিশেষ করে মুখে কোনো সমস্যা নেই। এলার্জি নয় বলে মনে হচ্ছে। শরীরে দাদ নেই। কি ওষুধ বা মলম ব্যবহার করলে দাদ থেকে মুক্তি পাবো ?"
18267::Non-factual,18267,Non-factual,"আসসালামু আলািকুম , , আমার বয়স ২৬ + , , , কিছু দিন যাবত মাথার পিছনের সাইডে প্রচন্ড ব্যাথা হচ্ছে , , কিছুক্ষন ফোন বা টিভি দেখলে আরও বেশী ব্যাথা করে , , সাথে ঘাড় মাজাও ব্যাথা করে খুব , , আমার একটা বেবিও আছে ৬ + বয়সের , , সলুশন কি ? ? ?",বয়স ২৬ + । মাথার পেছনে ব্যাথা করে । ঘাড় ও কোমর ব্যাথা করে । কি করনীয় ?,বয়স ২৮। প্রায় দুই সপ্তাহ ধরে মাথার পেছনে প্রচণ্ড ব্যথা করছে। ফোন বা টিভি দেখলে ব্যথা আরও বাড়ে। সাথে ঘাড় ও কোমর ব্যথা করছে। কি করণীয়?
23046::Intrinsic,23046,Intrinsic,"আমার স্ত্রীর বয়স ৩০ , তার উভয় পায়ের বৃন্ধাঙ্গুলীর নখের দুই পাশে ( কোণা ) মাঝে - মাঝেই খুব দুর্গন্ধ হয় ( দৃশ্যমাণ ময়লা থাকে না ) । নখের কোণে হালকা ব্যাথাও হয় । নখ পরিষ্কার করার সময় নখের নিচ হতে সাদা ময়লা বের হয় । নখের কোণের প্রান্ত সাদা হয়ে ওঠে এবং ঐ সাদা অংশ মেটালিক কিছু দিয়ে ঘষা দিলে মড়া নখের মতো ক্ষুদ্র ক্ষুদ্র টুকরায় ভেঙে যায় । এর সমাধান কি ?","বয়স ৩০ । পায়ের নখের কোনে হালকা ব্যথা , সাদা হই গেসে , ঘষা দিলে ভেঙে যাই","বয়স ৩০। উভয় পায়ের বৃদ্ধাঙ্গুলির নখের দুই পাশেই তীব্র ব্যথা ও দুর্গন্ধ, নখের নিচে হলুদ ময়লা জমে। কোণের অংশ কালচে-সাদা হয়ে গেছে এবং পরিষ্কার করলে মোটা টুকরার মতো উঠে আসে।"
11721::Intrinsic,11721,Intrinsic,"আমার কয়েকদিন আগে ১০০ ডিগ্রি এর মত জ্বর আসছিল , নাপা খায় আর পরে তা ভালো হয়ে যায় কিন্তু বুকে কফ ছিল পরে লোকাল ফার্মেসি ওয়ালা আমাকে জিথ্রক্স ৫০০ দেয় আমি ৩ দিন ৩টা খায় . . আর আজকে ২ দিন ধরে জিহবার স্বাদ আর নাকের গন্ধ সম্পুর্ন চলে গেছে । কোন ঘ্রানই নাকে পাচ্ছি না . . . কোন ডাক্তারও দেখাতে পারছি না . . এখন আমি কি করতে পারি",কয়েক দিন আগে ১০০° জ্বর হয় পরে নাপা খেলে ভালো হয় । কিন্তু বুকে কফ ছিল । লোকাল ফার্মেসী থেকে জিথ্রক্স ৫০০ ৩ দিন ৩ টা খাই । নাকে ঘ্রান নেই । কি করনীয় ?,"কয়েক দিন আগে ১০১° জ্বর ছিল, নাপা খেয়ে কমে যায়। পরে বুকে কাশি ও কফ বাড়ে। ফার্মেসি থেকে জিথ্রোম্যাক্স ৫০০ পাঁচ দিন খেয়েছি। এখন ২ দিন ধরে জিহ্বার স্বাদ ও নাকের গন্ধ একদম নেই। কী করণীয়?"
22330::Intrinsic,22330,Intrinsic,আমি কাল ১২ টার সময় আক্কেল দাতঁ তুলছি কেটে বের করছে সেলাই দিছে ৪ টা । কাল দাতঁ তুলার সময় আমার গলার ভিতরে বাম সাইডে ডুগ গুলার সময় ব্যথা লাগে । এখন কাল রাতে আমার গলার ভিতরে কি যেন একটা বের হয়ছে ডুগ গিলতে পারতেছিনা বড় হা করে কাউকে দেখাতে পারতেছিনা । এর আগে আমার টন্সিল বাসছিল । এখন আমি কি ঔষধ খাব ।,আক্কেল দাঁত তোলার জন্য গলার ভেতরে ঢোক গিললে ব্যাথা লাগে । গলায় কিছু বের হয়েছে । কি ওষুধ খাবো ?,আক্কেল দাঁত তোলার পর থেকে গলার ডান পাশে ঢোক গিললে তীব্র ব্যথা হচ্ছে। রাতে গলায় ফোলা মতো কিছু দেখা দিয়েছে এবং মুখও ঠিকমতো খুলতে পারছেন না। এখন কী অ্যান্টিবায়োটিক বা ওষুধ খাওয়া উচিত?
2238::Factual Contradiction,2238,Factual Contradiction,"আসসালামু আলাইকুম , স্যার আমার আম্মুর বয়স 52 / 55 বছর । ওনার সুধু পুরো শরীর ঘামায় , ঘুম থেকে জাগ্রত হওয়ার পর বেশি ঘামায় । আর শরীরের এক পাশ ঝিমঝিম করে , ওনার ডয়োবেটিক আর প্রেসার ও আছে এতে ষ্টোক করার লক্ষণ আছে কি ? খুব টেনশনে আছি , এখন ওনাকে কোন বিশেষজ্ঞ ডাক্তার দেখানো উচিত ? আপনার মূল্যবান মতামত দিয়ে উপকৃত করবেন ।","বয়স ৫২ - ৫৫ বছর । পুরো শরীর ঘামায় , ঘুম থেকে জাগ্রত হওয়ার পর বেশি ঘামায় । শরীরের এক পাশ ঝিমঝিম করে , ডয়োবেটিক , প্রেসার ও আছে ।","বয়স ৫২ - ৫৫ বছর। পুরো শরীর ঘামে না, ঘুম থেকে জাগ্রত হওয়ার পর ঘাম কমে যায়। শরীরের দুই পাশই ঝিমঝিম করে না, ডায়াবেটিস বা প্রেসারের সমস্যাও নেই।"
16370::Non-factual,16370,Non-factual,"আমার বয়স ২৮ । আমার প্রায় ই মাথা ব্যাথা হয় । যেমন , রোদে গেলে , কান্না করলে , জোরে কথা বললে , হাইপার হলে এমন কি টেনশন করলেও মাথা ব্যাথা হয় । ডাক্তার দেখানোর পর মাইগ্রেন এর ব্যাথা এটা বলা হয় । কিন্তু গত কয়েকদিন যাবত মাথা ব্যাথা টা খুব বেড়ে গিয়েছে । কিছু বিষয় নিয়ে চিন্তা ও করছি । মাথা ব্যাথা টা অসহ্য রকমের । কাশি দিলে বা হাল্কা মাথা টা নড়ালেও ব্যাথা হয় । এখন এই অবস্থায় কি করতে পারি ।","বয়স : ২৮ । রোদে গেলে , কান্না করলে , জোরে কথা বললে , টেনশন করলে , কাসি দিলে ও হালকা মাথা নাড়ালেও মাথা ব্যথা হয় ।","বয়স ২৮। প্রায় এক মাস ধরে মাথাব্যথা অনেক বেড়েছে। রোদে গেলে, কান্না করলে, জোরে কথা বললে, টেনশন করলে, কাশি দিলে ও হালকা মাথা নাড়ালেও মাথা ব্যথা হয়। আগে ডাক্তার এটি সাইনাসের ব্যথা বলেছিলেন।"
24902::Factual Contradiction,24902,Factual Contradiction,"আমার মুখে অনেক ব্রন উঠছে কিছুদিন ধরে , , মুখে একদম কিছু ইউজ করতে পারছিনা । শুধু এক্সপেল এর টি ট্রি ফেস ওয়াশ আর এলোভেরা জেল ইউজ করি । । । । মুখ প্রচুর জালাপোড়া করে , , , আগে গার্নিয়ার এর একটা ভিটামিন সি ক্রিম ব্যবহার করতাম ওইটাও এখন রিএক্ট করে । , , সিম্পল এর লাইট ময়েশ্চারাইজার ব্যবহার করার পর থেলে স্কিন এত্ত বেশি সেন্সিটিভ হয়ে গেছে । আমার বয়স ২৫ . . স্কিন টাইপ অয়েলি । প্রচুর অয়েল প্রডিউস করে স্কিন । ফেস ওয়াশ করার হাফ আওয়ার পরেই স্কিন একদম চিটচিটে হয়ে যায় । আর প্রচুর পেইন হয় একনি গুলায় । আর চুল্কায় ও অনেক । । । । কিভাবে নিস্তার পাব","মুখে অনেক ব্রণ , প্রচুর জ্বালাপোড়া করে বাজারের ক্রিম ইউজ করি । বয়স ২৫ , স্কিন টাইপ অয়েলি । ফেসওয়াশ করার পরও লাভ হয় না , তেল তেল হয় , চুলকায় । কি করবো","মুখে অনেক ব্রণ, কিন্তু জ্বালাপোড়া নেই এবং বাজারের ক্রিমে ভালোই স্যুট করছে। বয়স ২৫, স্কিন টাইপ ড্রাই। ফেসওয়াশ করার পর তেল তেল না হয়ে একদম শুষ্ক হয়ে যায়, চুলকানিও নেই। কি করবো"
6840::Non-factual,6840,Non-factual,স্যার আমার মা এর হাই পেসার ছিলো লোসারডিল ৫০ এমজি শুধু রাতে । । এটা খাবার পর থেকে এখন পেসার ১২০ / ৮০ । কিন্তু গত দুই মাস থেকে হঠাৎ করে শরির খুব গরম থাকে । । মাঝে মাঝে ঠান্ডা হয় কিন্তু বেশি সময় গরম থাকে সাথে ঘাম ও হয় । শরির দুর্বল লাগে ওজন কমে যাচ্ছে । কিন্তু খাওয়ার রুচি আছে হজম ও ভালো । । ডায়বেটিস নাই । এখন কি করা যেতে পারে । ।,"লোসারডিন ৫০ এমজি খান রাতে হাই প্রেসারের জন্য । খাওয়ার পরে প্রেসার এখন ১২০ / ৮০ । গত দুই মাস হঠাৎ করে শরীর গরম হয় । শরীর দুর্বল লাগে , ওজন কমে যাচ্ছে । ডায়াবেটিস নেই । কি করণীয় ?","লোসারডিন ৫০ এমজি খান রাতে হাই প্রেসারের জন্য। খাওয়ার পরে প্রেসার এখন ১৩০/৯০। গত তিন মাস ধরে হঠাৎ করে শরীর গরম হয়, সাথে ঘামও হয়। শরীর দুর্বল লাগে, ওজন কমে যাচ্ছে। ডায়াবেটিস নেই। কি করণীয়?"
17517::Non-factual,17517,Non-factual,"আসসালামু আলাইকুম । আমার ছেলের বয়স আজকে ৬ মাস ২৫ দিন চলছে । ওর প্রায় সময়ই আমাশা পায়খানা লেগেই থাকে । কিন্তু গত পরশু রাতে পায়খানার সাথে রক্ত ছিলো অর্থাৎ রক্ত আমাশা পায়খানা করেছে , কালকে সারাদিনে আর রক্ত আমাশা না করলেও এমনিতেই আমাশা পায়খানা করেছে প্রায় ৩ / ৪ বার । আবার আজকে সকালেও একবার করেছে । আমি এখনো পর্যন্ত ওকে কোনো ঔষধ খাওয়াই নাই । দয়া করে জানাবেন আমি ওকে এখন কি ঔষধ খাওয়াবো তাহলে আপনাদের কাছে খুবই উপকৃত হবো ।",বয়স ৬ মাস ২৫ দিন । সবসময় আমাশয় ও পাতলা পায়খানা থাকে । গত পরশু পায়খানার সাথে রক্ত আসে বা রক্ত আমাশয় হয় । গতকাল ৩ / ৪ বার পাতলা পায়খানা হয়েছে । আজকে একবার হয়েছে । কি ওষুধ খাওয়াবো ?,বয়স ৭ মাস ২৫ দিন। প্রায়ই আমাশয় ও পাতলা পায়খানা থাকে। গত পরশু রাতে পায়খানার সাথে রক্ত এসেছে। গতকাল ৫ / ৬ বার পাতলা পায়খানা হয়েছে। আজ সকালেও একবার হয়েছে। এখনো কোনো ওষুধ বা মেট্রোনিডাজল খাওয়ানো হয়নি। কি ওষুধ খাওয়াবো?
24509::Factual Contradiction,24509,Factual Contradiction,"আসসালামু আলাইকুম , সোহানা ( ৫ ) , বয়স 5 মাস 10 দিন । একটা বিষয়ে জানার জন্য আপনার কাছে জানতে চাই , বাবুর আসলে এখন মায়ের দুধে হচ্ছে না , আমি কি বাহিরের খাবার দিতে পারি , বাবুর বয়স পাঁচ মাস দশ দিন । আর বাহিরের খাবার বলতে কি দিতে পারি , বা দেওয়া ঠিক হবে কিনা বাহিরের খাবার । খাওয়ার জন্য খুব কান্নাকাটি করে বাবু ।",বয়স পাঁচ মাস দশ দিন বাচ্চার মায়ের দুধে হচ্ছে না । বাইরের খাবার কি দেওয়া যাবে ? খাওয়ার জন্য খুব কান্নাকাটি করে বাবু,বয়স পাঁচ মাস দশ দিন বাচ্চার মায়ের দুধে ভালোই হচ্ছে। বাইরের খাবার না দেওয়াই কি ঠিক হবে? খাওয়ার জন্য খুব কান্নাকাটি করে না বাবু।
10523::Factual Contradiction,10523,Factual Contradiction,গতকাল বিকেলে বসে গোসল করার পর উঠতে নিয়ে হঠাৎ করে বেসিনে গুতা লাগে মাথার পেছনের ভাগে । তখন থেকে ৪ / ৫বার বমি হয় রাতে আর প্রচুর ব্যথা আর মাথা অনেক ভারি হয়ে আছে । আর বমি বমি ভাবটা এখনো অনেক আছে । আর এমনিতেউ গত কয়েকদিন যাবত সেভাবে খাওয়াদাওয়াও করা হয়না । সেহরি বা ইফতারেউ সেভাবে খাওয়া হয়না । আর গতকাল ব্যথা পাওয়ার পর থেকেএকটু পর পর ব্যালান্স হারায় ফেলতেছি । আর চিনচিন করে ব্যথা । এখন করনীয় কি আমার ?,মাথার পেছনে বেসিনের সাথে গুতা লাগে । এরপর ৪ / ৫ বার বমি হয় । মাথায় ব্যাথা হয় ও মাথা ভারি হয়ে আছে । ব্যাথা পাওয়ার পর থেকে ব্যালেন্সলেস হয়ে যাচ্ছি । মাথা চিন চিন ব্যাথা করে । কি করনীয় ?,"মাথার সামনে বেসিনের সাথে গুতা লাগে। এরপর কোনো বমি হয়নি। মাথায় তেমন ব্যথা নেই, মাথা হালকা লাগছে। ব্যথা পাওয়ার পর থেকে ব্যালেন্স ঠিক আছে। মাথা চিনচিন করে না। কি করনীয়?"
14742::Factual Contradiction,14742,Factual Contradiction,"আমি না জেনে , অন্যের কথায় উৎসাহী হয়ে ফার্মেসি থেকে মোটা হওয়ার জন্য ১ ফাইল পুদিনা এস সিরাপ ২ চামচ করে দিনে ২ বার খেয়েছি । কিন্ত খাওয়ার পর জানতে পারি এসমস্ত ঔষধে প্রচুর পার্শপ্রতিক্রিয়া রয়েছে । এখন আমি নিজের শরীর নিয়ে খুবই চিন্তিত । এখন আমি কি করতে পারি ?",ফার্মেসি থেকে মোটা হওয়ার জন্য ১ ফাইল পুদিনা এস সিরাপ ২ চামচ করে দিনে ২ বার খেয়েছি । কিন্ত খাওয়ার পর জানতে পারি ঔষধে প্রচুর পার্শপ্রতিক্রিয়া রয়েছে । এখন কি করতে পারি ?,ফার্মেসি থেকে মোটা হওয়ার জন্য ১ ফাইল পুদিনা এস সিরাপ ২ চামচ করে দিনে ১ বার খেয়েছি। খাওয়ার আগেই জানতে পারি এই ঔষধে তেমন কোনো পার্শপ্রতিক্রিয়া নেই। এখন কি করতে পারি?
21276::Factual Contradiction,21276,Factual Contradiction,"স্যার আমার স্মৃতি শক্তি কমে যাচ্ছে , আমি গুছিয়ে কথা বলতে পারি না , , কোনো কিছু ভালো লাগে মা , কারো সাথে সুন্দর করে কথা বলতে পারি না , নিজে বুদ্ধি খাটিয়ে কথা বলতে পারি , মনে রাখতে পারি না । মানুষ মুখে দিখে তাকিয়ে কথা বলতে পারি আমার চুখ মুখ কালো হয়ে যায় , বুঝা যায় আমার কান্না আইছে , এজন্য মানুষের সাথে আমার কথা বলার ইচ্ছা থাকলে ও বলতে পারি না , , মনে রাখতে পারি না , কোনো কাজ বুদ্ধি কাটিয়ে সুন্দর ভাবে করতে পারি না , , কাজ করার পর সেটা যে ১০০ % সঠিক করতে পেরেছি সে গ্যারান্টি দিতে পারি না , ,",স্মৃতি শক্তি কমে যাচ্ছে । মাথা ভারি লাগে । কি করনীয় ?,"স্মৃতি শক্তি ঠিক আছে, গুছিয়ে ও বুদ্ধি খাটিয়ে ভালোভাবে কথা বলতে পারেন। মানুষের সাথে সহজে কথা বলতে পারেন, কোনো মানসিক অস্বস্তি নেই। কি করনীয়?"
1238::Non-factual,1238,Non-factual,"আমার বয়স ২৭ বছর , বিবাহিত , আমার রক্তে এলার্জি ৫২৮ . ৪ , অনেক চুল্কানি হয় , আমি ডাক্তারের পরামর্শ অনুযায়ী জাইরিল ২৫ , খাইতেছি , খাইলে চুল্কানি কমে , না খাইলেই বাড়ে , আমি এখন কি করবো ? ? এটা কি একেবারে ভালো হয় নাকি ? অনেকেই বলে ভালো হয় না । প্লিজ যদি বলতেন ।",বয়স ২৭ । রক্তে এলার্জি ৫২৮ . ৪ । চুলকানি হয় । ডাক্তারের পরামর্শে জাইরিল ২৫ খাচ্ছি । খেলে চুলকানি কমে । না খেলে বেড়ে যায় । এটা কি একবারে ভালো হয় না ? কি করনীয় ?,"বয়স ২৭। রক্তে এলার্জি ৬২৮.৪। প্রায় ছয় মাস ধরে অনেক চুলকানি হয়। ডাক্তারের পরামর্শে জাইরিল ১০ ও মন্টেলুকাস্ট খাচ্ছি। খেলে চুলকানি কমে, না খেলে বেড়ে যায়। এটা কি একেবারে ভালো হবে, এখন কি করণীয়?"
13885::Factual Contradiction,13885,Factual Contradiction,"আমার গত বার মাসিক হয়েছিল মে মাসের ১ তারিখে , ১ তারিখ থেকে ৫ তারিখ পর্যন্ত প্রচূর পরিমানে রক্তক্ষরন হয়েছিল । আর এবার মাসিক হয়েছে এই মাসের ২৫ তারিখে । গত তিন দিন আমার প্রচূর রক্তক্ষরন হচ্ছে । এখনো একই ভাবে হচ্ছে । আমার বাম পা ব্যথা করে । মাঝে মাঝে অবস হওয়ার মত অনুভব হয় । শরীর অনেক দূর্বল লাগে । নিচের পেটে ব্যথা হয় । ব্যথাটা মাঝে মাঝে বেশি হয় , আবার কম ও হয় । আমি অবিবাহিত । এখন আমার কি করা উচিত ?",গত মে মাসের ১ তারিখ মাসিক হয় । ১ তারিখ থেকে ৫ তারিখ প্রচুর রক্তক্ষরণ হয় । বাম পায়ে ব্যাথা । মাঝে মাঝে অবশ মনে হয় । শরীর দুর্বল । নিচের পেটে ব্যাথা । মাঝে মাঝে ব্যাথা কম বেশি হয় । আমি অবিবাহিত । কি করনীয় ?,"গত মে মাসের ১ তারিখ মাসিক হয়। ১ তারিখ থেকে ৫ তারিখ খুব অল্প রক্তক্ষরণ হয়। এবার মাসিকও ঠিক ১ তারিখেই হয়েছে। বাম পায়ে কোনো ব্যথা নেই। শরীর বেশ স্বাভাবিক লাগে, শুধু নিচের পেটে মাঝে মাঝে ব্যথা হয়। আমি অবিবাহিত। কি করনীয়?"
19963::Factual Contradiction,19963,Factual Contradiction,আমার বাবার আগে ডায়াবেটিস ছিলনা । কিছু লক্ষন দেখা দেয়ায় গতকাল ফার্মেসিতে টেস্ট করেছিল এবং তারা খুব বেশি বলেছিল । আজ সকালে উনি খুব দূর্বল অনুভব করেন এবং প্রচন্ড মাথা ঘুরা ঘুরাচ্ছে এখনো । কথা বলতে পারছেনা । পালস রেট ৬২ - ৬৪ এর মধ্যে । অক্সিজেন লেভেল ৯৬ - ৯৮ । বুঝতেছিনা ডায়াবেটিস হাই না লো ? কিছু খাওয়াবো কি না ?,"diabetes ধরা পরেছে । দুর্বল , মাথা ঘুরায় , কথা বলতে পারছে না , পালস রেট ৬২ - ৬৪ । অক্সিজেন ৯৬ - ৯৮ । high diabetes নাকি low ? কিছু খাওয়াবে কিনা ?","ডায়াবেটিস আগে থেকেই ছিল। আজ সকালে উনি বেশ স্বাভাবিক বোধ করছেন, মাথা ঘোরা নেই এবং কথা বলতে পারছেন। পালস রেট ৬২ - ৬৪, অক্সিজেন ৯৬ - ৯৮। ডায়াবেটিস লো নাকি হাই, কিছু খাওয়ানো উচিত কি না জানতে চাওয়া হয়েছে।"
5344::Factual Contradiction,5344,Factual Contradiction,"আমার স্ত্রীকে গত দুই তারিখে ডি এন সি করিয়েছি । প্রথম দুই দিন ব্লাড কম গিয়েছে । কিন্তু গত দিন দিন যাবত বেশি যাচ্ছে । তাকে ট্রাক্সিল ৫০০ , সাইটোমিস ২০০ , সিপ্রোসিন ৫০০ , সারজেল২০ , প্রিনাট সিএই দিয়েছে । কিন্তু ব্লাড যাওয়া এখনো কমছে না । এখন কি করতে পারি । দয়া করে জানালে উপকৃত হতাম । দেশের অবস্থা খারাপ হওয়ার কারনে ডাক্তারের কাছেও যেতে পারছি না ।","স্ত্রীকে ডি এন সি করিয়ে প্রথম দুই দিন ব্লাড কম গিয়েছে । কিন্তু গত দিন যাবত বেশি যাচ্ছে । ট্রাক্সিল ৫০০ , সাইটোমিস ২০০ , সিপ্রোসিন ৫০০ , সারজেল২০ , প্রিনাট সিএই দিয়ে ব্লাড যাওয়া এখনো কমছে না ।","স্ত্রীকে ডি এন সি করিয়ে প্রথম দুই দিন ব্লাড অনেক বেশি গিয়েছে। কিন্তু গত দিন যাবত ব্লাড কম যাচ্ছে। ট্রাক্সিল ৫০০, সাইটোমিস ২০০, সিপ্রোসিন ৫০০, সারজেল ২০, প্রিনাট সিএই দেওয়ার পর এখন ব্লাড যাওয়া কমে গেছে।"
1492::Non-factual,1492,Non-factual,আসসালামু আলাইকুম । আমি < NAME > । আমার বয়স 27 বছর । আমার বুকের বাম পাশে হঠাৎ করে ব্যথা করে ওঠে । অনেক সময় নিঃশ্বাস নিতে গেলে মনে হয় নিঃশ্বাস টা আটকে গেল । এখন পর্যন্ত কোন ডাক্তারের সাথে পরামর্শ করিনি । কি কারনে আমার এমন সমস্যা হয় এর করনীয় কি ।,বয়স ২৭ । বুকের বাম পাশে হঠাৎ ব্যাথা করে । নিশ্বাস আটকে যায় । কি কারনে এ সমস্যা হয় ও কি করনীয় ?,"বয়স ২৭। বুকের বাম পাশে হঠাৎ ব্যথা করে, বিশেষ করে রাতে। নিঃশ্বাস নিতে গেলে আটকে যায় মনে হয়। গত ১০ দিন ধরে এমন হচ্ছে। কী কারণে এ সমস্যা হয় ও কী করণীয়?"
13917::Intrinsic,13917,Intrinsic,আমি ইপিজেডে চাকরি করি । সারাক্ষণই শ্রমিকদের নিয়েই আমাকে ব্যস্ত থাকতে হয় । বর্তমান পরিস্থিতিতে কারনা ভাইরাসের আতঙ্কে আমার ঘুম কম হচ্ছে । সারাক্ষণ আতঙ্কে থাকি । বর্তমানে প্রেসার 90 / 130 । দু তিন মাস আগেও 80 / ১২০ ছিল । 2010 সাল থেকে প্রেসারে ওষুধ খাই । এনজিলক ফিফটি । বর্তমানে মাঝে মাঝে বুক ধরফর করে । চিকিৎসার বিষয়ে এডভাইস করবেন ।,করোনা আতঙ্কে ঘুম কম হয় । প্রেসার ৯০ / ১৩০ । এনজিলক ফিফটি প্রেসারের ওষুধ খাই । এখন মাঝে মাঝে বুক ধরফর করে । পরামর্শ চাই ।,করোনা আতঙ্কে কয়েক মাস ধরে ঘুম একেবারেই কমে গেছে। প্রেসার এখন ১০০/১৪০-এর মতো থাকে। ২০১০ সাল থেকে এনজিলক ৫০ খাচ্ছি। বর্তমানে প্রায়ই বুক ধড়ফড় ও অস্বস্তি হচ্ছে। কী চিকিৎসা নেওয়া উচিত?
10827::Non-factual,10827,Non-factual,"আমার স্ত্রীর সমস্ত শরীর চুলকায় । কোন বিচি পাঁচড়া নাই , অনেক ডাক্তার দেখাইছি । এমনকি ইন্ডিয়া ও দেখাইছি কোনো কাজ হচ্ছেনা অনবরত চুলকায় । এসির ভিতরে থাকলে একটু ভালো লাগে । গরমে বেশি চুলকায় । বেশ কয়েকবার হরমোন টেস্ট করা হয়েছে সেখানেও কোন সমস্যা নাই । দয়া করিয়া এর স্থায়ী একটি ব্যবস্থা দিবেন কি ? নাকি সারাজীবন চুলকানো অবস্থায় তার জীবন যাপন করতে হবে । বর্তমানে তার মানসিক অবস্থা এত খারাপ , কোনো চিকিৎসারও উপরে আস্থা আনতে পারছে না ।",শরীর চুলকায় । গরমে বেশি চুলকায় । হরমোন টেস্টে কোনো সমস্যা পাওয়া যায় নি । মানসিক অবস্থা খারাপ । পরামর্শ চাই ।,"সারা শরীর চুলকায়, বিশেষ করে গরমে বেশি বাড়ে। গত ৬ মাস ধরে সমস্যা চলছে। থাইরয়েড ও হরমোন টেস্টে কোনো সমস্যা ধরা পড়ে নি। মানসিক অবস্থা খুব খারাপ। স্থায়ী সমাধানের পরামর্শ চাই।"
3421::Non-factual,3421,Non-factual,"হেলো স্যার আমার বাচ্চার বয়স ১৫ মাস চলছে গত ২৪ ঘন্টায় ৫ বার পাতলা পায়খানা হয়েছে , প্রতি ৫ / ৬ ঘন্টা পর পর , এখনো পর্যন্ত কোনো ধরনের ঔষধ সেবন করাই নাই । খাওয়ার স্যালাইন বাদে , আমি তাকে এখনো ডাক্তার দেখাই নাই , প্রাথমিক অবস্থায় কি ঔষধ সেবন করাবো ?",বাচ্চার বয়স ১৫ মাস । গত ২৪ ঘন্টায় ৫ বার পাতলা পায়খানা হয়েছে । খাওয়ার স্যালাইন বাদে ডাক্তার দেখাই নাই,"বাচ্চার বয়স ১৫ মাস। গত ৪৮ ঘন্টায় ৭ বার পাতলা পায়খানা হয়েছে। খাওয়ার স্যালাইনের সাথে জিঙ্ক সিরাপ শুরু করা হয়েছে, এখনো ডাক্তার দেখানো হয়নি।"
5818::Intrinsic,5818,Intrinsic,স্যার আমার স্ত্রীর 22 দিন আগে ডেলিভারি হয়েছে . . . নরমাল ই হয়েছে . . কিন্তু প্রসবের রাস্তা একটু কাটতে হইছে . . এখন ওই কাটা যায়গায় তিন টা সিলাই দিছে দুইটা সুতা বের হয়ে গেছে . . আর একটা সুতার মাথা ভেতরে বের হয়ে আছে . . টান লাগলে হালকা ব্যাথা হয় . বলবেন প্লিজ কোন সমস্য আছে কিনা ? ? আর ঘা শুকাতে কতদিন লাগবে বলবেন . .,স্ত্রীর ২২ দিন আগে নরমাল ডেলিভারি হয়েছে । কিন্তু প্রসবের রাস্তা একটু কাটতে হইছে । এখন ওই কাটা যায়গায় তিন টা সিলাই দিছে দুইটা সুতা বের হয়ে গেছে । টান লাগলে হালকা ব্যাথা হয় ।,"স্ত্রীর ২২ দিন আগে নরমাল ডেলিভারি হয়েছে, প্রসবের সময় বেশ কিছুটা কাটতে হয়েছিল। সেখানে চারটা সেলাই দেওয়া হয়েছিল, যার মধ্যে দুইটা সুতা খুলে গেছে আর বাকি সুতার অংশ বাইরে বের হয়ে আছে। জায়গাটায় মাঝেমধ্যে ব্যথা ও জ্বালাপোড়া হয়।"
7564::Intrinsic,7564,Intrinsic,গত ৩ / ৪ দিন যাবত জ্বর ও কাশি । পরশু দিন ২ বেলা ২ টা এইস খাওয়া হইসিলো । আর গতকালকে তুসকফ নামের কফের সিরাপ খাওয়া হইসিলো । এতে বরং গতকাল রাতে গলা বসে যায় । পূর্ব থেকে অ্যাজমা শ্বাসকষ্ট আছে । পাশাপাশি ৩ - ৪ দিন যাবত পায়খানা হচ্ছে না ।,"পূর্বের অ্যাজমা ও শ্বাস কষ্ট আছে । ৩ / ৪ দিন যাবত জ্বর কাশি , পায়খানা হচ্ছেনা । ace ও তুসকফ খাওয়া হয়েছে । গলা বসে গেছে । করণীয় কি ?",পূর্বের অ্যাজমা ও শ্বাসকষ্ট আছে। প্রায় এক সপ্তাহ ধরে জ্বর-কাশির সঙ্গে কোষ্ঠকাঠিন্য রয়েছে। ACE ও তুসকফ কয়েকদিন খাওয়ার পর গতরাত থেকে গলা ব্যথা ও স্বর ভেঙে গেছে। করণীয় কী?
14893::Non-factual,14893,Non-factual,"আসসালামু আলাইকুম । আমি এবং আমার ছোট বোন । বয়স যথাক্রমে ২২ এবং ২০ বছর । সামান্য পরিমাণ মরিচ কচলালে বা মসলা বাটলে আমাদের হাত প্রচুর পরিমানে জ্বলে , প্রায় ২ - ৫ ঘন্টা । কি কারণে জ্বলে এবং এর থেকে মুক্তির উপায় কি ? দয়াকরে বলবেন প্লিজ ।",ঝালের জন্য হাত জ্বললে কি করনীয় ?,"২২ ও ২০ বছর বয়সী দুই বোনের মরিচ কচলানো বা মসলা বাটার পর হাত প্রায় ৬–৮ ঘণ্টা জ্বলে। ঝালের জন্য হাত জ্বললে কি করণীয়, এবং গ্লাভস বা ক্যালামাইন লোশন ব্যবহার উপকারী কি না?"
24794::Non-factual,24794,Non-factual,"আসসালামুআলাইকুম , আমার ভাইয়ের বয়স ৩০ বছর । ওর পায়ে ছোট ছোট ফোড়া হয়েছে , একটা ভালো হয় আবার আরেকটা হচ্ছে প্রায় ৪ / ৫ দিন ধরে । সঠিক পরামর্শ কামনা করছি । আরেকটা সমস্যা , ওর মুখে ঘাঁ হয় একজন চর্ম ও যৌন বিশেষজ্ঞ বিভাগীয় প্রধান তিনি ওরাডেক্সন ট্যাবলেট দিয়েছিলো । আগে ভালোই কাজ করতে এখন আর কাজ করতেছে না । করলেও সময় লাগতেছে অনেক । এখানেও সঠিকর পরামর্শ কামনা করছি । অগ্রিম ধন্যবাদ ।","বয়স ৩০ । পায়ে ছোট ছোট ফোঁড়া হয় , একটা ভালো হলে আর একটা হয় , মুখে ঘা হয়","বয়স ৩০। পায়ে ছোট ছোট ফোঁড়া হচ্ছে, একটি শুকালে আরেকটি ওঠে, প্রায় ১০/১২ দিন ধরে। মুখে ঘা হয়, আগে ওরাডেক্সন ও মাইকোনাজল জেল দিলে কাজ হতো, এখন দেরিতে সারে।"
16758::Intrinsic,16758,Intrinsic,"আমার বুকে অনেক কফ কাসদিলে শক্ত শক্ত কফ বের হয় । অল্প পরিশ্রম করলে দম ছোট হয় , মেডিসিন , বক্ষব্যাধি ডাক্তার দেখিয়েছি ঔষধ খেয়েছি এক্সরে সহ অন্যান্য টেষ্টও করিয়াছি , আমি ধুমপান কখনো করিনি উচ্চ রক্তচাপ আছে নিয়মিত ঔষধ খাই , বর্তমানে আমার বুকের কফ তরল হয়ে পরে গেলে হয়ত আমি সুস্হ মনে করি , বুকের এই কফ তরল হয়ে পরে যাওয়ার কোন পরামর্শ পেতে পারি কি",কাশি দিলে শক্ত কফ বের হয় । অল্প পরিশ্রমে দম ছোট হয় । উচ্চ রক্তচাপ আছে নিয়মিত ওষুধ খাওয়া হয় । অধূমপায়ী ।,কাশি দিলে ঘন হলুদ কফ বের হয়। মাঝারি পরিশ্রমে শ্বাসকষ্ট বাড়ে। উচ্চ রক্তচাপের ওষুধ নিয়মিত চলছে। আগে ধূমপান করতেন না।
15758::Intrinsic,15758,Intrinsic,শরীরের রোগ প্রতিরোধ ক্ষমতা বাড়ানোর জন্য কি কি খাওয়া দরকার একটু বলবেন স্যার স্যার আরেকটা বিষয় হলো সকালবেলা ঘুম থেকে ওঠার পরে আমার কথা একটু ভারভার শোনা যায় এটার কারণ কি অনেক সময় নাক বন্ধ হয়ে আসে কিন্তু কোন সর্দি ভাব নেই একটা সমস্যাটা কি একটু বলবেন,"শরীরে রোগ প্রতিরোধ ক্ষমতা বাড়ানোর জন্য কি খাওয়া উচিৎ ? ঘুম থেকে উঠার পর গলা ভার ভার শুনা যায় নাক বন্ধ হয়ে আসে , সর্দি নেই ।","শরীরের রোগ প্রতিরোধ ক্ষমতা বাড়াতে কী কী খাবার ও ভিটামিন নেওয়া উচিত? কয়েক সপ্তাহ ধরে সকালে ঘুম থেকে উঠলে গলা বসে যায়, নাক প্রায়ই বন্ধ থাকে, তবে কাশি বা সর্দি নেই।"
4940::Non-factual,4940,Non-factual,"স্যার আমার ৩ মাস আগে হঠাট করে বুকে নিশ্বাস নিতে কস্ট হয় , হঠাট করে গলা সুখাই জায় , আর শরীরে কনো শক্তি পাইনা বুক থেকে গলা পর্যন্ত মনে হয় অবশ হয়ে যায় । এর পরে আমি মেডিকেলে সার্জন ডাক্তার কে দেখায় , সেখানে তেমন কিছু বলেনা , ঔষুধ খেতে বলছিলো কিছু সেগুলা খাই । কাল আমার আবার হঠাৎ করে এই রোগ তা রাতে হয় , পরে কাল ডাক্তার বল্য গ্যাস থেকে নাকি এমন হয় । স্যার আমি এখন কি করলে এই রোগ থেকে মুক্তি পাবো , দয়া করে আমার উত্তর দিবেন ,","৩ মাস আগে হঠাৎ করে বুকে নিশ্বাস নিতে কষ্ট , গলা শুকিয়ে যায় , শরীরে শক্তি পাইনা । বুক থেকে গলা পর্যন্ত মনে হয় অবশ হয়ে যায় । রাতে এই সমস্যা হয় , ডাক্তার গ্যাসের সমস্যা বলে ।","৩ মাস আগে হঠাৎ করে বুকে নিশ্বাস নিতে কষ্ট, গলা শুকিয়ে যায়, শরীরে শক্তি পাইনা। বুক থেকে গলা পর্যন্ত অবশ লাগে। গতকাল রাতে আবার সমস্যা হয়, ডাক্তার এটি গ্যাস্ট্রিক আলসার বলে ও ওমিপ্রাজল ২০ মিগ্রা খেতে বলেন।"
10855::Factual Contradiction,10855,Factual Contradiction,"আমার মায়ের স্বাস্থ্য ভালো , একটু মোটা মানুষ । তার দুই পা ই অনেকটা ফোলা । ডাক্তার বলেছেন থাইরয়েডের প্রব্লেম আর মা রেগুলার থাইরক্স ঔষধ সেবন করতেছে । কিন্তু গত ২ / ৩ দিন যাবত পায়ের হাটুতে আর হাটুর পেছনের দিকে পায়ের ভাজ থেকে নিচের দিক পর্যন্ত পেশীতে ব্যাথা হচ্ছে । পা সোজা করতে মনে হচ্ছে টান লাগতেছে আর খুব ব্যাথা হচ্ছে । হাটতে প্রব্লেম হচ্ছে খুব । এখন এই অবস্থায় কি করা যায় যদি এডভাইস দিতেন । ধন্যবাদ ।",স্বাস্থ্য ভালো । দুই পা ফোলা । থাইরয়েডের জন্য থাইরক্স সেবন করেন । ২ / ৩ দিন হলো পায়ের হাটু ও হাটুর পেছনের দিকে পায়ের ভাঁজ থেকে নিচের দিক পর্যন্ত পেশিতে ব্যাথা । পা সোজা করলে টান লাগে ও ব্যাথা করে । হাটতে পারছে না । কি করনীয় ?,স্বাস্থ্য ভালো। দুই পা ফোলা নেই। থাইরয়েডের জন্য থাইরক্স সেবন করেন না। ২ / ৩ দিন হলো পায়ের হাটু ও হাটুর সামনের দিকে পায়ের ভাঁজ থেকে নিচের দিক পর্যন্ত পেশিতে ব্যাথা নেই। পা সোজা করলে আরাম লাগে। হাটতে সমস্যা হচ্ছে না। কি করনীয়?
13346::Intrinsic,13346,Intrinsic,আমার মাথায় অনের চুল্কায় এবং চুল্কানির পর মাথা থেকে আটা আটা পানি বের হয় । প্রতিদিন রাতে মাতায় অনেক চুল্কায় পরে পানি দিয়ে দুইলে মাথা কিছুটা টান্ডা হয় । এবং চুল্কানির সাথে অনেক চুল পড়ে আমি কি করব । করোনা ভাইরাসের জন্য ভাল ডাক্তার দেকাতে পারতেছি না । কুস্কির মত মাথা থেকে অনেক সাধা সাধা খাল বের হয়ে আশে । অনেক সমস্যা করতেছে মাথায়,মাথা চুলকায় ও চুলকানোর পরে আঠার মতো পানি বের হয় । চুল পড়ে । মাথা থেকে খুশকির মতো সাদা খোল বের হয় ।,"মাথায় তীব্র চুলকানি, বিশেষ করে রাতে বেশি হয়। চুলকানোর পর মাথা থেকে আঠালো পানি বের হয় এবং অনেক চুল ঝরে। মাথার ত্বকে খুশকির মতো মোটা সাদা খোলস উঠছে।"
25250::Factual Contradiction,25250,Factual Contradiction,"আমার পায়ুপথে এক পাশে ফোঁড়ার মত দেখা দেয় । তারপর আমি ডাক্তার দেখাই , ডাক্তার আমাকে দেখে এটাকে ফিসটুলা রোগ বলে । তারপর ডাক্তার আমাকে তিন তরফা ঔষধ দেয় । সেই ঔষধ আমি খাওয়ার পর মোটামুটি ভাবে সুস্থ হয়ে ওঠি । কিন্তু প্রথম যেই দিক দিয়ে ফোঁড়ার মত মুখ ছিলো সেটা বন্ধ হয়ে যায় । এবং রক্ত এবং পুঁজ পড়াও বন্ধ হয়ে যায় । কিন্তু পায়ুপথের অপর পাশে একটা অংশ ফুলে ছিলো তখন সেইম ফোঁড়ার মত ইদানিং সেই ফোলাটার উপর কিছু অংশ চামড়া ওঠে যায় । পানি পড়ে ও ব্যথা করে দয়া করে পরামর্শ দিবেন । ধন্যবাদ ।","পায়ু পথের এক পাশে ফোড়া , সেটা ভালো হলে অপর পাশে ফোড়া হয় । পানি পরে ব্যথা করে","পায়ুপথের এক পাশের ফোড়া এখনও ভালো হয়নি, রক্ত ও পুঁজ পড়ছে। অপর পাশের ফোলা কমে গেছে, এখন পানি পড়ে না এবং ব্যথাও নেই।"
20973::Non-factual,20973,Non-factual,"আমার মিসেসের ৮ মাস ২৫ দিন প্রেগনেন্সি চলছে । তার ব্লাডের হিমোগ্লবিন ৮ . ৭ হওয়ায় সে এখন আয়রন ট্যাবলেটের পাশাপাশি আয়রন জাতীয় বিভিন্ন খাবার খাচ্ছে । সেই কারনে তার পায়খানা অনেক কষা এবং পায়খানা করতে কষ্ট হচ্ছে । ইনশাআল্লাহ , এখন কি জাতীয় খাবার খেলে সবাই ঠিক থাকবে । পরামর্শ দিলে উপকৃত হতাম ।",৮ মাস ২৫ দিন প্রেগনেন্সি চলছে । ব্লাডের হিমোগ্লবিন ৮ . ৭ । আয়রন ট্যাবলেটের পাশাপাশি আয়রন জাতীয় বিভিন্ন খাবার খাচ্ছে । পায়খানা অনেক কষা এবং পায়খানা করতে কষ্ট হচ্ছে ।,৯ মাস ১০ দিন প্রেগনেন্সি চলছে। ব্লাডের হিমোগ্লবিন ৭.৯। আয়রন ট্যাবলেটের সাথে ক্যালসিয়াম ও আয়রনসমৃদ্ধ খাবার খাচ্ছে। পায়খানা খুব কষা হয়ে গেছে এবং পায়খানা করতে বেশ কষ্ট হচ্ছে।
16203::Non-factual,16203,Non-factual,"হ্যালো । প্রায় ২ / ৩ মাস আগে আমার শরীরে দাদ রোগের সংক্রমণ হয়েছিল । পুরো শরীরে ছড়িয়ে গিয়েছিল । ডাক্তারের পরামর্শে ঔষুধ নেয়ার ফলে ভালো হয় , কিন্তু আমার রানের গোড়ায় কিছুতেই তা যাচ্ছিল না । প্রচুর চুলকানি ছিল । চুলকানোর সময় রক্তাক্ত হয়ে যেত । এরপর আবার চিকিৎসক এর অবগত হলে উনি ঔষধ দেন , ঔষধ খাওয়ার পর ভালো হয়ে যায় । কিন্তু রানের গোড়ায় পুরো চামড়া কুচকুচে কালো হয়ে গেছে , দুর্গন্ধ হয় , পুরো ত্বক একধরনের থকথকে হয়ে গেছে । এখন চুলকানি নেই । এই কালো দাগ থেকে কিভাবে পরিত্রাণ পাব ? আর দুর্গন্ধ প্রতিরোধে কি করব ?",২ / ৩ মাস আগে দাদ হয় যা পুরো শরীরে ছড়িয়ে যায় । রানের গোড়ায় এখনো যাচ্ছে না । চামড়া কালো হয়ে গেছে । দুর্গন্ধ হয় । কালো দাগ থেকে কিভাবে পরিত্রাণ পাবো ? দুর্গন্ধ প্রতিরোধে কি করনীয় ?,"প্রায় ৬ মাস আগে দাদ হয় যা পুরো শরীরে ছড়িয়ে যায়। রানের গোড়ায় এখনো পুরোপুরি সারেনি। চামড়া কুচকুচে কালো ও থকথকে হয়ে গেছে, সঙ্গে দুর্গন্ধ হয়। টার্বিনাফিন খেলেও দাগ যায়নি। কালো দাগ থেকে কিভাবে পরিত্রাণ পাবো? দুর্গন্ধ প্রতিরোধে কি করণীয়"
1961::Non-factual,1961,Non-factual,"আসসালামুয়ালাইকুম । আমার সমস্যা হচ্ছে নাকের এলার্জি । নাকের এলার্জির সমস্যা প্রায় ৪ - ৫ বছর হবে । আমি অনেক ডাক্তার কাছে চিকিৎসা করেছি কিন্তুু কোনো পরিবর্তন হয় নাই । আমার নাকের ভিতরে থেকে শুরু করে গলায় চুলকায় । নাকের ভিতরে জ্বলে । অনেক হাচিঁ হয় । নাকের স্প্রে দিলে ভালো লাগে কিন্তুু বন্ধ করে দিলে আবার শুরু হয় । নাকের দুই পাশে লাল হয়ে যায় , চোখ দিয়ে পানি পড়ে আর চোখ লাল হয়ে যায় ।",৪ - ৫ বছর হলো নাকে এলার্জি । নাকের ভেতর থেকে গলা পর্যন্ত চুলকায় । নাকের ভেতরে জ্বর । হাঁচি হয় ৷ নাকের স্প্রে দিলে ভালো লাগে কিন্তু বন্ধ করলে আবার শুরু হয় । নাকের দুই পাশে লাল হয়ে গেছে । চোখ দিয়ে পানি পড়ে ও চোখ লাল হয়ে গেছে ।,"৬ - ৭ বছর ধরে নাকের এলার্জি। নাকের ভেতর থেকে গলা পর্যন্ত চুলকায়। নাকের ভেতরে জ্বালা ও বারবার হাঁচি হয়। অক্সিমেটাজোলিন স্প্রে দিলে কিছুটা ভালো লাগে, কিন্তু বন্ধ করলেই আবার শুরু হয়। নাকের দুই পাশে লাল হয়ে যায়। চোখ দিয়ে পানি পড়ে ও চোখ লাল হয়ে যায়।"
17312::Intrinsic,17312,Intrinsic,আমার ছেলের বয়স ১০ মাস । এখনো দাত উঠেনাই । কিন্তু নিচের মারির জায়গায় গুলো সাদা সাদা বুঝা যায় । সে রুটির টুকরা চিবিয়ে খায় । অন্য খাবার নরম করে খাওয়াই । দই এর মতো থিকনেস । ফিংার ফুড সে মুখে নেই না । এখনো দাত না উঠা কি চিন্তার কিছু ? ?,বয়স ১০ মাস । এখনো দাত উঠে নাই । কিন্তু নিচের মারির জায়গায় গুলো সাদা সাদা বুঝা যায় ।,"বয়স ১০ মাস। এখনো কোনো দাঁত ওঠেনি, তবে উপরের ও নিচের মাড়িতে সাদা সাদা দাগ দেখা যাচ্ছে। নরম খাবার আর ছোট রুটির টুকরা চিবিয়ে খায়, কিন্তু ফিঙ্গার ফুড একদম নেয় না। দাঁত উঠতে দেরি হওয়া কি উদ্বেগের বিষয়?"
17058::Factual Contradiction,17058,Factual Contradiction,আমার ছেলের বয়স ১৪ বছর । সে দশম শ্রেণীতে পড়ে । তার দুই উরুর মাঝখানে প্রচন্ড চুলকায় এবং গোল গোল লাল দাগ ( দাউদ ) পড়েছে । যাকে চট্রগ্রামের ভাষায় দাউদ বলে । এ ছাড়া ও তার ঠোটের ভিতরের অংশের ঠিক মাঝখান বরাবর সাদা তকতকে ঘা হয়েছে । ঝাল জাতীয় তরিতরকারি খেতে পারছেনা । অনুগ্রহ পুর্বক এ সমস্যা হতে পরিত্রানের উপায় প্রেসক্রাইব করবেন ।,বয়স ১৪ । দুই উরুর মাঝে চুলকায় ও গোল গোল লাল দাউদ হয়েছে । ঠোঁটের মাঝে সাদা ঘা হয়েছে । কি করনীয় ?,"বয়স ১৪। দুই উরুর মাঝে কোনো চুলকানি নেই, তবে গোল গোল লাল দাউদ হয়েছে। ঠোঁটের মাঝের সাদা ঘা নেই। কি করণীয়?"
16050::Intrinsic,16050,Intrinsic,আমার বয়স ৩০ . . . . মাঝে মাঝে আমার পায়খানার রাস্তা ফুলে যা . . . . . আবার একায় ঠিক হয়ে যায় . . . . কিন্তু দু দিন দরে পায়ূপথ হালকা ফুলে গেছে . . . . এবং পায়খানার সাথে হালকা রক্ত বের হয় . . . . . পায় খানা শক্ত . . . . . কোন ঔষদ খয়নি . . . . পরামশ দিলে উপকৃত হতাম . . . . .,"বয়স ৩০ । মাঝে মাঝে পায়খানার রাস্তা ফুলে যায় । কিন্তু দু দিন ধরে পায়ূপথ হালকা ফুলে গেছে , হালকা রক্ত বের হয় , পায় খানা শক্ত ।","বয়স ৩০। অনেকদিন ধরে পায়ুপথে ব্যথাসহ ফোলা থাকে, গত দুদিনে তা বেশি হয়েছে। পায়খানার সময় টাটকা রক্ত বেশি বের হচ্ছে এবং পায়খানা খুব শক্ত, তবে আগে কিছু ওষুধ খেয়েও আরাম হয়নি।"
6072::Factual Contradiction,6072,Factual Contradiction,আমার ডান কুচকিতে ও ডান বিচিতে ব্যথা । গরম হয়ে ওঠে । মনে হচ্ছে বাড়ি কিছু বহন করলে বারে । বিশেষ করে দুই বছরের ছেলেকে কোলে নিলে বারে । আজ ব্যথা হলে জানালাতে পা ঠেকিয়ে উপরে তুলে রাখলাম কিছুটা কমল । আমার বয়স ৩৭ ব্যথা কালে ভদ্রে হত কয়েক বছর ধরে । নিয়মিত হচ্ছে মাসখানেক হল ।,ডান কুচকিতে ও ডান বিচিতে ব্যথা । গরম হয়ে ওঠে । বয়স ৩৭ । ব্যথা নিয়মিত হচ্ছে মাসখানেক হল ।,"বাম কুচকিতে ও বাম বিচিতে ব্যথা। ঠান্ডা হয়ে যায়। বয়স ৩৭। ব্যথা নিয়মিত হচ্ছে না, কয়েক বছর ধরেই একই রকম আছে।"
22026::Non-factual,22026,Non-factual,"আসসালামু আলাইকুম । আমার বয়স ২৪ , বিবাহিত । আমার পিসিওস এর সমস্যা আছে । টানা দেড় মাস ব্লিডিং এর পর ডাক্তার দেখিয়ে অর্গাট্রিল নামক পিল খাই । ২১ দিন ১২ ঘন্টা পর পর ১টি করে পিল খেয়েছি । এরপর পিরিয়ড হয় ২৭ ডিসেম্বর থেকে ২ জানুয়ারী পর্যন্ত । এরপর থেকে আর এই পিল খাইনি । ৯ জানুয়ারী থেকে আবার পিরিয়ড হয় ১৫ তারিখ পর্যন্ত । এখন আবার ২০ জানুয়ারীতে পিরিয়ড শুরু হয়েছে । এক্ষেত্রে আমার কি করণীয় প্লিজ জানাবেন ।",বয়স ২৪ । পিসিওসের সমস্যা আছে । দেড় মাস ব্লিডিং হলে অর্গানিল পিল ২১ দিন ১২ ঘন্টা পরপর ১ টি করে খাই । এরপরে পিরিয়ড হয় । ১৫ তারিখ পিরিয়ড শেষ হয়ে আবার ২০ তারিখ শুরু হয়েছে ৷ কি করনীয় ?,বয়স ২৪। পিসিওএসের সমস্যা আছে। প্রায় দুই মাস ব্লিডিং হওয়ায় অর্গাট্রিল পিল ১৪ দিন ৮ ঘণ্টা পরপর ১টি করে খেয়েছি। এরপর পিরিয়ড হয়। ১৮ তারিখে পিরিয়ড শেষ হয়ে আবার ২২ জানুয়ারি শুরু হয়েছে। কি করণীয়?
24048::Non-factual,24048,Non-factual,"আমার স্ত্রীর বয়স ২০ বছর , তার চোখের সমস্যায় ২ . ৫০ পাওয়ারের চশমা পরতে হয় । রেগুলার ওষুধ খেতে হয় না । ইদানিং গত দুইদিন যাবত প্রচুর মাথা ব্যথা , পুরো মাথায় ব্যাথা , কোনো শব্দ শুনতে পারে না , বিরক্তকর লাগে । এমন অবস্থায় কি করণীয় ? এটা কি চোখের সাথে সম্পর্কিত কোনো সমস্যা ? আর কোন বিষয়ের ডাক্তারের পরামর্শ নেয়া উচিত ? কি ধরনের ওষুধ খাওয়া যেতে পারে ?","বয়স ২০ বছর । চোখেরপাওয়ার ২ . ৫ । গত দুইদিন যাবত প্রচুর মাথা ব্যথা , কোনো শব্দ শুনতে পারে না , বিরক্তকর লাগে । কি করণীয় ? এটা কি চোখের সাথে সম্পর্কিত ?","বয়স ২০ বছর। চোখের পাওয়ার ৩.২৫। গত চারদিন ধরে প্রচুর মাথা ব্যথা, পুরো মাথায় ব্যথা, কোনো শব্দ সহ্য করতে পারে না, খুব বিরক্ত লাগে। কি করণীয়? এটা কি চোখের সাথে সম্পর্কিত?"
19911::Intrinsic,19911,Intrinsic,আসসালামু আলাইকুম । আমার ছেলে বাবুর বয়স ২ বছর ৭ মাস । সকাল থাকেই ভিষণ জ্বর ১০২ . ০৪ ডিগ্রী । ১০১ - ১০২ . ৬ এর মধ্যেই ওঠা নামা করছে । ভিষন দুর্বল হয়ে পরেছে । কিছুই ক্ষেতে চাচ্ছে না এমনকি পানিও না । দয়া করে জানাবেন কি করবো ? জ্বর বেশি থাকলেও কি ভেজা কাপড় দিয়ে গা মুছিয়ে দেয়া যাবে কি না ? ধন্যবাদ ।,বয়স ২ বছর ৭ মাস । জ্বর ১০২ - ০৪ ডিগ্রী । দুর্বল হয়ে পরেছে । কিছুই খেতে চাচ্ছে না ।,"বয়স ২ বছর ৭ মাস। সকাল থেকে ১০৩ ডিগ্রির কাছাকাছি জ্বর, বারবার ওঠানামা করছে। খুব দুর্বল হয়ে গেছে, কিছুই খেতে বা দুধ-পানি নিতে চাচ্ছে না।"
2538::Non-factual,2538,Non-factual,আমি দেশের বাইরে আছি । আমার ছোট ভাই গত কাল রাতে 2 তালা থাকে পড়ে মেরুদণ্ড হাড়ও ভেঙে গেছে । ডাক্তার আমাকে জিজ্ঞাসা করতেছে । তার প্লাসটার করাবো নাকি ইসটীলের পাত ইসকুরো লাগিয়ে দিতে । এ ব্যাপারে যদি ভালো পরামর্শ দিতে পারেন । ধন্যবাদ । তার বয়স 24 বর্তমানে বাহারাইন আছে,২তলা থেকে পড়ে মেরুদন্ড ভেঙে গেছে । বয়স ২৪ । কি করবো,৩তলা থেকে পড়ে মেরুদণ্ডের হাড় ভেঙে গেছে। বয়স ২৬। ডাক্তার ঢাকা মেডিকেলে স্টিলের প্লেট লাগানোর কথা বলেছে। কি করবো
24610::Non-factual,24610,Non-factual,ইমার্জেন্সি পিল পিউলি কয়েকবার খেয়েছি । গত মাসে নোরিক্স পিলটি খেয়েছি । একবার মাসিক হওয়া সত্ত্বেও পিল খাওয়ার এক সপ্তাহের মধ্যে আবার মাসিক শুরু হয় । গত মাসের ২৬ তারিখ মাসিক হয় । আমার মাসিক এর সাইকেল ২৮ থেকে ৩০ দিনের । এই মাসে এখনো পিরিয়ড হয়নি । এটা কি পিল খাওয়ার ইফেক্ট ? প্রেগন্যান্সি টেস্ট করে নেগিটিভ এসেছে রেজাল্ট,ইমারজেন্সি পিল খেয়েছি । একবার মাসিক সত্বেও খাওয়ার এক মাসের মধ্যে আবার মাসিক শুরু হয় । এই মাসে এখনো পিরিয়ড হয়নি । প্রেগনেন্সি টেস্ট নেগেটিভ,ইমার্জেন্সি পিল পিউলি ও নোরিক্স খেয়েছি। একবার মাসিক হওয়ার পর পিল খাওয়ার ১০ দিনের মধ্যে আবার মাসিক শুরু হয়। গত মাসের ২৮ তারিখ মাসিক হয়েছিল। এই মাসে এখনো পিরিয়ড হয়নি। প্রেগন্যান্সি টেস্ট নেগেটিভ এসেছে।
20304::Factual Contradiction,20304,Factual Contradiction,স্যার আমি ভালো খাবার খেয়েও শরীরের এনার্জি কম পায়ছিআর মাঝে মাঝে শরীর কাপে মনে হয় । স্যার আমি বিবাহিতা সপ্তাহে দুই থেকে একবার সহবাস করা হয় তাতে ক্লান্ত বোধ করি । 2 / 3 মিনিটে দীর্ঘস্থায়ী আমার ওজন ৬৯ কেজি এ সমস্যাটি প্রায় দুই বছর যাবত এখন স্যার আমি কি করতে পারি ?,"ভাল খাবার খেয়েও শরীর দুর্বল , মাঝে মাঝে কাঁপে , বিবাহিতা , সপ্তাহে এক দুইবার সহবাস করেও ক্লান্ত বোধ করেন , ২ ৩ মিনিট স্থায়ি হয় । সমস্যা প্রায় ২ বছর । ওজন ৬৯ কেজি ।","ভাল খাবার খেয়েও শরীরের এনার্জি বেশি থাকে, মাঝে মাঝে শরীর কাঁপে না, অবিবাহিতা, সপ্তাহে এক দুইবার সহবাসের পরও ক্লান্ত বোধ করেন না, ২ ৩ মিনিটের বেশি স্থায়ী হয়। সমস্যা প্রায় ২ বছর। ওজন ৬৯ কেজি।"
2238::Intrinsic,2238,Intrinsic,"আসসালামু আলাইকুম , স্যার আমার আম্মুর বয়স 52 / 55 বছর । ওনার সুধু পুরো শরীর ঘামায় , ঘুম থেকে জাগ্রত হওয়ার পর বেশি ঘামায় । আর শরীরের এক পাশ ঝিমঝিম করে , ওনার ডয়োবেটিক আর প্রেসার ও আছে এতে ষ্টোক করার লক্ষণ আছে কি ? খুব টেনশনে আছি , এখন ওনাকে কোন বিশেষজ্ঞ ডাক্তার দেখানো উচিত ? আপনার মূল্যবান মতামত দিয়ে উপকৃত করবেন ।","বয়স ৫২ - ৫৫ বছর । পুরো শরীর ঘামায় , ঘুম থেকে জাগ্রত হওয়ার পর বেশি ঘামায় । শরীরের এক পাশ ঝিমঝিম করে , ডয়োবেটিক , প্রেসার ও আছে ।","বয়স ৫২–৫৫ বছর। কয়েক মাস ধরে অতিরিক্ত ঘাম হচ্ছে, বিশেষ করে রাতে ঘুম ভাঙার পর। শরীরের ডান পাশ বেশি ঝিমঝিম করে। ডায়াবেটিস ও উচ্চ রক্তচাপ আছে, তাই স্ট্রোকের শুরুর লক্ষণ হতে পারে বলে দুশ্চিন্তা।"
7312::Intrinsic,7312,Intrinsic,"পারিবারিক ভাবে ছোট থেকে অসুস্থ পরিবেশে বড় হয়েছি আমি . . বাবা মার ঝগড়া . বিচ্ছেদ . . বাবার কড়া শাসন , চিত্তবিনোদন এর অভাব . . এসব আমাকে মানসিক চাপে ও হতাশায় ফেলেছে সবসময় . . আমার অনেকদিন ধরেই বুক ধরফর করে . . ও মাথার পেছন দিক ব্যাথা করে . . কোনো কিছু নিয়ে সামান্য উত্তেজিত হলেই বুক ধরফর বাড়ে . . মাথার পেছন দিকের ব্যাথা বাড়ে . . এটা কি হৃদরোগ নাকি অন্য সমস্যা ? আমার করণীয় কি ?",ছোটো থেকে পারিবারিক অশান্তির মধ্যে বড় হয়েছি । মানসিক চাপ ও হতাশা এর সাথে সামান্য উত্তেজিত হলেই বুক ধড়ফড় ও মাথার পিছন দিকে ব্যাথা করে । করণীয় কি ?,"ছোটো থেকে পারিবারিক অশান্তি ও বিচ্ছেদের মধ্যে বড় হয়েছি। দীর্ঘদিনের মানসিক চাপের সাথে এখন সামান্য উত্তেজিত হলেই বুক ধড়ফড়, শ্বাসকষ্ট ও মাথার দুই পাশেই ব্যথা বাড়ে। এটা হৃদরোগের লক্ষণ কি না, করণীয় কী?"
7312::Factual Contradiction,7312,Factual Contradiction,"পারিবারিক ভাবে ছোট থেকে অসুস্থ পরিবেশে বড় হয়েছি আমি . . বাবা মার ঝগড়া . বিচ্ছেদ . . বাবার কড়া শাসন , চিত্তবিনোদন এর অভাব . . এসব আমাকে মানসিক চাপে ও হতাশায় ফেলেছে সবসময় . . আমার অনেকদিন ধরেই বুক ধরফর করে . . ও মাথার পেছন দিক ব্যাথা করে . . কোনো কিছু নিয়ে সামান্য উত্তেজিত হলেই বুক ধরফর বাড়ে . . মাথার পেছন দিকের ব্যাথা বাড়ে . . এটা কি হৃদরোগ নাকি অন্য সমস্যা ? আমার করণীয় কি ?",ছোটো থেকে পারিবারিক অশান্তির মধ্যে বড় হয়েছি । মানসিক চাপ ও হতাশা এর সাথে সামান্য উত্তেজিত হলেই বুক ধড়ফড় ও মাথার পিছন দিকে ব্যাথা করে । করণীয় কি ?,"ছোটো থেকে শান্ত পারিবারিক পরিবেশে বড় হয়েছি। মানসিক চাপ বা হতাশা নেই, তবে সামান্য উত্তেজিত হলেই বুক ধড়ফড় কমে যায় এবং মাথার পিছনের ব্যথাও থাকে না। এটি হৃদরোগ কিনা ও করণীয় কি জানতে চান।"
5210::Intrinsic,5210,Intrinsic,হ্যালো স্যার আমার যখন প্রথম সন্তান হয়েছিল তখন আমার স্বাভাবিক কোনো ব্যথা ছিল না কিন্তু এখন দ্বিতীয় সন্তান এখন আমার পেটে এক মাসের গর্ভবতী আমি কিন্তু তলপেটে ব্যথা করে হালকা হালকা পোনা 10 দিন যাবত ছেড়ে ছেড়ে ব্যথা করে ব্যথা করে আবার থেমে যায় আবার ব্যথা করে এটা কি সমস্যা দয়া করে জানাবেন,"দ্বিতীয় সন্তান পেটে । এক মাসের গর্ভবতী কিন্তু তলপেটে ব্যথা করে । 10 দিন যাবত । ছেড়ে ছেড়ে ব্যথা , আবার থেমে যায়","দ্বিতীয় সন্তান, প্রায় দুই মাসের গর্ভাবস্থা। তলপেটের দুই পাশে হালকা টানধরার মতো ব্যথা হচ্ছে প্রায় দুই সপ্তাহ ধরে। ব্যথা কিছুক্ষণ পরপর বাড়ে আবার কমে যায়।"
4918::Non-factual,4918,Non-factual,"আসসালামুয়ালাইকুম । আমার এক আত্মীয় বয়স ৪৫ বছর , ডায়াবেটিস রোগী পাঁচ বছর । ইদানিং উনার শরীরে চুলকানির পরিমাণ বেড়ে যায় , অনেক সময় চোখ , মুখ , ঠোট ফুলে যাচ্ছে । রাত্রে চুলকানির মাত্রা বেড়ে যাচ্ছে । চট্টগ্রামের মেডিসিন বিশেষজ্ঞ ও এলার্জি বিশেষজ্ঞ সাথে পরামর্শ করে ওষুধ খাওয়া হয়েছে কিন্তু কোন উন্নতি দেখতে পাচ্ছি না । এখন উনি হোমিওপ্যাথিক খাচ্ছে এবং মাত্রাটা অনেক বেশি বেড়ে গিয়েছে । এ ব্যাপারে আমি আপনার পরামর্শ চাচ্ছি কি করলে এই চুলকানি থেকে রেহাই পাওয়া যাবে । উনার কি কোন রক্ত পরীক্ষা করতে হবে ?","বয়স ৪৫ , ডায়াবেটিস রোগী ৫ বছর । শরীরে চুলকানি , চোখ , মুখ , ঠোট ফুলে যাচ্ছে । রাত্রে চুলকানির মাত্রা বাড়ে ।","বয়স ৪৫, ডায়াবেটিস রোগী ৭ বছর। শরীরে তীব্র চুলকানি, চোখ, মুখ, ঠোঁট ফুলে যাচ্ছে। রাত্রে চুলকানির মাত্রা বেশি বাড়ে, বিশেষ করে হাত-পায়ে।"
1830::Factual Contradiction,1830,Factual Contradiction,আমার মেয়ের বয়স দশ মাস ক্লাস । আমার মেয়েকে এখন পর্যন্ত কোন কৃমির ওষুধ খাওয়ায় নাই । যে খাবারে অমনোযোগী । কোন খাবার ঠিকমত খেতে চায় না । । এখন পর্যন্ত তাকে কোন কৃমির ওষুধ খাওয়ানো হয়না আমি কি ওকে কোন কৃমির ওষুধ খাওয়াবো । খাওয়ালে কি । ঔষধ খাওয়াবো,বয়স ১০ মাস । খাবার খেতে চায় না । তাকে কি কৃমির ওষুধ খাওয়াবো ? কি ওষুধ দেব ?,বয়স ১০ মাস। খাবার ঠিকমতো খায়। তাকে ইতোমধ্যে কৃমির ওষুধ খাওয়ানো হয়েছে। এখন আবার কি কৃমির ওষুধ দেব জানতে চান।
21834::Intrinsic,21834,Intrinsic,"আমাদের আরং অফিসের একজন কলিগ গতকাল তার এক রিলাটিভকে এক ব্যাগ ব্লাড দিয়েছেন । রক্তের গ্রুপ ও পজিটিভ । তিনি তার জীবনে প্রথমবার ব্লাড দিয়েছেন । তার ৩৩ বছর । বিবাহিত । আজ সকালে তার হাতের যেই স্থান হতে ব্লাড নেয়া হয়েছে সেখানে ৩ ইঞ্চি পরিমাণ জায়গা নিয়ে কালো হয়ে গিয়েছে । অল্প ব্যাথা আছে । জানতে চাচ্ছি , কালো হয়ে যাওয়ার কারণ কি ? এবং করণীয় কি ? ছবি সংযুক্ত করা গেলে ভালো হতো ।",রক্তের গ্রুপ ও পজিটিভ । জীবনে প্রথমবার ব্লাড দিয়েছেন । ৩৩ বছর । বিবাহিত । হাতের যেই স্থান হতে ব্লাড নেয়া হয়েছে সেখানে ৩ ইঞ্চি পরিমাণ কালো হয়ে গিয়েছে । অল্প ব্যাথা আছে ।,রক্তের গ্রুপ ও পজিটিভ। প্রথমবার রক্ত দেওয়ার পর ৩৩ বছর বয়সী ওই ব্যক্তির হাতে যেখান থেকে রক্ত নেওয়া হয়েছে সেখানে প্রায় ৫ ইঞ্চি জায়গা ফুলে কালচে হয়ে গেছে। বেশ ব্যথা ও জ্বালাপোড়া আছে।
551::Intrinsic,551,Intrinsic,"আমার কোমড় এর নিচে অংশে চুলকানি প্রায় ১ মাস , ডাইকট মলম , আর ইবাট্টিন ১০ মিলি , আর লুকান আর ৫০ মিলি , এটা খাইছি ১৫ দিন , কিন্তুু তেমন কাজ করে নাই , এখন শুধু ডাইকট লাগিয়ে যাচ্ছি , বিশেষ করে ঝলুির মধ্যে চুলকায় , তো এখন কি আমি করতে পারি ?","কোমড় এর নিচে অংশে চুলকানি প্রায় ১ মাস , ডাইকট মলম , আর ইবাট্টিন ১০ মিলি , আর লুকান আর ৫০ মিলি খাইছি ১৫ দিন , কিন্তুু তেমন কাজ করে নাই ।","কোমড়ের নিচের অংশে প্রায় ২ মাস ধরে চুলকানি, বিশেষ করে রাতে ও ভাঁজের মধ্যে বেশি। ডাইকট মলম, ইবাট্টিন ১০ মি.লি. আর লুকান আর ৫০ মি.লি. ১০ দিন খেয়েও তেমন উপকার হয়নি।"
26311::Factual Contradiction,26311,Factual Contradiction,আমার আম্মা আজকে ২ দিন যাবত বমি করতাছেন কোন কিছু খেলে পরে ই বমি করেন আর মাথা ঘুরে টিক ঠাইমে পায়খানা ও হয় না একন আমি তাইনরে ভমিটপ টেবলেট আর নিওক্লিজ টেবলেট আর সাথে সারজেল গ্যাসটিকের খাওয়াইচিলাম কিন্তু এখন ও কমে নাই আরও বেশি বমি করতাছেন এখন আমি কি করব কিছু বুঝতে পারতাছি না প্লিজ একটু হেল্প করেন একটু তারা তারি,"২ দিন যাবত বমি । মাথা ঘুরে , পায়খানা হয় না । ভমিটপ আর নিওক্লিজ ট্যাবলেট খেয়ে লাভ হয়নি","২ দিন যাবত বমি নেই। মাথা ঘোরা নেই, বারবার পায়খানা হচ্ছে। ভমিটপ আর নিওক্লিজ ট্যাবলেট খেয়ে উপকার হয়েছে।"
18079::Intrinsic,18079,Intrinsic,"আসসালামু আলাইকুম , অনেক দিন যাবত আমার ঘন ঘন প্রস্রাব হচ্ছে এবং প্রস্রাব করতে গেলে দীর্ঘক্ষণ বসে থাকতে হচ্ছে অল্প অল্প করে প্রস্রাব আসার কারণে । অনেকদিন যাবত সর্দি থেকে রক্ষার জন্য সিদ্ধ পানি পান করতেছি এতে ভালমত তৃষ্ণা ও মেটাতে পারছি না । তাছাড়া , আমার ঘন ঘন বায়ু নির্ঘত হচ্ছে যার কারণে নামাজ এ বারবার ওজু বানাতে হচ্ছে । এগুলো থেকে পরিত্রানের উপায় কি ?","ঘন ঘন প্রসাব হচ্ছে , অল্প করে হচ্ছে দীর্ঘ সময় ধরে । ঘন ঘন বায়ু নির্গত হচ্ছে ।","অনেক মাস ধরে ঘন ঘন প্রস্রাব হচ্ছে, প্রস্রাব খুব কম পরিমাণে ও জ্বালাপোড়া নিয়ে দীর্ঘ সময় ধরে হচ্ছে। সিদ্ধ পানি খেলেও তৃষ্ণা কমছে না। এছাড়া বারবার বায়ু নির্গত হচ্ছে।"
16605::Factual Contradiction,16605,Factual Contradiction,আমি প্রতিদিন প্রায় ৬ / ৭ সিগারেট খাই । খুব বেশি নিয়ে কিছু ভাবলে ১০ / ১২ টা খাই । মনে খুব বেশি দুখ বা কেউ অপমানিত করলে বা কেউ সামান্য একটু খারাপ কথা বললেই এর মাত্রা আরও বেড়ে যায় । আমি ভালো করে জানি সিগারেট খাওয়া সমাধান নয় । কিন্তু নিজেকে নিয়ন্ত্রন করতে পারি না । আমার অন্য কোন নেশা নেই কিন্তু এটা ঠিক বছরে একবার / দুইবার ড্রিংক করি কিন্ত এগুলাতে আমার কোন ইন্টারেস্ট নেই । আমি ভালো একটা জীবন চাই যেখানে আমার থেকে সিগারেট দুরে থাকবে । আমি যেদিন ভাবি পরের দিন থেকে স্মোকিং করব না সেই দিন আর বেশি খাই । সমাধান কি স্যার,প্রতিদিন ৬ - ৭ টা সিগারেট খাওয়া হয় । পরিস্থিতি অনুযায়ী মাত্রা আরো বেড়ে যায় । কিভাবে নিয়ন্ত্রণ করতে পারি ?,"প্রতিদিন ৬ - ৭ টা সিগারেট খাওয়া হয় না, বরং সাধারণত খুব কম খাওয়া হয়। পরিস্থিতি অনুযায়ী মাত্রা কমে যায়। কিভাবে নিয়ন্ত্রণ করতে পারি?"
15576::Factual Contradiction,15576,Factual Contradiction,"আসসালামু আলাইকুম । ইদানিং খুব বেশি অবসাদে ভুগছি । এইটাকে হয়তো ডিপ্রেশন বলা যাবেনা পুরোপুরি । তবে , কিছু ভালো লাগেনা , কাজে মন বসেনা , মেজাজ খিটখিটে থাকে । এমনি সময়ে হাসিখুশি স্বভাবের হলেও মাঝে মাঝে ওভার রিএক্ট করে ফেলি । আরও কিছু তথ্যঃ আমার ব্রেকাপ হয়েছে ৬ - ৭মাস আগে । এখনো পুরোপুরি রিকভার করে উঠতে পারিনি পুরোপুরি বিষয়টি থাকে । আবার , আমি ইউনিভার্সিটি পাল্টাতে চাচ্ছি কিন্তু পরিবার মেনে নিতে চাচ্ছে না । এমতাবস্থায় কি করা যেতে পারে ?",মানসিকভাবে বিপর্যস্ত । কোনো কাজে মন বসে না । কি করনীয় ?,মানসিকভাবে বেশ ভালো আছেন। সব কাজেই মন বসে। কি করনীয়?
15682::Intrinsic,15682,Intrinsic,"স্যার , আমার বয়স ৩০ বছর বয়স । আমার সারা দিন চলাফেরা করতে কোন সমস্যা মনে করিনা কিন্তু সোয়া বা ঘুমানোর ১০ / ১৫ মিনিট পরে পায়ের যেমন হাঁটুর উপর ও নিচে মাংসের মধ্যে ব্যথা করে বা কামরায় তখন পা নাড়াচারা করা লাগে না হলে খুব খারাপ লাগে । স্যার , এ অবস্থায় আমার কি করা উচিত । এ থেকে আমি কি ভাবে মুক্তি পেতে পারবো । আপনার সু পরামর্শ কামনা করছি ।",বয়স ৩০ । শোয়া বা ঘুমানোর ১০ / ১৫ মিনিট পরে পায়ের হাঁটুর উপর ও নিচে মাংসের মধ্যে ব্যাথা করে । কি করনীয় ? কিভাবে মুক্তি পাবো ?,"বয়স ৩০। সারাদিন চলাফেরায় সমস্যা নেই, তবে শোয়ার ২০/২৫ মিনিট পরে দুই পায়ের হাঁটুর আশপাশ ও পেশিতে টানধরার মতো ব্যথা ও কামড়ানি শুরু হয়। কী চিকিৎসা নিলে এ থেকে মুক্তি পাওয়া যাবে?"
15750::Non-factual,15750,Non-factual,"আমার ভাগিনার বয়স ১ বছর , শুনেছি ওর নিউমোনিয়া হয়েছে । ডাক্তারের কাছে চিকিৎসা নিচ্ছে । আমার প্রশ্ন হল বাচ্চাদের নিউমোনিয়া কেন হয় কি কি সতর্কতা অবলম্বন করতে হয় ? অসুস্থ হয়ে গেলে বাচ্চার ডায়েট কি হবে ? ভিটামিন সি হিসেবে মাল্টা খাওয়ানো যাবে কিনা ? খেলে কোন উপকার পাবে কিনা ?","বয়স ১ , নিউমোনিয়া হয়েছে । নিউমোনিয়া কেন হয় কি কি সতর্কতা অবলম্বন করতে হয় ? অসুস্থ হয়ে গেলে বাচ্চার ডায়েট কি হবে ?","বয়স ১ বছর ৩ মাস, ব্রঙ্কোনিউমোনিয়া হয়েছে। নিউমোনিয়া কেন হয়, কী কী সতর্কতা নিতে হয়, অসুস্থ হলে বাচ্চার ডায়েটে কী থাকবে, আর ভিটামিন সি হিসেবে মাল্টা বা সিনাসেট সিরাপ দিলে উপকার হবে কি না?"
2458::Factual Contradiction,2458,Factual Contradiction,কারও যদি কোলেস্টরেল এর পরিমান বেশি থাকে । এবং সে যদি এটরোভাসটিন 40 খায় । তারপর তার কোলেস্টরেল কমে গেল । পরে সে যদি এটরোভাসটিন 10 খায় । তাহলে সেটা কি কাজ করবে । মানি বলছি 40 তো বেশি কাজ করবে কিন্তু 10 যতটুকো কাজ করার কথা সেটা কি করবে । রোগী 40 খাওয়ার জন্য কি 10 এর কার্যকারীতা নষ্ট হয়ে যায় ?,কোলেস্টরেল এর পরিমান বেশি থাকে সে যদি এটরোভাসটিন 40 খায় কোলেস্টরেল কমে গেলে যদি এটরোভাসটিন 10 খায় । তাহলে সেটা কি কাজ করবে ?,"কোলেস্টরেলের পরিমাণ কম ছিল, সে যদি এটরোভাসটিন ১০ খায় পরে কোলেস্টরেল বেড়ে গেলে এটরোভাসটিন ৪০ খায়, তাহলে ১০ কি আর কাজ করবে না?"
25663::Non-factual,25663,Non-factual,আসসালামু আলাইকুম । আমার ছেলে বাচ্চার বয়স ৪ বছর ওজন ১৪ . ৫ কেজি । সকাল থেকে কিছু সময় পর পর পেটে ব্যথা হচ্ছে এবং কয়েকবার বমি হয়েছে । সকালে একবার টয়লেট হয়েছে তবে টয়লেট স্বাভাবিক ছিল । এখন কিছু খেতে চাচ্ছে না বমি ভাব লাগছে । কি করনীয় ?,"বয়স ৪ বছর । ওজন ১৪ . ৫ কেজি । পেটে ব্যথা , বমি হয়েছে । টয়লেট স্বাভাবিক ছিল । কিছু খেতে চাচ্ছে","বয়স ৪ বছর । ওজন ১৫ . ৫ কেজি । সকাল থেকে বারবার পেটে ব্যথা , ৫-৬ বার বমি হয়েছে । টয়লেট পাতলা ছিল । কিছু খেতে চাচ্ছে না , ওআরএস খাওয়ানো হয়েছে ।"
6223::Non-factual,6223,Non-factual,"আসসালামুয়ালাইকুম স্যার , আমার বয়স ১৯ বছর , আমি বর্তমানে ঢাবিতে পড়ালেখা করছি‌‌ । আমার প্রশ্ন হলো , আমি অনেক মোটা আমার ওজন ১০৫ কেজি প্রায় । আমার মেদ বেড়ে গেছে । এখন ওজন কমিয়ে , ভুড়ি কমিয়ে স্লিম হতে কি করবো । প্লিজ কিছু সাজেশন্স দিন ।","বয়স ১৯ বছর , ওজন ১০৫ কেজি প্রায় । মেদ বেড়ে গেছে । ওজন কমিয়ে স্লিম হতে চাই","বয়স ১৯ বছর, ওজন প্রায় ১১২ কেজি। ঢাবির ইকোনমিক্স বিভাগে পড়েন। মেদ ও ভুঁড়ি অনেক বেড়ে গেছে। দ্রুত ওজন কমিয়ে স্লিম হতে চান।"
4004::Intrinsic,4004,Intrinsic,"আমি একজন ছেলে . বয়স 21 । কোন কাজ করতে গেলে আমার হাত কাঁপছে , বা কাজ না করলে ও হাত যদি উপরে আনলে ( চোখের সামনে ) দেখি হালকা কাঁপছে । কোন সেনসিটিভ কাজ করতে গেলে হাত কাঁপছে , হার্টবিট বেড়ে যায় । এ থেকে পরিত্রাণ পাওয়ার উপায় কি ? কোন কোন কাজ করলে কি ধরনের প্রবলেম আর হবেনা ?","বয়স ২১ । কোন সেনসিটিভ কাজ করতে গেলে হাত কাঁপছে , হার্টবিট বেড়ে যায় । এ","বয়স ২১। গত কয়েক মাস ধরে যেকোনো কাজ করতে গেলেই দুই হাত বেশি কাঁপে, বিশেষ করে চোখের সামনে ধরলে বোঝা যায়, সঙ্গে হার্টবিটও অনেক বেড়ে যায়। এ সমস্যা কমানোর উপায় কী?"
7830::Intrinsic,7830,Intrinsic,"আমার জন্মগত জণ্ডিস আছে । কয়েদিন যাবৎ মধ্যে মধ্যে হালকা শ্বাসকষ্ট হচ্ছে আর এলার্জি আছে । ডানপাশে শ্বাসকষ্ট হয় বুক চেপে থাকে মাঝে মাঝে কি করব ? গত কয়েকদিন একটু বেশি খেজুর খেয়েছিলাম আর মধুখেয়েছি , এতে কি সমস্যা হতে পারে । ডাক্তার বলেছিল আয়রন জাতীয় কোন কিছু খাওয়া যাবে না । প্লিজ পরামর্শ দিবেন ।","জন্মগত জন্ডিস আছে । কিছুদিন যাবত হালকা শ্বাসকষ্ট আর এলার্জি আছে । ডানপাশে শ্বাসকষ্ট হয় , ‌ বুকে চেপে থাকে । ডক্টর বলেছেন আয়রন জাতীয় কিছু খাওয়া যাবেনা । কয়েকদিন বেশি খেজুর আর মধু খেয়েছিলাম এতে কি সমস্যা হবে ?","জন্মগত জন্ডিস আছে। প্রায় দুই সপ্তাহ ধরে মাঝেমধ্যে শ্বাসকষ্ট ও এলার্জি বাড়ছে, বিশেষ করে বাম পাশে বুক চাপ লাগে। ডাক্তার রক্তস্বল্পতার জন্য আয়রনজাতীয় খাবার একেবারে বন্ধ রাখতে বলেছেন। গত কয়েকদিন বেশি খেজুর ও মধু খাওয়ার পর থেকেই সমস্যা বেড়েছে, এতে কোনো জটিলতা হয়েছে কি না জানতে চ"
21751::Factual Contradiction,21751,Factual Contradiction,"আমার মায়ের পরিবারের সবার জিনেটিকালি চোখের গ্লোকোমা প্রভলেম । সেইজন্য আমি সনাতন পদ্ধতিতে আমার চোখের প্রেশার পরীক্ষা করাই , রিপোর্ট আসে ডান চোখে - ২০ . ১ মি . মি . আর বাম চোখে ১৮ . ৫ মি . মি । বর্তমানে আমার বয়স ২৪ বছর । আমার প্রশ্ন হচ্ছে , এইটার পরিমাণ কী দিন দিন বৃদ্ধি পাবে ? ? ? এটি দমন করতে বিশেষ কোনো নির্দেশনা কিছু কি ফলো করা লাগবে ? ? ? আর বর্তমান সময়ে আমি কী করতে পারি",বয়স ২৪ । জেনেটিকালি চোখের গ্লোকোমা প্রবলেম । পরীক্ষা করলে চোখের প্রেসার ডান চোখে ২০ . ১ মি . মি ও বাম চোখে ১৮ . ৫ মি . মি । এটা কি দিন দিন বৃদ্ধি পাবে ? কি ওষুধ ?,বয়স ২৪। পরিবারে জেনেটিকালি চোখের গ্লোকোমার সমস্যা নেই। পরীক্ষা করলে চোখের প্রেসার ডান চোখে ১৮.৫ মি.মি ও বাম চোখে ২০.১ মি.মি। এটা কি দিন দিন কমে যাবে? কী ওষুধ?
18045::Non-factual,18045,Non-factual,"আমার যদি কোথাও সামন্য ও কেটে যায় , রক্ত দেখি তাহলে , বাসে করে জার্নির ফলে যে বমি বমি ভাব হয় বা মাথা ঘুড়ে সেম ওই রকম অনুভূতি হয় । এক সময় আস্তে আশটে চোখ বন্ধ হয়ে যায় & আমি অজ্ঞান হয়ে মাটিতে পড়ে যাই । তখনি অজ্ঞান অবস্থায় শরিরে ঝাঁকুনি আসে । ১বা২ মিনিট পর জ্ঞান ফিরে আসে & আস্তে আস্তে স্বাভাবিক হই কিন্তু মাথা ব্যাথা রয়ে যায় । ১৪বা ১৫ বছর বয়সে প্রথম এমনটা হয় । এখন ও মাঝে মাঝে হয় । এক্ষেত্রে আমার করণীয় কি ? ধন্যবাদ ।",১৪ / ১৫ বছর বয়স থেকে রক্ত দেখলে বমি হয় ও অজ্ঞান হয়ে যাই । কি করনীয় ?,"১২ / ১৩ বছর বয়স থেকে রক্ত দেখলে মাথা ঘোরে, বমি বমি লাগে ও মাঝে মাঝে ২–৩ মিনিটের জন্য অজ্ঞান হয়ে যাই। এক্ষেত্রে কী করণীয়?"
23893::Non-factual,23893,Non-factual,"আসসালামু আলাইকুম স্যার । আমি একজন একাদশ শ্রেণীর ছাত্রী । বয়স : ১৭ বছর । গত তিন চারদিন যাবত আমি খাবার খেতে পারছি না । খাবার দেখলেই বমি ভাব হয় , খাবার গিলতে পারি না । মাঝেমাঝেই আমার এমন হয় শরির দুরবল হয়ে যাই । ডক্টর দেখানোর পর অমিডন ১০ মিলি একটা টেবলেট দিয়েছিল এটা খেয়ে কমেছিল । স্যার দয়া করে কিছু ঔষধ সাজেস্ট করেন । ধন্যবাদ ।","বয়স ১৭ । খাবার দেখে বমি হয় , গিলতে পারিনা । ডক্টর অমিডন ১০ দিয়েছে । আর কি করবো","বয়স ১৭। এক সপ্তাহ ধরে খাবার দেখলেই বমি ভাব হয়, গিলতে পারে না। ডক্টর অমিডন ২০ আর ওমিপ্রাজল দিয়েছে। আর কী করবো।"
5609::Non-factual,5609,Non-factual,"আমার ৫ - ৬ যাবত জর , পাতলা পায়খানা , কাশি । জর আগে ১০১ / ১০০ ডিগ্রি ছিলো । কিন্তু গত ২ দিন যাবত ১০২ / ১০৩ ডিগ্রি হয়ে গেছে । প্যারাসিটামল ৫০০ এম . জি পরে ১০০০ এম . জি খাইছি । ঔষধ খাইলে জর কম কিছু খন পরে আবার জর আগের মতো হয়ে যায় । এখন আমি কি করবো ? ?","আমার ৫ - ৬ যাবত জ্বর , পাতলা পায়খানা , কাশি । জ্বর আগে ১০১ / ১০০ ছিলো , ২ দিন যাবত ১০২ / ১০৩ ডিগ্রি হয়ে গেছে । প্যারাসিটামল ৫০০ এম . জি পরে ১০০০ এম . জি খাইছি । ঔষধ খাইলে কিছু কমে আবার আসে ।","আমার ৭ - ৮ দিন যাবত জ্বর, পাতলা পায়খানা, কাশি। জ্বর আগে ১০০ / ১০১ ছিল, গত ৩ দিন ধরে ১০৩ / ১০৪ ডিগ্রি হচ্ছে। প্যারাসিটামল ৫০০ এম.জি পরে ৬৫০ এম.জি ও অ্যাজিথ্রোমাইসিন খেয়েছি। ঔষধ খেলে কিছুক্ষণ কম"
7104::Factual Contradiction,7104,Factual Contradiction,"আমার ওয়াইফ দুইমাস গত প্রেগনেট হয়েছে , গতকাল একবার আজ তিনবার বমি করেছে । । কোন কিছু খেতে তার ভাল লাগেনা & অসস্থিবোধ করে । এই অবস্থায় বমি বন্ধ করার জন্য কি করনীয় এবং খাওয়া দাওয়ার রুচির জন্য কি করনীয় জানাবেন । আমি এমন এক গ্রামে বসবাস করি যেখান থেকে কোন হাসপাতাল যাওয়ার গাড়ি রাস্তা নেই নদী পার হয়ে তারপর যেতে তাই অনলাইন পরামর্শ চাচ্ছি ।","২ মাস যাবত প্রেগন্যান্ট মহিলা দিনে এক থেকে তিনবার বমি করছে , খাবারে অরুচি ও অস্থিরতাবোধ করছে । বমি বন্ধ করার জন্যে কি ওষুধ খেতে হবে ?","২ মাসের প্রেগন্যান্ট মহিলা বমি করছে না, বরং খাবার ভালো লাগছে ও অস্থিরতাবোধও নেই। বমি বন্ধের ওষুধের বদলে খাওয়ার রুচি কমে যাওয়ার কারণ জানতে চাওয়া হয়েছে।"
13785::Non-factual,13785,Non-factual,আসসালামু আলাইকুম ডাক্তার সাহেব আমি রাজ মিস্ত্রি কাজ করার সময় আমার শরিরে দেখি কয়েক জায়গায় ফুলে গেছে এখন হইতো কোন ছোট পোকামাকড় হতে পারে কামড় দিয়েছে এখন আমার সারা শরিরে কোন শক্তি পাইতেছি না বসলে উঠা কস্ট হয় উঠলে বসা কস্ট হয় শরিরে একদম শক্তি পাচ্ছি না শরির অনেক দূর্বল হয়ে গেছে এখন আমি কি করতে পারি ৩২,শরীর ফুলে গেছে ৷ পোকামাকড়ের কামড় হতে পারে । শরীরে কোনো শক্তি নেই । শরীর দুর্বল । কি করনীয় ?,"শরীরের কয়েক জায়গায় ফুলে গেছে, সম্ভবত লাল পিঁপড়ার কামড়। শরীরে একদম শক্তি নেই, বসা-উঠা কষ্ট হচ্ছে। শরীর খুব দুর্বল। কি করণীয়?"
24413::Factual Contradiction,24413,Factual Contradiction,গতকাল সকালে বেশ কয়েকবার পাতলা পায়খানা হয়েছিল খাবার স্যালাইন খেয়েছিলাম ঐদিন সারাদিন আর পায়খানা হয়নি । আজ সকাল থেকেই আবার গতকালের মত বেশ কয়েকবার বাথরুমে গিয়েছি । আর পেটের মধ্যে শব্দ হচ্ছে ডাকছে । এখন কি ওষুধ খাব যদি বলতেন ।,"পেটের ভিতর শব্দ । কাল থেকে পাতলা পায়খানা করে , আজকেও হইসে","পেটের ভিতর শব্দ নেই। কাল থেকে পাতলা পায়খানা বন্ধ ছিল, আজও আর হয়নি।"
7207::Non-factual,7207,Non-factual,আমার আম্মুর শরীরে গুটি গুটি র্্যস উঠেছে এবং প্রচুর চুলকানি হয় । টেটরাসল সিরাপ এবং নারিকেল তেলের সাথে মিশিয়ে আজকে দিয়ে পঞ্চম দিন তার শরীরে দেওয়ার পরে অবস্থার একটু উন্নতি লক্ষ্য করা যাচ্ছে । গুটি গুটি র্্যস গুলো সাদা হয়ে উঠে যাচ্ছে এবং কালো হয়ে যাচ্ছে । এমতাবস্থায় কি ওষুধ খাওয়ানো যেতে পারে ? প্লিজ উত্তরটা জানাবেন । # ধন্যবাদ ।,"মহিলার শরীরে গুটিগুটি রাশ ও প্রচুর চুলকানি , সাদা হয়ে উঠে যাচ্ছে ও কালো হয়ে যাচ্ছে । টেট্রাসল সিরাপ ও নারকেল তেলের সাথে মিশিয়ে একটু উন্নতি দেখা যায় । এ অবস্থায় কি ওষুধ খাওয়ানো যেতে পারে ?","মহিলার শরীরে গুটিগুটি র‍্যাশ ও প্রচুর চুলকানি, প্রায় এক সপ্তাহ ধরে সাদা হয়ে উঠে পরে কালো দাগ হয়ে যাচ্ছে। টেট্রাসল সিরাপের সাথে নারকেল তেল ও ক্যালামাইন লোশন মিশিয়ে কিছুটা উন্নতি দেখা গেছে। এ অবস্থায় কি ওষুধ খাওয়ানো যেতে পারে?"
3237::Factual Contradiction,3237,Factual Contradiction,গতকাল রাত থেকে আমার মাথা প্রচন্ড ভাবে ঘুরতেছে এবং গতকাল রাতে দুই তিন বার বমি হয়েছে আমার প্রেসার সকালে দেখছি 80 / 115 আছে । মাথা বালিশের দিয়া মাত্রই মনে হচ্ছে আমার ঘাট উল্টো হয়ে উপর দিকে যাচ্ছে আমি নিচে আছে এইভাবে প্রচন্ডভাবে মাথা ঘুরতেছে এখনো চক্কর দিচ্ছে মাথা এমন অবস্থায় আমি কি করতে পারি জানালে খুশি হব ।,"মাথা প্রচন্ড ভাবে ঘুরতেছে এবং গতকাল রাতে দুই তিন বার বমি হয়েছে , প্রেসার ৮০ / ১১৫ আছে","মাথা একদম ঘুরছে না, গতকাল রাতে কোনো বমি হয়নি, আর প্রেসার ১১৫ / ৮০ আছে।"
24433::Factual Contradiction,24433,Factual Contradiction,"গত ৫ / ৭ বছর যাবত বেশি আরাম খুজতে গিয়ে বিছানায় বালিশে হেলান দিয়ে বসা হয়েছে বেশি । যার ফলে শরীরের ভর ১২ , ১৩ নম্বর কশেরুকায় বেশি পরেছে । এখন মনে হচ্ছে বেশি আরামে থেকে নাভীর উপরে দুইপাশে ভাজ তৈরি হয়েছে ( বক্ষপিঞ্জরের নিচের হাড়সংলগ্ন এলাকা ) । যার ফলে কোমড়ের উপরের অংশ ( পেটের দুইপাশ ) চিকন হয়ে গিয়েছে । আমার বয়স ১৭ , ওজন ৫৮ কেজির মতো , উচ্চতা প্রায় ৬ফুট । প্রশ্ন হলো বেশি উচ্চতা - কম ওজনের কারণে এমন গর্তাকার ভাঁজ হয়েছে নাকি অসচেতন জীবনযাপনের ফলে ? ভবিষ্যতে কোন সমস্যা হবে কিনা ? আমার করণীয় কী ?",বয়স ১৭ ওজন ৫৮ উচ্চতা প্রায় ৬ ফুট । কোমরের উপর চিকন হয়ে গেছে । বালিশের হেলান দিয়ে বসা হয় বেশি,"বয়স ১৭, ওজন ৫৮, উচ্চতা প্রায় ৬ ফুট। কোমরের উপর অংশ মোটা হয়ে গেছে। বালিশের হেলান দিয়ে বসা একদম হয় না।"
19601::Factual Contradiction,19601,Factual Contradiction,"আমার গাঁ প্রচুর চুলকায় , এর আগে দুই বার ডাক্তার দেখাইছি , যখন ঔষধ খাই তখন ভালো থাকি , তার পর আবার চুলকায় , এখন কি করতে পারি , , আপাতত কিছু একটা বলেন , সারা দিন চুলকায় না , রাতে যখন জামা - কাপড় খুলি তখন চুলকায় , আমি মাকেটে কাজ করি , সারাদিন রোদে থাকতে হয় , ,",গাঁ চুলকায় । রাতে বেশি হয় । কি করনীয় ?,"গাঁ চুলকায় না, দিনে বেশি হয়। কী করণীয়?"
25900::Intrinsic,25900,Intrinsic,"আমি সারাদিন বাড়িতেই থাকি , সপ্তাহে দুই দিন বাড়ির বাইরে বের হই , মাস্টার্স এর ক্লাশের জন্য । সারাদিন বিছানায় থাকি আর ল্যাপটপে কাজ করি শুয়ে - বসে । আর কিছু কারনে বাড়িতে বাবা - মার উপর চরম মাত্রায় বিরক্ত কিন্তু প্রকাশ করি না , নিজের ভেতরেই চেপে রাখি । এখন সমস্যা হল আমার মনেহচ্ছে আমার শরীরে শক্তি কমে গেছে , মাগরিব নামাজের আগে ঘুম চলে আসে । পড়ালেখাতে মনযোগ বসে না । ওজন ৬৭ . ৫ কেজি উচ্চতা ৫ . ৭ "" . এখন শরীরে শক্তির জন্য , পড়ালেখায় মনযোগের জন্য প্রাথমিক ভাবে কি করা যেতে পারে ? অথবা কোন বিশেষজ্ঞ ডাক্তারের কাছে যেতে পারি জানাবেন ।","সারাদিন বাড়িতে , বিছানায় থাকে আর ল্যাপটপে কাজ করে শুয়ে বসে । বিরক্তিভাব নিজের ভেতরেই চেপে রাখে । শরীরে শক্তি কমে গেছে , মাগরিব নামাজের আগে ঘুম চলে আসে । পড়ালেখাতে মনযোগ বসে না । ওজন ৬৭ . ৫ কেজি উচ্চতা ৫ . ৭ "" .","সারাদিন বাড়িতে থেকে বেশিরভাগ সময় বিছানায় শুয়ে ল্যাপটপে কাজ করে। সপ্তাহে একদিন শুধু ক্লাসের জন্য বাইরে যায়। বাবা-মায়ের ওপর রাগ প্রকাশ করে, ফলে মানসিক চাপ বেড়েছে। এখন শরীর খুব দুর্বল লাগে, দুপুরের পর থেকেই ঘুম পায়, পড়াশোনায় একদম মন বসে না। ওজন ৭০ ক"
5210::Non-factual,5210,Non-factual,হ্যালো স্যার আমার যখন প্রথম সন্তান হয়েছিল তখন আমার স্বাভাবিক কোনো ব্যথা ছিল না কিন্তু এখন দ্বিতীয় সন্তান এখন আমার পেটে এক মাসের গর্ভবতী আমি কিন্তু তলপেটে ব্যথা করে হালকা হালকা পোনা 10 দিন যাবত ছেড়ে ছেড়ে ব্যথা করে ব্যথা করে আবার থেমে যায় আবার ব্যথা করে এটা কি সমস্যা দয়া করে জানাবেন,"দ্বিতীয় সন্তান পেটে । এক মাসের গর্ভবতী কিন্তু তলপেটে ব্যথা করে । 10 দিন যাবত । ছেড়ে ছেড়ে ব্যথা , আবার থেমে যায়","দ্বিতীয় সন্তান পেটে। দেড় মাসের গর্ভবতী কিন্তু তলপেটে ব্যথা করে। ১২ দিন যাবত। ছেড়ে ছেড়ে ব্যথা, আবার থেমে যায়।"
6726::Non-factual,6726,Non-factual,"আসসালামু আলাইকুম স্যার ! আমি < NAME > ! আমি বিগত ২০ ধরে গলায় এবং বুকে কফ মতো কিছুটা বেধে আছে অনুভব করতেছি ! কিন্তু সেটা কোন ভাবেই উঠছে না । আবার মনে হচ্ছে গলার মধ্যে চুলাকাচ্ছে মানে তিরবিরে করতেছে । এই একটা জিনিস অসস্থি লাগছে ? এখন আমি কি করবো একটু বলবেন ? আল্লাহ রহমতে ( জ্বর , কাশি , হাচি , সর্দি , গলাব্যাথা ) নাই ।","২০ বছর বয়সী পুরুষ , হাচি কাশি গলাব্যথা সর্দি জ্বর নেই কিন্তু গলায় ও বুকে কফের মত অনুভব হচ্ছে এবং চুলকাচ্ছে । এমতাবস্থায় করণীয় কি ?","২০ বছর বয়সী পুরুষ, প্রায় ১৫ দিন ধরে হাঁচি-কাশি, গলাব্যথা, সর্দি বা জ্বর নেই; তবে গলা ও বুকে কফ জমার মতো অনুভূতি হচ্ছে এবং গলার ভেতর চুলকাচ্ছে। গত সপ্তাহ থেকে মন্টেলুকাস্ট খেয়েও আরাম পাননি। এমতাবস্থায় করণীয় কী?"
14734::Non-factual,14734,Non-factual,"আমার স্ত্রীর ডান‌ ব্রেস্টটি‌ গতকাল থেকে চাকা বেধে ব্যথা করতেছে এবং আমার স্ত্রীর গায়ে একশ জ্বর আছে অন্য কোন উপসর্গ‌ নেই , 15 দিন আগে এই ব্রেষ্টের অন্য সাইট দিয়ে ব্যথা করেছিল তখনও হালকা জর ছিল , নাপা খাওয়ার পরে কমে গেছে । আমাদের এক বছর ২ মাস বয়সী একটা ছেলে আছে সে বুকের দুধ খায় , পরামর্শ চাচ্ছি কি করবো ? ? কাল রাতে নাপা খেয়েছে ।","ডান‌ ব্রেস্টটি‌ গতকাল থেকে চাকা বেধে ব্যথা করতেছে এবং গায়ে একশ জ্বর আছে । ১৫ দিন আগে এই ব্রেষ্টের অন্য সাইট দিয়ে ব্যথা করেছিল তখনও হালকা জর ছিল , নাপা খাওয়ার পরে কমে গেছে । এক বছর ২ মাস বয়সী একটা ছেলে আছে সে বুকের দুধ খায় ।","ডান ব্রেস্টে গত ৩ দিন ধরে চাকা বেঁধে ব্যথা করছে এবং গায়ে ১০১ জ্বর আছে। ১২ দিন আগে একই ব্রেস্টের অন্য পাশে ব্যথা হয়েছিল, তখনও হালকা জ্বর ছিল, নাপা ও সেফিক্সিম খাওয়ার পরে কমে গেছে। ১ বছর ২ মাস বয়সী একটি ছেলে আছে, সে এখনো বুকের দ"
24074::Factual Contradiction,24074,Factual Contradiction,আমার কাল রাত থেকে পাতলা পায়খানা আর বমি বমি ভাব আজ আমি কাছে ফার্মেসি থেকে এই ঔষধ গুলো খাই সেকলো20 ইমিসটেট8 এখন পায়খানা কমছে বমি বমি কমছে কিন্তু এখন আমার শরীর দূর্বলতা ও ঝিম ঝিম লাগে কথাবলার শক্তি নেই এখন আমি কি করবো স্যালাইন ও গলকুজ খেয়েছি,রাত থেকে পাতলা পায়খানা আর বমি বমি ভাব । শরীর দুর্বল ঝিম ঝিম লাগে । সেকলো ২০ ইমিসটেট ৮ খায় ।,গত রাত থেকে কোষ্ঠকাঠিন্য আর বমি নেই। শরীর একদম দুর্বল বা ঝিম ঝিম লাগে না। সেকলো ২০ ও ইমিসটেট ৮ খাননি।
10777::Intrinsic,10777,Intrinsic,"আসসালামু আলাইকুম . . আমি একটা সমস্যায় ভুগছি , অনেকদিন ধরেই । পায়ের তলায় জ্বালাপোড়া করে অনেক , শীতে হালকা জ্বলে , কিন্তু যেদিন গরম বেশি থাকে , ওইদিন বেশি জ্বলে । সারাদিন , রাত জ্বলে । রাতে ঘুমাতে পারিনা , কষ্ট হয় । এই সমস্যা টা আমার আগে ছিলো না , প্রায় ১ বছর ধরেই এমন । জ্বালা করলে নাকি পানি বেশি করে খেলে ভালো হয়ে যায় । কিন্তু আমি তো পানি অনেক ই খাই , প্রতিদিন কমপক্ষে ৫ - ৭ লিটার । এখন এটা থেকে আমি কিভাবে মুক্তি পেতে পারি ? একদম ভালো হবে কি করলে ?",১ বছর হলো পায়ের তলায় জ্বালাপোড়া করে । শীতে হালকা জ্বলে । গরমে বেশি জ্বলে । ঘুমাতে পারি না । কি করনীয় ?,"প্রায় ২ বছর ধরে দুই পায়ের তলায় তীব্র জ্বালাপোড়া হচ্ছে। শীতেও সমান জ্বলে, তবে গরমে ও হাঁটাচলায় আরও বাড়ে। রাতে ব্যথা-জ্বালায় ঘুম ভেঙে যায়। পানি বেশি খেলেও আরাম হয় না। কী চিকিৎসা দরকার?"
11206::Non-factual,11206,Non-factual,"আমার ছেলের বয়স ২৩ মাস । আজকে ১০০ডিগ্ৰী সেলসিয়াস জ্বর উঠেছে সাথে সর্দিকাশি । এমতাবস্থায় কুসুম গরম পানি দিয়ে শরীর ও মাথা মুছিয়ে দিচ্ছি এবং বারবার পানি পান করতে দিচ্ছি । এখন ই কোনো ঔষধ সেবন করাবো ? না কি করবো দয়াকরে সঠিক পরামর্শ প্রদানের জন্য অনুরোধ করছি । এক ই বাড়িতে আমার শশুর , শ্বাশুড়ি , স্ত্রীর জ্বর ছিল । উনারা সেরে উঠেছেন ।",বয়স ২৩ মাস । ১০০° জ্বর সাথে সর্দি কাশি । কোনো ওষুধ কি সেবন করাবো ? বাড়ির অন্য সদস্যের জ্বর ছিল ।,"বয়স ২৩ মাস। ১০১.৮° জ্বরের সাথে সর্দি-কাশি। এখনো নাপা সিরাপ শুরু করা হয়নি, কী ওষুধ দেবেন? বাড়ির অন্য ৩ সদস্যেরও গত সপ্তাহে জ্বর ছিল।"
3563::Factual Contradiction,3563,Factual Contradiction,"আমি বিবাহিতা , একটা সন্তান , ৯ মাস বয়স । সাধারণত আমার মাসিক নিয়মিত হয় , কিন্তু এই মাসে সাধারণ সময় থেকে ১০ দিন পরে হয়েছে । গত ১৫ তারিখ শেষ হয়েছে । কিন্তু গতকাল থেকে আবার মনে হচ্ছে অল্প করে মাসিকের মত আসছে । আজকেও মাসিকের রক্ত আসছে । দয়া করে আমার করনীয় কি তা জানাবেন ।",মাসিক অনিয়মিত হচ্ছে । সন্তান নয় মাস বয়স । এই মাসে ১০ দিন পরে হয়েছে । গতকাল আবার রক্ত আসছে,মাসিক সাধারণত অনিয়মিত হয়। সন্তান ৯ বছর বয়স। এই মাসে নির্ধারিত সময়ের ১০ দিন আগেই হয়েছে। গতকাল থেকে আর কোনো রক্ত আসছে না।
11733::Factual Contradiction,11733,Factual Contradiction,"আমার বয়স ৪৭ বছর । আমি রোজ অবস্থায় গত পরশু১৫ / ০৫ / ২০ তাং সকাল ৯ . ০০ টায় পেটে অনেক গ্যাস অনুভব করি , টয়লেট থেকে ফিরে এসে ঘাটে সুই , কিছু সময় পর হঠাৎ আমার চার পাশ ঘুরতে থাকে আমি ঘট আকড়ে ধরি , এরপর আমার মাথা ঘুরতে থাকে পরে বমি হয় দুবার , স্থানীয় ফার্মেসির ডাঃ আমাকে একটা নরিয়াম , একটা বমির ট্যাবলেট , একটা ঘুমের ট্যাবলেট দেয় , গতকাল ও চোখ খুললে মাথা ঘুরতো , আজ বিকাল থেকে কিছুটা ভাল লাগছে তবে , মোবাইলে লিখতে গিয়ে মাথা ভার লাগছে আমি বর্তমানে বামনা উপজেলা , বরগুনায় অবস্থান করছি , এমতাবস্থায় পরামর্শ প্রার্থী ।","বয়স ৪৭ । গত ১৫ / ০৫ / ২০ সকাল ৯ টায় পেটে গ্যাস হয় । এরপর মাথা ঘুরে ও বমি হয় ২ বার । ফার্মেসীর ডাক্তার নরিয়াম , বমি ও ঘুমের ট্যাবলেট দেয় । গতকাল মাথা ঘুরেছে । আজ বিকাল থেকে ভালো লাগছে কিন্তু হালকা মাথা ভার হয়ে আছে । পরামর্শ চাই ।",বয়স ৪৭। গত ১৫/০৫/২০ সকাল ৯ টায় পেটে গ্যাস না হয়ে পেট একদম স্বাভাবিক ছিল। এরপর মাথা না ঘুরে শরীর স্থির ছিল এবং বমি হয়নি। ফার্মেসীর ডাক্তার কোনো ওষুধ দেননি। গতকালও মাথা ঘোরেনি। আজ বিকাল থেকে খারাপ লাগছে এবং মাথা ভার বেশি হয়েছে।
24437::Intrinsic,24437,Intrinsic,"আমার সর্দি আর অনেক বার হাচি হচ্ছে , চোখ চুলকাচ্ছে , নাখ এর সামনে শুড় শুড় করছে মনে হচ্ছে নাখের সামনে পিপড়া হাটাহাটি করছে । আমি গত সাত দিন ফেক্সো ১২০ খেয়েছিলাম । তারপর দুই দিন না খেতেই আবার শুরু হয়ে গেল । এখন কি নতুন করে ফেক্সোর সাথে কি মোনাস খাওয়া শুরু করব ? নাকি অন্য কিছু খাব ? যদি খাই কত দিন খাওয়া লাগবে ? দয়া করে বলবেন ।","সর্দি আর হাঁচি । চোখ চুলকায় , নাক সুরসুর করে","সর্দি, বারবার হাঁচি, চোখ দিয়ে পানি পড়ে এবং নাকের ভেতর জ্বালাপোড়া করছে; ফেক্সো ১২০ খেলে কিছুদিন কমলেও বন্ধ করতেই আবার বেড়েছে।"
24935::Factual Contradiction,24935,Factual Contradiction,"বয়স ২৫ . আমার জব হচ্ছেনা , বিয়ে হচ্ছেনা । । আমি এমবিএ করেছি ২০২১ সালে । সারাদিন বাসায় থাকি । সবাই বিয়ে , জব নিয়ে কথা শুনায় । আগে অনেক চঞ্চল ছিলাম , এখন কথা বলতে মন চায়না । নিজেকে বোঝা মনে হয় অনেক অসুস্থ হয়ে যাচ্ছি মানসিকভাবে , শারীরিক ভাবে ও । একদম চুপ হয়ে গেছি , এইম খুজে পাচ্ছিনা । কি করবো আমি ? অসয্য লাগে সব কিছু । কোন ফিলিংস কাজ করেনা মাঝে মাঝে ।","বয়স ২৫ . চাকরি , বিয়ে না হওয়ায় মানসিক , শারীরিক ভাবে বিষাদ গ্রস্থ ।",বয়স ২৫। চাকরি ও বিয়ে হয়ে যাওয়ায় মানসিক ও শারীরিকভাবে স্বস্তিতে আছেন।
1998::Non-factual,1998,Non-factual,স্যার আমার মায়ের হাই পেশার আছে উনি প্রতিদিন দুইটা প্রেসার ওষুধ খায় একটা খাঁটি অসার্টিল 50 প্লাস আরেকটা খায় অম্ল কার্ড গ্যাস্টিকের সমস্যা আছে তার জন্য খায় কিন্তু প্রেসারের ওষুধ খাওয়ার পরও হঠাৎ করে প্রেসার বেড়ে যায় তৎক্ষণাৎ কি করা যায় আমার কাছে অস্থিরতা দেখা দেয় কখন তেতুল বা অন্য কিছু কি খাওয়ালে প্রেসার কিছুটা কমে বা উপস্থিত কি করা যায় তুমি একটু পরামর্শ চাই,"হাই পেশার আছে । ডেইলি দুইটা প্রেসার ওষুধ খায় ( অসার্টিল 50 প্লাস , অম্ল কার্ড ) গ্যাস্টিকের সমস্যা আছে । কিন্তু ওষুধ খাওয়ার পরও হঠাৎ প্রেসার বেড়ে যায় ।","হাই পেশার আছে। ডেইলি তিনটা প্রেসার ওষুধ খায় (অসার্টিল ১০০ প্লাস, অম্ল কার্ড, টেলমা ৪০)। গ্যাস্টিকের সমস্যা আছে। কিন্তু ওষুধ খাওয়ার পরও হঠাৎ প্রেসার ১৮০/১১০ পর্যন্ত বেড়ে যায়।"
8106::Intrinsic,8106,Intrinsic,"আমার ছেলের বয়স ১৫ মাস । এমনেতে চটপটে । ইদানিং খাওয়ার সময় একটু বমি বমি ভাব হয় , বমিও হয় । খাবার মুখে নিয়ে বসে থাকে । অনেক সময় নিয়ে খাওয়াতে হয় । খাওয়ার পরিমান ঠিকঠাক । ইদানিং দেখছি একটু দৌড়াদোড়ী করলে একটা শব্দ হয় । অনেকটা নাকডাকার শব্দের মত । রাতে ঘুমের মধ্যেও কিছুটা পাওয়া যাচ্ছে , সব সময় নয় । কাশি বা সর্দী নাই । শব্দ করার সময় বুকে একটা ভাইব্রেট হয় তবে খুবই কম । ফ্রিকোয়েন্ট করে না । এক বন্ধু ডাক্তারের কথা মত ফেনাডিন সিরাপ খাওয়াছি , তেমন কোন পরিবর্তন হচ্ছে না । ঐ ডাক্তার গলার এক্সরে করাতে বলেছে । পরামর্শ","১৫ মাস বয়সী ছেলে । খাওয়ার সময় একটু বমি বমি ভাব হয় , বমিও হয় । খাবার মুখে নিয়ে বসে থাকে । ইদানিং দৌড়াদৌড়ি করার সময় নাকে একটা শব্দ হয় । ঘুমের সময়ও হয় । শব্দ করার সময় বুকে ভাইব্রেট হয় । কি করবো ?","১৫ মাস বয়সী ছেলে। কয়েক সপ্তাহ ধরে খাওয়ার সময় প্রায়ই বমি হয়, খাবার গিলতে দেরি করে। ইদানিং দৌড়াদৌড়ি ও রাতে ঘুমের মধ্যে শ্বাসে নাকডাকার মতো শব্দ হয়, মাঝে মাঝে বুকে টানও লাগে। ফেনাডিনে উপকার নেই। কী করবো?"
16809::Factual Contradiction,16809,Factual Contradiction,"আমি ছেলে । বয়স ২৭ । ওজন ৬০কেজি । উচ্চতা ৫ . ৯ "" গত ১০ দিন পূর্বে কোষ্ঠ্যকাঠিন্য হয়েছিল । তখন টয়লেট শষে ২ / ১ ফোটা ব্লাড দেখা গিয়েছিলে । এর পর আমি আবার ২ - ১ দিন একই রকম টিস্যূ ব্যবহহারের সময় ব্লাড পায় টিস্যূ এর সাথে । এর পর আবার ২ / ৪ দিন ভালো ছিলো । গত ২ / ১ দিনে আবারো সামান্য ব্লাড মলত্যাগের পর টিস্যূ এর সাথে পেয়েছি । পূর্বে আমার প্রতিদিনই বাথরুম এ যাবার পেয়োজন হত । কিন্ত এই ১০ দিনে সেটা আমার ২ থেকে ৩ দিন পরপর যেতে হচ্ছে । গত ২ মাসে আমি ফুড হ্যাভিটে প্রোটিন এর মাত্রা কিছুটা বাড়িয়েছি । সেই কারনে এমন হচ্ছে কিনা বুঝছিনা ।",বয়স ২৭ । ১০ দিন আগে কোষ্ঠকাঠিন্য হলে ব্লাড দেখা দেয় । কি করনীয় ?,বয়স ২৭। ১০ দিন আগে পাতলা পায়খানা হলে ব্লাড দেখা দেয়। কী করণীয়?
7893::Factual Contradiction,7893,Factual Contradiction,আমার মেয়ের বয়স ২০ মাস । কয়েকদিন হতে আমার মেয়ের মাথা ও পায়ের তালু প্রায় গরম থাকে । সর্দি নাই কিন্তু বুকে ঘড়ঘড় শব্দ আছে সামান্য পরিমান । কোন কিছু ভালো করে খেতে চাই না । আমি কি ঔষুধ খাওয়াতে পারবো দয়াকরে জানাবেন । আমার নিজের বাম হাতের কনিষ্ঠ আঙ্গুল মাঝে মধ্যে কয়েকদিন ভালো থাকে আবার ব্যথা হয় । কোন কিছু ধরলে তারপরে ব্যথা শুয়ে আরাম্ভ হয়ে যায় । সকালে ঘুম হতে ওঠার সময় ফুলে থাকে এবং সোজা করলে ব্যথা হয় । আমি কি করতে পারি ?,"২০ মাস বয়সী মেয়ে , মাথা ও পায়ের তালু প্রচুর গরম থাকে , সর্দি নেই কিন্তু ঘড়ঘড় শব্দ হয় । কি ওষুধ খেলে উপশম হবে ? ২ . প্রাপ্তবয়স্ক বাম হাতের কনিষ্ঠ আঙ্গুলে মাঝেমাঝে ব্যথা করে । সকালে ঘুম থেকে উঠার সময় ফুলে যায় ও সোজা করলে ব্যথা হয় ।","২০ মাস বয়সী মেয়ে, মাথা ও পায়ের তালু ঠান্ডা থাকে, সর্দি আছে কিন্তু বুকে কোনো ঘড়ঘড় শব্দ নেই। কি ওষুধ খেলে উপশম হবে? ২. প্রাপ্তবয়স্ক বাম হাতের কনিষ্ঠ আঙুলে সবসময় ব্যথা থাকে না, সকালে ঘুম থেকে উঠার সময় ফোলা থাকে না এবং সোজা করলে আর"
2854::Non-factual,2854,Non-factual,"স্যার , , আমার মায়ের বয়স ৬৫ । আমার মাকে প্রতিটি রাতেই "" বোবা "" ধরে । বোবা কথাটা গ্রামের ভাষায় বলে থাকে । মাকে যখন বোবা ধরে তখন মার স্বাস নিতে অনেক কষ্ট হয় , তার জরে জরে স্বাস নেয়ার কারনে আমদের সকলের ঘুম ভেঙে যায় । যতক্ষণ তাকে কেউ স্পর্শ না করে ততক্ষণ তার এই অবস্থা চলতে থাকে । স্পর্শ করার পর দেখা যায় মার গা ঘেমে পানি পরছে । মাকে জিজ্ঞেসা করলে মা বলে , , কি জেন আমার বুকের উপর বসে তার এতই ওজন যে আমি স্বাস নিতে পারি না , মনে হয় জেন মারা জাই জাই অবস্থা । তার এই অবস্থা আমি প্রায় ২০ বছর ধরে দেখে আস্তেছি । এটাকি কোন রোগ ?",বয়স ৬৫ । প্রতি রাতে বোবা ধরে . শরীর ঘেমে যাই যাই অবস্থা । এরকম ২০ বছর ধরে হয়,"বয়স ৬৫। প্রায় প্রতি রাতে বোবা ধরে, তখন শ্বাস নিতে খুব কষ্ট হয় ও বুকের উপর ভারী কিছু চাপার মতো লাগে। শরীর ঘেমে একেবারে ভিজে যায়। এরকম সমস্যা প্রায় ২৫ বছর ধরে হচ্ছে।"
21404::Intrinsic,21404,Intrinsic,আমার বাবা গত সেপ্টেম্বর মাসে ২৭ তারিখ স্টক করেন । স্টক করার ফলে তার বাম ছাইট কাজ করা বন্দো কোরে দেয় । ডাক্তার দেখানোর পরে তার ডাইবিটিছ - পেসার দরাপরে । তার পরপ ডাক্তার কিছু ঔষধ দেয় । তাতে তার পা ছাড়ে কিন্তু হাত ছাড়তেছে না । ডাইবিটিজ কুমতেছেনা । ডাইবিটিজ সকালে ৭ বা ৮ থাকে বিকেলে ১৬ বা ১৭ থাকে । এর জন্য তাকে কি ঔষধ খাওয়াতে পারি ।,স্ট্রোক করার পর বাম সাইড কাজ করে না । ডায়াবেটিস ও প্রেসার আছে । পা কাজ করলেও হাত কাজ করে না । ডায়াবেটিস সকালে ৭ বা ৮ ও বিকাল্র ১৬ বা ১৭ । কি ওষুধ খাওয়াবো ?,স্ট্রোকের পর ডান পাশ অবশ হয়ে গেছে। ডায়াবেটিস ও প্রেসার ধরা পড়েছে। পা কিছুটা ভালো হলেও হাত-পা দুটোই ঠিকমতো কাজ করছে না। ডায়াবেটিস সকালে ১০ বা ১১ আর বিকেলে ১৪ বা ১৫ থাকে। কী ওষুধ দেওয়া যাবে?
3047::Non-factual,3047,Non-factual,আমার কোন কারন ছারাই ভয় করে . . . সব সময় মনে দু : চিন্তা কাজ করে যার কোন কারন থাকে না . . . . আমি নিজে নিজে দু : চিন্তা কাটানোর চেষ্ঠা করি কিন্তু পারি না . . . . আমার ঘুম ভালো হয় . . . . আমি ডাক্তের পরামশ নিয়েছে কিন্তু কোন কাজ হয়নি তারা শুধু ঘুমের ঔষদ দেয় . . . . অনুগ্রহ পূবক সঠিক পরামর্শ দিলে খুব উপকৃত হবো . . . .,কোন কারণ ছাড়া ভয় এবং দুশ্চিন্তা কাজ করে । ভালো ঘুম হয় । ডাক্তার ঘুমের ওষুধ দেয় এতে কোন কাজ হয়নি,"কোন কারণ ছাড়াই ভয় ও দুশ্চিন্তা হয় প্রায় ৬ মাস ধরে। ঘুম ভালো হলেও ডাক্তার ক্লোনাজেপাম ও ঘুমের ওষুধ দিয়েছেন, তাতে কোনো উপকার হয়নি।"
23992::Factual Contradiction,23992,Factual Contradiction,"আসসালামু আলাইকুম । আমার বয়স ৩৫ বছর ওজন ৬৩ কেজি । গত দুই দিন ধরে তাপমাত্রা ৯৮ "" থেকে ৯৯ ' "" এর বেশি হচ্ছে না । মাথা ব্যথা এবং চোখে ব্যথা করছে । সবচেয়ে কষ্ট থেকে হচ্ছে শ্বাস কাশ । শ্বাস করতে গেলে কাশি আসছে কিন্তু কফ আসছে না । এই মুহূর্তে কি করা যেতে পারে ? গতকাল রাতে এমকাস্ট - ১০ খেয়েছি তাতেও খুব একটা কাশির উপকার বুঝতেছিনা ।",বয়স ৩৫ ওজন ৬৩ । দুই দিন ধরে তাপমাত্রা ৯৮ থেকে ৯৯ এর বেশি হচ্ছে না । মাথা ও চোখে ব্যথা । শ্বাস করতে গেলে কাশি আসে কিন্তু কফ আসে না । গতকাল রাতে এমকাস্ট ১০ খেয়েছি কাশির উপকার বুঝছি না,"বয়স ৩৫, ওজন ৬৩। দুই দিন ধরে তাপমাত্রা ৯৯ এর ওপরে উঠছে। মাথা ও চোখে ব্যথা নেই। শ্বাস করতে গেলে কাশি আসে না, বরং কফ উঠছে। গতকাল রাতে এমকাস্ট ১০ খেয়ে কাশিতে বেশ উপকার পেয়েছেন।"
6077::Intrinsic,6077,Intrinsic,আমার ডায়াবেটিস ধরা পড়েছে ৪ / ৫ মাস হল ১মাস ওষুধ খাওয়ার পর নিয়ন্ত্রনে এসেছিল পরে আরও ১ মাসের মত ওষুধ খেয়েছি । পরে আর খায়নি । এখন করোনা ভাইরাসের কারনে চেক করতে হাসপাতালে যাচ্ছি না । তাই বর্তমান অবস্থা বুঝতে পারছি না । ব্লাড সুগার নিয়ন্ত্রনে আসার পর আবার বেড়ে গেলে কোন লক্ষন প্রকাশ পায় কি যা থেকে আমরা বুঝতে পারি যে ডায়াবেটিস আবার অনিয়ন্ত্রিত হয়ে গেছে ।,ডায়াবেটিস ধরা পড়েছে ৪ / ৫ মাস হল । ১ মাস ওষুধ খাওয়ার পর নিয়ন্ত্রনে আসে পরে ১ মাসের মত ওষুধ খায় । পরে আর খায়নি । ডায়াবেটিস আবার অনিয়ন্ত্রিত হয়ে গেছে কিনা কিভাবে বুঝবে ?,"ডায়াবেটিস ধরা পড়েছে প্রায় ৬ মাস। টানা ২ মাস ওষুধ খেয়ে সুগার স্বাভাবিক হয়েছিল, তারপর ওষুধ বন্ধ। এখন হাসপাতালে না গিয়ে জানতে চান ডায়াবেটিস আবার বেড়ে গেলে কী কী স্পষ্ট লক্ষণ দেখা দেয়।"
24644::Factual Contradiction,24644,Factual Contradiction,আমার স্ত্রীর বয়স ২৬ । আমাদের ১ বছরের ১ টি বাচ্চা আছে । এখন সমস্যা হচ্ছে আমার স্রীর কনসেপ হয়ে গেছে । পিরিয়ড ডেইট ১৫ দিন ওভার । আমার প্রথম সন্তান সিজারে হয়েছে তাই আমি এখন বাচ্চা নিতে চাচ্ছি না । কি করা যায় যদি একটু সাজেশন দিতেন বেশি ভালো হতো অথবা কি ওষুধ ব্যবহার করতে পারি ।,বয়স ২৬ । ১ বছরের ১ টি বাচ্চা আছে । সমস্যা হচ্ছে নিউ বেবি কনসিভ হয়ে গেছে । পিরিয়ড ডেইট ১৫ দিন ওভার । প্রথম সন্তান সিজারে হয়েছে তাই আমি এখন বাচ্চা নিতে চাই না ।,"বয়স ২৬। ১ বছরের ১টি বাচ্চা আছে। সমস্যা হচ্ছে এখনো নতুন বেবি কনসিভ হয়নি। পিরিয়ড ডেইট ১৫ দিন আগে হয়েছে। প্রথম সন্তান নরমাল ডেলিভারিতে হয়েছে, তাই এখন বাচ্চা নিতে চাই না।"
14825::Non-factual,14825,Non-factual,"ডাক্তার ভাই আমার বয়স ৩৭ , আমার সমস্যা আমার মাথার পিছনের বাম দিকের তালুতে একটা গোটার মতো হয়েছে , ছয় মাস যাবত আমি হোমিও ঔষধ খাচ্ছি কাজ হচ্ছে না , হোমিও ডাক্তার বলেছে আচিঁল হয়েছে , হোমিও ঔষধ খাওয়াতে গোটা টা পেঁকে ব্যাথা হয়েছিল কিন্তুু পুজ বের হয়নি সামান্ন রক্ত বের হয়েছে । তবে গোটা টা আগের মতোই আছে এখন আমি কি ঔষধ খাবো জানালে উপকৃত হতাম ।",বয়স ৩৭ । মাথার পেছনের বাম দিকের তালুতে গোটা হয়েছে । হোমিওপ্যাথিক খাওয়ায় গোটা পেকে ব্যাথা হয়েছে । কি ওষুধ খাবো ?,"বয়স ৩৭। মাথার পেছনের বাম দিকের তালুতে প্রায় ১ সেন্টিমিটার গোটা হয়েছে। ছয় মাস হোমিওপ্যাথিক খেয়ে গোটা পেকে ব্যথা হয়েছে, সামান্য রক্তও বের হয়েছে। এখন কি ওষুধ খাবো?"
19063::Factual Contradiction,19063,Factual Contradiction,"আমি ইদানীং কোন কাজে মন বসাতে পারতেছি না , মনে অন্য চিন্তা আসে এবং আমি কোথাও হারিয়ে যাই । গতকালের একটা ঘটনা , আমি বুথে টাকা তুলতে যেয়ে টাকা তোলার পর টাকা নিয়ে আসতে ই ভুলে গেছি । এমন ভুল আমার ইদানীং প্রায় ই হচ্ছে যা আগে হতো না । শারিরীক ভাবে ও দূর্বল লাগে । সারাক্ষণ যেন একটা মানসিক অস্বস্তি তে থাকি । এমতাবস্থায় আমার কি করা উচিত ? ?",কাজে মন বসে না । শরীর দুর্বল লাগে । মানসিক অস্বস্তি । কি করনীয় ?,কাজে মন ভালোভাবে বসছে। শরীর শক্তি লাগে এবং মানসিক স্বস্তিতে আছেন। কি করনীয়?
25422::Intrinsic,25422,Intrinsic,"আমার বাচ্চার বয়স ৯ মাস । তার ৩ দিন ধরে হালকা জর । গত রাত থেকে তার জর অনেক বেরে যায় , ১০৪ উঠে , সাপোজিটর দেই । আজকে জর কিছুটা কম । তবে , অনেক বমি আর পাতলা পায়খানা করতেছে । কিছু খাচ্ছে না । যাই খায় বমি করে দেয় । কি করা যেতে পারে ?",বয়স নয় মাস । ১০৪ জ্বর তিনদিন ধরে । সাপোজিটরে জ্বর কমলেও বমি ও পাতলা পায়খানা করছে ।,বয়স নয় মাস। ১০৩ জ্বর দুইদিন ধরে। ওষুধে জ্বর কিছুটা কমলেও বারবার বমি করছে এবং ঘন ঘন পাতলা পায়খানা হচ্ছে।
24593::Non-factual,24593,Non-factual,"আমার স্ত্রীর বয়স ২৪ , আমার বিয়ে হয়েছে ৩ বছর , আমি চাকুরি করি ১৫ দিন পরে পরে বাড়ি যাই , আমার স্ত্রীর বিয়ের আগে থেকেই সাদাচ্রাব হয় , ডাক্তার বলেছিলো বিয়ে পরে ভালো হবে বিয়ের তিন বছর হলো এখনো ভালো হয় নাই , আর এখন সাদাচ্রাব সাথে খুব চুলকায় এখন আমার কি করোনিয় ?",বউয়ের বয়স ২৪ । বিয়ে হয়েছে তিন বছর । বিয়ের আগে থেকে সাদাস্রাব হয় । বিয়ের তিন বছর তাও ভালো হয়নি । আর সাথে এখন খুব চুলকায় ।,বউয়ের বয়স ২৬। বিয়ে হয়েছে চার বছর। বিয়ের আগের থেকেই সাদাস্রাব হচ্ছে। এতদিনেও ভালো হয়নি। এখন সাথে খুব চুলকায় ও জ্বালাপোড়া করে।
3134::Factual Contradiction,3134,Factual Contradiction,"আমার ডান কাঁদ এবং হাতের জয়েন্টে বেশ কিছুদিন ধরে ব্যথা করছে যখন ঐ হাত দিয়ে হালকা বা ভারি কিছু তুলতে যাই । ব্যথাটা প্রথম শুরু হয়েছিল , সারারাত একপাশ হয়ে ঘুমিয়ে ছিলাম , সকালে উঠে দেখি হাত নাড়াতেই ব্যথা অনুভব হচ্ছে । এর জন্য আমি কোন ডাক্তার কে দেখাতে হবে কিনা বা কোন ঔষদ নিতে হবে কিনা জানালে উপকৃত হব ।","ডান কাধ , হাতের জইন্ট এ ব্যাথা । ঘুম থেকে উঠে এমন হইসে","বাম কাঁধ ও হাতের জয়েন্টে ব্যথা। অনেকদিন ধরেই ছিল, ঘুম থেকে ওঠার আগে থেকেই এমন হচ্ছে।"
7482::Factual Contradiction,7482,Factual Contradiction,"আসসালামু আলাইকুম । আমার মেয়ের ১১ বছর বয়স । তার দীর্ঘদিন যাবত প্রায় ১ মাস কাশি রয়েছে । কাশি দেওয়ার সময় তার নিঃশ্বাস বন্ধ হয়ে যায় এবং মাঝে মাঝে বমি হয়ে যায় । মাঝে কফ উঠেছিল কিন্তু এখন বন্ধ আছে । তাকে ভেষজ সহ নেলিকফ , ডেক্সপোটেন প্লাস , নাপা খাওয়ানো হয়েছে । দিনে ৭ - ৮ বার কাশি হয় ।","১১ বছর বয়সী মেয়ে , ১ মাস যাবত কাশি , কাশি দিলে নিশ্বাস বন্ধ হয়ে যায় ও বমি করে । আগে কফ ছিল । নেলিকফ , ডেক্সপোটেন প্লাস ও নাপা সেবন করেছে । দিনে ৭ - ৮ বার কাশি হয় । করণীয় কি ?","১১ বছর বয়সী মেয়ে, প্রায় ১ মাস যাবত কাশি নেই বললেই চলে, কাশি দিলে নিঃশ্বাস স্বাভাবিক থাকে এবং বমি হয় না। এখনো কফ উঠছে। নেলিকফ, ডেক্সপোটেন প্লাস ও নাপা খায়নি। দিনে ৭ - ৮ বার কাশি হয়। করণীয় কি?"
24794::Intrinsic,24794,Intrinsic,"আসসালামুআলাইকুম , আমার ভাইয়ের বয়স ৩০ বছর । ওর পায়ে ছোট ছোট ফোড়া হয়েছে , একটা ভালো হয় আবার আরেকটা হচ্ছে প্রায় ৪ / ৫ দিন ধরে । সঠিক পরামর্শ কামনা করছি । আরেকটা সমস্যা , ওর মুখে ঘাঁ হয় একজন চর্ম ও যৌন বিশেষজ্ঞ বিভাগীয় প্রধান তিনি ওরাডেক্সন ট্যাবলেট দিয়েছিলো । আগে ভালোই কাজ করতে এখন আর কাজ করতেছে না । করলেও সময় লাগতেছে অনেক । এখানেও সঠিকর পরামর্শ কামনা করছি । অগ্রিম ধন্যবাদ ।","বয়স ৩০ । পায়ে ছোট ছোট ফোঁড়া হয় , একটা ভালো হলে আর একটা হয় , মুখে ঘা হয়","বয়স ৩০। পায়ে গত ১০–১২ দিন ধরে বারবার ছোট ছোট ফোঁড়া উঠছে, একটি শুকালেই আরেকটি হচ্ছে; সঙ্গে মুখে ঘা হয়, আগে ওরাডেক্সন খেলে দ্রুত কমলেও এখন তেমন কাজ করছে না।"
8342::Non-factual,8342,Non-factual,আমার মাথা ও শরীর হালকা দুলে । মাঝে মধ্যে বসা থাকা অবস্তায় যেন মনে হয় মৃধু ভুমি কম্প হচ্ছে । প্রায় তিন বছরের উপরে এই সমস্যায় ভুগতেছি । ঢাকা ল্যাব এইডে নিওরো মেডিসিন ডাক্তার দেখেছি অনেক ঔষধ খেয়েছি কোন কাজ হয়নি । সিটিস্ক্যান করিছি ডাক্তার বললো কোন সমস্যা নেই । ধরুন সাধারন একটা এনফ্রি ঔষধ খেলে ও উলটো অনেক অস্তিরতা লাগে । আমার ঘুমের জন্য রিভোট্রিল 0 . 5 খেতে হয় . না হয় ঘুমের সমস্যা হয় । এখন কি করা যায় দয়া করে জানাবেন,"গত তিন বছর ধরে বসে থাকা অবস্থায় মাথা ও শরীর দুলে , নিউরো মেডিসিনের ডক্টর দেখানো হয়েছি , ওষুধ খাওয়া হয়েছে , সিটি স্ক্যানে কিছু ধরা পড়েনি কিন্তু কোন সমাধান হয়নি । এ অবস্থায় করণীয় কি ?","গত সাড়ে চার বছর ধরে বসে থাকা অবস্থায় মাথা ও শরীর দুলে, ঢাকা স্কয়ার হাসপাতালে নিউরো মেডিসিনের ডাক্তার দেখানো হয়েছে, অনেক ওষুধ খাওয়া হয়েছে, এমআরআইতেও কিছু ধরা পড়েনি কিন্তু কোনো সমাধান হয়নি। এ অবস্থায় করণীয় কী?"
13900::Non-factual,13900,Non-factual,আসসালামু আলাইকুম স্যার . . . আমার সমস্যা টা হচ্ছে আমার শির দারার একদম নিচের দিকে কোমরের ডান পাশে শির দারার সাথেই প্রচন্ড ব্যথা । । নড়াচড়া করতে পারছি না । আমি কোন আঘাত পাইনি ইদানীং । । নাপা এক্সটেন্ড খাইসিলাম . . গরম পানিও দিচ্ছি কিন্তু ব্যথা সেরে সেরে আবার হচ্ছে . . . এখন আমার করণিয় টা কি স্যার ?,শিড় দাঁড়ার নিচে কোমরের ডানপাশে ব্যাথা । নড়াচড়া করতে পারি না । কোনো আঘাত পাই নি । নাপা এক্সটেন্ড খেয়েছি । ব্যাথা সেরে আবার হচ্ছে । কি করনীয় ?,শিড় দাঁড়ার নিচে কোমরের ডানপাশে ৫ দিন ধরে তীব্র ব্যাথা। নড়াচড়া করতে পারি না। কোনো আঘাত পাইনি। নাপা এক্সটেন্ড ও ভলজেল ব্যবহার করেছি। ব্যাথা কমে আবার হচ্ছে। কি করণীয়?
2688::Intrinsic,2688,Intrinsic,"আমার স্ত্রীর বয়স ৩২ বছর , ওর মাসিক নিয়মিত হয় কিন্তু সমস্যা হচ্ছে মাসিক শুরু হওয়ার পর ৩ / ৪দিনেই ভালো হয়ে যায় । ভালো হওয়ার ১ / ২দিন পর থেকে আবার হাল্কা ১ / ২ ফোটা করে রক্ত পরে এইভাবে ৬ / ৭দিনও চলে যায় এমন কেন হচ্ছে ? ওর শ্বাসকষ্টের সমস্যা আছে এবং রক্তে হিমোগ্লোবিন কম , ওর ওজন বেশি প্রায় ৭০ কেজি","বয়স ৩২ , মাসিক নিয়মিত হয় কিন্তু মাসিকের পর ভালো হওয়ার ১ / ২দিন পর থেকে আবার হাল্কা ১ / ২ ফোটা করে রক্ত পরে ৬ / ৭দিন । শ্বাসকষ্টের সমস্যা আছে , রক্তে হিমোগ্লোবিন কম , ওজন ৭০ কেজি","বয়স ৩২, মাসিক অনিয়মিত এবং ৩/৪ দিন বেশি রক্তপাত হয়, এরপর ২/৩ দিন বন্ধ থেকে আবার হালকা রক্ত যায় প্রায় এক সপ্তাহ। শ্বাসকষ্ট আছে, রক্তে হিমোগ্লোবিন অনেক কম, ওজন প্রায় ৭৫ কেজি।"
11189::Factual Contradiction,11189,Factual Contradiction,"আসসালামু আলাইকুম , গত ১২ তারিখ থেকে আমার শরীর এর বাম পাশে কিডনি / তার আশেপাশে ব্যাথা হচ্ছে , প্রথম দিন ব্যাথা কম ছিল কিন্তু ২য় দিনে ব্যাথা একটু বাড়ে এবং প্রস্রাব করলে মুত্রনালীর মাথায় একটু ব্যাথাও করতো , গতকাল প্রচুর ব্যাথা ছিল স্পর্শ করলেই ব্যাথা করতো এবং ব্যাথা কোমরেও ছিল কিছুটা । আজকে ব্যাথা বেশ কমেছে শুধু প্রস্রাব ধরলে ব্যাথা টা অনুভব হয়েছে , আজকে প্রচুর প্রস্রাব হয়েছে একটু পরপর আর আমিও ঘন্টাখানেক পরপর পানি খেয়েছি , তবুও মনে হচ্ছে কিছু একটা কামড়ে আছে কিডনির আশে পাশে তবে একদম নেই , কি করব আমি এখন ?",গত ১২ তারিখ থেকে শরীরের বাম পাশের কিডনি ও তার আশে পাশে ব্যাথা করে । ১ম দিন ব্যাথা কম ছিল কিন্তু ২য় দিনে ব্যাথা বাড়ে ও প্রস্রাব করলে মূত্রনালির মাথায় ব্যাথা করে । গতকাল প্রচুর ব্যাথা ছিল । কোমরে ব্যাথা ছিল কিছুটা । আজকে ব্যাথা কম কিন্তু প্রস্রাব ধরলে ব্যাথা হয় । আজকে প্রচুর প্রস্রাব হয়েছে । কিডনির আশে পাশে কিছু কামড়ে আছে মনে হচ্ছে । কি করনীয় ?,"গত ১২ তারিখ থেকে শরীরের ডান পাশের কিডনি ও তার আশেপাশে ব্যথা করছে। ১ম দিন ব্যথা বেশি ছিল কিন্তু ২য় দিনে কিছুটা কমে, আর প্রস্রাব করলে মূত্রনালির মাথায় কোনো ব্যথা হতো না। গতকাল ব্যথা তেমন ছিল না। কোমরে ব্যথা ছিল না। আজকে ব্যথা বেড়েছে"
5785::Intrinsic,5785,Intrinsic,"আমি খালি মধু খেলে 2 / 3 ঘন্টা পর পেট ব্যথা করে । সকালে খাওয়ার পর বা আখে খেলে সারাদিন পেট ব্যথা করে । কিন্তু সকালে হালগা গরম লেবু পানি এক গ্লাস খালি পেটে খেলে কিছু হয় না । রাতে শোয়ার আগে দুধ মধু খেলেও কিছু হয় না । প্রশ্ন : খালি মধু খেলে কেন পেট ব্যথা করে ? ( পেট এর মধ্যে নাভির উপরে , পায়খানা ঠিক থাকে , কখনও কম হয় মধু খাওয়ার সময় দিনগুলো , মধু না খেলে পেট ব্যথা হয় না ) বয়স : 24 ছাত্র","খালি মধু খেলে 2 / 3 ঘন্টা পর পেট ব্যথা করে । পায়খানা ঠিক থাকে , বয়স : 24 . ছাত্র","খালি পেটে মধু খেলেই ১–২ ঘণ্টা পর নাভির নিচে পেট ব্যথা শুরু হয়। মাঝে মাঝে পায়খানা পাতলা হয়। বয়স ২৪, ছাত্র।"
25642::Factual Contradiction,25642,Factual Contradiction,"আসসালামু আলাইকুম আমার ৭ / ৮ মাস যাবৎ হিপ জয়েন্ট এর আশপাশে ব্যাথা অনুভূতি হচ্ছে । এটি কখনো বাম পাশে বা ডান পাশে , যে কোন একপাশে মুভ করে । ইদানিং ব্যাথাটা ডান পাশে বেশ যন্ত্রণা দিচ্ছে । এর আগে আমি বিভিন্ন টেস্ট করায় প্রসবে ইউরিক অ্যাসিড ৭ . ২ মাত্রায় ধরা পড়ে । আমি ঔষধ ও খাওয়া নিয়ন্ত্রণের মাধ্যমে সুস্থ ছিলাম । কিন্তু আবার ব্যাথাটা মাঝে মাঝে ফিরে আসছে । এমনকি হাঁচি দিলে হিপ জয়েন্টে অসহ্য ব্যাথা লাগছে । কখনো কখনো পায়ের পাতা অবশ মনে হচ্ছে । আমি এর স্থায়ী সমাধান পাওয়ার আশা করছি । ধন্যবাদ ।",৭ / ৮ মাস যাবৎ হিপ জয়েন্ট এর আশপাশে ব্যাথা অনুভূতি হচ্ছে । এটি যে কোন একপাশে মুভ করে । ইদানিং ব্যাথাটা ডান পাশে বেশ যন্ত্রণা দিচ্ছে । এর আগে টেস্ট করায় প্রসবে ইউরিক অ্যাসিড ৭ . ২ মাত্রায় ধরা পড়ে । হাঁচি দিলে হিপ জয়েন্টে অসহ্য ব্যাথা লাগছে । কখনো কখনো পায়ের পাতা অবশ মনে হচ্ছে ।,"৭ / ৮ মাস যাবৎ হিপ জয়েন্টের আশপাশে ব্যথা অনুভূতি হচ্ছে, তবে এটি সবসময় দুই পাশেই থাকে। ইদানিং ব্যথাটা বাম পাশে বেশি যন্ত্রণা দিচ্ছে। আগে টেস্টে ইউরিক অ্যাসিড স্বাভাবিক পাওয়া গিয়েছিল। হাঁচি দিলে ব্যথা কমে যায়। কখনো কখনো পায়ের পাতা অবশ লাগে না।"
16203::Factual Contradiction,16203,Factual Contradiction,"হ্যালো । প্রায় ২ / ৩ মাস আগে আমার শরীরে দাদ রোগের সংক্রমণ হয়েছিল । পুরো শরীরে ছড়িয়ে গিয়েছিল । ডাক্তারের পরামর্শে ঔষুধ নেয়ার ফলে ভালো হয় , কিন্তু আমার রানের গোড়ায় কিছুতেই তা যাচ্ছিল না । প্রচুর চুলকানি ছিল । চুলকানোর সময় রক্তাক্ত হয়ে যেত । এরপর আবার চিকিৎসক এর অবগত হলে উনি ঔষধ দেন , ঔষধ খাওয়ার পর ভালো হয়ে যায় । কিন্তু রানের গোড়ায় পুরো চামড়া কুচকুচে কালো হয়ে গেছে , দুর্গন্ধ হয় , পুরো ত্বক একধরনের থকথকে হয়ে গেছে । এখন চুলকানি নেই । এই কালো দাগ থেকে কিভাবে পরিত্রাণ পাব ? আর দুর্গন্ধ প্রতিরোধে কি করব ?",২ / ৩ মাস আগে দাদ হয় যা পুরো শরীরে ছড়িয়ে যায় । রানের গোড়ায় এখনো যাচ্ছে না । চামড়া কালো হয়ে গেছে । দুর্গন্ধ হয় । কালো দাগ থেকে কিভাবে পরিত্রাণ পাবো ? দুর্গন্ধ প্রতিরোধে কি করনীয় ?,"২ / ৩ মাস আগে দাদ হয় যা শুধু রানের গোড়াতেই সীমিত ছিল। এখন পুরো শরীরেই তা থেকে গেছে। চামড়া সাদা হয়ে গেছে। কোনো দুর্গন্ধ নেই। কালো দাগ থেকে কিভাবে পরিত্রাণ পাবো, আর দুর্গন্ধ প্রতিরোধে কি করণীয়?"
20973::Factual Contradiction,20973,Factual Contradiction,"আমার মিসেসের ৮ মাস ২৫ দিন প্রেগনেন্সি চলছে । তার ব্লাডের হিমোগ্লবিন ৮ . ৭ হওয়ায় সে এখন আয়রন ট্যাবলেটের পাশাপাশি আয়রন জাতীয় বিভিন্ন খাবার খাচ্ছে । সেই কারনে তার পায়খানা অনেক কষা এবং পায়খানা করতে কষ্ট হচ্ছে । ইনশাআল্লাহ , এখন কি জাতীয় খাবার খেলে সবাই ঠিক থাকবে । পরামর্শ দিলে উপকৃত হতাম ।",৮ মাস ২৫ দিন প্রেগনেন্সি চলছে । ব্লাডের হিমোগ্লবিন ৮ . ৭ । আয়রন ট্যাবলেটের পাশাপাশি আয়রন জাতীয় বিভিন্ন খাবার খাচ্ছে । পায়খানা অনেক কষা এবং পায়খানা করতে কষ্ট হচ্ছে ।,৮ মাস ২৫ দিন প্রেগনেন্সি চলছে। ব্লাডের হিমোগ্লবিন ৮.৭। আয়রন ট্যাবলেট ও আয়রনজাতীয় খাবার খাওয়ার পর তার পায়খানা খুব পাতলা হচ্ছে এবং বারবার পায়খানা করতে হচ্ছে।
6532::Non-factual,6532,Non-factual,"আজকে সকাল থেকে আমার সর্দি আর হাচি হচ্ছে । হাচি যখন শুরু হচ্ছে বার বার হচ্ছে । আর সর্দি পানির মত পাতলা , একটু বেশি হচ্ছে যখন হাচ্চি হচ্ছে তখন । এইটা বাদে আর কোন সমস্যা নাই । কি ঔষধ খাওয়া যেতে পারে । বিঃদ্রঃ গত ১ মাস ধরে আমি বাড়ি থেকে বের হইনী , বাড়ীর একজন সদস্য শুধু বের হয় , তিনি সুস্থ আছেন । আর আমাদের গ্রামে এখনো কোন রোগী সাসপেক্টও হয়নী । ধন্যবাদ ।",সকাল থেকে বারবার হাঁচি ও পাতলা সর্দি । কি ওষুধ খেতে হবে ?,গত তিনদিন ধরে বারবার হাঁচি ও পানির মতো পাতলা সর্দি হচ্ছে। সিটিরিজিন ১০ মি.গ্রা. খাওয়া যেতে পারে কি?
20851::Intrinsic,20851,Intrinsic,"আমার আপুর ওজন ৯০ কেজি । বয়স ৩০ । হঠাৎ করে এখন শ্বাসকষ্ট হচ্ছে । অক্সিজেন লেভেল ঠিক আছে । মাপলাম । ৯৯ । প্রেসার ও নরমাল । তাহলে এটা কি আ্যসিডিটির কারণে হতে পারে ? আজ সারাদিন এ সে অনেক ভাজাপোড়া , খিচুড়ি , দুধ চা খেয়েছে । কি করতে পারি ?",বয়স ৩০ । ওজন ৯০ কেজি । হঠাত শ্বাসকষ্ট হচ্ছে । অক্সিজেন লেভেল ৯৯ । প্রেসার নরমাল । এটা কি এসিডিটির জন্য হয়েছে ? কি করনীয় ?,"বয়স ৩০। ওজন ৯০ কেজি। সকাল থেকে বুকজ্বালাসহ শ্বাসকষ্ট হচ্ছে। অক্সিজেন লেভেল ৯৮–৯৯, প্রেসারও স্বাভাবিক। সারাদিন ভাজাপোড়া ও দুধ চা খাওয়ার পর সমস্যা বেড়েছে। এটা কি গ্যাস্ট্রিকের কারণে, কী করা উচিত?"
17517::Factual Contradiction,17517,Factual Contradiction,"আসসালামু আলাইকুম । আমার ছেলের বয়স আজকে ৬ মাস ২৫ দিন চলছে । ওর প্রায় সময়ই আমাশা পায়খানা লেগেই থাকে । কিন্তু গত পরশু রাতে পায়খানার সাথে রক্ত ছিলো অর্থাৎ রক্ত আমাশা পায়খানা করেছে , কালকে সারাদিনে আর রক্ত আমাশা না করলেও এমনিতেই আমাশা পায়খানা করেছে প্রায় ৩ / ৪ বার । আবার আজকে সকালেও একবার করেছে । আমি এখনো পর্যন্ত ওকে কোনো ঔষধ খাওয়াই নাই । দয়া করে জানাবেন আমি ওকে এখন কি ঔষধ খাওয়াবো তাহলে আপনাদের কাছে খুবই উপকৃত হবো ।",বয়স ৬ মাস ২৫ দিন । সবসময় আমাশয় ও পাতলা পায়খানা থাকে । গত পরশু পায়খানার সাথে রক্ত আসে বা রক্ত আমাশয় হয় । গতকাল ৩ / ৪ বার পাতলা পায়খানা হয়েছে । আজকে একবার হয়েছে । কি ওষুধ খাওয়াবো ?,"বয়স ৬ মাস ২৫ দিন। সবসময় আমাশয় ও পাতলা পায়খানা থাকে। গত পরশু পায়খানার সাথে রক্ত ছিল না। গতকাল ৩/৪ বার হয়নি, বরং পায়খানা বন্ধ ছিল। আজও একবার হয়নি। কি ওষুধ খাওয়াবো?"
12163::Factual Contradiction,12163,Factual Contradiction,"স্যার , আমার বয়স ৩৮ বছর । গত ০৩ দিন আগে হাল্কা জ্বর হয়েছিল । নাপা এক্সটেন্ড খাওয়ার পরে তার পরের দিনই জ্বরসেরে যায় । কিন্তু গত ০২ দিন ধরে আমার শ্বাস নিতে সমস্যা হচ্ছে । আমি মোনাস ১০ খেয়েছি কিন্তু তাও শ্বাসকষ্ট যাচ্ছেনা এবং গতকাল থেকে বুকের বামপার্শ্বে হালকা ব্যাথা করছে । লক্ষ্যনীয় যে আমার গোসল করার পরে বুকের আশেপাশে ও গলার নিচে লাল লাল ছোপ দাগ দেখা যায় তবে চুলকায় না যদি ও কিছুক্ষণ পর তা আর থাকেনা এবং মুখ দিয়ে ঢেকুর বের হয় খুব দুশ্চিন্তায় আছি । অনুগ্রহকরে আমাকে পরামর্শ দিয়ে সাহায্য করলে চিরকৃতজ্ঞ থাকব ।",বয়স ৩৮ । ৩ দিন আগে হালকা জ্বর হয় । নাপা এক্সটেন্ড খেলে পরের দিন জ্বর ঠিক হয়ে যায় । ২ দিন হলো শ্বাস নিতে কষ্ট হয় । মোনাস ১০ খেয়েছি কিন্তু শ্বাসকষ্ট কমেনি । গতকাল থেকে বুকের বাম পাশে ব্যাথা হচ্ছে । গোসলের পরে বুকের আশে পাশে ও গলার নিচে লাল ছোপ দাগ দেখা যায় তবে চুলকায় না । ঢেকুর হয় । পরামর্শ দিন,"বয়স ৩৮। ৩ দিন আগে হালকা জ্বর হয় এবং নাপা এক্সটেন্ড খেলেও জ্বর কমেনি। ২ দিন ধরে শ্বাস নিতে কষ্ট নেই, তবে মোনাস ১০ খাওয়ার পর শ্বাসকষ্ট কমে গেছে। গতকাল থেকে বুকের ডান পাশে হালকা ব্যথা হচ্ছে। গোসলের পরে বুকের আশেপাশে ও গলার নিচে"
24646::Factual Contradiction,24646,Factual Contradiction,"আমার বোনের বয়স ১৭ , সেনাবাহিনীতে দাড়িয়েছিলো , চুড়ান্তে মেডিকেলে ধরা পড়েছে পাইলসের সমস্যা , ও দুটি দানার মতো বড় হয়েছে , ডাক্তার বলেছে অপারেশন করা লাগবে , অপারেশন করা তো অনেক ব্যয়বহুল , আমি জানতে চাই অপারেশন ছাড়া ওষধের মাধ্যমে ভালো হবে কিনা ? ? ? আর কোন ডাক্তার কে দেখাবো ? ? ? কত টাকা খরচ হতে পারে ? ? ?","বয়স ১৭ । পাইলসের সমস্যা , ও দুটি দানার মতো বড় হয়েছে ।","বয়স ১৭। পাইলসের সমস্যা নেই, শুধু একটি ছোট দানার মতো হয়েছে।"
20810::Factual Contradiction,20810,Factual Contradiction,আমার মা ' র জরায়ু অপারেশন হয় গত মাসের ১ তারিখে . অপারেশনের পর থেকেই পায়খানা হয়না । প্রথমে ডোজ দিয়ে পায়খানা করা হত . ডোজ দিলেও একটু পায়খানা হত . পরে ওষুধখেয়েছে . কোন কাজ হয় নাই . একটু পায়খানা হত . কিন্তু অনেক খারাপ লাগতো . পায়খানার নালিতে আটকে থাকত . কিন্তু হতনা আর কোন বেগ হতনা . পরে গেষ্টোলিভার ডাক্তার দেখালাম . টেস্ট দিল . বলল থাইরয়েডের সমস্যা . . সবকিছুর ওষুধ দিল . পরে ঢাকাতে আবার দেখালাম ওষুধ দিল . কিন্তু ভাল হয় না এখনও . একবারের পায়খানা ৪ বারে হয় . আর নলিতে আটকে থাকে আর ব্যথা করে . এখন কি করব . এটা ওটিতে কোন সমস্যার জন্য হয়ছে,জরায়ু অপারেশনের পর থেকে পায়খানা হয় না । ডোজ দিলে পায়খানা হতো । পায়খানা নালিতে আটকে থাকতো । পরে থাইরয়েডের সমস্যা ধরা পড়ে । পায়খানা আটকে থাকে ও ব্যাথা করে । কি করনীয় ? এটা কোন সমস্যার জন্য হয়েছে ?,"জরায়ু অপারেশনের আগ থেকেই নিয়মিত পায়খানা হতো না। ডোজ বা ওষুধ খেলেও কোনোভাবেই পায়খানা হতো না। পরে থাইরয়েডের কোনো সমস্যা নেই বলা হয়। এখন পায়খানা সহজে হয়ে যায়, নালিতে আটকে থাকে না ও ব্যথাও করে না। কি করণীয়, এটা কোন সমস্যার জন্য হয়েছে?"
24471::Non-factual,24471,Non-factual,"আমি অবসাদে ভুগছি , ডিপ্রেশন লেভেল এতটাই ভয়াবহ লেভেলে গেছে একটা কাজ করতে ইচ্ছা করে না । দুশ্চিন্তা আছে , পারিবারিক সমস্যা আছে , দাম্পত্য কলহ , শশুড়বাড়িতে মানসিক অত্যাচার স্বীকার । এছাড়া মনোযোগ বসাতে পারি না । সারাক্ষণ মন খারাপ থাকে । নানান তিক্ত অভিজ্ঞতার কথা বেশি মনে পড়ে । এগুলা সমস্যা অনেক আগে থেকেই আছে , কিশোর বয়স থেকে । এছাড়া পাবলিক স্পিকিং নার্ভাস ব্রেকডাউন সমস্যা আছে , যার কারণে চাকরি করতে পারি নি । এখন যেটা হচ্ছে বেশি , ডিপ্রেশনে ভুগছি কিছুই ভাল লাগে না । একটা জিনিসও না ।","অবসাদে ভুগছি । দাম্পত্য কলহ , মানসিক অত্যাচার , কিশোর বয়স থেকে । পাবলিক স্পিকিং নার্ভাস ব্রেকডাউন সমস্যা আছে । ডিপ্রেশনে ভুগছি কিছুই ভালো লাগেনা ।","অবসাদে ভুগছি। দাম্পত্য কলহ, শ্বশুরবাড়ির মানসিক অত্যাচার, প্রায় ১০ বছর ধরে কিশোর বয়স থেকে। পাবলিক স্পিকিংয়ে নার্ভাস ব্রেকডাউন ও প্যানিক অ্যাটাকের সমস্যা আছে। ডিপ্রেশনে ভুগছি, কিছুই ভালো লাগে না, এমনকি ঘুমও ঠিকমতো হয় না।"
14963::Intrinsic,14963,Intrinsic,"কয়েক দিন ধরে আমার নাকে কোন ঘ্রান পাইনা কিছু খেলে তার স্বাদ পাইনা , আমার নাক কিন্তুু বন্দ নাই , শরিরে সেন্ট মারলে তার কোন ঘ্রান পাইনা । খালি লবন , মরিচ , লেবুর , এগুলো খেলে বুঝতে পারি , কিন্তুু আর যেকন খাবার খেলে স্বাদ পাইনা । কি হলো আমার","কয়েক দিন ধরে নাকে কোন ঘ্রান পাইনা । কিছু খেলে স্বাদ পাইনা । নাক বন্ধ নাই । লবন , মরিচ , লেবুর স্বাদ পাই কিন্তুু অন্য খাবার খেলে স্বাদ পাইনা ।","এক সপ্তাহ ধরে নাকে একদম ঘ্রাণ পাচ্ছেন না। খাবারেরও প্রায় সব স্বাদ চলে গেছে, শুধু ঝাল, টক আর নোনতা কিছুটা বুঝতে পারেন। নাক কিছুটা বন্ধ থাকলেও সেন্ট বা অন্য কিছুর গন্ধ টের পান না।"
12246::Intrinsic,12246,Intrinsic,আমার বয়স ৩৭ বছর । আজ বেশ কয়েক দিন থেকে আমার সমস্ত শরীর কাপে । খিদে লাগলে বেশি কাপে আর ভরা পেটে একটু কম কাপে । আমার পেশার লো । ডায়াবেটিস আছে কি না জানিনা কখনো চেক করিনি । দয়া করে বলবেন আমি কি ওষুধ খাবো এবং ওষুধের নাম টা যদি বলেন ।,বয়স ৩৭ । শরীর কাঁপে । ক্ষুধা লাগলে বেশি কাঁপে । প্রেসার লো । কি ওষুধ খাবো ?,"বয়স ৩৭। কয়েক সপ্তাহ ধরে সারা শরীর কাঁপে, বিশেষ করে খালি পেটে ও সকালে বেশি হয়। প্রেসার কম এবং ডায়াবেটিস সন্দেহ আছে। কী ওষুধ খাওয়া উচিত?"
23508::Intrinsic,23508,Intrinsic,গত কয়েকদিন যাবত মাঝে মাঝে চোখে হঠাত কেমন যেন অন্ধকার / ঝাপসা দেখি । রোদ থেকে ঘরে আসলে যেরকম লাগে অনেকটা সেরকম । কিছুক্ষন পর এমনিতেই আবার ঠিক হয়ে যায় । এরকম কন্ডিশনে কোন স্পেসালিস্ট ডাক্তার দেখাতে পারি ? এটা কি চোখের সমস্যা নাকি অন্য কিছু বুঝতে পারছিনা । এটা কি সিরিয়াস কিছু হতে পারে ? প্লিজ সাহায্য করবেন গাইড করে । ধন্যবাদ,"কিছুদিন থেকে চোখে হঠাৎ ঝাপসা দেখে , অন্ধকার হয় । কিছুক্ষণ পর ঠিক হয়ে যায়","কয়েক সপ্তাহ ধরে দুই চোখে হঠাৎ ঝাপসা ও অন্ধকার দেখি, বিশেষ করে রোদে গেলে বেশি হয়। বেশ কিছুক্ষণ পর আবার স্বাভাবিক হয়ে যায়।"
20602::Factual Contradiction,20602,Factual Contradiction,"আসসালামু আলাইকুম । আমার বয়স ৪১ বছর । আমি গত ১৬ জানুয়ারি ' ২১ তারিখে ১ম বার কোভিড১৯ এ আক্রান্ত হই এবং ২২ দিন হোম কোয়ারান্টাইন এ থেকে ডাক্তারের পরামর্শ এবং ঔষধ গ্রহন করে বাসায় থেকে সুস্থ হই । এরপর গত , ৯ আগস্ট ' ২১ ইং তারিখে ২য়বার কোভিড১৯ এ আক্রান্ত হই এবং হোম কোয়ারান্টাইন এ থেকে ঔষধ গ্রহন করে গত ২৬ আগস্ট ' ২১ ইং তারিখে সুস্থ হই । গত ৬ সেপ্টেম্বর ' ২১ ইং তারিখে আমার কোভিড - ১৯ এর ১ম ডোজ এর তারিখ এসেছে কিন্তুু নেগেটিভ হওয়ার পর থেকে ১ মাস সময় পার করতে টিকা দেয়া হয়নি । এখন ১ মাস পার হওয়ায় আমি টিকা নিতে পারবো কি",বয়স ৪১ ৷ দুই বার কোভিড হয়েছে । করোনা নেগেটিভের পর ১ মাস পার হলেও টিকা দেওয়া হয় নি ৷ এখন কি টিকা দিতে পারবো ?,বয়স ৪১। একবার কোভিড হয়েছে। করোনা পজিটিভ হওয়ার পরও ১ মাস পার হয়ে টিকা দেওয়া হয়েছে। এখন কি টিকা দেওয়া যাবে না?
7072::Intrinsic,7072,Intrinsic,স্কিন সমস্যার জন্য কোনো ডাক্তার এর নাম্বার হবে ? ? ? ? আমাদের এলাকায় লক ডাউনের জন্য ঢাকা থেকে ডাক্তার আসেনা সেই ক্ষেতে ডাক্তার দেখাতে পারছিনা স্কিন খুব চুলকাছে আর সাদা সাদা স্পট পড়ছে গলায় আর স্কিনে ১মাস ধরে সমস্যায় ভুগছি অনুগ্রহ করে সহোযোগিতা করুন আমি স্কিন ডাক্তার কাছে কথা বলে ঔষুধ সেবন করতে চাচ্ছি ? ফাংগাল ইনফেকশন কিনা তাও বুঝতেছিনা ঠিক মতো তারজন্য আমি ইসপেসালিসট এর সাথে কথা বলে সেবা প্রদান করতে চাচ্ছিলাম ।,১ মাস যাবত চুলকানি ও গলায় সাদা স্পট । করণীয় কি ?,"দুই মাস ধরে তীব্র চুলকানি ও গলা-সহ শরীরের বিভিন্ন জায়গায় সাদা দাগ হচ্ছে, সম্ভবত ফাঙ্গাল ইনফেকশন। স্কিন বিশেষজ্ঞের পরামর্শ ও ওষুধ কী হবে?"
6072::Non-factual,6072,Non-factual,আমার ডান কুচকিতে ও ডান বিচিতে ব্যথা । গরম হয়ে ওঠে । মনে হচ্ছে বাড়ি কিছু বহন করলে বারে । বিশেষ করে দুই বছরের ছেলেকে কোলে নিলে বারে । আজ ব্যথা হলে জানালাতে পা ঠেকিয়ে উপরে তুলে রাখলাম কিছুটা কমল । আমার বয়স ৩৭ ব্যথা কালে ভদ্রে হত কয়েক বছর ধরে । নিয়মিত হচ্ছে মাসখানেক হল ।,ডান কুচকিতে ও ডান বিচিতে ব্যথা । গরম হয়ে ওঠে । বয়স ৩৭ । ব্যথা নিয়মিত হচ্ছে মাসখানেক হল ।,"ডান কুচকিতে ও ডান বিচিতে ব্যথা, মাঝে মাঝে ফোলা ও গরম লাগে। বয়স ৩৭। ব্যথা নিয়মিত হচ্ছে প্রায় দুই মাস ধরে, ভারী কিছু তুললে বেশি বাড়ে।"
23216::Factual Contradiction,23216,Factual Contradiction,"আমার বয়স ২৯ বছর এবং আমার ওজন ৬৭ কেজি । বর্তমানে আমি বেশ কিছু দিন যাবত কাশি তে বুগছি । ডাক্তার দেখাইছি , উনারা মুনাস ১০ , এবং কিন্তু এন্টিবায়োটিক দিয়েছেন । খেয়েছি কিন্তু কোন কাজ হচ্ছে না । উনারা আমার এক্সে , রক্ত , এবং ইউরিন টেষ্ট করেছেন । যা নর্মাল ছিল । কাশি মাঝে মধ্যে শুক্ন থাকে । খাওয়ার পর কাশি বেরে যায় । তখন কাশির সাথে কফ আসে , অনেক টা বমির মত । এই মুহুর্তে এমন হচ্ছে । আমি প্রত্যন্ত এলাকায় আছি । এই মুহুর্তে ডাক্তারের সাথে যোগাযোগ করা সম্ভব না । তাহলে আমি কি করতে পারি । বা কোন ঔষধ নিতে পারি ।","বয়স ২৯ । অনেকদিন যাবত কাশিতে ভুগছে । মুনাস ১০ , এবং এন্টিবায়োটিক খেয়ে লাভ হয়নি রিপোর্ট ভালো আছে ।","বয়স ২৯। অল্প কয়েকদিন ধরে কাশিতে ভুগছে। মুনাস ১০ ও এন্টিবায়োটিক খেয়ে কাশি কমেছে, রিপোর্টেও সমস্যা ধরা পড়েছে।"
18055::Factual Contradiction,18055,Factual Contradiction,রক্ত দেখলে অজ্ঞান হয়ে পড়ে যাই এবং শরীরে খিচুনি হয় । আমার বয়স ২৫ বছর । লাইফে ৪ বার হয়েছে । প্রথম হয় আমার বয়স যখন ১৪ - ১৫ বছর । এটা কি কোন ঝুঁকিপূর্ণ অসুখ ? হলে কি কি সমস্যা হতে পারে ভবিষ্যৎ এ ? এর প্রতিকার কার কি ? ধন্যবাদ . .,বয়স ২৫ । রক্ত দেখলে অজ্ঞান হয়ে যাই । ৪ বার খিচুনি হয়েছে । এটা কি ঝুঁকিপূর্ণ অসুখ ? পরে কি সমস্যা হতে পারে ? কি করনীয় ?,"বয়স ২৫। রক্ত দেখলেও অজ্ঞান হই না। মাত্র ১ বার খিচুনি হয়েছে। এটা কি ঝুঁকিপূর্ণ অসুখ, ভবিষ্যতে কি সমস্যা হতে পারে এবং কি করণীয় জানতে চান।"
15576::Intrinsic,15576,Intrinsic,"আসসালামু আলাইকুম । ইদানিং খুব বেশি অবসাদে ভুগছি । এইটাকে হয়তো ডিপ্রেশন বলা যাবেনা পুরোপুরি । তবে , কিছু ভালো লাগেনা , কাজে মন বসেনা , মেজাজ খিটখিটে থাকে । এমনি সময়ে হাসিখুশি স্বভাবের হলেও মাঝে মাঝে ওভার রিএক্ট করে ফেলি । আরও কিছু তথ্যঃ আমার ব্রেকাপ হয়েছে ৬ - ৭মাস আগে । এখনো পুরোপুরি রিকভার করে উঠতে পারিনি পুরোপুরি বিষয়টি থাকে । আবার , আমি ইউনিভার্সিটি পাল্টাতে চাচ্ছি কিন্তু পরিবার মেনে নিতে চাচ্ছে না । এমতাবস্থায় কি করা যেতে পারে ?",মানসিকভাবে বিপর্যস্ত । কোনো কাজে মন বসে না । কি করনীয় ?,"মানসিকভাবে ভীষণ ডিপ্রেশনে আছেন, প্রায় ছয়-সাত মাস ধরে কোনো কিছুতেই আগ্রহ পাচ্ছেন না এবং মেজাজ সবসময় খারাপ থাকে। পারিবারিক ও সম্পর্কজনিত চাপের কারণে পড়াশোনাতেও মন বসছে না। এখন কী চিকিৎসা বা করণীয়?"
23722::Non-factual,23722,Non-factual,"আমার বয়স ২৭ . বেশ কিছুদিন যাবত খেয়াল করছি , ফোন কানে নিয়ে কথা বলার সময় কান ও মাথায় এক রকম অস্বস্তিকর ভাব হয় । এবং দিনে কয়েকবার এমন হয় যে হাঁটচলা করার সময় কান ধাপা ধরার মত হয় আর সাথে শরীর পাকড়ানোর মত হয় । খাওয়া এবং ঘুম ঠিক আছে । সর্দী হালকা আছে যা কয়েক দিন পরে পরে হয় । । এছাড়াও কান মনে হয় গরম হয়ে আছে । । দয়া করে করনীয় জানাবেন । । ।",বয়স ২৭ । বেশ কিছুদিন যাবত ফোন কানে কথা বলার সময় কান ও মাথায় এক রকম অস্বস্তিকর ভাব হয় এবং দিনে কয়েকবার হাঁটচলা করার সময় কান ধাপা ধরার মত হয় । সর্দি হালকা আছে যা কয়েক দিন পরে পরে হয় । । এছাড়াও কান মনে হয় গরম হয়ে আছে ।,"বয়স ২৭। প্রায় দুই সপ্তাহ যাবত ফোন কানে কথা বলার সময় কান ও মাথায় অস্বস্তিকর ভাব হয় এবং দিনে ৪–৫ বার হাঁটাচলার সময় কান ধাপা ধরার মতো লাগে। হালকা সর্দি আছে, মাঝে মাঝে মাথা ঝিমঝিমও করে। এছাড়াও কান গরম মনে হয়।"
24175::Intrinsic,24175,Intrinsic,আমার মায়ের বয়স 70 বছর । আমার মা কোন কাজ করতে গেলে হাত কাঁপে । বিভিন্ন সময় বিভিন্ন ডাক্তার এর পরামর্শ অনুযায়ী ওষধ খেয়েও ভালো হচ্ছে না । এমতাবস্থায় আমার মায়ের উক্ত সমস্যার জন্য একটি সঠিক প্রেসক্রিপশন করে দিলে চির কৃতজ্ঞ থাকিব ।,বয়স ৭০ । কাজ করলে হাত কাঁপে,"বয়স ৭০। অনেক দিন ধরে দুই হাতই সব সময় কাঁপে, ওষুধ খেলেও তেমন উপকার হচ্ছে না।"
4933::Non-factual,4933,Non-factual,আমার ওয়াইফ পেগনেট . 3 মাস । ওর 2 মাস ধরে গলার বাম সাইট বেথা অনুভব করে মাঝে মাঝে জর আসে । কিছু গিলতে গেলে বেথা করে । নাপা খাওয়া নো হয়েছে কিন্তু কমেনা । হসপিটাল গেছিলাম কিন্তু করোনা ভাইরাসের জন্য এখন কোন গাইনী ডাক্তার পাইনি । এখন কি করা যায় । কি করতে পারি ?,"প্রেগন্যান্ট ৩ মাসের । ২ মাস ধরে গলার বাম সাইডে ব্যথা । মাঝে মাঝে জ্বর আসে । গিলতে কষ্ট হয় , নাপা খেয়ে কমে নি","প্রেগন্যান্ট ৪ মাসের। ৩ মাস ধরে গলার ডান সাইডে ব্যথা। মাঝে মাঝে ১০১ ডিগ্রি জ্বর আসে। কিছু গিলতে কষ্ট হয়, নাপা ও অ্যাজিথ্রোমাইসিন খেয়েও কমে নি।"
7374::Non-factual,7374,Non-factual,"টেনশন টাইপ মাথা ব্যাথাঃ উপসর্গঃ ভারী ভারী একটানা এক ধরনের ব্যাথা মাথার দুদিকে থাকে । মৃদু থেকে বেশি মাত্রায় হয় । মাথা দুহাত দিয়ে চেপে ধরেছে এরকম মনে হয় । মাথার চারদিকে একটি ব্যান্ড বেধেঁ দিয়েছে বলে অনুভুত হয় । ব্যাথা ঘাড় কিংবা কাধে চলে আসে । সময়ঃ ১ - ২ ঘন্টা থাকে , বেশিও থাকে , বিকেলের দিকে বা সন্ধায় বেশি হয় , কারনঃ আবেগজনিত চাপ বড় কারন । তবে কিছু কিছু শারীরিক রোগেও হয়ে থাকে , যেমন : আর্থ্রাইটিস । এখানে যে কারণ দুটো আছে দুটোই আমার মধ্যে পরিলক্ষিত , দয়া করে যানাবেন , এই সময় কোথাও যেতেও পারছি না , কি চিকিৎসা বা কি ঔষধ করব","মাথায় দুইদিকে ভারী একটানা ব্যাথা , কাধে ও ঘাড়ে ছড়িয়ে যায় । ১ - ২ ঘণ্টা বা এর বেশি থাকে , বিকালে ও সন্ধ্যায় বেশি হয় । আর্থরাইটিস ও আবেগের কারণে হয় । চিকিৎসা কি ?","মাথার দুই পাশে ভারী একটানা ব্যথা, ঘাড়-কাঁধে ছড়ায়। ৩ - ৪ ঘণ্টা বা তারও বেশি থাকে, বিশেষ করে বিকেল-সন্ধ্যায় বাড়ে। আর্থ্রাইটিস, মানসিক চাপ ও সার্ভাইক্যাল স্পন্ডাইলোসিসের কারণে হচ্ছে বলে মনে হচ্ছে। কী চিকিৎসা বা ওষুধ নেবেন?"
21871::Non-factual,21871,Non-factual,"২০১১ তে আমার ডান বগলে ছোট গুটি হয় । সেটা ২০১৩তে প্রথম ফোঁড়াস্বরুপ পেকে বের হয় । তারপর থেকে বছরে ২ - ৩ বার করে এই ফোঁড়া উঠছে । প্রচন্ড ব্যাথা এবং তীব্র গন্ধযুক্ত পুঁজ বের হয় । এখন দুই বগলেই ফোঁড়া উঠছে নিয়মিত । পিজি হসপিটাল , ঢাকা মেডিকেলে অনেকবার দেখানো হয়েছে । পরীক্ষা নিরীক্ষা করে ডাক্তারের পরামর্শে ড্রেসিং করিয়েছি , মেডিসিনও নিয়েছি । কিন্তু কোন ফল পাচ্ছি না । গত ২ বছর যাবৎ হোমিও চিকিৎসা নিচ্ছি , সেখানেও কোন ফল পাচ্ছি না । এখন কি করতে পারি ? ?",২০১১ তে ডান বগলে ছোট গুটি হয় । ২০১৩ তে ফোড়া হয়ে সেটা পেকে বের হয় । প্রচন্ড ব্যাথা এবং তীব্র গন্ধযুক্ত পুঁজ বের হয় । প্রতি বছর এ দুই বগলে হয় ।,"২০০৯ সালে ডান বগলে ছোট গুটি হয়। ২০১২ তে সেটা ফোড়া হয়ে পেকে বের হয়। তীব্র ব্যথা ও দুর্গন্ধযুক্ত পুঁজ বের হয়। এখন প্রতি মাসে দুই বগলেই ফোঁড়া হচ্ছে, মিটফোর্ড হাসপাতালেও দেখানো হয়েছে।"
7563::Non-factual,7563,Non-factual,"আমার মেয়ের বয়স ২ বছর । সে সবসময় পেশাব করার জন্য বলত "" আম্মু পেশাব করব "" । কিন্তু গতকাল ( ০২ . ০৫ . ২০২০ ) পেশাব করার সময় ব্যাথার কথা বলে এবং এরপর থেকে পেশাবের কথা বলছে না , কিন্তু অনেকক্ষন পর আপনা - আপনি পেশাব বের হচ্ছে । সারারাত বিছানায় পেশাব না করেও সকাল বেলা পেশাবের কথা বলছে না এবং পেশাব করতে চাচ্ছে না । আমার মনে হচ্ছে সে পেশাব করতে ভয় পাচ্ছে । হালকা গরমপানি দেওয়াতে পেশাব করছে । এখন আমি কি করব ?","২ বছরের বাচ্চা , পেশাবের সময় ব্যথা করে । এরপরে নিজে থেকে পেশাব করতে চাচ্ছে না । করণীয় কি ?","২ বছরের বাচ্চা, ০২.০৫.২০২০ থেকে পেশাবের সময় জ্বালা ও ব্যথা করছে। এরপর থেকে নিজে থেকে পেশাব করতে চাইছে না, মাঝে মাঝে অল্প অল্প করে আপনা-আপনি বের হচ্ছে। হালকা গরম পানি দিলে করছে। ইউরিন ইনফেকশনের মতো মনে হচ্ছে, করণীয় কী?"
15597::Factual Contradiction,15597,Factual Contradiction,আসসালামু আলাইকুম আমার মেয়ের বয়স ১৩ মাস । তার এখন পর্যন্ত ১ টা দাঁতও উঠেনাই । তার খাবার - দাবার ও ওজন একেবারে স্বাভাবিক আছে । আমার প্রশ্ন হলো মেয়ে বাবুর দাঁত কি একটু দেরিতে উঠে ? কবে নাগাদ উঠতে পারে ও এটা স্বাভাবিক কিনা ? ধন্যবাদ ।,মেয়ের বয়স ১৩ মাস । ১ টা দাঁতও উঠেনাই । খাবার - দাবার ও ওজন একেবারে স্বাভাবিক আছে ।,মেয়ের বয়স ১৩ মাস। ইতোমধ্যে কয়েকটা দাঁত উঠেছে। খাবার-দাবার ও ওজন একেবারে স্বাভাবিক নেই।
5557::Intrinsic,5557,Intrinsic,"আসসালামু আলাইকুম আমার বাম চোখে গত রাত ( ০৮ এপ্রিল ) থেকে খুব ব্যথা করছে এবং লাল হয়ে গেছে ও আলোর দিকে তাকাতে পারছি না । আমি আগে একবার ডাক্তার দেখাই সিলেট ওমেন্স মেডিকেল হাসপাতালে , ডাঃ ড্রপ দিলে তা ব্যবহার করি , পরবর্তীতে আমি ভারতের গৌহাটি নেত্রালয়া গেলে ওরা দেখে একটি চশমা ব্যবহার করার জন্য দেন , চশমাটি আমি প্রতিদিন ব্যবহার করি না । এখন আমাকে উপদেশ দিলে কৃতজ্ঞ থাকবো ।","বাম চোখে রাত খুব ব্যথা , লাল হয়ে গেছে ও আলোর দিকে তাকাতে পারেনা । ডাক্তার একটি চশমা ব্যবহার করার জন্য দেন , যেটা প্রতিদিন ব্যবহার হয় না ।","ডান চোখে গত দুই দিন ধরে তীব্র ব্যথা, চোখ লাল এবং ঝাপসা দেখায়, আলো সহ্য করতে পারে না। আগে ডাক্তার ড্রপ ও সবসময় ব্যবহারের জন্য একটি চশমা দিয়েছিলেন, কিন্তু নিয়মিত ব্যবহার করা হয় না।"
18260::Non-factual,18260,Non-factual,"ছেলের বয়স ২ বছর । খেলতে খেলতে পড়ে গিয়ে মাথা কেটে গেছে । বাথরুমের দরজার সামনের উচো টাইলসে আঘাত পেয়ে কেটেছে । পাশের ফার্মেসী থেকে তুলা দিয়ে ব্যান্ডিজ করে নিয়েছি । এবং নাপা ও একটি এন্টিবায়োটিক সিরাপ দিয়েছেন । কোনো সেলাই এর দরকার পড়ে নি । এখন প্রশ্ন হলো , এই বাচ্চাকে টিটেনাস ইনজেকশন দেওয়া লাগবে কিনা ? ?","বয়স ২ । বাথরুমের দরজার সামনের উচো টাইলসে পড়ে গিয়ে মাথা কেটে গেছে । তুলা দিয়ে ব্যান্ডিজ করে , নাপা ও একটি এন্টিবায়োটিক সিরাপ দেয় । টিটেনাস ইনজেকশন দেওয়া লাগবে কিনা ?","বয়স ২। বাথরুমের দরজার সামনের উঁচু টাইলসে পড়ে গিয়ে কপাল কেটে গেছে। গজ দিয়ে ব্যান্ডেজ করে, নাপা ও সেফিক্সিম সিরাপ দেওয়া হয়েছে। সেলাই লাগেনি। এখন টিটেনাস ইনজেকশন দিতে হবে কিনা?"
26254::Non-factual,26254,Non-factual,"আসসালামু আলাইকুম স্যার আমাকে দুইটা ওষুধ দিয়েছিলেন কিন্তু কাজ হচ্ছে না , , একটা হচ্ছে ট্যাবলেট জোরাল , , , একটা শ্যাম্পু দিয়েছিলেন কিন্তু আমার মাথায় খুশকির কোনো উন্নত হয় নাই আগে যেমন ছিল ঠিক তেমনি আছে এখন আমি অন্য কোন ওষুধ খেতে পারব কিনা একটু যদি বলতেন","একটা শ্যাম্পু দিয়েছিলেন খুশকির জন্য , উন্নতি হয়নি । একটা ট্যাবলেট জোরাল দিয়েছিলেন","খুশকির জন্য একটা শ্যাম্পু দিয়েছিলেন, কোনো উন্নতি হয়নি। ট্যাবলেট জোরাল ও কেটোকোনাজল ২০০ মিগ্রা খেয়েও আগের মতোই আছে।"
22427::Factual Contradiction,22427,Factual Contradiction,আমার বয়স একুশ বছর । গত তিন মাস আগে আমি হামু দিতে যেয়ে আমার মাজাই চিন করে টান লেগেছিল তারপর থেকে মাজার ভিতোর প্রচন্ড ব্যথা । ব্যাথাটা এখন মাজার দুইদিকে ছড়িয়ে গেছে । এখন আমি হামু দিতে পারি না খুব ব্যথা লাগে । এবং মাজার ভিতরে জলে । এখন আমি কি চিকিৎসা নিতে পারি একটু জানাবেন তাহলে উপকৃত হব ।,বয়স ২১ । গত তিন মাস আগে হামু দিতে যেয়ে মাজাই চিন করে টান লাগে । তারপর থেকে মাজার ভিতর প্রচন্ড ব্যথা । ব্যাথাটা মাজার দুইদিকে ছড়িয়ে গেছে ।,"বয়স ২১। গত তিন মাস আগে হামু দিতে গিয়ে মাজায় কোনো টান লাগেনি। তারপর থেকে মাজার ভিতরের ব্যথা কমে গেছে, তবে এখন ব্যথাটা শুধু একদিকে সীমিত।"
26403::Intrinsic,26403,Intrinsic,আমার মেয়ের গত কাল থেকে আমার মেয়ের হালকা জ্বর ছিল । আজকে দুপুরে হুট করেই জ্বর ১০৪ ডিগ্রি উঠে । তখন নাপা খাওয়ানো হয় । এরপর সন্ধ্যা ৭ টার দিকে পূণরায় জ্বর ১০৪ উঠলে নাপা সাপোজিটরি ৫০০ এমজি দেয়া হয় এবং পানি পট্টি দেয়ার ১ ঘন্টা পর জ্বর কমে এখন রাত ২টায় পূণরায় জ্বর ১০৪ ডিগ্রি উঠেছে । এখন কি নাপা ট্যাবলেট খাওয়াবো নাকি সাপোজিটরি দেব । আপনাদের হট নম্বরে কল ঢুকে না ক্যান ভাই ?,"মেয়ের হালকা জ্বর ছিল কাল , আজকে ১০৪° হয় । নাপায় জ্বর কমলেও আবার দুইবার জ্বর উঠে","মেয়ের গত দুই দিন ধরে জ্বর, আজ দুপুর থেকে বারবার ১০৪° উঠছে। নাপা সিরাপ ও ২৫০ মিগ্রা সাপোজিটরিতে সাময়িক কমলেও রাতে আবার জ্বর বেড়েছে।"
25183::Intrinsic,25183,Intrinsic,"আমার মেয়ের বয়স ১ মাস ৫ দিন । নিয়মিত টয়লেট করেনা , মাঝেমধ্যে কয়েকদিন একটানা করে আবার কয়েকদিন করেনা , আজ ৩ দিন ধরে টয়লেট করেনা , বায়ু বের হচ্ছে । মায়ের শরিলও কষা এবং ২ / ৩ দিন পর পর টয়লেট করে । এমতাবস্থায় মা ও মেয়ের এই সমস্যার সাজেশন দিবেন ।","বয়স এক মাস । নিয়মিত টয়লেট করে না , বায়ু বের হচ্ছে । মায়েরও পায়খানা ক্লিয়ার না , ২ - ৩ পর পর হয় ।","বয়স দেড় মাস। জন্মের পর থেকেই নিয়মিত পায়খানা করে না, এখন ৩–৪ দিন ধরে পায়খানা বন্ধ তবে বায়ু হচ্ছে। মায়েরও দীর্ঘদিনের কোষ্ঠকাঠিন্য, ৩–৪ দিন পর পর পায়খানা হয়।"
