id,source_id,pattern,document,right_summary,hallucinated_summary,raw_json,claims_json,verdict_model,verdict_agg,num_claims,num_supported,num_contradicted,num_missing,divergence,parse_error,is_hallucinated
14199::Non-factual,14199,Non-factual,"আমি গতকাল দুপুরে ব্যায়াম করার সময় ৩০ টির বেশি ক্রাঞ্চ দেই এবং কিছুক্ষণ পরেই দড়ি লাফাই , খুব বেশি একটা লাফাতে পারিনি , হাফিয়ে যাই , পরে এসে বিশ্রাম নেই , গোসল করে দুপুরের খাওয়া সেরে ঘুম দেই , তখনও কিছু টের পাইনি কিন্তু রাত বাড়তেই আমার বাম পাশে ভিতরে ব্যাথা অনূভুত হতে থাকে , শ্বাস নিতে কষ্ট হচ্ছে , কোনপাশে শুয়ে আরাম পাওয়া যাচ্ছেনা । এএমতাবস্থায় করণীয় কি হতে পারে ? ? কাল রাত ঘুমাতে পারিনি",ব্যায়াম করার জন্য বাম পাশে ভেতরে ব্যাথা হয় । শ্বাস নিতে কষ্ট হয় । ঘুম হচ্ছে না ৷ কি করনীয় ?,ব্যায়ামের পর বাম পাশের ভেতরে তীব্র ব্যথা শুরু হয়েছে। গভীর শ্বাস নিতে কষ্ট হচ্ছে। সারারাত ঘুম হয়নি। ২টা পেইনকিলার খেলেও আরাম মেলেনি। কী করণীয়?,"{
  ""claims"": [
    {
      ""claim"": ""ব্যায়ামের পর বাম পাশের ভেতরে তীব্র ব্যথা শুরু হয়েছে।"",
      ""supported_by"": ""রাত বাড়তেই আমার বাম পাশে ভিতরে ব্যাথা অনূভুত হতে থাকে"",
      ""status"": ""supported""
    },
    {
      ""claim"": ""গভীর শ্বাস নিতে কষ্ট হচ্ছে।"",
      ""supported_by"": ""শ্বাস নিতে কষ্ট হচ্ছে"",
      ""status"": ""supported""
    },
    {
      ""claim"": ""সারারাত ঘুম হয়নি।"",
      ""supported_by"": ""কাল রাত ঘুমাতে পারিনি"",
      ""status"": ""supported""
    },
    {
      ""claim"": ""২টা পেইনকিলার খেলেও আরাম মেলেনি।"",
      ""supported_by"": """",
      ""status"": ""missing""
    },
    {
      ""claim"": ""কী করণীয়?"",
      ""supported_by"": ""এএমতাবস্থায় করণীয় কি হতে পারে ? ?"",
      ""status"": ""supported""
    }
  ],
  ""verdict"": ""yes""
}","[{""claim"": ""ব্যায়ামের পর বাম পাশের ভেতরে তীব্র ব্যথা শুরু হয়েছে।"", ""supported_by"": ""রাত বাড়তেই আমার বাম পাশে ভিতরে ব্যাথা অনূভুত হতে থাকে"", ""status"": ""supported""}, {""claim"": ""গভীর শ্বাস নিতে কষ্ট হচ্ছে।"", ""supported_by"": ""শ্বাস নিতে কষ্ট হচ্ছে"", ""status"": ""supported""}, {""claim"": ""সারারাত ঘুম হয়নি।"", ""supported_by"": ""কাল রাত ঘুমাতে পারিনি"", ""status"": ""supported""}, {""claim"": ""২টা পেইনকিলার খেলেও আরাম মেলেনি।"", ""supported_by"": """", ""status"": ""missing""}, {""claim"": ""কী করণীয়?"", ""supported_by"": ""এএমতাবস্থায় করণীয় কি হতে পারে ? ?"", ""status"": ""supported""}]",yes,no,5,4,0,1,1,,yes
18322::Factual Contradiction,18322,Factual Contradiction,"আমার ছেলের বয়স ২ বছর ৪ মাস , সে আজ প্রায় ৪ / ৫ দিন যাবৎ জ্বরে আক্রান্ত , ১০২ থেকে ৩ / ৪ ডিগ্রী পর্যন্ত উঠে , সাথে শুকনা কাশি আছে অনেক , কোন কিছুই খেতে পারে না , খেলেই কাশতে কাশতে ভমি করে ফেলে দেয় । দুর্বল হয়ে পরেছে অনেক । একবার ভমিতে রক্তও বের হ্য়েছে । জ্বরের জন্যে নাপা সিরাপ , বমির জন্যে ইমিসটেট সিরাপ ও কাশির জন্যে এমবোলেট সিরাপ খাওয়াচ্ছি এবং আজকে রাতে সেফ - ৩ খাওয়াইছি । আমি কি ঔষুধ চালিয়ে যাব নাকি অন্য কোন ঔষুধ খাও্য়াবো । আমি চাকরীর সুবাদে দুরে আছি পরামর্শ প্লীজ ।","বয়স ২ বছর ৪ মাস । ৪ / ৫ দিন হলো জ্বরে আক্রান্ত । ১০২ থেকে ৩ / ৪ ডিগ্রি জ্বর থাকে । শুকনা কাশি আছে । কিছু খেতে পারে না । কিছু খেলে কাশি হয় ও বমি করে । দুর্বল হয়ে পড়েছে । বমির সাথে রক্তও বের হয়েছে । জ্বরের জন্য নাপা সিরাপ , বমির জন্য ইমিসটেট সিরাপ ও কাশির জন্য এমবোলেট সিরাপ খাচ্ছে । রাতে সেফ - ৩ খেয়েছে । ওষুধ কি চালিয়ে যাবো নাকি অন্য ওষুধ খাওয়াবো ?","বয়স ২ বছর ৪ মাস। ৪/৫ দিন ধরে জ্বর নেই, তবে ১০২ থেকে ১০৪ ডিগ্রি পর্যন্ত ওঠে। ভেজা কাশি আছে, ভালোই খেতে পারে। খেলে কাশি কমে, বমি হয় না। তেমন দুর্বল হয়নি। বমিতে রক্ত বের হয়নি। জ্বরের জন্য নাপা সিরাপ, বমির জন্য ইমিসটেট","{
  ""claims"": [
    {
      ""claim"": ""বয়স ২ বছর ৪ মাস।"",
      ""supported_by"": ""আমার ছেলের বয়স ২ বছর ৪ মাস"",
      ""status"": ""supported""
    },
    {
      ""claim"": ""৪/৫ দিন ধরে জ্বর নেই।"",
      ""supported_by"": ""সে আজ প্রায় ৪ / ৫ দিন যাবৎ জ্বরে আক্রান্ত"",
      ""status"": ""contradicted""
    },
    {
      ""claim"": ""জ্বর ১০২ থেকে ১০৪ ডিগ্রি পর্যন্ত ওঠে।"",
      ""supported_by"": ""১০২ থেকে ৩ / ৪ ডিগ্রী পর্যন্ত উঠে"",
      ""status"": ""supported""
    },
    {
      ""claim"": ""ভেজা কাশি আছে।"",
      ""supported_by"": ""সাথে শুকনা কাশি আছে অনেক"",
      ""status"": ""contradicted""
    },
    {
      ""claim"": ""ভালোই খেতে পারে।"",
      ""supported_by"": ""কোন কিছুই খেতে পারে না"",
      ""status"": ""contradicted""
    },
    {
      ""claim"": ""খেলে কাশি কমে।"",
      ""supported_by"": """",
      ""status"": ""missing""
    },
    {
      ""claim"": ""বমি হয় না।"",
      ""supported_by"": ""খেলেই কাশতে কাশতে ভমি করে ফেলে দেয়"",
      ""status"": ""contradicted""
    },
    {
      ""claim"": ""তেমন দুর্বল হয়নি।"",
      ""supported_by"": ""দুর্বল হয়ে পরেছে অনেক"",
      ""status"": ""contradicted""
    },
    {
      ""claim"": ""বমিতে রক্ত বের হয়নি।"",
      ""supported_by"": ""একবার ভমিতে রক্তও বের হ্য়েছে"",
      ""status"": ""contradicted""
    },
    {
      ""claim"": ""জ্বরের জন্য নাপা সিরাপ খাচ্ছে।"",
      ""supported_by"": ""জ্বরের জন্যে নাপা সিরাপ"",
      ""status"": ""supported""
    },
    {
      ""claim"": ""বমির জন্য ইমিসটেট সিরাপ খাচ্ছে।"",
      ""supported_by"": ""বমির জন্যে ইমিসটেট সিরাপ"",
      ""status"": ""supported""
    }
  ],
  ""verdict"": ""yes""
}","[{""claim"": ""বয়স ২ বছর ৪ মাস।"", ""supported_by"": ""আমার ছেলের বয়স ২ বছর ৪ মাস"", ""status"": ""supported""}, {""claim"": ""৪/৫ দিন ধরে জ্বর নেই।"", ""supported_by"": ""সে আজ প্রায় ৪ / ৫ দিন যাবৎ জ্বরে আক্রান্ত"", ""status"": ""contradicted""}, {""claim"": ""জ্বর ১০২ থেকে ১০৪ ডিগ্রি পর্যন্ত ওঠে।"", ""supported_by"": ""১০২ থেকে ৩ / ৪ ডিগ্রী পর্যন্ত উঠে"", ""status"": ""supported""}, {""claim"": ""ভেজা কাশি আছে।"", ""supported_by"": ""সাথে শুকনা কাশি আছে অনেক"", ""status"": ""contradicted""}, {""claim"": ""ভালোই খেতে পারে।"", ""supported_by"": ""কোন কিছুই খেতে পারে না"", ""status"": ""contradicted""}, {""claim"": ""খেলে কাশি কমে।"", ""supported_by"": """", ""status"": ""missing""}, {""claim"": ""বমি হয় না।"", ""supported_by"": ""খেলেই কাশতে কাশতে ভমি করে ফেলে দেয়"", ""status"": ""contradicted""}, {""claim"": ""তেমন দুর্বল হয়নি।"", ""supported_by"": ""দুর্বল হয়ে পরেছে অনেক"", ""status"": ""contradicted""}, {""claim"": ""বমিতে রক্ত বের হয়নি।"", ""supported_by"": ""একবার ভমিতে রক্তও বের হ্য়েছে"", ""status"": ""contradicted""}, {""claim"": ""জ্বরের জন্য নাপা সিরাপ খাচ্ছে।"", ""supported_by"": ""জ্বরের জন্যে নাপা সিরাপ"", ""status"": ""supported""}, {""claim"": ""বমির জন্য ইমিসটেট সিরাপ খাচ্ছে।"", ""supported_by"": ""বমির জন্যে ইমিসটেট সিরাপ"", ""status"": ""supported""}]",yes,yes,11,4,6,1,0,,yes
17336::Factual Contradiction,17336,Factual Contradiction,"আমার অইফ এর দুইটি বাচ্চাই সিজারের মাধ্যমে হয়েছে । ছোট বাচ্চার বয়স আড়াই বছর হওয়ার পরেও তার পেট স্বভাবিক হচ্চে না । দেখা গেছে যে , যাদের নরমাল ডেলিভারী তাদের পেট স্বাভাবিক হয়ে গিয়েছে । আমার অইফ এর বয়স ২৪ বছর । সে খাবার নিয়নত্রন করে । আমার প্রশ্ন হচ্ছে সিজারে যাদের বাচ্চা হয় তাদের পেট কি একটু বড়ই থাকে , নাকি স্বাভাবিক হয় ? ?",বয়স ২৪ । সিজারে ছোট বাচ্চা হওয়ার পর থেকে পেট স্বাভাবিক হচ্ছে না । খাবার নিয়ন্ত্রণ করে । সিজারের পরে পেট কি বড়ই থাকে নাকি স্বাভাবিক হয় ?,বয়স ২৪। নরমাল ডেলিভারির পর ছোট বাচ্চা হওয়ার পর থেকেই পেট স্বাভাবিক হয়ে গেছে। খাবার নিয়ন্ত্রণ করে না। সিজারের পরে পেট সবসময় স্বাভাবিকই থাকে কি না জানতে চায়।,"{
  ""claims"": [
    {
      ""claim"": ""বয়স ২৪।"",
      ""supported_by"": ""আমার অইফ এর বয়স ২৪ বছর ।"",
      ""status"": ""supported""
    },
    {
      ""claim"": ""নরমাল ডেলিভারির পর ছোট বাচ্চা হওয়ার পর থেকেই পেট স্বাভাবিক হয়ে গেছে।"",
      ""supported_by"": ""যাদের নরমাল ডেলিভারী তাদের পেট স্বাভাবিক হয়ে গিয়েছে ।"",
      ""status"": ""supported""
    },
    {
      ""claim"": ""খাবার নিয়ন্ত্রণ করে না।"",
      ""supported_by"": ""সে খাবার নিয়নত্রন করে ।"",
      ""status"": ""contradicted""
    },
    {
      ""claim"": ""সিজারের পরে পেট সবসময় স্বাভাবিকই থাকে কি না জানতে চায়।"",
      ""supported_by"": ""আমার প্রশ্ন হচ্ছে সিজারে যাদের বাচ্চা হয় তাদের পেট কি একটু বড়ই থাকে , নাকি স্বাভাবিক হয় ? ?"",
      ""status"": ""supported""
    }
  ],
  ""verdict"": ""yes""
}","[{""claim"": ""বয়স ২৪।"", ""supported_by"": ""আমার অইফ এর বয়স ২৪ বছর ।"", ""status"": ""supported""}, {""claim"": ""নরমাল ডেলিভারির পর ছোট বাচ্চা হওয়ার পর থেকেই পেট স্বাভাবিক হয়ে গেছে।"", ""supported_by"": ""যাদের নরমাল ডেলিভারী তাদের পেট স্বাভাবিক হয়ে গিয়েছে ।"", ""status"": ""supported""}, {""claim"": ""খাবার নিয়ন্ত্রণ করে না।"", ""supported_by"": ""সে খাবার নিয়নত্রন করে ।"", ""status"": ""contradicted""}, {""claim"": ""সিজারের পরে পেট সবসময় স্বাভাবিকই থাকে কি না জানতে চায়।"", ""supported_by"": ""আমার প্রশ্ন হচ্ছে সিজারে যাদের বাচ্চা হয় তাদের পেট কি একটু বড়ই থাকে , নাকি স্বাভাবিক হয় ? ?"", ""status"": ""supported""}]",yes,yes,4,3,1,0,0,,yes
1563::Factual Contradiction,1563,Factual Contradiction,"স্যার আমার বড় আপুর বয়স ৩২ হবে , , আজ থেকে ২মাস আগে হঠাত ওনার হাতে পায়ে পানি নামে ( হাত পা ফুলে গেছে ) তো অনেক বলছে যে কিডনিতে সমস্যা হলে এমনটা হয় । তাই ড : এর কাছে নেওয়া হয় তাকে । বিভিন্য টেস্ট ( প্রস্রাব , রক্ত ) আরো কিছু টেস্ট করানো হয় এবং অনেক ওষধ দেয় ডা : , কিন্তু তার কোনো সমাধান হচ্চে না । ইতিমদ্দে ২জন বিশেষজ্ঞ ডা : দেখানো হয়েছে , কাজের কাহ কিছুই হচ্চে না । কিছু দিন ভালো থাকে আবার হাতে পায়ে এবং প্রায় শরীরেই পানি নামে , । এখন আমাদের করণীয় কি ?","বয়স ৩২ । ২মাস আগে হাতে পায়ে পানি নামে । প্রস্রাব , রক্ত আরো কিছু টেস্ট করানো হয় এবং অনেক ওষধ দেয় ডা : কিন্তু কোনো সমাধান হচ্ছে না ।","বয়স ৩২। ২মাস আগে হাতে পায়ে পানি নামেনি, বরং ফোলা কমে গেছে। প্রস্রাব, রক্তসহ কিছু টেস্ট করানো হয়নি এবং ডাক্তার কোনো ওষুধও দেননি, তাই এখনো সমাধান হচ্ছে না।","{
  ""claims"": [
    {
      ""claim"": ""বয়স ৩২।"",
      ""supported_by"": ""স্যার আমার বড় আপুর বয়স ৩২ হবে"",
      ""status"": ""supported""
    },
    {
      ""claim"": ""২মাস আগে হাতে পায়ে পানি নামেনি, বরং ফোলা কমে গেছে।"",
      ""supported_by"": ""আজ থেকে ২মাস আগে হঠাত ওনার হাতে পায়ে পানি নামে ( হাত পা ফুলে গেছে )"",
      ""status"": ""contradicted""
    },
    {
      ""claim"": ""প্রস্রাব, রক্তসহ কিছু টেস্ট করানো হয়নি"",
      ""supported_by"": ""বিভিন্য টেস্ট ( প্রস্রাব , রক্ত ) আরো কিছু টেস্ট করানো হয়"",
      ""status"": ""contradicted""
    },
    {
      ""claim"": ""ডাক্তার কোনো ওষুধও দেননি"",
      ""supported_by"": ""অনেক ওষধ দেয় ডা :"",
      ""status"": ""contradicted""
    },
    {
      ""claim"": ""তাই এখনো সমাধান হচ্ছে না।"",
      ""supported_by"": ""কিন্তু তার কোনো সমাধান হচ্চে না"",
      ""status"": ""supported""
    }
  ],
  ""verdict"": ""yes""
}","[{""claim"": ""বয়স ৩২।"", ""supported_by"": ""স্যার আমার বড় আপুর বয়স ৩২ হবে"", ""status"": ""supported""}, {""claim"": ""২মাস আগে হাতে পায়ে পানি নামেনি, বরং ফোলা কমে গেছে।"", ""supported_by"": ""আজ থেকে ২মাস আগে হঠাত ওনার হাতে পায়ে পানি নামে ( হাত পা ফুলে গেছে )"", ""status"": ""contradicted""}, {""claim"": ""প্রস্রাব, রক্তসহ কিছু টেস্ট করানো হয়নি"", ""supported_by"": ""বিভিন্য টেস্ট ( প্রস্রাব , রক্ত ) আরো কিছু টেস্ট করানো হয়"", ""status"": ""contradicted""}, {""claim"": ""ডাক্তার কোনো ওষুধও দেননি"", ""supported_by"": ""অনেক ওষধ দেয় ডা :"", ""status"": ""contradicted""}, {""claim"": ""তাই এখনো সমাধান হচ্ছে না।"", ""supported_by"": ""কিন্তু তার কোনো সমাধান হচ্চে না"", ""status"": ""supported""}]",yes,yes,5,2,3,0,0,,yes
21102::Intrinsic,21102,Intrinsic,আসসালামু আলাইকুম আমার আম্মুর বয়স ৪৮ বছর আম্মুর গা কাঁপে ও চোখে সর্ষে ফুলের মতো দেখে এখন কোন ঔষদ বা চিকিৎসা করাবো ? ( বিঃ দ্র : আম্মু ছোট করে ব্রইন স্টোক করছে এবং হার্টের ও একটু সমস্যা আছে তার জন্য ইকোস্প্রিন ৭৫ ও সেরেভাস খেয়ে থাকেন ।,"৪৮ বছর বয়সী নারী । হার্টের সমস্যার জন্য echosprin 75 , serovas খান , ব্রেইন স্ট্রোক হয়েছে আগে , গা কাঁপে এবং চোখে সরশেফুল দেখে । সমাধান কী ?","৪৮ বছর বয়সী নারী। আগে বড় ধরনের ব্রেইন স্ট্রোক হয়েছিল, হার্টের সমস্যার জন্য নিয়মিত ইকোস্প্রিন ৭৫ ও সেরেভাস খান। এখন হাত-পা কাঁপে, মাথা ঘোরে এবং চোখে ঝাপসা-সর্ষেফুলের মতো দেখেন। কী চিকিৎসা দরকার?","{
  ""claims"": [
    {
      ""claim"": ""৪৮ বছর বয়সী নারী।"",
      ""supported_by"": ""আম্মুর বয়স ৪৮ বছর"",
      ""status"": ""supported""
    },
    {
      ""claim"": ""আগে বড় ধরনের ব্রেইন স্ট্রোক হয়েছিল।"",
      ""supported_by"": ""আম্মু ছোট করে ব্রইন স্টোক করছে"",
      ""status"": ""supported""
    },
    {
      ""claim"": ""হার্টের সমস্যার জন্য নিয়মিত ইকোস্প্রিন ৭৫ ও সেরেভাস খান।"",
      ""supported_by"": ""হার্টের ও একটু সমস্যা আছে তার জন্য ইকোস্প্রিন ৭৫ ও সেরেভাস খেয়ে থাকেন"",
      ""status"": ""supported""
    },
    {
      ""claim"": ""এখন হাত-পা কাঁপে।"",
      ""supported_by"": ""আম্মুর গা কাঁপে"",
      ""status"": ""supported""
    },
    {
      ""claim"": ""এখন মাথা ঘোরে।"",
      ""supported_by"": """",
      ""status"": ""missing""
    },
    {
      ""claim"": ""চোখে ঝাপসা-সর্ষেফুলের মতো দেখেন।"",
      ""supported_by"": ""চোখে সর্ষে ফুলের মতো দেখে"",
      ""status"": ""supported""
    },
    {
      ""claim"": ""কী চিকিৎসা দরকার?"",
      ""supported_by"": ""এখন কোন ঔষদ বা চিকিৎসা করাবো ?"",
      ""status"": ""supported""
    }
  ],
  ""verdict"": ""yes""
}","[{""claim"": ""৪৮ বছর বয়সী নারী।"", ""supported_by"": ""আম্মুর বয়স ৪৮ বছর"", ""status"": ""supported""}, {""claim"": ""আগে বড় ধরনের ব্রেইন স্ট্রোক হয়েছিল।"", ""supported_by"": ""আম্মু ছোট করে ব্রইন স্টোক করছে"", ""status"": ""supported""}, {""claim"": ""হার্টের সমস্যার জন্য নিয়মিত ইকোস্প্রিন ৭৫ ও সেরেভাস খান।"", ""supported_by"": ""হার্টের ও একটু সমস্যা আছে তার জন্য ইকোস্প্রিন ৭৫ ও সেরেভাস খেয়ে থাকেন"", ""status"": ""supported""}, {""claim"": ""এখন হাত-পা কাঁপে।"", ""supported_by"": ""আম্মুর গা কাঁপে"", ""status"": ""supported""}, {""claim"": ""এখন মাথা ঘোরে।"", ""supported_by"": """", ""status"": ""missing""}, {""claim"": ""চোখে ঝাপসা-সর্ষেফুলের মতো দেখেন।"", ""supported_by"": ""চোখে সর্ষে ফুলের মতো দেখে"", ""status"": ""supported""}, {""claim"": ""কী চিকিৎসা দরকার?"", ""supported_by"": ""এখন কোন ঔষদ বা চিকিৎসা করাবো ?"", ""status"": ""supported""}]",yes,no,7,6,0,1,1,,yes
17306::Non-factual,17306,Non-factual,"আমার আম্মার বয়স ৪৫ . উনি প্রেশারের ট্যবলেট ওসারটিল ৫০ প্লাস খান । উনি ইদানীং খেলে , পেট ভরে নাহ । পেট খালি - ই হয়ে থাকে আর হাত পা কাঁপে । উনার ডায়াবেটিস পরিক্ষা করে খাবার আগে ৫ . ৫ আর খাবারের ২ ঘন্টা পর ১০ . ৮ পাওয়া গেছে । উনার কি ডায়াবেটিস হয়েছে ? ? ? ? ? কাইন্ডলি জানাবেন প্লিজ । হাত পা কাপুনি আর পেট ভরা থাকার জন্য যদি কোনো ঔষধ দিতেন তবে খুব উপকৃত হতাম ।",বয়স ৪৫ । খেলে পেট ভরেনা হাত পা কাপে । ডায়াবেটিস খাবার আগে ৫ . ৫ খাবারের ২ ঘণ্টা পর ১০ . ৮ ।,"বয়স ৪৫। ওসারটিল ৫০ প্লাস খাচ্ছেন। খেলে পেট ভরে না, হাত-পা কাঁপে। ডায়াবেটিস খাবার আগে ৬.৮, খাবারের ২ ঘণ্টা পর ১১.২ পাওয়া গেছে।","{
  ""claims"": [
    {
      ""claim"": ""বয়স ৪৫।"",
      ""supported_by"": ""আমার আম্মার বয়স ৪৫ ."",
      ""status"": ""supported""
    },
    {
      ""claim"": ""ওসারটিল ৫০ প্লাস খাচ্ছেন।"",
      ""supported_by"": ""উনি প্রেশারের ট্যবলেট ওসারটিল ৫০ প্লাস খান ।"",
      ""status"": ""supported""
    },
    {
      ""claim"": ""খেলে পেট ভরে না।"",
      ""supported_by"": ""উনি ইদানীং খেলে , পেট ভরে নাহ ।"",
      ""status"": ""supported""
    },
    {
      ""claim"": ""হাত-পা কাঁপে।"",
      ""supported_by"": ""আর হাত পা কাঁপে ।"",
      ""status"": ""supported""
    },
    {
      ""claim"": ""ডায়াবেটিস খাবার আগে ৬.৮, খাবারের ২ ঘণ্টা পর ১১.২ পাওয়া গেছে।"",
      ""supported_by"": ""উনার ডায়াবেটিস পরিক্ষা করে খাবার আগে ৫ . ৫ আর খাবারের ২ ঘন্টা পর ১০ . ৮ পাওয়া গেছে ।"",
      ""status"": ""contradicted""
    }
  ],
  ""verdict"": ""yes""
}","[{""claim"": ""বয়স ৪৫।"", ""supported_by"": ""আমার আম্মার বয়স ৪৫ ."", ""status"": ""supported""}, {""claim"": ""ওসারটিল ৫০ প্লাস খাচ্ছেন।"", ""supported_by"": ""উনি প্রেশারের ট্যবলেট ওসারটিল ৫০ প্লাস খান ।"", ""status"": ""supported""}, {""claim"": ""খেলে পেট ভরে না।"", ""supported_by"": ""উনি ইদানীং খেলে , পেট ভরে নাহ ।"", ""status"": ""supported""}, {""claim"": ""হাত-পা কাঁপে।"", ""supported_by"": ""আর হাত পা কাঁপে ।"", ""status"": ""supported""}, {""claim"": ""ডায়াবেটিস খাবার আগে ৬.৮, খাবারের ২ ঘণ্টা পর ১১.২ পাওয়া গেছে।"", ""supported_by"": ""উনার ডায়াবেটিস পরিক্ষা করে খাবার আগে ৫ . ৫ আর খাবারের ২ ঘন্টা পর ১০ . ৮ পাওয়া গেছে ।"", ""status"": ""contradicted""}]",yes,yes,5,4,1,0,0,,yes
21751::Non-factual,21751,Non-factual,"আমার মায়ের পরিবারের সবার জিনেটিকালি চোখের গ্লোকোমা প্রভলেম । সেইজন্য আমি সনাতন পদ্ধতিতে আমার চোখের প্রেশার পরীক্ষা করাই , রিপোর্ট আসে ডান চোখে - ২০ . ১ মি . মি . আর বাম চোখে ১৮ . ৫ মি . মি । বর্তমানে আমার বয়স ২৪ বছর । আমার প্রশ্ন হচ্ছে , এইটার পরিমাণ কী দিন দিন বৃদ্ধি পাবে ? ? ? এটি দমন করতে বিশেষ কোনো নির্দেশনা কিছু কি ফলো করা লাগবে ? ? ? আর বর্তমান সময়ে আমি কী করতে পারি",বয়স ২৪ । জেনেটিকালি চোখের গ্লোকোমা প্রবলেম । পরীক্ষা করলে চোখের প্রেসার ডান চোখে ২০ . ১ মি . মি ও বাম চোখে ১৮ . ৫ মি . মি । এটা কি দিন দিন বৃদ্ধি পাবে ? কি ওষুধ ?,বয়স ২৪। পরিবারে জেনেটিকালি চোখের গ্লোকোমা প্রবলেম। পরীক্ষা করলে চোখের প্রেসার ডান চোখে ২২.৪ মি.মি ও বাম চোখে ১৯.৮ মি.মি। এটা কি ধীরে ধীরে বাড়বে? টিমোলল ড্রপ বা অন্য কী ওষুধ লাগবে?,"{
  ""claims"": [
    {
      ""claim"": ""বয়স ২৪।"",
      ""supported_by"": ""বর্তমানে আমার বয়স ২৪ বছর ।"",
      ""status"": ""supported""
    },
    {
      ""claim"": ""পরিবারে জেনেটিকালি চোখের গ্লোকোমা প্রবলেম।"",
      ""supported_by"": ""আমার মায়ের পরিবারের সবার জিনেটিকালি চোখের গ্লোকোমা প্রভলেম ।"",
      ""status"": ""supported""
    },
    {
      ""claim"": ""পরীক্ষা করলে চোখের প্রেসার ডান চোখে ২২.৪ মি.মি ও বাম চোখে ১৯.৮ মি.মি।"",
      ""supported_by"": ""রিপোর্ট আসে ডান চোখে - ২০ . ১ মি . মি . আর বাম চোখে ১৮ . ৫ মি . মি ।"",
      ""status"": ""contradicted""
    },
    {
      ""claim"": ""এটা কি ধীরে ধীরে বাড়বে?"",
      ""supported_by"": ""আমার প্রশ্ন হচ্ছে , এইটার পরিমাণ কী দিন দিন বৃদ্ধি পাবে ? ? ?"",
      ""status"": ""supported""
    },
    {
      ""claim"": ""টিমোলল ড্রপ বা অন্য কী ওষুধ লাগবে?"",
      ""supported_by"": """",
      ""status"": ""missing""
    }
  ],
  ""verdict"": ""yes""
}","[{""claim"": ""বয়স ২৪।"", ""supported_by"": ""বর্তমানে আমার বয়স ২৪ বছর ।"", ""status"": ""supported""}, {""claim"": ""পরিবারে জেনেটিকালি চোখের গ্লোকোমা প্রবলেম।"", ""supported_by"": ""আমার মায়ের পরিবারের সবার জিনেটিকালি চোখের গ্লোকোমা প্রভলেম ।"", ""status"": ""supported""}, {""claim"": ""পরীক্ষা করলে চোখের প্রেসার ডান চোখে ২২.৪ মি.মি ও বাম চোখে ১৯.৮ মি.মি।"", ""supported_by"": ""রিপোর্ট আসে ডান চোখে - ২০ . ১ মি . মি . আর বাম চোখে ১৮ . ৫ মি . মি ।"", ""status"": ""contradicted""}, {""claim"": ""এটা কি ধীরে ধীরে বাড়বে?"", ""supported_by"": ""আমার প্রশ্ন হচ্ছে , এইটার পরিমাণ কী দিন দিন বৃদ্ধি পাবে ? ? ?"", ""status"": ""supported""}, {""claim"": ""টিমোলল ড্রপ বা অন্য কী ওষুধ লাগবে?"", ""supported_by"": """", ""status"": ""missing""}]",yes,yes,5,3,1,1,0,,yes
19580::Non-factual,19580,Non-factual,"আমার বয়স ৩৩ বছর । আমার ডায়াবেটিকস নেই । তবুও খুবই ঘনঘন / বারেবারে প্রসাব চাপে প্রতি ঘন্টায় ১ বার প্রসাব করতে হয় । প্রসাবের চাপ খুবই বেশি থাকে , যেকারনে প্রসাব না করা পযন্ত অস্বস্তিতে থাকি । জল খুব বেশি পান করা হয়না । সারাদিনে ২ থেকে ৩ লিটার জল পান করা হয় । আমি কিভাবে এই ঘনঘন প্রসাবের থেকে পরিত্রাণ পেতে পারি ।",বয়স ৩৩ । ডায়াবেটিস নেই । ঘন ঘন প্রস্রাব হয় ও চাপ বেশি থাকে । কি করনীয় ?,বয়স ৩৩। ডায়াবেটিস নেই। প্রতি আধা ঘণ্টায় ঘন ঘন প্রস্রাব হয় ও চাপ খুব বেশি থাকে। দিনে প্রায় ৪ লিটার পানি পান করেন। কী করণীয়?,"{
  ""claims"": [
    {
      ""claim"": ""বয়স ৩৩।"",
      ""supported_by"": ""আমার বয়স ৩৩ বছর ।"",
      ""status"": ""supported""
    },
    {
      ""claim"": ""ডায়াবেটিস নেই।"",
      ""supported_by"": ""আমার ডায়াবেটিকস নেই ।"",
      ""status"": ""supported""
    },
    {
      ""claim"": ""প্রতি আধা ঘণ্টায় ঘন ঘন প্রস্রাব হয় ও চাপ খুব বেশি থাকে।"",
      ""supported_by"": ""তবুও খুবই ঘনঘন / বারেবারে প্রসাব চাপে প্রতি ঘন্টায় ১ বার প্রসাব করতে হয় । প্রসাবের চাপ খুবই বেশি থাকে"",
      ""status"": ""contradicted""
    },
    {
      ""claim"": ""দিনে প্রায় ৪ লিটার পানি পান করেন।"",
      ""supported_by"": ""সারাদিনে ২ থেকে ৩ লিটার জল পান করা হয় ।"",
      ""status"": ""contradicted""
    },
    {
      ""claim"": ""কী করণীয়?"",
      ""supported_by"": """",
      ""status"": ""missing""
    }
  ],
  ""verdict"": ""yes""
}","[{""claim"": ""বয়স ৩৩।"", ""supported_by"": ""আমার বয়স ৩৩ বছর ।"", ""status"": ""supported""}, {""claim"": ""ডায়াবেটিস নেই।"", ""supported_by"": ""আমার ডায়াবেটিকস নেই ।"", ""status"": ""supported""}, {""claim"": ""প্রতি আধা ঘণ্টায় ঘন ঘন প্রস্রাব হয় ও চাপ খুব বেশি থাকে।"", ""supported_by"": ""তবুও খুবই ঘনঘন / বারেবারে প্রসাব চাপে প্রতি ঘন্টায় ১ বার প্রসাব করতে হয় । প্রসাবের চাপ খুবই বেশি থাকে"", ""status"": ""contradicted""}, {""claim"": ""দিনে প্রায় ৪ লিটার পানি পান করেন।"", ""supported_by"": ""সারাদিনে ২ থেকে ৩ লিটার জল পান করা হয় ।"", ""status"": ""contradicted""}, {""claim"": ""কী করণীয়?"", ""supported_by"": """", ""status"": ""missing""}]",yes,yes,5,2,2,1,0,,yes
21591::Intrinsic,21591,Intrinsic,আসসালামু আলাইকুম আমার ছোট ভাইকে নিয়ে আমি খুব চিন্তিত আছি । ওর খাদ্যনালীতে মাংস বৃদ্ধি পেয়েছে এন্ডোসকপি করার মাধ্যমে জানতে পেরেছি । ওকে অপারেশন করা হয়েছে । কিন্তু তারপরও ভাল হচ্ছেনা আগের মতনই আছে বমি বমি ভাব থাকছে অলটাইম এবং বমি করছে । আমি কি করতে পারি আর যদি একটু পরামর্শ দিতেন । খুবই উপকৃত হতাম ।,endoscopy তে জানা গেছে খাদ্যনালীতে মাংস বৃদ্ধি পেয়েছে । অপারেশানের পরেও আগের মতনই বমি বমি ভাব এবং বমি হচ্ছে । সমাধান কী ?,এন্ডোস্কপিতে জানা গেছে খাদ্যনালীতে টিউমারের মতো মাংস বৃদ্ধি পেয়েছে। অপারেশনের পরও আগের মতোই সব খাবার খেলেই বমি বমি ভাব ও ঘন ঘন বমি হচ্ছে। এখন কী চিকিৎসা বা করণীয়?,"{
  ""claims"": [
    {
      ""claim"": ""এন্ডোস্কপিতে জানা গেছে খাদ্যনালীতে টিউমারের মতো মাংস বৃদ্ধি পেয়েছে।"",
      ""supported_by"": ""ওর খাদ্যনালীতে মাংস বৃদ্ধি পেয়েছে এন্ডোসকপি করার মাধ্যমে জানতে পেরেছি ।"",
      ""status"": ""supported""
    },
    {
      ""claim"": ""অপারেশনের পরও আগের মতোই সব খাবার খেলেই বমি বমি ভাব ও ঘন ঘন বমি হচ্ছে।"",
      ""supported_by"": ""ওকে অপারেশন করা হয়েছে । কিন্তু তারপরও ভাল হচ্ছেনা আগের মতনই আছে বমি বমি ভাব থাকছে অলটাইম এবং বমি করছে ।"",
      ""status"": ""supported""
    },
    {
      ""claim"": ""এখন কী চিকিৎসা বা করণীয়?"",
      ""supported_by"": """",
      ""status"": ""missing""
    }
  ],
  ""verdict"": ""no""
}","[{""claim"": ""এন্ডোস্কপিতে জানা গেছে খাদ্যনালীতে টিউমারের মতো মাংস বৃদ্ধি পেয়েছে।"", ""supported_by"": ""ওর খাদ্যনালীতে মাংস বৃদ্ধি পেয়েছে এন্ডোসকপি করার মাধ্যমে জানতে পেরেছি ।"", ""status"": ""supported""}, {""claim"": ""অপারেশনের পরও আগের মতোই সব খাবার খেলেই বমি বমি ভাব ও ঘন ঘন বমি হচ্ছে।"", ""supported_by"": ""ওকে অপারেশন করা হয়েছে । কিন্তু তারপরও ভাল হচ্ছেনা আগের মতনই আছে বমি বমি ভাব থাকছে অলটাইম এবং বমি করছে ।"", ""status"": ""supported""}, {""claim"": ""এখন কী চিকিৎসা বা করণীয়?"", ""supported_by"": """", ""status"": ""missing""}]",no,yes,3,2,0,1,1,,no
1577::Factual Contradiction,1577,Factual Contradiction,"স্যার , আমার বড় ভাইর বয়স ৩৬ বছর , ওজন ৭০ কেজি , উচ্চতা ৫ ' ৬ "" । আমার ভাইর কিডনিতে পাথর হয়েছে আজকে পাচ বছর , যার পরিমান ১ মিমি । কিন্তু পাথরটি ঔষধ খাওয়ার পর গলে যায় আবার চার ছয় মাস পর আবার দেখা দেয় । পাথর দেখা দেয়ার পর প্রসাবের জ্বালাপোড়া হয় । এ অবস্থা কি করা । ভাই সৌদিতে থাকে ।",বয়স ৩৬ । ৫ বছর হলো কিডনিতে পাথর যা ১ মিমি । ওষুধ খেলে গলে যায় । ৪ মাস পর আবার হয় । পাথরের জন্য প্রস্রাবে জ্বালাপোড়া হয় । কি করনীয় ?,বয়স ৩৬। ৫ বছর হলো কিডনিতে পাথর যা ১ সেমি। ওষুধ খেলেও গলে যায় না। ৪–৬ মাস পর আবার হয় না। পাথর হলে প্রস্রাবে জ্বালাপোড়া হয় না। কী করণীয়?,"{
  ""claims"": [
    {
      ""claim"": ""বয়স ৩৬।"",
      ""supported_by"": ""আমার বড় ভাইর বয়স ৩৬ বছর"",
      ""status"": ""supported""
    },
    {
      ""claim"": ""৫ বছর হলো কিডনিতে পাথর যা ১ সেমি।"",
      ""supported_by"": ""কিডনিতে পাথর হয়েছে আজকে পাচ বছর , যার পরিমান ১ মিমি"",
      ""status"": ""contradicted""
    },
    {
      ""claim"": ""ওষুধ খেলেও গলে যায় না।"",
      ""supported_by"": ""পাথরটি ঔষধ খাওয়ার পর গলে যায়"",
      ""status"": ""contradicted""
    },
    {
      ""claim"": ""৪–৬ মাস পর আবার হয় না।"",
      ""supported_by"": ""আবার চার ছয় মাস পর আবার দেখা দেয়"",
      ""status"": ""contradicted""
    },
    {
      ""claim"": ""পাথর হলে প্রস্রাবে জ্বালাপোড়া হয় না।"",
      ""supported_by"": ""পাথর দেখা দেয়ার পর প্রসাবের জ্বালাপোড়া হয়"",
      ""status"": ""contradicted""
    },
    {
      ""claim"": ""কী করণীয়?"",
      ""supported_by"": ""এ অবস্থা কি করা"",
      ""status"": ""supported""
    }
  ],
  ""verdict"": ""no""
}","[{""claim"": ""বয়স ৩৬।"", ""supported_by"": ""আমার বড় ভাইর বয়স ৩৬ বছর"", ""status"": ""supported""}, {""claim"": ""৫ বছর হলো কিডনিতে পাথর যা ১ সেমি।"", ""supported_by"": ""কিডনিতে পাথর হয়েছে আজকে পাচ বছর , যার পরিমান ১ মিমি"", ""status"": ""contradicted""}, {""claim"": ""ওষুধ খেলেও গলে যায় না।"", ""supported_by"": ""পাথরটি ঔষধ খাওয়ার পর গলে যায়"", ""status"": ""contradicted""}, {""claim"": ""৪–৬ মাস পর আবার হয় না।"", ""supported_by"": ""আবার চার ছয় মাস পর আবার দেখা দেয়"", ""status"": ""contradicted""}, {""claim"": ""পাথর হলে প্রস্রাবে জ্বালাপোড়া হয় না।"", ""supported_by"": ""পাথর দেখা দেয়ার পর প্রসাবের জ্বালাপোড়া হয়"", ""status"": ""contradicted""}, {""claim"": ""কী করণীয়?"", ""supported_by"": ""এ অবস্থা কি করা"", ""status"": ""supported""}]",no,yes,6,2,4,0,1,,no
23226::Non-factual,23226,Non-factual,আসসালামু আলাইকুম . . মানসিক চাপ কমানোর জন্য এবং অনিয়মিত ঘুমের জন্য প্রায় তিন বছর যাবত আমি রিভোট্রিল 2 এমজি গ্রহণ করে আসছিলাম . . এখন আমি এটা বাদ দিতে চাচ্ছি কিন্তু প্রায় প্রতিদিন গ্রহণ করার ফলে আমি এটার প্রতি আসক্ত হয়ে পড়েছি . . যদি বাদ দেই তাহলে আমার বিভিন্ন রকম পার্শ্ব প্রতিক্রিয়া দেখা দিচ্ছে এবং আমার স্বাভাবিক কাজকর্মে ব্যাঘাত ঘটে এবং নিজের উপর কোনো কন্ট্রোল থাকেনা . . এটা থেকে বের হয়ে আসার উপায় খুঁজে পাচ্ছিনা . . আপনাদের মূল্যবান পরামর্শ আশা করছি,"মানসিক চাপ কমানো এবং অনিয়মিত ঘুমের জন্য তিন বছর যাবত রিভোট্রিল 2 এমজি খাই । এটা খাওয়া বাদ দিতে চাইলে পারি না , কাজে ব্যঘাত ঘটে , নেশার মতো কাজ করে ।","মানসিক চাপ কমানো ও অনিয়মিত ঘুমের জন্য প্রায় চার বছর ধরে রিভোট্রিল ১ এমজি খাই। এখন এটা ছাড়তে গেলে প্রতিদিন মাথা ঘোরা, অস্থিরতা হয়, কাজকর্মে ব্যাঘাত ঘটে এবং নেশার মতো নির্ভরশীল হয়ে পড়েছি।","{
  ""claims"": [
    {
      ""claim"": ""মানসিক চাপ কমানো ও অনিয়মিত ঘুমের জন্য প্রায় চার বছর ধরে রিভোট্রিল ১ এমজি খাই।"",
      ""supported_by"": ""মানসিক চাপ কমানোর জন্য এবং অনিয়মিত ঘুমের জন্য প্রায় তিন বছর যাবত আমি রিভোট্রিল 2 এমজি গ্রহণ করে আসছিলাম"",
      ""status"": ""contradicted""
    },
    {
      ""claim"": ""এখন এটা ছাড়তে গেলে প্রতিদিন মাথা ঘোরা, অস্থিরতা হয়, কাজকর্মে ব্যাঘাত ঘটে"",
      ""supported_by"": ""যদি বাদ দেই তাহলে আমার বিভিন্ন রকম পার্শ্ব প্রতিক্রিয়া দেখা দিচ্ছে এবং আমার স্বাভাবিক কাজকর্মে ব্যাঘাত ঘটে"",
      ""status"": ""supported""
    },
    {
      ""claim"": ""নেশার মতো নির্ভরশীল হয়ে পড়েছি।"",
      ""supported_by"": ""প্রায় প্রতিদিন গ্রহণ করার ফলে আমি এটার প্রতি আসক্ত হয়ে পড়েছি"",
      ""status"": ""supported""
    }
  ],
  ""verdict"": ""yes""
}","[{""claim"": ""মানসিক চাপ কমানো ও অনিয়মিত ঘুমের জন্য প্রায় চার বছর ধরে রিভোট্রিল ১ এমজি খাই।"", ""supported_by"": ""মানসিক চাপ কমানোর জন্য এবং অনিয়মিত ঘুমের জন্য প্রায় তিন বছর যাবত আমি রিভোট্রিল 2 এমজি গ্রহণ করে আসছিলাম"", ""status"": ""contradicted""}, {""claim"": ""এখন এটা ছাড়তে গেলে প্রতিদিন মাথা ঘোরা, অস্থিরতা হয়, কাজকর্মে ব্যাঘাত ঘটে"", ""supported_by"": ""যদি বাদ দেই তাহলে আমার বিভিন্ন রকম পার্শ্ব প্রতিক্রিয়া দেখা দিচ্ছে এবং আমার স্বাভাবিক কাজকর্মে ব্যাঘাত ঘটে"", ""status"": ""supported""}, {""claim"": ""নেশার মতো নির্ভরশীল হয়ে পড়েছি।"", ""supported_by"": ""প্রায় প্রতিদিন গ্রহণ করার ফলে আমি এটার প্রতি আসক্ত হয়ে পড়েছি"", ""status"": ""supported""}]",yes,yes,3,2,1,0,0,,yes
17595::Non-factual,17595,Non-factual,"আমার মেয়ে বয়স ১০ বছর প্রায় ১বৎসর যাবৎ বিভিন্ন যায়গায় মেডিসিন , শিশু , কিডনি শেষ শিশুহাসপাতালে পেডিয়েট্রিকস ও সার্জারি বিভাগেও ডাক্তার দেখিয়েছি সকল প্রকার ব্লাড , আলট্রাস্নোগ্রাম ও এন্ডোসকপি করিয়েছি সব রির্পোট নরমাল সব ডাক্তার রির্পোট দেখে শুধু গেসটিকের আর কিমির ঔষধ ছাড়া কিছুই দেয় না আর কিছু খাবারের নিয়ম দেয় তাদের সাজেশন মতই চলি কিন্তুু কিছুতেই পেট ব্যাথা কমে না রাএে ব্যাথা বেশি হয় দিনে কম থাকে ব্যাথা নাভির চারপাশেই থাকে এখন আমরা কি করতে পারি কোথায় গেলে সমাধান পাব জানালে উপকৃত হব ।",বয়স ১০ বছর । রাতে পেট বেশি ব্যাথা হয় কিন্তু দিনে কম হয় । ব্যাথা নাভীর চারপাশে থাকে । কি করনীয় ?,"বয়স ১০ বছর। গত ২ বছর ধরে রাতে পেট বেশি ব্যথা হয়, দিনে কম থাকে। ব্যথা নাভীর চারপাশে থাকে। ঢাকা মেডিকেলেও দেখানো হয়েছে। কী করণীয়?","{
  ""claims"": [
    {
      ""claim"": ""বয়স ১০ বছর।"",
      ""supported_by"": ""আমার মেয়ে বয়স ১০ বছর"",
      ""status"": ""supported""
    },
    {
      ""claim"": ""গত ২ বছর ধরে রাতে পেট বেশি ব্যথা হয়, দিনে কম থাকে।"",
      ""supported_by"": ""প্রায় ১বৎসর যাবৎ ... রাএে ব্যাথা বেশি হয় দিনে কম থাকে"",
      ""status"": ""supported""
    },
    {
      ""claim"": ""ব্যথা নাভীর চারপাশে থাকে।"",
      ""supported_by"": ""ব্যাথা নাভির চারপাশেই থাকে"",
      ""status"": ""supported""
    },
    {
      ""claim"": ""ঢাকা মেডিকেলেও দেখানো হয়েছে।"",
      ""supported_by"": """",
      ""status"": ""missing""
    },
    {
      ""claim"": ""কী করণীয়?"",
      ""supported_by"": """",
      ""status"": ""missing""
    }
  ],
  ""verdict"": ""yes""
}","[{""claim"": ""বয়স ১০ বছর।"", ""supported_by"": ""আমার মেয়ে বয়স ১০ বছর"", ""status"": ""supported""}, {""claim"": ""গত ২ বছর ধরে রাতে পেট বেশি ব্যথা হয়, দিনে কম থাকে।"", ""supported_by"": ""প্রায় ১বৎসর যাবৎ ... রাএে ব্যাথা বেশি হয় দিনে কম থাকে"", ""status"": ""supported""}, {""claim"": ""ব্যথা নাভীর চারপাশে থাকে।"", ""supported_by"": ""ব্যাথা নাভির চারপাশেই থাকে"", ""status"": ""supported""}, {""claim"": ""ঢাকা মেডিকেলেও দেখানো হয়েছে।"", ""supported_by"": """", ""status"": ""missing""}, {""claim"": ""কী করণীয়?"", ""supported_by"": """", ""status"": ""missing""}]",yes,yes,5,3,0,2,0,,yes
2113::Factual Contradiction,2113,Factual Contradiction,"কয়েকমাস যাবত আমি একটু হাটলেই আর হাটতে পারি না , হাটু ফোল্ড করে ফ্লোরে বসতে পারি না , ব্যাথা লাগে । ক্যালসিয়াম জাতিয় ঔষধ ৩ মাস খেয়েছি , কোন উপকার হয়েছে বলে মনর হয়না । এখন কি ঔষধ খাওয়া চালিয়ে যাবো নাকি থেরাপি ডাক্তার দেখাবো বুঝতে পারছি না । পরামর্শ দিলে উপকৃত হতাম ।","বেশি হাঁটতে পারেন না , হাঁটু গেঁড়ে বসতে পারেন না , calcium জাতীয় ওষুধ ৩ মাস খেয়ে উপকার হয়নাই । থেরাপি বা ওষুধ - কী করা যেতে পারে ?","অনেকদিন ধরে স্বাভাবিকভাবে হাঁটতে পারছেন, হাঁটু গেঁড়ে ফ্লোরে বসতেও সমস্যা নেই, ক্যালসিয়াম জাতীয় ওষুধ ৩ মাস খেয়ে উপকার হয়েছে। এখন থেরাপি নাকি ওষুধ বন্ধ করবেন—এ বিষয়ে পরামর্শ চান।","{
  ""claims"": [
    {
      ""claim"": ""অনেকদিন ধরে স্বাভাবিকভাবে হাঁটতে পারছেন"",
      ""supported_by"": ""কয়েকমাস যাবত আমি একটু হাটলেই আর হাটতে পারি না"",
      ""status"": ""contradicted""
    },
    {
      ""claim"": ""হাঁটু গেঁড়ে ফ্লোরে বসতেও সমস্যা নেই"",
      ""supported_by"": ""হাটু ফোল্ড করে ফ্লোরে বসতে পারি না , ব্যাথা লাগে"",
      ""status"": ""contradicted""
    },
    {
      ""claim"": ""ক্যালসিয়াম জাতীয় ওষুধ ৩ মাস খেয়ে উপকার হয়েছে"",
      ""supported_by"": ""ক্যালসিয়াম জাতিয় ঔষধ ৩ মাস খেয়েছি , কোন উপকার হয়েছে বলে মনর হয়না"",
      ""status"": ""contradicted""
    },
    {
      ""claim"": ""এখন থেরাপি নাকি ওষুধ বন্ধ করবেন—এ বিষয়ে পরামর্শ চান"",
      ""supported_by"": ""এখন কি ঔষধ খাওয়া চালিয়ে যাবো নাকি থেরাপি ডাক্তার দেখাবো বুঝতে পারছি না । পরামর্শ দিলে উপকৃত হতাম"",
      ""status"": ""supported""
    }
  ],
  ""verdict"": ""yes""
}","[{""claim"": ""অনেকদিন ধরে স্বাভাবিকভাবে হাঁটতে পারছেন"", ""supported_by"": ""কয়েকমাস যাবত আমি একটু হাটলেই আর হাটতে পারি না"", ""status"": ""contradicted""}, {""claim"": ""হাঁটু গেঁড়ে ফ্লোরে বসতেও সমস্যা নেই"", ""supported_by"": ""হাটু ফোল্ড করে ফ্লোরে বসতে পারি না , ব্যাথা লাগে"", ""status"": ""contradicted""}, {""claim"": ""ক্যালসিয়াম জাতীয় ওষুধ ৩ মাস খেয়ে উপকার হয়েছে"", ""supported_by"": ""ক্যালসিয়াম জাতিয় ঔষধ ৩ মাস খেয়েছি , কোন উপকার হয়েছে বলে মনর হয়না"", ""status"": ""contradicted""}, {""claim"": ""এখন থেরাপি নাকি ওষুধ বন্ধ করবেন—এ বিষয়ে পরামর্শ চান"", ""supported_by"": ""এখন কি ঔষধ খাওয়া চালিয়ে যাবো নাকি থেরাপি ডাক্তার দেখাবো বুঝতে পারছি না । পরামর্শ দিলে উপকৃত হতাম"", ""status"": ""supported""}]",yes,yes,4,1,3,0,0,,yes
14379::Factual Contradiction,14379,Factual Contradiction,"আমার স্ত্রীর সিজার হয়েছে এক বছর আগে । ইদানিং পিঠের মাঝখানে মেরুদণ্ডের ডানপাশে প্রচন্ড ব্যাথা করে । বসে নুয়ে তরকারি কাটাকুটি করলে সিজারের সেলাইয়ের ডান পাশে ব্যাথা করে । কিছুক্ষন চিত হয়ে শুয়ে থাকলে ব্যাথা কিছুটা কমে । শুয়া থেকে ওঠে কোনো কাজ করলে আবার ব্যাথা শুরু হয় । এই ব্যাথার জন্য কোনো ঔষধ খায় নাই । উল্লেখ , আমাদের চতুর্থ সন্তান শুধু সিজারে হয় । এক্ষেত্রে কি ঔষধ খেতে হবে ? সবিনয়ে আপনার পরামর্শ চাই ।",১ বছর আগে সিজার হয়েছে । ইদানীং পিঠের মাঝে মেরুদন্ডের ডান পাশে প্রচন্ড ব্যাথা করে । নুয়ে কাজ করলে সিজারের সেলাইয়ের ডান পাশে ব্যাথা করে । কি ওষুধ খেতে হবে ?,১ বছর আগে সিজার হয়েছে। ইদানীং পিঠের মাঝে মেরুদণ্ডের বাম পাশে প্রচণ্ড ব্যথা করে। নুয়ে কাজ করলে সিজারের সেলাইয়ের বাম পাশে ব্যথা কমে যায়। কি ওষুধ খেতে হবে?,"{
  ""claims"": [
    {
      ""claim"": ""১ বছর আগে সিজার হয়েছে।"",
      ""supported_by"": ""আমার স্ত্রীর সিজার হয়েছে এক বছর আগে ।"",
      ""status"": ""supported""
    },
    {
      ""claim"": ""ইদানীং পিঠের মাঝে মেরুদণ্ডের বাম পাশে প্রচণ্ড ব্যথা করে।"",
      ""supported_by"": ""ইদানিং পিঠের মাঝখানে মেরুদণ্ডের ডানপাশে প্রচন্ড ব্যাথা করে ।"",
      ""status"": ""contradicted""
    },
    {
      ""claim"": ""নুয়ে কাজ করলে সিজারের সেলাইয়ের বাম পাশে ব্যথা কমে যায়।"",
      ""supported_by"": ""বসে নুয়ে তরকারি কাটাকুটি করলে সিজারের সেলাইয়ের ডান পাশে ব্যাথা করে ।"",
      ""status"": ""contradicted""
    },
    {
      ""claim"": ""কি ওষুধ খেতে হবে?"",
      ""supported_by"": ""এই ব্যাথার জন্য কোনো ঔষধ খায় নাই । ... এক্ষেত্রে কি ঔষধ খেতে হবে ?"",
      ""status"": ""supported""
    }
  ],
  ""verdict"": ""yes""
}","[{""claim"": ""১ বছর আগে সিজার হয়েছে।"", ""supported_by"": ""আমার স্ত্রীর সিজার হয়েছে এক বছর আগে ।"", ""status"": ""supported""}, {""claim"": ""ইদানীং পিঠের মাঝে মেরুদণ্ডের বাম পাশে প্রচণ্ড ব্যথা করে।"", ""supported_by"": ""ইদানিং পিঠের মাঝখানে মেরুদণ্ডের ডানপাশে প্রচন্ড ব্যাথা করে ।"", ""status"": ""contradicted""}, {""claim"": ""নুয়ে কাজ করলে সিজারের সেলাইয়ের বাম পাশে ব্যথা কমে যায়।"", ""supported_by"": ""বসে নুয়ে তরকারি কাটাকুটি করলে সিজারের সেলাইয়ের ডান পাশে ব্যাথা করে ।"", ""status"": ""contradicted""}, {""claim"": ""কি ওষুধ খেতে হবে?"", ""supported_by"": ""এই ব্যাথার জন্য কোনো ঔষধ খায় নাই । ... এক্ষেত্রে কি ঔষধ খেতে হবে ?"", ""status"": ""supported""}]",yes,yes,4,2,2,0,0,,yes
12662::Non-factual,12662,Non-factual,"আমার বয়স ২৭ , দীর্ঘদিন যাবৎ আমার লিঙ্গের অন্ডকোষের নিচের চামড়ার ওপর এক ধরনের প্রলেপ পরে , কিছুদিন পর সেটা শুকিয়ে যায় , আর তখন সেখানে হাত দিলে চামড়ার খোসা খোসা অংশ খসে পরে মলিন হয়ে যায় । এভাবে আবার প্রলেপ পরে . . . কিছুদিন পর আবার প্রলেপ শুকিয়ে যায় , ক্রমাগত এই সমস্যা টি আমার দীর্ঘদিন যাবৎ হয়ে আসছে , অনেক দিন আগে একজন এমবিবিএস ডাক্তার এর পরামর্শে ওষুধ খেয়েছিলাম তখন এই সমস্যা টি ভালো হয়ে গিয়েছিলো ! দুঃখের বিষয় হলো ঐ ডাক্তার টি মারা গিয়েছে , আর আমি ঐ প্রেসক্রিপশন টি হারিয়ে ফেলেছি , এখন আমার করণীয় কি ? ধন্যবাদ",বয়স ২৭ । লিঙ্গের অন্ডকোষের নিচের চামড়ায় প্রলেপ পড়ে পরে সেটা শুকিয়ে যায় । পরে খোসা খসে মলিন হয়ে যায় । কি করনীয় ?,"বয়স ২৭। লিঙ্গের অন্ডকোষের নিচের চামড়ায় প্রায় ৬ মাস ধরে সাদা প্রলেপ পড়ে, পরে সেটা শুকিয়ে যায়। এরপর খোসা খসে কালচে মলিন হয়ে যায়। আগে টার্বিনাফিন খেয়ে ভালো হয়েছিল। এখন করণীয় কী?","{
  ""claims"": [
    {
      ""claim"": ""বয়স ২৭।"",
      ""supported_by"": ""আমার বয়স ২৭"",
      ""status"": ""supported""
    },
    {
      ""claim"": ""লিঙ্গের অন্ডকোষের নিচের চামড়ায় প্রায় ৬ মাস ধরে সাদা প্রলেপ পড়ে।"",
      ""supported_by"": ""দীর্ঘদিন যাবৎ আমার লিঙ্গের অন্ডকোষের নিচের চামড়ার ওপর এক ধরনের প্রলেপ পরে"",
      ""status"": ""supported""
    },
    {
      ""claim"": ""পরে সেটা শুকিয়ে যায়।"",
      ""supported_by"": ""কিছুদিন পর সেটা শুকিয়ে যায়"",
      ""status"": ""supported""
    },
    {
      ""claim"": ""এরপর খোসা খসে কালচে মলিন হয়ে যায়।"",
      ""supported_by"": ""আর তখন সেখানে হাত দিলে চামড়ার খোসা খোসা অংশ খসে পরে মলিন হয়ে যায়"",
      ""status"": ""supported""
    },
    {
      ""claim"": ""আগে টার্বিনাফিন খেয়ে ভালো হয়েছিল।"",
      ""supported_by"": ""অনেক দিন আগে একজন এমবিবিএস ডাক্তার এর পরামর্শে ওষুধ খেয়েছিলাম তখন এই সমস্যা টি ভালো হয়ে গিয়েছিলো"",
      ""status"": ""missing""
    },
    {
      ""claim"": ""এখন করণীয় কী?"",
      ""supported_by"": ""এখন আমার করণীয় কি ?"",
      ""status"": ""supported""
    }
  ],
  ""verdict"": ""yes""
}","[{""claim"": ""বয়স ২৭।"", ""supported_by"": ""আমার বয়স ২৭"", ""status"": ""supported""}, {""claim"": ""লিঙ্গের অন্ডকোষের নিচের চামড়ায় প্রায় ৬ মাস ধরে সাদা প্রলেপ পড়ে।"", ""supported_by"": ""দীর্ঘদিন যাবৎ আমার লিঙ্গের অন্ডকোষের নিচের চামড়ার ওপর এক ধরনের প্রলেপ পরে"", ""status"": ""supported""}, {""claim"": ""পরে সেটা শুকিয়ে যায়।"", ""supported_by"": ""কিছুদিন পর সেটা শুকিয়ে যায়"", ""status"": ""supported""}, {""claim"": ""এরপর খোসা খসে কালচে মলিন হয়ে যায়।"", ""supported_by"": ""আর তখন সেখানে হাত দিলে চামড়ার খোসা খোসা অংশ খসে পরে মলিন হয়ে যায়"", ""status"": ""supported""}, {""claim"": ""আগে টার্বিনাফিন খেয়ে ভালো হয়েছিল।"", ""supported_by"": ""অনেক দিন আগে একজন এমবিবিএস ডাক্তার এর পরামর্শে ওষুধ খেয়েছিলাম তখন এই সমস্যা টি ভালো হয়ে গিয়েছিলো"", ""status"": ""missing""}, {""claim"": ""এখন করণীয় কী?"", ""supported_by"": ""এখন আমার করণীয় কি ?"", ""status"": ""supported""}]",yes,no,6,5,0,1,1,,yes
21849::Intrinsic,21849,Intrinsic,আমার পা এর সব আঙ্গুল ফুলে উঠে চুলকাই । প্রতিবার শীতেই এই সমস্যা হয় । আঙ্গুলের মঝে পানি জমা অনুভব করি কিছুটা পুড়ে যাওয়া ফোস্করা মত । আবার শীত কোমলে ঠিক হয়ে যাই । প্রচন্ড চুলকায় গরম সেক দিলে একটু ভালো অনুভব করি । এর প্রতিকার কী ? ঔষধ + সাজেশন দিন,শীতে পায়ের আঙুল ফুলে চুলকায় । আঙুলে পানি জমে । পুড়ে যাওয়ার মতো ফোস্কা পড়ে । কি ওষুধ খাবো ও করনীয় কি ?,"শীতকালে দুই পায়ের সব আঙুলে বারবার ফোলা ও তীব্র চুলকানি হয়। আঙুলের ফাঁকে পানিভরা ছোট ছোট ফোস্কা ওঠে, জ্বালাপোড়াও থাকে। গরম সেঁক দিলে কিছুটা আরাম মেলে, পরে নিজে থেকেই সেরে যায়। কী ওষুধ ও করণীয়?","{
  ""claims"": [
    {
      ""claim"": ""শীতকালে দুই পায়ের সব আঙুলে বারবার ফোলা ও তীব্র চুলকানি হয়।"",
      ""supported_by"": ""আমার পা এর সব আঙ্গুল ফুলে উঠে চুলকাই । প্রতিবার শীতেই এই সমস্যা হয় ।"",
      ""status"": ""supported""
    },
    {
      ""claim"": ""আঙুলের ফাঁকে পানিভরা ছোট ছোট ফোস্কা ওঠে, জ্বালাপোড়াও থাকে।"",
      ""supported_by"": ""আঙ্গুলের মঝে পানি জমা অনুভব করি কিছুটা পুড়ে যাওয়া ফোস্করা মত ।"",
      ""status"": ""supported""
    },
    {
      ""claim"": ""গরম সেঁক দিলে কিছুটা আরাম মেলে, পরে নিজে থেকেই সেরে যায়।"",
      ""supported_by"": ""প্রচন্ড চুলকায় গরম সেক দিলে একটু ভালো অনুভব করি । আবার শীত কোমলে ঠিক হয়ে যাই ।"",
      ""status"": ""supported""
    },
    {
      ""claim"": ""কী ওষুধ ও করণীয়?"",
      ""supported_by"": """",
      ""status"": ""missing""
    }
  ],
  ""verdict"": ""no""
}","[{""claim"": ""শীতকালে দুই পায়ের সব আঙুলে বারবার ফোলা ও তীব্র চুলকানি হয়।"", ""supported_by"": ""আমার পা এর সব আঙ্গুল ফুলে উঠে চুলকাই । প্রতিবার শীতেই এই সমস্যা হয় ।"", ""status"": ""supported""}, {""claim"": ""আঙুলের ফাঁকে পানিভরা ছোট ছোট ফোস্কা ওঠে, জ্বালাপোড়াও থাকে।"", ""supported_by"": ""আঙ্গুলের মঝে পানি জমা অনুভব করি কিছুটা পুড়ে যাওয়া ফোস্করা মত ।"", ""status"": ""supported""}, {""claim"": ""গরম সেঁক দিলে কিছুটা আরাম মেলে, পরে নিজে থেকেই সেরে যায়।"", ""supported_by"": ""প্রচন্ড চুলকায় গরম সেক দিলে একটু ভালো অনুভব করি । আবার শীত কোমলে ঠিক হয়ে যাই ।"", ""status"": ""supported""}, {""claim"": ""কী ওষুধ ও করণীয়?"", ""supported_by"": """", ""status"": ""missing""}]",no,no,4,3,0,1,0,,no
12229::Factual Contradiction,12229,Factual Contradiction,আমার নাক দিয়ে কোনো গন্ধ পাচ্ছি না সর্দি আছে আজকে ৫ দিন ওষুধ খাচ্ছি নাকের ড্রপ ও দিচ্ছি খাওয়া দাওয়া করতে পারছি সম্যসা হচ্ছে না ! অনেকেই বলছে জে কোনো ঘ্রান না পাওয়া নাকি করোনার লক্ষন একটু জানাবেন আমাকে ! আমার সম্যসা টা কি নরমাল ঠান্ডার জন্য নাকি করোনার জন্য ?,নাকে গন্ধ পাই না ৷ ৫ দিন হলো সর্দি । এটা কি নরমাল ঠান্ডা নাকি করোনার জন্য ?,নাকে সব গন্ধই পাচ্ছেন। ৫ দিন হলো সর্দি নেই। এটা কি নরমাল ঠান্ডা নাকি করোনার জন্য?,"{
  ""claims"": [
    {
      ""claim"": ""নাকে সব গন্ধই পাচ্ছেন।"",
      ""supported_by"": ""আমার নাক দিয়ে কোনো গন্ধ পাচ্ছি না"",
      ""status"": ""contradicted""
    },
    {
      ""claim"": ""৫ দিন হলো সর্দি নেই।"",
      ""supported_by"": ""সর্দি আছে আজকে ৫ দিন"",
      ""status"": ""contradicted""
    },
    {
      ""claim"": ""এটা কি নরমাল ঠান্ডা নাকি করোনার জন্য?"",
      ""supported_by"": ""আমার সম্যসা টা কি নরমাল ঠান্ডার জন্য নাকি করোনার জন্য ?"",
      ""status"": ""supported""
    }
  ],
  ""verdict"": ""yes""
}","[{""claim"": ""নাকে সব গন্ধই পাচ্ছেন।"", ""supported_by"": ""আমার নাক দিয়ে কোনো গন্ধ পাচ্ছি না"", ""status"": ""contradicted""}, {""claim"": ""৫ দিন হলো সর্দি নেই।"", ""supported_by"": ""সর্দি আছে আজকে ৫ দিন"", ""status"": ""contradicted""}, {""claim"": ""এটা কি নরমাল ঠান্ডা নাকি করোনার জন্য?"", ""supported_by"": ""আমার সম্যসা টা কি নরমাল ঠান্ডার জন্য নাকি করোনার জন্য ?"", ""status"": ""supported""}]",yes,yes,3,1,2,0,0,,yes
7072::Non-factual,7072,Non-factual,স্কিন সমস্যার জন্য কোনো ডাক্তার এর নাম্বার হবে ? ? ? ? আমাদের এলাকায় লক ডাউনের জন্য ঢাকা থেকে ডাক্তার আসেনা সেই ক্ষেতে ডাক্তার দেখাতে পারছিনা স্কিন খুব চুলকাছে আর সাদা সাদা স্পট পড়ছে গলায় আর স্কিনে ১মাস ধরে সমস্যায় ভুগছি অনুগ্রহ করে সহোযোগিতা করুন আমি স্কিন ডাক্তার কাছে কথা বলে ঔষুধ সেবন করতে চাচ্ছি ? ফাংগাল ইনফেকশন কিনা তাও বুঝতেছিনা ঠিক মতো তারজন্য আমি ইসপেসালিসট এর সাথে কথা বলে সেবা প্রদান করতে চাচ্ছিলাম ।,১ মাস যাবত চুলকানি ও গলায় সাদা স্পট । করণীয় কি ?,"দুই মাস যাবত তীব্র চুলকানি ও গলায় সাদা সাদা দাগ, সাথে হাতে ছড়াচ্ছে। করণীয় কি?","{
  ""claims"": [
    {
      ""claim"": ""দুই মাস যাবত তীব্র চুলকানি ও গলায় সাদা সাদা দাগ"",
      ""supported_by"": ""স্কিন খুব চুলকাছে আর সাদা সাদা স্পট পড়ছে গলায় আর স্কিনে ১মাস ধরে সমস্যায় ভুগছি"",
      ""status"": ""contradicted""
    },
    {
      ""claim"": ""সাথে হাতে ছড়াচ্ছে"",
      ""supported_by"": """",
      ""status"": ""missing""
    },
    {
      ""claim"": ""করণীয় কি?"",
      ""supported_by"": """",
      ""status"": ""missing""
    }
  ],
  ""verdict"": ""yes""
}","[{""claim"": ""দুই মাস যাবত তীব্র চুলকানি ও গলায় সাদা সাদা দাগ"", ""supported_by"": ""স্কিন খুব চুলকাছে আর সাদা সাদা স্পট পড়ছে গলায় আর স্কিনে ১মাস ধরে সমস্যায় ভুগছি"", ""status"": ""contradicted""}, {""claim"": ""সাথে হাতে ছড়াচ্ছে"", ""supported_by"": """", ""status"": ""missing""}, {""claim"": ""করণীয় কি?"", ""supported_by"": """", ""status"": ""missing""}]",yes,yes,3,0,1,2,0,,yes
21871::Factual Contradiction,21871,Factual Contradiction,"২০১১ তে আমার ডান বগলে ছোট গুটি হয় । সেটা ২০১৩তে প্রথম ফোঁড়াস্বরুপ পেকে বের হয় । তারপর থেকে বছরে ২ - ৩ বার করে এই ফোঁড়া উঠছে । প্রচন্ড ব্যাথা এবং তীব্র গন্ধযুক্ত পুঁজ বের হয় । এখন দুই বগলেই ফোঁড়া উঠছে নিয়মিত । পিজি হসপিটাল , ঢাকা মেডিকেলে অনেকবার দেখানো হয়েছে । পরীক্ষা নিরীক্ষা করে ডাক্তারের পরামর্শে ড্রেসিং করিয়েছি , মেডিসিনও নিয়েছি । কিন্তু কোন ফল পাচ্ছি না । গত ২ বছর যাবৎ হোমিও চিকিৎসা নিচ্ছি , সেখানেও কোন ফল পাচ্ছি না । এখন কি করতে পারি ? ?",২০১১ তে ডান বগলে ছোট গুটি হয় । ২০১৩ তে ফোড়া হয়ে সেটা পেকে বের হয় । প্রচন্ড ব্যাথা এবং তীব্র গন্ধযুক্ত পুঁজ বের হয় । প্রতি বছর এ দুই বগলে হয় ।,২০১১ তে বাম বগলে ছোট গুটি হয়। ২০১৩ তে ফোড়া না হয়ে সেটা নিজে থেকেই সেরে যায়। তেমন ব্যথা বা গন্ধযুক্ত পুঁজ বের হয় না। প্রতি বছর শুধু এক বগলেই হয়।,"{
  ""claims"": [
    {
      ""claim"": ""২০১১ তে বাম বগলে ছোট গুটি হয়।"",
      ""supported_by"": ""২০১১ তে আমার ডান বগলে ছোট গুটি হয় ।"",
      ""status"": ""contradicted""
    },
    {
      ""claim"": ""২০১৩ তে ফোড়া না হয়ে সেটা নিজে থেকেই সেরে যায়।"",
      ""supported_by"": ""সেটা ২০১৩তে প্রথম ফোঁড়াস্বরুপ পেকে বের হয় ।"",
      ""status"": ""contradicted""
    },
    {
      ""claim"": ""তেমন ব্যথা বা গন্ধযুক্ত পুঁজ বের হয় না।"",
      ""supported_by"": ""প্রচন্ড ব্যাথা এবং তীব্র গন্ধযুক্ত পুঁজ বের হয় ।"",
      ""status"": ""contradicted""
    },
    {
      ""claim"": ""প্রতি বছর শুধু এক বগলেই হয়।"",
      ""supported_by"": ""এখন দুই বগলেই ফোঁড়া উঠছে নিয়মিত ।"",
      ""status"": ""contradicted""
    }
  ],
  ""verdict"": ""yes""
}","[{""claim"": ""২০১১ তে বাম বগলে ছোট গুটি হয়।"", ""supported_by"": ""২০১১ তে আমার ডান বগলে ছোট গুটি হয় ।"", ""status"": ""contradicted""}, {""claim"": ""২০১৩ তে ফোড়া না হয়ে সেটা নিজে থেকেই সেরে যায়।"", ""supported_by"": ""সেটা ২০১৩তে প্রথম ফোঁড়াস্বরুপ পেকে বের হয় ।"", ""status"": ""contradicted""}, {""claim"": ""তেমন ব্যথা বা গন্ধযুক্ত পুঁজ বের হয় না।"", ""supported_by"": ""প্রচন্ড ব্যাথা এবং তীব্র গন্ধযুক্ত পুঁজ বের হয় ।"", ""status"": ""contradicted""}, {""claim"": ""প্রতি বছর শুধু এক বগলেই হয়।"", ""supported_by"": ""এখন দুই বগলেই ফোঁড়া উঠছে নিয়মিত ।"", ""status"": ""contradicted""}]",yes,yes,4,0,4,0,0,,yes
3174::Factual Contradiction,3174,Factual Contradiction,"আসসালামু আলাইকুম , , , পায়খানার রাস্তায় অনেক বছর ধরে চুলকায় স্বাভাবিক ভাবতাম , , কিন্তু ৬ / ৭ মাস ধরে দেখছি সেখানে ছোট্ট মাংস্পিন্ড ঝুলে গিয়ে চুলকানি আর মলদ্বারে ক্রমাগত ব্যাথা বাড়িয়ে দিয়েছে । ডাক্তার দেখাতে চাই , , , , অপারেশন ছাড়া কি পরিত্রানের কোন উপায় আছে ? ? ? আর এই রোগ ডাক্তারি বিদ্যায় কোন ক্যাটাগরিতে পড়ে জানাবেন , , , , , তাহলে সেই বিভাগের ভালো কোন ডাক্তারের সাজেশন ও করতে পারেন , , ,","পায়খানার রাস্তায় অনেক বছর ধরে চুলকায় । কিন্তু ৬ / ৭ মাস ধরে ছোট্ট মাংস্পিন্ড ঝুলে গিয়ে চুলকানি আর মলদ্বারে ব্যাথা । , অপারেশন ছাড়া কি পরিত্রানের কোন উপায় আছে ?","পায়খানার রাস্তায় অনেক বছর ধরে কোনো চুলকানি ছিল না। কিন্তু ৬ / ৭ মাস ধরে ছোট্ট মাংসপিণ্ড শুকিয়ে গেছে, তাই মলদ্বারের ব্যথা ও অস্বস্তি কমে গেছে। অপারেশনই একমাত্র পরিত্রানের উপায় কি না জানতে চেয়েছেন।","{
  ""claims"": [
    {
      ""claim"": ""পায়খানার রাস্তায় অনেক বছর ধরে কোনো চুলকানি ছিল না।"",
      ""supported_by"": ""পায়খানার রাস্তায় অনেক বছর ধরে চুলকায় স্বাভাবিক ভাবতাম"",
      ""status"": ""contradicted""
    },
    {
      ""claim"": ""৬ / ৭ মাস ধরে ছোট্ট মাংসপিণ্ড শুকিয়ে গেছে"",
      ""supported_by"": ""৬ / ৭ মাস ধরে দেখছি সেখানে ছোট্ট মাংস্পিন্ড ঝুলে গিয়ে চুলকানি আর মলদ্বারে ক্রমাগত ব্যাথা বাড়িয়ে দিয়েছে"",
      ""status"": ""contradicted""
    },
    {
      ""claim"": ""মলদ্বারের ব্যথা ও অস্বস্তি কমে গেছে"",
      ""supported_by"": """",
      ""status"": ""missing""
    },
    {
      ""claim"": ""অপারেশনই একমাত্র পরিত্রানের উপায় কি না জানতে চেয়েছেন।"",
      ""supported_by"": ""ডাক্তার দেখাতে চাই , , , , অপারেশন ছাড়া কি পরিত্রানের কোন উপায় আছে ? ? ?"",
      ""status"": ""supported""
    }
  ],
  ""verdict"": ""yes""
}","[{""claim"": ""পায়খানার রাস্তায় অনেক বছর ধরে কোনো চুলকানি ছিল না।"", ""supported_by"": ""পায়খানার রাস্তায় অনেক বছর ধরে চুলকায় স্বাভাবিক ভাবতাম"", ""status"": ""contradicted""}, {""claim"": ""৬ / ৭ মাস ধরে ছোট্ট মাংসপিণ্ড শুকিয়ে গেছে"", ""supported_by"": ""৬ / ৭ মাস ধরে দেখছি সেখানে ছোট্ট মাংস্পিন্ড ঝুলে গিয়ে চুলকানি আর মলদ্বারে ক্রমাগত ব্যাথা বাড়িয়ে দিয়েছে"", ""status"": ""contradicted""}, {""claim"": ""মলদ্বারের ব্যথা ও অস্বস্তি কমে গেছে"", ""supported_by"": """", ""status"": ""missing""}, {""claim"": ""অপারেশনই একমাত্র পরিত্রানের উপায় কি না জানতে চেয়েছেন।"", ""supported_by"": ""ডাক্তার দেখাতে চাই , , , , অপারেশন ছাড়া কি পরিত্রানের কোন উপায় আছে ? ? ?"", ""status"": ""supported""}]",yes,yes,4,1,2,1,0,,yes
16443::Factual Contradiction,16443,Factual Contradiction,"আমার মেয়ের বয়স ৩ মাস । দিনের বেলা ৪ / ৫ ঘন্টা ঘুমায় , আবার সন্ধ্যা ৭ টায় ঘুমায় রাত ১১ / ১২ টায় জেগে উঠে , আর ঘুমায় না , বাকীরাত জেগে থাকে , হাল্কা কান্নাকাটিও করে , আবার ভোর ৪ / ৫য়ার দিকে ঘুম যায় । এমতাবস্থায় করণীয় কি ? জানালে খুশী হব ।",বয়স ৩ মাস । রাতে জেগে থাকে । দিনের বেশিরভাগ সময় ঘুমায় । কান্না করে । কি করনীয় ?,বয়স ৩ মাস। রাতে ভালো ঘুমায়। দিনের বেশিরভাগ সময় জেগে থাকে। কান্নাকাটি করে না। কি করণীয়?,"{
  ""claims"": [
    {
      ""claim"": ""বয়স ৩ মাস।"",
      ""supported_by"": ""আমার মেয়ের বয়স ৩ মাস ।"",
      ""status"": ""supported""
    },
    {
      ""claim"": ""রাতে ভালো ঘুমায়।"",
      ""supported_by"": ""সন্ধ্যা ৭ টায় ঘুমায় রাত ১১ / ১২ টায় জেগে উঠে , আর ঘুমায় না , বাকীরাত জেগে থাকে"",
      ""status"": ""contradicted""
    },
    {
      ""claim"": ""দিনের বেশিরভাগ সময় জেগে থাকে।"",
      ""supported_by"": ""দিনের বেলা ৪ / ৫ ঘন্টা ঘুমায়"",
      ""status"": ""supported""
    },
    {
      ""claim"": ""কান্নাকাটি করে না।"",
      ""supported_by"": ""হাল্কা কান্নাকাটিও করে"",
      ""status"": ""contradicted""
    },
    {
      ""claim"": ""কি করণীয়?"",
      ""supported_by"": ""এমতাবস্থায় করণীয় কি ? জানালে খুশী হব।"",
      ""status"": ""supported""
    }
  ],
  ""verdict"": ""yes""
}","[{""claim"": ""বয়স ৩ মাস।"", ""supported_by"": ""আমার মেয়ের বয়স ৩ মাস ।"", ""status"": ""supported""}, {""claim"": ""রাতে ভালো ঘুমায়।"", ""supported_by"": ""সন্ধ্যা ৭ টায় ঘুমায় রাত ১১ / ১২ টায় জেগে উঠে , আর ঘুমায় না , বাকীরাত জেগে থাকে"", ""status"": ""contradicted""}, {""claim"": ""দিনের বেশিরভাগ সময় জেগে থাকে।"", ""supported_by"": ""দিনের বেলা ৪ / ৫ ঘন্টা ঘুমায়"", ""status"": ""supported""}, {""claim"": ""কান্নাকাটি করে না।"", ""supported_by"": ""হাল্কা কান্নাকাটিও করে"", ""status"": ""contradicted""}, {""claim"": ""কি করণীয়?"", ""supported_by"": ""এমতাবস্থায় করণীয় কি ? জানালে খুশী হব।"", ""status"": ""supported""}]",yes,yes,5,3,2,0,0,,yes
6078::Non-factual,6078,Non-factual,"আমার মায়ের বয়স ৬০ বছর । তিনি পূর্বে থেকে উচ্চ রক্তচাপ , ডায়াবেটিস ও এ্যাজমার রোগী । উচ্চ রক্তচাপের জন্য তিনি প্রতি রাতে একটা করে এনজিলক * ৫০ খায় । কাল সকালে উচ্চরক্তচাপ বেশি মনে হওয়ায় ও শরীর খারাপ লাগায় কাল সকালে আবার এনজিলক * ৫০ আরো একটি খায় এবং রাতে আরেকটি খায় । অর্থাৎ কাল এনজিলক * ৫০ দুটি খেয়েছিল । কাল দিনে প্রচুর ঘুম হয়েছিল । আজ ভোর রাতে হঠাৎ অসুস্থ অনুভব করায় ও সামান্য বমি সকাল ৭ টায় রক্তচাপ পরিমাপ করে দেখা যায় ১০০ / ১৬০ এবং ডায়াবেটিস খালি পেটে ৮ . ৬ । তাই সকাল ৭ টায় গ্যাস্টিকের ঔষধ , তারপর এনজিলক * ৫০ ও ডায়াবেটিসের ঔষধ খায় । সকাল ১১ টায় গোসল করার পর থেকে এখন বমি ও প্রচন্ড মাথা ঘুরতে থাকে । এখন কি করনীয় ?","বয়স ৬০ । উচ্চ রক্তচাপ , ডায়াবেটিস ও এ্যাজমা আছে । উচ্চ রক্তচাপের জন্য প্রতি রাতে একটা করে এনজিলক * ৫০ খায় । কাল উচ্চরক্তচাপ বেশি মনে হওয়ায় দুটি খেয়েছিল । রক্তচাপ ১০০ / ১৬০ এবং ডায়াবেটিস খালি পেটে ৮ . ৬ । এখন বমি ও প্রচন্ড মাথা ঘুরছে ।","বয়স ৬০। উচ্চ রক্তচাপ, ডায়াবেটিস ও এ্যাজমা আছে। উচ্চ রক্তচাপের জন্য প্রতি রাতে একটা করে এনজিলক ৫০ খায়। কাল চাপ বেশি মনে হওয়ায় তিনটি খেয়েছিল। রক্তচাপ ১১০/১৭০ এবং খালি পেটে সুগার ৯.২। এখন বমি, প্রচণ্ড মাথা ঘোরা","{
  ""claims"": [
    {
      ""claim"": ""বয়স ৬০।"",
      ""supported_by"": ""আমার মায়ের বয়স ৬০ বছর ।"",
      ""status"": ""supported""
    },
    {
      ""claim"": ""উচ্চ রক্তচাপ, ডায়াবেটিস ও এ্যাজমা আছে।"",
      ""supported_by"": ""তিনি পূর্বে থেকে উচ্চ রক্তচাপ , ডায়াবেটিস ও এ্যাজমার রোগী ।"",
      ""status"": ""supported""
    },
    {
      ""claim"": ""উচ্চ রক্তচাপের জন্য প্রতি রাতে একটা করে এনজিলক ৫০ খায়।"",
      ""supported_by"": ""উচ্চ রক্তচাপের জন্য তিনি প্রতি রাতে একটা করে এনজিলক * ৫০ খায় ।"",
      ""status"": ""supported""
    },
    {
      ""claim"": ""কাল চাপ বেশি মনে হওয়ায় তিনটি খেয়েছিল।"",
      ""supported_by"": ""কাল সকালে উচ্চরক্তচাপ বেশি মনে হওয়ায় ও শরীর খারাপ লাগায় কাল সকালে আবার এনজিলক * ৫০ আরো একটি খায় এবং রাতে আরেকটি খায় । অর্থাৎ কাল এনজিলক * ৫০ দুটি খেয়েছিল ।"",
      ""status"": ""contradicted""
    },
    {
      ""claim"": ""রক্তচাপ ১১০/১৭০ এবং খালি পেটে সুগার ৯.২।"",
      ""supported_by"": ""সকাল ৭ টায় রক্তচাপ পরিমাপ করে দেখা যায় ১০০ / ১৬০ এবং ডায়াবেটিস খালি পেটে ৮ . ৬ ।"",
      ""status"": ""contradicted""
    },
    {
      ""claim"": ""এখন বমি, প্রচণ্ড মাথা ঘোরা"",
      ""supported_by"": ""সকাল ১১ টায় গোসল করার পর থেকে এখন বমি ও প্রচন্ড মাথা ঘুরতে থাকে ।"",
      ""status"": ""supported""
    }
  ],
  ""verdict"": ""yes""
}","[{""claim"": ""বয়স ৬০।"", ""supported_by"": ""আমার মায়ের বয়স ৬০ বছর ।"", ""status"": ""supported""}, {""claim"": ""উচ্চ রক্তচাপ, ডায়াবেটিস ও এ্যাজমা আছে।"", ""supported_by"": ""তিনি পূর্বে থেকে উচ্চ রক্তচাপ , ডায়াবেটিস ও এ্যাজমার রোগী ।"", ""status"": ""supported""}, {""claim"": ""উচ্চ রক্তচাপের জন্য প্রতি রাতে একটা করে এনজিলক ৫০ খায়।"", ""supported_by"": ""উচ্চ রক্তচাপের জন্য তিনি প্রতি রাতে একটা করে এনজিলক * ৫০ খায় ।"", ""status"": ""supported""}, {""claim"": ""কাল চাপ বেশি মনে হওয়ায় তিনটি খেয়েছিল।"", ""supported_by"": ""কাল সকালে উচ্চরক্তচাপ বেশি মনে হওয়ায় ও শরীর খারাপ লাগায় কাল সকালে আবার এনজিলক * ৫০ আরো একটি খায় এবং রাতে আরেকটি খায় । অর্থাৎ কাল এনজিলক * ৫০ দুটি খেয়েছিল ।"", ""status"": ""contradicted""}, {""claim"": ""রক্তচাপ ১১০/১৭০ এবং খালি পেটে সুগার ৯.২।"", ""supported_by"": ""সকাল ৭ টায় রক্তচাপ পরিমাপ করে দেখা যায় ১০০ / ১৬০ এবং ডায়াবেটিস খালি পেটে ৮ . ৬ ।"", ""status"": ""contradicted""}, {""claim"": ""এখন বমি, প্রচণ্ড মাথা ঘোরা"", ""supported_by"": ""সকাল ১১ টায় গোসল করার পর থেকে এখন বমি ও প্রচন্ড মাথা ঘুরতে থাকে ।"", ""status"": ""supported""}]",yes,yes,6,4,2,0,0,,yes
15893::Intrinsic,15893,Intrinsic,আমার ঘন ঘন প্রসাব হয় এবং প্রসাবটা ক্লিয়ার হয় না । এই সমস্যা আমার প্রায় চার পাঁচ বছর ধরে । কেয়ক বার ডাক্তার দেখিয়েছি তারা রক্তের কিটেনাইন টেষ্ট দিছে প্রতিবারই ১ . ২ আসছে । সর্বশেষ গত বছর করিয়েছি তাও ১ . ৩ আসছে । আমি দিনে তিন লিটারের মত পানি পান করি । তাছাড়া এই প্রসাবের জন্য শরীরে অন্য কোন সমস্যা নেই । এমতাবস্থায় আমি কি করতে পারি ।,৪ / ৫ বছর হলো ঘন ঘন প্রস্রাব হয় ও প্রস্রাব ক্লিয়ার না । রক্তের কিটেনাইন টেস্ট ১ . ২ ও . ১ . ৩ । কি করনীয় ?,"প্রায় ৬ / ৭ বছর ধরে ঘন ঘন প্রস্রাব হচ্ছে এবং প্রস্রাবে ঝাপসা ভাব আছে। কয়েকবার পরীক্ষায় রক্তের ক্রিয়েটিনিন ১.৫-এর কাছাকাছি এসেছে। দিনে প্রায় ৪ লিটার পানি পান করি, তবুও সমস্যা রয়ে গেছে। কী করণীয়?","{
  ""claims"": [
    {
      ""claim"": ""প্রায় ৬ / ৭ বছর ধরে ঘন ঘন প্রস্রাব হচ্ছে"",
      ""supported_by"": ""এই সমস্যা আমার প্রায় চার পাঁচ বছর ধরে"",
      ""status"": ""contradicted""
    },
    {
      ""claim"": ""প্রস্রাবে ঝাপসা ভাব আছে"",
      ""supported_by"": ""প্রসাবটা ক্লিয়ার হয় না"",
      ""status"": ""supported""
    },
    {
      ""claim"": ""কয়েকবার পরীক্ষায় রক্তের ক্রিয়েটিনিন ১.৫-এর কাছাকাছি এসেছে"",
      ""supported_by"": ""রক্তের কিটেনাইন টেষ্ট দিছে প্রতিবারই ১ . ২ আসছে । সর্বশেষ গত বছর করিয়েছি তাও ১ . ৩ আসছে"",
      ""status"": ""contradicted""
    },
    {
      ""claim"": ""দিনে প্রায় ৪ লিটার পানি পান করি"",
      ""supported_by"": ""আমি দিনে তিন লিটারের মত পানি পান করি"",
      ""status"": ""contradicted""
    },
    {
      ""claim"": ""তবুও সমস্যা রয়ে গেছে"",
      ""supported_by"": ""এই সমস্যা আমার প্রায় চার পাঁচ বছর ধরে"",
      ""status"": ""supported""
    },
    {
      ""claim"": ""কী করণীয়?"",
      ""supported_by"": """",
      ""status"": ""missing""
    }
  ],
  ""verdict"": ""yes""
}","[{""claim"": ""প্রায় ৬ / ৭ বছর ধরে ঘন ঘন প্রস্রাব হচ্ছে"", ""supported_by"": ""এই সমস্যা আমার প্রায় চার পাঁচ বছর ধরে"", ""status"": ""contradicted""}, {""claim"": ""প্রস্রাবে ঝাপসা ভাব আছে"", ""supported_by"": ""প্রসাবটা ক্লিয়ার হয় না"", ""status"": ""supported""}, {""claim"": ""কয়েকবার পরীক্ষায় রক্তের ক্রিয়েটিনিন ১.৫-এর কাছাকাছি এসেছে"", ""supported_by"": ""রক্তের কিটেনাইন টেষ্ট দিছে প্রতিবারই ১ . ২ আসছে । সর্বশেষ গত বছর করিয়েছি তাও ১ . ৩ আসছে"", ""status"": ""contradicted""}, {""claim"": ""দিনে প্রায় ৪ লিটার পানি পান করি"", ""supported_by"": ""আমি দিনে তিন লিটারের মত পানি পান করি"", ""status"": ""contradicted""}, {""claim"": ""তবুও সমস্যা রয়ে গেছে"", ""supported_by"": ""এই সমস্যা আমার প্রায় চার পাঁচ বছর ধরে"", ""status"": ""supported""}, {""claim"": ""কী করণীয়?"", ""supported_by"": """", ""status"": ""missing""}]",yes,yes,6,2,3,1,0,,yes
16423::Non-factual,16423,Non-factual,"আমি শনিবার হতে রাত্রিবেলা জ্বর জ্বর অনুভব করি দিনের বেলায় জ্বর আপডাউন করছে , আবার মাঝে মাঝে জ্বর একদমই ভালো হয়ে যাচ্ছে । আজ বুধবার এখন কোন জোর নেই কিন্তু কাশি দিতে মনে প্রচন্ড শক্তি প্রয়োজন হচ্ছে ভেতর থেকে মনে হয় প্রত্যেকটা অঙ্গ প্রত্যঙ্গ নাড়াচাড়া করছে , জোরে নিঃশ্বাস নিলে মনে হচ্ছে ফুসফুসের মাঝে শব্দ হচ্ছে । এখন আমার কি করনীয়","জ্বর জ্বর অনুভব করি , দিনের বেলায় জ্বর আপডাউন করছে , মাঝে মাঝে ভালো হয়ে যাচ্ছে । আজ জ্বর নেই কিন্তু কাশি দিতে মনে প্রচন্ড শক্তি প্রয়োজন হচ্ছে । নিঃশ্বাস নিলে ফুসফুসের মাঝে শব্দ হচ্ছে ।","শনিবার রাত থেকে ১০১ ডিগ্রি জ্বর জ্বর অনুভব করছেন, দিনের বেলায় জ্বর আপডাউন করছে এবং মাঝে মাঝে একদম ভালো হয়ে যাচ্ছে। আজ জ্বর নেই, তবে কাশি দিতে খুব শক্তি লাগছে। জোরে নিঃশ্বাস নিলে ফুসফুসের মধ্যে সাঁ সাঁ শব্দ হচ্ছে।","{
  ""claims"": [
    {
      ""claim"": ""শনিবার রাত থেকে ১০১ ডিগ্রি জ্বর জ্বর অনুভব করছেন"",
      ""supported_by"": ""আমি শনিবার হতে রাত্রিবেলা জ্বর জ্বর অনুভব করি"",
      ""status"": ""supported""
    },
    {
      ""claim"": ""দিনের বেলায় জ্বর আপডাউন করছে"",
      ""supported_by"": ""দিনের বেলায় জ্বর আপডাউন করছে"",
      ""status"": ""supported""
    },
    {
      ""claim"": ""মাঝে মাঝে একদম ভালো হয়ে যাচ্ছে"",
      ""supported_by"": ""আবার মাঝে মাঝে জ্বর একদমই ভালো হয়ে যাচ্ছে"",
      ""status"": ""supported""
    },
    {
      ""claim"": ""আজ জ্বর নেই"",
      ""supported_by"": ""আজ বুধবার এখন কোন জোর নেই"",
      ""status"": ""supported""
    },
    {
      ""claim"": ""কাশি দিতে খুব শক্তি লাগছে"",
      ""supported_by"": ""কাশি দিতে মনে প্রচন্ড শক্তি প্রয়োজন হচ্ছে"",
      ""status"": ""supported""
    },
    {
      ""claim"": ""জোরে নিঃশ্বাস নিলে ফুসফুসের মধ্যে সাঁ সাঁ শব্দ হচ্ছে"",
      ""supported_by"": ""জোরে নিঃশ্বাস নিলে মনে হচ্ছে ফুসফুসের মাঝে শব্দ হচ্ছে"",
      ""status"": ""supported""
    }
  ],
  ""verdict"": ""no""
}","[{""claim"": ""শনিবার রাত থেকে ১০১ ডিগ্রি জ্বর জ্বর অনুভব করছেন"", ""supported_by"": ""আমি শনিবার হতে রাত্রিবেলা জ্বর জ্বর অনুভব করি"", ""status"": ""supported""}, {""claim"": ""দিনের বেলায় জ্বর আপডাউন করছে"", ""supported_by"": ""দিনের বেলায় জ্বর আপডাউন করছে"", ""status"": ""supported""}, {""claim"": ""মাঝে মাঝে একদম ভালো হয়ে যাচ্ছে"", ""supported_by"": ""আবার মাঝে মাঝে জ্বর একদমই ভালো হয়ে যাচ্ছে"", ""status"": ""supported""}, {""claim"": ""আজ জ্বর নেই"", ""supported_by"": ""আজ বুধবার এখন কোন জোর নেই"", ""status"": ""supported""}, {""claim"": ""কাশি দিতে খুব শক্তি লাগছে"", ""supported_by"": ""কাশি দিতে মনে প্রচন্ড শক্তি প্রয়োজন হচ্ছে"", ""status"": ""supported""}, {""claim"": ""জোরে নিঃশ্বাস নিলে ফুসফুসের মধ্যে সাঁ সাঁ শব্দ হচ্ছে"", ""supported_by"": ""জোরে নিঃশ্বাস নিলে মনে হচ্ছে ফুসফুসের মাঝে শব্দ হচ্ছে"", ""status"": ""supported""}]",no,no,6,6,0,0,0,,no
25580::Non-factual,25580,Non-factual,আমি ঢাকার মোহাম্মদপুর থেকে বলছি । আমার মেয়ের বয়স 5 . 7 বছর । দুই দিন ধরে কাশি আর গতকাল রাত থেকে জ্বর । ঘুমের মধ্যে কাশতে কাশতে উঠে যায় অবস্থা । মানে ঘুমের সময়েই কাশি হয় বেশি ! জ্বরের জন্য ওকে কি খাওয়াবো ? যদিও ঠান্ডা থেকে জ্বর তারপরও ওর ডেঙ্গু টেস্ট করাব কিনা ? ওর জন্য এ মুহূর্তে আর কি কি করণীয় আমাদের ? দয়া করে যদি একটু পরামর্শ দিতেন । ধন্যবাদ ।,বয়স সাড়ে পাঁচ বছর । দুইদিন ধরে কাশি জ্বর । ডেঙ্গু টেস্ট করাব কিনা,বয়স ছয় বছর। তিনদিন ধরে কাশি ও জ্বর। জ্বর ১০১ ডিগ্রি পর্যন্ত উঠছে। ডেঙ্গু টেস্ট করাব কিনা।,"{
  ""claims"": [
    {
      ""claim"": ""বয়স ছয় বছর।"",
      ""supported_by"": ""আমার মেয়ের বয়স 5 . 7 বছর ।"",
      ""status"": ""contradicted""
    },
    {
      ""claim"": ""তিনদিন ধরে কাশি ও জ্বর।"",
      ""supported_by"": ""দুই দিন ধরে কাশি আর গতকাল রাত থেকে জ্বর ।"",
      ""status"": ""contradicted""
    },
    {
      ""claim"": ""জ্বর ১০১ ডিগ্রি পর্যন্ত উঠছে।"",
      ""supported_by"": """",
      ""status"": ""missing""
    },
    {
      ""claim"": ""ডেঙ্গু টেস্ট করাব কিনা।"",
      ""supported_by"": ""ওর ডেঙ্গু টেস্ট করাব কিনা ?"",
      ""status"": ""supported""
    }
  ],
  ""verdict"": ""yes""
}","[{""claim"": ""বয়স ছয় বছর।"", ""supported_by"": ""আমার মেয়ের বয়স 5 . 7 বছর ।"", ""status"": ""contradicted""}, {""claim"": ""তিনদিন ধরে কাশি ও জ্বর।"", ""supported_by"": ""দুই দিন ধরে কাশি আর গতকাল রাত থেকে জ্বর ।"", ""status"": ""contradicted""}, {""claim"": ""জ্বর ১০১ ডিগ্রি পর্যন্ত উঠছে।"", ""supported_by"": """", ""status"": ""missing""}, {""claim"": ""ডেঙ্গু টেস্ট করাব কিনা।"", ""supported_by"": ""ওর ডেঙ্গু টেস্ট করাব কিনা ?"", ""status"": ""supported""}]",yes,yes,4,1,2,1,0,,yes
16379::Intrinsic,16379,Intrinsic,"আমার নিঃশ্বাস ঠিক আছে , কিন্তু নাকের পিছনে ঠান্ডা লাগলে যেমন হয় তেমনটা অনুভব করি , সকালে ঘুম থেকে উঠতে কষ্ট হয় ( চোখ খুলতে কষ্ট হয় ) , চোখের পিছনে ব্যাথা অনুভব , মাথা ব্যাথা করে । সারা দিন মাথা ঝিম ঝিম করে । পিএনএস এক্সরে করছি , সি বি সি , সি আর পি টেষ্ট করাইছি রেজাল্ট সব ঠিক ঠাক আসছে । এখন কি করব আমি ।","নাকে ঠান্ডা লাগার মতো মনে হয় । ঘুম থেকে উঠতে কষ্ট হয় । মাথা ও চোখের পিছনে ব্যাথা করে । মাথা ঝিম ঝিম করে । পিএনএস এক্সরে , সি বি সি ও পি টেস্টের রেজাল্ট ভালো । কি করনীয় ?","নাকে ঠান্ডা লাগার মতো অনুভূতি হয় এবং রাতে শ্বাস নিতে কিছুটা কষ্ট হয়। সকালে ঘুম থেকে উঠলে চোখ খুলতে অসুবিধা, চোখের চারপাশ ও কপালে ব্যথা থাকে। সারাদিন মাথা ভার ও ঝিমঝিম করে। পিএনএস এক্স-রে, সিবিসি ও সিআরপি রিপোর্ট স্বাভাবিক। এখন কী করা উচিত?","{
  ""claims"": [
    {
      ""claim"": ""নাকে ঠান্ডা লাগার মতো অনুভূতি হয়"",
      ""supported_by"": ""নাকের পিছনে ঠান্ডা লাগলে যেমন হয় তেমনটা অনুভব করি"",
      ""status"": ""supported""
    },
    {
      ""claim"": ""রাতে শ্বাস নিতে কিছুটা কষ্ট হয়"",
      ""supported_by"": ""আমার নিঃশ্বাস ঠিক আছে"",
      ""status"": ""contradicted""
    },
    {
      ""claim"": ""সকালে ঘুম থেকে উঠলে চোখ খুলতে অসুবিধা"",
      ""supported_by"": ""সকালে ঘুম থেকে উঠতে কষ্ট হয় ( চোখ খুলতে কষ্ট হয় )"",
      ""status"": ""supported""
    },
    {
      ""claim"": ""চোখের চারপাশ ও কপালে ব্যথা থাকে"",
      ""supported_by"": ""চোখের পিছনে ব্যাথা অনুভব , মাথা ব্যাথা করে"",
      ""status"": ""supported""
    },
    {
      ""claim"": ""সারাদিন মাথা ভার ও ঝিমঝিম করে"",
      ""supported_by"": ""সারা দিন মাথা ঝিম ঝিম করে"",
      ""status"": ""supported""
    },
    {
      ""claim"": ""পিএনএস এক্স-রে, সিবিসি ও সিআরপি রিপোর্ট স্বাভাবিক"",
      ""supported_by"": ""পিএনএস এক্সরে করছি , সি বি সি , সি আর পি টেষ্ট করাইছি রেজাল্ট সব ঠিক ঠাক আসছে"",
      ""status"": ""supported""
    },
    {
      ""claim"": ""এখন কী করা উচিত?"",
      ""supported_by"": ""এখন কি করব আমি"",
      ""status"": ""supported""
    }
  ],
  ""verdict"": ""yes""
}","[{""claim"": ""নাকে ঠান্ডা লাগার মতো অনুভূতি হয়"", ""supported_by"": ""নাকের পিছনে ঠান্ডা লাগলে যেমন হয় তেমনটা অনুভব করি"", ""status"": ""supported""}, {""claim"": ""রাতে শ্বাস নিতে কিছুটা কষ্ট হয়"", ""supported_by"": ""আমার নিঃশ্বাস ঠিক আছে"", ""status"": ""contradicted""}, {""claim"": ""সকালে ঘুম থেকে উঠলে চোখ খুলতে অসুবিধা"", ""supported_by"": ""সকালে ঘুম থেকে উঠতে কষ্ট হয় ( চোখ খুলতে কষ্ট হয় )"", ""status"": ""supported""}, {""claim"": ""চোখের চারপাশ ও কপালে ব্যথা থাকে"", ""supported_by"": ""চোখের পিছনে ব্যাথা অনুভব , মাথা ব্যাথা করে"", ""status"": ""supported""}, {""claim"": ""সারাদিন মাথা ভার ও ঝিমঝিম করে"", ""supported_by"": ""সারা দিন মাথা ঝিম ঝিম করে"", ""status"": ""supported""}, {""claim"": ""পিএনএস এক্স-রে, সিবিসি ও সিআরপি রিপোর্ট স্বাভাবিক"", ""supported_by"": ""পিএনএস এক্সরে করছি , সি বি সি , সি আর পি টেষ্ট করাইছি রেজাল্ট সব ঠিক ঠাক আসছে"", ""status"": ""supported""}, {""claim"": ""এখন কী করা উচিত?"", ""supported_by"": ""এখন কি করব আমি"", ""status"": ""supported""}]",yes,yes,7,6,1,0,0,,yes
17312::Factual Contradiction,17312,Factual Contradiction,আমার ছেলের বয়স ১০ মাস । এখনো দাত উঠেনাই । কিন্তু নিচের মারির জায়গায় গুলো সাদা সাদা বুঝা যায় । সে রুটির টুকরা চিবিয়ে খায় । অন্য খাবার নরম করে খাওয়াই । দই এর মতো থিকনেস । ফিংার ফুড সে মুখে নেই না । এখনো দাত না উঠা কি চিন্তার কিছু ? ?,বয়স ১০ মাস । এখনো দাত উঠে নাই । কিন্তু নিচের মারির জায়গায় গুলো সাদা সাদা বুঝা যায় ।,বয়স ১০ মাস। ইতিমধ্যে দাঁত উঠেছে। নিচের মাড়ির জায়গাগুলোতে সাদা কিছু বোঝা যায় না।,"{
  ""claims"": [
    {
      ""claim"": ""বয়স ১০ মাস।"",
      ""supported_by"": ""আমার ছেলের বয়স ১০ মাস ।"",
      ""status"": ""supported""
    },
    {
      ""claim"": ""ইতিমধ্যে দাঁত উঠেছে।"",
      ""supported_by"": ""এখনো দাত উঠেনাই ।"",
      ""status"": ""contradicted""
    },
    {
      ""claim"": ""নিচের মাড়ির জায়গাগুলোতে সাদা কিছু বোঝা যায় না।"",
      ""supported_by"": ""নিচের মারির জায়গায় গুলো সাদা সাদা বুঝা যায় ।"",
      ""status"": ""contradicted""
    }
  ],
  ""verdict"": ""yes""
}","[{""claim"": ""বয়স ১০ মাস।"", ""supported_by"": ""আমার ছেলের বয়স ১০ মাস ।"", ""status"": ""supported""}, {""claim"": ""ইতিমধ্যে দাঁত উঠেছে।"", ""supported_by"": ""এখনো দাত উঠেনাই ।"", ""status"": ""contradicted""}, {""claim"": ""নিচের মাড়ির জায়গাগুলোতে সাদা কিছু বোঝা যায় না।"", ""supported_by"": ""নিচের মারির জায়গায় গুলো সাদা সাদা বুঝা যায় ।"", ""status"": ""contradicted""}]",yes,yes,3,1,2,0,0,,yes
7647::Factual Contradiction,7647,Factual Contradiction,"গত ১ বছর যাবত বুকের মাঝ বরাবর চাপা ব্যাথার অনুভব করি শ্বাস প্রশ্বাসের সময় , তাছাড়া যখন মসলা জাতীয় তরকারি খাই তখন হাঁচি পাই ৩ - ৪ বার । আমি মূল্যবান পরামর্শ চাই , কিভাবে এই ব্যাথা থেকেমুক্তিপেতে পারি । আমি ইতিপূর্বে - ইসিজি , ব্লাড , ডায়াবেটিস , প্রসাব টেস্ট করিয়েছি , সব নরমাল আছে ।",গত ১ বছর ধরে শ্বাস - প্রশ্বাসের সময় বুকের মাঝ বরাবর চাপা ব্যাথা অনুভব হয় । মশলা জাতীয় তরকারি খেলে হাঁচি পায় ৩ - ৪ বার । কিভাবে এই ব্যাথা থেকে মুক্ত হতে পারি ?,"গত ১ বছর ধরে শ্বাস-প্রশ্বাসের সময় বুকের মাঝ বরাবর কোনো ব্যথা হয় না, তবে বিশ্রামের সময় চাপা ব্যথা অনুভব হয়। মশলা জাতীয় তরকারি খেলে হাঁচি না হয়ে কাশি হয় ৩-৪ বার। কিভাবে এই ব্যথা থেকে মুক্ত হতে পারি?","{
  ""claims"": [
    {
      ""claim"": ""গত ১ বছর ধরে শ্বাস-প্রশ্বাসের সময় বুকের মাঝ বরাবর কোনো ব্যথা হয় না"",
      ""supported_by"": ""গত ১ বছর যাবত বুকের মাঝ বরাবর চাপা ব্যাথার অনুভব করি শ্বাস প্রশ্বাসের সময়"",
      ""status"": ""contradicted""
    },
    {
      ""claim"": ""বিশ্রামের সময় চাপা ব্যথা অনুভব হয়"",
      ""supported_by"": """",
      ""status"": ""missing""
    },
    {
      ""claim"": ""মশলা জাতীয় তরকারি খেলে হাঁচি না হয়ে কাশি হয় ৩-৪ বার"",
      ""supported_by"": ""তাছাড়া যখন মসলা জাতীয় তরকারি খাই তখন হাঁচি পাই ৩ - ৪ বার"",
      ""status"": ""contradicted""
    },
    {
      ""claim"": ""কিভাবে এই ব্যথা থেকে মুক্ত হতে পারি?"",
      ""supported_by"": ""আমি মূল্যবান পরামর্শ চাই , কিভাবে এই ব্যাথা থেকেমুক্তিপেতে পারি"",
      ""status"": ""supported""
    }
  ],
  ""verdict"": ""yes""
}","[{""claim"": ""গত ১ বছর ধরে শ্বাস-প্রশ্বাসের সময় বুকের মাঝ বরাবর কোনো ব্যথা হয় না"", ""supported_by"": ""গত ১ বছর যাবত বুকের মাঝ বরাবর চাপা ব্যাথার অনুভব করি শ্বাস প্রশ্বাসের সময়"", ""status"": ""contradicted""}, {""claim"": ""বিশ্রামের সময় চাপা ব্যথা অনুভব হয়"", ""supported_by"": """", ""status"": ""missing""}, {""claim"": ""মশলা জাতীয় তরকারি খেলে হাঁচি না হয়ে কাশি হয় ৩-৪ বার"", ""supported_by"": ""তাছাড়া যখন মসলা জাতীয় তরকারি খাই তখন হাঁচি পাই ৩ - ৪ বার"", ""status"": ""contradicted""}, {""claim"": ""কিভাবে এই ব্যথা থেকে মুক্ত হতে পারি?"", ""supported_by"": ""আমি মূল্যবান পরামর্শ চাই , কিভাবে এই ব্যাথা থেকেমুক্তিপেতে পারি"", ""status"": ""supported""}]",yes,yes,4,1,2,1,0,,yes
8290::Factual Contradiction,8290,Factual Contradiction,"আল্লার পরে আপনারাই ভরশা , স্যার আমার এক মাস যাবত আম পড়ছে পায়খানার সাথে , আগের প্রশ্নের উত্তরে কিছু পরিক্ষার কথা বলেছিলেন , কিন্ত এই অবস্থায় বাসা থেকে বের হতে পারছিনা , তাছাড়া আমার গ্রাম থেকে জেলা সদর ১০০ কি , মি । সুন্দর বনের পাশে থাকি , আজ খুব দুর্বল লাগছে , আপাতত কোন ওষুধ খেলে আম পড়া কমে যাবে , প্লিজ জানাবেন , সকালে ফিলমেট ৪০০ এক সাথে দুটো খেয়েছি , আর কি কি পরিক্ষা করতে হবে জানালে বাধিত হব ।","এক মাস যাবত আমাশয় , টেস্ট করানো সম্ভব হচ্ছেনা । কি ওষুধ খেলে উপশম হবে ?","এক মাস যাবত আমাশয় নেই, টেস্ট করানো সম্ভব হচ্ছে। কোনো ওষুধ খাননি, এখন কি ওষুধ খেলে উপশম হবে?","{
  ""claims"": [
    {
      ""claim"": ""এক মাস যাবত আমাশয় নেই"",
      ""supported_by"": ""স্যার আমার এক মাস যাবত আম পড়ছে পায়খানার সাথে"",
      ""status"": ""contradicted""
    },
    {
      ""claim"": ""টেস্ট করানো সম্ভব হচ্ছে"",
      ""supported_by"": ""কিন্ত এই অবস্থায় বাসা থেকে বের হতে পারছিনা"",
      ""status"": ""supported""
    },
    {
      ""claim"": ""কোনো ওষুধ খাননি"",
      ""supported_by"": ""সকালে ফিলমেট ৪০০ এক সাথে দুটো খেয়েছি"",
      ""status"": ""contradicted""
    },
    {
      ""claim"": ""এখন কি ওষুধ খেলে উপশম হবে?"",
      ""supported_by"": ""আপাতত কোন ওষুধ খেলে আম পড়া কমে যাবে , প্লিজ জানাবেন"",
      ""status"": ""supported""
    }
  ],
  ""verdict"": ""yes""
}","[{""claim"": ""এক মাস যাবত আমাশয় নেই"", ""supported_by"": ""স্যার আমার এক মাস যাবত আম পড়ছে পায়খানার সাথে"", ""status"": ""contradicted""}, {""claim"": ""টেস্ট করানো সম্ভব হচ্ছে"", ""supported_by"": ""কিন্ত এই অবস্থায় বাসা থেকে বের হতে পারছিনা"", ""status"": ""supported""}, {""claim"": ""কোনো ওষুধ খাননি"", ""supported_by"": ""সকালে ফিলমেট ৪০০ এক সাথে দুটো খেয়েছি"", ""status"": ""contradicted""}, {""claim"": ""এখন কি ওষুধ খেলে উপশম হবে?"", ""supported_by"": ""আপাতত কোন ওষুধ খেলে আম পড়া কমে যাবে , প্লিজ জানাবেন"", ""status"": ""supported""}]",yes,yes,4,2,2,0,0,,yes
18931::Factual Contradiction,18931,Factual Contradiction,"আস সালামু আলাইকুম , আমি গত ২৯ / ০৪ / ২১ তারিখ রাতে খুব গরম লাগার কারনে গোসল করে ঘুমাতে যায় । সেহেরি খাওয়ার সময় হালকা গলা ব্যথা অনুভব করি । সেদিন একটা নাপা ট্যাবলেট খেয়েছি , তারপর মাঝে মধ্যে সামান্য ব্যথা অনুভব হত , কিন্তু গত ০৯ / ০৫ / ২১ তারিখ ইফতারের পর ডান পাশের টন্সিলে প্রচন্ড ব্যথা শুরু হয় । হাল্কা গরম পানিতে লবন মিশিয়ে গড়গড়া করি , এরপর ব্যথা আরও তীব্র হয় এবং এখন পর্যন্ত কথা বলতে ও ঢোক গিলতে ও খুব কস্ট হচ্ছে । টর্চের আলো দিয়ে মুখ হা করে আয়নার দেখলাম , ডান টনসিল একটু ফোলা এবং লাল দেখা যাচ্ছে , পরামর্শ চাই ।","ডান পাশের টন্সিলে প্রচন্ড ব্যথা , গার্গল করে ব্যথা আরও তীব্র হয় এবং কথা বলতে ও ঢোক গিলতে ও খুব কস্ট হচ্ছে । ডান টনসিল একটু ফোলা এবং লাল দেখা যাচ্ছে ।","বাম পাশের টন্সিলে প্রচন্ড ব্যথা, গার্গল করার পর ব্যথা কিছুটা কমে গেছে এবং কথা বলতে ও ঢোক গিলতে তেমন কষ্ট হচ্ছে না। বাম টনসিল একটু ফোলা কিন্তু লাল দেখা যাচ্ছে না।","{
  ""claims"": [
    {
      ""claim"": ""বাম পাশের টন্সিলে প্রচন্ড ব্যথা"",
      ""supported_by"": ""ডান পাশের টন্সিলে প্রচন্ড ব্যথা শুরু হয়"",
      ""status"": ""contradicted""
    },
    {
      ""claim"": ""গার্গল করার পর ব্যথা কিছুটা কমে গেছে"",
      ""supported_by"": ""হাল্কা গরম পানিতে লবন মিশিয়ে গড়গড়া করি , এরপর ব্যথা আরও তীব্র হয়"",
      ""status"": ""contradicted""
    },
    {
      ""claim"": ""কথা বলতে ও ঢোক গিলতে তেমন কষ্ট হচ্ছে না"",
      ""supported_by"": ""এখন পর্যন্ত কথা বলতে ও ঢোক গিলতে ও খুব কস্ট হচ্ছে"",
      ""status"": ""contradicted""
    },
    {
      ""claim"": ""বাম টনসিল একটু ফোলা কিন্তু লাল দেখা যাচ্ছে না"",
      ""supported_by"": ""ডান টনসিল একটু ফোলা এবং লাল দেখা যাচ্ছে"",
      ""status"": ""contradicted""
    }
  ],
  ""verdict"": ""yes""
}","[{""claim"": ""বাম পাশের টন্সিলে প্রচন্ড ব্যথা"", ""supported_by"": ""ডান পাশের টন্সিলে প্রচন্ড ব্যথা শুরু হয়"", ""status"": ""contradicted""}, {""claim"": ""গার্গল করার পর ব্যথা কিছুটা কমে গেছে"", ""supported_by"": ""হাল্কা গরম পানিতে লবন মিশিয়ে গড়গড়া করি , এরপর ব্যথা আরও তীব্র হয়"", ""status"": ""contradicted""}, {""claim"": ""কথা বলতে ও ঢোক গিলতে তেমন কষ্ট হচ্ছে না"", ""supported_by"": ""এখন পর্যন্ত কথা বলতে ও ঢোক গিলতে ও খুব কস্ট হচ্ছে"", ""status"": ""contradicted""}, {""claim"": ""বাম টনসিল একটু ফোলা কিন্তু লাল দেখা যাচ্ছে না"", ""supported_by"": ""ডান টনসিল একটু ফোলা এবং লাল দেখা যাচ্ছে"", ""status"": ""contradicted""}]",yes,yes,4,0,4,0,0,,yes
25224::Intrinsic,25224,Intrinsic,"আচ্ছালামুয়ালাইকুম ভইয়ো আমার বয়স ২৭ বছর গতো এক থেকে দেড় বছর যাবত আমার দুই রানের চিপায় এবং পায়ু পথের চার পাসে প্রচুরপরিমাণ চুলকায় , , এবং গতো একমাস আগে গোল বৃত্ত আকার কিছু দাউদ হয় , , পরে ফার্মেসিতে গেলে আমাকে ১ সপ্তাহের ঔষুধ দেয় দুই প্রকার ট্যবলেট আর একটি মলম ওষুধ ব্যবহার করার পর ভালো হয় দাউদ তয় চুলকানো কমেনাই তা ছাড় আবার নতুন করে ছোট ছোট দাউদ হচ্ছে , , এখন আমি কি করতে পারি সমাধান দিলে উপকৃত হবো , ,",বয়স ২৭ । দুই রানের চিপায় এবং পায়ু পথে চারপাশে চুলকায় । এক মাস আগে দাঁদ রোগ হয়েছিল এখন আবার হচ্ছে,"বয়স ২৭। প্রায় দুই বছর ধরে দুই রানের চিপায় ও পায়ুপথের আশপাশে তীব্র চুলকানি। এক মাস আগে বড় গোলাকার দাঁদ হয়েছিল, ওষুধে কমলেও এখন আবার নতুন করে ছোট ছোট দাঁদ ছড়াচ্ছে।","{
  ""claims"": [
    {
      ""claim"": ""বয়স ২৭।"",
      ""supported_by"": ""আমার বয়স ২৭ বছর"",
      ""status"": ""supported""
    },
    {
      ""claim"": ""প্রায় দুই বছর ধরে দুই রানের চিপায় ও পায়ুপথের আশপাশে তীব্র চুলকানি।"",
      ""supported_by"": ""গতো এক থেকে দেড় বছর যাবত আমার দুই রানের চিপায় এবং পায়ু পথের চার পাসে প্রচুরপরিমাণ চুলকায়"",
      ""status"": ""supported""
    },
    {
      ""claim"": ""এক মাস আগে বড় গোলাকার দাঁদ হয়েছিল"",
      ""supported_by"": ""গতো একমাস আগে গোল বৃত্ত আকার কিছু দাউদ হয়"",
      ""status"": ""supported""
    },
    {
      ""claim"": ""ওষুধে কমলেও এখন আবার নতুন করে ছোট ছোট দাঁদ ছড়াচ্ছে।"",
      ""supported_by"": ""পরে ফার্মেসিতে গেলে আমাকে ১ সপ্তাহের ঔষুধ দেয় দুই প্রকার ট্যবলেট আর একটি মলম ওষুধ ব্যবহার করার পর ভালো হয় দাউদ তয় চুলকানো কমেনাই তা ছাড় আবার নতুন করে ছোট ছোট দাউদ হচ্ছে"",
      ""status"": ""supported""
    }
  ],
  ""verdict"": ""no""
}","[{""claim"": ""বয়স ২৭।"", ""supported_by"": ""আমার বয়স ২৭ বছর"", ""status"": ""supported""}, {""claim"": ""প্রায় দুই বছর ধরে দুই রানের চিপায় ও পায়ুপথের আশপাশে তীব্র চুলকানি।"", ""supported_by"": ""গতো এক থেকে দেড় বছর যাবত আমার দুই রানের চিপায় এবং পায়ু পথের চার পাসে প্রচুরপরিমাণ চুলকায়"", ""status"": ""supported""}, {""claim"": ""এক মাস আগে বড় গোলাকার দাঁদ হয়েছিল"", ""supported_by"": ""গতো একমাস আগে গোল বৃত্ত আকার কিছু দাউদ হয়"", ""status"": ""supported""}, {""claim"": ""ওষুধে কমলেও এখন আবার নতুন করে ছোট ছোট দাঁদ ছড়াচ্ছে।"", ""supported_by"": ""পরে ফার্মেসিতে গেলে আমাকে ১ সপ্তাহের ঔষুধ দেয় দুই প্রকার ট্যবলেট আর একটি মলম ওষুধ ব্যবহার করার পর ভালো হয় দাউদ তয় চুলকানো কমেনাই তা ছাড় আবার নতুন করে ছোট ছোট দাউদ হচ্ছে"", ""status"": ""supported""}]",no,no,4,4,0,0,0,,no
22088::Intrinsic,22088,Intrinsic,স্যার ! আমি একজন সার্জারি ডাঃ আমাকে এভোলাক সিরাপ খেতে বলেছে পায়খানা নরম হওয়ার জন্য । একটি সিরাপ তিনদিন চলে । কিন্তু আর্থিক দুর্বলতার কারণে এটি কিনতে কষ্ট হচ্ছে । এটার পরিবর্তে অন্য কোনো ঔষধের নাম বললে উপকার হতো । । বাংলায় উত্তর চাই ।,পায়খানা নরম হওয়ার জন্য ডাক্তারের পরামর্ষে তিনদিন এভউলাক সিরাপ খেয়েছি । এর পরিবর্তে অন্য কোন ওষুধ চাই । বাংলায় সমাধান দিন ।,"পায়খানা নরম করার জন্য ডাক্তারের পরামর্শে এক সপ্তাহ এভোলাক সিরাপ খাচ্ছি, কিন্তু দাম বেশি হওয়ায় চালিয়ে যেতে পারছি না। এর বদলে কম দামের অন্য কোনো সিরাপ বা ট্যাবলেটের নাম জানতে চাই। বাংলায় সমাধান দিন।","{
  ""claims"": [
    {
      ""claim"": ""পায়খানা নরম করার জন্য ডাক্তারের পরামর্শে এক সপ্তাহ এভোলাক সিরাপ খাচ্ছি"",
      ""supported_by"": ""আমাকে এভোলাক সিরাপ খেতে বলেছে পায়খানা নরম হওয়ার জন্য । একটি সিরাপ তিনদিন চলে ।"",
      ""status"": ""contradicted""
    },
    {
      ""claim"": ""দাম বেশি হওয়ায় চালিয়ে যেতে পারছি না"",
      ""supported_by"": ""কিন্তু আর্থিক দুর্বলতার কারণে এটি কিনতে কষ্ট হচ্ছে ।"",
      ""status"": ""supported""
    },
    {
      ""claim"": ""এর বদলে কম দামের অন্য কোনো সিরাপ বা ট্যাবলেটের নাম জানতে চাই"",
      ""supported_by"": ""এটার পরিবর্তে অন্য কোনো ঔষধের নাম বললে উপকার হতো ।"",
      ""status"": ""supported""
    },
    {
      ""claim"": ""বাংলায় সমাধান দিন"",
      ""supported_by"": ""বাংলায় উত্তর চাই ।"",
      ""status"": ""supported""
    }
  ],
  ""verdict"": ""yes""
}","[{""claim"": ""পায়খানা নরম করার জন্য ডাক্তারের পরামর্শে এক সপ্তাহ এভোলাক সিরাপ খাচ্ছি"", ""supported_by"": ""আমাকে এভোলাক সিরাপ খেতে বলেছে পায়খানা নরম হওয়ার জন্য । একটি সিরাপ তিনদিন চলে ।"", ""status"": ""contradicted""}, {""claim"": ""দাম বেশি হওয়ায় চালিয়ে যেতে পারছি না"", ""supported_by"": ""কিন্তু আর্থিক দুর্বলতার কারণে এটি কিনতে কষ্ট হচ্ছে ।"", ""status"": ""supported""}, {""claim"": ""এর বদলে কম দামের অন্য কোনো সিরাপ বা ট্যাবলেটের নাম জানতে চাই"", ""supported_by"": ""এটার পরিবর্তে অন্য কোনো ঔষধের নাম বললে উপকার হতো ।"", ""status"": ""supported""}, {""claim"": ""বাংলায় সমাধান দিন"", ""supported_by"": ""বাংলায় উত্তর চাই ।"", ""status"": ""supported""}]",yes,yes,4,3,1,0,0,,yes
12076::Factual Contradiction,12076,Factual Contradiction,স্যার আমি বিয়ে করেছি ১ বছর হল । এখন বাচ্চা নিতে চাচ্ছি । কিন্তু গত কয়েক মাস ধরে আমার স্ত্রীর পিরিয়ড হচ্ছে না । বার বার বেবি টেস্ট করালে নেগেটিভ আসে এদিকে কয়েক মাসও হয়ে গেল পিরিয়ড হচ্ছে না । লকডাউনের কারনে ২মাস ধরে কোন ডাক্তারও পাচ্ছি না এমতাবস্থায় কী করণীয় ।,বাচ্চা নিতে চাই । কয়েকমাস হলো স্ত্রীর পিরিয়ড হচ্ছে না । টেস্ট করালে নেগেটিভ আসে । কি করনীয় ?,বাচ্চা নিতে চাই না। কয়েকমাস হলো স্ত্রীর নিয়মিত পিরিয়ড হচ্ছে। টেস্ট করালে পজিটিভ আসে। কি করনীয়?,"{
  ""claims"": [
    {
      ""claim"": ""বাচ্চা নিতে চাই না।"",
      ""supported_by"": ""এখন বাচ্চা নিতে চাচ্ছি"",
      ""status"": ""contradicted""
    },
    {
      ""claim"": ""কয়েকমাস হলো স্ত্রীর নিয়মিত পিরিয়ড হচ্ছে।"",
      ""supported_by"": ""গত কয়েক মাস ধরে আমার স্ত্রীর পিরিয়ড হচ্ছে না"",
      ""status"": ""contradicted""
    },
    {
      ""claim"": ""টেস্ট করালে পজিটিভ আসে।"",
      ""supported_by"": ""বার বার বেবি টেস্ট করালে নেগেটিভ আসে"",
      ""status"": ""contradicted""
    },
    {
      ""claim"": ""কি করনীয়?"",
      ""supported_by"": ""কি করণীয়"",
      ""status"": ""supported""
    }
  ],
  ""verdict"": ""yes""
}","[{""claim"": ""বাচ্চা নিতে চাই না।"", ""supported_by"": ""এখন বাচ্চা নিতে চাচ্ছি"", ""status"": ""contradicted""}, {""claim"": ""কয়েকমাস হলো স্ত্রীর নিয়মিত পিরিয়ড হচ্ছে।"", ""supported_by"": ""গত কয়েক মাস ধরে আমার স্ত্রীর পিরিয়ড হচ্ছে না"", ""status"": ""contradicted""}, {""claim"": ""টেস্ট করালে পজিটিভ আসে।"", ""supported_by"": ""বার বার বেবি টেস্ট করালে নেগেটিভ আসে"", ""status"": ""contradicted""}, {""claim"": ""কি করনীয়?"", ""supported_by"": ""কি করণীয়"", ""status"": ""supported""}]",yes,yes,4,1,3,0,0,,yes
1892::Non-factual,1892,Non-factual,"আসসালামু আলাইকুম ডক্টর ! গত ২৩ - ২৬ জুন তারিখে সিজারিয়ানের জন্য আমি হাস্পাতালে ছিলাম । অই সময়ে আমার বাম হাতের তালুর বিপরীত পাশে ক্যানোলা লাগানো হয়েছিলো । হাস্পাতাল থেকে রিলিজ নেওয়ার সময়ও অই জায়গাটা ব্যাথা করতেছিলো । ভাবলাম ভালো হয়ে যাবে , কিন্তু হয়নি । এখন হাতের উভয় পাশ সামান্য ফুলে আছে এবং ব্যাথা প্রচুর । ইঞ্জেকশান দেয়া দুটো জায়গায় রগের মধ্যে শক্ত হয়ে ফুলে আছে , যা বাইরে থেকে স্পস্ট বুঝা যায় । স্পর্শ করলেও ব্যাথা হয় । অলিভওয়েল দিয়ে ম্যাসাজ করছি কিন্তু কোনো লাভ হচ্ছে না । দয়াকরে পরামর্শ দিবেন ।","২৩ - ২৬ জুন তারিখে সিজারের সময় বাম হাতের তালুর বিপরীত পাশে ক্যানোলা লাগানো হয়েছিলো । রিলিজ নেওয়ার সময়ও জায়গাটা ব্যাথা করতেছিলো । এখন হাতের উভয় পাশ সামান্য ফুলে আছে এবং ব্যাথা প্রচুর । ইঞ্জেকশান দেয়া দুটো জায়গায় রগের মধ্যে শক্ত হয়ে ফুলে আছে , যা বাইরে থেকে স্পস্ট বুঝা যায় ।","২০ - ২৭ জুন তারিখে সিজারের সময় বাম হাতের কব্জির কাছে ক্যানোলা লাগানো হয়েছিলো। রিলিজ নেওয়ার সময়ও জায়গাটা ব্যথা ছিল। এখন হাতের দুই পাশ বেশ ফুলে গেছে এবং ব্যথা অনেক বেশি। ইঞ্জেকশন দেওয়া তিনটি জায়গায় রগ শক্ত হয়ে উঠেছে, বাইরে থেকে স্পষ্ট বোঝা যায়, আর সেফট্রিয়াক্সোন","{
  ""claims"": [
    {
      ""claim"": ""২০ - ২৭ জুন তারিখে সিজারের সময় বাম হাতের কব্জির কাছে ক্যানোলা লাগানো হয়েছিলো।"",
      ""supported_by"": ""গত ২৩ - ২৬ জুন তারিখে সিজারিয়ানের জন্য আমি হাস্পাতালে ছিলাম । অই সময়ে আমার বাম হাতের তালুর বিপরীত পাশে ক্যানোলা লাগানো হয়েছিলো ।"",
      ""status"": ""supported""
    },
    {
      ""claim"": ""রিলিজ নেওয়ার সময়ও জায়গাটা ব্যথা ছিল।"",
      ""supported_by"": ""হাস্পাতাল থেকে রিলিজ নেওয়ার সময়ও অই জায়গাটা ব্যাথা করতেছিলো ।"",
      ""status"": ""supported""
    },
    {
      ""claim"": ""এখন হাতের দুই পাশ বেশ ফুলে গেছে এবং ব্যথা অনেক বেশি।"",
      ""supported_by"": ""এখন হাতের উভয় পাশ সামান্য ফুলে আছে এবং ব্যাথা প্রচুর ।"",
      ""status"": ""supported""
    },
    {
      ""claim"": ""ইঞ্জেকশন দেওয়া তিনটি জায়গায় রগ শক্ত হয়ে উঠেছে, বাইরে থেকে স্পষ্ট বোঝা যায়"",
      ""supported_by"": ""ইঞ্জেকশান দেয়া দুটো জায়গায় রগের মধ্যে শক্ত হয়ে ফুলে আছে , যা বাইরে থেকে স্পস্ট বুঝা যায় ।"",
      ""status"": ""contradicted""
    },
    {
      ""claim"": ""আর সেফট্রিয়াক্সোন"",
      ""supported_by"": """",
      ""status"": ""missing""
    }
  ],
  ""verdict"": ""yes""
}","[{""claim"": ""২০ - ২৭ জুন তারিখে সিজারের সময় বাম হাতের কব্জির কাছে ক্যানোলা লাগানো হয়েছিলো।"", ""supported_by"": ""গত ২৩ - ২৬ জুন তারিখে সিজারিয়ানের জন্য আমি হাস্পাতালে ছিলাম । অই সময়ে আমার বাম হাতের তালুর বিপরীত পাশে ক্যানোলা লাগানো হয়েছিলো ।"", ""status"": ""supported""}, {""claim"": ""রিলিজ নেওয়ার সময়ও জায়গাটা ব্যথা ছিল।"", ""supported_by"": ""হাস্পাতাল থেকে রিলিজ নেওয়ার সময়ও অই জায়গাটা ব্যাথা করতেছিলো ।"", ""status"": ""supported""}, {""claim"": ""এখন হাতের দুই পাশ বেশ ফুলে গেছে এবং ব্যথা অনেক বেশি।"", ""supported_by"": ""এখন হাতের উভয় পাশ সামান্য ফুলে আছে এবং ব্যাথা প্রচুর ।"", ""status"": ""supported""}, {""claim"": ""ইঞ্জেকশন দেওয়া তিনটি জায়গায় রগ শক্ত হয়ে উঠেছে, বাইরে থেকে স্পষ্ট বোঝা যায়"", ""supported_by"": ""ইঞ্জেকশান দেয়া দুটো জায়গায় রগের মধ্যে শক্ত হয়ে ফুলে আছে , যা বাইরে থেকে স্পস্ট বুঝা যায় ।"", ""status"": ""contradicted""}, {""claim"": ""আর সেফট্রিয়াক্সোন"", ""supported_by"": """", ""status"": ""missing""}]",yes,yes,5,3,1,1,0,,yes
2042::Intrinsic,2042,Intrinsic,"আমার আব্বা , চাচাদের ও দাদার মাথায় টাক ছিল । আমার বয়স ৩০ । বর্তমানে আমার মাথার উপর মাঝামাঝি জায়গায় চুল অনেক কমে গেছে । চুলে হাত দিলেই কমপক্ষে ৬ / ৭ টি চুল ঝড়ে পড়ে । আমাকে সহজ ও কার্যকর উপায় জানান । না হলে চুল উঠার দুশ্চিন্তায় আমার আরো চুল উঠে যাবে . . .",বয়স ৩০ । মাথায় চুল কমে গেছে । চুল ঝড়ে । কি করনীয় ?,"বয়স ৩০। পরিবারে সবারই অল্প বয়সে টাক পড়েছে। কপালের সামনের দিক ও মাঝখানে চুল অনেক পাতলা হয়ে গেছে, প্রতিদিন অনেক চুল ঝরে। দ্রুত ও স্থায়ী সমাধান কী?","{
  ""claims"": [
    {
      ""claim"": ""বয়স ৩০।"",
      ""supported_by"": ""আমার বয়স ৩০ ।"",
      ""status"": ""supported""
    },
    {
      ""claim"": ""পরিবারে সবারই অল্প বয়সে টাক পড়েছে।"",
      ""supported_by"": ""আমার আব্বা , চাচাদের ও দাদার মাথায় টাক ছিল ।"",
      ""status"": ""supported""
    },
    {
      ""claim"": ""কপালের সামনের দিক ও মাঝখানে চুল অনেক পাতলা হয়ে গেছে।"",
      ""supported_by"": ""বর্তমানে আমার মাথার উপর মাঝামাঝি জায়গায় চুল অনেক কমে গেছে ।"",
      ""status"": ""supported""
    },
    {
      ""claim"": ""প্রতিদিন অনেক চুল ঝরে।"",
      ""supported_by"": ""চুলে হাত দিলেই কমপক্ষে ৬ / ৭ টি চুল ঝড়ে পড়ে ।"",
      ""status"": ""supported""
    },
    {
      ""claim"": ""দ্রুত ও স্থায়ী সমাধান কী?"",
      ""supported_by"": """",
      ""status"": ""missing""
    }
  ],
  ""verdict"": ""no""
}","[{""claim"": ""বয়স ৩০।"", ""supported_by"": ""আমার বয়স ৩০ ।"", ""status"": ""supported""}, {""claim"": ""পরিবারে সবারই অল্প বয়সে টাক পড়েছে।"", ""supported_by"": ""আমার আব্বা , চাচাদের ও দাদার মাথায় টাক ছিল ।"", ""status"": ""supported""}, {""claim"": ""কপালের সামনের দিক ও মাঝখানে চুল অনেক পাতলা হয়ে গেছে।"", ""supported_by"": ""বর্তমানে আমার মাথার উপর মাঝামাঝি জায়গায় চুল অনেক কমে গেছে ।"", ""status"": ""supported""}, {""claim"": ""প্রতিদিন অনেক চুল ঝরে।"", ""supported_by"": ""চুলে হাত দিলেই কমপক্ষে ৬ / ৭ টি চুল ঝড়ে পড়ে ।"", ""status"": ""supported""}, {""claim"": ""দ্রুত ও স্থায়ী সমাধান কী?"", ""supported_by"": """", ""status"": ""missing""}]",no,no,5,4,0,1,0,,no
2076::Non-factual,2076,Non-factual,আমার অনেক দিন যাবত ঠান্ডা হাঁচি নাক দিয়ে পানি পরে । ধুলো বালি নাকে গেলেই হাঁচি হয় । সকালে হাঁচি হয় । নাকের মাংস আঙুরের দানার মতো দুইপাশে ঠান্ডা লাগলেই বাড়ে । বৃষ্টিতে ভিজলে ঠান্ডা লাগে । বুকে প্রচুর কফ হয় । আমি মেডিসিন বিশেষজ্ঞ দেখিয়েছি । ডাক্তার রক্ত পরীক্ষা আর বুক এক্সরে করে ট্রাইলক টেন আর টোফেন খেতে দিয়েছে । দুইমাস খেয়ে ভাল হয়েছিলাম আবার ও অসুস্থ । অসুধ খেলে কমে না খেলে বারে এখন আমি কি করব,"ঠান্ডা , হাঁচি ও নাক দিয়ে পানি পড়ে । নাকের মাংস ঠান্ডা লাগলে বাড়ে । বুকে কফ হয় । ট্রাইলক টেন ও টোফেন খাচ্ছি । ওষুধ খেলে কমে । না খেলে বাড়ে । কি করনীয় ?","ঠান্ডা, হাঁচি ও নাক দিয়ে পানি পড়ে। নাকের মাংস ঠান্ডা লাগলে দুই পাশে বেশি ফুলে যায়। বুকে কফ হয়। ট্রাইলক টেন, টোফেন ও মন্টেলুকাস্ট খাচ্ছি। ওষুধ খেলে কমে, না খেলে আবার বাড়ে। কী করণীয়?","{
  ""claims"": [
    {
      ""claim"": ""ঠান্ডা, হাঁচি ও নাক দিয়ে পানি পড়ে।"",
      ""supported_by"": ""আমার অনেক দিন যাবত ঠান্ডা হাঁচি নাক দিয়ে পানি পরে ।"",
      ""status"": ""supported""
    },
    {
      ""claim"": ""নাকের মাংস ঠান্ডা লাগলে দুই পাশে বেশি ফুলে যায়।"",
      ""supported_by"": ""নাকের মাংস আঙুরের দানার মতো দুইপাশে ঠান্ডা লাগলেই বাড়ে ।"",
      ""status"": ""supported""
    },
    {
      ""claim"": ""বুকে কফ হয়।"",
      ""supported_by"": ""বুকে প্রচুর কফ হয় ।"",
      ""status"": ""supported""
    },
    {
      ""claim"": ""ট্রাইলক টেন, টোফেন ও মন্টেলুকাস্ট খাচ্ছি।"",
      ""supported_by"": ""ডাক্তার রক্ত পরীক্ষা আর বুক এক্সরে করে ট্রাইলক টেন আর টোফেন খেতে দিয়েছে ।"",
      ""status"": ""contradicted""
    },
    {
      ""claim"": ""ওষুধ খেলে কমে, না খেলে আবার বাড়ে।"",
      ""supported_by"": ""দুইমাস খেয়ে ভাল হয়েছিলাম আবার ও অসুস্থ । অসুধ খেলে কমে না খেলে বারে"",
      ""status"": ""supported""
    },
    {
      ""claim"": ""কী করণীয়?"",
      ""supported_by"": ""এখন আমি কি করব"",
      ""status"": ""supported""
    }
  ],
  ""verdict"": ""yes""
}","[{""claim"": ""ঠান্ডা, হাঁচি ও নাক দিয়ে পানি পড়ে।"", ""supported_by"": ""আমার অনেক দিন যাবত ঠান্ডা হাঁচি নাক দিয়ে পানি পরে ।"", ""status"": ""supported""}, {""claim"": ""নাকের মাংস ঠান্ডা লাগলে দুই পাশে বেশি ফুলে যায়।"", ""supported_by"": ""নাকের মাংস আঙুরের দানার মতো দুইপাশে ঠান্ডা লাগলেই বাড়ে ।"", ""status"": ""supported""}, {""claim"": ""বুকে কফ হয়।"", ""supported_by"": ""বুকে প্রচুর কফ হয় ।"", ""status"": ""supported""}, {""claim"": ""ট্রাইলক টেন, টোফেন ও মন্টেলুকাস্ট খাচ্ছি।"", ""supported_by"": ""ডাক্তার রক্ত পরীক্ষা আর বুক এক্সরে করে ট্রাইলক টেন আর টোফেন খেতে দিয়েছে ।"", ""status"": ""contradicted""}, {""claim"": ""ওষুধ খেলে কমে, না খেলে আবার বাড়ে।"", ""supported_by"": ""দুইমাস খেয়ে ভাল হয়েছিলাম আবার ও অসুস্থ । অসুধ খেলে কমে না খেলে বারে"", ""status"": ""supported""}, {""claim"": ""কী করণীয়?"", ""supported_by"": ""এখন আমি কি করব"", ""status"": ""supported""}]",yes,yes,6,5,1,0,0,,yes
13005::Factual Contradiction,13005,Factual Contradiction,"আমি গত প্রায় ২ / ৩ বছর ধরে প্রচুর পরিমাণে ঘামি । সেটা পুরো ১২ মাসই । আমি এর জন্য স্কিনের ডাক্তার দেখিয়েও কোন কাজ হয়নি । আমার থাইরয়েড , ডায়েবিটিস , উচ্চ রক্ত চাপের চেস্টের রেজাল্ট নেগেটিভ । এখন আমি কোন বিষয়ের ডাক্তারকে দেখাব ?","২ / ৩ বছর হলো প্রচুর ঘামি । স্কিনের ডাক্তার দেখিয়ে কাজ হয় নি । থাইরয়েড , ডায়াবেটিস , উচ্চ রক্তচাপ নেই । কোন বিষয়ের ডাক্তার দেখাবো ?","২ / ৩ বছর হলো খুব কম ঘামি, আর সেটা শুধু গরমের সময়। স্কিনের ডাক্তার দেখিয়ে উপকার হয়েছে। থাইরয়েড, ডায়াবেটিস, উচ্চ রক্তচাপ ধরা পড়েছে। এখন কোন বিষয়ের ডাক্তার দেখাবো?","{
  ""claims"": [
    {
      ""claim"": ""২ / ৩ বছর হলো খুব কম ঘামি, আর সেটা শুধু গরমের সময়।"",
      ""supported_by"": ""আমি গত প্রায় ২ / ৩ বছর ধরে প্রচুর পরিমাণে ঘামি । সেটা পুরো ১২ মাসই ।"",
      ""status"": ""contradicted""
    },
    {
      ""claim"": ""স্কিনের ডাক্তার দেখিয়ে উপকার হয়েছে।"",
      ""supported_by"": ""আমি এর জন্য স্কিনের ডাক্তার দেখিয়েও কোন কাজ হয়নি ।"",
      ""status"": ""contradicted""
    },
    {
      ""claim"": ""থাইরয়েড, ডায়াবেটিস, উচ্চ রক্তচাপ ধরা পড়েছে।"",
      ""supported_by"": ""আমার থাইরয়েড , ডায়েবিটিস , উচ্চ রক্ত চাপের চেস্টের রেজাল্ট নেগেটিভ ।"",
      ""status"": ""contradicted""
    },
    {
      ""claim"": ""এখন কোন বিষয়ের ডাক্তার দেখাবো?"",
      ""supported_by"": ""এখন আমি কোন বিষয়ের ডাক্তারকে দেখাব ?"",
      ""status"": ""supported""
    }
  ],
  ""verdict"": ""yes""
}","[{""claim"": ""২ / ৩ বছর হলো খুব কম ঘামি, আর সেটা শুধু গরমের সময়।"", ""supported_by"": ""আমি গত প্রায় ২ / ৩ বছর ধরে প্রচুর পরিমাণে ঘামি । সেটা পুরো ১২ মাসই ।"", ""status"": ""contradicted""}, {""claim"": ""স্কিনের ডাক্তার দেখিয়ে উপকার হয়েছে।"", ""supported_by"": ""আমি এর জন্য স্কিনের ডাক্তার দেখিয়েও কোন কাজ হয়নি ।"", ""status"": ""contradicted""}, {""claim"": ""থাইরয়েড, ডায়াবেটিস, উচ্চ রক্তচাপ ধরা পড়েছে।"", ""supported_by"": ""আমার থাইরয়েড , ডায়েবিটিস , উচ্চ রক্ত চাপের চেস্টের রেজাল্ট নেগেটিভ ।"", ""status"": ""contradicted""}, {""claim"": ""এখন কোন বিষয়ের ডাক্তার দেখাবো?"", ""supported_by"": ""এখন আমি কোন বিষয়ের ডাক্তারকে দেখাব ?"", ""status"": ""supported""}]",yes,yes,4,1,3,0,0,,yes
23954::Non-factual,23954,Non-factual,আসসালামু আলাইকুম । আমার ছেলের বয়স ১৩ বছর ৬ মাস আসুন ১৩ কেজি ৩০০ গ্রাম । গত দুইদিন ধরে সর্দি কাশি । গতকাল কাশির মাত্রা খুবই বেশি ছিল সারারাত অতিমাত্রায় কাশি হয়েছে এবং কাশতে কাশতে কয়েকবার বমি হয়েছিল । দুদিন ধরে টোফেন সিরাপটা খাওয়ানো হয়েছিল তারপরও কাশি কমেনি । এখন সর্দি এবং কাশি চলমান আছে । এই মুহূর্তে কি করা যেতে পারে ? বিদ্রঃ ছোটবেলা থেকেই তার খাওয়া - দাওয়ার প্রতি আগ্রহ খুবই কম । যখনই খাওয়াতে হয় জোর করেই খাওয়াতে হয় । আপনার জন্য ও কি করা যেতে পারে ?,"বয়স ১৩ বছর ৬ মাস , ওজন ১৩ কেজি । দুইদিন ধরে সর্দি কাশি । কাশির মাত্রা খুবই বেশি , কাশতে কাশতে কয়েকবার বমি হয়েছিল । দুদিন ধরে টোফেন সিরাপটা খাওয়ানো হয়েছিল তারপরও কাশি কমেনি ।","বয়স ১৩ বছর ৬ মাস, ওজন ১৫ কেজি। তিনদিন ধরে সর্দি-কাশি। কাশির মাত্রা খুবই বেশি, কাশতে কাশতে কয়েকবার বমি হয়েছে। দুদিন ধরে টোফেন সিরাপ ও মন্টেলুকাস্ট খাওয়ানো হয়েছে, তারপরও কাশি কমেনি।","{
  ""claims"": [
    {
      ""claim"": ""বয়স ১৩ বছর ৬ মাস"",
      ""supported_by"": ""আমার ছেলের বয়স ১৩ বছর ৬ মাস"",
      ""status"": ""supported""
    },
    {
      ""claim"": ""ওজন ১৫ কেজি"",
      ""supported_by"": ""ওজন ১৩ কেজি ৩০০ গ্রাম"",
      ""status"": ""contradicted""
    },
    {
      ""claim"": ""তিনদিন ধরে সর্দি-কাশি"",
      ""supported_by"": ""গত দুইদিন ধরে সর্দি কাশি"",
      ""status"": ""contradicted""
    },
    {
      ""claim"": ""কাশির মাত্রা খুবই বেশি"",
      ""supported_by"": ""গতকাল কাশির মাত্রা খুবই বেশি ছিল"",
      ""status"": ""supported""
    },
    {
      ""claim"": ""কাশতে কাশতে কয়েকবার বমি হয়েছে"",
      ""supported_by"": ""কাশতে কাশতে কয়েকবার বমি হয়েছিল"",
      ""status"": ""supported""
    },
    {
      ""claim"": ""দুদিন ধরে টোফেন সিরাপ ও মন্টেলুকাস্ট খাওয়ানো হয়েছে"",
      ""supported_by"": ""দুদিন ধরে টোফেন সিরাপটা খাওয়ানো হয়েছিল"",
      ""status"": ""missing""
    },
    {
      ""claim"": ""কাশি কমেনি"",
      ""supported_by"": ""তারপরও কাশি কমেনি"",
      ""status"": ""supported""
    }
  ],
  ""verdict"": ""yes""
}","[{""claim"": ""বয়স ১৩ বছর ৬ মাস"", ""supported_by"": ""আমার ছেলের বয়স ১৩ বছর ৬ মাস"", ""status"": ""supported""}, {""claim"": ""ওজন ১৫ কেজি"", ""supported_by"": ""ওজন ১৩ কেজি ৩০০ গ্রাম"", ""status"": ""contradicted""}, {""claim"": ""তিনদিন ধরে সর্দি-কাশি"", ""supported_by"": ""গত দুইদিন ধরে সর্দি কাশি"", ""status"": ""contradicted""}, {""claim"": ""কাশির মাত্রা খুবই বেশি"", ""supported_by"": ""গতকাল কাশির মাত্রা খুবই বেশি ছিল"", ""status"": ""supported""}, {""claim"": ""কাশতে কাশতে কয়েকবার বমি হয়েছে"", ""supported_by"": ""কাশতে কাশতে কয়েকবার বমি হয়েছিল"", ""status"": ""supported""}, {""claim"": ""দুদিন ধরে টোফেন সিরাপ ও মন্টেলুকাস্ট খাওয়ানো হয়েছে"", ""supported_by"": ""দুদিন ধরে টোফেন সিরাপটা খাওয়ানো হয়েছিল"", ""status"": ""missing""}, {""claim"": ""কাশি কমেনি"", ""supported_by"": ""তারপরও কাশি কমেনি"", ""status"": ""supported""}]",yes,yes,7,4,2,1,0,,yes
19320::Non-factual,19320,Non-factual,"শিশু সন্তান বয়স 3 বছর 4 মাস একদমই খেতে চায় না । খাবার মুখে দিলে বমি করে দেয় মাঝে মাঝে । খাবার পরও বমি করে । খাওয়ায় একদমই রুচি নাই সবচেয়ে বড় সমস্যা খাওয়ার সময় বমি করে দেয়া । হঠাৎ কোন কোন দিন ঘুমের মধ্যেও বমি করে দেয় । আমরা সাধারণত খিচুড়ি , নুডুলস , দুধ , সুজির পায়ে এগুলো খাওয়াই । খিচুড়িতে মাছ এবং সবজি থাকে । নুডুলস এ ডিম দেয়া হয় । পরামর্শ চাইছি ।","বয়স 3 বছর 4 মাস । একদমই খেতে চায় না । বমি করে দেয় মাঝে মাঝে । খাবার পর , ঘুমের মধ্যেও বমি করে দেয় । আমরা সাধারণত খিচুড়ি , নুডুলস , দুধ , সুজির পায়ে এগুলো খাওয়াই ।","বয়স ৩ বছর ৪ মাস। প্রায় দুই সপ্তাহ ধরে একদমই খেতে চায় না। খাওয়ার সময় ও খাবার পর বমি করে, কখনও ঘুমের মধ্যেও বমি হয়। সাধারণত খিচুড়ি, নুডুলস, দুধ, সুজির পায়েস খাওয়ানো হয়, আর ওআরএসও দেওয়া হচ্ছে।","{
  ""claims"": [
    {
      ""claim"": ""বয়স ৩ বছর ৪ মাস।"",
      ""supported_by"": ""শিশু সন্তান বয়স 3 বছর 4 মাস"",
      ""status"": ""supported""
    },
    {
      ""claim"": ""প্রায় দুই সপ্তাহ ধরে একদমই খেতে চায় না।"",
      ""supported_by"": ""একদমই খেতে চায় না"",
      ""status"": ""supported""
    },
    {
      ""claim"": ""খাওয়ার সময় ও খাবার পর বমি করে।"",
      ""supported_by"": ""খাবার মুখে দিলে বমি করে দেয় মাঝে মাঝে । খাবার পরও বমি করে ।"",
      ""status"": ""supported""
    },
    {
      ""claim"": ""কখনও ঘুমের মধ্যেও বমি হয়।"",
      ""supported_by"": ""হঠাৎ কোন কোন দিন ঘুমের মধ্যেও বমি করে দেয় ।"",
      ""status"": ""supported""
    },
    {
      ""claim"": ""সাধারণত খিচুড়ি, নুডুলস, দুধ, সুজির পায়েস খাওয়ানো হয়।"",
      ""supported_by"": ""আমরা সাধারণত খিচুড়ি , নুডুলস , দুধ , সুজির পায়ে এগুলো খাওয়াই ।"",
      ""status"": ""supported""
    },
    {
      ""claim"": ""ওআরএসও দেওয়া হচ্ছে।"",
      ""supported_by"": """",
      ""status"": ""missing""
    }
  ],
  ""verdict"": ""yes""
}","[{""claim"": ""বয়স ৩ বছর ৪ মাস।"", ""supported_by"": ""শিশু সন্তান বয়স 3 বছর 4 মাস"", ""status"": ""supported""}, {""claim"": ""প্রায় দুই সপ্তাহ ধরে একদমই খেতে চায় না।"", ""supported_by"": ""একদমই খেতে চায় না"", ""status"": ""supported""}, {""claim"": ""খাওয়ার সময় ও খাবার পর বমি করে।"", ""supported_by"": ""খাবার মুখে দিলে বমি করে দেয় মাঝে মাঝে । খাবার পরও বমি করে ।"", ""status"": ""supported""}, {""claim"": ""কখনও ঘুমের মধ্যেও বমি হয়।"", ""supported_by"": ""হঠাৎ কোন কোন দিন ঘুমের মধ্যেও বমি করে দেয় ।"", ""status"": ""supported""}, {""claim"": ""সাধারণত খিচুড়ি, নুডুলস, দুধ, সুজির পায়েস খাওয়ানো হয়।"", ""supported_by"": ""আমরা সাধারণত খিচুড়ি , নুডুলস , দুধ , সুজির পায়ে এগুলো খাওয়াই ।"", ""status"": ""supported""}, {""claim"": ""ওআরএসও দেওয়া হচ্ছে।"", ""supported_by"": """", ""status"": ""missing""}]",yes,no,6,5,0,1,1,,yes
23375::Factual Contradiction,23375,Factual Contradiction,"আসসালামুয়ালাইকুম ডাক্তার ভাই আমার একটা প্রশ্ন আছে আমার একটা কন্যা সন্তান হইছে তার বয়স 16 দিন , সে শুধু কান্না করে আবার যখন মায়ের বুকের দুধ দেওয়া হয় তখন চুপচাপ থাকে একঘন্টা যদি মায়ের বুকের দুধ খেতে থাকে এক ঘন্টায় চুপ থাকে , আবার এক ঘন্টা পর দুধ সরিয়ে ফেললে কান্না শুরু করতে থাকে দয়া করে এটির সঠিক পরামর্শ দিবেন ধন্যবাদ ।",বয়স ১৬ দিন । বুকের দুধ খাওয়ানো সরিয়ে দিলে এক ঘন্টা পর কান্না শুরু করে,"বয়স ১৬ দিন। বুকের দুধ খাওয়ালে এক ঘন্টা পর কান্না শুরু করে, আর দুধ সরিয়ে দিলে চুপচাপ থাকে।","{
  ""claims"": [
    {
      ""claim"": ""বয়স ১৬ দিন।"",
      ""supported_by"": ""আমার একটা কন্যা সন্তান হইছে তার বয়স 16 দিন"",
      ""status"": ""supported""
    },
    {
      ""claim"": ""বুকের দুধ খাওয়ালে এক ঘন্টা পর কান্না শুরু করে"",
      ""supported_by"": ""সে শুধু কান্না করে আবার যখন মায়ের বুকের দুধ দেওয়া হয় তখন চুপচাপ থাকে একঘন্টা"",
      ""status"": ""contradicted""
    },
    {
      ""claim"": ""দুধ সরিয়ে দিলে চুপচাপ থাকে"",
      ""supported_by"": ""এক ঘন্টা পর দুধ সরিয়ে ফেললে কান্না শুরু করতে থাকে"",
      ""status"": ""contradicted""
    }
  ],
  ""verdict"": ""yes""
}","[{""claim"": ""বয়স ১৬ দিন।"", ""supported_by"": ""আমার একটা কন্যা সন্তান হইছে তার বয়স 16 দিন"", ""status"": ""supported""}, {""claim"": ""বুকের দুধ খাওয়ালে এক ঘন্টা পর কান্না শুরু করে"", ""supported_by"": ""সে শুধু কান্না করে আবার যখন মায়ের বুকের দুধ দেওয়া হয় তখন চুপচাপ থাকে একঘন্টা"", ""status"": ""contradicted""}, {""claim"": ""দুধ সরিয়ে দিলে চুপচাপ থাকে"", ""supported_by"": ""এক ঘন্টা পর দুধ সরিয়ে ফেললে কান্না শুরু করতে থাকে"", ""status"": ""contradicted""}]",yes,yes,3,1,2,0,0,,yes
16758::Factual Contradiction,16758,Factual Contradiction,"আমার বুকে অনেক কফ কাসদিলে শক্ত শক্ত কফ বের হয় । অল্প পরিশ্রম করলে দম ছোট হয় , মেডিসিন , বক্ষব্যাধি ডাক্তার দেখিয়েছি ঔষধ খেয়েছি এক্সরে সহ অন্যান্য টেষ্টও করিয়াছি , আমি ধুমপান কখনো করিনি উচ্চ রক্তচাপ আছে নিয়মিত ঔষধ খাই , বর্তমানে আমার বুকের কফ তরল হয়ে পরে গেলে হয়ত আমি সুস্হ মনে করি , বুকের এই কফ তরল হয়ে পরে যাওয়ার কোন পরামর্শ পেতে পারি কি",কাশি দিলে শক্ত কফ বের হয় । অল্প পরিশ্রমে দম ছোট হয় । উচ্চ রক্তচাপ আছে নিয়মিত ওষুধ খাওয়া হয় । অধূমপায়ী ।,কাশি দিলে তরল কফ বের হয়। অল্প পরিশ্রমে দম ছোট হয় না। উচ্চ রক্তচাপ নেই এবং নিয়মিত ওষুধ খাওয়া হয় না। ধূমপান করেন।,"{
  ""claims"": [
    {
      ""claim"": ""কাশি দিলে তরল কফ বের হয়।"",
      ""supported_by"": ""আমার বুকে অনেক কফ কাসদিলে শক্ত শক্ত কফ বের হয় । ... বর্তমানে আমার বুকের কফ তরল হয়ে পরে গেলে হয়ত আমি সুস্হ মনে করি"",
      ""status"": ""supported""
    },
    {
      ""claim"": ""অল্প পরিশ্রমে দম ছোট হয় না।"",
      ""supported_by"": ""অল্প পরিশ্রম করলে দম ছোট হয়"",
      ""status"": ""contradicted""
    },
    {
      ""claim"": ""উচ্চ রক্তচাপ নেই"",
      ""supported_by"": ""উচ্চ রক্তচাপ আছে নিয়মিত ঔষধ খাই"",
      ""status"": ""contradicted""
    },
    {
      ""claim"": ""নিয়মিত ওষুধ খাওয়া হয় না।"",
      ""supported_by"": ""উচ্চ রক্তচাপ আছে নিয়মিত ঔষধ খাই"",
      ""status"": ""contradicted""
    },
    {
      ""claim"": ""ধূমপান করেন।"",
      ""supported_by"": ""আমি ধুমপান কখনো করিনি"",
      ""status"": ""contradicted""
    }
  ],
  ""verdict"": ""yes""
}","[{""claim"": ""কাশি দিলে তরল কফ বের হয়।"", ""supported_by"": ""আমার বুকে অনেক কফ কাসদিলে শক্ত শক্ত কফ বের হয় । ... বর্তমানে আমার বুকের কফ তরল হয়ে পরে গেলে হয়ত আমি সুস্হ মনে করি"", ""status"": ""supported""}, {""claim"": ""অল্প পরিশ্রমে দম ছোট হয় না।"", ""supported_by"": ""অল্প পরিশ্রম করলে দম ছোট হয়"", ""status"": ""contradicted""}, {""claim"": ""উচ্চ রক্তচাপ নেই"", ""supported_by"": ""উচ্চ রক্তচাপ আছে নিয়মিত ঔষধ খাই"", ""status"": ""contradicted""}, {""claim"": ""নিয়মিত ওষুধ খাওয়া হয় না।"", ""supported_by"": ""উচ্চ রক্তচাপ আছে নিয়মিত ঔষধ খাই"", ""status"": ""contradicted""}, {""claim"": ""ধূমপান করেন।"", ""supported_by"": ""আমি ধুমপান কখনো করিনি"", ""status"": ""contradicted""}]",yes,yes,5,1,4,0,0,,yes
12051::Intrinsic,12051,Intrinsic,"আসসালামু আলাইকুম , আমি ২৭ বছর বয়সী । আমার দাত ছোটবেলা হতে বাকা ছিল । এখন দুটি দাত পাশাপাশি ( একদাতের জায়গায় ) অবস্থান করছে । আর কিছুদিন আগে খেয়াল করছি ডান দিকের চোয়াল একটু বাকা , বাম দিকের তুলনায় । এ অবস্থায় আমি "" ডাক্তার ভাই "" হতে কি সাহায্য পেতে পারি ? এই করোনায় ডাক্তারের কাছে যাওয়া উচিত কিনা !",বয়স ২৭ । ছোট থেকে দাঁত বাঁকা ছিল । এখন দুটো দাঁত একই জায়গায় আছে । ডান দিকের চোয়াল বাঁকা বাম দিকের তুলনায় ৷ কি করনীয় ?,"বয়স ২৭। ছোটবেলা থেকে দাঁত বাঁকা, এখন সামনে তিনটি দাঁত গাদাগাদি করে একই জায়গায় উঠেছে। কিছুদিন ধরে ডান পাশের চোয়াল বেশ নিচের দিকে সরে বাম দিকের তুলনায় বেশি বাকা মনে হচ্ছে। এ অবস্থায় কী চিকিৎসা দরকার?","{
  ""claims"": [
    {
      ""claim"": ""বয়স ২৭।"",
      ""supported_by"": ""আমি ২৭ বছর বয়সী ।"",
      ""status"": ""supported""
    },
    {
      ""claim"": ""ছোটবেলা থেকে দাঁত বাঁকা।"",
      ""supported_by"": ""আমার দাত ছোটবেলা হতে বাকা ছিল ।"",
      ""status"": ""supported""
    },
    {
      ""claim"": ""এখন সামনে তিনটি দাঁত গাদাগাদি করে একই জায়গায় উঠেছে।"",
      ""supported_by"": ""এখন দুটি দাত পাশাপাশি ( একদাতের জায়গায় ) অবস্থান করছে ।"",
      ""status"": ""contradicted""
    },
    {
      ""claim"": ""কিছুদিন ধরে ডান পাশের চোয়াল বেশ নিচের দিকে সরে বাম দিকের তুলনায় বেশি বাকা মনে হচ্ছে।"",
      ""supported_by"": ""আর কিছুদিন আগে খেয়াল করছি ডান দিকের চোয়াল একটু বাকা , বাম দিকের তুলনায় ।"",
      ""status"": ""supported""
    },
    {
      ""claim"": ""এ অবস্থায় কী চিকিৎসা দরকার?"",
      ""supported_by"": ""এ অবস্থায় আমি \"" ডাক্তার ভাই \"" হতে কি সাহায্য পেতে পারি ?"",
      ""status"": ""supported""
    }
  ],
  ""verdict"": ""yes""
}","[{""claim"": ""বয়স ২৭।"", ""supported_by"": ""আমি ২৭ বছর বয়সী ।"", ""status"": ""supported""}, {""claim"": ""ছোটবেলা থেকে দাঁত বাঁকা।"", ""supported_by"": ""আমার দাত ছোটবেলা হতে বাকা ছিল ।"", ""status"": ""supported""}, {""claim"": ""এখন সামনে তিনটি দাঁত গাদাগাদি করে একই জায়গায় উঠেছে।"", ""supported_by"": ""এখন দুটি দাত পাশাপাশি ( একদাতের জায়গায় ) অবস্থান করছে ।"", ""status"": ""contradicted""}, {""claim"": ""কিছুদিন ধরে ডান পাশের চোয়াল বেশ নিচের দিকে সরে বাম দিকের তুলনায় বেশি বাকা মনে হচ্ছে।"", ""supported_by"": ""আর কিছুদিন আগে খেয়াল করছি ডান দিকের চোয়াল একটু বাকা , বাম দিকের তুলনায় ।"", ""status"": ""supported""}, {""claim"": ""এ অবস্থায় কী চিকিৎসা দরকার?"", ""supported_by"": ""এ অবস্থায় আমি \"" ডাক্তার ভাই \"" হতে কি সাহায্য পেতে পারি ?"", ""status"": ""supported""}]",yes,yes,5,4,1,0,0,,yes
4582::Intrinsic,4582,Intrinsic,"স্যার , আমার বয়স 36 আমি একা . প্রশ্ন হচ্ছে আমি মানসিক কারণে এবং পারিপার্শ্বিক বিষন্নতা থেকে ইয়াবা অ্যাডিক্টেড হয়ে পড়ি . প্রথমে একটা করে খেতাম দুই দিন বা চার দিন পর এখন প্রায় 6 মাস একটানা 5টা - 7টা করে খেতে হচ্ছে কারণ প্রতিদিন খাওয়ার প্রবণতায় . আমার প্রচন্ড ছাড়ার ইচ্ছা কিন্তু গার্ডিয়ান কেউ নেই এবং আমি নিজে একা পারছিনা আমার দেখা যারা রিহাব সেন্টারে ভর্তি হয়েছে তারা এখন ঘুমের ঔষধের নেশায় জড়িত হয়ে পড়েছে . সে ক্ষেত্রে দয়া করে আমাকে একটি পরামর্শ দিন যেন আমি এই ভয়ঙ্করনেশা থেকে বেরিয়ে আসতে পারি .",বয়স ৩৬ । মানসিক কারণে এবং পারিপার্শ্বিক বিষন্নতা থেকে ইয়াবা অ্যাডিক্টেড । ছাড়তে চাই ।,"বয়স ৩৬। দীর্ঘদিনের মানসিক চাপ ও একাকীত্ব থেকে ইয়াবায় আসক্ত, এখন প্রায় এক বছর ধরে প্রতিদিন ৭–৮টা করে খাচ্ছেন। রিহ্যাবে যেতে ভয় পাচ্ছেন, কিন্তু নেশা ছাড়তে চান।","{
  ""claims"": [
    {
      ""claim"": ""বয়স ৩৬।"",
      ""supported_by"": ""স্যার , আমার বয়স 36 আমি একা ."",
      ""status"": ""supported""
    },
    {
      ""claim"": ""দীর্ঘদিনের মানসিক চাপ ও একাকীত্ব থেকে ইয়াবায় আসক্ত।"",
      ""supported_by"": ""আমি মানসিক কারণে এবং পারিপার্শ্বিক বিষন্নতা থেকে ইয়াবা অ্যাডিক্টেড হয়ে পড়ি"",
      ""status"": ""supported""
    },
    {
      ""claim"": ""এখন প্রায় এক বছর ধরে প্রতিদিন ৭–৮টা করে খাচ্ছেন।"",
      ""supported_by"": ""প্রথমে একটা করে খেতাম দুই দিন বা চার দিন পর এখন প্রায় 6 মাস একটানা 5টা - 7টা করে খেতে হচ্ছে কারণ প্রতিদিন খাওয়ার প্রবণতায়"",
      ""status"": ""contradicted""
    },
    {
      ""claim"": ""রিহ্যাবে যেতে ভয় পাচ্ছেন।"",
      ""supported_by"": ""আমার দেখা যারা রিহাব সেন্টারে ভর্তি হয়েছে তারা এখন ঘুমের ঔষধের নেশায় জড়িত হয়ে পড়েছে"",
      ""status"": ""missing""
    },
    {
      ""claim"": ""নেশা ছাড়তে চান।"",
      ""supported_by"": ""আমার প্রচন্ড ছাড়ার ইচ্ছা"",
      ""status"": ""supported""
    }
  ],
  ""verdict"": ""no""
}","[{""claim"": ""বয়স ৩৬।"", ""supported_by"": ""স্যার , আমার বয়স 36 আমি একা ."", ""status"": ""supported""}, {""claim"": ""দীর্ঘদিনের মানসিক চাপ ও একাকীত্ব থেকে ইয়াবায় আসক্ত।"", ""supported_by"": ""আমি মানসিক কারণে এবং পারিপার্শ্বিক বিষন্নতা থেকে ইয়াবা অ্যাডিক্টেড হয়ে পড়ি"", ""status"": ""supported""}, {""claim"": ""এখন প্রায় এক বছর ধরে প্রতিদিন ৭–৮টা করে খাচ্ছেন।"", ""supported_by"": ""প্রথমে একটা করে খেতাম দুই দিন বা চার দিন পর এখন প্রায় 6 মাস একটানা 5টা - 7টা করে খেতে হচ্ছে কারণ প্রতিদিন খাওয়ার প্রবণতায়"", ""status"": ""contradicted""}, {""claim"": ""রিহ্যাবে যেতে ভয় পাচ্ছেন।"", ""supported_by"": ""আমার দেখা যারা রিহাব সেন্টারে ভর্তি হয়েছে তারা এখন ঘুমের ঔষধের নেশায় জড়িত হয়ে পড়েছে"", ""status"": ""missing""}, {""claim"": ""নেশা ছাড়তে চান।"", ""supported_by"": ""আমার প্রচন্ড ছাড়ার ইচ্ছা"", ""status"": ""supported""}]",no,yes,5,3,1,1,1,,no
25870::Non-factual,25870,Non-factual,"আমার বয়স ৪১ , উচ্চতা ৫ - ৬ "" "" , ওজন ৭০ প্রায় ২ / ৩ বছর যাবৎ পায়ের গোড়ালি তে ব্যথা হয় । দুই পায়েই হয় তবে ডান পায়ে বেশি । হাটাহাটি বেশি করলে ঘুম থেকে ওঠার পরে হাটতে খুব কস্ট হয় । ১ / ২ মিনিট হাটলে আস্তে আস্তে কমে কিন্ত সারাদিনই ব্যথা থেকেই যায় । আমি তেমন কোন ঔষধ খায় নাই এজন্য । অনুগ্রহ করে আমাকে সহযোগিতা করবেন ধন্যবাদ ।","বয়স ৪১ , ওজন ৭০ . পায়ের গোড়ালিতে ব্যথা হয় , হাটাহাটি বেশি করলে ঘুম থেকে উঠার পর হাঁটতে খুব কষ্ট হয় । ১ - ২মিন হাঁটলে ব্যথা কমে , আবার থাকে","বয়স ৪১, ওজন ৭২। প্রায় ৪ বছর ধরে পায়ের গোড়ালিতে ব্যথা, দুই পায়েই হলেও বাম পায়ে বেশি। বেশি হাঁটাহাটি করলে ঘুম থেকে উঠে হাঁটতে খুব কষ্ট হয়। ৩-৪ মিনিট হাঁটলে ব্যথা কিছুটা কমে, তবে সারাদিনই থাকে।","{
  ""claims"": [
    {
      ""claim"": ""বয়স ৪১"",
      ""supported_by"": ""আমার বয়স ৪১"",
      ""status"": ""supported""
    },
    {
      ""claim"": ""ওজন ৭২"",
      ""supported_by"": ""ওজন ৭০"",
      ""status"": ""contradicted""
    },
    {
      ""claim"": ""প্রায় ৪ বছর ধরে পায়ের গোড়ালিতে ব্যথা"",
      ""supported_by"": ""প্রায় ২ / ৩ বছর যাবৎ পায়ের গোড়ালি তে ব্যথা হয়"",
      ""status"": ""contradicted""
    },
    {
      ""claim"": ""দুই পায়েই হলেও বাম পায়ে বেশি"",
      ""supported_by"": ""দুই পায়েই হয় তবে ডান পায়ে বেশি"",
      ""status"": ""contradicted""
    },
    {
      ""claim"": ""বেশি হাঁটাহাটি করলে ঘুম থেকে উঠে হাঁটতে খুব কষ্ট হয়"",
      ""supported_by"": ""হাটাহাটি বেশি করলে ঘুম থেকে ওঠার পরে হাটতে খুব কস্ট হয়"",
      ""status"": ""supported""
    },
    {
      ""claim"": ""৩-৪ মিনিট হাঁটলে ব্যথা কিছুটা কমে"",
      ""supported_by"": ""১ / ২ মিনিট হাটলে আস্তে আস্তে কমে"",
      ""status"": ""contradicted""
    },
    {
      ""claim"": ""সারাদিনই ব্যথা থাকে"",
      ""supported_by"": ""সারাদিনই ব্যথা থেকেই যায়"",
      ""status"": ""supported""
    }
  ],
  ""verdict"": ""yes""
}","[{""claim"": ""বয়স ৪১"", ""supported_by"": ""আমার বয়স ৪১"", ""status"": ""supported""}, {""claim"": ""ওজন ৭২"", ""supported_by"": ""ওজন ৭০"", ""status"": ""contradicted""}, {""claim"": ""প্রায় ৪ বছর ধরে পায়ের গোড়ালিতে ব্যথা"", ""supported_by"": ""প্রায় ২ / ৩ বছর যাবৎ পায়ের গোড়ালি তে ব্যথা হয়"", ""status"": ""contradicted""}, {""claim"": ""দুই পায়েই হলেও বাম পায়ে বেশি"", ""supported_by"": ""দুই পায়েই হয় তবে ডান পায়ে বেশি"", ""status"": ""contradicted""}, {""claim"": ""বেশি হাঁটাহাটি করলে ঘুম থেকে উঠে হাঁটতে খুব কষ্ট হয়"", ""supported_by"": ""হাটাহাটি বেশি করলে ঘুম থেকে ওঠার পরে হাটতে খুব কস্ট হয়"", ""status"": ""supported""}, {""claim"": ""৩-৪ মিনিট হাঁটলে ব্যথা কিছুটা কমে"", ""supported_by"": ""১ / ২ মিনিট হাটলে আস্তে আস্তে কমে"", ""status"": ""contradicted""}, {""claim"": ""সারাদিনই ব্যথা থাকে"", ""supported_by"": ""সারাদিনই ব্যথা থেকেই যায়"", ""status"": ""supported""}]",yes,yes,7,3,4,0,0,,yes
14748::Factual Contradiction,14748,Factual Contradiction,"আসসালামু ওয়ালাইকুম , , , আমাদের বিয়ে হয়েছে আড়াই বছর , , আমাদের একটি ছেলে সন্তান আছে যার বয়স ১৫ মাস , , বিয়ের সময় আমার ওয়াইফ এর স্বাস্থ্য মিডিয়াম ছিল , , বিয়ে হওয়ার পর থেকে স্বাস্থ্যর অবস্থা দিন দিন অনেক খারাপ হয়ে গেছে , , , লাস্ট আপডেট হল স্বাস্থ্য অনেক খারাপ হয়ে একদম শুকিয়ে গেছে , , এখন কি করতে পারি স্যার",বিয়ের পর স্বাস্থ্য খারাপ হয়েছে । শুকিয়ে গেছে । কি করনীয় ?,বিয়ের পর স্বাস্থ্য অনেক ভালো হয়েছে। এখন মোটা হয়ে গেছে। কি করনীয় ?,"{
  ""claims"": [
    {
      ""claim"": ""বিয়ের পর স্বাস্থ্য অনেক ভালো হয়েছে।"",
      ""supported_by"": ""বিয়ে হওয়ার পর থেকে স্বাস্থ্যর অবস্থা দিন দিন অনেক খারাপ হয়ে গেছে , , , লাস্ট আপডেট হল স্বাস্থ্য অনেক খারাপ হয়ে একদম শুকিয়ে গেছে"",
      ""status"": ""contradicted""
    },
    {
      ""claim"": ""এখন মোটা হয়ে গেছে।"",
      ""supported_by"": """",
      ""status"": ""missing""
    },
    {
      ""claim"": ""কি করনীয় ?"",
      ""supported_by"": ""এখন কি করতে পারি স্যার"",
      ""status"": ""supported""
    }
  ],
  ""verdict"": ""yes""
}","[{""claim"": ""বিয়ের পর স্বাস্থ্য অনেক ভালো হয়েছে।"", ""supported_by"": ""বিয়ে হওয়ার পর থেকে স্বাস্থ্যর অবস্থা দিন দিন অনেক খারাপ হয়ে গেছে , , , লাস্ট আপডেট হল স্বাস্থ্য অনেক খারাপ হয়ে একদম শুকিয়ে গেছে"", ""status"": ""contradicted""}, {""claim"": ""এখন মোটা হয়ে গেছে।"", ""supported_by"": """", ""status"": ""missing""}, {""claim"": ""কি করনীয় ?"", ""supported_by"": ""এখন কি করতে পারি স্যার"", ""status"": ""supported""}]",yes,yes,3,1,1,1,0,,yes
20446::Factual Contradiction,20446,Factual Contradiction,"আমার স্ত্রীর বয়স 28 বছর তিন মাসের প্রেগন্যান্ট , সমস্যা হচ্ছে ওর গ্যাস্টিকের , কোন কিছু খেতে পারে না , গলা জ্বলে পেটের ভেতর বুড় বুড় শব্দ করে , পেট ব্যথা করে বাথরুমে যায় , ফ্যাট পাপা পাপা থাকে , খাওয়ার পরে ঢেকুর আসে , গ্যাস্টিকের ওষুধ সারজেল ৪০ খাচ্ছে , মাঝে মাঝে এন্টাসিড প্লাস খাচ্ছে , কিন্তু কমতেছে না কোন ওষুধ কি সাজেস্ট করবেন ।","বয়স ২৮ । ৩ মাসের প্রেগন্যান্ট । গ্যাস্ট্রিকের সমস্যা , গলা জ্বলে , পেটের ভেতরে শব্দ করে , পেট ব্যাথা হয়ে বাথরুম হয় , পেট ফাঁপা থাকে , খাওয়ার পরে ঢেকুর হয় । সারজেল ৪০ ও এন্টাসিড প্লাস খাচ্ছে কিন্তু কমছে না । কি করনীয় ?","বয়স ২৮। ৩ মাসের প্রেগন্যান্ট নন। গ্যাস্ট্রিকের সমস্যা থাকলেও গলা জ্বলে না, পেটের ভেতরে শব্দও করে না। পেট ব্যথা বা বাথরুমের সমস্যা নেই, পেট ফাঁপাও থাকে না, শুধু খাওয়ার পরে ঢেকুর হয়। সারজেল ৪০ ও এন্টাসিড প্লাস খাচ","{
  ""claims"": [
    {
      ""claim"": ""বয়স ২৮।"",
      ""supported_by"": ""আমার স্ত্রীর বয়স 28 বছর"",
      ""status"": ""supported""
    },
    {
      ""claim"": ""৩ মাসের প্রেগন্যান্ট নন।"",
      ""supported_by"": ""তিন মাসের প্রেগন্যান্ট"",
      ""status"": ""contradicted""
    },
    {
      ""claim"": ""গ্যাস্ট্রিকের সমস্যা থাকলেও গলা জ্বলে না।"",
      ""supported_by"": ""গলা জ্বলে"",
      ""status"": ""contradicted""
    },
    {
      ""claim"": ""পেটের ভেতরে শব্দও করে না।"",
      ""supported_by"": ""পেটের ভেতর বুড় বুড় শব্দ করে"",
      ""status"": ""contradicted""
    },
    {
      ""claim"": ""পেট ব্যথা বা বাথরুমের সমস্যা নেই।"",
      ""supported_by"": ""পেট ব্যথা করে বাথরুমে যায়"",
      ""status"": ""contradicted""
    },
    {
      ""claim"": ""পেট ফাঁপাও থাকে না।"",
      ""supported_by"": ""ফ্যাট পাপা পাপা থাকে"",
      ""status"": ""contradicted""
    },
    {
      ""claim"": ""শুধু খাওয়ার পরে ঢেকুর হয়।"",
      ""supported_by"": ""খাওয়ার পরে ঢেকুর আসে"",
      ""status"": ""supported""
    },
    {
      ""claim"": ""সারজেল ৪০ ও এন্টাসিড প্লাস খাচ্ছে।"",
      ""supported_by"": ""গ্যাস্টিকের ওষুধ সারজেল ৪০ খাচ্ছে , মাঝে মাঝে এন্টাসিড প্লাস খাচ্ছে"",
      ""status"": ""supported""
    }
  ],
  ""verdict"": ""yes""
}","[{""claim"": ""বয়স ২৮।"", ""supported_by"": ""আমার স্ত্রীর বয়স 28 বছর"", ""status"": ""supported""}, {""claim"": ""৩ মাসের প্রেগন্যান্ট নন।"", ""supported_by"": ""তিন মাসের প্রেগন্যান্ট"", ""status"": ""contradicted""}, {""claim"": ""গ্যাস্ট্রিকের সমস্যা থাকলেও গলা জ্বলে না।"", ""supported_by"": ""গলা জ্বলে"", ""status"": ""contradicted""}, {""claim"": ""পেটের ভেতরে শব্দও করে না।"", ""supported_by"": ""পেটের ভেতর বুড় বুড় শব্দ করে"", ""status"": ""contradicted""}, {""claim"": ""পেট ব্যথা বা বাথরুমের সমস্যা নেই।"", ""supported_by"": ""পেট ব্যথা করে বাথরুমে যায়"", ""status"": ""contradicted""}, {""claim"": ""পেট ফাঁপাও থাকে না।"", ""supported_by"": ""ফ্যাট পাপা পাপা থাকে"", ""status"": ""contradicted""}, {""claim"": ""শুধু খাওয়ার পরে ঢেকুর হয়।"", ""supported_by"": ""খাওয়ার পরে ঢেকুর আসে"", ""status"": ""supported""}, {""claim"": ""সারজেল ৪০ ও এন্টাসিড প্লাস খাচ্ছে।"", ""supported_by"": ""গ্যাস্টিকের ওষুধ সারজেল ৪০ খাচ্ছে , মাঝে মাঝে এন্টাসিড প্লাস খাচ্ছে"", ""status"": ""supported""}]",yes,yes,8,3,5,0,0,,yes
10811::Non-factual,10811,Non-factual,আমার স্ত্রীর ( ২২ ) ঘাড়ের চামড়া কুঁচকে কালো কালো ছোপ বসে যাচ্ছে । কালো দাগ যেমন বুড়ো মানুষের মতো চামড়াটা হয়ে যাচ্ছে । প্রথমে একটি স্থানে ছিল কিন্তু আস্তে আস্তে ঘারের উপরে এবং ঘাড়ের চার পাশে ছেয়ে যাচ্ছে । এমন অবস্থায় কি করা উচিত ?,বয়স ২২ । তার ঘাড়ের চামড়া কুচকে কালো ছোপ হচ্ছে । চারপাশে এই দাগ ছড়াচ্ছে । কি করনীয় ?,"বয়স ২২। তার ঘাড়ের চামড়া মোটা হয়ে কালো ছোপ পড়ছে। প্রথমে এক পাশে ছিল, এখন পুরো ঘাড়ের চারদিকে ছড়িয়ে গেছে প্রায় ৬ মাস ধরে। কী করণীয়?","{
  ""claims"": [
    {
      ""claim"": ""বয়স ২২।"",
      ""supported_by"": ""আমার স্ত্রীর ( ২২ )"",
      ""status"": ""supported""
    },
    {
      ""claim"": ""তার ঘাড়ের চামড়া মোটা হয়ে কালো ছোপ পড়ছে।"",
      ""supported_by"": ""ঘাড়ের চামড়া কুঁচকে কালো কালো ছোপ বসে যাচ্ছে"",
      ""status"": ""supported""
    },
    {
      ""claim"": ""প্রথমে এক পাশে ছিল, এখন পুরো ঘাড়ের চারদিকে ছড়িয়ে গেছে।"",
      ""supported_by"": ""প্রথমে একটি স্থানে ছিল কিন্তু আস্তে আস্তে ঘারের উপরে এবং ঘাড়ের চার পাশে ছেয়ে যাচ্ছে"",
      ""status"": ""supported""
    },
    {
      ""claim"": ""প্রায় ৬ মাস ধরে।"",
      ""supported_by"": """",
      ""status"": ""missing""
    },
    {
      ""claim"": ""কী করণীয়?"",
      ""supported_by"": ""এমন অবস্থায় কি করা উচিত ?"",
      ""status"": ""supported""
    }
  ],
  ""verdict"": ""yes""
}","[{""claim"": ""বয়স ২২।"", ""supported_by"": ""আমার স্ত্রীর ( ২২ )"", ""status"": ""supported""}, {""claim"": ""তার ঘাড়ের চামড়া মোটা হয়ে কালো ছোপ পড়ছে।"", ""supported_by"": ""ঘাড়ের চামড়া কুঁচকে কালো কালো ছোপ বসে যাচ্ছে"", ""status"": ""supported""}, {""claim"": ""প্রথমে এক পাশে ছিল, এখন পুরো ঘাড়ের চারদিকে ছড়িয়ে গেছে।"", ""supported_by"": ""প্রথমে একটি স্থানে ছিল কিন্তু আস্তে আস্তে ঘারের উপরে এবং ঘাড়ের চার পাশে ছেয়ে যাচ্ছে"", ""status"": ""supported""}, {""claim"": ""প্রায় ৬ মাস ধরে।"", ""supported_by"": """", ""status"": ""missing""}, {""claim"": ""কী করণীয়?"", ""supported_by"": ""এমন অবস্থায় কি করা উচিত ?"", ""status"": ""supported""}]",yes,no,5,4,0,1,1,,yes
4136::Factual Contradiction,4136,Factual Contradiction,আমার বাবা বয়স ৬৫ তার ব্লাড পেসার সব সময় ১৬০ / ১০০ কিংবা তার চেয়ে বেশি থাকে এক ডাঃ এর পরামর্শ তে ৷ ১০ দিন ৷ কার্ডিনর ৫ + ওলমিডিপ ৫ / ২০ খাইছে পেসার কমে নি ৷ পরের ১০ দিন কার্ডিনর ৫ + ওলমিডিপ ৫ / ৪০ খাইছে কোন কাজ হয়নি এর পরের ১০ দিন কার্ডিনর ৫ + ডয়ুপ্রেস ৫ / ৪০ খাইছে কোন কাজ হয় ৷ এখন কি করা জেতে পারে,বয়স ৬৫ । ব্লাড পেসার ১৬০ / ১০০ ১০ দিন ৷ কার্ডিনর ৫ + ওলমিডিপ ৫ / ২০ খাইছে ৷ পরের ১০ দিন কার্ডিনর ৫ + ওলমিডিপ ৫ / ৪০ খাইছে এর পরের ১০ দিন কার্ডিনর ৫ + ডয়ুপ্রেস ৫ / ৪০ খাইছে । কোন কাজ হয়নি ৷,বয়স ৬৫। ব্লাড পেসার সব সময় ১২০/৮০-এর মতো স্বাভাবিক থাকে। ১০ দিন কার্ডিনর ৫ + ওলমিডিপ ৫/২০ খেয়ে পেসার কমে গেছে। পরের ১০ দিন কার্ডিনর ৫ + ওলমিডিপ ৫/৪০ এবং এরপর কার্ডিনর ৫ + ডয়ুপ্রেস ৫/,"{
  ""claims"": [
    {
      ""claim"": ""বয়স ৬৫।"",
      ""supported_by"": ""আমার বাবা বয়স ৬৫"",
      ""status"": ""supported""
    },
    {
      ""claim"": ""ব্লাড পেসার সব সময় ১২০/৮০-এর মতো স্বাভাবিক থাকে।"",
      ""supported_by"": ""তার ব্লাড পেসার সব সময় ১৬০ / ১০০ কিংবা তার চেয়ে বেশি থাকে"",
      ""status"": ""contradicted""
    },
    {
      ""claim"": ""১০ দিন কার্ডিনর ৫ + ওলমিডিপ ৫/২০ খেয়ে পেসার কমে গেছে।"",
      ""supported_by"": ""১০ দিন ৷ কার্ডিনর ৫ + ওলমিডিপ ৫ / ২০ খাইছে পেসার কমে নি"",
      ""status"": ""contradicted""
    },
    {
      ""claim"": ""পরের ১০ দিন কার্ডিনর ৫ + ওলমিডিপ ৫/৪০ খেয়েছে।"",
      ""supported_by"": ""পরের ১০ দিন কার্ডিনর ৫ + ওলমিডিপ ৫ / ৪০ খাইছে"",
      ""status"": ""supported""
    },
    {
      ""claim"": ""এরপর কার্ডিনর ৫ + ডয়ুপ্রেস ৫/৪০ খেয়েছে।"",
      ""supported_by"": ""এর পরের ১০ দিন কার্ডিনর ৫ + ডয়ুপ্রেস ৫ / ৪০ খাইছে"",
      ""status"": ""supported""
    }
  ],
  ""verdict"": ""yes""
}","[{""claim"": ""বয়স ৬৫।"", ""supported_by"": ""আমার বাবা বয়স ৬৫"", ""status"": ""supported""}, {""claim"": ""ব্লাড পেসার সব সময় ১২০/৮০-এর মতো স্বাভাবিক থাকে।"", ""supported_by"": ""তার ব্লাড পেসার সব সময় ১৬০ / ১০০ কিংবা তার চেয়ে বেশি থাকে"", ""status"": ""contradicted""}, {""claim"": ""১০ দিন কার্ডিনর ৫ + ওলমিডিপ ৫/২০ খেয়ে পেসার কমে গেছে।"", ""supported_by"": ""১০ দিন ৷ কার্ডিনর ৫ + ওলমিডিপ ৫ / ২০ খাইছে পেসার কমে নি"", ""status"": ""contradicted""}, {""claim"": ""পরের ১০ দিন কার্ডিনর ৫ + ওলমিডিপ ৫/৪০ খেয়েছে।"", ""supported_by"": ""পরের ১০ দিন কার্ডিনর ৫ + ওলমিডিপ ৫ / ৪০ খাইছে"", ""status"": ""supported""}, {""claim"": ""এরপর কার্ডিনর ৫ + ডয়ুপ্রেস ৫/৪০ খেয়েছে।"", ""supported_by"": ""এর পরের ১০ দিন কার্ডিনর ৫ + ডয়ুপ্রেস ৫ / ৪০ খাইছে"", ""status"": ""supported""}]",yes,yes,5,3,2,0,0,,yes
11387::Factual Contradiction,11387,Factual Contradiction,আমার মিছেছ এর কাশি হচ্ছে প্রথম পর্যায়ে নাকে সদ্ধি হচ্ছিলো । আমি ফারমেছি থেকে তুলছি সিরাপ এনে দিয়েছি । এখোন সদ্ধি টা কুমে গিয়েছে । কিন্তু কাশি টা কুমছে না এমতো অবস্থায় কি করনীয় আছে দয়া করপ বলবেন কি ? আমার মিছেছ এর পলিপাস এর সমস্যা ওর নাকটা বন্ধো হয়ে যাচ্ছে ।,কাশি ও সর্দি ছিল । তুলসী সিরাপ খাওনার পরে সর্দি কমে । কাশি কমছে না । কি করনীয় ? নাকে পলিপাসের সমস্যায় নাক বন্ধ হয়ে যাচ্ছে ।,"কাশি ও সর্দি ছিল। তুলসী সিরাপ খাওয়ার পরেও সর্দি কমেনি, তবে কাশি কিছুটা কমেছে। কি করণীয় জানতে চেয়েছেন। নাকে পলিপাসের সমস্যা নেই, তবু নাক বন্ধ হয়ে যাচ্ছে।","{
  ""claims"": [
    {
      ""claim"": ""কাশি ও সর্দি ছিল।"",
      ""supported_by"": ""আমার মিছেছ এর কাশি হচ্ছে প্রথম পর্যায়ে নাকে সদ্ধি হচ্ছিলো ।"",
      ""status"": ""supported""
    },
    {
      ""claim"": ""তুলসী সিরাপ খাওয়ার পরেও সর্দি কমেনি, তবে কাশি কিছুটা কমেছে।"",
      ""supported_by"": ""আমি ফারমেছি থেকে তুলছি সিরাপ এনে দিয়েছি । এখোন সদ্ধি টা কুমে গিয়েছে । কিন্তু কাশি টা কুমছে না"",
      ""status"": ""contradicted""
    },
    {
      ""claim"": ""কি করণীয় জানতে চেয়েছেন।"",
      ""supported_by"": ""এমতো অবস্থায় কি করনীয় আছে দয়া করপ বলবেন কি ?"",
      ""status"": ""supported""
    },
    {
      ""claim"": ""নাকে পলিপাসের সমস্যা নেই, তবু নাক বন্ধ হয়ে যাচ্ছে।"",
      ""supported_by"": ""আমার মিছেছ এর পলিপাস এর সমস্যা ওর নাকটা বন্ধো হয়ে যাচ্ছে ।"",
      ""status"": ""contradicted""
    }
  ],
  ""verdict"": ""yes""
}","[{""claim"": ""কাশি ও সর্দি ছিল।"", ""supported_by"": ""আমার মিছেছ এর কাশি হচ্ছে প্রথম পর্যায়ে নাকে সদ্ধি হচ্ছিলো ।"", ""status"": ""supported""}, {""claim"": ""তুলসী সিরাপ খাওয়ার পরেও সর্দি কমেনি, তবে কাশি কিছুটা কমেছে।"", ""supported_by"": ""আমি ফারমেছি থেকে তুলছি সিরাপ এনে দিয়েছি । এখোন সদ্ধি টা কুমে গিয়েছে । কিন্তু কাশি টা কুমছে না"", ""status"": ""contradicted""}, {""claim"": ""কি করণীয় জানতে চেয়েছেন।"", ""supported_by"": ""এমতো অবস্থায় কি করনীয় আছে দয়া করপ বলবেন কি ?"", ""status"": ""supported""}, {""claim"": ""নাকে পলিপাসের সমস্যা নেই, তবু নাক বন্ধ হয়ে যাচ্ছে।"", ""supported_by"": ""আমার মিছেছ এর পলিপাস এর সমস্যা ওর নাকটা বন্ধো হয়ে যাচ্ছে ।"", ""status"": ""contradicted""}]",yes,yes,4,2,2,0,0,,yes
16667::Non-factual,16667,Non-factual,"আমার গলায় মনে হয় চাপ লেগে আছে । কালকে রাত থেকে এমন মনে হচ্ছে । কিন্তু কোনো ধরনের ব্যথা বা অন্য সমস্যা নেই । সাধারণত শুয়ে থাকলে গলার ভিতরের দিকটা ভাঁজ হয় , তখন মনে হয় বেশি । এভাবে চাপ লাগা অনুভব হওয়াতে মনে হয় নিঃশ্বাস টা গলার মধ্যে দিয়ে যাচ্ছেনা । আমার কোনো ধরনের টনসিল বা অন্য সমস্যা ও নেই ।",গলায় চাপ লেগে আছে । শুলে বেশি হয় । কি করনীয় ?,গলায় চাপ লেগে আছে তিন দিন ধরে। শুলে ও বালিশ ছাড়া থাকলে বেশি হয়। মাঝে মাঝে নিঃশ্বাস আটকে যাওয়ার মতো লাগে। কি করণীয়?,"{
  ""claims"": [
    {
      ""claim"": ""গলায় চাপ লেগে আছে তিন দিন ধরে।"",
      ""supported_by"": ""আমার গলায় মনে হয় চাপ লেগে আছে । কালকে রাত থেকে এমন মনে হচ্ছে ।"",
      ""status"": ""contradicted""
    },
    {
      ""claim"": ""শুলে ও বালিশ ছাড়া থাকলে বেশি হয়।"",
      ""supported_by"": ""সাধারণত শুয়ে থাকলে গলার ভিতরের দিকটা ভাঁজ হয় , তখন মনে হয় বেশি ।"",
      ""status"": ""contradicted""
    },
    {
      ""claim"": ""মাঝে মাঝে নিঃশ্বাস আটকে যাওয়ার মতো লাগে।"",
      ""supported_by"": ""এভাবে চাপ লাগা অনুভব হওয়াতে মনে হয় নিঃশ্বাস টা গলার মধ্যে দিয়ে যাচ্ছেনা ।"",
      ""status"": ""supported""
    },
    {
      ""claim"": ""কি করণীয়?"",
      ""supported_by"": """",
      ""status"": ""missing""
    }
  ],
  ""verdict"": ""yes""
}","[{""claim"": ""গলায় চাপ লেগে আছে তিন দিন ধরে।"", ""supported_by"": ""আমার গলায় মনে হয় চাপ লেগে আছে । কালকে রাত থেকে এমন মনে হচ্ছে ।"", ""status"": ""contradicted""}, {""claim"": ""শুলে ও বালিশ ছাড়া থাকলে বেশি হয়।"", ""supported_by"": ""সাধারণত শুয়ে থাকলে গলার ভিতরের দিকটা ভাঁজ হয় , তখন মনে হয় বেশি ।"", ""status"": ""contradicted""}, {""claim"": ""মাঝে মাঝে নিঃশ্বাস আটকে যাওয়ার মতো লাগে।"", ""supported_by"": ""এভাবে চাপ লাগা অনুভব হওয়াতে মনে হয় নিঃশ্বাস টা গলার মধ্যে দিয়ে যাচ্ছেনা ।"", ""status"": ""supported""}, {""claim"": ""কি করণীয়?"", ""supported_by"": """", ""status"": ""missing""}]",yes,yes,4,1,2,1,0,,yes
