id,bertscore_avg,nli_entail_avg,nli_contra_avg,nli_faith_avg,deepseek_entail,qwen_entail,gemma_entail,deepseek_contra,qwen_contra,gemma_contra
352,0.7238917633333334,0.513322502374649,0.12102896207943559,0.39229354029521346,0.26005783677101135,0.9731082916259766,0.30680137872695923,0.29583752155303955,0.004797022324055433,0.06245234236121178
25770,0.7552651466666666,0.7733709812164307,0.02282842341810465,0.750542557798326,0.6717855930328369,0.7603077292442322,0.8880196213722229,0.036447640508413315,0.007811510004103184,0.024226119741797447
18164,0.7387854333333334,0.6248275438944498,0.2778380513191223,0.3469894925753275,0.3689252734184265,0.8036331534385681,0.701924204826355,0.4806995391845703,0.1675483137369156,0.18526630103588104
20604,0.7459529000000001,0.6517908672491709,0.30160648251573247,0.35018438473343844,0.7841565608978271,0.21140065789222717,0.9598153829574585,0.19197826087474823,0.6837438344955444,0.02909735217690468
11567,0.7339380533333334,0.6303796172142029,0.07842406009634335,0.5519555571178595,0.9177996516227722,0.255731463432312,0.7176077365875244,0.04605294391512871,0.13883526623249054,0.05038397014141083
13645,0.7650735133333333,0.8620452483495077,0.008062880796690782,0.8539823675528169,0.8000869750976562,0.9018201231956482,0.8842286467552185,0.015001616440713406,0.00804994348436594,0.001137082464993
11657,0.7287441333333334,0.26464878519376117,0.26086334480593604,0.003785440387825134,0.14683742821216583,0.3989278972148895,0.2481810301542282,0.7255879640579224,0.011494926176965237,0.045507144182920456
6956,0.7534434799999999,0.5011771420637766,0.036682570488968246,0.4644945715748084,0.1286485493183136,0.9348213076591492,0.4400615692138672,0.0024405920412391424,0.0008134103263728321,0.10679370909929276
20093,0.70428582,0.8767513831456503,0.039192091984053455,0.8375592911615968,0.8959693312644958,0.749740481376648,0.9845443367958069,0.04937620833516121,0.06706515699625015,0.0011349106207489967
19063,0.7382447833333333,0.5565265094240507,0.04440679571901759,0.5121197137050331,0.11733170598745346,0.6219789981842041,0.9302688241004944,0.02139379270374775,0.10808373987674713,0.0037428545765578747
14259,0.7375080266666666,0.910788098971049,0.018609339836984873,0.8921787591340641,0.9333534836769104,0.8215206861495972,0.9774901270866394,0.03733884170651436,0.011902901344001293,0.006586276460438967
15726,0.7108444666666666,0.9559417366981506,0.019776196568273008,0.9361655401298776,0.9523471593856812,0.9169358611106873,0.9985421895980835,0.006938284728676081,0.051932450383901596,0.00045785459224134684
16225,0.7580164000000001,0.7465280890464783,0.20344643744950494,0.5430816515969733,0.3708871006965637,0.8986789584159851,0.970018208026886,0.5926758646965027,0.010140636935830116,0.0075228107161819935
15181,0.7007298066666666,0.6545280615488688,0.06459023008937947,0.5899378314594893,0.5559496283531189,0.4141003489494324,0.9935342073440552,0.060456715524196625,0.13287243247032166,0.00044154227362014353
13389,0.7323809333333333,0.8443349202473959,0.014462013884137074,0.8298729063632588,0.5734267830848694,0.9674959778785706,0.9920819997787476,0.035530101507902145,0.006518936716020107,0.0013370034284889698
6292,0.7491321666666666,0.42309857718646526,0.07499760404850046,0.3481009731379648,0.018287817016243935,0.6238093972206116,0.6271985173225403,0.0025435960851609707,0.009472045116126537,0.21297717094421387
14261,0.7450784133333332,0.5665255834658941,0.027530474898715813,0.5389951085671782,0.5707083344459534,0.21312572062015533,0.9157426953315735,0.011752498336136341,0.007292760536074638,0.06354616582393646
12813,0.7943269900000001,0.7854177554448446,0.08300051838159561,0.702417237063249,0.6495680212974548,0.9307067394256592,0.7759785056114197,0.08355677127838135,0.023852325975894928,0.14159245789051056
21399,0.7722641433333334,0.6515881717205048,0.108113634865731,0.5434745368547738,0.3239605128765106,0.9671686887741089,0.6636353135108948,0.03427882865071297,0.0040780664421617985,0.28598400950431824
21314,0.7325860666666667,0.7833004295825958,0.03159852776055535,0.7517019018220404,0.8908566236495972,0.47204288840293884,0.9870017766952515,0.016703546047210693,0.07043751329183578,0.007654523942619562
18702,0.78271985,0.2639644940694173,0.3571523283608258,-0.09318783429140848,0.05092799663543701,0.34471696615219116,0.3962485194206238,0.719711422920227,0.006215827073901892,0.3455297350883484
22448,0.7448580666666667,0.5349179605642954,0.09710008433709542,0.4378178762272,0.1970251202583313,0.42254582047462463,0.9851829409599304,0.016078321263194084,0.26649630069732666,0.008725631050765514
19701,0.73870387,0.479408860206604,0.2527674787367384,0.22664138146986562,0.2603212594985962,0.9718238115310669,0.20608150959014893,0.015271357260644436,0.008473867550492287,0.7345572113990784
4918,0.7321036533333333,0.7902074555555979,0.06527742045000196,0.724930035105596,0.37504974007606506,0.9984887838363647,0.997083842754364,0.19495363533496857,0.0006558113964274526,0.00022281461860984564
23775,0.7427233266666665,0.5066306293010712,0.09725798169771831,0.40937264760335285,0.5222656726837158,0.39887478947639465,0.598751425743103,0.07494617253541946,0.14559590816497803,0.07123186439275742
2700,0.7690021233333333,0.5420839736859003,0.2666773695188264,0.2754066041670739,0.041582271456718445,0.8085290193557739,0.7761406302452087,0.7664247155189514,0.030385533347725868,0.0032218596898019314
11581,0.7490182299999999,0.3503529309916,0.5593966692686081,-0.20904373827700812,0.7597564458847046,0.2842552959918976,0.007047051098197699,0.13782252371311188,0.5730910897254944,0.967276394367218
11618,0.8079839600000001,0.8455212314923605,0.007949838802839318,0.8375713926895212,0.9319103956222534,0.6898737549781799,0.914779543876648,0.011020272970199585,0.009917700663208961,0.0029115427751094103
15065,0.74569232,0.48790438442180556,0.004132246850834538,0.48377213757097104,0.010724200867116451,0.4618534743785858,0.9911354780197144,0.0010211612097918987,0.010693356394767761,0.0006822229479439557
19824,0.7552021933333334,0.7503734230995178,0.10837036619583766,0.6420030569036802,0.4683505892753601,0.8349713087081909,0.9477983713150024,0.1756948083639145,0.10952439904212952,0.039891891181468964
5795,0.73225975,0.6089161808292071,0.0518290206285504,0.5570871602006566,0.9865243434906006,0.7620434761047363,0.0781807228922844,0.0006379074766300619,0.007354987319558859,0.14749416708946228
5369,0.73197702,0.7099255422751108,0.22890405356884003,0.4810214887062708,0.358045369386673,0.8698214888572693,0.9019097685813904,0.5443568229675293,0.07280752062797546,0.06954781711101532
22432,0.7232317566666667,0.33601472278436023,0.3929342528184255,-0.05691953003406525,0.23300068080425262,0.45344239473342896,0.32160109281539917,0.665704607963562,0.0205552875995636,0.4925428628921509
20861,0.7192703799999999,0.3930577927579482,0.5530815223852793,-0.16002372962733108,0.026625199243426323,0.9227750301361084,0.22977314889431,0.924019455909729,0.025570720434188843,0.7096543908119202
13724,0.7857525,0.9322763681411743,0.007794452986369531,0.9244819151548048,0.9079912304878235,0.9389949440956116,0.9498429298400879,0.0033262972719967365,0.008647844195365906,0.011409217491745949
10720,0.6989837333333333,0.8002026081085205,0.04569878553350767,0.7545038225750128,0.5392677783966064,0.9313195943832397,0.9300204515457153,0.058414023369550705,0.04205365106463432,0.03662868216633797
20293,0.6980664666666666,0.5763546599385639,0.32951926967749995,0.246835390261064,0.7545187473297119,0.0019983570091426373,0.9725468754768372,0.09189175814390182,0.8854316473007202,0.01123440358787775
5210,0.7014082133333334,0.9669032295544943,0.0038360668501506248,0.9630671627043437,0.9938415288925171,0.9269653558731079,0.9799028038978577,0.001181993866339326,0.005342353135347366,0.0049838535487651825
12621,0.7336201166666667,0.5580839167038599,0.031043298930550616,0.5270406177733094,0.4834703505039215,0.20517133176326752,0.9856100678443909,0.08736130595207214,0.0021579479798674583,0.003610642859712243
15064,0.7526486266666667,0.37764648472269374,0.4316133700000743,-0.05396688527738058,0.0961516723036766,0.05293158069252968,0.983856201171875,0.6494222283363342,0.6448386311531067,0.0005792505107820034
11882,0.73560428,0.7176622152328491,0.23080549637476602,0.4868567188580831,0.8977500796318054,0.5128797292709351,0.7423568367958069,0.046841368079185486,0.4421299695968628,0.20344515144824982
24172,0.7743413666666666,0.6967005332310995,0.014960580815871557,0.6817399524152279,0.8200653195381165,0.6837253570556641,0.5863109230995178,0.008039637468755245,0.0356743298470974,0.0011677751317620277
4827,0.7554338233333334,0.025751898530870676,0.05840879864990711,-0.032656900119036436,0.01030984241515398,0.06335566937923431,0.003590183798223734,0.009460843168199062,0.16481424868106842,0.0009513041004538536
18246,0.72126796,0.10187567522128423,0.10956930710623662,-0.0076936318849523955,0.21823257207870483,0.03318969905376434,0.054204754531383514,0.30417174100875854,0.008165319450199604,0.0163708608597517
14049,0.7736405166666667,0.697807252407074,0.1952502429485321,0.5025570094585419,0.6894320249557495,0.8438934683799744,0.560096263885498,0.17534008622169495,0.08790946006774902,0.32250118255615234
13814,0.74833855,0.8491804003715515,0.014179266523569822,0.8350011338479817,0.6945861577987671,0.8817331194877625,0.971221923828125,0.04074685648083687,0.0012453162344172597,0.000545626855455339
11010,0.7170599700000001,0.6372474115341902,0.004239371162839234,0.6330080403713509,0.9041597843170166,0.992424726486206,0.015157723799347878,0.002385732252150774,0.0006219790084287524,0.009710402227938175
7390,0.7064910533333334,0.5959263443946838,0.10512471532759567,0.4908016290670882,0.1537572741508484,0.9585772156715393,0.6754445433616638,0.005240773316472769,0.0032988537568598986,0.30683451890945435
6846,0.7406520766666667,0.7910289863745371,0.011489114258438349,0.7795398721160988,0.42731061577796936,0.9972705245018005,0.9485058188438416,0.02186429314315319,0.0010304772295057774,0.011572572402656078
17771,0.7895724966666666,0.43751505638162297,0.351564097062995,0.08595095931862795,0.03998689725995064,0.5027722716331482,0.76978600025177,0.8483042120933533,0.20195159316062927,0.004436485935002565
7001,0.7594166000000001,0.11418046802282333,0.5232929537693659,-0.4091124857465426,0.22658699750900269,0.06334200501441956,0.05261240154504776,0.12476716935634613,0.7838155031204224,0.6612961888313293
23211,0.7547210700000001,0.42977742354075116,0.0537741802011927,0.3760032433395585,0.3845725357532501,0.29498031735420227,0.609779417514801,0.010409900918602943,0.14228229224681854,0.008630347438156605
17534,0.7012513199999999,0.7131021618843079,0.17713378020562232,0.5359683816786855,0.7829232811927795,0.39226680994033813,0.9641163945198059,0.04592902213335037,0.4829678237438202,0.0025044947396963835
11748,0.7344384533333334,0.9007994333902994,0.0016776898216145735,0.8991217435686849,0.8162885308265686,0.934831976890564,0.9512777924537659,0.002990357344970107,0.0014275958528742194,0.0006151162669993937
6080,0.7966417433333333,0.6588596881677707,0.0009490810722733537,0.6579106070954974,0.9792523980140686,0.9938173890113831,0.0035092774778604507,0.0018038339912891388,0.0006527432124130428,0.00039066601311787963
22321,0.7364131333333334,0.7565295100212097,0.06098152448733648,0.6955479855338732,0.6461233496665955,0.6818907856941223,0.9415743947029114,0.048669520765542984,0.09192410111427307,0.042350951582193375
12126,0.7074064833333332,0.6270336842474838,0.3450934135665496,0.28194027068093425,0.9355563521385193,0.9413884282112122,0.004156272392719984,0.027596911415457726,0.021967045962810516,0.9857162833213806
11055,0.7272744666666666,0.6750129957993826,0.0129865698205928,0.6620264259787898,0.7849217653274536,0.7814645767211914,0.45865264534950256,0.006280559580773115,0.009027110412716866,0.02365203946828842
26456,0.73834918,0.32578269640604657,0.13900099073847136,0.1867817056675752,0.24636413156986237,0.19555924832820892,0.5354247093200684,0.3902437686920166,0.00954800471663475,0.017211198806762695
21112,0.7552805433333334,0.5821705460548401,0.034546955954283476,0.5476235901005566,0.04436695575714111,0.8882722854614258,0.8138723969459534,0.03621125593781471,0.004178295377641916,0.0632513165473938
8217,0.7771587433333332,0.6500770151615143,0.008859526521215836,0.6412174886402985,0.8516053557395935,0.15940240025520325,0.9392232894897461,0.004399531986564398,0.015119166113436222,0.007059881463646889
23497,0.8006237199999999,0.892392098903656,0.014581036288291216,0.8778110626153648,0.7157614827156067,0.9715989828109741,0.9898158311843872,0.0416623130440712,0.0011199882719665766,0.0009608075488358736
16577,0.7293593600000001,0.5643547972043356,0.13529743584028134,0.42905736136405426,0.27732357382774353,0.9816293716430664,0.43411144614219666,0.2960755228996277,0.001546646119095385,0.10827013850212097
25506,0.6999723800000001,0.8971110979715983,0.05570796877145767,0.8414031292001406,0.8333901762962341,0.9189813733100891,0.9389617443084717,0.11959316581487656,0.02710798569023609,0.02042275480926037
5319,0.7808358766666667,0.9566982388496399,0.010134206774334112,0.9465640320753058,0.9441199898719788,0.9478869438171387,0.9780877828598022,0.00804160162806511,0.011747146025300026,0.010613872669637203
19098,0.7393194100000001,0.46498337884744007,0.3648744138578574,0.10010896498958266,0.3282160758972168,0.22690235078334808,0.8398317098617554,0.30563241243362427,0.7385550141334534,0.05043581500649452
19963,0.7325481233333333,0.24511967102686563,0.08598695850620668,0.15913271252065897,0.05191122740507126,0.06343657523393631,0.6200112104415894,0.004508351441472769,0.007550566922873259,0.245901957154274
24048,0.7161286766666667,0.5133139515916506,0.05403182733183106,0.45928212425981957,0.1081366017460823,0.45304393768310547,0.9787613153457642,0.1383088082075119,0.017294075340032578,0.006492598447948694
17168,0.79344453,0.13589373975992203,0.17559999832883477,-0.039706258568912745,0.12661661207675934,0.19893619418144226,0.08212841302156448,0.050958286970853806,0.47074300050735474,0.0050987075082957745
16942,0.7291944066666667,0.642260824640592,0.2912244235049002,0.3510364011356918,0.8620898723602295,0.9882473349571228,0.07644526660442352,0.004667434375733137,0.0009444128372706473,0.8680614233016968
4839,0.7852785099999999,0.20005761086940765,0.014874598166594902,0.18518301270281276,0.13169515132904053,0.30815401673316956,0.16032366454601288,0.006183570716530085,0.016141297295689583,0.02229892648756504
11254,0.7402201533333334,0.7815369963645935,0.021299474251767,0.7602375221128265,0.7811061143875122,0.5990136861801147,0.9644911885261536,0.051118604838848114,0.005062432028353214,0.00771738588809967
7424,0.73170068,0.6627452112734318,0.3239054431129868,0.338839768160445,0.017185967415571213,0.9975581169128418,0.9734915494918823,0.960573673248291,0.0007424390641972423,0.010400217026472092
18838,0.77320095,0.2352105677127838,0.19071506212155023,0.04449550559123358,0.12215784192085266,0.32191941142082214,0.26155444979667664,0.05759068578481674,0.22276940941810608,0.2917850911617279
14748,0.7233588666666667,0.9041754802068075,0.004346533057590325,0.8998289471492171,0.9202390909194946,0.8188561201095581,0.9734312295913696,0.0028835106641054153,0.00543186953291297,0.004724218975752592
13954,0.813339,0.4249310549348593,0.07514864633170266,0.3497824086031566,0.3173483610153198,0.020691709592938423,0.9367530941963196,0.2129535973072052,0.009217826649546623,0.003274515038356185
3174,0.7358107500000001,0.7033677895863851,0.06789535625527303,0.6354724333311121,0.8596906065940857,0.5568799376487732,0.6935328245162964,0.04020826518535614,0.15646281838417053,0.0070149851962924
21972,0.6976700766666667,0.7505603631337484,0.1099153555308779,0.6406450076028705,0.599016547203064,0.8321267366409302,0.820537805557251,0.20460279285907745,0.014095558784902096,0.11104771494865417
17546,0.7134212133333334,0.9072138468424479,0.016842837755878765,0.8903710090865691,0.8871634006500244,0.9362108111381531,0.8982673287391663,0.013056409545242786,0.03573803976178169,0.0017340639606118202
13269,0.7749212666666666,0.6785775894920031,0.28641463272894424,0.39216295676305885,0.1213696226477623,0.97687828540802,0.937484860420227,0.8424721360206604,0.0111094880849123,0.005662274081259966
11643,0.7556740633333333,0.7145468592643738,0.21474473675092062,0.49980212251345313,0.47948694229125977,0.8605080246925354,0.8036456108093262,0.45485666394233704,0.06661496311426163,0.12276258319616318
15636,0.7481027566666666,0.7531854510307312,0.13292719734211764,0.6202582536886135,0.7870868444442749,0.7168905138969421,0.7555789947509766,0.12798745930194855,0.24390971660614014,0.0268844161182642
4968,0.7734418033333333,0.6160603587826093,0.09175192564725876,0.5243084331353506,0.1028750017285347,0.8733803629875183,0.8719257116317749,0.15747959911823273,0.04247576743364334,0.07530041038990021
20602,0.7111847866666667,0.8225019375483195,0.1295072759191195,0.6929946616292,0.8604976534843445,0.8416750431060791,0.7653331160545349,0.06431294232606888,0.10493727028369904,0.21927161514759064
6585,0.7809880433333333,0.6283048490683237,0.22682526459296545,0.40147958447535825,0.2593974769115448,0.8384645581245422,0.7870525121688843,0.6404493451118469,0.015118924900889397,0.02490752376616001
24028,0.7444856533333334,0.8947509924570719,0.011969136927897731,0.8827818555291742,0.9228827953338623,0.9891999959945679,0.7721701860427856,0.010913518257439137,0.0025696547236293554,0.022424237802624702
21456,0.7699673333333333,0.7440109054247538,0.06080560230960449,0.6832053031151493,0.9935976266860962,0.463670551776886,0.7747645378112793,0.0027908114716410637,0.17292296886444092,0.006703026592731476
17474,0.72369472,0.3286135445038478,0.18565438579147062,0.14295915871237716,0.3346835970878601,0.20076455175876617,0.450392484664917,0.14415661990642548,0.4107370376586914,0.002069499809294939
14287,0.7058397966666666,0.3337033962210019,0.188201778413107,0.14550161780789492,0.08627776056528091,0.24774743616580963,0.6670849919319153,0.012269695289433002,0.5496516823768616,0.0026839575730264187
17420,0.7355328033333333,0.5586883674065272,0.055314444160709776,0.5033739232458174,0.6668499112129211,0.24050851166248322,0.7687066793441772,0.11453108489513397,0.0011051078327000141,0.05030713975429535
26382,0.7424640199999999,0.7793252269426981,0.18919957304994264,0.5901256538927555,0.8556876182556152,0.5702115297317505,0.9120765328407288,0.12255329638719559,0.4043405055999756,0.040704917162656784
13788,0.7861458266666667,0.9421323736508688,0.004407749744132161,0.9377246239067366,0.9764680862426758,0.8724349141120911,0.9774941205978394,0.0011433265171945095,0.0018788559827953577,0.010201066732406616
12578,0.7800871133333334,0.694691797097524,0.06658801451946299,0.6281037825780611,0.8097385764122009,0.3096868395805359,0.9646499752998352,0.05729846656322479,0.14105990529060364,0.0014056717045605183
15948,0.7436844666666667,0.055048041666547455,0.049130105723937355,0.0059179359426101,0.09005014598369598,0.027416376397013664,0.047677602618932724,0.0883084163069725,0.0098908431828022,0.049191057682037354
1238,0.7391226166666667,0.7777121365070343,0.028289418667554855,0.7494227178394794,0.9647343158721924,0.40100154280662537,0.9674005508422852,0.008217185735702515,0.0614955835044384,0.015155486762523651
12727,0.7221389166666666,0.7787072559197744,0.045616824102277555,0.7330904318174969,0.3799675405025482,0.977455735206604,0.9786984920501709,0.12927743792533875,0.0031110274139791727,0.004462006967514753
21511,0.6972942666666667,0.6639948884646097,0.03293777753909429,0.6310571109255154,0.7787467837333679,0.9353636503219604,0.277874231338501,0.07832062244415283,0.010720796883106232,0.009771913290023804
19839,0.7788306833333333,0.5585595915714899,0.044032500280688204,0.5145270912908018,0.11248598992824554,0.9442340135574341,0.6189587712287903,0.01646033674478531,0.005527574103325605,0.1101095899939537
17277,0.79535365,0.42951685811082524,0.20677885506302118,0.22273800304780406,0.009380865842103958,0.9179055690765381,0.3612641394138336,0.011053360067307949,0.020598527044057846,0.5886846780776978
19037,0.7337605766666666,0.9204833110173544,0.014385459653567523,0.9060978513637868,0.8643867373466492,0.9699316620826721,0.9271315336227417,0.033778779208660126,0.0009713927865959704,0.008406206965446472
25048,0.7187407666666666,0.9636587897936503,0.001161011343356222,0.962497778450294,0.9924752116203308,0.9435698986053467,0.9549312591552734,0.0008635763661004603,0.0008604243630543351,0.0017590333009138703
25490,0.7567207633333334,0.6455828001101812,0.013562347274273634,0.6320204528359076,0.05983807146549225,0.908439576625824,0.9684707522392273,0.00591352628543973,0.02497757226228714,0.009795943275094032
7150,0.7819922466666668,0.8336307009061178,0.07291687505009274,0.7607138258560251,0.8046891093254089,0.9904140830039978,0.7057889103889465,0.11148538440465927,0.0015362941194325686,0.10572894662618637
24801,0.75392671,0.6909424116214117,0.03414909700707843,0.6567933146143332,0.24886055290699005,0.9700405597686768,0.8539261221885681,0.08892372250556946,0.0012474331306293607,0.012276135385036469
13026,0.7876368566666668,0.6519862860441208,0.0020720797668521604,0.6499142062772686,0.9812625050544739,0.9498056173324585,0.024890735745429993,0.0013858865713700652,0.003320141462609172,0.0015102112665772438
13005,0.7311085833333334,0.943575938542684,0.00855665816925466,0.9350192803734293,0.9341643452644348,0.9362173676490784,0.9603461027145386,0.002389065455645323,0.021009458228945732,0.002271450823172927
23596,0.7879528666666668,0.2757984971006711,0.18205788793663183,0.09374060916403928,0.3066481351852417,0.10250454396009445,0.41824281215667725,0.020949343219399452,0.04757603257894516,0.4776482880115509
17290,0.7353697,0.9273836414019266,0.00332547080082198,0.9240581706011046,0.9583647847175598,0.886177659034729,0.9376084804534912,0.007668365258723497,0.0011575346579775214,0.0011505124857649207
3232,0.7341695166666667,0.8117694854736328,0.048329698387533426,0.7634397870860994,0.8830176591873169,0.9910194277763367,0.5612713694572449,0.05689217150211334,0.0033576260320842266,0.08473929762840271
11620,0.7709777333333334,0.6317527095476786,0.03765497341131171,0.5940977361363668,0.9540388584136963,0.3855735659599304,0.5556457042694092,0.00673676235601306,0.049020178616046906,0.05720797926187515
13168,0.7572278833333334,0.4997277495761712,0.08314599958248436,0.41658174999368686,0.6232172250747681,0.8303261399269104,0.04563988372683525,0.23608501255512238,0.0029481963720172644,0.010404789820313454
6198,0.7727224366666667,0.9144033392270406,0.03376522109222909,0.8806381181348115,0.9869856238365173,0.9669041633605957,0.7893202304840088,0.0017898923251777887,0.005234908312559128,0.09427086263895035
2301,0.7573587566666667,0.8951542973518372,0.01369414230187734,0.8814601550499598,0.83598393201828,0.9186590909957886,0.9308198690414429,0.021592790260910988,0.015440248884260654,0.004049387760460377
24210,0.74843822,0.6593053587712348,0.2142654659692198,0.44503989280201495,0.007027044426649809,0.9775416851043701,0.9933473467826843,0.6325543522834778,0.006902723107486963,0.003339322516694665
2204,0.7763286466666667,0.7455025613307953,0.03513424275054907,0.7103683185802462,0.8377755284309387,0.4093557298183441,0.989376425743103,0.004194924142211676,0.10070956498384476,0.0004982391255907714
4392,0.7436021500000001,0.40778397272030514,0.45081273714701336,-0.04302876442670822,0.059024445712566376,0.7282742857933044,0.43605318665504456,0.9287235140800476,0.12606170773506165,0.2976529896259308
2083,0.78233388,0.8907954494158427,0.03619262374316653,0.8546028256726761,0.805507481098175,0.9642835259437561,0.9025953412055969,0.0928807333111763,0.011950348503887653,0.003746789414435625
6546,0.78981089,0.7988636692365011,0.02528080957320829,0.7735828596632928,0.5075547695159912,0.904916524887085,0.984119713306427,0.04101671278476715,0.0337432436645031,0.0010824722703546286
19174,0.7268674700000001,0.9094891945521036,0.008272271234697351,0.9012169233174063,0.8261923789978027,0.9312207698822021,0.9710544347763062,0.00661078654229641,0.017460372298955917,0.0007456548628397286
2636,0.7789047133333334,0.16363485157489777,0.016669559602936108,0.14696529197196165,0.29285621643066406,0.0846959576010704,0.11335238069295883,0.030210737138986588,0.010056394152343273,0.009741547517478466
18153,0.7688033499999999,0.46814480423927307,0.03412659062693516,0.4340182136123379,0.43028807640075684,0.7946217656135559,0.17952457070350647,0.06861542910337448,0.02101116068661213,0.012753182090818882
19472,0.7293088000000001,0.34347268504401046,0.32998030198117095,0.013492383062839508,0.07562471926212311,0.031233491376042366,0.923559844493866,0.07894503325223923,0.9056731462478638,0.00532272644340992
16370,0.6701652466666667,0.6364167431990305,0.032129209178189434,0.6042875340208411,0.6569665670394897,0.864721417427063,0.38756224513053894,0.06404001265764236,0.020178040489554405,0.01216957438737154
15523,0.7644380000000001,0.512829785545667,0.058379076421260834,0.4544507091244062,0.10113932192325592,0.6864702701568604,0.7508797645568848,0.048717107623815536,0.0869346410036087,0.03948548063635826
17506,0.7292066666666667,0.3933708568414052,0.5921015860512853,-0.19873072920988005,0.0335121750831604,0.159542053937912,0.9870583415031433,0.9492372274398804,0.8257982134819031,0.0012693172320723534
19753,0.7100169833333334,0.6581492175658544,0.029000848221282165,0.6291483693445723,0.8590848445892334,0.13802646100521088,0.9773363471031189,0.06496420502662659,0.014805868268013,0.007232471369206905
26207,0.7450157900000001,0.35400378704071045,0.016193811781704426,0.337809975259006,0.770785927772522,0.1284649521112442,0.16276048123836517,0.020540747791528702,0.018983054906129837,0.009057632647454739
21482,0.7105527399999999,0.9480893611907959,0.002661172766238451,0.9454281884245574,0.9807028770446777,0.8878803253173828,0.9756848812103271,0.0017509255558252335,0.00185328908264637,0.00437930366024375
21514,0.7564930200000001,0.7689852317174276,0.19447790404471257,0.5745073276727151,0.36013972759246826,0.9567751288414001,0.9900408387184143,0.5676869750022888,0.013647663407027721,0.00209907372482121
15271,0.7457129,0.38943922768036526,0.07168436620850116,0.3177548614718641,0.13458994030952454,0.12480518966913223,0.908922553062439,0.18722495436668396,0.02604587934911251,0.0017822649097070098
13369,0.6816933433333334,0.9560849666595459,0.005936931391867499,0.9501480352676784,0.9170217514038086,0.9724904298782349,0.9787427186965942,0.01267816498875618,0.0039127292111516,0.001219899975694716
8368,0.7768782700000001,0.8137176632881165,0.1610787110791231,0.6526389522089934,0.4798082709312439,0.9760320782661438,0.9853126406669617,0.4779376983642578,0.00418024742975831,0.0011181874433532357
22348,0.74714188,0.8454935749371847,0.03607984849562248,0.8094137264415622,0.7893836498260498,0.8661847114562988,0.8809123635292053,0.014123146422207355,0.0708235651254654,0.02329283393919468
11058,0.7261392866666666,0.6190970887740453,0.3103405361374219,0.30875655263662344,0.8293172121047974,0.06833754479885101,0.9596365094184875,0.04789639264345169,0.8656856417655945,0.017439574003219604
25563,0.7313314666666667,0.2443332364782691,0.012458291525642077,0.23187494495262703,0.2717020809650421,0.010527250356972218,0.45077037811279297,0.023556306958198547,0.004090448841452599,0.009728118777275085
24972,0.7846076933333332,0.42368923127651215,0.22239369759336114,0.201295533683151,0.061417415738105774,0.9758510589599609,0.23379921913146973,0.645003616809845,0.007747516501694918,0.01442995946854353
25900,0.7126002166666666,0.42671494372189045,0.07667761932437618,0.3500373243975143,0.02915867231786251,0.7192005515098572,0.5317856073379517,0.027606874704360962,0.19623486697673798,0.006191116292029619
25309,0.7622095166666667,0.5070803637305895,0.01517180260270834,0.49190856112788117,0.915350615978241,0.11281605809926987,0.4930744171142578,0.017297416925430298,0.006722406484186649,0.021495584398508072
16614,0.7649586766666667,0.29227569699287415,0.13310617674142122,0.15916952025145292,0.14362511038780212,0.45245131850242615,0.28075066208839417,0.3714454174041748,0.014430840499699116,0.013442272320389748
5529,0.83470192,0.17044270286957422,0.30945336632430553,-0.13901066345473131,0.0702463909983635,0.23038817942142487,0.21069353818893433,0.029397660866379738,0.45639532804489136,0.4425671100616455
4136,0.65316232,0.6376937876145045,0.006060964893549681,0.6316328227209548,0.9193791151046753,0.06912674009799957,0.9245755076408386,0.005640363320708275,0.004159499425441027,0.00838303193449974
23951,0.74218299,0.949784517288208,0.0052016388314465685,0.9445828784567615,0.9728865027427673,0.9088472127914429,0.9676198363304138,0.002374157076701522,0.00933762639760971,0.003893133020028472
17064,0.7276235533333333,0.8873342275619507,0.015482936054468155,0.8718512915074825,0.7684873342514038,0.9712857007980347,0.9222296476364136,0.014750826172530651,0.016197722405195236,0.015500259585678577
14790,0.7144710499999999,0.8904084960619608,0.005657502915710211,0.8847509931462506,0.7541147470474243,0.9590156674385071,0.9580950736999512,0.0067314766347408295,0.0026936777867376804,0.0075473543256521225
14786,0.7793388766666666,0.7835145592689514,0.05530014199515184,0.7282144172737995,0.7271157503128052,0.9678959250450134,0.6555320024490356,0.15602609515190125,0.005491764284670353,0.004382566548883915
20071,0.7610282633333334,0.2605996107061704,0.36725789805253345,-0.10665828734636307,0.4385462999343872,0.06772815436124802,0.275524377822876,0.10810194909572601,0.8546211123466492,0.13905063271522522
24422,0.7606330166666666,0.41253004719813663,0.32157521943251294,0.09095482776562369,0.10999274998903275,0.6042044758796692,0.523392915725708,0.5186325907707214,0.11944057047367096,0.32665249705314636
312,0.70090597,0.6230062544345856,0.08929415986252327,0.5337120945720623,0.08941450715065002,0.7910775542259216,0.9885267019271851,0.26267558336257935,0.0025574765168130398,0.0026494197081774473
22363,0.7566341266666666,0.37302321195602417,0.2976103771167497,0.07541283483927447,0.14844271540641785,0.6677811145782471,0.3028458058834076,0.6972013115882874,0.19169653952121735,0.003933280240744352
21218,0.7053665366666667,0.7308478653430939,0.15076525850842395,0.58008260683467,0.33234015107154846,0.9974296689033508,0.8627737760543823,0.4413553476333618,0.0012049423530697823,0.009735485538840294
24350,0.7230373966666667,0.9836999177932739,0.006874897876211132,0.9768250199170628,0.9931833148002625,0.9654971361160278,0.9924193024635315,0.0006033035460859537,0.019727589562535286,0.0002938005200121552
16787,0.7542780700000001,0.6113664905230204,0.07614508022864659,0.5352214102943738,0.28418582677841187,0.7155789732933044,0.834334671497345,0.1618451476097107,0.023732420057058334,0.04285767301917076
21162,0.7346370766666667,0.9722681840260824,0.003381253278348595,0.9688869307477338,0.9730725288391113,0.9623281955718994,0.9814038276672363,0.0010213074274361134,0.008725332096219063,0.00039712031139060855
15737,0.6988660233333334,0.7854823271433512,0.014906858249257008,0.7705754688940942,0.9526347517967224,0.9573656320571899,0.44644659757614136,0.008503531105816364,0.006655445788055658,0.029561597853899002
19687,0.8040723,0.39028899371623993,0.004647242370992899,0.38564175134524703,0.777937114238739,0.07222579419612885,0.32070407271385193,0.0026356917805969715,0.00565716065466404,0.005648874677717686
24794,0.6844201666666668,0.506605031589667,0.14297845214605331,0.36362657944361365,0.07408947497606277,0.6555646657943726,0.7901609539985657,0.24459640681743622,0.08269709348678589,0.10164185613393784
26176,0.7592454333333333,0.9519944389661154,0.001566977531183511,0.9504274614349318,0.9856535792350769,0.9893227219581604,0.8810070157051086,0.0031371195800602436,0.0004130323068238795,0.00115078070666641
24677,0.7076107199999999,0.7069740891456604,0.030578231438994408,0.676395857706666,0.7994388937950134,0.925847589969635,0.39563578367233276,0.01954994723200798,0.014964932575821877,0.057219814509153366
17538,0.7603456133333332,0.6394429802894592,0.13610243382087597,0.5033405464685833,0.4971407651901245,0.9903984069824219,0.4307897686958313,0.39946383237838745,0.0014890037709847093,0.007354465313255787
25850,0.72366042,0.4195115640759468,0.0075033003522548825,0.4120082637236919,0.10951810330152512,0.157566100358963,0.9914504885673523,0.015062423422932625,0.007114883046597242,0.0003325945872347802
12221,0.7680116433333334,0.3509207001576821,0.009572079832044741,0.3413486203256374,0.8780072927474976,0.1567535102367401,0.018001297488808632,0.0186545941978693,0.00898269284516573,0.0010789524530991912
3235,0.7198375333333334,0.5986438095569611,0.311683079538246,0.2869607300187151,0.7325270175933838,0.9540223479270935,0.10938206315040588,0.0784236267209053,0.004630024544894695,0.851995587348938
5844,0.7275825666666668,0.8393512566884359,0.01722279842942953,0.8221284582590064,0.7716845273971558,0.7542943954467773,0.9920748472213745,0.02223573811352253,0.02704920805990696,0.002383449114859104
15002,0.72379398,0.4577470471461614,0.18529187018672624,0.2724551769594351,0.16487325727939606,0.9414343237876892,0.2669335603713989,0.2528791129589081,0.015216868370771408,0.28777962923049927
4733,0.7516534833333334,0.594844400882721,0.1745667556921641,0.4202776451905569,0.5601403713226318,0.8669975399971008,0.3573952913284302,0.1174117922782898,0.0589999258518219,0.3472885489463806
10777,0.7351629666666667,0.33422702675064403,0.36632699395219487,-0.03209996720155084,0.6997680068016052,0.27470889687538147,0.02820417657494545,0.035665590316057205,0.13658970594406128,0.9267256855964661
11922,0.7840326633333333,0.8250347574551901,0.0135791243519634,0.8114556331032267,0.8970747590065002,0.9847075939178467,0.5933219194412231,0.008794612251222134,0.002403004327788949,0.02953975647687912
24836,0.7680535000000001,0.6227122942606608,0.03767350999017557,0.5850387842704852,0.39542967081069946,0.5252765417098999,0.9474306702613831,0.05126478895545006,0.05756918340921402,0.0041865576058626175
18782,0.7656977633333333,0.7278890311717987,0.014400627308835586,0.7134884038629631,0.44789382815361023,0.9822884798049927,0.7534847855567932,0.011843080632388592,0.004548898432403803,0.026809902861714363
7645,0.7490472,0.7114400168259939,0.03773023126025995,0.6737097855657339,0.7979318499565125,0.4100531041622162,0.9263350963592529,0.08576014637947083,0.022864097729325294,0.004566449671983719
20563,0.7529428666666668,0.9334119160970052,0.0033506229907895126,0.9300612931062158,0.8574213981628418,0.9487247467041016,0.9940896034240723,0.0066495854407548904,0.00274936156347394,0.000652921968139708
781,0.7071258966666667,0.5056768928964933,0.3055912919032077,0.2000856009932856,0.06996726244688034,0.4756205976009369,0.9714428186416626,0.8828750252723694,0.03174036368727684,0.0021584867499768734
23720,0.7167803133333334,0.7365646560986837,0.0400661484648784,0.6964985076338053,0.8125816583633423,0.6840721368789673,0.7130401730537415,0.008219147101044655,0.03682541847229004,0.0751538798213005
16126,0.75124815,0.5981745347380638,0.23959014766539136,0.3585843870726725,0.11678183823823929,0.9910326600074768,0.6867091059684753,0.6826160550117493,0.0024952092207968235,0.033659178763628006
18626,0.7439553766666668,0.6212674975395203,0.04405648676523318,0.577211010774287,0.5565945506095886,0.4993096590042114,0.8078982830047607,0.10581378638744354,0.0013807149371132255,0.02497495897114277
2496,0.7125424933333333,0.8485758105913798,0.0036948358174413443,0.8448809747739384,0.7390550971031189,0.9438939094543457,0.8627784252166748,0.0035311460960656404,0.003680831752717495,0.0038725296035408974
15679,0.7310169133333334,0.4270622432231903,0.5510849505662918,-0.1240227073431015,0.006134152412414551,0.40127798914909363,0.8737745881080627,0.9843651056289673,0.5725631713867188,0.09632657468318939
23169,0.7353130666666666,0.2968800713618596,0.10259303947289784,0.1942870318889618,0.6136878132820129,0.13373292982578278,0.1432194709777832,0.07591714709997177,0.1976444572210312,0.03421751409769058
12930,0.7116381,0.592639351884524,0.2800734266638756,0.3125659252206484,0.15959931910037994,0.6970476508140564,0.9212710857391357,0.7987260222434998,0.015764985233545303,0.02572927251458168
17149,0.7576843900000001,0.3576247642437617,0.2580752484500408,0.0995495157937209,0.26667213439941406,0.687482476234436,0.118719682097435,0.6702499985694885,0.02141917124390602,0.0825565755367279
18272,0.6993335866666667,0.8738283514976501,0.03369409622003635,0.8401342552776138,0.7976204752922058,0.9315722584724426,0.892292320728302,0.035596877336502075,0.05214672163128853,0.01333868969231844
20698,0.7122258599999999,0.30936616907517117,0.034477533772587776,0.2748886353025834,0.6999284625053406,0.058687932789325714,0.16948211193084717,0.026510493829846382,0.005228918045759201,0.07169318944215775
5557,0.7284909133333333,0.7502825359503428,0.008828400013347467,0.7414541359369953,0.8813030123710632,0.4150107204914093,0.9545338749885559,0.003545844927430153,0.019948383793234825,0.0029909713193774223
5636,0.7659779000000001,0.42893709739049274,0.10256918023029964,0.3263679171601931,0.08350351452827454,0.8672035932540894,0.3361041843891144,0.04125657677650452,0.04489544779062271,0.22155551612377167
5468,0.7169381066666666,0.4625086262822151,0.13822766269246736,0.3242809635897478,0.4804387092590332,0.8739778399467468,0.033109329640865326,0.2078484296798706,0.029673147946596146,0.17716141045093536
2961,0.7262668366666666,0.5010911325613657,0.22200477262958884,0.2790863599317769,0.32166793942451477,0.917789101600647,0.26381635665893555,0.08030440658330917,0.0032587465830147266,0.5824511647224426
25344,0.7436515033333334,0.24326463540395102,0.041112701098124184,0.20215193430582684,0.3231672942638397,0.1696082353591919,0.2370183765888214,0.07071366906166077,0.028316713869571686,0.024307720363140106
11560,0.8306388,0.2176047811905543,0.1795835243538022,0.03802125683675209,0.17130400240421295,0.21101638674736023,0.2704939544200897,0.4823142886161804,0.00496262963861227,0.05147365480661392
11283,0.71685781,0.309749831755956,0.11826095481713612,0.19148887693881989,0.17149241268634796,0.1560843139886856,0.6016727685928345,0.121844083070755,0.15792420506477356,0.07501457631587982
1598,0.7633926833333332,0.777982493241628,0.04829170182347298,0.7296907914181551,0.567740797996521,0.8882166743278503,0.8779900074005127,0.0466030053794384,0.03417188674211502,0.06410021334886551
11733,0.7276567466666668,0.8855209151903788,0.039244808411846556,0.8462761067785323,0.7410181760787964,0.945008397102356,0.9705361723899841,0.10843490809202194,0.004515174310654402,0.004784342832863331
12619,0.7579509633333333,0.8709021608034769,0.0018609383162887145,0.8690412224871882,0.9658873677253723,0.9511502981185913,0.6956688165664673,0.004136798437684774,0.0010299879359081388,0.00041602857527323067
11485,0.6853837233333334,0.747090349594752,0.023395039451618988,0.7236953101431329,0.48888352513313293,0.8910223245620728,0.8613651990890503,0.014534124173223972,0.01750842109322548,0.038142573088407516
19096,0.7399543999999999,0.7088380257288615,0.1803197826181228,0.5285182431107387,0.20293307304382324,0.9796883463859558,0.9438926577568054,0.536750078201294,0.0010608915472403169,0.0031483781058341265
4028,0.7361881,0.8501169284184774,0.01579632858435313,0.8343205998341243,0.6860382556915283,0.9788685441017151,0.8854439854621887,0.023474937304854393,0.009824063628911972,0.014089984819293022
20399,0.7154205333333333,0.8875830769538879,0.025667442474514246,0.8619156344793737,0.8136343955993652,0.8639412522315979,0.9851735830307007,0.05712609738111496,0.016976282000541687,0.0028999480418860912
15682,0.6967939333333334,0.7708643873532613,0.06947364658117294,0.7013907407720884,0.7300543785095215,0.821139395236969,0.7613993883132935,0.1460200548171997,0.018427018076181412,0.04397386685013771
26089,0.7387844833333332,0.8252318700154623,0.14876049287461987,0.6764713771408424,0.4950781464576721,0.98912113904953,0.9914963245391846,0.4394724369049072,0.0061158230528235435,0.0006932186661288142
3047,0.6841730500000001,0.7404197057088217,0.013241949122554312,0.7271777565862674,0.25800955295562744,0.9706483483314514,0.992601215839386,0.03790290653705597,0.00119105470366776,0.0006318861269392073
24311,0.7073641,0.3298268181582292,0.5315024039397637,-0.2016755857815345,0.05679770186543465,0.7035507559776306,0.22913199663162231,0.8746911287307739,0.028366321697831154,0.691449761390686
21942,0.8301794333333334,0.48930848638216656,0.1846679337322712,0.30464055264989537,0.296455442905426,0.9446271061897278,0.22684291005134583,0.04196428135037422,0.011706747114658356,0.500332772731781
16096,0.7875939799999999,0.3951343062023322,0.0229155079772075,0.3722187982251247,0.009563673287630081,0.886043906211853,0.2897953391075134,0.03003920055925846,0.006256628781557083,0.03245069459080696
13932,0.7555016499999999,0.7926639119784037,0.009160779581482833,0.7835031323969208,0.9968982934951782,0.9496151804924011,0.43147826194763184,0.00034503781353123486,0.016989905387163162,0.0101473955437541
24891,0.7527281266666667,0.7267627020676931,0.07203272047142188,0.6547299815962713,0.8825172781944275,0.33018144965171814,0.9675893783569336,0.015423670411109924,0.18402619659900665,0.016648294404149055
17134,0.6980274,0.5630176787575086,0.3061939449980855,0.25682373375942313,0.9503541588783264,0.6753586530685425,0.06334022432565689,0.006816421635448933,0.016645150259137154,0.8951202630996704
15355,0.7410243166666666,0.660757248600324,0.24429977498948574,0.4164574736108383,0.22876687347888947,0.8489652872085571,0.9045395851135254,0.6555259227752686,0.04642175883054733,0.030951643362641335
23748,0.7316734266666667,0.7686447302500407,0.06887424147377412,0.6997704887762666,0.619616687297821,0.7065108418464661,0.979806661605835,0.20076759159564972,0.003537653246894479,0.0023174795787781477
2113,0.7038538533333334,0.9592626094818115,0.003620852716267109,0.9556417567655444,0.9801145195960999,0.9678046107292175,0.9298686981201172,0.0015442592557519674,0.002218663925305009,0.00709963496774435
6803,0.7637148533333334,0.8814036051432291,0.012457740919974944,0.8689458642232541,0.8874226808547974,0.8550419807434082,0.9017461538314819,0.024021431803703308,0.011637999676167965,0.001713791280053556
7819,0.7201971166666666,0.5602018361290296,0.35757964632163447,0.20262218980739516,0.07569048553705215,0.9326759576797485,0.6722390651702881,0.8137494921684265,0.01120301429182291,0.24778643250465393
5832,0.7784942966666666,0.42681412895520526,0.06106733779112498,0.36574679116408026,0.30702245235443115,0.6688306331634521,0.30458930134773254,0.04680834710597992,0.09980188310146332,0.0365917831659317
24853,0.7190469500000001,0.791084865729014,0.04235070928310355,0.7487341564459105,0.692562460899353,0.9148010015487671,0.7658911347389221,0.09372813254594803,0.029177390038967133,0.004146605264395475
8082,0.7113464133333333,0.8656841913859049,0.01898076703461508,0.8467034243512899,0.7511658072471619,0.8573007583618164,0.9885860085487366,0.006864161696285009,0.04651274159550667,0.003565397812053561
24093,0.7349196866666666,0.7605408132076263,0.04543021942178408,0.7151105937858423,0.9619969725608826,0.44359108805656433,0.8760343790054321,0.018037427216768265,0.10495135188102722,0.013301879167556763
20960,0.75552962,0.8379853169123331,0.0037593250550950565,0.8342259918572381,0.7249763011932373,0.9937826991081238,0.7951969504356384,0.007275965064764023,0.0010430441470816731,0.002958965953439474
14825,0.7289005333333334,0.6099290850882729,0.35924960176150006,0.25067948332677287,0.0062556276097893715,0.8595180511474609,0.9640135765075684,0.9806042909622192,0.08510380983352661,0.012040704488754272
17987,0.7191136,0.7449764609336853,0.061178073490737006,0.6837983874429483,0.8212417960166931,0.9966127276420593,0.41707485914230347,0.004587419331073761,0.0002644738706294447,0.1786823272705078
1577,0.73629614,0.6822209507226944,0.05439410420755545,0.627826846515139,0.1902783364057541,0.9468785524368286,0.9095059633255005,0.11098837107419968,0.02407793514430523,0.028116006404161453
16821,0.7240190166666666,0.9687737226486206,0.007031046436168253,0.9617426762124524,0.9701133370399475,0.9818930625915527,0.9543147683143616,0.00225897878408432,0.0010800230083987117,0.01775413751602173
18244,0.7069143333333333,0.5985632029672464,0.06470277012946705,0.5338604328377794,0.7573525309562683,0.04152974113821983,0.996807336807251,0.18778498470783234,0.0058443318121135235,0.0004789938684552908
26311,0.73091202,0.9245894352595011,0.00247758188440154,0.9221118533750996,0.983853816986084,0.8961861729621887,0.8937283158302307,0.0012072587851434946,0.00462984386831522,0.0015956429997459054
7267,0.7705765566666667,0.5204804502427578,0.00384744043306758,0.5166330098096902,0.05495505407452583,0.5149193406105042,0.9915669560432434,0.009174946695566177,0.0013586755376309156,0.0010086990660056472
11833,0.69362102,0.6665728663404783,0.10795442705663542,0.5586184392838429,0.05832123011350632,0.9877331256866455,0.953664243221283,0.3146664500236511,0.005965766496956348,0.003231064649298787
25908,0.7809772666666667,0.5454202095667521,0.11239218587676685,0.4330280236899852,0.5849639177322388,0.7081594467163086,0.343137264251709,0.043210405856370926,0.2476181834936142,0.0463479682803154
16444,0.7220151333333332,0.44419755786657333,0.10387446576108535,0.340323092105488,0.12282101064920425,0.35138848423957825,0.8583831787109375,0.01373982336372137,0.2544741928577423,0.043409381061792374
20409,0.7214770533333333,0.5277261286973953,0.2716842188189427,0.2560419098784526,0.19045577943325043,0.9621578454971313,0.4305647611618042,0.7444913387298584,0.0104410070925951,0.06012031063437462
4593,0.7881249566666667,0.6227916876475016,0.0331763265033563,0.5896153611441453,0.8371076583862305,0.1026843786239624,0.928583025932312,0.04300010949373245,0.047566499561071396,0.008962370455265045
4309,0.7961033333333334,0.9344504475593567,0.022163401008583605,0.9122870465507731,0.8118518590927124,0.9960862398147583,0.9954132437705994,0.06509712338447571,0.0007185347494669259,0.000674544891808182
7324,0.6933031466666667,0.9534073869387308,0.026244497547547024,0.9271628893911839,0.9893462061882019,0.8815658092498779,0.9893101453781128,0.003100053407251835,0.07350288331508636,0.002130555920302868
23788,0.7484437666666667,0.674066404501597,0.023304859797159832,0.6507615447044373,0.8933350443840027,0.1571909785270691,0.9716731905937195,0.009469600394368172,0.041794076561927795,0.018650902435183525
13493,0.6895384233333334,0.9199285308519999,0.025839964238305885,0.894088566613694,0.8371087312698364,0.9629419445991516,0.9597349166870117,0.053514569997787476,0.01722833886742592,0.006776983849704266
16360,0.7671156,0.5694988419612249,0.24733151774853468,0.32216732421269023,0.8563018441200256,0.1362139731645584,0.7159807085990906,0.019671788439154625,0.7165036201477051,0.005819144658744335
24946,0.7269710533333335,0.5194070736567179,0.27299829572439194,0.24640877793232596,0.8111794590950012,0.4689688980579376,0.27807286381721497,0.10723812133073807,0.3422892391681671,0.36946752667427063
26292,0.7650506766666667,0.24306598802407584,0.1345871239900589,0.10847886403401694,0.28192010521888733,0.19725246727466583,0.2500253915786743,0.2115612030029297,0.10819104313850403,0.08400912582874298
18851,0.7311315333333335,0.5869709650675455,0.016229367194076378,0.5707415978734691,0.5224636197090149,0.2830994129180908,0.955349862575531,0.030649546533823013,0.016222888603806496,0.0018156664445996284
13784,0.7301019833333333,0.5679806272188822,0.21137034303198257,0.35661028418689966,0.378374308347702,0.3591392934322357,0.966428279876709,0.5952663421630859,0.02994419075548649,0.008900496177375317
25546,0.7814302999999999,0.5860641499360403,0.04962433063580344,0.5364398193002369,0.38494277000427246,0.9343485832214355,0.4389010965824127,0.1452542096376419,0.0016944353701546788,0.001924346899613738
17133,0.71297678,0.8545933167139689,0.026617461000569165,0.8279758557133997,0.7826447486877441,0.7886637449264526,0.99247145652771,0.030824316665530205,0.048108797520399094,0.0009192688157781959
20872,0.7860086166666665,0.33525654176870984,0.36544181903203327,-0.03018527726332343,0.46529877185821533,0.09757296741008759,0.44289788603782654,0.21428117156028748,0.6362556219100952,0.24578866362571716
15466,0.7482722466666667,0.4057546804348628,0.14442161346475282,0.26133306697010994,0.9164323210716248,0.2510279417037964,0.049803778529167175,0.023122373968362808,0.25748327374458313,0.15265919268131256
6718,0.7599794333333335,0.6375586688518524,0.01934379405186822,0.6182148747999842,0.7767375111579895,0.16800031065940857,0.9679381847381592,0.05163320526480675,0.005073169246315956,0.001325007644481957
19156,0.7390364366666667,0.5304932643969854,0.1262573916465044,0.404235872750481,0.24258334934711456,0.7305325865745544,0.6183638572692871,0.33621856570243835,0.016013968735933304,0.026539640501141548
5485,0.7629105933333333,0.6288201287388802,0.2871580976061523,0.34166203113272786,0.04429873079061508,0.9914714694023132,0.8506901860237122,0.8556774258613586,0.000327445100992918,0.005469421856105328
7759,0.7479908700000001,0.6051546161373457,0.012350754967580238,0.5928038611697655,0.851605236530304,0.9400551915168762,0.02380342036485672,0.021319521591067314,0.005333798471838236,0.010398944839835167
4302,0.7353674766666667,0.7243233025074005,0.003835049496653179,0.7204882530107474,0.7919186353683472,0.9931612014770508,0.3878900706768036,0.0039038320537656546,0.0009792366763576865,0.006622079759836197
7141,0.7032740866666667,0.7386623919010162,0.0918250607792288,0.6468373311217874,0.8503898978233337,0.38065358996391296,0.984943687915802,0.00860157236456871,0.26392868161201477,0.0029449283611029387
20081,0.7644136433333332,0.616653636097908,0.1094234250485897,0.5072302110493183,0.7456763386726379,0.14489321410655975,0.9593913555145264,0.21192553639411926,0.08996624499559402,0.026378493756055832
17662,0.7124954333333333,0.11564526458581288,0.44860320786635083,-0.33295794328053796,0.15198656916618347,0.12359977513551712,0.07134944945573807,0.8305053114891052,0.4390559494495392,0.07624836266040802
12736,0.6951657133333334,0.9007833997408549,0.009995330745975176,0.8907880689948797,0.9528810381889343,0.9290035963058472,0.8204655647277832,0.020087849348783493,0.004369889385998249,0.005528253503143787
23007,0.7445828933333334,0.6297800640265147,0.2340847129623095,0.39569535106420517,0.2929593026638031,0.963245689868927,0.633135199546814,0.3973116874694824,0.030364595353603363,0.2745778560638428
14999,0.7128543500000001,0.6927111943562826,0.07878308871295303,0.6139281056433296,0.9918792843818665,0.6763923764228821,0.4098619222640991,0.0017434248002246022,0.20468267798423767,0.02992316335439682
11815,0.7283574666666667,0.5614252636830012,0.0840994802614053,0.4773257834215959,0.07398878037929535,0.9325357675552368,0.6777512431144714,0.02111549861729145,0.030448371544480324,0.20073457062244415
4614,0.78273318,0.4903266529242198,0.24197186374415955,0.24835478918006024,0.41083911061286926,0.220838725566864,0.839302122592926,0.341430127620697,0.37456032633781433,0.009925137273967266
20392,0.7599003999999999,0.6461176772912344,0.046886089257895947,0.5992315880333384,0.34930190443992615,0.9256579875946045,0.6633931398391724,0.05883204564452171,0.008262728340923786,0.07356349378824234
23095,0.7093462466666667,0.7022370298703512,0.045238453370984644,0.6569985764993665,0.5228725075721741,0.6965190172195435,0.8873195648193359,0.06269262731075287,0.07227440923452377,0.0007483235676772892
24746,0.7256724566666666,0.9712230364481608,0.007971079418590913,0.9632519570295699,0.9691271781921387,0.9474968314170837,0.99704509973526,0.0013060678029432893,0.02228298969566822,0.00032418075716122985
20587,0.7681973200000001,0.5665501927336057,0.34066836535930634,0.2258818273742994,0.06768351048231125,0.737545907497406,0.8944211602210999,0.8985479474067688,0.0978853702545166,0.025571778416633606
14947,0.7028226166666666,0.9270369410514832,0.02392920774097244,0.9031077333105108,0.9799615144729614,0.8612802028656006,0.9398691058158875,0.005389153491705656,0.022952338680624962,0.0434461310505867
6159,0.7252050066666667,0.8764610091845194,0.06196602527052164,0.8144949839139978,0.9693892598152161,0.9739117622375488,0.6860820055007935,0.011110786348581314,0.0030043786391615868,0.17178291082382202
7969,0.7326847666666666,0.7402505973974863,0.013429705208788315,0.726820892188698,0.9656593203544617,0.2870071828365326,0.9680852890014648,0.02150152064859867,0.002643244806677103,0.016144350171089172
8206,0.7421899666666666,0.4329993575811386,0.10187580545122425,0.33112355212991434,0.192406564950943,0.12491123378276825,0.9816802740097046,0.15796048939228058,0.14209695160388947,0.005569975357502699
2364,0.7158127633333334,0.7959180474281311,0.10086155434449513,0.6950564930836359,0.6376511454582214,0.9311851263046265,0.8189178705215454,0.17569135129451752,0.029468826949596405,0.09742448478937149
3463,0.7310656666666665,0.5984288255373637,0.10926590052743752,0.48916292500992614,0.6841788291931152,0.28777313232421875,0.8233345150947571,0.018090860918164253,0.26433348655700684,0.045373354107141495
2690,0.7183407533333334,0.8434956669807434,0.0042544587049633265,0.8392412082757801,0.9856204986572266,0.5534101724624634,0.9914563298225403,0.0011722163762897253,0.008806362748146057,0.002784796990454197
2101,0.7798348566666666,0.6027852147817612,0.01489043920688952,0.5878947755748717,0.7324863076210022,0.08556516468524933,0.990304172039032,0.03882035240530968,0.005239937454462051,0.0006110277608968318
24136,0.7463482899999999,0.8662912249565125,0.0077227673803766566,0.8585684575761358,0.9017096757888794,0.7317466139793396,0.9654173851013184,0.005361761432141066,0.01437868271023035,0.0034278579987585545
291,0.7494177033333332,0.8689183195432028,0.010946955299004912,0.8579713642441978,0.7673774361610413,0.8920924663543701,0.9472850561141968,0.02709173783659935,0.0013623277191072702,0.004386800341308117
7821,0.7381187833333334,0.6546517213185629,0.1704576584355285,0.48419406288303435,0.6672124266624451,0.3043416142463684,0.992401123046875,0.2610768973827362,0.24718645215034485,0.0031096257735043764
17443,0.7356524633333335,0.7544979751110077,0.07069275380733113,0.6838052213036766,0.9325792193412781,0.9645634889602661,0.3663512170314789,0.0036939785350114107,0.003880836069583893,0.20450344681739807
11457,0.7243931133333333,0.229144303749005,0.12584366152683893,0.10330064222216606,0.33364012837409973,0.03554600104689598,0.3182467818260193,0.07621059566736221,0.16797348856925964,0.13334690034389496
10729,0.7107270466666668,0.32248724438250065,0.06312578373278181,0.2593614606497188,0.3143481910228729,0.6228548884391785,0.030258653685450554,0.012332277372479439,0.17094549536705017,0.006099578458815813
24167,0.7529961066666667,0.4774966388940811,0.22269015604009232,0.25480648285398877,0.8841807246208191,0.2438085824251175,0.30450060963630676,0.011130193248391151,0.01105224434286356,0.6458880305290222
15062,0.7524492566666666,0.6095821832617124,0.05443075764924288,0.5551514256124696,0.7819103598594666,0.9755778908729553,0.0712582990527153,0.13272808492183685,0.006272374652326107,0.024291813373565674
25870,0.70611371,0.08224779615799586,0.01881327231725057,0.0634345238407453,0.16406939923763275,0.048521313816308975,0.03415267542004585,0.014031505212187767,0.021531201899051666,0.020877109840512276
19893,0.75709342,0.4715159734090169,0.05131384885559479,0.4202021245534221,0.4232988953590393,0.06385070085525513,0.9273983240127563,0.10723596066236496,0.01421921793371439,0.03248636797070503
5025,0.7597083833333333,0.8569152355194092,0.0025436224338288107,0.8543716130855804,0.9764383435249329,0.630042552947998,0.9642648100852966,0.0011081163538619876,0.0024569290690124035,0.0040658218786120415
13232,0.7298516833333334,0.4068279763062795,0.15663903330763182,0.2501889429986477,0.1681387573480606,0.8695235848426819,0.182821586728096,0.2891026437282562,0.1188247874379158,0.061989668756723404
20099,0.7698078166666665,0.6704207261403402,0.07184047996997833,0.5985802461703619,0.5575276017189026,0.775038480758667,0.6786960959434509,0.008269503712654114,0.06719508767127991,0.14005684852600098
13163,0.7576492299999998,0.7759476204713186,0.017455555343379576,0.758492065127939,0.48396214842796326,0.9365569949150085,0.9073237180709839,0.012796788476407528,0.036031655967235565,0.003538221586495638
24503,0.7633749866666667,0.613976905743281,0.02091476876133432,0.5930621369819467,0.959541380405426,0.35865846276283264,0.5237308740615845,0.001123507390730083,0.05116752162575722,0.01045327726751566
5268,0.7712103566666667,0.7618332703908285,0.2024148862110451,0.5594183841797834,0.9720439314842224,0.44863373041152954,0.8648221492767334,0.0011381463846191764,0.5224611163139343,0.08364539593458176
18159,0.7219266566666667,0.7781346837679545,0.053853499703109264,0.7242811840648452,0.7247685194015503,0.6674918532371521,0.9421436786651611,0.10772722214460373,0.045423392206430435,0.008409884758293629
23029,0.7644936466666666,0.4650559226671855,0.20230995615323386,0.26274596651395166,0.1867746114730835,0.6373170018196106,0.5710761547088623,0.1110934168100357,0.2544994056224823,0.24133704602718353
13053,0.7549754333333333,0.866655170917511,0.08044263386788468,0.7862125370496263,0.9438941478729248,0.6709262728691101,0.985145092010498,0.008558192290365696,0.23051129281520844,0.002258416498079896
16139,0.7890879666666667,0.8651706973711649,0.00583376099045078,0.8593369363807142,0.9685534834861755,0.7038335800170898,0.9231250286102295,0.00603562081232667,0.005048251245170832,0.006417410913854837
5320,0.7263058766666667,0.512805829445521,0.10191620513796806,0.41088962430755294,0.3108499348163605,0.648679792881012,0.5788877606391907,0.07275966554880142,0.03332104906439781,0.19966790080070496
13463,0.7507792666666667,0.30171380440394086,0.2754799636701743,0.026233840733766556,0.14146459102630615,0.40971267223358154,0.3539641499519348,0.051586512476205826,0.1924038827419281,0.5824494957923889
14788,0.6919717966666666,0.8028905987739563,0.026805604963252943,0.7760849938107034,0.9351329207420349,0.6100359559059143,0.8635029196739197,0.007600307930260897,0.012660891748964787,0.06015561521053314
5201,0.7802058866666667,0.7386525869369507,0.041662157202760376,0.6969904297341903,0.6898845434188843,0.5441071391105652,0.9819660782814026,0.03516185283660889,0.07900085300207138,0.010823765769600868
1508,0.7657716533333333,0.24299950897693634,0.1367652059222261,0.10623430305471024,0.26417550444602966,0.25588852167129517,0.2089345008134842,0.3862544596195221,0.012299833819270134,0.011741324327886105
18138,0.7514859466666667,0.34648441274960834,0.21809006831608713,0.1283943444335212,0.1699562966823578,0.5905289053916931,0.27896803617477417,0.6290024518966675,0.02219281531870365,0.0030749377328902483
20539,0.7560146166666667,0.9231237173080444,0.009913810528814793,0.9132099067792296,0.9744642376899719,0.8585535883903503,0.936353325843811,0.011082034558057785,0.01080759521573782,0.007851801812648773
17817,0.79159303,0.7210614879926046,0.16974302070836225,0.5513184672842424,0.3344581127166748,0.9436809420585632,0.8850454092025757,0.40828871726989746,0.017972638830542564,0.08296770602464676
13701,0.7686617033333333,0.6010543008645376,0.044778122256199517,0.5562761786083381,0.3020171821117401,0.8468897342681885,0.6542559862136841,0.08669854700565338,0.01703585870563984,0.030599961057305336
12570,0.7852149933333333,0.8483691414197286,0.019513836751381557,0.8288553046683471,0.8264688849449158,0.8756454586982727,0.8429930806159973,0.006930364295840263,0.031156526878476143,0.020454619079828262
25429,0.74111693,0.9412229855855306,0.006854482538377245,0.9343685030471534,0.8965308666229248,0.9483042359352112,0.9788338541984558,0.003663916839286685,0.012707283720374107,0.0041922470554709435
6309,0.7736570833333333,0.8507510224978129,0.022166307006652158,0.8285847154911608,0.787088930606842,0.7702329754829407,0.994931161403656,0.027143938466906548,0.03864840790629387,0.000706574646756053
2365,0.7249607666666668,0.3819152389963468,0.023848985011378925,0.35806625398496783,0.08367084711790085,0.329563170671463,0.7325116991996765,0.06465581804513931,0.0047009666450321674,0.002190170343965292
25994,0.73133002,0.5546172757943472,0.04007678727308909,0.5145404885212581,0.5337075591087341,0.36897751688957214,0.7611667513847351,0.06499947607517242,0.041398122906684875,0.013832762837409973
26027,0.7421027833333333,0.8379582564036051,0.024296129122376442,0.8136621272812287,0.8107902407646179,0.8593657612800598,0.8437187671661377,0.013521207496523857,0.0253494530916214,0.03401772677898407
18213,0.6840079133333333,0.695160984992981,0.1360892467200756,0.5590717382729053,0.5852023959159851,0.9797359704971313,0.5205445885658264,0.24973371624946594,0.0010123588144779205,0.15752166509628296
17058,0.6946623966666667,0.8483430941899618,0.015680708379174273,0.8326623858107876,0.8797239661216736,0.8377485275268555,0.8275567889213562,0.004203250631690025,0.03918202221393585,0.0036568522918969393
8121,0.6958302166666667,0.5194595555464426,0.20556131564080715,0.3138982399056355,0.1797700822353363,0.9604249596595764,0.4181836247444153,0.20610742270946503,0.020405681803822517,0.3901708424091339
14055,0.7283775866666667,0.6178175446887811,0.006962421194960673,0.6108551234938204,0.021366607397794724,0.9654442667961121,0.8666417598724365,0.003921666648238897,0.007487338036298752,0.009478258900344372
7874,0.77563572,0.8538672924041748,0.037707460268090166,0.8161598321360847,0.8927513957023621,0.9115185737609863,0.757331907749176,0.005308493506163359,0.06475304067134857,0.043060846626758575
7647,0.7161772833333333,0.27351859708627063,0.17037968958417574,0.1031389075020949,0.2706802189350128,0.18635521829128265,0.3635203540325165,0.09534301608800888,0.3786601126194,0.03713594004511833
22126,0.7615378866666668,0.8162889281908671,0.06672920992908378,0.7495597182617832,0.8833637833595276,0.9834797382354736,0.5820232629776001,0.06680018454790115,0.00198967638425529,0.1313977688550949
16209,0.6909693166666666,0.5108958085378011,0.21106001362204552,0.2998357949157556,0.19860446453094482,0.6455466151237488,0.6885363459587097,0.28826314210891724,0.30020707845687866,0.04470982030034065
12824,0.7478709233333333,0.9722877542177836,0.00172065074245135,0.9705671034753323,0.9918296933174133,0.9595436453819275,0.96548992395401,0.0017433376051485538,0.001465333392843604,0.0019532812293618917
14762,0.7132736666666667,0.7264489630858103,0.2034895223332569,0.5229594407525534,0.20933040976524353,0.9842308163642883,0.9857856631278992,0.6080883741378784,0.0011705636279657483,0.0012096292339265347
23793,0.7042063199999999,0.9075274666150411,0.00451254677803566,0.9030149198370054,0.8597085475921631,0.9771987199783325,0.8856751322746277,0.0031990166753530502,0.0013801470631733537,0.008958476595580578
26321,0.81136715,0.5113339225451151,0.025613137831290562,0.48572078471382457,0.28746864199638367,0.2551829516887665,0.9913501739501953,0.050642214715480804,0.020702656358480453,0.005494542419910431
11532,0.7766062333333333,0.6124069293340048,0.037043457850813866,0.5753634714831909,0.5921590328216553,0.30074769258499146,0.9443140625953674,0.08870691061019897,0.0188542902469635,0.0035691726952791214
21158,0.6926234633333334,0.8726771076520284,0.007549697688470284,0.8651274099635582,0.9314991235733032,0.9886970520019531,0.6978351473808289,0.007001820951700211,0.0089644156396389,0.006682856474071741
21834,0.72562929,0.3901305084582418,0.1726996141175429,0.21743089434069893,0.9119740128517151,0.25454092025756836,0.0038765922654420137,0.06554906815290451,0.43510809540748596,0.017441678792238235
17983,0.7117819833333333,0.7781063914299011,0.15314285891751447,0.6249635325123867,0.8919830322265625,0.560485303401947,0.8818508386611938,0.050322242081165314,0.3920467793941498,0.017059555277228355
24074,0.7091836666666667,0.8339951833089193,0.0027943922517200312,0.8312007910571992,0.7336333990097046,0.8779197335243225,0.8904324173927307,0.00272988504730165,0.003266781335696578,0.0023865103721618652
21197,0.7277602166666668,0.7862612207730612,0.04068496528392037,0.7455762554891407,0.8721525073051453,0.9680539965629578,0.5185771584510803,0.06417343765497208,0.004698122385889292,0.053183335810899734
15576,0.6639664766666665,0.3030327782034874,0.25484282554437715,0.04818995265911025,0.6496256589889526,0.21238261461257935,0.047090061008930206,0.0026548714376986027,0.7603510022163391,0.00152260297909379
18688,0.63493351,0.6431246921420097,0.1478291048357884,0.49529558730622136,0.0413542166352272,0.9930822849273682,0.8949375748634338,0.4160344898700714,0.0016656052321195602,0.025787219405174255
6616,0.7653868866666667,0.6158121079206467,0.006330648281921943,0.6094814596387247,0.6935333609580994,0.9898366332054138,0.16406632959842682,0.013950973749160767,0.0023049060255289078,0.0027360650710761547
13978,0.7338365733333334,0.8431442181269327,0.10213876763979594,0.7410054504871368,0.8604976534843445,0.735193133354187,0.9337418675422668,0.06431294232606888,0.21817325055599213,0.023930110037326813
25430,0.75096437,0.754031757513682,0.10915170361598332,0.6448800538976986,0.561164915561676,0.8357372283935547,0.8651931285858154,0.15222007036209106,0.13980215787887573,0.035432882606983185
19676,0.7159864766666667,0.5464540322621664,0.09924027440138161,0.44721375786078477,0.5686429738998413,0.12905222177505493,0.9416669011116028,0.26651760935783386,0.028599271550774574,0.002603942295536399
21849,0.7100434533333333,0.8967136144638062,0.08000150804097454,0.8167121064228317,0.733116626739502,0.966425359249115,0.9905988574028015,0.23638667166233063,0.0020812717266380787,0.0015365807339549065
6716,0.7271015333333334,0.7090031703313192,0.142246558641394,0.5667566116899252,0.529820442199707,0.6404109001159668,0.9567781686782837,0.3914288580417633,0.016801781952381134,0.0185090359300375
4799,0.81549082,0.44582610422124463,0.010699998354539275,0.43512610586670536,0.004781576804816723,0.5340234041213989,0.7986733317375183,0.002241079928353429,0.012756802141666412,0.017102112993597984
23675,0.6692682433333333,0.8874208728472391,0.04549015803301396,0.8419307148142252,0.7154494524002075,0.9563584327697754,0.9904547333717346,0.11725103110074997,0.018939651548862457,0.0002797914494294673
1471,0.6982453566666665,0.5095109020670255,0.16041755862534046,0.3490933434416851,0.638334333896637,0.8098653554916382,0.08033301681280136,0.2641555070877075,0.019046207889914513,0.19805096089839935
6811,0.7599164133333334,0.039404318357507385,0.025465366741021473,0.013938951616485912,0.05484481528401375,0.046707820147275925,0.01666031964123249,0.04254666343331337,0.018798090517520905,0.015051346272230148
17039,0.7225520266666666,0.7291481097539266,0.015903867975187797,0.7132442417787388,0.2771676778793335,0.9801121950149536,0.9301644563674927,0.042174261063337326,0.0005013464251533151,0.005035996437072754
25172,0.7480181533333333,0.5003572205702463,0.05297294010718664,0.4473842804630597,0.28386515378952026,0.4214678108692169,0.795738697052002,0.05354543775320053,0.041568271815776825,0.06380511075258255
5853,0.6767170633333334,0.5586061875025431,0.2529700696468353,0.30563611785570777,0.6847439408302307,0.3214454650878906,0.6696291565895081,0.19579961895942688,0.2648014426231384,0.2983091473579407
8126,0.7340255600000001,0.5465505371491114,0.03249038571569448,0.5140601514334169,0.9937293529510498,0.15789254009723663,0.48802971839904785,0.000338608690071851,0.0017816496547311544,0.09535089880228043
7360,0.7446981333333333,0.6426558593908945,0.1308235451579094,0.5118323142329851,0.9379796385765076,0.5501099824905396,0.4398779571056366,0.02223217859864235,0.03787672892212868,0.33236172795295715
4124,0.6948408533333333,0.44233554415404797,0.06532502236465614,0.3770105217893918,0.34697869420051575,0.005234980955719948,0.9747929573059082,0.1871352642774582,0.004917809274047613,0.003921993542462587
6661,0.73542433,0.7760554850101471,0.005131606090192993,0.7709238789199541,0.9014279246330261,0.4664885699748993,0.9602499604225159,0.005035335198044777,0.009024299681186676,0.0013351833913475275
15003,0.7019456733333334,0.7176961700121561,0.24559777354200682,0.4720983964701493,0.24588626623153687,0.9624305367469788,0.9447717070579529,0.6890160441398621,0.007700897753238678,0.04007637873291969
16803,0.7091702733333335,0.6586381395657858,0.05441609832147757,0.6042220412443082,0.3814944624900818,0.7566506266593933,0.8377693295478821,0.027635367587208748,0.02529139071702957,0.1103215366601944
14117,0.76460348,0.11432149478544791,0.862505833307902,-0.748184338522454,0.003729552961885929,0.024845672771334648,0.31438925862312317,0.9867466688156128,0.965687096118927,0.6350837349891663
25513,0.6899832666666667,0.9370274345080057,0.017878714415322367,0.9191487200926833,0.966805636882782,0.8481276035308838,0.9961490631103516,0.0043394495733082294,0.04898276925086975,0.0003139244217891246
18861,0.66915551,0.6750152011712393,0.16396391523691514,0.5110512859343241,0.6523870825767517,0.9880408644676208,0.3846176564693451,0.2600089907646179,0.00300071039237082,0.2288820445537567
13901,0.7208886633333332,0.8723685542742411,0.06908220238983631,0.8032863518844048,0.9205737709999084,0.7021284103393555,0.9944034814834595,0.022163230925798416,0.18280373513698578,0.002279641106724739
16788,0.71559821,0.44276491552591324,0.4035415676577638,0.03922334786814946,0.08137350529432297,0.28033798933029175,0.966583251953125,0.5692741870880127,0.6376396417617798,0.0037108741234987974
15673,0.7426674000000001,0.9388442834218343,0.009972239922111234,0.9288720434997231,0.9396370649337769,0.994667649269104,0.8822281360626221,0.01875445246696472,0.0013615975622087717,0.009800669737160206
17077,0.7340713766666668,0.29454637318849564,0.021528753141562145,0.2730176200469335,0.040606118738651276,0.16781513392925262,0.675217866897583,0.013286272063851357,0.01579323597252369,0.035506751388311386
23317,0.7250675333333333,0.2655625144640605,0.599737266699473,-0.33417475223541254,0.29382479190826416,0.13818365335464478,0.36467909812927246,0.5752809643745422,0.7905464172363281,0.43338441848754883
6288,0.7295656999999999,0.23919745037953058,0.48492802679538727,-0.2457305764158567,0.3958727717399597,0.2813550531864166,0.040364526212215424,0.2989663779735565,0.22629602253437042,0.9295216798782349
11329,0.81547078,0.9340676069259644,0.010802418653232356,0.923265188272732,0.8651692867279053,0.9686449766159058,0.968388557434082,0.027594398707151413,0.0036611349787563086,0.0011517222737893462
14920,0.7422974666666667,0.9234143694241842,0.004404222282270591,0.9190101471419136,0.9868106842041016,0.8162511587142944,0.9671812653541565,0.0027287760749459267,0.006531241815537214,0.0039526489563286304
20119,0.71449508,0.6214307149251302,0.24536321312189102,0.3760675018032392,0.9289636611938477,0.6525982022285461,0.2827302813529968,0.025145895779132843,0.09776084125041962,0.6131829023361206
17312,0.7367168,0.8198430140813192,0.047139063477516174,0.772703950603803,0.7483748197555542,0.8992210030555725,0.8119332194328308,0.018882138654589653,0.019711779430508614,0.10282327234745026
6064,0.7249337000000001,0.5091412464777628,0.3457356209401041,0.1634056255376587,0.74077308177948,0.27978241443634033,0.5068682432174683,0.0032226189505308867,0.6591464877128601,0.3748377561569214
16807,0.7308331999999998,0.875026802221934,0.024063855254401762,0.8509629469675322,0.8159953951835632,0.8604344129562378,0.948650598526001,0.006842538248747587,0.035792913287878036,0.029556114226579666
20337,0.7436377033333335,0.6510131905476252,0.011475653309995929,0.6395375372376293,0.8261118531227112,0.9839656352996826,0.14296208322048187,0.025738300755620003,0.007112853229045868,0.0015758059453219175
15931,0.7355279833333332,0.7389192779858907,0.10344095077986519,0.6354783272060256,0.46850287914276123,0.7732102274894714,0.9750447273254395,0.24116462469100952,0.062484968453645706,0.006673259194940329
20711,0.7977498166666667,0.6180525446931521,0.018798606276201706,0.5992539384169504,0.7778977155685425,0.9951625466346741,0.08109737187623978,0.04527907446026802,0.0005418754881247878,0.010574868880212307
580,0.6947485333333333,0.692739874124527,0.1710937904814879,0.5216460836430391,0.870717465877533,0.9267343878746033,0.2807677686214447,0.06766912341117859,0.03025894984602928,0.41535329818725586
12195,0.7677149533333334,0.7564635475476583,0.07172386449140807,0.6847396830562502,0.9329281449317932,0.660630464553833,0.6758320331573486,0.0022066005039960146,0.18060632050037384,0.032358672469854355
1770,0.7191063999999999,0.723437656958898,0.09387501639624436,0.6295626405626535,0.40242162346839905,0.9531779289245605,0.8147134184837341,0.19120760262012482,0.019782574847340584,0.0706348717212677
21547,0.7521455866666665,0.7093738516171774,0.21778293854246536,0.49159091307471203,0.9592591524124146,0.8928182721138,0.2760441303253174,0.00829921755939722,0.020997073501348495,0.6240525245666504
12246,0.6831292333333333,0.6639893179138502,0.027147006747933727,0.6368423111659165,0.08242217451334,0.9260058403015137,0.9835399389266968,0.05198301374912262,0.027529427781701088,0.001928578712977469
21736,0.7349167900000001,0.7126041650772095,0.11820471069465081,0.5943994543825587,0.5037065744400024,0.9885332584381104,0.6455726623535156,0.310627818107605,0.0017375433817505836,0.04224877059459686
17306,0.7139261233333333,0.24397597834467888,0.29221807171901065,-0.048242093374331774,0.03548504039645195,0.08372312039136887,0.6127197742462158,0.7527992725372314,0.08705826103687286,0.036796681582927704
12783,0.7801336166666667,0.34703943133354187,0.03422768895203868,0.31281174238150317,0.4391680955886841,0.14974722266197205,0.4522029757499695,0.09516244381666183,0.005184468813240528,0.0023361542262136936
21867,0.7427016200000001,0.4943583756685257,0.02329588619371255,0.47106248947481316,0.6265578866004944,0.09618555009365082,0.7603316903114319,0.019218362867832184,0.02275700308382511,0.027912292629480362
23012,0.6662184400000001,0.7359082102775574,0.006065821449737996,0.7298423888278194,0.9707440733909607,0.24230724573135376,0.9946733117103577,0.011751729063689709,0.00548021262511611,0.000965522660408169
3421,0.7381308133333334,0.5994029690821966,0.3018736558345457,0.2975293132476509,0.7701863050460815,0.14623285830020905,0.8817897439002991,0.004799479153007269,0.8398699760437012,0.060951512306928635
5873,0.7583932333333333,0.25091011822223663,0.16225904040038586,0.08865107782185078,0.41108420491218567,0.3096066415309906,0.03203950822353363,0.30193275213241577,0.1679607331752777,0.01688363589346409
24065,0.8534458033333333,0.6561602996662259,0.32035626377910376,0.33580403588712215,0.010704233311116695,0.9791338443756104,0.9786428213119507,0.9560657739639282,0.001361440634354949,0.003641576739028096
2921,0.7126438966666667,0.5972033338621259,0.049560192972421646,0.5476431408897042,0.014309464953839779,0.9350259900093079,0.84227454662323,0.05063246935606003,0.006812091916799545,0.09123601764440536
13710,0.7307437333333334,0.7252864638964335,0.05403760199745496,0.6712488618989785,0.6623794436454773,0.9206291437149048,0.5928508043289185,0.05522764474153519,0.01123245432972908,0.09565270692110062
15767,0.6882078333333332,0.14604831238587698,0.12941347683469454,0.016634835551182447,0.25069043040275574,0.08628349751234055,0.10117100924253464,0.3032775819301605,0.023359358310699463,0.06160349026322365
15941,0.73749458,0.9761260151863098,0.0068441547531013685,0.9692818604332084,0.9595414400100708,0.9934884309768677,0.975348174571991,0.010092252865433693,0.0018016850808635354,0.008638526313006878
3854,0.7787438333333333,0.490321824947993,0.150891475379467,0.33943034956852597,0.7050622701644897,0.41185009479522705,0.3540531098842621,0.007832534611225128,0.12959438562393188,0.315247505903244
19068,0.7291784833333335,0.7166464527448019,0.010553493164479733,0.7060929595803221,0.9509341716766357,0.2580989599227905,0.9409062266349792,0.006210210733115673,0.009512072429060936,0.01593819633126259
17994,0.73445983,0.5346826761960983,0.24197405762970448,0.29270861856639385,0.10993064939975739,0.9581913948059082,0.5359259843826294,0.36150628328323364,0.031164085492491722,0.33325180411338806
5449,0.7335183166666667,0.24653284003337225,0.11562924770017464,0.1309035923331976,0.34521815180778503,0.34296220541000366,0.05141816288232803,0.23973943293094635,0.09158869087696075,0.015559619292616844
15574,0.7317574133333333,0.4548921287059784,0.017177987688531477,0.43771414101744693,0.2047627866268158,0.2315124273300171,0.9284011721611023,0.04184454679489136,0.003433898091316223,0.006255518179386854
15923,0.7375607999999999,0.7034400204817454,0.011993209210534891,0.6914468112712104,0.9328931570053101,0.2520289719104767,0.9253979325294495,0.007701504044234753,0.02437618374824524,0.0039019398391246796
13976,0.7415064,0.12327970998982589,0.030051632163425285,0.09322807782640061,0.253674179315567,0.0908346176147461,0.025330333039164543,0.009422325529158115,0.005991192534565926,0.07474137842655182
10631,0.7426941833333333,0.7966457804044088,0.14678689449404678,0.649858885910362,0.9512574672698975,0.969926118850708,0.46875375509262085,0.009325800463557243,0.0025592646561563015,0.42847561836242676
16667,0.7236841533333332,0.7986519734064738,0.0412391759455204,0.7574127974609534,0.5700017809867859,0.9058095216751099,0.9201446175575256,0.04129079356789589,0.04838266223669052,0.03404407203197479
2775,0.7641148133333333,0.4889667530854543,0.11564571938167016,0.3733210337037841,0.33580470085144043,0.2830354869365692,0.8480600714683533,0.3267469108104706,0.008187458850443363,0.012002788484096527
12845,0.7767840866666665,0.485542265077432,0.03097123249123494,0.454571032586197,0.10955186933279037,0.35644662380218506,0.9906283020973206,0.06014682725071907,0.030070006847381592,0.0026968633756041527
22278,0.7545708866666666,0.7917214731375376,0.07904854447891314,0.7126729286586244,0.4290910065174103,0.965930700302124,0.9801427125930786,0.22855713963508606,0.008227376267313957,0.00036111753433942795
11850,0.7660235566666667,0.28050801654656726,0.31485192601879436,-0.0343439094722271,0.35632121562957764,0.13843892514705658,0.3467639088630676,0.03755598142743111,0.3182854950428009,0.5887143015861511
13467,0.7335035566666667,0.6751317232847214,0.26245326180166256,0.4126784614830588,0.11315621435642242,0.9210851788520813,0.9911537766456604,0.7763088345527649,0.010073693469166756,0.000977257383055985
20566,0.7942418533333333,0.8839008410771688,0.032001338026020676,0.8518995030511481,0.7220609188079834,0.9335023760795593,0.9961392283439636,0.08623788505792618,0.009442242793738842,0.0003238862263970077
2252,0.7343237,0.6645161857207617,0.1388898699854811,0.5256263157352805,0.20542477071285248,0.9666950106620789,0.8214287757873535,0.3860393166542053,0.011611639522016048,0.01901865378022194
4940,0.7202182833333333,0.7331165472666422,0.10865058501561482,0.6244659622510274,0.7653866410255432,0.5250086188316345,0.908954381942749,0.13615836203098297,0.12865890562534332,0.06113448739051819
2857,0.7318542766666667,0.5480588773886362,0.19110105062524477,0.3569578267633915,0.33297792077064514,0.5870773196220398,0.7241213917732239,0.30347609519958496,0.06236280873417854,0.20746424794197083
1199,0.7670454766666666,0.6573587208986282,0.062477645153800644,0.5948810757448276,0.8165950179100037,0.17313437163829803,0.982346773147583,0.1745436042547226,0.007315573748201132,0.005573757458478212
4582,0.6961947833333332,0.3504408846298854,0.007524639988938968,0.3429162446409464,0.2052081972360611,0.3640415370464325,0.4820729196071625,0.015793081372976303,0.0020176945254206657,0.004763144068419933
6990,0.7542750233333333,0.82148677110672,0.008982305958246192,0.8125044651484737,0.9819452166557312,0.5422255396842957,0.9402895569801331,0.002550808945670724,0.004727963823825121,0.01966814510524273
24277,0.7339549333333334,0.6526857912540436,0.014608641931166252,0.6380771493228773,0.6088482141494751,0.4193889796733856,0.92982017993927,0.024740558117628098,0.016261475160717964,0.002823892515152693
15914,0.7331737333333334,0.27778120214740437,0.5514437804619471,-0.2736625783145427,0.10231963545084,0.03855187073349953,0.6924721002578735,0.6724408268928528,0.9487351179122925,0.033155396580696106
25842,0.7428477399999999,0.44692056874434155,0.20596723069320433,0.24095333805113722,0.13307064771652222,0.20983664691448212,0.9978544116020203,0.1304968148469925,0.48693281412124634,0.0004720631113741547
2491,0.7448303666666667,0.3764866143465042,0.02847320633009076,0.34801340801641345,0.1459006816148758,0.8523319959640503,0.13122716546058655,0.03514865040779114,0.005229031201452017,0.04504193738102913
23823,0.7642982833333334,0.6633102595806122,0.045003155867258705,0.6183071037133535,0.7862814664840698,0.2776687443256378,0.9259805679321289,0.05350712314248085,0.03375089541077614,0.047751449048519135
11701,0.7788459,0.41065555810928345,0.04979252442717552,0.3608630336821079,0.25791653990745544,0.35766586661338806,0.6163842678070068,0.024367760866880417,0.017058193683624268,0.10795161873102188
4375,0.7537917900000001,0.9810241460800171,0.00417748043158402,0.976846665648433,0.976641833782196,0.979286789894104,0.9871438145637512,0.009207859635353088,0.0016946048708632588,0.0016299767885357141
6345,0.7638190933333334,0.6682534118493398,0.0297548541566357,0.6384985576927041,0.9311482906341553,0.6123952269554138,0.4612167179584503,0.001662451890297234,0.07144588232040405,0.016156228259205818
6932,0.7405361533333333,0.6424334347248077,0.33261366134199005,0.3098197733828177,0.8223252296447754,0.973458468914032,0.13151660561561584,0.13608883321285248,0.003737269202247262,0.8580148816108704
16480,0.7689901166666667,0.3337233439087868,0.15384187797705332,0.17988146593173346,0.23420971632003784,0.7149184942245483,0.05204182118177414,0.08285004645586014,0.0696890726685524,0.30898651480674744
20897,0.7658244200000001,0.9262259602546692,0.019549907185137272,0.9066760530695319,0.8308809995651245,0.9785559177398682,0.9692409634590149,0.03026483952999115,0.008734912611544132,0.019649969413876534
13550,0.70403659,0.2354560742775599,0.10744947505493958,0.1280065992226203,0.14312158524990082,0.13869762420654297,0.42454901337623596,0.09665194153785706,0.005012745037674904,0.2206837385892868
16383,0.7543645166666666,0.27627421418825787,0.199686328570048,0.07658788561820987,0.27648892998695374,0.1607832908630371,0.3915504217147827,0.3740602433681488,0.12424367666244507,0.10075506567955017
13050,0.7663088366666666,0.619664470354716,0.0642448387419184,0.5554196316127975,0.2946975827217102,0.7930128574371338,0.771282970905304,0.15095838904380798,0.034035421907901764,0.007740705274045467
26007,0.7653506333333334,0.6255390048027039,0.1546995776395003,0.4708394271632036,0.5579939484596252,0.8448676466941833,0.473755419254303,0.2052745372056961,0.034600477665662766,0.22422371804714203
16469,0.7701262666666667,0.31971898674964905,0.08478209686776002,0.23493688988188904,0.18737831711769104,0.5331135988235474,0.23866504430770874,0.07585569471120834,0.16972903907299042,0.008761556819081306
3830,0.7888145999999999,0.3849492644270261,0.0793003107731541,0.305648953653872,0.0975295826792717,0.5887536406517029,0.46856456995010376,0.015620947815477848,0.18381786346435547,0.03846212103962898
16336,0.7590709999999999,0.42591649542252225,0.04400911391712725,0.381907381505395,0.9622890949249268,0.27933940291404724,0.03612098842859268,0.005545933730900288,0.12327705323696136,0.0032043547835201025
17451,0.7262813866666668,0.47651712930140394,0.010369677843603617,0.46614745145780034,0.7051326632499695,0.0029453884344547987,0.7214733362197876,0.01765265129506588,0.00034497250453568995,0.013111409731209278
4303,0.7296791933333333,0.9624585310618082,0.0037085035777029893,0.9587500274841052,0.9869365096092224,0.9945635199546814,0.905875563621521,0.002227446297183633,0.0006845825701020658,0.008213481865823269
19580,0.7306773833333332,0.7036721805731455,0.23486558410028616,0.4688065964728594,0.9736335873603821,0.4579346477985382,0.6794483065605164,0.005354354158043861,0.45171642303466797,0.24752597510814667
15425,0.7221744133333333,0.6689930309851965,0.02871259395033121,0.6402804370348653,0.8843356370925903,0.9430933594703674,0.17955009639263153,0.0060524414293468,0.004576984327286482,0.07550835609436035
16234,0.7693033100000001,0.7100079655647278,0.08931940980255604,0.6206885557621717,0.2219545841217041,0.9383704662322998,0.9696988463401794,0.24664290249347687,0.01436015497893095,0.006955171935260296
16496,0.7426291966666666,0.5708070049683253,0.05239353398792446,0.5184134709804008,0.17510516941547394,0.5582263469696045,0.9790894985198975,0.059055209159851074,0.09550126641988754,0.002624126384034753
16050,0.73561852,0.52684277916948,0.04428908104697863,0.4825536981225013,0.7878459692001343,0.049014586955308914,0.7436677813529968,0.08303835242986679,0.02252834290266037,0.027300547808408737
20204,0.7655257466666666,0.23301555961370468,0.08962611202150583,0.14338944759219885,0.5250520706176758,0.12485983222723007,0.04913477599620819,0.09750500321388245,0.1622130274772644,0.009160305373370647
22083,0.7862892333333332,0.5659734010696411,0.27428570622578263,0.2916876948438585,0.27765193581581116,0.9474881291389465,0.47278013825416565,0.6479285359382629,0.0033641974441707134,0.17156438529491425
5818,0.7272037466666665,0.7314714590708414,0.10116657133524616,0.6303048877355952,0.9722341299057007,0.2924537658691406,0.9297264814376831,0.005430855322629213,0.2545849680900574,0.04348389059305191
15874,0.7412359666666667,0.6310245022177696,0.030680940796931584,0.600343561420838,0.043949492275714874,0.883680522441864,0.96544349193573,0.008998910896480083,0.069486103951931,0.01355780754238367
19335,0.7127105833333333,0.4721197336912155,0.46618189204794663,0.005937841643268882,0.08277325332164764,0.3436368405818939,0.989949107170105,0.8625170588493347,0.5335361361503601,0.002492481144145131
24186,0.7111552,0.5691437274217606,0.009565253586818775,0.5595784738349417,0.9406732320785522,0.12531183660030365,0.6414461135864258,0.0032882182858884335,0.018337173387408257,0.007070369087159634
12786,0.7178461,0.8253016273180643,0.07422369869891554,0.7510779286191488,0.9568371772766113,0.565064013004303,0.9540036916732788,0.007899174466729164,0.21322108805179596,0.0015508335782215
16384,0.7094965000000001,0.5641037970781326,0.18389709018326053,0.3802067068948721,0.51054847240448,0.9748023748397827,0.2069605439901352,0.470339298248291,0.0019114456372335553,0.07944052666425705
7441,0.7515641466666666,0.1458653137087822,0.18833773210644722,-0.042472418397665024,0.3287748396396637,0.06448746472597122,0.04433363676071167,0.17289301753044128,0.36965298652648926,0.022467192262411118
20737,0.7473066,0.7856529951095581,0.12906303629279137,0.6565899588167667,0.6477926969528198,0.891288697719574,0.8178775906562805,0.21320253610610962,0.02284211292862892,0.15114445984363556
24935,0.6974482466666667,0.502814362446467,0.027648517706741888,0.4751658447397252,0.556820809841156,0.05607309937477112,0.8955491781234741,0.06271807849407196,0.0029029245488345623,0.017324550077319145
12487,0.7413957199999999,0.33131369948387146,0.057671407237648964,0.2736422922462225,0.602849006652832,0.18207736313343048,0.20901472866535187,0.022833513095974922,0.06249557062983513,0.08768513798713684
7378,0.76574857,0.972169558207194,0.0016511173259156446,0.9705184408812784,0.9637949466705322,0.9555338621139526,0.9971798658370972,0.002837018109858036,0.0015292390016838908,0.0005870948662050068
3563,0.7296171633333334,0.6890472571055094,0.11490981404980023,0.5741374430557091,0.5645966529846191,0.8608576059341431,0.6416875123977661,0.08070489019155502,0.05812620744109154,0.20589834451675415
12715,0.7453908533333333,0.2764270305633545,0.2701490819454193,0.006277948617935181,0.433879017829895,0.13001039624214172,0.26539167761802673,0.22953303158283234,0.4511297941207886,0.12978442013263702
20372,0.7227120833333333,0.6645904779434204,0.11047817238916953,0.5541123055542508,0.6456955075263977,0.6411786079406738,0.7068973183631897,0.16712893545627594,0.15348772704601288,0.010817854665219784
17680,0.7364312466666667,0.634203314781189,0.09594717777023713,0.5382561370109519,0.5675234198570251,0.3625074625015259,0.9725790619850159,0.05663314834237099,0.22851896286010742,0.002689422108232975
26189,0.7508831033333333,0.6156586060921351,0.25911655090749264,0.35654205518464244,0.08758242428302765,0.8417577147483826,0.9176356792449951,0.6573425531387329,0.09630531072616577,0.02370178885757923
10591,0.73429848,0.7037297189235687,0.015916426045199234,0.6878132928783695,0.9028310775756836,0.34720078110694885,0.8611572980880737,0.008990428410470486,0.01668895035982132,0.0220698993653059
16565,0.7501794533333334,0.8580170075098673,0.061546820836762585,0.7964701866731048,0.9445703029632568,0.8234074115753174,0.8060733079910278,0.0047296686097979546,0.11056887358427048,0.06934192031621933
24248,0.7018834466666667,0.9617875019709269,0.0187999641833206,0.9429875377876062,0.9599814414978027,0.9758176803588867,0.9495633840560913,0.02055622823536396,0.007392480503767729,0.028451183810830116
8162,0.7345723299999999,0.8423177798589071,0.02217100312312444,0.8201467767357826,0.8952425718307495,0.6838108897209167,0.9478998780250549,0.04819328710436821,0.0031175781041383743,0.015202144160866737
11695,0.7633374766666666,0.5580643912156423,0.04739716028173765,0.5106672309339046,0.39698469638824463,0.8108681440353394,0.4663403332233429,0.020875688642263412,0.023182973265647888,0.09813281893730164
1563,0.6901610933333333,0.8619743982950846,0.04551544843707234,0.8164589498580123,0.9842100143432617,0.6069174408912659,0.9947957396507263,0.002022509928792715,0.133322075009346,0.0012017603730782866
21751,0.7199882066666667,0.9697320858637491,0.014043240148263672,0.9556888457154855,0.9895622134208679,0.958954930305481,0.9606791138648987,0.0010715838288888335,0.03372326120734215,0.007334875408560038
24846,0.76079496,0.6865255137284597,0.020826525054872036,0.6656989886735877,0.92206871509552,0.9040374755859375,0.2334703505039215,0.03957439213991165,0.0027030231431126595,0.020202159881591797
12408,0.7368330333333333,0.2970361014207204,0.6048485885063807,-0.3078124870856603,0.6827177405357361,0.18587157130241394,0.02251899242401123,0.13496126234531403,0.706973671913147,0.9726108312606812
24968,0.7462667833333333,0.6506550908088684,0.019629240967333317,0.6310258498415351,0.13969069719314575,0.8913862705230713,0.9208883047103882,0.009599358774721622,0.023569781333208084,0.025718582794070244
8066,0.7621805133333334,0.8988667130470276,0.014775896774760136,0.8840908162722675,0.7903522849082947,0.9149897694587708,0.9912580847740173,0.037255190312862396,0.006262240000069141,0.0008102600113488734
22026,0.69023431,0.8934757113456726,0.026815707019219797,0.8666600043264528,0.9509017467498779,0.7730260491371155,0.9564993381500244,0.005654268432408571,0.0559978224337101,0.018795030191540718
18267,0.7274291666666667,0.6587404881914457,0.005327047624935706,0.65341344056651,0.9406967759132385,0.9317204356193542,0.10380425304174423,0.004494573920965195,0.0033082119189202785,0.008178357034921646
14164,0.7523407166666667,0.5874060094356537,0.09676091497143109,0.4906450944642226,0.7171693444252014,0.23895856738090515,0.8060901165008545,0.029601115733385086,0.1684570461511612,0.09222458302974701
15826,0.7476205966666667,0.915043572584788,0.013949067331850529,0.9010945052529374,0.9662028551101685,0.8625857830047607,0.9163420796394348,0.022722912952303886,0.007944140583276749,0.011180148459970951
3134,0.72300039,0.36636806031068164,0.28723729588091373,0.07913076442976791,0.05106780678033829,0.06507215648889542,0.9829642176628113,0.8371717929840088,0.022488335147500038,0.002051759511232376
20744,0.7743570366666667,0.2591916148861249,0.32124268760283786,-0.06205107271671295,0.1242416724562645,0.2017831653356552,0.4515500068664551,0.8038527965545654,0.0551072359085083,0.10476803034543991
16724,0.77815489,0.458003893494606,0.3647522696604331,0.0932516238341729,0.855537474155426,0.15370310842990875,0.3647710978984833,0.017344793304800987,0.4790196716785431,0.5978923439979553
2811,0.6689046066666666,0.7093472480773926,0.12118924595415592,0.5881580021232367,0.5614150762557983,0.6058148145675659,0.9608118534088135,0.2626165449619293,0.07494320720434189,0.026007985696196556
3319,0.7094877566666667,0.9598468343416849,0.021083368842179578,0.9387634654995054,0.9373946785926819,0.9663696885108948,0.9757761359214783,0.05186131224036217,0.007977870292961597,0.003410923993214965
13004,0.7601123033333334,0.49703506131966907,0.18463357025757432,0.31240149106209475,0.9890318512916565,0.17261670529842377,0.329456627368927,0.0026096771471202374,0.48317089676856995,0.06812013685703278
17431,0.7398375166666668,0.6726624766985575,0.1911794654248903,0.4814830112736672,0.854482114315033,0.5076239705085754,0.6558813452720642,0.0027196293231099844,0.38617992401123047,0.1846388429403305
21261,0.7527144033333334,0.7059793968995413,0.02222089337495466,0.6837585035245866,0.9779374003410339,0.2449723780155182,0.8950284123420715,0.0035825350787490606,0.05852796882390976,0.004552176222205162
3995,0.72566088,0.9677665630976359,0.008314696179392437,0.9594518669182435,0.9714255332946777,0.9703155755996704,0.9615585803985596,0.0010037716710940003,0.005769706796854734,0.018170610070228577
12595,0.7222776566666668,0.8784112135569254,0.013529950597633919,0.8648812629592915,0.8376215100288391,0.9691323637962341,0.8284797668457031,0.003759614657610655,0.02235097438097,0.014479262754321098
12505,0.7299538600000001,0.795122504234314,0.0761429482663516,0.7189795559679624,0.515863835811615,0.8737240433692932,0.9957796335220337,0.220143660902977,0.0077991485595703125,0.0004860353365074843
1961,0.7122980433333334,0.35764055761198205,0.0754997359860378,0.2821408216259442,0.057170335203409195,0.023011481389403343,0.9927398562431335,0.2242438942193985,0.0013779040891677141,0.0008774096495471895
2990,0.7474236799999999,0.9182249506314596,0.014437397165844837,0.9037875534656148,0.8427721858024597,0.9273526668548584,0.9845499992370605,0.010776001960039139,0.030279137194156647,0.002257052343338728
11249,0.75478506,0.31112722493708134,0.18169897538609803,0.1294282495509833,0.4200493097305298,0.487996369600296,0.025335995480418205,0.32986152172088623,0.2119443416595459,0.0032910627778619528
6881,0.6974939033333333,0.8302594423294067,0.04942050498599807,0.7808389373434087,0.9186584949493408,0.6059608459472656,0.9661589860916138,0.07587900757789612,0.06905756145715714,0.0033249459229409695
24951,0.7247885633333334,0.3858279138803482,0.5622245765601596,-0.17639666267981136,0.0187004953622818,0.18112418055534363,0.9576590657234192,0.9742568731307983,0.7066327333450317,0.005784123204648495
14844,0.67758085,0.977096954981486,0.001535774130995075,0.9755611808504909,0.9683445692062378,0.9778802394866943,0.9850660562515259,0.0013676418457180262,0.0021391045302152634,0.0011005760170519352
5205,0.7703342666666666,0.5698315401872,0.17484120031197867,0.39499033987522125,0.43790051341056824,0.6490822434425354,0.6225118637084961,0.26637935638427734,0.14826437830924988,0.10987986624240875
6202,0.7417963733333334,0.8113738298416138,0.04251744600090509,0.7688563838407086,0.534375786781311,0.913640022277832,0.9861056804656982,0.12495759129524231,0.0017094756476581097,0.0008852710598148406
3815,0.72006427,0.9790793061256409,0.0014346745835306745,0.9776446315421102,0.9803606867790222,0.9647670388221741,0.9921101927757263,0.0018925413023680449,0.0017495990032330155,0.0006618834449909627
5113,0.7657622000000001,0.5891202092170715,0.24830085039138794,0.3408193588256836,0.4337514340877533,0.8740407824516296,0.45956841111183167,0.27787160873413086,0.07008364796638489,0.39694729447364807
25379,0.7301694733333334,0.3223010500272115,0.01917378728588422,0.3031272627413273,0.22059118747711182,0.1292465329170227,0.6170654296875,0.0375182218849659,0.011337636038661003,0.008665503934025764
13223,0.7180720366666667,0.6507364908854166,0.1863889602633814,0.46434753062203526,0.5644426345825195,0.4013723134994507,0.9863945245742798,0.06610917299985886,0.4888985753059387,0.004159132484346628
13924,0.69980732,0.9499185681343079,0.01938331810136636,0.9305352500329415,0.9728168249130249,0.9711942672729492,0.9057446122169495,0.001156988786533475,0.001308853505179286,0.05568411201238632
2011,0.7335466866666667,0.5839823167771101,0.009418539858112732,0.5745637769189974,0.02868720330297947,0.7603387236595154,0.9629210233688354,0.01387222483754158,0.011366142891347408,0.003017251845449209
16188,0.7333077666666666,0.4308179250607888,0.3359772855571161,0.09484063950367272,0.3054375648498535,0.9816640615463257,0.005352148786187172,0.04795115441083908,0.0018367527518421412,0.958143949508667
25483,0.7573431133333334,0.7938830852508545,0.05852891240889827,0.7353541728419563,0.7034925222396851,0.7947177886962891,0.8834389448165894,0.022089883685112,0.14816100895404816,0.005335844587534666
12363,0.7321196100000001,0.5511862809459368,0.038095381731788315,0.5130908992141485,0.9449700713157654,0.1151304766535759,0.5934582948684692,0.005531882867217064,0.07943764328956604,0.029316619038581848
10665,0.7715614333333334,0.9205465118090311,0.0031870639262100062,0.9173594478828211,0.9046041965484619,0.9862181544303894,0.8708171844482422,0.005213479977101088,0.000618089223280549,0.0037296225782483816
11481,0.7143185499999999,0.5499846090873083,0.2971424174805482,0.2528421916067601,0.12698225677013397,0.6833956241607666,0.8395759463310242,0.8072687983512878,0.04950501397252083,0.034653440117836
5998,0.7191497966666667,0.5220842299362024,0.2131622489541769,0.3089219809820255,0.05835161730647087,0.8223966360092163,0.6855044364929199,0.6104176044464111,0.01995486207306385,0.009114280343055725
5180,0.7254187,0.34456097427755594,0.37742500845342875,-0.0328640341758728,0.015467784367501736,0.04490985348820686,0.9733052849769592,0.9569579362869263,0.16523878276348114,0.010078306309878826
12726,0.7246049999999999,0.8312003215154012,0.025499338982626796,0.8057009825327744,0.9142305254936218,0.6426803469657898,0.936690092086792,0.0033491540234535933,0.06565392762422562,0.007494935300201178
10523,0.7384887133333334,0.5242917016148567,0.019694873597472906,0.5045968280173838,0.9349592924118042,0.5846966505050659,0.05321916192770004,0.005735947284847498,0.04073267802596092,0.012615995481610298
24268,0.7520978133333333,0.7624459067980448,0.10573477701594432,0.6567111297821004,0.4815025329589844,0.9231715798377991,0.8826636075973511,0.25772973895072937,0.046685799956321716,0.01278879214078188
12465,0.6936989700000001,0.7132633924484253,0.041113252906749644,0.6721501395416757,0.32052862644195557,0.960433840751648,0.8588277101516724,0.11362030357122421,0.006573261693120003,0.003146193455904722
16363,0.7339929133333333,0.2787190129359563,0.5586686531702677,-0.2799496402343114,0.0905710756778717,0.2079624980688095,0.5376234650611877,0.7583422660827637,0.7461642026901245,0.17149949073791504
11195,0.763472,0.20981338123480478,0.4604215578486522,-0.2506081766138474,0.2781970798969269,0.15083573758602142,0.20040732622146606,0.6453291177749634,0.007870065048336983,0.7280654907226562
11189,0.7356761866666667,0.11178374600907166,0.384105217953523,-0.27232147194445133,0.020365962758660316,0.08376419544219971,0.23122107982635498,0.9363506436347961,0.09947244077920914,0.11649256944656372
7285,0.7109676266666667,0.735843151807785,0.06528767369066675,0.6705554781171182,0.9391331672668457,0.3273913562297821,0.9410049319267273,0.004851715173572302,0.1595577895641327,0.03145351633429527
6878,0.6993546833333334,0.3020491848389308,0.13374610307315984,0.16830308176577094,0.12839937210083008,0.5714336633682251,0.20631451904773712,0.02694026753306389,0.3561999201774597,0.018098121508955956
24896,0.7066903666666667,0.4660469765464465,0.06329386914148927,0.40275310740495723,0.3287067413330078,0.11585666984319687,0.9535775184631348,0.10444718599319458,0.07993869483470917,0.0054957265965640545
6998,0.72571822,0.4175439377625783,0.04738499332840244,0.37015894443417585,0.09174482524394989,0.9514247179031372,0.2094622701406479,0.008417720906436443,0.0011140038259327412,0.13262325525283813
7057,0.7050557433333333,0.6551873090987405,0.32036959488565725,0.3348177142130832,0.96137934923172,0.01168972346931696,0.9924928545951843,0.0019755938556045294,0.9581076502799988,0.0010255405213683844
4962,0.736036,0.05607901979237795,0.07799200950345646,-0.02191298971107851,0.057637616991996765,0.010981141589581966,0.09961830079555511,0.0011730935657396913,0.01585312932729721,0.21694980561733246
12051,0.6700978766666665,0.936698337395986,0.009306003650029501,0.9273923337459564,0.9179879426956177,0.9807469248771667,0.9113601446151733,0.019052231684327126,0.004008088726550341,0.004857690539211035
18788,0.7415219133333334,0.17287315366168818,0.3472106344997883,-0.1743374808381001,0.16239352524280548,0.3374408483505249,0.018785087391734123,0.026086274534463882,0.04069706052541733,0.9748485684394836
23711,0.7446668233333332,0.5616511106491089,0.2645781897008419,0.297072920948267,0.2818940281867981,0.6778963804244995,0.725162923336029,0.6936182379722595,0.08033311367034912,0.01978321745991707
22104,0.6722058233333333,0.915979782740275,0.013517737699051699,0.9024620450412233,0.953678548336029,0.9138344526290894,0.8804263472557068,0.015904095023870468,0.010638978332281113,0.014010139741003513
7598,0.7714789566666665,0.5394495526949564,0.16420229060652977,0.3752472620884266,0.3709935247898102,0.982731282711029,0.26462385058403015,0.029172193259000778,0.0008159401477314532,0.46261873841285706
14781,0.7259581333333333,0.5589958131313324,0.20088583106795946,0.35810998206337297,0.5656734108924866,0.6958534717559814,0.4154605567455292,0.09055756032466888,0.045896511524915695,0.4662034213542938
14381,0.8072341600000001,0.9416899085044861,0.02335285147031148,0.9183370570341746,0.8618869781494141,0.9758670926094055,0.9873156547546387,0.06568728387355804,0.0027410099282860756,0.0016302606090903282
13248,0.7796227466666666,0.8349459568659464,0.018004275547961395,0.8169416813179851,0.8598923087120056,0.8844228386878967,0.760522723197937,0.0045833587646484375,0.00880711805075407,0.040622349828481674
1212,0.7902636466666667,0.811590830485026,0.01786451767353962,0.7937263128114864,0.9194217324256897,0.9402112364768982,0.5751395225524902,0.044366952031850815,0.0018726502312347293,0.007353950757533312
4604,0.7449372,0.3268469174702962,0.1515144339452187,0.1753324835250775,0.8079459071159363,0.154824897646904,0.0177699476480484,0.053289808332920074,0.38922974467277527,0.012023748829960823
4048,0.7442908866666667,0.6191985340168079,0.3261782395808647,0.2930202944359432,0.8603703379631042,0.012092093005776405,0.985133171081543,0.0013555914629250765,0.975721001625061,0.0014581256546080112
15830,0.7432597333333333,0.6646029899517695,0.027075960921744507,0.637527029030025,0.15339015424251556,0.9302045702934265,0.9102142453193665,0.040151212364435196,0.012271500192582607,0.028805170208215714
12092,0.7811734133333333,0.8236211140950521,0.13341348494092622,0.6902076291541259,0.8852508664131165,0.6135296821594238,0.972082793712616,0.028456343337893486,0.3536994159221649,0.0180846955627203
4308,0.7535010466666666,0.620376447836558,0.0730262075861295,0.5473502402504284,0.8252428770065308,0.6202341318130493,0.415652334690094,0.057941142469644547,0.04320838674902916,0.11792909353971481
21902,0.7429880366666666,0.518806184331576,0.05788979780239364,0.4609163865291824,0.24562163650989532,0.9936954379081726,0.31710147857666016,0.031044846400618553,0.0017741222400218248,0.14085042476654053
7179,0.67729345,0.6832029968500137,0.07501430572786678,0.6081886911221469,0.1834423989057541,0.8767221570014954,0.9894444346427917,0.21741816401481628,0.006693855859339237,0.0009308973094448447
7638,0.7725470633333332,0.2829315947989623,0.31630710139870644,-0.03337550659974414,0.03260323032736778,0.42981812357902527,0.3863734304904938,0.9163046479225159,0.02684084139764309,0.00577581487596035
7250,0.7026430933333333,0.7309893866380056,0.04358229444672664,0.6874070921912789,0.9644635915756226,0.2892753779888153,0.9392291903495789,0.00796213373541832,0.10841145366430283,0.014373295940458775
6013,0.7795881333333333,0.569611648718516,0.30014472889403504,0.26946691982448095,0.933685839176178,0.5559170246124268,0.21923208236694336,0.02213040553033352,0.16888411343097687,0.7094196677207947
17296,0.75512009,0.5681491643190384,0.27316896772633,0.2949801965927084,0.9647379517555237,0.19705723226070404,0.5426523089408875,0.010633868165314198,0.7393414378166199,0.06953159719705582
8152,0.7448809533333334,0.6335301200548807,0.04941061759988467,0.5841195024549961,0.762158215045929,0.46668797731399536,0.671744167804718,0.09958364069461823,0.016735561192035675,0.03191265091300011
8296,0.7878446800000001,0.8103142579396566,0.04103626341869434,0.7692779945209622,0.6075094938278198,0.9538348913192749,0.869598388671875,0.0882064700126648,0.006949123926460743,0.027953196316957474
23722,0.7413596166666667,0.8790565530459086,0.04771847774585088,0.8313380753000577,0.9735713601112366,0.829699695110321,0.8338986039161682,0.006458170711994171,0.09948133677244186,0.03721592575311661
551,0.7170509333333334,0.7348770598570505,0.21410091601622602,0.5207761438408245,0.7762643694877625,0.9842379689216614,0.4441288411617279,0.12427066266536713,0.0008171910885721445,0.5172148942947388
22516,0.7352858233333333,0.5936640674869219,0.030378307138259213,0.5632857603486627,0.9139746427536011,0.8025336861610413,0.0644838735461235,0.002819481072947383,0.07122891396284103,0.01708652637898922
23993,0.7827964133333333,0.6963630318641663,0.03540553618222475,0.6609574956819415,0.6512786746025085,0.7876930236816406,0.6501173973083496,0.05602581426501274,0.03626973181962967,0.013921062462031841
11962,0.7804638033333333,0.851234495639801,0.012095899786800146,0.8391385958530009,0.6205757856369019,0.9823470115661621,0.9507806897163391,0.020262515172362328,0.004693575669080019,0.011331608518958092
17284,0.80308913,0.13227220127979913,0.8223497668902079,-0.6900775656104088,0.23449276387691498,0.08462925255298615,0.07769458740949631,0.6602251529693604,0.9018885493278503,0.9049355983734131
16909,0.7338418566666668,0.6644841829935709,0.014189678244292736,0.6502945047492782,0.11196130514144897,0.937886118888855,0.9436051249504089,0.005673076491802931,0.005844514351338148,0.03105144388973713
15635,0.7826180766666667,0.17197583305339018,0.7924676835536957,-0.6204918505003055,0.004137163981795311,0.44665101170539856,0.06513932347297668,0.9888800382614136,0.4857829511165619,0.9027400612831116
13515,0.76446522,0.5768528201927742,0.010814194101840258,0.5660386260909339,0.020908242091536522,0.9595441818237305,0.7501060366630554,0.010269783437252045,0.017712505534291267,0.004460293333977461
24636,0.7152266300000001,0.73074671626091,0.025086948939133435,0.7056597673217766,0.7700697779655457,0.42815712094306946,0.994013249874115,0.02307312749326229,0.05133621394634247,0.0008515053777955472
7044,0.7608442466666667,0.6645438695947329,0.06311764218844473,0.6014262274062881,0.07260746508836746,0.9242413640022278,0.9967827796936035,0.18253517150878906,0.0058501847088336945,0.0009675703477114439
18862,0.76152988,0.3895610570907593,0.09107405412942171,0.29848700296133757,0.07091964781284332,0.23928968608379364,0.8584738373756409,0.012965976260602474,0.19115133583545685,0.06910485029220581
20516,0.7573887999999999,0.49888455867767334,0.04488858332236608,0.4539959753553073,0.6464384198188782,0.37961387634277344,0.4706013798713684,0.015563298016786575,0.03700413182377815,0.08209832012653351
6606,0.7365385333333334,0.4224262585242589,0.08932056215902169,0.33310569636523724,0.16669082641601562,0.14882437884807587,0.9517635703086853,0.2627541720867157,0.004728216677904129,0.0004792977124452591
8124,0.7521678333333334,0.41043081134557724,0.03940418098742763,0.3710266303581496,0.6087599992752075,0.06427503377199173,0.5582574009895325,0.03891672194004059,0.07573449611663818,0.003561324905604124
1830,0.7304370566666667,0.7724173069000244,0.06903528577337663,0.7033820211266478,0.7268193960189819,0.7821279764175415,0.8083045482635498,0.1634472906589508,0.013043218292295933,0.030615348368883133
12731,0.7097561999999998,0.6451690196990967,0.1138015470157067,0.53136747268339,0.2885602116584778,0.7498569488525391,0.8970898985862732,0.3021133244037628,0.008594587445259094,0.030696729198098183
14022,0.72685846,0.9874690572420756,0.0042968961837080615,0.9831721610583675,0.9908186793327332,0.9974868297576904,0.9741016626358032,0.0044472310692071915,0.0005264304927550256,0.007917026989161968
17641,0.7157672233333333,0.9349817832310995,0.01879995580141743,0.916181827429682,0.9433822631835938,0.9198707938194275,0.9416922926902771,0.0072028120048344135,0.033245544880628586,0.01595151051878929
12330,0.7697092666666667,0.5795787932972113,0.08432892337441444,0.49524986992279685,0.0477818138897419,0.8275780081748962,0.8633765578269958,0.08518029749393463,0.14388172328472137,0.023924749344587326
25642,0.7396037366666667,0.13997743651270866,0.015442907616185645,0.12453452889652301,0.18854394555091858,0.04580557718873024,0.18558278679847717,0.03680162504315376,0.001244753017090261,0.008282344788312912
7875,0.7963616333333334,0.6809302493929863,0.012116765496709073,0.6688134838962773,0.9385042190551758,0.1091642752289772,0.9951222538948059,0.0344531275331974,0.0014685274800285697,0.0004286414769012481
18083,0.7472969366666667,0.580828458070755,0.15245549380779266,0.42837296426296234,0.6330103278160095,0.33150216937065125,0.7779728770256042,0.15035313367843628,0.26243194937705994,0.044581398367881775
16443,0.6658144133333334,0.5630585253238678,0.1916631485025088,0.37139537682135904,0.34332725405693054,0.5033919215202332,0.8424564003944397,0.11601542681455612,0.4459805488586426,0.012993469834327698
1739,0.76568968,0.6266302317380905,0.005502816832934816,0.6211274149051557,0.9576948285102844,0.07853014767169952,0.8436657190322876,0.0011213453253731132,0.001427136710844934,0.013959968462586403
11409,0.74262415,0.45240896940231323,0.10821658124526341,0.34419238815704983,0.16512411832809448,0.3019978404045105,0.8901049494743347,0.12734906375408173,0.1310342699289322,0.06626641005277634
5344,0.7265599433333333,0.6402783890565237,0.03260458982549608,0.6076737992310276,0.9268741607666016,0.5729480981826782,0.42101290822029114,0.008807184174656868,0.0012730557937175035,0.08773352950811386
14188,0.7716285433333333,0.3514673275252183,0.3293442266682784,0.022123100856939915,0.6586612462997437,0.3390049338340759,0.0567358024418354,0.047341953963041306,0.05665341019630432,0.8840373158454895
13995,0.7724093999999999,0.6265547474225363,0.007828245327497521,0.6187265020950388,0.623064398765564,0.27176111936569214,0.9848387241363525,0.007782186847180128,0.015035170130431652,0.0006673790048807859
17047,0.7616033,0.6696849490205447,0.013225191893676916,0.6564597571268678,0.09810525923967361,0.9368550777435303,0.9740945100784302,0.026637764647603035,0.010906987823545933,0.0021308232098817825
7588,0.7664020333333333,0.06453868203486006,0.03687221836298704,0.027666463671873018,0.006739618722349405,0.12741921842098236,0.0594572089612484,0.008519676513969898,0.08438361436128616,0.017713364213705063
12934,0.8119043333333332,0.9454159339269003,0.006852921486521761,0.9385630124403785,0.9433067440986633,0.9865105748176575,0.9064304828643799,0.007666740566492081,0.0011195468250662088,0.011772477068006992
6610,0.7820783666666666,0.17960315818587938,0.3544992332657178,-0.17489607507983843,0.2836502194404602,0.048943471163511276,0.2062157839536667,0.43463194370269775,0.023946501314640045,0.6049192547798157
20376,0.7576248666666667,0.6978253871202469,0.004575720541955282,0.6932496665782916,0.12734870612621307,0.9706493616104126,0.995478093624115,0.009153319522738457,0.003785167820751667,0.0007886742823757231
18708,0.7611343700000001,0.5909445782502493,0.02897680673049763,0.5619677715197516,0.7833003401756287,0.6953916549682617,0.2941417396068573,0.06952185928821564,0.0008142198785208166,0.01659434102475643
4829,0.7181878866666667,0.1746930656954646,0.32618671531478566,-0.15149364961932105,0.0667218491435051,0.45178696513175964,0.005570382811129093,0.8518474698066711,0.040255311876535416,0.08645736426115036
19347,0.7442470133333333,0.9039335052172343,0.044531987980008125,0.8594015172372261,0.9191499352455139,0.849214494228363,0.9434360861778259,0.048145633190870285,0.07715947180986404,0.008290858939290047
17567,0.7080701500000001,0.13340579982226095,0.08455021207919344,0.0488555877430675,0.3550485372543335,0.005695060361176729,0.03947380185127258,0.2507894039154053,0.0003334403154440224,0.0025277920067310333
8290,0.6917924333333333,0.8437667489051819,0.03242304393400749,0.8113437049711744,0.6645269393920898,0.9138898849487305,0.9528834223747253,0.06841813027858734,0.01740526221692562,0.011445739306509495
14742,0.7219979133333334,0.7891653577486674,0.01954128275004526,0.7696240749986221,0.9824720621109009,0.5516873002052307,0.8333367109298706,0.0010151860769838095,0.04783075675368309,0.00977790541946888
19835,0.7895126466666667,0.31950826197862625,0.025637895179291565,0.2938703667993347,0.0171751007437706,0.24779438972473145,0.6935552954673767,0.007741422392427921,0.040768589824438095,0.028403673321008682
20973,0.7289712333333332,0.7293427387873331,0.018137578542033832,0.7112051602452993,0.6310219764709473,0.5988410115242004,0.9581652283668518,0.017761411145329475,0.017527062445878983,0.019124262034893036
23508,0.7229593966666666,0.5656938900550207,0.0792086402264734,0.4864852498285473,0.16731379926204681,0.9750294089317322,0.554738461971283,0.17094731330871582,0.001196430530399084,0.06548217684030533
22995,0.7218413133333333,0.557641789317131,0.016021850053220987,0.54161993926391,0.141184464097023,0.5722450017929077,0.9594959020614624,0.03134141489863396,0.01234967540949583,0.0043744598515331745
2718,0.7508392333333332,0.5313401687890291,0.027448975946754217,0.5038911928422749,0.9506052136421204,0.617124080657959,0.02629121206700802,0.008754771202802658,0.06737179309129715,0.006220363546162844
7482,0.7248825433333334,0.6050108224153519,0.2792887693891923,0.3257220530261596,0.15228061378002167,0.8496392369270325,0.8131126165390015,0.7978933453559875,0.011931559070944786,0.028041403740644455
11923,0.7553528799999999,0.6201993326346079,0.25114835736652213,0.3690509752680858,0.9911661744117737,0.7192566394805908,0.15017518401145935,0.000714985653758049,0.007744386792182922,0.7449856996536255
24906,0.7449184799999999,0.8049608568350474,0.03626474024107059,0.7686961165939767,0.9506820440292358,0.4824123680591583,0.981788158416748,0.009616012685000896,0.0935198962688446,0.005658311769366264
19870,0.7458998499999999,0.8861811359723409,0.018034577292079728,0.8681465586802612,0.8991684913635254,0.7891824841499329,0.9701924324035645,0.045118074864149094,0.005749555304646492,0.003236101707443595
19958,0.7662055366666666,0.2653491273522377,0.19775496671597162,0.06759416063626608,0.12445235997438431,0.5834667682647705,0.08812825381755829,0.10117905586957932,0.08538004755973816,0.4067057967185974
21651,0.7781858866666665,0.7905755837758383,0.05040520813781768,0.7401703756380206,0.7158087491989136,0.7359338402748108,0.9199841618537903,0.14542537927627563,0.0016609508311375976,0.00412929430603981
20446,0.7228243633333333,0.7004509270191193,0.15697448211722076,0.5434764449018985,0.4743288457393646,0.648858368396759,0.9781655669212341,0.3260011374950409,0.1425352692604065,0.0023870395962148905
4807,0.6940456700000001,0.7265700697898865,0.11759711460520823,0.6089729551846782,0.6558817625045776,0.5705582499504089,0.9532701969146729,0.21293362975120544,0.1318640559911728,0.007993658073246479
11927,0.7320400133333332,0.31441664944092435,0.11592109811802705,0.1984955513228973,0.32675474882125854,0.5172621011734009,0.09923309832811356,0.23085682094097137,0.09456910938024521,0.02233736403286457
20483,0.7543939233333333,0.5235615074634552,0.0350836298118035,0.4884778776516517,0.9605082273483276,0.2659919261932373,0.34418436884880066,0.021055253222584724,0.04676732048392296,0.03742831572890282
2460,0.74849914,0.6293590565522512,0.12079835807283719,0.508560698479414,0.848569393157959,0.4026801288127899,0.6368276476860046,0.05510149523615837,0.031663790345191956,0.27562978863716125
16583,0.7592809099999999,0.8850660721460978,0.04603528852264086,0.839030783623457,0.8106005191802979,0.9174909591674805,0.9271067380905151,0.06653814017772675,0.031150497496128082,0.040417227894067764
14996,0.7826136333333333,0.46177440136671066,0.10459842975251377,0.3571759716141969,0.7364710569381714,0.5886455178260803,0.06020662933588028,0.21141502261161804,0.10070537030696869,0.001674896338954568
19705,0.76116755,0.6980121582746506,0.04536218545399606,0.6526499728206545,0.143828347325325,0.9675922989845276,0.9826158285140991,0.1271762102842331,0.006622254382818937,0.0022880916949361563
22556,0.7144103199999999,0.6565587818622589,0.07069862013061841,0.5858601617316405,0.9278295636177063,0.5579369068145752,0.48390987515449524,0.007659701630473137,0.18761691451072693,0.016819244250655174
6830,0.7699347866666667,0.3725796391566594,0.1058419682085514,0.266737670948108,0.41637277603149414,0.19495101273059845,0.5064151287078857,0.1090424433350563,0.16707643866539001,0.0414070226252079
8059,0.7425679666666666,0.6495673134922981,0.20864273413705328,0.44092457935524487,0.11759760230779648,0.8803566098213196,0.9507477283477783,0.6113723516464233,0.003487122943624854,0.011068727821111679
1334,0.7041551066666667,0.39741235971450806,0.3527973781650265,0.04461498154948157,0.9481267333030701,0.2261245995759964,0.017985746264457703,0.012123105116188526,0.09449318051338196,0.951775848865509
21276,0.7069018466666667,0.9469755093256632,0.004572311610293885,0.9424031977153693,0.9506820440292358,0.9699090719223022,0.9203354120254517,0.009616012685000896,0.0011716961162164807,0.002929226029664278
13428,0.7519833333333333,0.8368420600891113,0.004953104100422934,0.8318889559886884,0.9970874190330505,0.5222888588905334,0.99114990234375,0.0002816650958266109,0.013177796266973019,0.0013998509384691715
3450,0.7449693866666666,0.32046614587306976,0.12658240894476572,0.19388373692830405,0.34713155031204224,0.22779642045497894,0.3864704668521881,0.16285623610019684,0.04472455382347107,0.17216643691062927
16065,0.7309252033333333,0.46036005516846973,0.010027294978499413,0.4503327601899703,0.5229544043540955,0.6949564814567566,0.1631692796945572,0.011920317076146603,0.016471995040774345,0.0016895728185772896
21463,0.7766006766666668,0.06348800100386143,0.016140104038640857,0.04734789696522057,0.023316161707043648,0.11459780484437943,0.05255003646016121,0.002530567580834031,0.008333927020430565,0.037555817514657974
19967,0.7215281233333334,0.59214415649573,0.013981259505574902,0.5781628969901551,0.8139628171920776,0.9261639714241028,0.03630568087100983,0.028512772172689438,0.01202877052128315,0.0014022358227521181
20665,0.73604171,0.6468551556269327,0.020889002674569685,0.625966152952363,0.2601822018623352,0.9868055582046509,0.6935777068138123,0.03807307034730911,0.0028153820894658566,0.02177855558693409
6888,0.8046574866666667,0.4863242010275523,0.12692488729953766,0.35939931372801465,0.4317616820335388,0.5774601101875305,0.4497508108615875,0.3134253919124603,0.04086204990744591,0.02648722007870674
6520,0.74550072,0.30928682287534076,0.46235212683677673,-0.15306530396143597,0.1292003095149994,0.1796097755432129,0.6190503835678101,0.7039282917976379,0.5663567185401917,0.11677137017250061
11257,0.75906482,0.469416543841362,0.03255033011858662,0.4368662137227754,0.2587248384952545,0.968666672706604,0.18085812032222748,0.08477853983640671,0.004280396271497011,0.00859205424785614
6586,0.7461237900000001,0.7256667216618856,0.09767764403174321,0.6279890776301424,0.30405372381210327,0.9237536787986755,0.9491927623748779,0.2535507082939148,0.013384140096604824,0.026098083704710007
24997,0.7305080766666666,0.39921340843041736,0.1253233766183257,0.27389003181209165,0.16772417724132538,0.07854485511779785,0.9513711929321289,0.3460010588169098,0.0012401500716805458,0.028728920966386795
6293,0.7065568833333332,0.9672793547312418,0.009732073405757546,0.9575472813254843,0.9447317719459534,0.9652849435806274,0.9918213486671448,0.007678322959691286,0.020508939400315285,0.0010089578572660685
2703,0.76445951,0.6066521070897579,0.07737333932891488,0.529278767760843,0.8366236090660095,0.045864421874284744,0.9374682903289795,0.02373318560421467,0.20226456224918365,0.006122270133346319
4193,0.7799678833333333,0.7303831179936727,0.1351284341265758,0.5952546838670969,0.5760722160339355,0.665427029132843,0.9496501088142395,0.25364115834236145,0.141677588224411,0.010066555812954903
15569,0.7688507566666667,0.6477625370025635,0.10714780228833358,0.5406147347142299,0.435701847076416,0.7272248864173889,0.7803608775138855,0.2849043309688568,0.020469238981604576,0.016069836914539337
26001,0.7575782699999999,0.9778443177541097,0.009493730098862821,0.968350587655247,0.9681928753852844,0.9704360365867615,0.9949040412902832,0.015406759455800056,0.012603763490915298,0.00047066734987311065
13993,0.7418490233333332,0.6243178844451904,0.05666289354364077,0.5676549909015497,0.5709372758865356,0.3989543914794922,0.9030619859695435,0.14211753010749817,0.018298441544175148,0.009572708979249
23066,0.77253192,0.4717649295926094,0.09156834209958713,0.38019658749302226,0.06263928860425949,0.9346526265144348,0.4180028736591339,0.08937683701515198,0.01808101311326027,0.16724717617034912
23628,0.7894063400000001,0.771819144487381,0.0235800522690018,0.7482390922183791,0.8937118053436279,0.46040645241737366,0.9613391757011414,0.00862580630928278,0.027975481003522873,0.03413886949419975
23992,0.7134658500000001,0.38696532758573693,0.43407039049391943,-0.047105062908182505,0.024610215798020363,0.19128887355327606,0.9449968934059143,0.9528062343597412,0.34351611137390137,0.005888825748115778
10491,0.7412054333333334,0.6750815808773041,0.12817887666945657,0.5469027042078475,0.9188132882118225,0.27357587218284607,0.8328555822372437,0.005636891815811396,0.3573877513408661,0.0215119868516922
20460,0.73416528,0.8767390648523966,0.003138473490253091,0.8736005913621435,0.9745376706123352,0.9678559899330139,0.6878235340118408,0.002453678287565708,0.0023990750778466463,0.004562667105346918
15435,0.7389748733333333,0.6022380193074545,0.26091144730647403,0.34132657200098043,0.5549184083938599,0.28660786151885986,0.9651877880096436,0.14030535519123077,0.6265825033187866,0.015846483409404755
7489,0.7521466633333334,0.34825464400152367,0.2545645733674367,0.09369007063408696,0.028349945321679115,0.4051188826560974,0.6112951040267944,0.5967510938644409,0.09754876047372818,0.06939386576414108
13556,0.7064160700000001,0.8590945601463318,0.0630839029327035,0.7960106572136283,0.9503229260444641,0.7205826640129089,0.9063780903816223,0.008889998309314251,0.12719039618968964,0.0531713142991066
15316,0.7989277333333334,0.8944653868675232,0.029284004122018814,0.8651813827455044,0.84232097864151,0.9408724308013916,0.900202751159668,0.022800585255026817,0.01952718384563923,0.045524243265390396
11926,0.7276974800000001,0.8347018957138062,0.03794218603676806,0.7967597096770381,0.6433837413787842,0.9850879311561584,0.8756340146064758,0.030565327033400536,0.0018145834328606725,0.08144664764404297
16664,0.7660760466666666,0.9748555819193522,0.0018903749296441674,0.972965206989708,0.9409562349319458,0.9911114573478699,0.992499053478241,0.002369127469137311,0.0016111561562865973,0.001690841163508594
10617,0.7059197633333333,0.6450327634811401,0.2834276771172881,0.361605086363852,0.33714717626571655,0.9612782597541809,0.636672854423523,0.6323391199111938,0.010031838901340961,0.20791207253932953
20914,0.78278788,0.8249061107635498,0.006081054976675659,0.8188250557868741,0.5051953792572021,0.9824528694152832,0.9870700836181641,0.01649521477520466,0.00030960823642089963,0.0014383419184014201
15165,0.7580238333333332,0.7890461087226868,0.01389577678249528,0.7751503319401915,0.9146197438240051,0.827601432800293,0.6249171495437622,0.023623889312148094,0.01613566093146801,0.0019277801038697362
18260,0.7353903,0.7191271384557089,0.2030620340956375,0.5160651043600714,0.21707665920257568,0.9449037313461304,0.9954010248184204,0.5797937512397766,0.027440514415502548,0.0019518366316333413
2199,0.73003793,0.8810539245605469,0.01398052655470868,0.8670733980058382,0.7081012725830078,0.9407030940055847,0.9943574070930481,0.034437622874975204,0.005862068850547075,0.0016418879386037588
23072,0.7281753133333334,0.8577883044878641,0.06853879429399967,0.7892495101938645,0.7330671548843384,0.9748902320861816,0.8654075264930725,0.17445912957191467,0.008978428319096565,0.022178824990987778
8182,0.7427096433333333,0.2865560321758191,0.03210719954222441,0.2544488326335947,0.09215407818555832,0.7386810779571533,0.028832940384745598,0.04706770181655884,0.04039137810468674,0.008862518705427647
17094,0.7315807333333334,0.6450125972429911,0.16865392572556934,0.47635867151742173,0.3419160842895508,0.6046228408813477,0.988498866558075,0.3101044297218323,0.19324907660484314,0.002608270850032568
6599,0.7239023699999999,0.27799371847261983,0.05900972057133913,0.2189839979012807,0.09185167402029037,0.7339877486228943,0.008141732774674892,0.14506854116916656,0.026321006938815117,0.005639613606035709
3913,0.7902346833333334,0.6862820982933044,0.1867702721307675,0.499511826162537,0.8915234208106995,0.3404446244239807,0.8268782496452332,0.01793370023369789,0.5162092447280884,0.026167871430516243
13911,0.77315722,0.3644632200400035,0.22172410041093826,0.14273911962906521,0.5542433857917786,0.21289175748825073,0.3262545168399811,0.12270602583885193,0.4723210036754608,0.07014527171850204
13834,0.7222836433333333,0.636835603043437,0.33711315889377147,0.29972244414966553,0.0011500958353281021,0.9417136311531067,0.9676430821418762,0.9977176189422607,0.01194740179926157,0.0016744559397920966
15285,0.7449450666666667,0.666763444741567,0.19743927071491876,0.4693241740266483,0.4416857361793518,0.8246399760246277,0.7339646220207214,0.5265676975250244,0.03247829154133797,0.033271823078393936
7822,0.6894552266666666,0.24726591414461532,0.17043264722451568,0.07683326692009965,0.006500721909105778,0.7262579798698425,0.00903904065489769,0.005827209446579218,0.015796372666954994,0.4896743595600128
24383,0.7567679533333332,0.8197816610336304,0.08932335302233696,0.7304583080112934,0.9385250210762024,0.8741509914398193,0.6466689705848694,0.033133987337350845,0.01135323941707611,0.22348283231258392
5528,0.76716335,0.31461374609110254,0.3608358496179183,-0.04622210352681577,0.0019083514343947172,0.47671642899513245,0.4652164578437805,0.9885504841804504,0.011841489002108574,0.08211557567119598
12135,0.7532119,0.5017381012439728,0.10411394263307254,0.3976241586109002,0.15374231338500977,0.40388259291648865,0.9475893974304199,0.2794809639453888,0.022084461525082588,0.010776402428746223
24068,0.7404196000000001,0.42238754282395047,0.3106024002966781,0.11178514252727234,0.08203709870576859,0.9330623149871826,0.25206321477890015,0.9139867424964905,0.004973366390913725,0.012847092002630234
25361,0.7236814000000001,0.6715817426641782,0.010179052827879786,0.6614026898362985,0.9184904098510742,0.10715781897306442,0.989096999168396,0.0031118937768042088,0.02407415211200714,0.0033511125948280096
16121,0.7970761633333333,0.6781373421351115,0.0823038478071491,0.5958334943279624,0.4563889503479004,0.870641827583313,0.7073812484741211,0.1206950694322586,0.013854439370334148,0.11236203461885452
15010,0.6971734700000001,0.9466348687807719,0.027720450578878324,0.9189144182018936,0.9312178492546082,0.9870414733886719,0.9216452836990356,0.022419491782784462,0.005823488812893629,0.05491837114095688
12274,0.7733622466666666,0.726143459479014,0.012838356817762056,0.713305102661252,0.2844976782798767,0.9383722543716431,0.9555604457855225,0.014109081588685513,0.012282914482057095,0.012123074382543564
10811,0.7344913633333334,0.7538202603658041,0.0066512088136126595,0.7471690515521914,0.951560378074646,0.3527767062187195,0.9571236968040466,0.008232610300183296,0.008427164517343044,0.003293851623311639
23466,0.7584357033333333,0.5824034214019775,0.02395810668046276,0.5584453147215148,0.6517515778541565,0.13703513145446777,0.9584235548973083,0.05476772040128708,0.01528509147465229,0.001821508165448904
17324,0.7441688000000001,0.6758845547835032,0.019462264453371365,0.6564222903301318,0.8069329857826233,0.449572890996933,0.7711477875709534,0.015980441123247147,0.020700812339782715,0.021705539897084236
24607,0.7459842333333334,0.463364589959383,0.403204878171285,0.060159711788098036,0.02401929721236229,0.964648425579071,0.4014260470867157,0.9226915836334229,0.02081817388534546,0.26610487699508667
15773,0.7112080333333334,0.5251931138336658,0.2605405005936821,0.26465261323998374,0.8403448462486267,0.039270516484975815,0.695963978767395,0.020711464807391167,0.758552074432373,0.002357962541282177
16230,0.765695,0.6994929909706116,0.02304135010732959,0.676451640863282,0.27280640602111816,0.8433290123939514,0.9823435544967651,0.06505081057548523,0.003089416306465864,0.0009838234400376678
14927,0.7744694166666667,0.5599859158198038,0.1861561629921198,0.37382975282768405,0.26137083768844604,0.4628961682319641,0.9556907415390015,0.4507271349430084,0.09367642551660538,0.014064928516745567
19561,0.759135,0.4075574978099515,0.3990659713745117,0.008491526435439767,0.0027754020411521196,0.7852360010147095,0.4346610903739929,0.9958613514900208,0.12279491126537323,0.07854165136814117
6458,0.7699352666666667,0.6224462886651357,0.015039242338389158,0.6074070463267466,0.8951869606971741,0.4545007646083832,0.5176511406898499,0.008506091311573982,0.00576619291678071,0.030845442786812782
1562,0.77767658,0.570139100154241,0.03581925268129756,0.5343198474729434,0.586669921875,0.1316862404346466,0.9920611381530762,0.06844460964202881,0.037655118852853775,0.001358029549010098
11933,0.75726605,0.6840672592322031,0.007370158641909559,0.6766971005902935,0.9001795053482056,0.4099392592906952,0.7420830130577087,0.012840370647609234,0.002849829150363803,0.006420276127755642
19072,0.6937366466666667,0.5985160668691,0.12217822391539812,0.47633784295370185,0.6057584881782532,0.39701586961746216,0.7927738428115845,0.009197956882417202,0.2098264992237091,0.14751021564006805
20350,0.7528982900000001,0.7096131046613058,0.024335549018966656,0.6852775556423392,0.2576150894165039,0.8845171928405762,0.9867070317268372,0.054316382855176926,0.01711113564670086,0.00157912855502218
6783,0.7002885000000001,0.9598561326662699,0.010621069930493832,0.9492350627357761,0.9705779552459717,0.9399858117103577,0.9690046310424805,0.010050065815448761,0.020605381578207016,0.001207762397825718
26259,0.7244041166666667,0.8604973157246908,0.058838740922510624,0.8016585748021802,0.759491503238678,0.9304728507995605,0.8915275931358337,0.15919806063175201,0.006269476376473904,0.011048685759305954
10888,0.7653002466666666,0.5475946515798569,0.2636791147912542,0.28391553678860265,0.5476455092430115,0.20812095701694489,0.8870174884796143,0.13578827679157257,0.6524258852005005,0.0028231823816895485
19972,0.7760577133333334,0.5301347772280375,0.04696414999974271,0.4831706272282948,0.6692125201225281,0.8979872465133667,0.023204565048217773,0.09792742878198624,0.039454806596040726,0.0035102146212011576
13229,0.7666364233333333,0.83956245581309,0.051676226469377674,0.7878862293437123,0.9470198154449463,0.8325388431549072,0.7391287088394165,0.012493331916630268,0.08373063057661057,0.0588047169148922
24819,0.7352892799999999,0.53317791223526,0.041253071278333664,0.49192484095692635,0.18566590547561646,0.9042059779167175,0.509661853313446,0.024980347603559494,0.018766194581985474,0.08001267164945602
7893,0.7361812600000001,0.37125271558761597,0.4064812446013093,-0.03522852901369333,0.13415831327438354,0.08885538578033447,0.8907444477081299,0.3310736417770386,0.8766191601753235,0.011750931851565838
16758,0.68566523,0.94088214635849,0.004676738133033116,0.9362054082254568,0.8763181567192078,0.9602562785148621,0.9860720038414001,0.007945487275719643,0.005709892604500055,0.000374834518879652
13874,0.7472223433333333,0.4285791739821434,0.07374123856425285,0.35483793541789055,0.030493147671222687,0.745994508266449,0.5092498660087585,0.050078701227903366,0.034349702298641205,0.136795312166214
19730,0.7429390666666666,0.6457631289958954,0.04212141347428163,0.6036417155216137,0.329804927110672,0.7215375304222107,0.8859469294548035,0.06713493168354034,0.02567317895591259,0.03355612978339195
10866,0.8023095166666666,0.6195013225078583,0.26320962561294436,0.3562916968949139,0.11605766415596008,0.8008808493614197,0.9415654540061951,0.6704796552658081,0.11270509660243988,0.006444124970585108
21223,0.7805960433333333,0.41650887330373126,0.09429087365667026,0.322217999647061,0.2536620795726776,0.7396264672279358,0.25623807311058044,0.06084128096699715,0.05233721435070038,0.16969412565231323
14317,0.8008044766666668,0.6952741146087646,0.075169344432652,0.6201047701761127,0.547353208065033,0.9573549032211304,0.5811142325401306,0.08660385757684708,0.009240067563951015,0.1296641081571579
10531,0.7527574666666667,0.5280231659611067,0.1945103406906128,0.33351282527049386,0.6180533170700073,0.09964723140001297,0.8663689494132996,0.06934365630149841,0.4413850009441376,0.07280236482620239
22014,0.8038033233333333,0.9375569820404053,0.035905430714289345,0.901651551326116,0.908086895942688,0.9236674904823303,0.9809165596961975,0.06179608777165413,0.03637847304344177,0.00954173132777214
20522,0.7461791400000001,0.9709304968516032,0.001651860133279115,0.969278636718324,0.9484862685203552,0.9851889610290527,0.9791162610054016,0.0008514983928762376,0.0010836482979357243,0.003020433709025383
20637,0.72778639,0.943073550860087,0.014903062488883734,0.9281704883712033,0.9809344410896301,0.901354968547821,0.9469312429428101,0.0009228908456861973,0.03232284262776375,0.011463453993201256
8157,0.7355101566666667,0.6127583483854929,0.03865847581376632,0.5740998725717266,0.7167861461639404,0.8786869049072266,0.2428019940853119,0.09513019025325775,0.008614343591034412,0.012230893597006798
19521,0.73100078,0.5936583628257116,0.034624091194321714,0.5590342716313899,0.19104008376598358,0.7203612923622131,0.869573712348938,0.0392313189804554,0.007286351639777422,0.057354602962732315
19931,0.7615574333333334,0.5871284961079558,0.05948719506462415,0.5276413010433316,0.7718778848648071,0.9742659330368042,0.015241670422255993,0.1147293969988823,0.0073232874274253845,0.056408900767564774
13077,0.7695020933333333,0.7813225388526917,0.12817296758294106,0.6531495712697506,0.935016930103302,0.5145584344863892,0.8943922519683838,0.008611207827925682,0.36274489760398865,0.013162797316908836
10965,0.7210330666666667,0.7017149726549784,0.015061392836893598,0.6866535798180848,0.9396296143531799,0.18145829439163208,0.9840570092201233,0.0010017373133450747,0.03969600424170494,0.004486436955630779
23040,0.70701812,0.2813893569012483,0.2433427795767784,0.038046577324469866,0.016367901116609573,0.6361495852470398,0.19165058434009552,0.4155891239643097,0.240044504404068,0.07439471036195755
18739,0.7813929066666666,0.7414002617200216,0.12699449489203593,0.6144057668279856,0.6318206191062927,0.6092528104782104,0.9831273555755615,0.04167309030890465,0.3364613354206085,0.002849058946594596
20538,0.6903915333333334,0.7282388905684153,0.16169399046339095,0.5665449001050243,0.2534908950328827,0.9525976181030273,0.9786281585693359,0.4626128077507019,0.02121068723499775,0.0012584764044731855
15118,0.77405208,0.017679020141561825,0.9619656602541605,-0.9442866401125987,0.014488684013485909,0.0140023622661829,0.02454601414501667,0.9692212343215942,0.9589016437530518,0.9577741026878357
19638,0.7342312266666666,0.3957829922437668,0.00926202036983644,0.38652097187393036,0.14600910246372223,0.09879052639007568,0.9425493478775024,0.000534883642103523,0.005084541626274586,0.02216663584113121
19566,0.7896624700000001,0.7034800151983897,0.10055393492802978,0.6029260802703599,0.17827537655830383,0.9851076006889343,0.9470570683479309,0.2832188904285431,0.004285558592528105,0.014157355763018131
24675,0.7412421166666666,0.9119236071904501,0.034241198018814124,0.877682409171636,0.9749106764793396,0.765785813331604,0.9950743317604065,0.020713452249765396,0.08134628087282181,0.000663860933855176
25626,0.6943331833333333,0.019520405990382034,0.00416997247763599,0.015350433512746044,0.02722855471074581,0.023992519825696945,0.00734014343470335,0.005403672344982624,0.0063325995579361916,0.0007736455299891531
6260,0.7033888566666667,0.5472032440205415,0.26516489312052727,0.2820383509000143,0.059786323457956314,0.9530867338180542,0.628736674785614,0.7059376835823059,0.031982045620679855,0.05757495015859604
23659,0.6765445266666666,0.08569901673278461,0.36015518630544346,-0.27445616957265884,0.0009533759439364076,0.1852971464395523,0.07084652781486511,0.9976264834403992,0.051154546439647675,0.03168452903628349
21871,0.7389731199999999,0.3418910788993041,0.31156760143737,0.03032347746193409,0.04124975576996803,0.08222731202840805,0.9021961688995361,0.9242847561836243,0.0056837573647499084,0.004734290763735771
26274,0.7263738266666667,0.9161921938260397,0.018109476969887812,0.8980827168561518,0.9622039794921875,0.9854359030723572,0.8009366989135742,0.011648344807326794,0.0005623302422463894,0.042117755860090256
13912,0.7294661466666666,0.7326817015806834,0.005661845440044999,0.7270198561406384,0.8504430651664734,0.3933028280735016,0.9542992115020752,0.007710881065577269,0.006981961894780397,0.0022926933597773314
12276,0.7423608333333332,0.855375607808431,0.0539492475024114,0.8014263603060197,0.9295308589935303,0.6440292596817017,0.992566704750061,0.019443104043602943,0.139826238155365,0.002578400308266282
820,0.7400279166666667,0.8884475628534952,0.004743771850674723,0.8837037910028205,0.7398449182510376,0.9372129440307617,0.9882848262786865,0.012338082306087017,0.001571900793351233,0.0003213324525859207
13910,0.6812984833333333,0.6118846734364828,0.13329607030997673,0.4785886031265061,0.6216374039649963,0.6039806604385376,0.6100359559059143,0.12336771935224533,0.2638595998287201,0.012660891748964787
1988,0.7275861,0.7552624543507894,0.03509900067001581,0.7201634536807736,0.9179613590240479,0.8545219898223877,0.4933040142059326,0.015671486034989357,0.0032297903671860695,0.08639572560787201
20885,0.7101016833333333,0.6786661843458811,0.012124627207716307,0.6665415571381648,0.9071316123008728,0.15848460793495178,0.9703823328018188,0.02533438615500927,0.004602478817105293,0.006437016651034355
24278,0.7309135999999999,0.9168182412783304,0.028108917797605198,0.8887093234807253,0.8567988276481628,0.9609907269477844,0.9326651692390442,0.07341820001602173,0.002964518964290619,0.007944034412503242
13339,0.7083651,0.7433799107869467,0.06004419488211473,0.6833357159048319,0.43669217824935913,0.8815275430679321,0.9119200110435486,0.16413888335227966,0.007053551264107227,0.008940150029957294
23061,0.7460320399999999,0.49894145379463833,0.052267445639396705,0.4466740081552416,0.03803998976945877,0.9822532534599304,0.47653111815452576,0.04033548757433891,0.00059666414745152,0.11587018519639969
12279,0.7663415466666667,0.9725011785825094,0.0036785888951271772,0.9688225896873822,0.9472561478614807,0.9855332970619202,0.9847140908241272,0.006585166323930025,0.0029930949676781893,0.0014575053937733173
1997,0.7508897666666666,0.757785419623057,0.078215405587495,0.679570014035562,0.9901886582374573,0.674431562423706,0.6087360382080078,0.0004758134309668094,0.05492989346385002,0.17924050986766815
12278,0.79254229,0.8212438623110453,0.009447266114875674,0.8117965961961696,0.8607936501502991,0.6767666935920715,0.9261712431907654,0.0030089912470430136,0.0035513457842171192,0.02178146131336689
1892,0.7407954666666665,0.6594976677248875,0.0036967013341685138,0.6558009663907189,0.9828426241874695,0.979686439037323,0.01596393994987011,0.002116627525538206,0.004905502777546644,0.0040679736994206905
8317,0.7326960266666668,0.8197683890660604,0.02689582606156667,0.7928725630044937,0.9063693881034851,0.8666523694992065,0.6862834095954895,0.015964770689606667,0.021866383031010628,0.04285632446408272
22560,0.7393234433333333,0.5178508758544922,0.06355652779651184,0.45429434805798036,0.7128702402114868,0.1632278561592102,0.6774545311927795,0.0035694960970431566,0.011064489372074604,0.17603559792041779
23139,0.7628556999999999,0.3361085851987203,0.6523341073965033,-0.31622552219778305,0.008505100384354591,0.013403957709670067,0.9864166975021362,0.9830559492111206,0.9695188999176025,0.004427473060786724
19356,0.7575928433333333,0.9269953370094299,0.015844276873394847,0.9111510601360351,0.9298268556594849,0.8718341588973999,0.979324996471405,0.04400121048092842,0.001581065822392702,0.0019505543168634176
16605,0.6722698233333334,0.8048336406548818,0.012049160373862833,0.792784480281019,0.4947846829891205,0.9962081909179688,0.9235080480575562,0.010430640541017056,0.000718622759450227,0.024998217821121216
19288,0.7226966200000001,0.6327179595828056,0.30708805735533434,0.3256299022274713,0.019664384424686432,0.9304116368293762,0.9480778574943542,0.89705890417099,0.021042929962277412,0.0031623379327356815
23666,0.7743087000000001,0.5427983949581782,0.0024086953878092268,0.540389699570369,0.5091222524642944,0.9960774779319763,0.12319545447826385,0.00506985979154706,0.0007769145886413753,0.0013793117832392454
12060,0.7588362333333333,0.6960227787494659,0.0030739834376921258,0.6929487953117738,0.18839117884635925,0.9795852899551392,0.9200918674468994,0.005961937364190817,0.0014274351997300982,0.0018325777491554618
6840,0.73283785,0.7856501936912537,0.02242983349909385,0.7632203601921598,0.5437430739402771,0.8280850648880005,0.9851224422454834,0.052181441336870193,0.010754947550594807,0.004353111609816551
21333,0.8042329633333334,0.1552113393942515,0.4916323870420456,-0.3364210476477941,0.2647986114025116,0.18754269182682037,0.013292714953422546,0.11590810120105743,0.43434983491897583,0.9246392250061035
6886,0.7973699166666667,0.5098110437393188,0.008931988151744008,0.5008790555875748,0.8996561169624329,0.2227899134159088,0.40698710083961487,0.002127904212102294,0.014637298882007599,0.010030761361122131
14775,0.7883073199999999,0.5675984223683676,0.14050391595810652,0.42709450641026103,0.9438852071762085,0.4472447633743286,0.31166529655456543,0.0067700231447815895,0.2723293602466583,0.14241236448287964
7535,0.7306612800000001,0.668034960826238,0.10366054992967595,0.564374410896562,0.37133607268333435,0.6386767625808716,0.9940920472145081,0.2858624756336212,0.024764185771346092,0.00035498838406056166
24175,0.6969643866666667,0.7820321321487427,0.04401073232293129,0.7380213998258114,0.7594289779663086,0.6166177988052368,0.9700496196746826,0.02171231061220169,0.10066009312868118,0.009659793227910995
21913,0.7285646199999999,0.445016473531723,0.05206968464578191,0.3929467888859411,0.1722976267337799,0.9525746703147888,0.21017712354660034,0.07781245559453964,0.006220924202352762,0.07217567414045334
14247,0.7622676133333334,0.7485720217227936,0.0715725760286053,0.6769994456941882,0.48331591486930847,0.7919206023216248,0.9704795479774475,0.16932879388332367,0.032179709523916245,0.013209224678575993
26150,0.7084787666666666,0.9524812897046407,0.012618257974584898,0.9398630317300558,0.9694544672966003,0.9032934308052063,0.9846959710121155,0.017756178975105286,0.014151172712445259,0.005947422236204147
7988,0.68634501,0.7439006964365641,0.07891584436098735,0.6649848520755768,0.675387978553772,0.6488451957702637,0.9074689149856567,0.09616529196500778,0.10427891463041306,0.0363033264875412
21125,0.7948688833333333,0.30032953992486,0.027918544908364613,0.2724109950164954,0.5037207007408142,0.3810121417045593,0.016255777329206467,0.05520670861005783,0.019571634009480476,0.008977292105555534
7999,0.7226577866666667,0.6983649333318075,0.182719388200591,0.5156455451312165,0.2518060803413391,0.9911148548126221,0.8521738648414612,0.54146808385849,0.003519100835546851,0.003170979907736182
6084,0.7199483799999999,0.3587826242049535,0.309415720247974,0.04936690395697951,0.2902644872665405,0.5740358233451843,0.21204756200313568,0.6499820947647095,0.005990601610392332,0.2722744643688202
12776,0.7249124466666667,0.6107575297355652,0.010087464470416307,0.6006700652651489,0.6760766506195068,0.9608067870140076,0.19538915157318115,0.013181397691369057,0.003575208131223917,0.013505787588655949
20038,0.7395684133333335,0.554820861046513,0.3029109879086415,0.25190987313787144,0.023654596880078316,0.7048686742782593,0.9359393119812012,0.9016104340553284,0.0035850105341523886,0.003537519136443734
18322,0.7154530066666666,0.5369053979714712,0.09790447105964024,0.43900092691183096,0.46674349904060364,0.7998405694961548,0.34413212537765503,0.0870160311460495,0.07556834071874619,0.13112904131412506
18742,0.79130518,0.18685479710499445,0.04364315855006377,0.1432116385549307,0.1394968330860138,0.37814611196517944,0.04292144626379013,0.10047579556703568,0.012838752940297127,0.017614927142858505
14010,0.7544209666666667,0.769736667474111,0.18896463109801212,0.5807720363760989,0.4204326868057251,0.9332003593444824,0.9555769562721252,0.5419591069221497,0.022292379289865494,0.0026424070820212364
7626,0.72494594,0.5579883207877477,0.05740565372010072,0.500582667067647,0.21044288575649261,0.7330855131149292,0.7304365634918213,0.08661897480487823,0.024695901200175285,0.06090208515524864
23367,0.7079058500000001,0.308489387234052,0.6319026835262775,-0.32341329629222554,0.07784410566091537,0.038842491805553436,0.8087815642356873,0.9066770672798157,0.9484483003616333,0.04058268293738365
16920,0.70611888,0.4276377111673355,0.05474187030146519,0.3728958408658703,0.15504558384418488,0.13289615511894226,0.9949713945388794,0.14736872911453247,0.014780059456825256,0.0020768223330378532
4679,0.7291541633333334,0.5843137043217818,0.05433533154428005,0.5299783727775017,0.03280065581202507,0.887886643409729,0.8322538137435913,0.008623672649264336,0.05879167839884758,0.09559064358472824
22111,0.75906642,0.2533529574672381,0.10903357962767284,0.14431937783956528,0.4120620787143707,0.060226909816265106,0.2877698838710785,0.2997097969055176,0.008186724036931992,0.019204217940568924
21367,0.7761140466666667,0.7281822562217712,0.13695369412501654,0.5912285620967547,0.7079339623451233,0.9336367845535278,0.5429760217666626,0.03840886428952217,0.03563978150486946,0.33681243658065796
23293,0.7631117766666667,0.8499376773834229,0.01434221506739656,0.8355954623160263,0.8088070154190063,0.7678577899932861,0.9731482267379761,0.02330540493130684,0.014285278506577015,0.00543596176430583
6223,0.7232244533333333,0.9629730184872946,0.010049449590345224,0.9529235688969493,0.9690548777580261,0.9340216517448425,0.9858425259590149,0.01219860091805458,0.010539442300796509,0.007410305552184582
21349,0.7771490666666666,0.7799120545387268,0.10460208356380463,0.6753099709749222,0.7564774751663208,0.9252802133560181,0.6579784750938416,0.18286550045013428,0.02352871745824814,0.10741203278303146
2362,0.7109837666666667,0.6066164622704188,0.056956298649311066,0.5496601636211077,0.2187986522912979,0.9306697845458984,0.6703809499740601,0.00851694867014885,0.019619610160589218,0.14273233711719513
16617,0.6918493666666666,0.6651651958624522,0.022735298921664555,0.6424298969407876,0.8943515419960022,0.749955952167511,0.3511880934238434,0.015876641497015953,0.03943689912557602,0.012892356142401695
2238,0.7192654766666667,0.7384580175081888,0.19532802384734774,0.5431299936608411,0.9160665273666382,0.988509476184845,0.3107980489730835,0.007329915650188923,0.00027065054746344686,0.5783835053443909
18163,0.7426420666666668,0.4322170466184616,0.10568992265810569,0.32652712396035594,0.1272698938846588,0.23798780143260956,0.9313934445381165,0.29562249779701233,0.01157423947006464,0.009873030707240105
17032,0.73692838,0.3806288366516431,0.19900990836322308,0.18161892828842002,0.06069949269294739,0.9927585124969482,0.08842850476503372,0.5872594118118286,0.0004999423399567604,0.009270370937883854
15566,0.7094811866666667,0.13181565515697002,0.20002142588297525,-0.06820577072600523,0.28880807757377625,0.08967846632003784,0.016960421577095985,0.3647312819957733,0.20769576728343964,0.02763722836971283
8331,0.7520887466666667,0.761855830748876,0.1842635783056418,0.5775922524432342,0.4735269248485565,0.9010950326919556,0.9109455347061157,0.41788604855537415,0.05805687978863716,0.07684780657291412
17635,0.7648417566666668,0.5707812954982122,0.0962440986186266,0.4745371968795856,0.13439889252185822,0.793125331401825,0.7848196625709534,0.19364887475967407,0.013646474108099937,0.08143694698810577
18077,0.7396434033333333,0.8202432791392008,0.005563797118763129,0.8146794820204377,0.9217017889022827,0.9547229409217834,0.5843051075935364,0.010080437175929546,0.005250357557088137,0.0013605966232717037
6163,0.7200196233333332,0.9154827992121378,0.021830408989141386,0.8936523902229965,0.8338947892189026,0.9448561668395996,0.9676974415779114,0.05543270707130432,0.001420533750206232,0.008637986145913601
24413,0.7204343333333333,0.9866590698560079,0.0021083316144843898,0.9845507382415235,0.9905545115470886,0.9717063903808594,0.9977163076400757,0.0011067080777138472,0.004715847782790661,0.0005024389829486609
19806,0.7280004433333334,0.4970916509628296,0.15012408148807785,0.3469675694747517,0.22724083065986633,0.3088293969631195,0.9552047252655029,0.19361162185668945,0.25416019558906555,0.0026004270184785128
20269,0.7527694033333333,0.5504929001132647,0.048481675485769905,0.5020112246274948,0.688457190990448,0.8457987904548645,0.11722271889448166,0.06504492461681366,0.05119255185127258,0.02920754998922348
6247,0.72727634,0.9315745234489441,0.008273072463149825,0.9233014509857943,0.9022634029388428,0.9889890551567078,0.9034711122512817,0.0030095225665718317,0.003917419817298651,0.017892275005578995
11343,0.7218207,0.3770777507064243,0.46136165796391043,-0.08428390725748613,0.1390852928161621,0.004361547064036131,0.9877864122390747,0.3885536193847656,0.9947728514671326,0.0007585030398331583
18958,0.7504684733333332,0.8845188220342001,0.011010836033771435,0.8735079860004287,0.8972082138061523,0.7675768733024597,0.988771378993988,0.018189609050750732,0.00729353679344058,0.0075493622571229935
12660,0.7731601033333334,0.566686445226272,0.3149514688799779,0.2517349763462941,0.053490739315748215,0.7249637246131897,0.9216048717498779,0.856578528881073,0.06743212789297104,0.02084374986588955
17808,0.7241429966666667,0.6889135440190634,0.10458377500375111,0.5843297690153122,0.7303202152252197,0.5701304078102112,0.766290009021759,0.06687720119953156,0.07655830681324005,0.17031581699848175
7611,0.7122224533333333,0.8572292923927307,0.12897877142919847,0.7282505209635323,0.5982654094696045,0.9805583357810974,0.9928641319274902,0.38028061389923096,0.005563609767705202,0.0010920906206592917
7984,0.7359276833333332,0.4216340556740761,0.29181165861276287,0.1298223970613132,0.23630936443805695,0.9623138308525085,0.06627897173166275,0.10898563265800476,0.0019775142427533865,0.7644718289375305
2175,0.7106800666666667,0.6156798899173737,0.08732479298487306,0.5283550969325006,0.38389602303504944,0.9600039720535278,0.5031396746635437,0.24401915073394775,0.00495953718200326,0.012995691038668156
5732,0.7195160633333334,0.8480858206748962,0.01314569947620233,0.8349401211986939,0.9550254940986633,0.6256043314933777,0.9636276364326477,0.009362741373479366,0.01654204912483692,0.013532307930290699
11389,0.7187830000000001,0.5538269579410553,0.24369465202714005,0.3101323059139153,0.29697635769844055,0.3913937211036682,0.9731107950210571,0.27762457728385925,0.45093151926994324,0.002527859527617693
1372,0.7501980333333332,0.9256804982821146,0.009562414605170488,0.9161180836769441,0.8933085799217224,0.9239547252655029,0.9597781896591187,0.004687653388828039,0.007993774488568306,0.01600581593811512
17148,0.7699258566666667,0.5602053105831146,0.11217598710209131,0.4480293234810233,0.3745036721229553,0.844389021396637,0.4617232382297516,0.27152884006500244,0.04992332309484482,0.015075798146426678
19341,0.7082708766666667,0.49868810673554737,0.1452095878388112,0.3534785188967362,0.2963326573371887,0.22916586697101593,0.9705657958984375,0.3561605215072632,0.07885996252298355,0.0006082794861868024
20687,0.7762927666666667,0.7727324565251669,0.08762031296888988,0.685112143556277,0.714384138584137,0.7070063352584839,0.8968068957328796,0.13111940026283264,0.11769198626279831,0.014049552381038666
22118,0.6995964,0.6733633478482565,0.09898355075468619,0.5743797970935702,0.5398889183998108,0.9507798552513123,0.5294212698936462,0.25954797863960266,0.012641309760510921,0.024761363863945007
6905,0.7602917799999999,0.7179057697455088,0.11867830919800326,0.5992274605475055,0.7804989218711853,0.4048573076725006,0.9683610796928406,0.015098883770406246,0.3404249846935272,0.000511059130076319
20137,0.74569558,0.7160561482111613,0.09280471255381902,0.6232514356573422,0.5437673330307007,0.7484917044639587,0.8559094071388245,0.08177652955055237,0.15597578883171082,0.04066181927919388
17114,0.7504085166666666,0.490998238325119,0.20259345415979624,0.2884047841653228,0.3728386461734772,0.26891255378723145,0.8312435150146484,0.5718519687652588,0.02259715087711811,0.013331242837011814
13404,0.7447564,0.5379792153835297,0.22815876826643944,0.3098204471170902,0.2720487415790558,0.38194072246551514,0.9599481821060181,0.14238294959068298,0.5240943431854248,0.017999012023210526
23119,0.74402203,0.7813656230767568,0.014048621892773857,0.7673170011839829,0.9724235534667969,0.4991466701030731,0.8725266456604004,0.0006693431059829891,0.035597484558820724,0.005879038013517857
15582,0.7240086433333333,0.6768258089820544,0.003645567844311396,0.673180241137743,0.9748217463493347,0.9478007555007935,0.107854925096035,0.0023419985082000494,0.0020411622244864702,0.006553542800247669
24471,0.7142614733333333,0.9844911297162374,0.0015289934041599433,0.9829621363120775,0.9808850288391113,0.9876541495323181,0.9849342107772827,0.0026289387606084347,0.001331036095507443,0.0006270053563639522
6536,0.7730242333333334,0.511150432129701,0.08274123670222859,0.4284091954274724,0.4409986734390259,0.10931674391031265,0.9831358790397644,0.1551077514886856,0.08922172337770462,0.0038942352402955294
18008,0.7660266333333334,0.2610366741816203,0.054798709539075695,0.2062379646425446,0.39695635437965393,0.18796619772911072,0.1981874704360962,0.1334841400384903,0.02528984285891056,0.0056221457198262215
24336,0.7232423333333333,0.7339077790578207,0.13331139801690975,0.600596381040911,0.8791955709457397,0.9297947287559509,0.39273303747177124,0.007488603703677654,0.016505833715200424,0.3759397566318512
25433,0.6996814433333333,0.8519823749860128,0.09584198449738324,0.7561403904886296,0.7179397940635681,0.8529708385467529,0.9850364923477173,0.25749364495277405,0.026993611827492714,0.003038696711882949
7072,0.6987030333333334,0.72852090994517,0.2065748405099536,0.5219460694352165,0.9889100193977356,0.942968487739563,0.25368422269821167,0.0015826543094590306,0.002411581575870514,0.6157302856445312
17725,0.6544718766666667,0.6129724284013113,0.0021295955909105637,0.6108428328104007,0.9953203797340393,0.3341534435749054,0.509443461894989,0.0006435951800085604,0.0013030730187892914,0.00444211857393384
18846,0.7340994133333334,0.8513940175374349,0.015510842514534792,0.8358831750229001,0.9262331128120422,0.8273743391036987,0.8005746006965637,0.007646522019058466,0.005842345301061869,0.03304366022348404
6079,0.7500682833333333,0.6497346386313438,0.03592212940566242,0.6138125092256814,0.11668068915605545,0.8541314005851746,0.9783918261528015,0.10137394815683365,0.003128989366814494,0.0032634506933391094
26035,0.8074469666666667,0.7123027046521505,0.027497553111364443,0.684805151540786,0.7708331346511841,0.855948269367218,0.5101267099380493,0.054973263293504715,0.0021216836757957935,0.025397712364792824
12699,0.7750071233333333,0.6040704449017843,0.03186505365495881,0.5722053912468255,0.7204968333244324,0.11452025175094604,0.9771942496299744,0.0802084282040596,0.009005026891827583,0.006381705868989229
14236,0.7082868699999999,0.5792756974697113,0.1274291599790255,0.4518465374906858,0.3711138069629669,0.7629445791244507,0.6037687063217163,0.1679287999868393,0.10653093457221985,0.10782774537801743
5539,0.75958932,0.5266089737415314,0.10301796222726504,0.4235910115142663,0.4817158877849579,0.22755545377731323,0.870555579662323,0.2015949934720993,0.09176131337881088,0.015697579830884933
6992,0.7103909966666667,0.5055656234423319,0.23568404465913773,0.2698815787831942,0.6259636878967285,0.41186532378196716,0.47886785864830017,0.27878880500793457,0.007311485707759857,0.42095184326171875
15324,0.7462636166666666,0.5189097573359808,0.03714172666271528,0.4817680306732655,0.16670407354831696,0.6467834711074829,0.7432417273521423,0.006314083933830261,0.04167177900671959,0.06343931704759598
21584,0.7344268466666667,0.9562679727872213,0.011505998826275269,0.9447619739609461,0.9717869758605957,0.9610708355903625,0.9359461069107056,0.003789604175835848,0.01219298504292965,0.01853540726006031
12076,0.7065203466666666,0.8671616911888123,0.006630016025155783,0.8605316751636565,0.8406797051429749,0.8797926902770996,0.8810126781463623,0.006221186835318804,0.008898977190256119,0.0047698840498924255
7379,0.7334104833333334,0.10837587714195251,0.10234456260999043,0.0060313145319620814,0.06878534704446793,0.14097289741039276,0.11536938697099686,0.03919271007180214,0.2514341175556183,0.016406860202550888
26283,0.7301278666666665,0.8456384340922037,0.07530186139047146,0.7703365727017323,0.8447391986846924,0.7804286479949951,0.9117474555969238,0.0732380747795105,0.13403816521167755,0.018629344180226326
11110,0.7272887333333333,0.8369143009185791,0.06231298173467318,0.774601319183906,0.9307360053062439,0.9756361246109009,0.6043707728385925,0.0253914687782526,0.015165561810135841,0.1463819146156311
2598,0.75904548,0.8575057983398438,0.01293320736537377,0.84457259097447,0.7582306861877441,0.8646987080574036,0.9495880007743835,0.01142353005707264,0.02198820561170578,0.005387886427342892
16809,0.70956047,0.3833445571362972,0.32577907914916676,0.057565477987130464,0.052177149802446365,0.1273377537727356,0.9705187678337097,0.9357640147209167,0.027178045362234116,0.014395177364349365
1773,0.6649522333333333,0.6386078397432963,0.08134381969769795,0.5572640200455983,0.629732608795166,0.6340185403823853,0.6520723700523376,0.023851757869124413,0.004728654399514198,0.21545104682445526
12563,0.7443787333333333,0.5620424250761668,0.29845998174278066,0.2635824433333861,0.5184051394462585,0.1696038544178009,0.9981182813644409,0.11255177855491638,0.7819460034370422,0.0008821632363833487
21697,0.69228883,0.5734393435219923,0.37217648529137176,0.20126285823062057,0.7365514039993286,0.03626830503344536,0.9474983215332031,0.16531263291835785,0.9463977813720703,0.004819041583687067
15091,0.7327066666666666,0.4771185368299484,0.01641513694388171,0.46070339988606673,0.3003806173801422,0.15647511184215546,0.9744998812675476,0.025340255349874496,0.020445048809051514,0.003460106672719121
23355,0.75442322,0.8314292629559835,0.002460277387096236,0.8289689855688873,0.927399754524231,0.9888030886650085,0.5780849456787109,0.0008069526520557702,0.0010378177976235747,0.0055360617116093636
6125,0.7568928,0.7758581042289734,0.05592297172794739,0.719935132501026,0.7191399335861206,0.7394325137138367,0.8690018653869629,0.05903060361742973,0.09813575446605682,0.010602557100355625
10855,0.72502542,0.7823281188805898,0.08786451863124967,0.6944636002493402,0.4669956862926483,0.975588321685791,0.9044003486633301,0.2475355863571167,0.0033573959954082966,0.012700573541224003
21961,0.7561637466666666,0.8494276205698649,0.11189990595448762,0.7375277146153773,0.619550347328186,0.9864305257797241,0.9423019886016846,0.31489402055740356,0.0012488433858379722,0.01955685392022133
16326,0.7880913333333334,0.25656066214044887,0.19285438706477484,0.06370627507567403,0.5185495615005493,0.21149584650993347,0.039636578410863876,0.06315340846776962,0.18483062088489532,0.33057913184165955
3170,0.7568526866666666,0.669783686598142,0.09219794409970443,0.5775857424984376,0.18412737548351288,0.8806942105293274,0.9445294737815857,0.20143596827983856,0.05674247071146965,0.01841539330780506
24646,0.7137923666666667,0.8662996888160706,0.03409311408177018,0.8322065747343004,0.9180561900138855,0.7042064070701599,0.9766364693641663,0.015310036018490791,0.08476510643959045,0.0022041997872292995
20135,0.7862294766666666,0.9516538977622986,0.0048341554356738925,0.9468197423266247,0.9200358390808105,0.9543015956878662,0.980624258518219,0.00887987669557333,0.004419293720275164,0.001203295891173184
702,0.7395888300000001,0.711559996008873,0.09996745968237519,0.6115925363264978,0.9853292107582092,0.981022298336029,0.16832847893238068,0.004781961906701326,0.006819902919232845,0.2883005142211914
25958,0.7111741,0.03856107530494531,0.32500963875403005,-0.28644856344908476,0.015743382275104523,0.028412027284502983,0.07152781635522842,0.006435881834477186,0.9631893634796143,0.005403670947998762
5422,0.7286195533333334,0.6528194348017374,0.006995940018290033,0.6458234947834474,0.3040882349014282,0.9442797303199768,0.7100903391838074,0.018622100353240967,0.001608693739399314,0.0007570259622298181
22244,0.7392650333333334,0.8098605076471964,0.07232406801388909,0.7375364396333073,0.8947362899780273,0.5535697937011719,0.9812754392623901,0.01296371128410101,0.2036469578742981,0.0003615348832681775
19887,0.7522491133333333,0.3623876670996348,0.2723309275849412,0.09005673951469362,0.08496616780757904,0.07549773156642914,0.9266991019248962,0.8092917203903198,0.0047515821643173695,0.002949480200186372
13928,0.7535883600000001,0.2539417203515768,0.02154015703126788,0.23240156332030892,0.11638165265321732,0.629501223564148,0.01594228483736515,0.030359966680407524,0.006171413231641054,0.028089091181755066
11550,0.7195471000000001,0.5875189701716105,0.08703175590684016,0.5004872142647703,0.47940024733543396,0.3844086825847626,0.898747980594635,0.0142521932721138,0.24008743464946747,0.006755639798939228
21599,0.7170724,0.6943174103895823,0.10877030715346336,0.5855471032361189,0.3459837734699249,0.9323515295982361,0.8046169281005859,0.13615240156650543,0.04160976782441139,0.14854875206947327
14764,0.7283226033333333,0.30671607951323193,0.6233553638060888,-0.31663928429285687,0.12805384397506714,0.07115630805492401,0.7209380865097046,0.7752860188484192,0.8978789448738098,0.1969011276960373
17895,0.7456376666666666,0.22749720017115274,0.1199519435564677,0.10754525661468504,0.045079559087753296,0.38535088300704956,0.2520611584186554,0.22737325727939606,0.04956936836242676,0.08291320502758026
2804,0.7147451666666668,0.9481563766797384,0.022813494162013132,0.9253428825177252,0.9672196507453918,0.8860529661178589,0.9911965131759644,0.005662132520228624,0.06196814030408859,0.0008102096617221832
21519,0.6968900100000001,0.7841989000638326,0.008380529005080462,0.7758183710587522,0.6632540225982666,0.7408823370933533,0.9484603404998779,0.02098972350358963,0.003075498156249523,0.0010763653554022312
7513,0.7337608333333333,0.6589128375053406,0.007872668871035179,0.6510401686343054,0.31789326667785645,0.8406632542610168,0.8181819915771484,0.003848383668810129,0.009787110611796379,0.009982512332499027
12239,0.7238324,0.31789517402648926,0.0165013549849391,0.30139381904155016,0.20796748995780945,0.5847848057746887,0.1609332263469696,0.022351937368512154,0.006969590671360493,0.02018253691494465
14232,0.7295759066666667,0.17198905597130457,0.31892748922109604,-0.14693843324979147,0.029616765677928925,0.2731162905693054,0.21323411166667938,0.9141805171966553,0.02672712504863739,0.015874825417995453
7658,0.78460405,0.23801172928263745,0.5401775840048989,-0.30216585472226143,0.010869373567402363,0.20044927299022675,0.5027165412902832,0.9784297943115234,0.6320691108703613,0.010033846832811832
3104,0.75059818,0.5806492765744528,0.022428179916460067,0.5582210966579927,0.14583450555801392,0.6147372722625732,0.981376051902771,0.057277169078588486,0.009481286630034447,0.0005260840407572687
5294,0.7128220766666667,0.7196082671483358,0.23099576868116856,0.48861249846716726,0.9533661603927612,0.7822983860969543,0.42316025495529175,0.00603453628718853,0.17252075672149658,0.5144320130348206
20853,0.7148977166666667,0.7173091272513071,0.03880144671226541,0.6785076805390418,0.37801501154899597,0.7967590689659119,0.9771533012390137,0.03421246260404587,0.0776667594909668,0.004525118041783571
7634,0.71939582,0.6601433902978897,0.13770787914594015,0.5224355111519495,0.14452432096004486,0.8867550492286682,0.949150800704956,0.37413617968559265,0.010989539325237274,0.02799791842699051
14893,0.6783514366666666,0.35453204313913983,0.11599962087348104,0.2385324222656588,0.14673486351966858,0.49279773235321045,0.4240635335445404,0.031138859689235687,0.3115633726119995,0.005296630319207907
7439,0.7144162033333333,0.7864745060602824,0.04837026912719011,0.7381042369330922,0.7340453267097473,0.6558231115341187,0.9695550799369812,0.021993746981024742,0.11485881358385086,0.008258246816694736
19838,0.7752232,0.31535520156224567,0.07986275851726532,0.23549244304498035,0.18165679275989532,0.5293169021606445,0.2350919097661972,0.08140076696872711,0.03357476741075516,0.12461274117231369
11563,0.7759653200000001,0.84161376953125,0.004153724759817123,0.8374600447714329,0.9269412755966187,0.9343804717063904,0.663519561290741,0.0049407402984797955,0.004678646102547646,0.002841787878423929
24082,0.74440609,0.7222374975681305,0.021153008720527094,0.7010844888476034,0.30011430382728577,0.9028360247612,0.9637621641159058,0.05705450847744942,0.005203289445489645,0.0012012282386422157
15164,0.72965442,0.6302430828412374,0.14734654873609543,0.482896534105142,0.3699255585670471,0.5890154838562012,0.9317882061004639,0.356558233499527,0.04454149305820465,0.04093991965055466
23926,0.7331078466666666,0.8345907727877299,0.042262680207689605,0.7923280925800402,0.8456813097000122,0.9455048441886902,0.7125861644744873,0.091605044901371,0.026821909472346306,0.008361086249351501
15918,0.6973889,0.5915645062923431,0.2019734357794126,0.3895910705129305,0.3533807098865509,0.5943793654441833,0.8269334435462952,0.2404264211654663,0.2820014953613281,0.08349239081144333
20039,0.7525222899999999,0.33079131444295246,0.3578952004512151,-0.027103886008262634,0.058247536420822144,0.19085916876792908,0.7432672381401062,0.8167449235916138,0.11508563160896301,0.14185504615306854
23046,0.6900215,0.36702734728654224,0.0785696660168469,0.28845768126969534,0.5605041980743408,0.49730363488197327,0.04327420890331268,0.016405008733272552,0.21347029507160187,0.0058336942456662655
13626,0.8056815233333333,0.6756539344787598,0.03330168407410383,0.6423522504046559,0.3235255479812622,0.8870518207550049,0.8163844347000122,0.08373988419771194,0.01048980001360178,0.005675368010997772
23806,0.7145508166666666,0.5927949001391729,0.07720282021909952,0.5155920799200734,0.7474956512451172,0.9613497257232666,0.06953932344913483,0.19066493213176727,0.03006899543106556,0.010874533094465733
18868,0.8048138033333334,0.9615635275840759,0.010976139145592848,0.9505873884384831,0.9440003633499146,0.9514967203140259,0.9891934990882874,0.008167203515768051,0.020215988159179688,0.004545225761830807
15579,0.7516390533333333,0.9751906196276346,0.0016469967861970265,0.9735436228414376,0.949418842792511,0.9803466796875,0.9958063364028931,0.0016687919851392508,0.002586760325357318,0.000685438048094511
12737,0.7120781533333332,0.3898901914556821,0.024057741504899848,0.36583244995078223,0.05324003845453262,0.13579536974430084,0.9806351661682129,0.014052207581698895,0.057950351387262344,0.00017066554573830217
11226,0.71030669,0.9250559210777283,0.04337146820034832,0.88168445287738,0.8939473628997803,0.9078078866004944,0.9734125137329102,0.07056853175163269,0.05780796334147453,0.0017379095079377294
12116,0.75201138,0.9087543487548828,0.009651113747774312,0.8991032350071085,0.9338955879211426,0.8729580044746399,0.919409453868866,0.001298538874834776,0.02677617408335209,0.0008786282851360738
7029,0.77918179,0.2598008153339227,0.38148390005032223,-0.12168308471639955,0.09642340242862701,0.059903617948293686,0.6230754256248474,0.7014319896697998,0.4061812460422516,0.03683846443891525
17151,0.7932475666666666,0.24179657300313315,0.006929367780685425,0.23486720522244772,0.15089818835258484,0.10522913932800293,0.46926239132881165,0.004165188409388065,0.009385333396494389,0.0072375815361738205
7299,0.6943930666666667,0.42250115672747296,0.2744341716170311,0.14806698511044186,0.21950599551200867,0.36861705780029297,0.6793804168701172,0.5422224998474121,0.23764868080615997,0.04343133419752121
5132,0.7661681866666666,0.9387666583061218,0.0021619157923851162,0.9366047425137367,0.9406090974807739,0.8832042813301086,0.9924865961074829,0.0030887844040989876,0.003185332054272294,0.00021163091878406703
23976,0.7885725566666667,0.6794532711307207,0.005005980279141416,0.6744472908515793,0.0799676701426506,0.9929747581481934,0.9654173851013184,0.010752654634416103,0.0008374282042495906,0.0034278579987585545
14441,0.7702871333333333,0.7949865659077963,0.00844186928588897,0.7865446966219073,0.9415220022201538,0.5219171643257141,0.9215205311775208,0.017110377550125122,0.006569967605173588,0.0016452627023681998
15498,0.7290328666666667,0.7627990245819092,0.03297088481485844,0.7298281397670507,0.9016523361206055,0.6162596940994263,0.7704850435256958,0.04667886719107628,0.027076561003923416,0.025157226249575615
12356,0.7594069,0.4885444988807042,0.07886697871920963,0.4096775201614946,0.1298268586397171,0.34759584069252014,0.9882107973098755,0.026896148920059204,0.2084730863571167,0.0012317008804529905
1827,0.7426128799999999,0.5318118234475454,0.39225475321291015,0.13955707023463526,0.49674156308174133,0.10215657949447632,0.9965373277664185,0.3786398768424988,0.7972707152366638,0.0008536675595678389
21039,0.7717161199999999,0.5210302472114563,0.11874454363714904,0.40228570357430726,0.8441118597984314,0.34292691946029663,0.37605196237564087,0.012040608562529087,0.0012081373715773225,0.3429848849773407
24141,0.7506952666666665,0.6208643118540446,0.16198730220397314,0.4588770096500714,0.3415749669075012,0.7818101644515991,0.7392078042030334,0.23869073390960693,0.07271967083215714,0.17455150187015533
7563,0.7196837500000001,0.5100390613079071,0.038641761212299265,0.4713973000956078,0.4888511300086975,0.8723238110542297,0.16894224286079407,0.07294561713933945,0.004436699207872152,0.0385429672896862
16218,0.7580076333333334,0.8212005893389384,0.0037386995585014424,0.8174618897804369,0.9760366082191467,0.8864488005638123,0.6011163592338562,0.0033068633638322353,0.003247379558160901,0.00466185575351119
23930,0.7064309433333333,0.9217039346694946,0.025753666646778584,0.895950268022716,0.9208453893661499,0.8608658909797668,0.9834005236625671,0.016734620556235313,0.05050140991806984,0.010024969466030598
23432,0.7463558,0.4856040736970802,0.4296933313210805,0.05591074237599969,0.003252703230828047,0.603685736656189,0.8498737812042236,0.9905263185501099,0.17161288857460022,0.1269407868385315
23742,0.7434954966666667,0.3208882299562295,0.018581762289007504,0.302306467667222,0.4149017333984375,0.057889606803655624,0.48987334966659546,0.0135470200330019,0.00873149186372757,0.033466774970293045
20865,0.7416976966666667,0.537902812163035,0.11079765607913335,0.4271051560839017,0.25496718287467957,0.48131564259529114,0.8774256110191345,0.043790463358163834,0.229588583111763,0.05901392176747322
3234,0.6937672533333333,0.7112255891164144,0.011826977521801988,0.6993986115946125,0.9628270864486694,0.2710196375846863,0.8998300433158875,0.00331347924657166,0.0260089673101902,0.006158486008644104
7431,0.7935351333333333,0.9355358680089315,0.009434802457690239,0.9261010655512413,0.9405930638313293,0.9533644318580627,0.9126501083374023,0.0069605642929673195,0.011362401768565178,0.00998144131153822
20443,0.7059053833333334,0.7669874628384908,0.08745642006397247,0.6795310427745184,0.6249752044677734,0.7969233393669128,0.8790638446807861,0.15988115966320038,0.08871651440858841,0.013771586120128632
20810,0.7417615466666666,0.6145257453123728,0.02543440895775954,0.5890913363546133,0.649418294429779,0.3821936547756195,0.81196528673172,0.032841794192790985,0.03274977579712868,0.010711656883358955
15686,0.7375573566666667,0.7783845365047455,0.019084290678923328,0.7593002458258221,0.9762223362922668,0.9580784440040588,0.40085282921791077,0.0028735992964357138,0.0074302139692008495,0.04694905877113342
11614,0.7350466099999999,0.8783132433891296,0.008613217544431487,0.8697000258446982,0.7524283528327942,0.9127070307731628,0.9698043465614319,0.019434617832303047,0.002563606249168515,0.0038414285518229008
20033,0.7407047733333334,0.926368772983551,0.02606650604866445,0.9003022669348866,0.9748625159263611,0.8428794145584106,0.9613643884658813,0.0021660851780325174,0.06758502125740051,0.008448411710560322
21270,0.7508771166666667,0.8836712837219238,0.08497237437404692,0.7986989093478769,0.9790655374526978,0.7103100419044495,0.9616382718086243,0.002141697099432349,0.24356624484062195,0.009209181182086468
4004,0.7072785766666666,0.880611002445221,0.01006725940775747,0.8705437430374635,0.7924506068229675,0.9056329131126404,0.9437494874000549,0.020790686830878258,0.0087408646941185,0.0006702266982756555
7178,0.7422000366666667,0.9364733894666036,0.02133991165707509,0.9151334778095286,0.9451007843017578,0.9063513278961182,0.9579680562019348,0.027878453955054283,0.02182081900537014,0.014320462010800838
6077,0.7384806666666667,0.707385261853536,0.11898133158683777,0.5884039302666982,0.5340396165847778,0.7104789614677429,0.8776372075080872,0.11504390090703964,0.21042777597904205,0.03147231787443161
6026,0.8089294499999999,0.2619327921420336,0.3343634712509811,-0.07243067910894752,0.020096933469176292,0.5707265734672546,0.1949748694896698,0.874808132648468,0.12199029326438904,0.006291987840086222
1299,0.7422455333333332,0.8815303842226664,0.05605702781273673,0.8254733564099297,0.9332864284515381,0.7191218137741089,0.9921829104423523,0.0036967797204852104,0.16394242644309998,0.0005318772746250033
13975,0.7454572966666667,0.03150553101052841,0.08043336402624846,-0.04892783301572005,0.010632200166583061,0.07206451892852783,0.011819873936474323,0.22033235430717468,0.016818571835756302,0.004149165935814381
21396,0.7369525,0.9461683233579,0.007129045979430278,0.9390392773784697,0.9446392059326172,0.9117169976234436,0.9821487665176392,0.004109506960958242,0.013004944659769535,0.004272686317563057
18849,0.7272484666666666,0.6246255040168762,0.21304024259249368,0.41158526142438256,0.488298237323761,0.6980193257331848,0.6875589489936829,0.3938942849636078,0.10662741959095001,0.13859902322292328
15932,0.73325221,0.2993395576874415,0.3709017013510068,-0.07156214366356528,0.3308700919151306,0.35172200202941895,0.21542657911777496,0.02131771296262741,0.3291240930557251,0.762263298034668
17756,0.7036628033333333,0.9378880262374878,0.015840123873203993,0.9220479023642838,0.9504620432853699,0.937784731388092,0.9254173040390015,0.004910242278128862,0.008370975032448769,0.03423915430903435
11956,0.7175082333333332,0.2906026455263297,0.03876716333130995,0.2518354821950197,0.052196864038705826,0.3009907007217407,0.5186203718185425,0.0649600476026535,0.031232347711920738,0.02010909467935562
1403,0.7196106999999999,0.5465895533561707,0.04201049730181694,0.5045790560543537,0.2581462860107422,0.46117573976516724,0.9204466342926025,0.06636223196983337,0.03626345470547676,0.023405805230140686
24509,0.7411334533333332,0.7651103138923645,0.05737390411862483,0.7077364097737396,0.7765654921531677,0.9934607744216919,0.5253046751022339,0.09911563992500305,0.0010758055141195655,0.07193026691675186
21326,0.7688390233333333,0.8968089620272318,0.010565650028487047,0.8862433119987447,0.9596946239471436,0.9536154270172119,0.7771168351173401,0.009335297159850597,0.011102113872766495,0.011259539052844048
25663,0.7184819666666667,0.6485388576984406,0.012570943217724562,0.635967914480716,0.909267783164978,0.319296270608902,0.7170525193214417,0.012970007956027985,0.02041192725300789,0.004330894444137812
14811,0.7286912333333334,0.29039524992307025,0.1919003427028656,0.09849490722020465,0.2831455171108246,0.3495834171772003,0.2384568154811859,0.1922418177127838,0.17095670104026794,0.21250250935554504
7554,0.7111975833333334,0.46116966009140015,0.022387137946983177,0.438782522144417,0.4606625735759735,0.04095533490180969,0.8818910717964172,0.04318435490131378,0.010375374928116798,0.013601684011518955
19956,0.7358703433333332,0.7141761680444082,0.07816799206193537,0.6360081759824728,0.6625843048095703,0.48692795634269714,0.993016242980957,0.12019514292478561,0.11253592371940613,0.0017729095416143537
4389,0.73630871,0.6086911906798681,0.018497412092983723,0.5901937785868844,0.16884474456310272,0.8726493716239929,0.7845794558525085,0.023278597742319107,0.00925032701343298,0.02296331152319908
22511,0.7019213666666667,0.5683008879423141,0.02875624372002979,0.5395446442222843,0.18571437895298004,0.9922940731048584,0.526894211769104,0.06638036668300629,0.0009937889408320189,0.018894575536251068
12137,0.7662455600000001,0.8363352219263712,0.010431359832485517,0.8259038620938857,0.9111095070838928,0.6131696105003357,0.9847265481948853,0.022631676867604256,0.003118623048067093,0.005543779581785202
6194,0.7501332666666666,0.8482762177785238,0.04041078391795357,0.8078654338605702,0.6852917075157166,0.8926581144332886,0.9668788313865662,0.10509289056062698,0.006205609533935785,0.009933851659297943
16852,0.7324263233333334,0.15099514399965605,0.609555222094059,-0.4585600780944029,0.04784895107150078,0.32708311080932617,0.07805337011814117,0.9099245667457581,0.06303750723600388,0.855703592300415
19821,0.7559997733333333,0.19957356651624045,0.08138407665925722,0.11818948985698323,0.19418786466121674,0.2553807199001312,0.14915211498737335,0.1253771036863327,0.11623872071504593,0.0025364055763930082
19876,0.7958437333333332,0.8526717027028402,0.011265219034006199,0.841406483668834,0.9049199819564819,0.9804592132568359,0.6726359128952026,0.016317227855324745,0.006606282200664282,0.010872147046029568
23684,0.7872647633333334,0.5294951846202215,0.15063971653580666,0.37885546808441484,0.24541272222995758,0.6496920585632324,0.6933807730674744,0.399122953414917,0.0171789713203907,0.035617224872112274
14379,0.7261555366666667,0.39395072186986607,0.4396865578989188,-0.045735836029052734,0.033153776079416275,0.21549803018569946,0.9332003593444824,0.7256691455841064,0.5710981488227844,0.022292379289865494
16631,0.7246425566666667,0.6896099249521891,0.1508372277021408,0.5387726972500483,0.3308292627334595,0.9356448650360107,0.8023556470870972,0.3478931784629822,0.04694836959242821,0.05767013505101204
11877,0.77754404,0.7378482222557068,0.039576087767879166,0.6982721344878277,0.9637601375579834,0.2746250033378601,0.9751595258712769,0.0044630952179431915,0.10179641097784042,0.01246875710785389
22177,0.7452465,0.7188109755516052,0.07179904993002613,0.647011925621579,0.2774977684020996,0.9923736453056335,0.8865615129470825,0.1522791087627411,0.004184343386441469,0.058933697640895844
22396,0.7720411333333334,0.44963930050532025,0.16242300470670065,0.2872162957986196,0.3571748733520508,0.8208742737770081,0.17086875438690186,0.405127614736557,0.021037518978118896,0.061103880405426025
10804,0.7145942666666666,0.6755215326944987,0.21273385236660639,0.4627876803278923,0.4897922873497009,0.6588134765625,0.8779588341712952,0.44596096873283386,0.09021170437335968,0.10202888399362564
2429,0.7224494466666666,0.24376807113488516,0.5222767144441605,-0.27850864330927527,0.12803508341312408,0.5443552732467651,0.058913856744766235,0.45215409994125366,0.17950932681560516,0.9351667165756226
11031,0.6895018833333334,0.4710133721431096,0.14527846965938807,0.32573490248372156,0.3841433525085449,0.887910783290863,0.14098598062992096,0.43064045906066895,0.0031037817243486643,0.0020911681931465864
18665,0.7920751333333333,0.24393277863661447,0.33173426694702357,-0.0878014883104091,0.004459069110453129,0.007953583262860775,0.7193856835365295,0.9857250452041626,0.00191141024697572,0.007566345389932394
16148,0.75090492,0.5809543430805206,0.3334035960336526,0.24755074704686802,0.8956195116043091,0.11714664101600647,0.7300968766212463,0.0129765085875988,0.8588669300079346,0.1283673495054245
11338,0.7233376799999999,0.3455435397724311,0.022747166144351166,0.3227963736280799,0.5792131423950195,0.39789530634880066,0.05952217057347298,0.016431011259555817,0.03878617659211159,0.01302431058138609
11387,0.7361864699999999,0.8087924718856812,0.08914056171973546,0.7196519101659457,0.6494306325912476,0.8425828814506531,0.9343639016151428,0.14661569893360138,0.08086023479700089,0.039945751428604126
20822,0.75168052,0.9651136000951132,0.00402213527316538,0.9610914648219477,0.9123727679252625,0.9892852902412415,0.9936827421188354,0.010959138162434101,0.0006297752261161804,0.00047749243094585836
20752,0.7401595666666667,0.4185257852077484,0.19813619181513786,0.22038959339261055,0.13218185305595398,0.19236493110656738,0.9310305714607239,0.009244441986083984,0.5522947311401367,0.032869402319192886
12552,0.6824442999999999,0.7831433614095052,0.022140437737107277,0.761002923672398,0.4813368320465088,0.9621018171310425,0.9059914350509644,0.0022641336545348167,0.003931890241801739,0.060225289314985275
20785,0.7695420199999999,0.700624962647756,0.09289486426860094,0.607730098379155,0.2712588310241699,0.8505063652992249,0.980109691619873,0.26731428503990173,0.009015604853630066,0.002354702912271023
18618,0.73307401,0.696852038304011,0.010106227865132192,0.6867458104388788,0.9921450018882751,0.17288628220558167,0.9255248308181763,0.0004842613125219941,0.01510663516819477,0.014727787114679813
6987,0.7668081733333333,0.7067069162925085,0.05710670223925263,0.6496002140532559,0.2224016636610031,0.9673035144805908,0.9304155707359314,0.16592174768447876,0.004274372942745686,0.0011239860905334353
14061,0.7195919966666667,0.8705586592356364,0.0200785828443865,0.8504800763912499,0.8272318840026855,0.8471221327781677,0.9373219609260559,0.039299432188272476,0.01785832643508911,0.003077989909797907
7779,0.7281911666666666,0.6507255037625631,0.2161873709410429,0.4345381328215202,0.48606258630752563,0.5008571147918701,0.9652568101882935,0.24393074214458466,0.3931272327899933,0.011504137888550758
15306,0.7402189166666666,0.7696291208267212,0.009066055373599132,0.760563065453122,0.7493258118629456,0.6128395795822144,0.9467219710350037,0.007403747644275427,0.009600864723324776,0.010193553753197193
23057,0.7215125333333333,0.628766156733036,0.01332966333332782,0.6154364933997082,0.8848743438720703,0.969648003578186,0.031776122748851776,0.033778369426727295,0.0055017052218317986,0.0007089153514243662
18770,0.7458383866666667,0.5299401630957922,0.06065429747104645,0.4692858656247457,0.5815293788909912,0.09949766099452972,0.9087934494018555,0.06918300688266754,0.04432462900876999,0.06845525652170181
6145,0.7182726933333333,0.7919793923695883,0.012954436242580414,0.7790249561270078,0.6606861352920532,0.9899368286132812,0.7253152132034302,0.021072451025247574,0.0027374206110835075,0.01505343709141016
25153,0.7282798,0.7632918556531271,0.06624516134615988,0.6970466943069672,0.605720043182373,0.9755455851554871,0.708609938621521,0.1749028116464615,0.0008757907198742032,0.022956881672143936
17614,0.7546069333333333,0.9061093926429749,0.009134247918458035,0.8969751447245168,0.8092641234397888,0.994716465473175,0.9143475890159607,0.024629324674606323,0.00036080513382330537,0.002412613946944475
23090,0.7724170066666667,0.9080870548884074,0.0010617718993065257,0.9070252829891008,0.9059905409812927,0.8657569289207458,0.9525136947631836,0.0010944794630631804,0.0014749207766726613,0.0006159154581837356
24867,0.7764456133333333,0.504885441934069,0.02495797894274195,0.4799274629913271,0.5722963809967041,0.022996267303824425,0.9193636775016785,0.05892229080200195,0.010569663718342781,0.005381982307881117
20595,0.77003206,0.2592770407597224,0.17306234563390413,0.08621469512581828,0.14961647987365723,0.4721587300300598,0.15605591237545013,0.30736806988716125,0.16934272646903992,0.042476240545511246
25953,0.7292942,0.7768407066663107,0.06621832905026774,0.710622377616043,0.8286917805671692,0.5069562792778015,0.9948740601539612,0.08565408736467361,0.11223695427179337,0.0007639455143362284
22173,0.7157455,0.47809835026661557,0.00864900229498744,0.46944934797162813,0.3707502484321594,0.09670775383710861,0.9668370485305786,0.013191742822527885,0.005257124081254005,0.0074981399811804295
5347,0.7382727266666667,0.9572113553682963,0.004869653930654749,0.9523417014376415,0.9451655745506287,0.9333271384239197,0.9931413531303406,0.0021331722382456064,0.012027471326291561,0.0004483182274270803
13098,0.7412874299999999,0.5380277425671617,0.38920152466744184,0.14882621789971984,0.008644280023872852,0.7516027092933655,0.8538362383842468,0.9684025645256042,0.191338449716568,0.007863559760153294
23893,0.6816197666666667,0.47609888513882953,0.03731624890739719,0.4387826362314323,0.7054494023323059,0.19661208987236023,0.5262351632118225,0.008407697081565857,0.0073314267210662365,0.09620962291955948
22107,0.68867891,0.9355033040046692,0.00848066559410654,0.9270226384105626,0.8978387713432312,0.9323301911354065,0.9763409495353699,0.02355564385652542,0.0003953681152779609,0.0014909848105162382
25793,0.7462879566666666,0.6984062294165293,0.009522293461486697,0.6888839359550426,0.8319480419158936,0.29013416171073914,0.9731364846229553,0.0023005425464361906,0.019286509603261948,0.006979828234761953
16280,0.7265667266666668,0.8982732892036438,0.011445424752309918,0.8868278644513339,0.8342059254646301,0.9826792478561401,0.8779346942901611,0.008437873795628548,0.0011871231254190207,0.024711277335882187
25228,0.7991743866666666,0.957616130510966,0.00761454082870235,0.9500015896822636,0.926514208316803,0.9791676998138428,0.9671664834022522,0.018492531031370163,0.0015917402924969792,0.002759351162239909
4861,0.75361902,0.2511621316274007,0.32651252672076225,-0.07535039509336156,0.20153231918811798,0.46117791533470154,0.09077616035938263,0.07942374795675278,0.05551184341311455,0.8446019887924194
6277,0.7778152066666667,0.7534141143163046,0.06305151898413897,0.6903625953321656,0.5593857765197754,0.8400720953941345,0.8607844710350037,0.1634276807308197,0.012656554579734802,0.013070321641862392
10792,0.79481278,0.6267681941390038,0.2891546171158552,0.33761357702314854,0.12054968625307083,0.9405803084373474,0.819174587726593,0.8173967003822327,0.019521120935678482,0.030546030029654503
2458,0.7322475900000001,0.6070071111122767,0.0645276177674532,0.5424794933448235,0.7370747327804565,0.8569446206092834,0.22700197994709015,0.15033189952373505,0.026284996420145035,0.0169659573584795
21319,0.7593007866666666,0.48684121171633404,0.14967896191713712,0.33716224979919696,0.32521283626556396,0.9520710110664368,0.18323978781700134,0.4384772777557373,0.008632331155240536,0.0019272768404334784
6532,0.7127751866666667,0.5577599753936132,0.1497811103860537,0.40797886500755953,0.2178330272436142,0.8512159585952759,0.6042309403419495,0.17953486740589142,0.05976473540067673,0.21004372835159302
7896,0.6936871433333334,0.4194035877784093,0.017298048517356317,0.40210553926105297,0.9155081510543823,0.13323968648910522,0.20946292579174042,0.004729664418846369,0.03487665206193924,0.01228782907128334
25510,0.7270481566666667,0.8693797985712687,0.008979010240485271,0.8604007883307834,0.6519027948379517,0.9786005616188049,0.9776360392570496,0.007241986226290464,0.0025421204045414925,0.017152924090623856
3503,0.7047731866666668,0.8865382870038351,0.01645475544501096,0.8700835315588241,0.8125766515731812,0.8702321648597717,0.9768060445785522,0.019410908222198486,0.02863694168627262,0.0013164164265617728
8228,0.71493954,0.748837411403656,0.05219202240308126,0.6966453890005747,0.7102293968200684,0.7636212706565857,0.772661566734314,0.08549008518457413,0.019723720848560333,0.051362261176109314
15095,0.7279879766666667,0.42191582918167114,0.12173715994382898,0.30017866923784214,0.28046876192092896,0.3657044768333435,0.619574248790741,0.08314966410398483,0.2745024859905243,0.007559329736977816
16785,0.7700125766666667,0.14891084531943002,0.1291756605108579,0.019735184808572115,0.15033212304115295,0.0157613605260849,0.28063905239105225,0.22655850648880005,0.06819731742143631,0.09277115762233734
13801,0.7390407433333334,0.3547450304031372,0.09386215731501579,0.2608828730881214,0.17958003282546997,0.2254396677017212,0.6592153906822205,0.0507642962038517,0.09425295889377594,0.13656921684741974
3261,0.79565696,0.8264977733294169,0.014436588467409214,0.8120611848620076,0.9498746395111084,0.6612683534622192,0.8683503270149231,0.006812982261180878,0.032412197440862656,0.004084585700184107
20515,0.7505847566666666,0.42585504055023193,0.01746486236030857,0.40839017818992335,0.9417648315429688,0.0920291393995285,0.24377115070819855,0.002227501478046179,0.011822225525975227,0.0383448600769043
17760,0.7173001733333333,0.3509129670759042,0.37006501853466034,-0.019152051458756147,0.5076888203620911,0.038927074521780014,0.5061230063438416,0.0389961302280426,0.9505136609077454,0.12068526446819305
25983,0.7228525866666667,0.5202022393544515,0.27136948704719543,0.2488327523072561,0.5147651433944702,0.34238672256469727,0.703454852104187,0.4072127640247345,0.17086480557918549,0.23603089153766632
5775,0.7349446,0.3412619357307752,0.34137392044067383,-0.00011198470989864928,0.4057202935218811,0.5552046895027161,0.06286082416772842,0.14998671412467957,0.07782736420631409,0.7963076829910278
2467,0.7035365666666666,0.5602738857269287,0.17103155174603066,0.389242333980898,0.9864150881767273,0.35723212361335754,0.3371744453907013,0.00724285002797842,0.03509551286697388,0.47075629234313965
13713,0.76195119,0.6629517748951912,0.21765377054301402,0.44529800435217715,0.01122894138097763,0.9861960411071777,0.9914303421974182,0.6475409269332886,0.0039063566364347935,0.0015140280593186617
14036,0.7244385000000001,0.7107355197270712,0.07082544942386448,0.6399100703032067,0.37467139959335327,0.9584413170814514,0.7990938425064087,0.19324135780334473,0.0026503277476876974,0.016584662720561028
17230,0.7932310866666668,0.6162654565026363,0.04127324124177297,0.5749922152608633,0.9241232872009277,0.9050002098083496,0.019672872498631477,0.019943594932556152,0.07144104689359665,0.03243508189916611
2076,0.70723488,0.5314662425468365,0.11081312550231814,0.42065311704451835,0.5835445523262024,0.021264424547553062,0.9895897507667542,0.0026604512240737677,0.32747459411621094,0.0023043311666697264
12886,0.7499637133333333,0.494397168358167,0.3227386722962062,0.17165849606196082,0.8315184116363525,0.17309074103832245,0.47858235239982605,0.09293006360530853,0.7273173332214355,0.1479686200618744
7612,0.7341509199999999,0.9054342110951742,0.016018548669914406,0.8894156624252598,0.7947677969932556,0.9435482025146484,0.9779866337776184,0.028500596061348915,0.009106810204684734,0.010448239743709564
17412,0.7509416866666667,0.3855467389027278,0.05634103094538053,0.32920570795734727,0.9113399386405945,0.12890881299972534,0.11639146506786346,0.053046341985464096,0.07988512516021729,0.036091625690460205
25761,0.7370648666666666,0.5887503971656164,0.19352481638391814,0.3952255807816982,0.06484071910381317,0.786020815372467,0.9153896570205688,0.5471627712249756,0.014853466302156448,0.018558211624622345
12575,0.7373233666666666,0.6455183178186417,0.050354325833419956,0.5951639919852217,0.08240358531475067,0.8656737208366394,0.9884776473045349,0.12346106022596359,0.022535020485520363,0.005066896788775921
21121,0.71878772,0.6060726642608643,0.09626789391040802,0.5098047703504562,0.6963356733322144,0.21798616647720337,0.903896152973175,0.16219520568847656,0.10397987812757492,0.022628597915172577
23999,0.7580038333333334,0.6120004231731097,0.12306091513407107,0.4889395080390386,0.09697651118040085,0.755914568901062,0.9831101894378662,0.29725369811058044,0.07141824811697006,0.0005107991746626794
6907,0.7607568133333333,0.7107773025830587,0.15443598688580096,0.5563413156972578,0.31011050939559937,0.8356798887252808,0.9865415096282959,0.40111687779426575,0.060536447912454605,0.0016546349506825209
24980,0.7533061566666666,0.5640815844138464,0.07949487476920088,0.4845867096446455,0.5758134126663208,0.1312728375196457,0.9851585030555725,0.233560249209404,0.002630362519994378,0.002294012578204274
13199,0.6634327333333333,0.5534906495983402,0.0827190018123171,0.47077164778602304,0.6658929586410522,0.014380964450538158,0.9801980257034302,0.2392936497926712,0.008454132825136185,0.00040922281914390624
6710,0.7617179433333333,0.5790419379870096,0.017810183577239513,0.5612317544097701,0.9156121015548706,0.797414243221283,0.02409946918487549,0.008046342991292477,0.017209075391292572,0.02817513234913349
2862,0.7682895266666666,0.8907865881919861,0.022701042626673978,0.8680855455653121,0.8978543281555176,0.9585899114608765,0.8159155249595642,0.06015248969197273,0.0030990273226052523,0.004851610865443945
22470,0.7688758133333332,0.71773861348629,0.012401295748228828,0.7053373177380612,0.9229739308357239,0.24677707254886627,0.9834648370742798,0.008111038245260715,0.027904776856303215,0.0011880721431225538
14371,0.7572232,0.5790495177110037,0.0205611411947757,0.558488376516228,0.06161370873451233,0.7146198749542236,0.9609149694442749,0.03297944366931915,0.027066946029663086,0.001637033885344863
19796,0.7323092233333334,0.48683121303717297,0.186884389569362,0.299946823467811,0.4576236605644226,0.1409204751253128,0.8619495034217834,0.31405946612358093,0.18415428698062897,0.062439415603876114
24593,0.7313235100000001,0.5724097987016042,0.009396888199262321,0.5630129105023419,0.9014991521835327,0.32019785046577454,0.49553239345550537,0.0016095169121399522,0.01764586567878723,0.00893528200685978
23816,0.6993112333333333,0.6497467160224915,0.1940526304145654,0.455694085607926,0.7084473967552185,0.6065635085105896,0.6342292428016663,0.22303172945976257,0.032652925699949265,0.3264732360839844
20445,0.7500602799999999,0.6647445410490036,0.21873925362403193,0.4460052874249717,0.9558365345001221,0.899861216545105,0.13853587210178375,0.005094756837934256,0.008032457903027534,0.643090546131134
5842,0.7577209566666667,0.5775202810764313,0.020491716917604208,0.5570285641588271,0.6665117740631104,0.9825907349586487,0.08345833420753479,0.05428485572338104,0.0011504953727126122,0.006039799656718969
14181,0.6926430533333333,0.6673044860363007,0.02023082987094919,0.6470736561653515,0.8888384103775024,0.14193060994148254,0.971144437789917,0.01692814938724041,0.03611418977379799,0.007650150451809168
19216,0.7435446033333334,0.990452229976654,0.0023799790845563016,0.9880722508920977,0.9904796481132507,0.9856212735176086,0.9952557682991028,0.002133074449375272,0.002993362257257104,0.0020135005470365286
25885,0.7148792833333334,0.582880953947703,0.07481601710120837,0.5080649368464947,0.4465564787387848,0.35756054520606995,0.9445258378982544,0.19584962725639343,0.02703881822526455,0.001559605821967125
17736,0.7114478333333333,0.5036045064528784,0.029038131469860673,0.4745663749830177,0.8106499314308167,0.08930651843547821,0.6108570694923401,0.027308862656354904,0.0034291378688067198,0.056376393884420395
19992,0.7868136433333334,0.5006903037428856,0.3385423183596383,0.16214798538324732,0.03960958868265152,0.9910466074943542,0.471414715051651,0.9228888154029846,0.0009925395715981722,0.09174560010433197
17081,0.7941241099999999,0.40662091970443726,0.019206916292508442,0.38741400341192883,0.6705909967422485,0.02211970090866089,0.5271520614624023,0.03872932121157646,0.011253593489527702,0.0076378341764211655
23750,0.7660910400000001,0.6442182619745532,0.3248001605582734,0.31941810141627985,0.9369111657142639,0.01407610159367323,0.9816675186157227,0.008233518339693546,0.9639514088630676,0.0022155544720590115
16850,0.72330152,0.5156650046507517,0.16297330458958945,0.35269170006116224,0.6690109372138977,0.5823220610618591,0.2956620156764984,0.18686935305595398,0.07668299973011017,0.22536756098270416
11294,0.7678483666666667,0.4378294609487057,0.3961116597056389,0.04171780124306679,0.008987266570329666,0.9281236529350281,0.3763774633407593,0.9835035800933838,0.02512315660715103,0.17970824241638184
4569,0.7119901366666667,0.5509409209092458,0.04987099332114061,0.5010699275881052,0.1541331708431244,0.6474558711051941,0.851233720779419,0.03560061380267143,0.09005264192819595,0.023959724232554436
21973,0.7549463166666667,0.35392941534519196,0.4822788139184316,-0.12834939857323963,0.4927124083042145,0.15497778356075287,0.4140980541706085,0.14593026041984558,0.8120255470275879,0.48888063430786133
5798,0.7586702500000001,0.6580056150754293,0.06649280129931867,0.5915128137761106,0.20702368021011353,0.8173784017562866,0.9496147632598877,0.18923500180244446,0.006540261209011078,0.003703140886500478
15723,0.7668257166666667,0.7110315362612406,0.06708250691493352,0.643949029346307,0.6119653582572937,0.5981683731079102,0.9229608774185181,0.12003332376480103,0.05563832446932793,0.025575872510671616
12244,0.7496154333333335,0.30792774508396786,0.30974147717158,-0.001813732087612152,0.18781517446041107,0.07632607966661453,0.6596419811248779,0.7143662571907043,0.1706649214029312,0.04419325292110443
24341,0.7637057533333333,0.28339359164237976,0.042897407353545226,0.24049618428883454,0.19406427443027496,0.2082250565290451,0.4478914439678192,0.10571718215942383,0.019634563475847244,0.0033404764253646135
20708,0.7604890000000001,0.5488754473626614,0.3150894430776437,0.23378600428501767,0.03926556184887886,0.835497260093689,0.7718635201454163,0.8936800360679626,0.04031715542078018,0.011271137744188309
14139,0.7833165166666666,0.7502530614535013,0.0270684693629543,0.7231845920905471,0.6135838031768799,0.7245773077011108,0.9125980734825134,0.02287979982793331,0.052079737186431885,0.0062458710744977
11752,0.7060567866666667,0.6875839680433273,0.237264484167099,0.45031948387622833,0.9380558729171753,0.24743397533893585,0.8772620558738708,0.01338064856827259,0.687369704246521,0.01104309968650341
25282,0.7619159866666667,0.6340472102165222,0.028015462992091972,0.6060317472244302,0.2696998715400696,0.8988534212112427,0.7335883378982544,0.060828108340501785,0.003971901722252369,0.019246378913521767
7104,0.71227771,0.528777134915193,0.04227059804058323,0.4865065368746097,0.9901041388511658,0.1090683713555336,0.4871588945388794,0.0019113506423309445,0.026313966140151024,0.09858647733926773
13346,0.7065145766666667,0.8567040165265402,0.010347599163651466,0.8463564173628887,0.6603697538375854,0.940945029258728,0.9687972664833069,0.016532035544514656,0.004711516201496124,0.009799245744943619
7381,0.7961464500000001,0.1926903718461593,0.004412888083606958,0.18827748376255235,0.3136320412158966,0.2561560869216919,0.008282987400889397,0.006663587410002947,0.002631783951073885,0.003943292889744043
22964,0.7337827166666667,0.6950526759028435,0.0019372170499991626,0.6931154588528443,0.10704699903726578,0.9949705004692078,0.9831405282020569,0.003634441876783967,0.00042193164699710906,0.0017552776262164116
22187,0.7324530433333334,0.39129686541855335,0.10627245840926965,0.2850244070092837,0.8929541110992432,0.022799497470259666,0.2581369876861572,0.036002837121486664,0.27344855666160583,0.009365981444716454
5814,0.6972598666666667,0.6739577402671179,0.28340457131465274,0.3905531689524651,0.8971726298332214,0.22042368352413177,0.9042769074440002,0.05101199448108673,0.7603909373283386,0.03881078213453293
5426,0.70691369,0.7599476178487142,0.008174050909777483,0.7517735669389367,0.8969420790672302,0.6136919260025024,0.7692088484764099,0.011115787550807,0.008223476819694042,0.005182888358831406
3303,0.7386846766666667,0.4885839919249217,0.27340143515417975,0.21518255677074194,0.6765156984329224,0.45409631729125977,0.3351399600505829,0.15574276447296143,0.010847496800124645,0.6536140441894531
5815,0.7398084633333334,0.7400660912195841,0.06633179270041485,0.6737342985191692,0.5330542922019958,0.7412721514701843,0.9458718299865723,0.194954052567482,0.002551018726080656,0.0014903068076819181
22330,0.7261147666666666,0.5242479791243871,0.027485708085199196,0.49676227103918796,0.5827308893203735,0.8221952319145203,0.16781781613826752,0.0040510473772883415,0.04566594585776329,0.03274013102054596
20148,0.7716012733333333,0.9193429748217264,0.00835355999879539,0.910989414822931,0.842970609664917,0.9891413450241089,0.9259169697761536,0.00852652732282877,0.002692815149202943,0.013841337524354458
7372,0.7435724966666667,0.9465110898017883,0.03329623769968748,0.9132148521021008,0.9317365884780884,0.9133670926094055,0.9944295883178711,0.04323877394199371,0.05463811010122299,0.0020118290558457375
17859,0.7300874833333334,0.9190615018208822,0.0032521140528842807,0.9158093877679979,0.8513042330741882,0.9316155910491943,0.9742646813392639,0.006706113927066326,0.0019445786019787192,0.0011056496296077967
19134,0.7113628,0.8279426693916321,0.022742374140458804,0.8052002952511733,0.8311297297477722,0.9706616997718811,0.6820365786552429,0.03172677010297775,0.0011910711182281375,0.03530928120017052
14997,0.7418708133333333,0.55608446461459,0.0369367910704265,0.5191476735441636,0.7241048216819763,0.018764885142445564,0.9253836870193481,0.01770768314599991,0.09110980480909348,0.0019928852561861277
17631,0.7424762466666666,0.5953954557577769,0.10532344505190849,0.49007201070586837,0.6354621648788452,0.26544466614723206,0.8852795362472534,0.047493960708379745,0.1742529273033142,0.09422344714403152
25387,0.7891051,0.28233750878522795,0.020272692549042404,0.26206481623618555,0.401272714138031,0.44104132056236267,0.004698491655290127,0.017155135050415993,0.04332916811108589,0.00033377448562532663
20957,0.7391835833333333,0.6649536490440369,0.005834052727247278,0.6591195963167896,0.931918740272522,0.9854729771614075,0.07746922969818115,0.015300272032618523,0.001577153685502708,0.0006247324636206031
6208,0.7217762900000001,0.898452639579773,0.03156784502789378,0.8668847945518792,0.7546847462654114,0.9736077189445496,0.9670654535293579,0.09048701822757721,0.002489939332008362,0.0017265775240957737
1973,0.7450354200000001,0.6902701407670975,0.12810283293947577,0.5621673078276217,0.9521881341934204,0.9705997109413147,0.1480225771665573,0.0021490217186510563,0.00893891416490078,0.3732205629348755
17564,0.7463060366666667,0.940072258313497,0.0240572487624983,0.9160150095509987,0.9479687809944153,0.8896507024765015,0.982597291469574,0.017636075615882874,0.04714975878596306,0.007385911885648966
7684,0.7645727666666667,0.5257863104343414,0.010866716465291878,0.5149195939690495,0.396100789308548,0.6047738194465637,0.5764843225479126,0.02305583283305168,0.007793515920639038,0.0017508006421849132
2107,0.7264887333333334,0.7958873808383942,0.108852491423022,0.6870348894153722,0.410501092672348,0.9946594834327698,0.9825015664100647,0.32394129037857056,0.002389658475294709,0.0002265254152007401
1915,0.7767620333333333,0.4791915814081828,0.06006956038375696,0.41912202102442586,0.44590821862220764,0.6644598841667175,0.32720664143562317,0.13519981503486633,0.03837522119283676,0.006633644923567772
3213,0.7932173466666667,0.3699374198913574,0.03494062181562185,0.33499679807573557,0.17148876190185547,0.712251603603363,0.22607189416885376,0.052788589149713516,0.04588983952999115,0.0061434367671608925
23413,0.7305170466666667,0.40726491312185925,0.23604159522801638,0.17122331789384287,0.7284601926803589,0.3167257308959961,0.17660881578922272,0.04443635419011116,0.007507096044719219,0.6561813354492188
17738,0.7517357333333333,0.9062358140945435,0.00801003081141971,0.8982257832831237,0.992347002029419,0.7807986736297607,0.9455617666244507,0.0003381376445759088,0.02197718434035778,0.0017147704493254423
16784,0.7916505533333332,0.679425577322642,0.03885744131791095,0.6405681360047311,0.978832483291626,0.352933406829834,0.7065108418464661,0.004127246793359518,0.10890742391347885,0.003537653246894479
19159,0.72953689,0.6427461902300516,0.0810183014255017,0.5617278888045499,0.6249486804008484,0.3146970272064209,0.9885928630828857,0.1924690157175064,0.048354703933000565,0.0022311846259981394
17361,0.7633239333333334,0.7205258309841156,0.03729240006456772,0.6832334309195479,0.23111531138420105,0.9567124843597412,0.9737496972084045,0.08493957668542862,0.009379279799759388,0.017558343708515167
16006,0.7408946933333334,0.9585317770640055,0.0013513510736326377,0.9571804259903729,0.9696382284164429,0.9294734001159668,0.9764837026596069,0.0012665517861023545,0.0020016927737742662,0.0007858086610212922
17871,0.7349021466666666,0.5913188668588797,0.3160944227129221,0.2752244441459576,0.040849391371011734,0.9617348313331604,0.771372377872467,0.9297278523445129,0.00496847927570343,0.013586936518549919
6726,0.7258800000000001,0.4950142999490102,0.15101547663410506,0.34399882331490517,0.44070491194725037,0.326354444026947,0.7179835438728333,0.40758538246154785,0.016961615532636642,0.028499431908130646
11239,0.7719506533333335,0.4484175493319829,0.013529877488811811,0.4348876718431711,0.7993764281272888,0.09582538902759552,0.45005083084106445,0.019095581024885178,0.01866752654314041,0.0028265248984098434
22005,0.7514420666666667,0.30610445762674016,0.3605517956117789,-0.05444733798503876,0.033001143485307693,0.7647994160652161,0.12051281332969666,0.934762179851532,0.10229849070310593,0.044594716280698776
14741,0.7522990766666666,0.5690820713837942,0.07572230324149132,0.49335976814230287,0.6546982526779175,0.49696698784828186,0.5555809736251831,0.002984849736094475,0.030672525987029076,0.1935095340013504
14223,0.7424537666666667,0.4116641978422801,0.05795292230322957,0.3537112755390505,0.2706873118877411,0.5756813287734985,0.3886239528656006,0.11384928226470947,0.0031412369571626186,0.05686824768781662
11103,0.73383758,0.4892304992924134,0.2936544800759293,0.1955760192164841,0.01188923604786396,0.9838264584541321,0.47197580337524414,0.8466254472732544,0.000940188008826226,0.03339780494570732
11310,0.74212921,0.7960080007712046,0.1586540068189303,0.6373539939522743,0.4873831570148468,0.9744704365730286,0.9261704087257385,0.39662685990333557,0.01716430112719536,0.062170859426259995
15302,0.7758647999999999,0.9019900361696879,0.032210273338326566,0.8697797628313613,0.7667193412780762,0.9512734413146973,0.9879773259162903,0.09337764978408813,0.00280015985481441,0.00045301037607714534
11625,0.7172470866666666,0.6145824119448662,0.011217006482183933,0.6033654054626822,0.9507082104682922,0.8000251054763794,0.09301391988992691,0.020357659086585045,0.006204457953572273,0.007088902406394482
22037,0.8008339800000001,0.9147948821385702,0.022497489194696147,0.892297392943874,0.9585974812507629,0.8208374381065369,0.9649497270584106,0.002866154769435525,0.061829932034015656,0.0027963807806372643
26403,0.7357146933333333,0.6090874175230662,0.163287037362655,0.4458003801604111,0.3924482762813568,0.9257035255432129,0.5091104507446289,0.4198038578033447,0.018048346042633057,0.05200890824198723
5361,0.7669625166666667,0.6266688778996468,0.3400841065061589,0.28658477139348787,0.9013223648071289,0.028869949281215668,0.9498143196105957,0.05164988338947296,0.9635397791862488,0.005062656942754984
16402,0.7610941333333333,0.528503954410553,0.004885054426267743,0.5236188999842852,0.9790715575218201,0.5286630988121033,0.0777772068977356,0.002426875988021493,0.004793334286659956,0.00743495300412178
15750,0.7268124,0.9629302024841309,0.007945333995545903,0.954984868488585,0.9358115196228027,0.9580734968185425,0.9949055910110474,0.003706781892105937,0.018679460510611534,0.0014497595839202404
19340,0.7571725800000001,0.9576908747355143,0.006460842754070957,0.9512300319814433,0.9574405550956726,0.9371241927146912,0.9785078763961792,0.01387222483754158,0.0011864204425364733,0.004323882982134819
25849,0.7480206333333334,0.6919156610965729,0.2612685451749712,0.43064711592160165,0.2511874735355377,0.833854079246521,0.9907054305076599,0.6894989013671875,0.0906774252653122,0.003629308892413974
17458,0.7268901466666665,0.2846659409503142,0.029990135381619137,0.25467580556869507,0.3558081388473511,0.06109487637877464,0.4370948076248169,0.060990601778030396,0.005814630538225174,0.023165173828601837
11421,0.7260189366666667,0.5061595973869165,0.05630852716664473,0.44985107022027176,0.6697412133216858,0.058143358677625656,0.790594220161438,0.0902862474322319,0.06718452274799347,0.011454811319708824
19033,0.6962472000000001,0.16150436798731485,0.4727246512969335,-0.3112202833096186,0.14709559082984924,0.22373488545417786,0.11368262767791748,0.6290480494499207,0.11416105926036835,0.6749648451805115
12130,0.7277565666666668,0.46217938264211017,0.12763319785396257,0.33454618478814757,0.28133177757263184,0.155068039894104,0.9501383304595947,0.3282683789730072,0.04189935326576233,0.01273186132311821
24589,0.7614596766666667,0.9459503293037415,0.012254067230969667,0.9336962620727718,0.9806802868843079,0.9400875568389893,0.9170831441879272,0.004135038238018751,0.02126176841557026,0.011365395039319992
19601,0.7024232499999999,0.831428070863088,0.04222809864828984,0.7891999722147982,0.7620923519134521,0.960105299949646,0.7720865607261658,0.1023353561758995,0.016779668629169464,0.0075692711398005486
21731,0.6854173133333333,0.44428754846254986,0.026400705566629767,0.4178868428959201,0.257232666015625,0.1272921860218048,0.9483377933502197,0.07032350450754166,0.0062149264849722385,0.0026636857073754072
13967,0.7587040866666666,0.9055674274762472,0.023447890300303698,0.8821195371759435,0.8152325749397278,0.9281847476959229,0.9732849597930908,0.06335703283548355,0.004166102036833763,0.0028205360285937786
16984,0.7441614666666666,0.513586034377416,0.29450702853500843,0.21907900584240758,0.4888767600059509,0.1233319342136383,0.9285494089126587,0.06773126870393753,0.7979666590690613,0.01782315783202648
11674,0.7259404233333333,0.8506622513135275,0.0028182594881703458,0.8478439918253571,0.9610655903816223,0.6165120601654053,0.9744091033935547,0.003927655518054962,0.003665914526209235,0.0008612084202468395
18899,0.7741858733333333,0.8784171144167582,0.011780459821845094,0.8666366545949131,0.7639940977096558,0.8969258069992065,0.9743314385414124,0.033567558974027634,0.0008571419166401029,0.0009166785748675466
7762,0.7439186466666667,0.6325603698690733,0.02884036519875129,0.6037200046703219,0.05171488970518112,0.9289865493774414,0.9169796705245972,0.049346692860126495,0.012546061538159847,0.02462834119796753
12545,0.6822979666666668,0.4612896740436554,0.40476298906529945,0.056526684978355946,0.16304060816764832,0.22981655597686768,0.9910118579864502,0.819942057132721,0.39016830921173096,0.00417860085144639
7312,0.7313116066666666,0.5184056498110294,0.003533522792470952,0.5148721270185584,0.8131553530693054,0.6882933378219604,0.053768258541822433,0.0025479705072939396,0.007469123229384422,0.0005834746407344937
10749,0.7203114866666667,0.7937355736891428,0.1830944479443133,0.6106411257448295,0.44958236813545227,0.9815985560417175,0.9500257968902588,0.517466127872467,0.004011569079011679,0.027805646881461143
18819,0.7392635266666666,0.4168894613782565,0.14874149532988667,0.2681479660483698,0.1127919927239418,0.3872734308242798,0.7506029605865479,0.006934320088475943,0.36438751220703125,0.07490265369415283
17682,0.7562191,0.5882256130377451,0.1749574759354194,0.4132681371023257,0.5313031077384949,0.3463399112224579,0.8870338201522827,0.09414761513471603,0.4010753035545349,0.029649509117007256
15584,0.7160366699999999,0.4080648732682069,0.026797953139369685,0.38126692012883723,0.251687616109848,0.9276567697525024,0.04485023394227028,0.05676561966538429,0.021816397085785866,0.001811842666938901
8158,0.7302041333333333,0.6913489500681559,0.05879670940339565,0.6325522406647602,0.46858030557632446,0.640007734298706,0.9654588103294373,0.06466620415449142,0.0918423980474472,0.01988152600824833
20728,0.6995021866666665,0.7032188971837362,0.040712966273228325,0.6625059309105079,0.6688894629478455,0.7709640860557556,0.6698031425476074,0.03544984012842178,0.03084244579076767,0.05584661290049553
7232,0.7290018466666667,0.744720329840978,0.17225358836973706,0.572466741471241,0.815208911895752,0.43136247992515564,0.9875895977020264,0.10777081549167633,0.4016816020011902,0.00730834761634469
13035,0.7514071333333333,0.4014873243868351,0.009787108826761445,0.3917002155600737,0.0571618489921093,0.31591111421585083,0.8313890099525452,0.013056998141109943,0.012687498703598976,0.0036168296355754137
14248,0.76032541,0.923300584157308,0.016545783107479412,0.9067548010498285,0.941917896270752,0.8453204035758972,0.9826634526252747,0.004942731466144323,0.03802155330777168,0.006673064548522234
3523,0.7847586333333333,0.9609004060427347,0.023681143609186012,0.9372192624335487,0.9725464582443237,0.9378215074539185,0.9723332524299622,0.010719937272369862,0.04578828811645508,0.014535205438733101
17778,0.6590965866666666,0.4670105104645093,0.3877009724577268,0.07930953800678253,0.012849070131778717,0.9068370461463928,0.48134541511535645,0.9816246628761292,0.07939344644546509,0.10208480805158615
8078,0.7007405533333334,0.3904650981227557,0.026763790287077427,0.3637013078356783,0.884763777256012,0.2194330394268036,0.06719847768545151,0.018362686038017273,0.055076487362384796,0.006852197460830212
15198,0.6946737166666667,0.7400452891985575,0.07235201572378476,0.6676932734747727,0.6007846593856812,0.7034251093864441,0.9159260988235474,0.1507200300693512,0.03474893793463707,0.03158707916736603
21701,0.6820917999999999,0.6555453836917877,0.08173998010655244,0.5738054035852352,0.6955897808074951,0.4407166540622711,0.8303297162055969,0.15220509469509125,0.08088995516300201,0.012124890461564064
16248,0.7070240466666666,0.6781262755393982,0.0066295338328927755,0.6714967417065054,0.30121904611587524,0.9950056672096252,0.7381541132926941,0.014649412594735622,0.0004933055024594069,0.004745883401483297
17767,0.68886082,0.49358246227105457,0.20042366938044628,0.2931587928906083,0.2105964869260788,0.3701874613761902,0.8999634385108948,0.5581084489822388,0.009865161962807178,0.03329739719629288
24902,0.7368944666666667,0.3015579705437024,0.3583118914005657,-0.05675392085686326,0.6778653264045715,0.1484391838312149,0.07836940139532089,0.1654704213142395,0.007304250728338957,0.9021610021591187
25250,0.7124003766666668,0.6690671642621359,0.027422710321843624,0.6416444539402922,0.9279650449752808,0.2539220452308655,0.8253144025802612,0.05772268772125244,0.008454372175037861,0.01609107106924057
23361,0.7700632000000001,0.9563520153363546,0.003622832514035205,0.9527291828223194,0.9878801703453064,0.901709794998169,0.9794660806655884,0.002127476269379258,0.007680370472371578,0.0010606508003547788
19229,0.7174844133333332,0.33791448175907135,0.385438250998656,-0.04752376923958462,0.06259779632091522,0.5894358158111572,0.3617098331451416,0.8181475400924683,0.05790787190198898,0.2802593410015106
2846,0.7633891333333334,0.5364823862910271,0.2838837190065533,0.2525986672844738,0.02496401220560074,0.815475583076477,0.7690075635910034,0.7950243353843689,0.052952565252780914,0.003674256382510066
23054,0.7338951366666665,0.8295575380325317,0.07448143046349287,0.7550761075690389,0.7293167114257812,0.840444803237915,0.9189110994338989,0.15347141027450562,0.004694686271250248,0.06527819484472275
6305,0.7025527666666666,0.6682060559590658,0.1640079120794932,0.5041981438795726,0.697635293006897,0.704376220703125,0.6026066541671753,0.12459148466587067,0.21566341817378998,0.15176883339881897
3859,0.7517230666666667,0.2605026662349701,0.1677195510516564,0.0927831151833137,0.2665713131427765,0.25544893741607666,0.25948774814605713,0.02973373979330063,0.005385162308812141,0.46803975105285645
12407,0.7656364300000001,0.4409481833378474,0.043506367752949394,0.397441815584898,0.03181745111942291,0.9369094967842102,0.35411760210990906,0.04557639732956886,0.0071533918380737305,0.0777893140912056
13917,0.7259889333333334,0.6801110903422037,0.013519424052598575,0.6665916662896052,0.7468671798706055,0.9772455096244812,0.31622058153152466,0.03493144363164902,0.0018284852849319577,0.003798343241214752
6841,0.7447851,0.5095120469729105,0.06955038880308469,0.43996165816982585,0.6688679456710815,0.0892518162727356,0.7704163789749146,0.09449579566717148,0.10272820293903351,0.011427167803049088
11198,0.7066550133333335,0.40620287011067074,0.3652297581235568,0.04097311198711395,0.43384259939193726,0.7219882607460022,0.06277775019407272,0.058944009244441986,0.14957381784915924,0.8871714472770691
25224,0.7119968,0.8083530068397522,0.01299551889921228,0.79535748794054,0.9472696781158447,0.8594933748245239,0.6182959675788879,0.005291405133903027,0.0029120086692273617,0.030783142894506454
25797,0.7909215566666666,0.9412580529848734,0.019933967928712566,0.9213240850561608,0.9658550024032593,0.9948462247848511,0.86307293176651,0.004403451457619667,0.0006534189451485872,0.054745033383369446
4119,0.7635349000000001,0.564646323521932,0.08390747755765915,0.48073884596427285,0.555963397026062,0.3347366452217102,0.8032389283180237,0.14674131572246552,0.09026928246021271,0.014711834490299225
21242,0.7653879,0.9472675720850626,0.017419736842081573,0.9298478352429811,0.9261126518249512,0.9198024868965149,0.9958875775337219,0.011841624975204468,0.040098801255226135,0.00031878429581411183
11206,0.70790583,0.6935864637295405,0.10654618528982003,0.5870402784397204,0.18950091302394867,0.9305660128593445,0.9606924653053284,0.244753897190094,0.06470105051994324,0.010183608159422874
12128,0.7411962533333334,0.7647282282511393,0.07160648944166799,0.6931217388094713,0.9779365658760071,0.5304603576660156,0.7857877612113953,0.0033654773142188787,0.19514548778533936,0.016308503225445747
24631,0.7410640866666668,0.6970969488223394,0.0034512161122014127,0.693645732710138,0.9694193005561829,0.13644219934940338,0.9854293465614319,0.0031340376008301973,0.004578492604196072,0.0026411181315779686
6514,0.7216743633333333,0.7123360137144724,0.037257981641838946,0.6750780320726335,0.33232054114341736,0.8247706890106201,0.9799168109893799,0.02209082618355751,0.08829913288354874,0.0013839858584105968
17088,0.7684321866666667,0.19739560581122836,0.18408324119324485,0.013312364617983519,0.15805508196353912,0.007074469234794378,0.42705726623535156,0.38101035356521606,0.006594130303710699,0.1646452397108078
19438,0.7019465666666665,0.8571722904841105,0.0188262277127554,0.838346062771355,0.7943459153175354,0.9808588624000549,0.7963120937347412,0.026759617030620575,0.0013853164855390787,0.028333749622106552
19930,0.8313522299999999,0.5419926444689432,0.04965091294919451,0.49234173151974875,0.34925898909568787,0.28971007466316223,0.9870088696479797,0.12848520278930664,0.018020985648036003,0.0024465504102408886
21263,0.71665658,0.30826759586731595,0.3009425650040309,0.007325030863285065,0.03185155242681503,0.6716741323471069,0.22127710282802582,0.7081448435783386,0.14754723012447357,0.047135621309280396
15789,0.7096393933333333,0.8788962364196777,0.08148999853680532,0.7974062378828725,0.7172205448150635,0.9306890964508057,0.9887790679931641,0.22251026332378387,0.016393138095736504,0.005566594190895557
25284,0.7031262466666667,0.740966796875,0.05636122675302128,0.6846055701219788,0.6756738424301147,0.9875106811523438,0.5597158670425415,0.12498710304498672,0.002263839589431882,0.04183273762464523
20109,0.7630232566666667,0.614642451206843,0.039978024549782276,0.5746644266570607,0.8699586987495422,0.5211508274078369,0.45281782746315,0.015564742498099804,0.046800002455711365,0.05756932869553566
20622,0.7611243499999999,0.7835586071014404,0.05455118951310093,0.7290074175883395,0.937028706073761,0.42314010858535767,0.9905070066452026,0.0191459059715271,0.1436852663755417,0.0008223961922340095
6882,0.7671088166666666,0.8524232705434164,0.018700566453238327,0.833722704090178,0.805220365524292,0.8289358019828796,0.9231136441230774,0.024506255984306335,0.016674701124429703,0.014920742250978947
20864,0.7521112166666667,0.874894400437673,0.053930891677737236,0.8209635087599357,0.8710242509841919,0.810036838054657,0.9436221122741699,0.020166944712400436,0.11222628504037857,0.0293994452804327
13398,0.7162146833333334,0.9129469394683838,0.002854937881541749,0.910092001586842,0.98956698179245,0.8681138157844543,0.8811600208282471,0.003919709008187056,0.001840565470047295,0.002804539166390896
11245,0.6736286100000001,0.5636277397473654,0.1018918404976527,0.46173589924971264,0.40311628580093384,0.6880959272384644,0.5996710062026978,0.19455395638942719,0.011297181248664856,0.09982438385486603
19941,0.71382698,0.7142027715841929,0.07159401274596651,0.6426087588382263,0.8987400531768799,0.9420076012611389,0.30186066031455994,0.004097466357052326,0.004431058187037706,0.2062535136938095
26285,0.7190494533333333,0.9075558185577393,0.007138877796630065,0.9004169407611092,0.9952915906906128,0.7340731620788574,0.9933027029037476,0.0005768983392044902,0.019562387838959694,0.0012773472117260098
4814,0.71072985,0.4676448255777359,0.039398451161105186,0.4282463744166307,0.32806119322776794,0.8484276533126831,0.22644563019275665,0.11606352776288986,0.0006413915543816984,0.0014904341660439968
20932,0.7137214133333334,0.3878463606039683,0.2800792803366979,0.10776708026727044,0.304881751537323,0.14502528309822083,0.7136320471763611,0.5071024894714355,0.26778632402420044,0.0653490275144577
12308,0.7176061666666667,0.7297843297322592,0.03139903582632542,0.6983852939059337,0.8985384702682495,0.5143771767616272,0.7764373421669006,0.05271141603589058,0.028126349672675133,0.013359341770410538
19320,0.6918464333333333,0.6056460787852606,0.04618949939807256,0.559456579387188,0.770552396774292,0.1749003678560257,0.8714854717254639,0.07167253643274307,0.046400588005781174,0.020495373755693436
20851,0.73271881,0.2121527095635732,0.038256968992451824,0.1738957405711214,0.21766681969165802,0.21787391602993011,0.20091739296913147,0.013645834289491177,0.06848596781492233,0.03263910487294197
25109,0.8027526233333333,0.4725387791792552,0.04538466385565698,0.4271541153235982,0.3851149380207062,0.06268233060836792,0.9698190689086914,0.1266258955001831,0.005804799031466246,0.0037232970353215933
16203,0.6989250433333334,0.8408047755559286,0.08811354489686589,0.7526912306590627,0.6265990734100342,0.9269134998321533,0.9689017534255981,0.24609965085983276,0.014521208591759205,0.003719775239005685
20589,0.7217678766666666,0.6263150870800018,0.30788483812163275,0.3184302489583691,0.4073907434940338,0.9815444946289062,0.49001002311706543,0.46163418889045715,0.001698511652648449,0.4603218138217926
19593,0.7749413433333333,0.6079811553160349,0.010472976602613926,0.597508178713421,0.9389416575431824,0.18341878056526184,0.7015830278396606,0.016798941418528557,0.004132172092795372,0.010487816296517849
17415,0.6617108433333333,0.20243790497382483,0.02453329445173343,0.1779046105220914,0.10131392627954483,0.44053855538368225,0.06546123325824738,0.05205017700791359,0.011202342808246613,0.010347363539040089
12106,0.6934217,0.4023496061563492,0.16363539391507706,0.23871421224127212,0.6796923279762268,0.449688196182251,0.07766829431056976,0.1832943707704544,0.29433730244636536,0.013274508528411388
15343,0.7303581333333334,0.9546791513760885,0.002054362945879499,0.952624788430209,0.9014275074005127,0.9826738238334656,0.9799361228942871,0.0020664965268224478,0.002051153453066945,0.0020454388577491045
19978,0.7796047666666667,0.7288255492846171,0.00962089211679995,0.7192046571678171,0.901845395565033,0.2994242310523987,0.9852070212364197,0.014922656118869781,0.012504393234848976,0.0014356269966810942
7193,0.7060594166666666,0.7434319257736206,0.13965743725808957,0.6037744885155311,0.2761579155921936,0.9677137136459351,0.9864241480827332,0.4133494198322296,0.003177790902554989,0.0024451010394841433
17683,0.7737965533333334,0.7732992172241211,0.16302738478407264,0.6102718324400485,0.9655570387840271,0.3725939393043518,0.9817466735839844,0.003946010954678059,0.48099660873413086,0.004139534663408995
1953,0.7277373433333333,0.2701790854334831,0.01718291314318776,0.25299617229029536,0.09743092209100723,0.2665983736515045,0.4465079605579376,0.03077799268066883,0.014351699501276016,0.006419047247618437
10679,0.7020433666666667,0.8263411720593771,0.057346295177315675,0.7689948768820614,0.7097597718238831,0.7911744713783264,0.9780892729759216,0.09237571060657501,0.07712238281965256,0.002540792105719447
21457,0.7669005666666666,0.6671186983585358,0.00664638572682937,0.6604723126317064,0.9669787287712097,0.06904652714729309,0.9653308391571045,0.0061206999234855175,0.003505425062030554,0.010313032194972038
14154,0.77125056,0.47356320669253665,0.05443542885283629,0.41912777783970034,0.6485560536384583,0.07230619341135025,0.6998273730278015,0.0945347249507904,0.018862197175621986,0.04990936443209648
20220,0.7031001133333333,0.8343998193740845,0.01566614427914222,0.8187336750949422,0.9462733268737793,0.5691971778869629,0.9877289533615112,0.017604533582925797,0.025601843371987343,0.003792055882513523
21404,0.7177594766666667,0.7208536465962728,0.20906696716944376,0.5117866794268291,0.8922069072723389,0.6620692014694214,0.6082848310470581,0.07182027399539948,0.24439556896686554,0.3109850585460663
11214,0.6969597900000001,0.5639187544584274,0.0224498709042867,0.5414688835541407,0.09077616035938263,0.699917733669281,0.9010623693466187,0.06462187319993973,0.0013940496137365699,0.0013336898991838098
19158,0.7443982833333332,0.06156616533795992,0.49840427935123444,-0.4368381140132745,0.1271105855703354,0.052642058581113815,0.0049458518624305725,0.3582353889942169,0.14923281967639923,0.9877446293830872
17838,0.7286316999999999,0.6313290148973465,0.03859297061959902,0.5927360442777475,0.7744016051292419,0.1304338425397873,0.9891515970230103,0.08756690472364426,0.026473376899957657,0.00173863023519516
15814,0.7103229,0.7323910991350809,0.04255758412182331,0.6898335150132576,0.7807270884513855,0.6959825158119202,0.7204636931419373,0.04370284080505371,0.05537203326821327,0.02859787829220295
6597,0.7499632133333334,0.5773554642995199,0.2637375130628546,0.3136179512366653,0.9420907497406006,0.34976574778556824,0.44020989537239075,0.014530162326991558,0.3874390423297882,0.38924333453178406
24087,0.7416916666666666,0.8804399768511454,0.007915465471645197,0.8725245113795002,0.9275155067443848,0.9757696986198425,0.738034725189209,0.010466027073562145,0.0024186912924051285,0.010861678048968315
15009,0.7484553866666666,0.4296841820081075,0.018889886637528736,0.41079429537057877,0.7593041658401489,0.09455060958862305,0.43519777059555054,0.01886088028550148,0.023148005828261375,0.014660773798823357
23988,0.6322749133333333,0.5731353685259819,0.04249593087782463,0.5306394376481572,0.9627513885498047,0.051233626902103424,0.7054210901260376,0.00794799905270338,0.10228901356458664,0.017250780016183853
20745,0.7853540666666666,0.4256835877895355,0.2678086720407009,0.1578749157488346,0.20439615845680237,0.6604743003845215,0.4121803045272827,0.675445556640625,0.04124462231993675,0.08673583716154099
15046,0.7535283366666666,0.13796212151646614,0.07281274907290936,0.06514937244355679,0.27996253967285156,0.08397486060857773,0.04994896426796913,0.013457002118229866,0.17916908860206604,0.02581215649843216
15075,0.7405265666666666,0.6381699194510778,0.06840309481291722,0.5697668246381606,0.16642390191555023,0.7609937191009521,0.987092137336731,0.0015089486259967089,0.20228426158428192,0.0014160742284730077
6043,0.7383943799999999,0.38518794998526573,0.4723185822367668,-0.08713063225150108,0.04915415123105049,0.1476822793483734,0.9587274193763733,0.9024537205696106,0.492818683385849,0.02168334275484085
24437,0.6816742466666667,0.6053579685588678,0.31425969519962865,0.29109827335923916,0.047650109976530075,0.9053508639335632,0.86307293176651,0.8851525187492371,0.0028815334662795067,0.054745033383369446
19656,0.7781368533333334,0.8619028727213541,0.009767816479628285,0.8521350562417258,0.9057042002677917,0.7730334401130676,0.9069709777832031,0.010544325225055218,0.003751656273379922,0.015007467940449715
19394,0.6812720933333334,0.4879319866498311,0.27942689911772806,0.20850508753210306,0.19157695770263672,0.29477912187576294,0.9774398803710938,0.7770915627479553,0.051224928349256516,0.009964206255972385
17507,0.7286976866666667,0.5567344551285108,0.022093461360782385,0.5346409937677284,0.1046883836388588,0.584728479385376,0.9807865023612976,0.04573497176170349,0.01807600073516369,0.0024694115854799747
23167,0.7263186300000001,0.46150371929009754,0.1021319975455602,0.35937172174453735,0.08126451075077057,0.3482752740383148,0.9549713730812073,0.2643825113773346,0.021079599857330322,0.020933881402015686
12596,0.7590408166666668,0.6695926437775294,0.013412356842309237,0.6561802869352201,0.9581201076507568,0.22116364538669586,0.8294941782951355,0.006980343256145716,0.009908908046782017,0.023347819223999977
7436,0.7361052566666667,0.5660322805245718,0.26891424786299467,0.2971180326615771,0.16264906525611877,0.5499653220176697,0.9854824542999268,0.8048983812332153,0.0011660305317491293,0.0006783318240195513
10954,0.7815445533333333,0.8474618196487427,0.005783154842598985,0.8416786648061437,0.736930787563324,0.9236933588981628,0.8817613124847412,0.0073959422297775745,0.009198175743222237,0.0007553465547971427
6076,0.7768656666666667,0.6498364309469858,0.23470915015786886,0.415127280789117,0.8785519599914551,0.797068178653717,0.2738891541957855,0.003704414004459977,0.003749285591766238,0.6966737508773804
19764,0.68052389,0.20408973221977553,0.40433880989439785,-0.20024907767462233,0.5037092566490173,0.004734467715024948,0.10382547229528427,0.24984166026115417,0.960418701171875,0.0027560682501643896
20234,0.7245341,0.701634019613266,0.04393480238892759,0.6576992172243384,0.770052433013916,0.3488297760486603,0.9860198497772217,0.040493689477443695,0.09046605974435806,0.0008446579449810088
15087,0.77390963,0.40134456008672714,0.26552983532504487,0.13581472476168227,0.16119349002838135,0.10840124636888504,0.934438943862915,0.007307166233658791,0.7885648012161255,0.0007175385253503919
12730,0.7497905833333333,0.9165176749229431,0.014587461715564132,0.901930213207379,0.7863048911094666,0.9778497219085693,0.9853984117507935,0.03509187325835228,0.007068642880767584,0.0016018690075725317
21432,0.7432275,0.402583343287309,0.006261006463319063,0.39632233682398993,0.22572943568229675,0.03044513612985611,0.9515754580497742,0.004648406989872456,0.007519418839365244,0.00661519356071949
15303,0.7758230166666666,0.6495743989944458,0.060746604266266026,0.5888277947281798,0.8184155225753784,0.6672555208206177,0.4630521535873413,0.006651685573160648,0.13931907713413239,0.03626905009150505
10595,0.7105436833333334,0.45613564054171246,0.08112098012740414,0.3750146604143083,0.1483687162399292,0.2718028128147125,0.9482353925704956,0.06507117301225662,0.17429353296756744,0.003998234402388334
2970,0.7348762233333334,0.6982412735621134,0.2883540402011325,0.40988723336098093,0.13756316900253296,0.9605631828308105,0.9965974688529968,0.8279933929443359,0.034988511353731155,0.0020802163053303957
25217,0.7822386866666666,0.6882294515768687,0.05044549144804478,0.6377839601288239,0.3452284038066864,0.9548099637031555,0.7646499872207642,0.1329675018787384,0.007290063425898552,0.011078909039497375
23131,0.7542440233333334,0.1898167865971724,0.19256207595268884,-0.0027452893555164337,0.36202001571655273,0.15852269530296326,0.048907648772001266,0.3620455265045166,0.1946057826280594,0.02103491872549057
17571,0.7769375333333333,0.622147132953008,0.09624137605230014,0.525905756900708,0.35758158564567566,0.7612390518188477,0.7476207613945007,0.03888519108295441,0.0361643023788929,0.2136746346950531
14278,0.7462628133333333,0.4752013484636943,0.08606712023417155,0.3891342282295227,0.1441008746623993,0.44165125489234924,0.8398519158363342,0.037116751074790955,0.1450733244419098,0.0760112851858139
19336,0.73317211,0.7334566513697306,0.011691090165792653,0.721765561203938,0.6939219832420349,0.9713876843452454,0.5350602865219116,0.002925921930000186,0.0005126564647071064,0.03163469210267067
2606,0.75760074,0.4689812312523524,0.18029192773004374,0.2886893035223087,0.2343101054430008,0.4153451919555664,0.75728839635849,0.006367308087646961,0.5209595561027527,0.01354891899973154
7813,0.7959602666666666,0.44113558406631154,0.16082678354966143,0.2803088005166501,0.03691565617918968,0.328863263130188,0.9576278328895569,0.45148491859436035,0.0297639612108469,0.0012314708437770605
16182,0.7604082333333334,0.4709595888076971,0.06603422264258067,0.40492536616511643,0.5303332209587097,0.0032217649277299643,0.8793237805366516,0.1742035150527954,0.015673331916332245,0.00822582095861435
16069,0.7316869133333334,0.3466714570919673,0.45414942502975464,-0.10747796793778736,0.17297719419002533,0.34678101539611816,0.5202561616897583,0.6682900190353394,0.529811680316925,0.1643465757369995
19520,0.7901450533333333,0.9133607347806295,0.020114782848395407,0.8932459519322341,0.9690008163452148,0.8624887466430664,0.9085926413536072,0.0010330498917028308,0.016815854236483574,0.04249544441699982
2704,0.6925952400000001,0.8009763360023499,0.05608123994898051,0.7448950960533693,0.7241150736808777,0.6966762542724609,0.9821376800537109,0.15721379220485687,0.009482480585575104,0.0015474470565095544
14336,0.7420675,0.7889969050884247,0.1065062057847778,0.6824906993036469,0.44063833355903625,0.992727518081665,0.9336248636245728,0.2811829745769501,0.0012766076251864433,0.037059035152196884
509,0.7000681833333333,0.711338053146998,0.10792289550105731,0.6034151576459408,0.33895638585090637,0.8033832907676697,0.9916744828224182,0.27779874205589294,0.04358745738863945,0.0023824870586395264
7727,0.7202315966666667,0.914752463499705,0.005210112896747887,0.9095423506029571,0.8475868105888367,0.9129900932312012,0.9836804866790771,0.011181585490703583,0.003241707105189562,0.0012070460943505168
25996,0.80176686,0.43115854760011035,0.05841005966067314,0.3727484879394372,0.36344286799430847,0.23601053655147552,0.6940222382545471,0.03967726603150368,0.09819184988737106,0.037361063063144684
25732,0.6719926566666666,0.331137756157356,0.33010011391403776,0.0010376422433182597,0.005514658521860838,0.0012542823096737266,0.9866443276405334,0.987236499786377,0.000248919939622283,0.0028149220161139965
25422,0.7304592666666667,0.7844256361325582,0.007205569185316563,0.7772200669472417,0.6514390707015991,0.773938000202179,0.9278998374938965,0.007948107086122036,0.006908425595611334,0.006760174874216318
7374,0.7392552499999999,0.4487666040658951,0.07241523296882708,0.376351371097068,0.8154078722000122,0.3426966369152069,0.18819530308246613,0.008247734047472477,0.07889324426651001,0.13010472059249878
13884,0.7299028333333334,0.4588514119386673,0.3335301967648168,0.12532121517385048,0.3801366984844208,0.025498881936073303,0.9709186553955078,0.04248387739062309,0.9568384885787964,0.001268224325031042
6153,0.7867526466666668,0.2278208484252294,0.10233898088335991,0.1254818675418695,0.1328597217798233,0.1505311131477356,0.4000717103481293,0.061185065656900406,0.12285991758108139,0.12297195941209793
1755,0.7659438999999999,0.5936773618062338,0.01369019690901041,0.5799871648972234,0.8445424437522888,0.2833324074745178,0.6531572341918945,0.022157365456223488,0.0043699247762560844,0.014543300494551659
16612,0.7757551,0.358940073599418,0.05189935117959976,0.3070407224198182,0.05000552162528038,0.37421441078186035,0.6526002883911133,0.031909845769405365,0.015998341143131256,0.10778986662626266
6904,0.7499305399999999,0.3711106764773528,0.03593387299527725,0.33517680348207557,0.3884899616241455,0.6662103533744812,0.058631714433431625,0.06897551566362381,0.029965389519929886,0.008860713802278042
7728,0.7386952233333334,0.9217654863993326,0.008152456624278178,0.9136130297750544,0.9685673713684082,0.811917781829834,0.9848113059997559,0.0007208624738268554,0.02232370525598526,0.001412802143022418
3312,0.7128784466666667,0.46371739357709885,0.07949527710055311,0.38422211647654575,0.31767621636390686,0.10315442830324173,0.970321536064148,0.2250462919473648,0.01223013550043106,0.0012094038538634777
23528,0.7866517333333333,0.8219860394795736,0.022411261685192585,0.799574777794381,0.8855836391448975,0.9781575798988342,0.602216899394989,0.020344479009509087,0.005907931365072727,0.04098137468099594
10640,0.7317652866666667,0.5259523491064707,0.09620766900479794,0.42974468010167277,0.17637619376182556,0.5221045613288879,0.8793762922286987,0.0159942377358675,0.1745418906211853,0.098086878657341
17211,0.7524009100000001,0.6181036854783694,0.09093703136507732,0.527166654113292,0.07228011637926102,0.7871875762939453,0.9948433637619019,0.2472820281982422,0.025107188150286674,0.0004218777467031032
13758,0.7530531166666666,0.34739785889784497,0.44225485622882843,-0.09485699733098346,0.7727600336074829,0.09949469566345215,0.1699388474225998,0.018032148480415344,0.8494895100593567,0.45924291014671326
1492,0.7002740333333333,0.4606002364307642,0.34511801274493337,0.11548222368583083,0.3909834325313568,0.030397383496165276,0.9604198932647705,0.07668904960155487,0.9567817449569702,0.0018832436762750149
12894,0.7174485466666667,0.5059355894724528,0.24702146897713342,0.25891412049531937,0.26910674571990967,0.377238929271698,0.8714610934257507,0.20194567739963531,0.5017163753509521,0.037402354180812836
11244,0.6742416833333333,0.5851295441389084,0.22079986473545432,0.36432967940345407,0.5358541011810303,0.2325161248445511,0.9870184063911438,0.046822406351566315,0.614996075630188,0.0005811122246086597
16637,0.7851266,0.9437960187594095,0.002447780493336419,0.9413482382660732,0.9843391180038452,0.9950242638587952,0.8520246744155884,0.0006266265409067273,0.002245699753984809,0.0044710151851177216
5785,0.7380213533333334,0.17073135326306024,0.14661911378304163,0.024112239480018616,0.0754644051194191,0.09474687278270721,0.34198278188705444,0.0841866210103035,0.02112025022506714,0.3345504701137543
7618,0.7528455533333333,0.8327727317810059,0.028628490826425452,0.8041442409545804,0.6539364457130432,0.9799492955207825,0.8644324541091919,0.07452503591775894,0.000813630293123424,0.010546806268393993
17201,0.7768301766666666,0.2818522055943807,0.23682953851918379,0.04502266707519689,0.14979133009910583,0.2527720034122467,0.44299328327178955,0.6331132650375366,0.06313535571098328,0.014239994809031487
1353,0.7065888833333333,0.347358097632726,0.22112427403529486,0.12623382359743116,0.1543930470943451,0.7174243330955505,0.17025691270828247,0.0592338889837265,0.04806443303823471,0.5560745000839233
12948,0.7333120466666667,0.2247503697872162,0.06268603603045146,0.1620643337567647,0.4024154543876648,0.0701211541891098,0.20171450078487396,0.01889488659799099,0.025846565142273903,0.14331665635108948
5823,0.7758397833333334,0.8305789629618326,0.01208193770920237,0.8184970252526302,0.7939988970756531,0.9638147354125977,0.7339232563972473,0.03102814219892025,0.002881753956899047,0.0023359169717878103
11068,0.7015724566666667,0.1672780904918909,0.49428589393695194,-0.32700780344506103,0.46567603945732117,0.02187441475689411,0.014283817261457443,0.4674986004829407,0.0333544984459877,0.9820045828819275
19194,0.7736755,0.44320205847422284,0.2984951163331668,0.14470694214105606,0.1450640857219696,0.35618022084236145,0.8283618688583374,0.8028060793876648,0.021141082048416138,0.07153818756341934
3458,0.75889986,0.9547627568244934,0.007766671711578965,0.9469960851129144,0.9056875705718994,0.9864330887794495,0.9721676111221313,0.018650667741894722,0.0025227393489331007,0.002126608043909073
10947,0.8006264566666667,0.42965508500734967,0.14698051568120718,0.2826745693261425,0.25742655992507935,0.06867721676826477,0.9628614783287048,0.4223572909832001,0.010635348036885262,0.007948908023536205
12586,0.7102040166666667,0.5999636948108673,0.1689515565522015,0.4310121382586658,0.36908429861068726,0.47572025656700134,0.9550865292549133,0.48302480578422546,0.01787816360592842,0.0059517002664506435
22266,0.7733479166666667,0.27116337791085243,0.1879765409976244,0.08318683691322803,0.04044346138834953,0.039414167404174805,0.733632504940033,0.4985100328922272,0.013099351897835732,0.05232023820281029
21290,0.7126442866666666,0.8286734620730082,0.11712791599954168,0.7115455460734665,0.8812678456306458,0.6495376825332642,0.9552148580551147,0.019469741731882095,0.32788634300231934,0.004027663264423609
13302,0.7208661833333334,0.3389790380994479,0.34729127523799735,-0.00831223713854945,0.5858466625213623,0.0839201882481575,0.34717026352882385,0.1865178346633911,0.8311704993247986,0.02418549172580242
11185,0.7482023066666666,0.12028617163499196,0.3088914292554061,-0.18860525762041414,0.05166834592819214,0.19779054820537567,0.11139962077140808,0.03961549326777458,0.15494465827941895,0.7321141362190247
5039,0.7541298466666667,0.6363953351974487,0.20398775612314543,0.43240757907430327,0.26365870237350464,0.8660733699798584,0.7794539332389832,0.4792928397655487,0.05241968110203743,0.08025074750185013
21462,0.7046948833333334,0.7599527537822723,0.17730819660937414,0.5826445571728982,0.8780949711799622,0.9945505261421204,0.4072127640247345,0.016209010034799576,0.0009504363988526165,0.5147651433944702
12229,0.71314891,0.6615731716156006,0.012196250259876251,0.6493769213557243,0.8670660853385925,0.7765758633613586,0.3410775661468506,0.010914751328527927,0.0140029676258564,0.011671031825244427
17497,0.7170773633333333,0.543920303384463,0.10980986962871005,0.4341104337557529,0.22440429031848907,0.5995941162109375,0.8077625036239624,0.29210731387138367,0.000990052823908627,0.03633224219083786
23365,0.7746495666666666,0.5185094575087229,0.15130110300378874,0.36720835450493416,0.20193704962730408,0.3752412796020508,0.978350043296814,0.1600576639175415,0.2928810119628906,0.0009646331309340894
2741,0.7106418333333334,0.6154780760407448,0.28814728123446304,0.32733079480628174,0.11077945679426193,0.9504349231719971,0.7852198481559753,0.812185525894165,0.01064118929207325,0.04161512851715088
20803,0.7355550000000001,0.918586810429891,0.014571516658179462,0.9040152937717115,0.9374656677246094,0.8570394515991211,0.9612553119659424,0.009335320442914963,0.032715827226638794,0.0016634023049846292
14401,0.7518708466666667,0.36645814776420593,0.25177299976348877,0.11468514800071716,0.2849791646003723,0.45592519640922546,0.35847008228302,0.3341519236564636,0.24739857017993927,0.17376850545406342
14963,0.7107721466666667,0.8286937872568766,0.05401616124436259,0.774677626012514,0.8412946462631226,0.9869531393051147,0.6578335762023926,0.005494194105267525,0.0021254797466099262,0.15442880988121033
16673,0.7465719333333333,0.5507973531881968,0.20409451176722845,0.3467028414209683,0.3840356767177582,0.5651798844337463,0.7031764984130859,0.5043126344680786,0.030904263257980347,0.07706663757562637
7448,0.7849971466666666,0.17345050536096096,0.022140792726228636,0.15130971263473234,0.12949500977993011,0.022436531260609627,0.36841997504234314,0.023471862077713013,0.004721359815448523,0.03822915628552437
16960,0.80784505,0.4603189726670583,0.20526525983586907,0.2550537128311892,0.4240971803665161,0.12635299563407898,0.8305067420005798,0.014065327122807503,0.5957736372947693,0.005956815090030432
11262,0.7608623366666666,0.8512588342030843,0.015200521952162186,0.8360583122509222,0.9068224430084229,0.8515845537185669,0.7953695058822632,0.028252916410565376,0.004985201638191938,0.012363447807729244
7808,0.74866117,0.4645581642786662,0.21912210589895645,0.24543605837970975,0.07189184427261353,0.8961963057518005,0.4255863428115845,0.08912204951047897,0.006632019765675068,0.5616122484207153
7564,0.74110409,0.42671990394592285,0.05498755971590678,0.37173234423001605,0.8594339489936829,0.18228881061077118,0.23843695223331451,0.0524258017539978,0.04632531851530075,0.06621155887842178
22522,0.7220406666666667,0.5826979676882426,0.3428741376847029,0.23982383000353968,0.9493268728256226,0.7351232171058655,0.06364381313323975,0.02672075666487217,0.1267511546611786,0.8751505017280579
15506,0.7323876133333332,0.6784502267837524,0.021048462095980842,0.6574017646877716,0.1549689769744873,0.8965409398078918,0.9838407635688782,0.029475431889295578,0.030439205467700958,0.0032307489309459925
2595,0.77369384,0.36169199521342915,0.08672713954001665,0.2749648556734125,0.05858967825770378,0.7192428112030029,0.3072434961795807,0.1875206083059311,0.06689999997615814,0.00576081033796072
7756,0.7503348433333333,0.48730965455373126,0.09994902593704562,0.38736062861668563,0.40403303503990173,0.9374012351036072,0.12049469351768494,0.22619976103305817,0.003225978696718812,0.07042133808135986
11478,0.7316998133333333,0.5035976941386858,0.06820558942854404,0.4353921047101418,0.5180816650390625,0.9203926920890808,0.07231872528791428,0.17421482503414154,0.017944801598787308,0.012457141652703285
7606,0.7660809,0.8443687359491984,0.06241813150700182,0.7819506044421966,0.9263707995414734,0.6381359696388245,0.9685994386672974,0.014176520518958569,0.1717519611120224,0.0013259128900244832
4769,0.7649243466666666,0.34140299384792644,0.2247389992699027,0.11666399457802373,0.16747786104679108,0.810177743434906,0.04655337706208229,0.5385175347328186,0.12279728055000305,0.012902182526886463
16723,0.7631685833333334,0.4444150912264983,0.09366277450074752,0.3507523167257508,0.059990402311086655,0.5193458795547485,0.7539089918136597,0.04107001796364784,0.22555992007255554,0.01435838546603918
15857,0.7514824866666666,0.9633355140686035,0.005732175583640735,0.9576033384849628,0.9615540504455566,0.9591480493545532,0.9693044424057007,0.010192740708589554,0.004238334950059652,0.002765451092272997
7865,0.7602776700000001,0.24234974943101406,0.6234559615453085,-0.3811062121142944,0.04919286444783211,0.010714052245020866,0.6671423316001892,0.751680314540863,0.9873194694519043,0.13136810064315796
8094,0.7379134666666666,0.6526420911153158,0.021786519481490057,0.6308555716338258,0.13716524839401245,0.9267539381980896,0.8940070867538452,0.020130598917603493,0.00501753157004714,0.040211427956819534
17336,0.7269481133333334,0.4088372116287549,0.2909144939233859,0.117922717705369,0.16358140110969543,0.09447736293077469,0.9684528708457947,0.7743300795555115,0.07651010155677795,0.021903300657868385
7644,0.7174362066666666,0.6386908572167158,0.1270853225917866,0.5116055346249292,0.023937726393342018,0.9682926535606384,0.923842191696167,0.3587001860141754,0.01932639814913273,0.003229383612051606
16450,0.7645248666666666,0.707625945409139,0.23107998756070933,0.4765459578484297,0.8574361205101013,0.9980208873748779,0.26742082834243774,0.00038705894257873297,0.0005695117870345712,0.6922833919525146
12480,0.77504762,0.5331150988737742,0.221860999862353,0.3112540990114212,0.2785824239253998,0.5487417578697205,0.7720211148262024,0.17062696814537048,0.35325783491134644,0.1416981965303421
17517,0.7002003,0.7496950626373291,0.020520107510189216,0.7291749551271399,0.5069097876548767,0.7460689544677734,0.9961064457893372,0.02973710373044014,0.030793944373726845,0.0010292744264006615
20211,0.7451845666666667,0.26387131835023564,0.37183011571566266,-0.10795879736542702,0.554712176322937,0.031488481909036636,0.20541329681873322,0.22720922529697418,0.8248873949050903,0.0633937269449234
10937,0.7075671200000001,0.7774508396784464,0.0037194914960612855,0.7737313481823851,0.928572416305542,0.4177814722061157,0.9859986305236816,0.002162247896194458,0.006700257770717144,0.002295968821272254
7760,0.7457412966666667,0.5087505678335825,0.101618026693662,0.40713254113992053,0.5964301824569702,0.1563815176486969,0.7734400033950806,0.1763044148683548,0.07987186312675476,0.048677802085876465
17115,0.7527860633333333,0.5899653534094492,0.15648909580583373,0.4334762576036155,0.9825575947761536,0.29742369055747986,0.48991477489471436,0.0008959765546023846,0.008338963612914085,0.46023234724998474
4946,0.7638976333333334,0.3690376703937848,0.01631254058641692,0.3527251298073679,0.09377888590097427,0.36527374386787415,0.6480603814125061,0.0024603770580142736,0.04413997381925583,0.0023372708819806576
20713,0.7563380899999999,0.4158150727550189,0.26169725189295906,0.15411782086205983,0.09597159177064896,0.9810500741004944,0.17042355239391327,0.0317719392478466,0.0028430388774722815,0.7504767775535583
18251,0.7420198866666666,0.5876719355583191,0.1937317242845893,0.3939402112737298,0.5219393372535706,0.7743152976036072,0.46676117181777954,0.08790893107652664,0.009823639877140522,0.4834626019001007
15832,0.7466599166666668,0.28712568680445355,0.04079998377710581,0.24632570302734774,0.5554606318473816,0.16604219377040863,0.13987423479557037,0.0537240207195282,0.013470782898366451,0.055205147713422775
13985,0.8004126866666667,0.5466537103056908,0.05410977949698766,0.4925439308087031,0.8554860353469849,0.07357210665941238,0.710902988910675,0.10418841987848282,0.0195709690451622,0.03856994956731796
16490,0.7849092300000001,0.8594358364741007,0.06921526331764956,0.7902205731564511,0.6600655317306519,0.9884784817695618,0.9297634959220886,0.16366274654865265,0.00248877820558846,0.04149426519870758
22996,0.7466625166666666,0.8523671428362528,0.06665086334881683,0.7857162794874359,0.6078052520751953,0.9563024044036865,0.9929937720298767,0.17966687679290771,0.018213018774986267,0.002072694478556514
1878,0.7013070200000001,0.743272989988327,0.1663682572543621,0.5769047327339649,0.9056916832923889,0.9364097118377686,0.3877175748348236,0.056337207555770874,0.017150942236185074,0.42561662197113037
17338,0.7405910499999999,0.3673318326473236,0.0029024174824977913,0.3644294151648258,0.032987505197525024,0.20094484090805054,0.8680631518363953,0.002505509415641427,0.00430286256596446,0.001898880465887487
21852,0.7537915133333333,0.8075817227363586,0.12897708579354608,0.6786046369428126,0.9905465841293335,0.4453859329223633,0.9868126511573792,0.0007145386771298945,0.38357189297676086,0.002644825726747513
21187,0.7375674666666666,0.6488381996750832,0.0045832476268212,0.644254952048262,0.11334197968244553,0.9514524340629578,0.8817201852798462,0.007259876001626253,0.001408273819833994,0.005081593059003353
15487,0.7346500733333333,0.2213748718301455,0.13160356444617113,0.08977130738397437,0.43606963753700256,0.0831804946064949,0.1448744833469391,0.32169461250305176,0.05005890130996704,0.023057179525494576
14758,0.7605776,0.8998685280481974,0.008606997008124987,0.8912615310400724,0.9652546048164368,0.887058436870575,0.8472925424575806,0.008820507675409317,0.00616668164730072,0.010833801701664925
24379,0.7659988433333332,0.7578928569952647,0.004424257203936577,0.7534685997913281,0.9475442171096802,0.36156710982322693,0.964567244052887,0.0014470089226961136,0.0038627730682492256,0.007962989620864391
24213,0.6734713666666666,0.5630234777927399,0.008720377615342537,0.5543031001773974,0.5273972749710083,0.2302362620830536,0.9314368963241577,0.0035259206779301167,0.008927227929234505,0.013707984238862991
12616,0.7608515033333334,0.3822837968667348,0.04086812246047581,0.341415674406259,0.9290643930435181,0.10187254846096039,0.11591444909572601,0.019132062792778015,0.10307339578866959,0.00039890879997983575
6072,0.70879098,0.2718803882598877,0.4369404564301173,-0.1650600681702296,0.1654026061296463,0.40424591302871704,0.24599264562129974,0.15568514168262482,0.4707688093185425,0.6843674182891846
16423,0.7303061966666666,0.7598257064819336,0.0281209588671724,0.7317047476147612,0.9174090027809143,0.8576948642730713,0.5043732523918152,0.04290779307484627,0.006862853653728962,0.03459222987294197
20512,0.7489110600000001,0.6637407715121905,0.02646325125048558,0.6372775202617049,0.90532386302948,0.11806272715330124,0.9678357243537903,0.06065291911363602,0.013814355246722698,0.0049224793910980225
15946,0.8013099033333333,0.20514903465906778,0.03592994002004465,0.16921909463902313,0.13906541466712952,0.17357370257377625,0.3028079867362976,0.02980455756187439,0.0739276334643364,0.004057629033923149
21492,0.7094122966666667,0.7263783017794291,0.05781675068040689,0.6685615510990222,0.740772008895874,0.993575394153595,0.44478750228881836,0.13543260097503662,0.0007871668785810471,0.037230484187603
10859,0.77862277,0.8776894609133402,0.011319478275254369,0.8663699826380858,0.9099104404449463,0.7428594827651978,0.9802984595298767,0.023137882351875305,0.007339857053011656,0.0034806954208761454
16618,0.7198190266666668,0.7429811557133993,0.2177240151601533,0.525257140553246,0.26957494020462036,0.9715296626091003,0.987838864326477,0.63231360912323,0.015950605273246765,0.004907831083983183
5928,0.7444046966666665,0.6398613216976324,0.3265695545899992,0.31329176710763323,0.011956263333559036,0.9882441759109497,0.9193835258483887,0.9723275303840637,0.0009897329146042466,0.006391400471329689
23460,0.7493758666666667,0.4480825513601303,0.025363113187874358,0.42271943817225593,0.1959320455789566,0.16941618919372559,0.9788994193077087,0.027626723051071167,0.047402579337358475,0.001060037175193429
16596,0.7405969533333332,0.2011046161254247,0.392585813999176,-0.1914811978737513,0.11890846490859985,0.21293719112873077,0.2714681923389435,0.17233628034591675,0.36523759365081787,0.6401835680007935
6861,0.7586327733333333,0.3148600409428279,0.3908655991156896,-0.0760055581728617,0.09139466285705566,0.031796857714653015,0.8213886022567749,0.11598585546016693,0.9549998641014099,0.10161107778549194
16072,0.74642622,0.33378294110298157,0.12890765365834037,0.2048752874446412,0.25185126066207886,0.2900577783584595,0.45943978428840637,0.35154396295547485,0.0031722947023808956,0.032006703317165375
18827,0.7276763566666666,0.43900608519713086,0.10116996817911665,0.3378361170180142,0.04497919976711273,0.43550682067871094,0.8365322351455688,0.02654539979994297,0.27067652344703674,0.006287981290370226
16923,0.7448282666666667,0.9270477294921875,0.02074094667720298,0.9063067828149846,0.8321467041969299,0.989050030708313,0.9599464535713196,0.03772257640957832,0.0034573243465274572,0.02104293927550316
1729,0.70915681,0.3057374805212021,0.33803924918174744,-0.03230176866054535,0.40643739700317383,0.48341619968414307,0.027358844876289368,0.020394034683704376,0.10871072858572006,0.8850129842758179
19312,0.7599427100000001,0.8174091974894205,0.02377570637812217,0.7936334911112983,0.8919403553009033,0.6205984950065613,0.9396887421607971,0.025902429595589638,0.03263456001877785,0.012790129519999027
12631,0.7572127999999999,0.20677121573438248,0.4984670753280322,-0.29169585959364974,0.08452945947647095,0.5219363570213318,0.013847830705344677,0.598323404788971,0.07316388934850693,0.8239139318466187
14909,0.7793123300000001,0.6042965799570084,0.03913868156572183,0.5651578983912865,0.15730462968349457,0.8519669771194458,0.8036181330680847,0.057756226509809494,0.028255773708224297,0.0314040444791317
13885,0.71582556,0.7667130629221598,0.004198829701635987,0.7625142332205238,0.669854998588562,0.6369493007659912,0.9933348894119263,0.0036837684456259012,0.00853512529283762,0.0003775953664444387
26161,0.7694315666666666,0.37401725848515827,0.13944346457719803,0.23457379390796024,0.07467634975910187,0.1099620908498764,0.9374133348464966,0.390512615442276,0.0225814301520586,0.005236348137259483
14104,0.73004083,0.956524650255839,0.019223728993286688,0.9373009212625523,0.979686439037323,0.9757387042045593,0.9141488075256348,0.004905502777546644,0.010343102738261223,0.0424225814640522
13220,0.7812152166666667,0.4457595720887184,0.4951087500279148,-0.04934917793919641,0.9745928049087524,0.2840012311935425,0.07868468016386032,0.006990273483097553,0.6323959231376648,0.8459400534629822
5931,0.73513565,0.90949018796285,0.04529303475283086,0.8641971532100191,0.7761503458023071,0.9787498116493225,0.9735704064369202,0.12670305371284485,0.005553348455578089,0.0036227020900696516
23429,0.7571929333333333,0.33168398899336654,0.015264110571782416,0.31641987842158414,0.19583512842655182,0.7813236713409424,0.017893167212605476,0.04200221598148346,0.0033990279771387577,0.00039108775672502816
5626,0.7731333333333333,0.5974294890960058,0.015247936205317577,0.5821815528906882,0.6474879384040833,0.16924183070659637,0.9755586981773376,0.026934629306197166,0.012235916219651699,0.006573263090103865
5220,0.74292228,0.5810555020968119,0.05173273046966642,0.5293227716271455,0.5853259563446045,0.2661176919937134,0.8917228579521179,0.05617202818393707,0.0972500890493393,0.001776074175722897
25154,0.758613,0.2496509924530983,0.0480345676963528,0.2016164247567455,0.37752556800842285,0.057063691318035126,0.3143637180328369,0.044563692063093185,0.00929721537977457,0.09024279564619064
541,0.7003201199999999,0.6153408288955688,0.02688448193172614,0.5884563469638427,0.9803229570388794,0.2797008752822876,0.5859986543655396,0.008615018799901009,0.022603295743465424,0.04943513125181198
5609,0.7324485466666667,0.22023085256417593,0.10655951127409935,0.11367134129007658,0.2541489601135254,0.33166882395744324,0.07487477362155914,0.19128048419952393,0.08737006038427353,0.041027989238500595
5162,0.7883409233333333,0.6627080241839091,0.22084658034145832,0.44186144384245074,0.4704727530479431,0.6741029024124146,0.8435484170913696,0.3965648412704468,0.2520168721675873,0.013958027586340904
15307,0.6922966666666666,0.5912911891937256,0.06664473190903664,0.524646457284689,0.6710692048072815,0.6631726622581482,0.43963170051574707,0.06290871649980545,0.02234070375561714,0.11468477547168732
13066,0.8004934733333333,0.5875220795472463,0.019814857902626198,0.5677072216446202,0.15264329314231873,0.7954832315444946,0.8144397139549255,0.026995817199349403,0.008046199567615986,0.0244025569409132
18691,0.7535221333333334,0.518542637427648,0.014047300598273674,0.5044953368293743,0.6381620764732361,0.5572394728660583,0.3602263629436493,0.012153957039117813,0.005378287751227617,0.024609657004475594
5675,0.7273856666666666,0.6991711656252543,0.03074974628786246,0.6684214193373919,0.6605898141860962,0.5763827562332153,0.8605409264564514,0.037560224533081055,0.02592504397034645,0.028763970360159874
23536,0.7771989666666667,0.4070296585559845,0.4161928966641426,-0.009163238108158112,0.6674659848213196,0.4038473963737488,0.14977559447288513,0.1089608296751976,0.2960386872291565,0.8435791730880737
24643,0.7427460366666666,0.8037065068880717,0.14822146793206534,0.6554850389560063,0.9355701208114624,0.5724427700042725,0.9031066298484802,0.04208088666200638,0.37615111470222473,0.026432402431964874
21591,0.6965445333333333,0.7761849264303843,0.00456741766538471,0.7716175087649996,0.9978170394897461,0.3655218780040741,0.9652158617973328,0.0002566466573625803,0.012704434804618359,0.0007411715341731906
13410,0.7547115400000001,0.7990626096725464,0.0855700404693683,0.713492569203178,0.8699771165847778,0.906101405620575,0.6211093068122864,0.022295935079455376,0.042378928512334824,0.1920352578163147
12530,0.6990393,0.6738694310188293,0.13913067616522312,0.5347387548536062,0.6638543605804443,0.4154115915298462,0.9423423409461975,0.22987045347690582,0.16015544533729553,0.02736612968146801
22311,0.7492393266666667,0.6194351812203726,0.13258517677119622,0.48685000444917637,0.9842038750648499,0.6916294693946838,0.18247219920158386,0.001757176243700087,0.008571351878345013,0.3874270021915436
23153,0.7761735233333332,0.6356335662615796,0.34798607757935923,0.2876474886822204,0.007159168366342783,0.9632633924484253,0.9364781379699707,0.9826655387878418,0.011661169119179249,0.049631524831056595
3173,0.6667463799999999,0.4932793105642001,0.005580801283940673,0.48769850928025943,0.5038038492202759,0.06339744478464127,0.9126366376876831,0.007892689667642117,0.003162543987855315,0.005687170196324587
20264,0.7309559733333334,0.8940248092015585,0.03724985755980015,0.8567749516417583,0.9463828802108765,0.9005774855613708,0.835114061832428,0.01706487312912941,0.005973966792225838,0.0887107327580452
6235,0.7335161,0.30738139649232227,0.047696128487586975,0.2596852680047353,0.23200692236423492,0.6350334286689758,0.055103838443756104,0.013191592879593372,0.11701139807701111,0.012885394506156445
3465,0.7088685866666666,0.722317119439443,0.031128074352939922,0.691189045086503,0.3243880867958069,0.858823835849762,0.98373943567276,0.06720326095819473,0.014547785744071007,0.011633176356554031
24217,0.6731376,0.350994810461998,0.48447765906651813,-0.13348284860452014,0.33367761969566345,0.04904310405254364,0.6702637076377869,0.3914443254470825,0.9473200440406799,0.11466860771179199
19293,0.7518663233333335,0.6050813148419062,0.09943518950603902,0.5056461253358672,0.13623176515102386,0.7954007983207703,0.8836113810539246,0.20874539017677307,0.0868343636393547,0.002725814701989293
18931,0.7167098,0.37275850648681325,0.11583510041236877,0.25692340607444447,0.33229735493659973,0.05359252914786339,0.7323856353759766,0.21222901344299316,0.02208041399717331,0.11319587379693985
2109,0.7455352166666667,0.46138715744018555,0.02437806936601798,0.43700908807416755,0.5120443105697632,0.2894114851951599,0.5827056765556335,0.01807737536728382,0.02441488951444626,0.030641943216323853
14933,0.7419562333333333,0.4056717852751414,0.115025553231438,0.29064623204370343,0.07300198078155518,0.1784365475177765,0.9655768275260925,0.27123525738716125,0.06368567049503326,0.010155731812119484
21397,0.7157895066666667,0.5919070591529211,0.08635070888946454,0.5055563502634566,0.19574306905269623,0.941826343536377,0.6381517648696899,0.24006375670433044,0.004097269847989082,0.014891100116074085
20213,0.7114543733333333,0.3179486769561966,0.6381325613086423,-0.32018388435244566,0.014395062811672688,0.03390483930706978,0.9055461287498474,0.981951117515564,0.9235689043998718,0.008877662010490894
22921,0.7198036033333334,0.9345224897066752,0.008397056255489588,0.9261254334511856,0.877393364906311,0.9838303923606873,0.9423437118530273,0.023199783638119698,0.0008168526692315936,0.0011745324591174722
7766,0.6488145,0.9841511646906534,0.004881561112900575,0.9792696035777528,0.979728639125824,0.9881049394607544,0.9846199154853821,0.004681065212935209,0.0051850988529622555,0.00477851927280426
13577,0.7709156266666667,0.48434712489446,0.2792966738343239,0.20505045106013614,0.13771557807922363,0.5205445885658264,0.7947812080383301,0.7503224611282349,0.01647345721721649,0.0710941031575203
24984,0.7854222033333333,0.8355156779289246,0.025874761282466352,0.8096409166464582,0.6673987507820129,0.8426892161369324,0.9964590668678284,0.048346202820539474,0.02883523888885975,0.00044284213799983263
5475,0.7881314633333334,0.2675718565781911,0.028038807834188145,0.23953304874400297,0.22981636226177216,0.4246600270271301,0.14823918044567108,0.06056907773017883,0.008344490081071854,0.015202855691313744
12448,0.7771056700000001,0.5076149851083755,0.019055988872423768,0.4885589962359518,0.3487660586833954,0.9302387237548828,0.24384017288684845,0.03913046792149544,0.0013138230424374342,0.016723675653338432
22259,0.7325586,0.6559354408333699,0.00550330492357413,0.6504321359097958,0.9907249808311462,0.02538578025996685,0.9516955614089966,0.002494434593245387,0.010791085660457611,0.003224394517019391
24921,0.75761822,0.4252407004435857,0.3159785469373067,0.10926215350627899,0.2197055071592331,0.4540407359600067,0.6019758582115173,0.6584866642951965,0.19604480266571045,0.09340417385101318
6211,0.7710910666666667,0.833157996336619,0.03170347758956874,0.8014545187470503,0.5815105438232422,0.9327196478843689,0.9852437973022461,0.05387803167104721,0.04082107171416283,0.0004113293834961951
13144,0.7287104266666665,0.7230019768079122,0.1077064077059428,0.6152955691019695,0.8778592348098755,0.7560701966285706,0.5350764989852905,0.036233581602573395,0.1660865843296051,0.12079905718564987
7807,0.7335666,0.26873936255772907,0.3461889624595642,-0.07744959990183514,0.38758111000061035,0.26950502395629883,0.14913195371627808,0.1575171798467636,0.09198595583438873,0.7890637516975403
25567,0.7125553333333334,0.42503105849027634,0.005731260947262247,0.4192997975430141,0.8094500303268433,0.050022877752780914,0.41562026739120483,0.0027424590662121773,0.011628932319581509,0.0028223914559930563
19911,0.7292693766666667,0.61234779159228,0.04507904375592867,0.5672687478363514,0.4388104975223541,0.5158164501190186,0.8824164271354675,0.06782156229019165,0.00713135302066803,0.060284215956926346
15671,0.7558597800000001,0.5198086760938168,0.35537097603082657,0.1644377000629902,0.04683532193303108,0.8823131322860718,0.6302775740623474,0.8498630523681641,0.030666537582874298,0.18558333814144135
16285,0.7018107533333332,0.8708859086036682,0.03478727908805013,0.8360986295156181,0.7365483641624451,0.9825511574745178,0.8935582041740417,0.023862004280090332,0.0021159998141229153,0.07838383316993713
1798,0.7122226633333333,0.6797567705313364,0.027419117201740544,0.6523376533295959,0.19504204392433167,0.9084166288375854,0.9358116388320923,0.07567425072193146,0.0025119970086961985,0.004071103874593973
15651,0.7513550699999999,0.3487784055372079,0.11229564994573593,0.23648275559147197,0.7986125349998474,0.05134217068552971,0.19638051092624664,0.058762326836586,0.21166743338108063,0.06645718961954117
16334,0.7658734333333334,0.34692707533637684,0.6068304424795011,-0.2599033671431243,0.05532323569059372,0.022646162658929825,0.9628118276596069,0.8998746275901794,0.918843150138855,0.00177354970946908
14735,0.70462638,0.31357307732105255,0.6109100778897604,-0.2973370005687078,0.03830605745315552,0.8050607442855835,0.09735243022441864,0.8995170593261719,0.08892494440078735,0.8442882299423218
8349,0.74609173,0.5145808781186739,0.2919608128722757,0.2226200652463982,0.014444269239902496,0.9747768640518188,0.5545215010643005,0.8661410212516785,0.006365918554365635,0.0033754988107830286
8351,0.6838698333333334,0.07152018944422404,0.5525152099629244,-0.4809950205187003,0.08767146617174149,0.04899251461029053,0.0778965875506401,0.7170596122741699,0.9316712617874146,0.008814755827188492
14053,0.7077106366666667,0.43775234123071033,0.05016493579993645,0.38758740543077386,0.3899191617965698,0.1020812839269638,0.8212565779685974,0.05154741182923317,0.08868975192308426,0.010257643647491932
6078,0.6917180333333333,0.0798342643926541,0.5297443456947803,-0.44991008130212623,0.13943086564540863,0.026877475902438164,0.07319445163011551,0.6297867894172668,0.040347870439291,0.9190983772277832
11514,0.7060707266666667,0.6686022492746512,0.0017296952234270673,0.6668725540512241,0.04021001234650612,0.9911960363388062,0.9744006991386414,0.0025655245408415794,0.0006212089792825282,0.002002352150157094
12493,0.7424188666666667,0.8991882602373759,0.017115425900556147,0.8820728343368197,0.9102673530578613,0.9158167839050293,0.8714806437492371,0.0010012390557676554,0.0019417047733440995,0.048403333872556686
11991,0.73203502,0.7236248453458151,0.06298417846361797,0.6606406668821971,0.5838003754615784,0.7576696276664734,0.8294045329093933,0.02730470895767212,0.1518397331237793,0.009808093309402466
15144,0.72965958,0.4806710133949916,0.023865363094955683,0.4568056503000359,0.08770520985126495,0.36581557989120483,0.9884922504425049,0.029956983402371407,0.040407054126262665,0.001232051756232977
12884,0.7725240000000001,0.9569819569587708,0.010747572387723872,0.9462343845710469,0.9852055907249451,0.9198355674743652,0.965904712677002,0.0005199489532969892,0.010877483524382114,0.020845284685492516
20475,0.70138853,0.42050989406804246,0.490024209022522,-0.06951431495447952,0.9510575532913208,0.018734334036707878,0.29173779487609863,0.01206594705581665,0.9459908604621887,0.5120158195495605
13094,0.7469204966666666,0.32488085081179935,0.06073640535275141,0.2641444454590479,0.10627471655607224,0.17463599145412445,0.6937318444252014,0.034637391567230225,0.0697372779250145,0.07783454656600952
11263,0.7751320333333332,0.6397927403450012,0.012386970687657595,0.6274057696573436,0.747685968875885,0.959202229976654,0.2124900221824646,0.020238932222127914,0.006668213289231062,0.010253766551613808
18810,0.7327433799999999,0.4677722305059433,0.35511630959808826,0.11265592090785503,0.2092248648405075,0.36827442049980164,0.8258174061775208,0.6054121851921082,0.4392628073692322,0.02067393623292446
22427,0.7371248733333333,0.5989494323730469,0.20202845335006714,0.39692097902297974,0.43401965498924255,0.38469043374061584,0.9781382083892822,0.29858851432800293,0.3019469678401947,0.005549877882003784
16041,0.7452388133333333,0.7876750032107035,0.046160353968540825,0.7415146492421627,0.5460464358329773,0.8449951410293579,0.9719834327697754,0.11490552127361298,0.0111473947763443,0.012428145855665207
24742,0.7455469666666668,0.7769123514493307,0.10839711703980963,0.6685152344095211,0.9599719047546387,0.42965370416641235,0.9411114454269409,0.005197376478463411,0.307960569858551,0.012033404782414436
23822,0.7387086833333333,0.5233429421981176,0.02560237453629573,0.4977405676618219,0.041196033358573914,0.8184457421302795,0.7103870511054993,0.004559304565191269,0.06410562247037888,0.008142196573317051
673,0.7690703566666666,0.5766501923402151,0.09952747511367004,0.47712271722654503,0.3738376796245575,0.8546141386032104,0.5014987587928772,0.024086082354187965,0.013813551515340805,0.2606827914714813
5340,0.7312946433333334,0.6338566417495409,0.015594815214474997,0.6182618265350659,0.10200735181570053,0.8545647263526917,0.9449978470802307,0.021931756287813187,0.012189710512757301,0.0126629788428545
17308,0.7303556766666667,0.5872859309116999,0.037343742907978594,0.5499421880037213,0.17998991906642914,0.5893592834472656,0.992508590221405,0.010194079019129276,0.10082749277353287,0.0010096569312736392
13936,0.7367938199999999,0.3577828109264374,0.08803146487722795,0.2697513460492094,0.49291229248046875,0.2912672758102417,0.2891688644886017,0.1813323199748993,0.0737878680229187,0.008974206633865833
19302,0.6956434066666667,0.18615794523308674,0.06385642437574764,0.1223015208573391,0.014697263948619366,0.2710912525653839,0.27268531918525696,0.005961473565548658,0.18235787749290466,0.0032499220687896013
18666,0.6891951333333334,0.18812626600265503,0.027539527043700218,0.1605867389589548,0.1724008172750473,0.15642230212688446,0.23555567860603333,0.028867395594716072,0.00781828910112381,0.04593289643526077
23778,0.7495939633333334,0.5825492938359579,0.14942293738325438,0.4331263564527035,0.4687761068344116,0.8088403940200806,0.47003138065338135,0.07330703735351562,0.015893559902906418,0.35906821489334106
16966,0.7370057333333334,0.5886779228846232,0.1335044832279285,0.45517343965669466,0.4242621958255768,0.4696994125843048,0.872072160243988,0.3026149272918701,0.08035609871149063,0.01754242368042469
13695,0.7564397366666666,0.2807331271469593,0.37727720973392326,-0.09654408258696395,0.30200397968292236,0.03644656762480736,0.5037488341331482,0.012081680819392204,0.9181949496269226,0.20155499875545502
11321,0.8040130833333333,0.5041259527206421,0.41321405263928074,0.09091190008136135,0.24360918998718262,0.9893646240234375,0.27940404415130615,0.6166343688964844,0.003198519116267562,0.6198092699050903
21818,0.7298304999999999,0.9426496624946594,0.014758466859348118,0.9278911956353113,0.8768269419670105,0.9564682245254517,0.9946538209915161,0.032188914716243744,0.011310681700706482,0.0007758041610941291
21465,0.7327465666666666,0.5845103015502294,0.2892532929157217,0.2952570086345077,0.9861739873886108,0.6103243827819824,0.1570325344800949,0.0020265458151698112,0.06043029576539993,0.8053030371665955
2569,0.76343028,0.5670365256567796,0.00592135878590246,0.5611151668708771,0.7699915766716003,0.01760481670498848,0.91351318359375,0.013668987900018692,0.0022469612304121256,0.0018481272272765636
19396,0.6594168533333332,0.5752818286418915,0.0047365943901240826,0.5705452342517674,0.6178609728813171,0.11700215935707092,0.9909823536872864,0.010303806513547897,0.0014108940958976746,0.002495082560926676
23676,0.7353116633333334,0.5213554004828135,0.08816851628944278,0.4331868841933707,0.38994789123535156,0.4647020995616913,0.7094162106513977,0.24283452332019806,0.0045915101654827595,0.017079515382647514
12498,0.6965604633333333,0.566517598927021,0.08633452529708545,0.48018307362993556,0.09794428199529648,0.6428675055503845,0.9587410092353821,0.2507820427417755,0.004870157223194838,0.003351375926285982
10980,0.7181704666666667,0.8835441470146179,0.017403613096879173,0.8661405339177387,0.9843003153800964,0.6734454035758972,0.9928867220878601,0.004417973570525646,0.04691532626748085,0.0008775394526310265
16707,0.7582109899999999,0.6689334909121195,0.15432302529613176,0.5146104656159878,0.5329604744911194,0.6067529916763306,0.8670870065689087,0.2607608139514923,0.19969548285007477,0.002512779086828232
22174,0.7497360333333334,0.586341637497147,0.020988269864271086,0.5653533676328759,0.929092526435852,0.8146336078643799,0.01529877819120884,0.04536210373044014,0.013270597904920578,0.004332107957452536
18727,0.7693491166666666,0.603734756509463,0.31289130076766014,0.2908434557418028,0.08220799267292023,0.7879892587661743,0.9410070180892944,0.8466469049453735,0.047322433441877365,0.04470456391572952
17250,0.7427651066666666,0.4481003664744397,0.016009868840531755,0.43209049763390794,0.362954318523407,0.006304020527750254,0.9750427603721619,0.04560686647891998,0.0016380909364670515,0.000784649106208235
13402,0.6962004866666667,0.9036774436632792,0.005623697225625317,0.8980537464376539,0.9121246337890625,0.9687865972518921,0.8301210999488831,0.00753004988655448,0.005496818106621504,0.0038442236836999655
16890,0.7919837799999999,0.6932249863942465,0.0056215717146794,0.6876034146795671,0.2354886531829834,0.8869927525520325,0.9571935534477234,0.00730826985090971,0.00519248191267252,0.004363963380455971
18675,0.7286144,0.586643636226654,0.011823914479464293,0.5748197217471898,0.7210196256637573,0.504629909992218,0.5342813730239868,0.0137320002540946,0.0024299914948642254,0.01930975168943405
22513,0.6908242166666666,0.5756306760013103,0.01558166416361928,0.5600490118376911,0.04303613677620888,0.7897992730140686,0.8940566182136536,0.03681075945496559,0.0025533437728881836,0.0073808892630040646
3333,0.7092920333333333,0.8536524971326193,0.07313847860010962,0.7805140185325097,0.6523347496986389,0.933958113193512,0.9746646285057068,0.20768584311008453,0.003164299065247178,0.008565293624997139
25020,0.7251663233333333,0.7171027660369873,0.0810872030754884,0.6360155629614989,0.7464293837547302,0.9114295244216919,0.4934493899345398,0.0536503791809082,0.03674774244427681,0.1528634876012802
15573,0.74137392,0.7881542245546976,0.00453262054361403,0.7836216040110836,0.9215660095214844,0.6010274291038513,0.8418692350387573,0.0033760264050215483,0.004809126723557711,0.005412708502262831
5146,0.6860688566666666,0.6539543842275938,0.010395002968531722,0.6435593812590621,0.020057372748851776,0.994788408279419,0.9470173716545105,0.028507273644208908,0.0004025363305117935,0.002275198930874467
20942,0.7086857333333333,0.6605410302678744,0.30461006006225944,0.3559309702056149,0.9707226157188416,0.9477711915969849,0.06312928348779678,0.004785261582583189,0.013414022512733936,0.8956308960914612
7654,0.7263118000000001,0.6504869535565376,0.32051844118783873,0.3299685123686989,0.05361088365316391,0.9570993185043335,0.9407506585121155,0.9246435761451721,0.026939528062939644,0.009972219355404377
23847,0.7100239199999999,0.8592738707860311,0.011481704966475567,0.8477921658195555,0.9505800008773804,0.6644439101219177,0.9627977013587952,0.015729058533906937,0.015504620037972927,0.003211436327546835
21719,0.7508839133333334,0.891367495059967,0.017386255339564134,0.8739812397204029,0.9898726940155029,0.9797939658164978,0.7044358253479004,0.0004984890692867339,0.005559273064136505,0.046101003885269165
12142,0.7462056666666667,0.5419374114523331,0.05026142237087091,0.4916759890814622,0.01594621129333973,0.9438637495040894,0.6660022735595703,0.04267427697777748,0.012163253501057625,0.09594673663377762
10807,0.7086758433333333,0.2065767173965772,0.2966490437587102,-0.090072326362133,0.4196370542049408,0.02315732091665268,0.17693577706813812,0.09736362099647522,0.7549760341644287,0.037607476115226746
13789,0.7710960666666667,0.766466498374939,0.16890194841350117,0.5975645499614378,0.33939898014068604,0.9775664210319519,0.982434093952179,0.495090126991272,0.010691416449844837,0.0009243017993867397
18910,0.7095692800000001,0.013458276788393656,0.040854091135164104,-0.02739581434677045,0.02004116214811802,0.00706077553331852,0.01327289268374443,0.07988600432872772,0.008516921661794186,0.0341593474149704
25992,0.7693837633333334,0.5603635311126709,0.009186051553115249,0.5511774795595556,0.3652563691139221,0.34863585233688354,0.967198371887207,0.0036372377071529627,0.010124573484063148,0.013796343468129635
20795,0.7564368199999999,0.47094976902008057,0.33424000317851704,0.13670976584156352,0.5082765817642212,0.047486305236816406,0.8570864200592041,0.03610727936029434,0.9426760077476501,0.023936722427606583
15982,0.7319806333333334,0.6271376311779022,0.11524913269871224,0.5118884984791899,0.5382665991783142,0.3604185879230499,0.9827277064323425,0.3373323976993561,0.007027044426649809,0.0013879559701308608
19044,0.7731829566666667,0.5550698538621267,0.10882721158365409,0.4462426422784726,0.5834839940071106,0.6076855659484863,0.4740400016307831,0.1113598644733429,0.01203455962240696,0.2030872106552124
15192,0.7108889333333334,0.6268253525098165,0.3077348909961681,0.31909046151364845,0.038706183433532715,0.8655040264129639,0.9762658476829529,0.9160417318344116,0.004333766642957926,0.0028291745111346245
17532,0.7014589666666667,0.7544041275978088,0.15217666475412747,0.6022274628436813,0.6219881772994995,0.6816288232803345,0.9595953822135925,0.1984114795923233,0.25595277547836304,0.0021657391916960478
22360,0.7060157699999999,0.443708856900533,0.07150988032420476,0.3721989765763283,0.39848601818084717,0.651017963886261,0.28162258863449097,0.13518142700195312,0.06346015632152557,0.01588805764913559
2133,0.7304515833333333,0.6778638164202372,0.016387887328164652,0.6614759290920725,0.08091044425964355,0.9597830176353455,0.9928979873657227,0.03379443287849426,0.015036148950457573,0.00033308015554212034
7207,0.7270619000000001,0.539944906408588,0.3713299501299237,0.16861495627866435,0.6742532253265381,0.9284334778785706,0.017148016020655632,0.1463882029056549,0.001631906139664352,0.9659697413444519
21520,0.7390124699999999,0.9033868908882141,0.012266306400609514,0.8911205844876046,0.8107461333274841,0.9930503368377686,0.9063642024993896,0.033990465104579926,0.0014025351265445352,0.0014059189707040787
17071,0.7884275199999999,0.46542105078697205,0.11340575044353803,0.35201530034343403,0.1779388189315796,0.35261985659599304,0.8657044768333435,0.08740061521530151,0.22498860955238342,0.027828026562929153
5270,0.7462336833333332,0.29825088381767273,0.2359384074807167,0.062312476336956024,0.11627756804227829,0.08970389515161514,0.6887711882591248,0.31361550092697144,0.1169959232211113,0.2772037982940674
21799,0.7669628066666667,0.6582516431808472,0.06976819379876058,0.5884834493820866,0.7830944061279297,0.6575294137001038,0.5341311097145081,0.009406286291778088,0.032481707632541656,0.16741658747196198
2047,0.7815042999999999,0.743545393149058,0.015385125841324529,0.7281602673077334,0.39647096395492554,0.9797568917274475,0.854408323764801,0.04003019258379936,0.0033194678835570812,0.0028057170566171408
20304,0.7286975666666667,0.8961149652798971,0.017726195665697258,0.8783887696141999,0.784896731376648,0.9368550777435303,0.9665930867195129,0.035859718918800354,0.010906987823545933,0.006411880254745483
23375,0.7177438666666666,0.611237496137619,0.0378552481221656,0.5733822480154535,0.47234585881233215,0.36980772018432617,0.9915589094161987,0.04410696402192116,0.06630286574363708,0.0031559146009385586
587,0.7078510533333334,0.5773984144131342,0.031597411880890526,0.5458010025322437,0.9470157623291016,0.24741224944591522,0.537767231464386,0.00781809352338314,0.081138476729393,0.005835665389895439
4388,0.79527503,0.18737576032678285,0.3334275384744008,-0.14605177814761797,0.16866321861743927,0.053870175033807755,0.33959388732910156,0.49476149678230286,0.3624284267425537,0.14309269189834595
5676,0.7044044133333333,0.9773675998051962,0.009217673524593314,0.9681499262806028,0.9954988360404968,0.956680417060852,0.9799235463142395,0.0014059932436794043,0.018220217898488045,0.008026809431612492
10695,0.7623515833333334,0.5250745092829069,0.3402177815635999,0.184856727719307,0.09911509603261948,0.74879390001297,0.7273145318031311,0.836389422416687,0.14290982484817505,0.04135409742593765
16296,0.7436806666666667,0.44343074162801105,0.00828901589071999,0.43514172573729104,0.30315545201301575,0.11601045727729797,0.9111263155937195,0.010999386198818684,0.01243209931999445,0.0014355621533468366
11403,0.7153353666666667,0.7911344369252523,0.0590061879872034,0.732128248938049,0.4811578392982483,0.901633620262146,0.9906118512153625,0.13335201144218445,0.041841793805360794,0.0018247587140649557
16088,0.7544273066666668,0.545199990272522,0.34009128498534363,0.20510870528717834,0.17532095313072205,0.48168691992759705,0.9785920977592468,0.5193384289741516,0.4892723560333252,0.011663069948554039
20470,0.7531512899999999,0.939907451470693,0.0030954927303052195,0.9368119587403878,0.8885900378227234,0.9971622824668884,0.933970034122467,0.007335759233683348,0.0004791644460055977,0.0014715545112267137
7918,0.6963480999999999,0.5599823892116547,0.21427343351145586,0.3457089557001988,0.3365194499492645,0.5035393834114075,0.839888334274292,0.4315723776817322,0.1914956420660019,0.01975228078663349
21410,0.7703005666666666,0.6112559959292412,0.006730445971091588,0.6045255499581496,0.979766845703125,0.033443428575992584,0.820557713508606,0.002975582145154476,0.008100182749330997,0.009115573018789291
2203,0.74436023,0.645200447489818,0.011805427881578604,0.6333950196082394,0.9595849514007568,0.031631339341402054,0.9443850517272949,0.005530348978936672,0.010888880118727684,0.018997054547071457
3537,0.7929140333333334,0.43831831589341164,0.3888889079292615,0.04942940796415013,0.8650884032249451,0.42970114946365356,0.020165394991636276,0.05444585531949997,0.14059768617153168,0.9716231822967529
23777,0.7789257866666667,0.6966357628504435,0.0442187221099933,0.6524170407404501,0.8961096405982971,0.49861961603164673,0.6951780319213867,0.047492071986198425,0.031137289479374886,0.054026804864406586
8106,0.6990925400000001,0.743001381556193,0.15443373657763004,0.588567644978563,0.6444390416145325,0.9746554493904114,0.6099096536636353,0.335639089345932,0.005195064470171928,0.1224670559167862
12758,0.7028833233333334,0.6153893303126097,0.3010996940235297,0.31428963628907997,0.007541963830590248,0.9959807395935059,0.8426452875137329,0.8994041681289673,0.0018062049057334661,0.0020887090358883142
25233,0.7371090333333333,0.576195627450943,0.027533671508232754,0.5486619559427103,0.4552905857563019,0.8482064008712769,0.42508989572525024,0.012420810759067535,0.03473721444606781,0.03544298931956291
16074,0.78151527,0.6052348166704178,0.036502295173704624,0.5687325214967132,0.2163292020559311,0.6859074234962463,0.9134678244590759,0.09213784337043762,0.01326899603009224,0.004100046120584011
24433,0.6901899,0.6948397060235342,0.07050347215651225,0.624336233867022,0.9624148607254028,0.24321332573890686,0.8788909316062927,0.0012571165570989251,0.20762546360492706,0.0026278363075107336
23651,0.7552247433333333,0.9165370464324951,0.022154841892188415,0.8943822045403067,0.9969565868377686,0.842231810092926,0.9104227423667908,0.00035049187135882676,0.0031833380926400423,0.06293069571256638
7065,0.7681046466666667,0.6939696868260702,0.0894732482265681,0.6044964385995021,0.42752015590667725,0.6823669075965881,0.9720219969749451,0.2567841410636902,0.008862399496138096,0.002773204119876027
7210,0.7507995433333333,0.08182041471203168,0.2720714082630972,-0.19025099355106556,0.052757058292627335,0.1605679988861084,0.032136186957359314,0.5694117546081543,0.0046629817225039005,0.24213948845863342
6921,0.70008735,0.9631842573483785,0.008661760521742204,0.9545224968266364,0.9586694836616516,0.956905722618103,0.9739775657653809,0.022196205332875252,0.0018186235101893544,0.0019704527221620083
17595,0.6679353899999999,0.9109778006871542,0.004514225060120225,0.906463575627034,0.8984102010726929,0.9186401963233948,0.9158830046653748,0.0019652643240988255,0.0014028691221028566,0.010174541734158993
24926,0.7883901633333332,0.5904010484615961,0.005812164007996519,0.5845888844535996,0.8734865188598633,0.8023194074630737,0.0953972190618515,0.008299893699586391,0.0025938202161341906,0.006542778108268976
7608,0.7306736133333334,0.8574068347613016,0.09468531236052513,0.7627215224007765,0.8850511908531189,0.7631709575653076,0.9239983558654785,0.0581478625535965,0.16472524404525757,0.06118283048272133
16898,0.7837925333333334,0.9170956611633301,0.03906323295086622,0.8780324282124639,0.9745482206344604,0.8676589131355286,0.9090798497200012,0.010996741242706776,0.07094410806894302,0.03524884954094887
24234,0.7644942499999999,0.5241708060105642,0.3611864806928982,0.162984325317666,0.9684592485427856,0.076911062002182,0.5271421074867249,0.002636510645970702,0.7707293033599854,0.31019362807273865
19279,0.7508166799999999,0.7465801040331522,0.08753404417075217,0.6590460598624001,0.5780678391456604,0.9349345564842224,0.726737916469574,0.2400350421667099,0.002428688807412982,0.02013840153813362
5224,0.75021565,0.8859472274780273,0.006740711047314107,0.8792065164307132,0.98997962474823,0.966108500957489,0.701753556728363,0.0006502225296571851,0.009324554353952408,0.01024735625833273
7226,0.7468057,0.33771249155203503,0.45865439375241596,-0.12094190220038092,0.04032184183597565,0.6949969530105591,0.2778186798095703,0.9249186515808105,0.08801445364952087,0.3630300760269165
18799,0.7262456199999999,0.635364810625712,0.1773054365379115,0.4580593740878005,0.5650345683097839,0.3726782202720642,0.9683816432952881,0.037413932383060455,0.49035489559173584,0.0041474816389381886
4926,0.7419812466666666,0.907769242922465,0.061071393545717,0.846697849376748,0.8219748139381409,0.939245879650116,0.9620870351791382,0.14615371823310852,0.032391298562288284,0.004669163841754198
26449,0.6914823333333332,0.8291908701260885,0.12752794202727577,0.7016629280988127,0.9819977879524231,0.5747456550598145,0.9308291673660278,0.0017532374477013946,0.37988367676734924,0.0009469118667766452
23080,0.7626449000000001,0.5927820801734924,0.025612616756310064,0.5671694634171823,0.24016249179840088,0.9731183648109436,0.5650653839111328,0.011364955455064774,0.002567687537521124,0.0629052072763443
10500,0.7758363166666666,0.36212267307564616,0.5618739978720745,-0.19975132479642832,0.003879691008478403,0.2967005670070648,0.7857877612113953,0.979464054107666,0.6898494362831116,0.016308503225445747
4337,0.7382731499999999,0.4868313918511073,0.33653006454308826,0.15030132730801904,0.6941801309585571,0.72028648853302,0.04602755606174469,0.09961624443531036,0.04825618863105774,0.8617177605628967
10724,0.7499491233333333,0.7907867232958475,0.07879528185973565,0.7119914414361119,0.9422306418418884,0.9052825570106506,0.5248469710350037,0.006448677740991116,0.011575283482670784,0.21836188435554504
20591,0.7598884,0.5159641740222772,0.017314852603400748,0.49864932141887647,0.9468016028404236,0.5567212104797363,0.04436970874667168,0.0022046957165002823,0.0028761124704033136,0.046863749623298645
6603,0.7270570866666667,0.5617962330579758,0.2904878032083313,0.2713084298496445,0.9127624034881592,0.6588433980941772,0.11378289759159088,0.029340701177716255,0.00465229619294405,0.8374704122543335
17784,0.7692869366666667,0.7856996854146322,0.08447225539324184,0.7012274300213903,0.6950832009315491,0.983732283115387,0.6782835721969604,0.19188997149467468,0.0027202635537832975,0.05880653113126755
26376,0.7594394900000001,0.45555963600054383,0.42432131990790367,0.03123831609264016,0.003966882359236479,0.4724500775337219,0.8902619481086731,0.9556154012680054,0.26866868138313293,0.04867987707257271
5885,0.7367029533333334,0.4933823210497697,0.01885738456621766,0.47452493648355204,0.47213244438171387,0.04699994996190071,0.9610145688056946,0.031140511855483055,0.019978921860456467,0.005452719982713461
6329,0.7527169266666666,0.8535142143567404,0.002360689026924471,0.8511535253298159,0.7120539546012878,0.8759036660194397,0.9725850224494934,0.0024890564382076263,0.002744588302448392,0.001848422340117395
14315,0.7558932833333335,0.49844686935345334,0.07751797892463703,0.4209288904288163,0.45173826813697815,0.07649450749158859,0.9671078324317932,0.22714826464653015,0.0024685359094291925,0.0029371362179517746
23796,0.7218898333333333,0.0806276723742485,0.5217585240801176,-0.4411308517058691,0.05851296707987785,0.0515616349875927,0.13180841505527496,0.09497591108083725,0.9175289869308472,0.5527706742286682
15904,0.7194371133333334,0.36360496655106544,0.2822465402229379,0.08135842632812756,0.09124694764614105,0.04184022173285484,0.9577277302742004,0.029393009841442108,0.8145274519920349,0.002819158835336566
16090,0.7587914566666667,0.4104631841182709,0.2698998376727104,0.14056334644556046,0.1722564697265625,0.572462797164917,0.48667028546333313,0.6879733204841614,0.07278047502040863,0.04894571751356125
26008,0.7606722,0.5072467575470606,0.19972089926401773,0.3075258582830429,0.22717340290546417,0.5109845399856567,0.783582329750061,0.23210689425468445,0.2666531503200531,0.10040265321731567
5784,0.7580672333333333,0.4945981254180272,0.016536164407928784,0.47806196101009846,0.9384756684303284,0.04120884835720062,0.5041098594665527,0.017459465190768242,0.009826269000768661,0.02232275903224945
10952,0.7590788333333333,0.8979072968165079,0.03146784286946058,0.8664394539470474,0.9632810950279236,0.9308196306228638,0.7996211647987366,0.013527440838515759,0.03015582449734211,0.05072026327252388
18826,0.7502601833333333,0.33517220119635266,0.23435559930900732,0.10081660188734534,0.13840201497077942,0.1645060032606125,0.702608585357666,0.6082776188850403,0.02892383374273777,0.06586534529924393
24659,0.8106857466666666,0.5234536230564117,0.024137170830120642,0.4993164522262911,0.7591543197631836,0.2548426687717438,0.5563638806343079,0.007500858511775732,0.02200847491621971,0.042902179062366486
25046,0.7679869233333333,0.33697737054899335,0.02582672517746687,0.3111506453715265,0.004322181921452284,0.02283276431262493,0.9837771654129028,0.062346383929252625,0.013848771341145039,0.001285020262002945
2161,0.6652889133333334,0.4713060259819031,0.07681062755485375,0.39449539842704934,0.22557252645492554,0.5457733273506165,0.6425722241401672,0.17194202542304993,0.024167681112885475,0.03432217612862587
25580,0.71922,0.45818989475568134,0.21898721608643731,0.23920267866924402,0.2480504810810089,0.28442680835723877,0.8420923948287964,0.26534080505371094,0.3849872946739197,0.006633548531681299
13927,0.71906668,0.5950075089931488,0.018372861746077735,0.576634647247071,0.9772944450378418,0.3800604045391083,0.42766767740249634,0.0024224708322435617,0.012604830786585808,0.04009128361940384
21516,0.7997288333333333,0.05275558618207773,0.5134595520794392,-0.46070396589736146,0.028438625857234,0.08005409687757492,0.049774035811424255,0.02980342134833336,0.7135144472122192,0.7970607876777649
26461,0.7701270833333332,0.9775356451670328,0.008119597526577612,0.9694160476404552,0.9501593112945557,0.9884190559387207,0.9940285682678223,0.018816884607076645,0.003794705495238304,0.0017472024774178863
15476,0.7557025666666667,0.430424265563488,0.15560101582862748,0.2748232497348605,0.9902100563049316,0.19676071405410767,0.10430202633142471,0.0002886016445700079,0.07822779566049576,0.38828665018081665
12938,0.7449237933333333,0.7359401981035868,0.10552125486234824,0.6304189432412386,0.913738489151001,0.9052576422691345,0.388824462890625,0.033282920718193054,0.01037573255598545,0.2729051113128662
11315,0.8176870333333333,0.6552106340726217,0.17624764559635273,0.47896298847626895,0.4678688645362854,0.5233341455459595,0.9744288921356201,0.33168771862983704,0.19517412781715393,0.001881090342067182
20225,0.7488011333333332,0.9423128962516785,0.009633689187467098,0.9326792070642114,0.9620198011398315,0.9179695844650269,0.946949303150177,0.008587305434048176,0.0071191564202308655,0.013194605708122253
4343,0.7236334933333334,0.47218750913937885,0.01435749939021965,0.4578300097491592,0.26979100704193115,0.9771136045455933,0.16965791583061218,0.008210878819227219,0.0029215167742222548,0.03194010257720947
20993,0.7393037566666667,0.4215414226055145,0.2652350788315137,0.15630634377400082,0.420960396528244,0.3099832534790039,0.5336806178092957,0.11307887732982635,0.6335646510124207,0.04906170815229416
463,0.7664990366666666,0.5101512968540192,0.06095584357778231,0.44919545327623683,0.1294436752796173,0.5264869928359985,0.8745232224464417,0.040374841541051865,0.10126989334821701,0.041222795844078064
17628,0.7258913033333333,0.6204514652490616,0.0428667813539505,0.5775846838951111,0.13564108312129974,0.754725992679596,0.9709873199462891,0.05270444229245186,0.07186520844697952,0.00403069332242012
2734,0.7327498,0.6561013925820589,0.0008808086276985705,0.6552205839543603,0.003881772980093956,0.9772359728813171,0.9871864318847656,0.0006959636230021715,0.0007160381064750254,0.0012304241536185145
13727,0.7541279766666666,0.7955960134665171,0.051085316304427884,0.7445106971620892,0.4653286039829254,0.9303415417671204,0.9911178946495056,0.1435900777578354,0.008175785653293133,0.0014900855021551251
2538,0.68794152,0.7677484154701233,0.1807827589994607,0.5869656564706626,0.41302651166915894,0.9963777661323547,0.8938409686088562,0.49336346983909607,0.0008669720846228302,0.04811783507466316
7298,0.7357032599999999,0.8736746907234192,0.03416940591220433,0.8395052848112149,0.8836205005645752,0.7497113943099976,0.9876921772956848,0.013842971995472908,0.08815206587314606,0.0005131798679940403
16245,0.6882405166666666,0.7748724619547526,0.16172169521450996,0.6131507667402426,0.6379721164703369,0.7388429045677185,0.9478023648262024,0.232416033744812,0.2252243608236313,0.027524691075086594
6924,0.7207813333333334,0.7044675648212433,0.10879020144542058,0.5956773633758227,0.8330525755882263,0.3259614408016205,0.9543886780738831,0.026158111169934273,0.2897745668888092,0.010437926277518272
5260,0.7907990500000001,0.5664079760511717,0.045137785375118256,0.5212701906760534,0.0673472210764885,0.7315386533737183,0.9003380537033081,0.08283849060535431,0.031891435384750366,0.02068343013525009
25274,0.6834552666666666,0.42545941619512934,0.004412310624805589,0.42104710557032377,0.8135038614273071,0.0036468252073973417,0.4592275619506836,0.008489674888551235,0.0008661969332024455,0.003881060052663088
14994,0.7170051666666666,0.4539777711033821,0.13603458118935427,0.3179431899140278,0.044246695935726166,0.6719508767127991,0.6457357406616211,0.028015261515975,0.05602568760514259,0.3240627944469452
13579,0.772099,0.9094570080439249,0.010863216283420721,0.8985937917605042,0.7786446213722229,0.992367684841156,0.957358717918396,0.013822597451508045,0.001638602465391159,0.01712844893336296
8313,0.7071705333333332,0.7520571450392405,0.09592903172597289,0.6561281133132676,0.9689759612083435,0.30593743920326233,0.9812580347061157,0.009279451332986355,0.27343830466270447,0.00506933918222785
16194,0.71472301,0.7340804835160574,0.15849743162592253,0.5755830518901348,0.2702203094959259,0.9531399011611938,0.9788812398910522,0.4446486830711365,0.02224126271903515,0.00860234908759594
24581,0.7583431566666666,0.6690191229184469,0.017258036978698026,0.6517610859397489,0.9866631627082825,0.47921061515808105,0.541183590888977,0.0008192046661861241,0.01858101226389408,0.03237389400601387
17547,0.7364410333333332,0.5393308401107788,0.13277264684438705,0.40655819326639175,0.19159990549087524,0.6692332029342651,0.757159411907196,0.17893992364406586,0.1050640419125557,0.11431397497653961
15886,0.7485934833333333,0.35752594967683154,0.2221880443394184,0.13533790533741313,0.08143655955791473,0.1970219910144806,0.7941192984580994,0.07986143231391907,0.5634601712226868,0.0232425294816494
14144,0.7527229466666667,0.8592015107472738,0.025761879107449204,0.8334396316398246,0.9619686603546143,0.6204509139060974,0.9951849579811096,0.004596209153532982,0.07210350781679153,0.0005859203520230949
11698,0.7829066133333332,0.21301239728927612,0.6057414213816324,-0.3927290240923563,0.1494518220424652,0.2969537079334259,0.19263166189193726,0.7892132997512817,0.356972336769104,0.6710386276245117
22909,0.7567743,0.6209324474136034,0.20908336015418172,0.4118490872594217,0.9799990057945251,0.10519012063741684,0.7776082158088684,0.0024674287997186184,0.4605087339878082,0.1642739176750183
11907,0.7397697066666667,0.6251728534698486,0.037072628270834684,0.588100225199014,0.25336015224456787,0.6622002124786377,0.9599581956863403,0.031898096203804016,0.07458759099245071,0.004732197616249323
16602,0.6175943233333333,0.417956846455733,0.044983238951923944,0.37297360750380903,0.014258526265621185,0.4888736307621002,0.7507383823394775,0.005475720390677452,0.12777963280677795,0.0016943636583164334
6000,0.7994517166666668,0.5322272131840388,0.11210674342388909,0.42012046976014966,0.5709123015403748,0.098502978682518,0.9272663593292236,0.3267287015914917,0.002729584462940693,0.00686194421723485
24599,0.7605025833333334,0.6372943619887034,0.07367896474897861,0.5636153972397248,0.46068301796913147,0.6186676621437073,0.8325324058532715,0.025387903675436974,0.12568996846675873,0.06995902210474014
17131,0.8060220666666668,0.49069152275721234,0.16596830418954292,0.3247232185676694,0.43094614148139954,0.5527619123458862,0.4883665144443512,0.22096720337867737,0.26136136054992676,0.015576348640024662
3070,0.7685598666666668,0.7188519338766733,0.0884673319136103,0.630384601963063,0.4725761115550995,0.9631091952323914,0.7208704948425293,0.22586050629615784,0.015446065925061703,0.02409542351961136
8186,0.7458701900000001,0.3437263605495294,0.24355780147016048,0.10016855907936889,0.05290977284312248,0.7933793067932129,0.1848900020122528,0.014721237123012543,0.014084169641137123,0.7018679976463318
2733,0.7482608000000001,0.7051950891812643,0.10986106268440683,0.5953340264968574,0.3875652551651001,0.740234911441803,0.9877851009368896,0.2882954478263855,0.03685412555932999,0.004433614667505026
15913,0.76025119,0.5296027263005575,0.10751235485076904,0.42209037144978845,0.5862729549407959,0.5531277656555176,0.4494074583053589,0.06227736547589302,0.021114584058523178,0.23914511501789093
5556,0.7333389233333333,0.5713648768141866,0.3528846469707787,0.21848022984340787,0.744227945804596,0.009352556429803371,0.9605141282081604,0.07142139226198196,0.9842694997787476,0.0029630488716065884
24975,0.7551173666666666,0.9483632246653239,0.0067884664264662815,0.9415747582388576,0.9286686182022095,0.9846269488334656,0.9317941069602966,0.00720213120803237,0.00048059175605885684,0.012682676315307617
15290,0.7494633133333334,0.8577226400375366,0.008094097875679532,0.8496285421618571,0.5840545296669006,0.9929211735725403,0.996192216873169,0.0222951527684927,0.0008913895580917597,0.0010957513004541397
14056,0.7242007466666666,0.41336025297641754,0.08102408299843471,0.3323361699779828,0.20348967611789703,0.29059329628944397,0.7459977865219116,0.13319139182567596,0.06908939778804779,0.04079145938158035
13566,0.7270491233333334,0.39608081181844074,0.01075281264881293,0.3853279991696278,0.6993591785430908,0.25111904740333557,0.23776420950889587,0.014743311330676079,0.005012148059904575,0.012502978555858135
3472,0.7123195999999999,0.7813624342282613,0.15072786388918757,0.6306345703390738,0.8208686709403992,0.5405101180076599,0.9827085137367249,0.03550729528069496,0.41442346572875977,0.002252830658107996
21431,0.7825095233333332,0.3080982913573583,0.06955091655254364,0.23854737480481464,0.326901376247406,0.06293819844722748,0.5344552993774414,0.14584282040596008,0.030080348253250122,0.032729580998420715
14880,0.7613201566666667,0.6485951667030653,0.31199744654198486,0.3365977201610804,0.9284790754318237,0.9568556547164917,0.06045076996088028,0.02035314403474331,0.013332638889551163,0.9023065567016602
21291,0.7049070133333334,0.9406725764274597,0.00703004685540994,0.9336425295720497,0.9196169376373291,0.9758062362670898,0.9265945553779602,0.0041926465928554535,0.002381281927227974,0.014516212046146393
24644,0.7406892666666667,0.7033149898052216,0.1396454864492019,0.5636695033560196,0.9662028551101685,0.33284130692481995,0.8109008073806763,0.022722912952303886,0.2711271047592163,0.1250864416360855
19465,0.7695230500000001,0.535039613644282,0.3034022859064862,0.23163732773779577,0.3102949261665344,0.9856536984443665,0.3091702163219452,0.566278338432312,0.00036886672023683786,0.3435596525669098
21041,0.7293326333333333,0.7810551822185516,0.03584746721511086,0.7452077150034407,0.9595540761947632,0.8843169212341309,0.49929454922676086,0.00480469549074769,0.053107358515262604,0.04963034763932228
23070,0.7693006533333332,0.7648504277070364,0.20640105090569705,0.5584493768013393,0.31092730164527893,0.9908022284507751,0.9928217530250549,0.6150404214859009,0.0025738165713846684,0.0015889146598055959
8297,0.75009302,0.7781385978062948,0.03339307258526484,0.74474552522103,0.5556170344352722,0.8990786671638489,0.8797200918197632,0.03469660505652428,0.038287390023469925,0.027195222675800323
2375,0.72127921,0.4526279990871747,0.1437240030306081,0.3089039960565666,0.9415897727012634,0.022854574024677277,0.3934396505355835,0.016715219244360924,0.005344276782125235,0.40911251306533813
1097,0.7340437366666667,0.9185194770495096,0.02751772482103358,0.8910017522284761,0.8328618407249451,0.9368284344673157,0.9858681559562683,0.035745710134506226,0.046278972178697586,0.0005284921498969197
11717,0.7380821533333334,0.25861185789108276,0.07839248267312844,0.18021937521795434,0.34933897852897644,0.2815368175506592,0.14495977759361267,0.013128595426678658,0.1786937266588211,0.043355125933885574
4898,0.7668479,0.6562347213427225,0.20699947901691,0.4492352423258126,0.07131338119506836,0.9884406328201294,0.90895015001297,0.5742251873016357,0.006207859609276056,0.04056539013981819
15784,0.7458140233333334,0.701647420724233,0.004231466019215683,0.6974159547050174,0.2690051198005676,0.9388012886047363,0.897135853767395,0.0054536922834813595,0.0016501295613124967,0.005590576212853193
16853,0.7625167333333334,0.5873618920644125,0.018091143885006506,0.5692707481794059,0.364091694355011,0.8532027006149292,0.5447912812232971,0.026169463992118835,0.021028364077210426,0.00707560358569026
11795,0.7437535533333334,0.5446235040823618,0.2967911207427581,0.24783238333960372,0.5172088742256165,0.30149146914482117,0.815170168876648,0.3996680676937103,0.4794352650642395,0.011270029470324516
13130,0.7856417800000001,0.7476248145103455,0.04075989709235728,0.7068649174179882,0.9601102471351624,0.29222768545150757,0.9905365109443665,0.012865484692156315,0.10903767496347427,0.0003765316214412451
13749,0.7338945633333332,0.9235460758209229,0.004818562815974777,0.918727513004948,0.9322800040245056,0.8579162955284119,0.9804419279098511,0.012492559850215912,0.0014845795230939984,0.00047854907461442053
23227,0.7809704333333333,0.30109260479609173,0.07058906058470409,0.23050354421138763,0.4609248638153076,0.17571908235549927,0.26663386821746826,0.06537304073572159,0.059873051941394806,0.08652108907699585
13517,0.7385970466666668,0.5658923586209615,0.17782060256771123,0.3880717560532503,0.3728107213973999,0.38210296630859375,0.9427633881568909,0.5090744495391846,0.023768147453665733,0.0006192107102833688
23954,0.6928143333333333,0.7655529181162516,0.057220703922212124,0.7083322141940395,0.4390462636947632,0.9837979674339294,0.8738145232200623,0.11932732909917831,0.004926090128719807,0.04740869253873825
13385,0.7284122533333334,0.39304285248120624,0.4217168465256691,-0.02867399404446286,0.41601505875587463,0.19708549976348877,0.5660279989242554,0.5248661637306213,0.7014635801315308,0.038820795714855194
6788,0.7368377833333334,0.4229191392660141,0.04446448882420858,0.37845465044180554,0.22765739262104034,0.14377450942993164,0.8973255157470703,0.03745552897453308,0.03268921375274658,0.06324872374534607
19519,0.6866319333333334,0.8193144996960958,0.009470249293372035,0.8098442504027238,0.5699747800827026,0.9116082191467285,0.9763604998588562,0.02108827605843544,0.006047139409929514,0.001275332411751151
14179,0.7301680533333332,0.7158663471539816,0.04544106715669235,0.6704252799972892,0.98595130443573,0.70357745885849,0.4580702781677246,0.0013925088569521904,0.04750645160675049,0.08742424100637436
21328,0.7375363733333332,0.7580541570981344,0.15406150786050907,0.6039926492376253,0.8232688307762146,0.47204744815826416,0.9788461923599243,0.00144705839920789,0.46021273732185364,0.0005247278604656458
3927,0.7258835333333334,0.5996104851365089,0.04496708822747072,0.5546433969090382,0.8320403099060059,0.9219527244567871,0.044838421046733856,0.10999593138694763,0.01356840506196022,0.011336928233504295
21117,0.7427733133333333,0.7775871157646179,0.0630056131631136,0.7145815026015043,0.8593721389770508,0.6818494200706482,0.7915397882461548,0.021682696416974068,0.11262093484401703,0.054713208228349686
20777,0.7805386866666666,0.6634575625260671,0.015726552189638216,0.6477310103364289,0.28662917017936707,0.71044921875,0.9932942986488342,0.014955278486013412,0.030731020495295525,0.0014933575876057148
15995,0.8281137133333333,0.320026899377505,0.375314436852932,-0.05528753747542697,0.06304492056369781,0.3283293843269348,0.5687063932418823,0.863535463809967,0.04739280790090561,0.21501503884792328
2042,0.6917907333333334,0.7198075652122498,0.18131575446265438,0.5384918107495954,0.3481575846672058,0.8621617555618286,0.9491033554077148,0.507556676864624,0.003013773588463664,0.03337681293487549
6286,0.7551145666666668,0.3151494363943736,0.02504708773146073,0.29010234866291285,0.38308313488960266,0.21320801973342896,0.3491571545600891,0.009515666402876377,0.03237876296043396,0.033246833831071854
6670,0.7866171999999999,0.6303370694319407,0.009008310191954175,0.6213287592399865,0.7473000884056091,0.1661849319934845,0.9775261878967285,0.00626649335026741,0.019013183191418648,0.0017452540341764688
3098,0.7822239733333333,0.6702836255232493,0.012322792084887624,0.6579608334383616,0.9228103160858154,0.14900997281074524,0.9390305876731873,0.0037713150959461927,0.0182543583214283,0.01494270283728838
11890,0.7230948333333332,0.651521643002828,0.04065979287649194,0.6108618501263361,0.6808549165725708,0.36220699548721313,0.9115030169487,0.05459333211183548,0.06124438717961311,0.006141659338027239
15287,0.7580271433333333,0.6273330400387446,0.018343611892002325,0.6089894281467423,0.9091938734054565,0.8585628271102905,0.11424241960048676,0.005491400603204966,0.04843680560588837,0.0011026294669136405
16523,0.7784867700000001,0.35228837095201015,0.33131087905106443,0.02097749190094572,0.006035925820469856,0.8494207262992859,0.20140846073627472,0.9838557839393616,0.00807121954858303,0.0020056336652487516
17500,0.6817305033333333,0.65089550614357,0.09159395222862561,0.5593015539149443,0.7220203280448914,0.8443446755409241,0.3863215148448944,0.07669724524021149,0.0413857139647007,0.15669889748096466
689,0.7347530233333334,0.2823299380640189,0.35708854844172794,-0.07475861037770903,0.055956266820430756,0.02995995804667473,0.7610735893249512,0.03742080181837082,0.8963216543197632,0.13752318918704987
11512,0.7293634999999999,0.7647886077562968,0.03689964100097617,0.7278889667553206,0.7619739174842834,0.6946625709533691,0.8377293348312378,0.04166503623127937,0.0018618139438331127,0.06717207282781601
20161,0.7632846166666667,0.7098195354143778,0.14415216508011022,0.5656673703342676,0.9163706302642822,0.3977665901184082,0.8153213858604431,0.02640480361878872,0.3625023365020752,0.04354935511946678
24084,0.7746144,0.33222926283876103,0.1298208316632857,0.20240843117547533,0.03784369304776192,0.39489397406578064,0.5639501214027405,0.17791679501533508,0.20789140462875366,0.0036542953457683325
10857,0.7119787633333333,0.467791219552358,0.13748124552269778,0.3303099740296602,0.45370587706565857,0.2961733043193817,0.6534944772720337,0.26568007469177246,0.025879332795739174,0.12088432908058167
2930,0.7419783666666667,0.804574171702067,0.02267092668140928,0.7819032450206578,0.8511838912963867,0.7051215767860413,0.8574170470237732,0.0026257806457579136,0.046145882457494736,0.01924111694097519
17972,0.7417648966666667,0.42387424906094867,0.06175538773338,0.36211886132756865,0.19771742820739746,0.2926235496997833,0.7812817692756653,0.015699608251452446,0.027006415650248528,0.14256013929843903
22435,0.7732585500000001,0.42920912119249505,0.031481944024562836,0.3977271771679322,0.02677815593779087,0.9652392864227295,0.2956099212169647,0.02185569517314434,0.008221486583352089,0.06436865031719208
7160,0.7134413666666667,0.7359610398610433,0.03575638340165218,0.7002046564593911,0.551122784614563,0.9845773577690125,0.6721829771995544,0.0611138679087162,0.013718907721340656,0.03243637457489967
16771,0.7426988033333334,0.3407839859525363,0.3229605456193288,0.017823440333207485,0.962203860282898,0.016290511935949326,0.04385758563876152,0.011028429493308067,0.9394272565841675,0.018425950780510902
18079,0.7075034466666666,0.4988979597886403,0.009316252854963144,0.4895817069336772,0.12976890802383423,0.4938803017139435,0.8730446696281433,0.01405669841915369,0.008365935645997524,0.005526124499738216
6526,0.7944968,0.569242129723231,0.12646184333910546,0.4427802863841255,0.8080867528915405,0.2158431112766266,0.6837965250015259,0.02136719785630703,0.3464353680610657,0.011582964099943638
19329,0.8231252400000001,0.7571367025375366,0.08207478001713753,0.6750619225203991,0.7490398287773132,0.5503321886062622,0.9720380902290344,0.011552677489817142,0.23076075315475464,0.003910909406840801
470,0.7674440800000001,0.7595958312352499,0.03338403177137176,0.7262117994638781,0.9474737048149109,0.7334526777267456,0.597861111164093,0.005812722723931074,0.0767037495970726,0.01763562299311161
2840,0.76824963,0.5348135679960251,0.026272946347792942,0.5085406216482321,0.06945748627185822,0.6425454616546631,0.892437756061554,0.015619613230228424,0.03624993935227394,0.026949286460876465
26242,0.6909517433333333,0.5264140007396539,0.3902038671076298,0.13621013363202417,0.8469406366348267,0.057624172419309616,0.6746771931648254,0.04559306427836418,0.9373011589050293,0.18771737813949585
13065,0.72050742,0.8653939962387085,0.0067656438720102114,0.8586283523666983,0.8059300184249878,0.8647798299789429,0.9254721403121948,0.016857732087373734,0.0031188831198960543,0.00032031640876084566
5707,0.7190726666666666,0.6878414452075958,0.008482672739773989,0.6793587724678218,0.9147435426712036,0.7523767948150635,0.3964039981365204,0.014442947693169117,0.007149105425924063,0.0038559651002287865
12685,0.7741592666666666,0.4296523133913676,0.4296233245404437,2.898885092389447e-05,0.9847854375839233,0.0855245590209961,0.21864694356918335,0.0017582144355401397,0.7417110800743103,0.5454006791114807
13977,0.6745640133333333,0.7727277080217997,0.11122199023763339,0.6615057177841663,0.8331290483474731,0.70367830991745,0.7813757658004761,0.05367788299918175,0.09412301331758499,0.18586507439613342
15281,0.7515731099999999,0.7213134368260702,0.048842150873194136,0.6724712859528761,0.5171113610267639,0.9494128823280334,0.6974160671234131,0.13384678959846497,0.00771636888384819,0.0049632941372692585
482,0.7193283466666668,0.7922208309173584,0.03418430391078194,0.7580365270065764,0.8391494750976562,0.5663411021232605,0.9711719155311584,0.06888158619403839,0.02732894942164421,0.0063423761166632175
18747,0.7362285566666666,0.7703372836112976,0.01540099565560619,0.7549362879556915,0.8995821475982666,0.5077085494995117,0.9037211537361145,0.011867521330714226,0.030017558485269547,0.004317907150834799
12084,0.7399223033333332,0.6630831956863403,0.008664425772925219,0.6544187699134151,0.5852914452552795,0.6268105506896973,0.7771475911140442,0.017130490392446518,0.0018164687789976597,0.007046318147331476
20959,0.7580879666666668,0.9464387694994608,0.008104591630399227,0.9383341778690616,0.956953227519989,0.9805044531822205,0.9018586277961731,0.002730212640017271,0.005065446253865957,0.016518115997314453
20559,0.7368594766666666,0.8802274664243063,0.05063290614634752,0.8295945602779587,0.9371376633644104,0.9696500897407532,0.7338946461677551,0.03521880879998207,0.005009370855987072,0.11167053878307343
24871,0.7377797466666666,0.49140137682358426,0.09975858964025974,0.3916427871833245,0.6519368290901184,0.06646657735109329,0.755800724029541,0.23565515875816345,0.04768744483590126,0.015933165326714516
23717,0.7699044466666667,0.33668338259061176,0.061874853524689875,0.2748085290659219,0.30944910645484924,0.27776607871055603,0.42283496260643005,0.1717514842748642,0.010157228447496891,0.0037158478517085314
23073,0.8172111333333333,0.7189309895038605,0.15025828468302885,0.5686727048208317,0.36158451437950134,0.8400756120681763,0.9551328420639038,0.32497406005859375,0.09762641787528992,0.028174376115202904
8060,0.74112319,0.775894284248352,0.08432770281797275,0.6915665814303793,0.8297716379165649,0.5036686062812805,0.9942426085472107,0.02029172144830227,0.23195141553878784,0.0007399714668281376
4717,0.7607954433333334,0.36724407101670903,0.02998062999298175,0.3372634410237273,0.0598120279610157,0.5965795516967773,0.445340633392334,0.009127792902290821,0.03873864561319351,0.04207545146346092
13174,0.7428371666666665,0.4628001004457474,0.08853576083978017,0.3742643396059672,0.2564700245857239,0.2138015478849411,0.9181287288665771,0.1811554729938507,0.04829148203134537,0.03616032749414444
21438,0.7186763666666667,0.6421636690696081,0.29925738849366706,0.342906280575941,0.08619575202465057,0.8754081130027771,0.9648871421813965,0.8859840631484985,0.0033087325282394886,0.008479369804263115
14240,0.78573234,0.654277337094148,0.03875206309991578,0.6155252739942323,0.10208586603403091,0.9570533633232117,0.9036927819252014,0.05805328115820885,0.0028615377377718687,0.05534137040376663
7602,0.7354167966666667,0.39728086193402606,0.052167958890398346,0.34511290304362774,0.21914035081863403,0.8031491041183472,0.16955313086509705,0.0827307403087616,0.015177140012383461,0.05859599635004997
14772,0.7434117599999999,0.6944583902756373,0.011406813437740007,0.6830515768378973,0.9119207859039307,0.981006920337677,0.19044746458530426,0.024301866069436073,0.0021797376684844494,0.007738836575299501
19318,0.7670036033333334,0.26260756452878314,0.11090959049761295,0.1516979740311702,0.17373740673065186,0.49239200353622437,0.12169328331947327,0.14977100491523743,0.15433397889137268,0.028623787686228752
7830,0.7424409666666666,0.6515954782565435,0.07335737743414938,0.5782381008223941,0.1330229789018631,0.8350721001625061,0.9866913557052612,0.12792694568634033,0.0890534520149231,0.0030917346011847258
7097,0.7264261333333333,0.5244114299615225,0.1274857915317019,0.39692563842982054,0.40233176946640015,0.2097749412059784,0.9611275792121887,0.35328394174575806,0.01989695243537426,0.009276480413973331
6193,0.7144167,0.46523614414036274,0.3402950018644333,0.12494114227592945,0.9270731210708618,0.45208507776260376,0.016550233587622643,0.00840567797422409,0.031617604196071625,0.9808617234230042
6635,0.71188334,0.8123188515504202,0.010259279670814673,0.8020595718796055,0.47360703349113464,0.9815136790275574,0.9818358421325684,0.014301693998277187,0.008558358997106552,0.00791778601706028
11712,0.7914622000000001,0.8860784570376078,0.005326642654836178,0.8807518143827716,0.7407022714614868,0.9949272871017456,0.9226058125495911,0.012160873971879482,0.0015675981994718313,0.00225145579315722
25647,0.7582760066666667,0.5312192030251026,0.13288318389095366,0.39833601913414896,0.05583023652434349,0.9800501465797424,0.5577772259712219,0.1674123853445053,0.0032183013390749693,0.2280188649892807
15742,0.7998818666666668,0.6806595921516418,0.19410561971987286,0.486553972431769,0.09780377149581909,0.9602996110916138,0.9838753938674927,0.5628218650817871,0.01528115477412939,0.004213839303702116
18773,0.7386363633333333,0.7715941568215688,0.006177543390852709,0.7654166134307161,0.8892686367034912,0.45722874999046326,0.968285083770752,0.004315764177590609,0.012376615777611732,0.0018402502173557878
7640,0.6996023333333333,0.6135193506876627,0.01757720481449117,0.5959421458731715,0.6253315806388855,0.2533137798309326,0.9619126915931702,0.04060564562678337,0.0108296237885952,0.0012963450280949473
13335,0.7554666,0.3952939473092556,0.48703833917776745,-0.09174439186851185,0.3026212155818939,0.00754203274846077,0.8757185935974121,0.4086156189441681,0.9878113865852356,0.06468801200389862
23118,0.7692419133333334,0.6059691806634268,0.08535835674653451,0.5206108239168923,0.13859376311302185,0.7349086999893188,0.9444050788879395,0.19241838157176971,0.05535731464624405,0.008299374021589756
13284,0.7430267166666665,0.4596075713634491,0.02710510278120637,0.4325024685822427,0.6489320397377014,0.47110313177108765,0.2587875425815582,0.022205231711268425,0.052240509539842606,0.006869567092508078
7108,0.7101294400000001,0.6978202859560648,0.07025632786098868,0.6275639580950761,0.8085319399833679,0.29791563749313354,0.9870132803916931,0.13380615413188934,0.07569357007741928,0.0012692593736574054
20022,0.7188852666666667,0.6240971883138021,0.16644940370072922,0.45764778461307287,0.3810339570045471,0.5062909722328186,0.9849666357040405,0.48402974009513855,0.01436237059533596,0.0009561004117131233
5461,0.6908742466666666,0.615553600092729,0.05308980060120424,0.5624637994915247,0.9596085548400879,0.07086414843797684,0.8161880970001221,0.008565781638026237,0.034943532198667526,0.11576008796691895
7221,0.7424662466666666,0.7069249451160431,0.11761403068279226,0.5893109144332508,0.21396741271018982,0.9573450684547424,0.949462354183197,0.31777116656303406,0.005023685749620199,0.030047239735722542
11616,0.7294673233333334,0.7106403112411499,0.02484169788658619,0.6857986133545637,0.7433321475982666,0.9718367457389832,0.41675204038619995,0.025041086599230766,0.0034506507217884064,0.046033356338739395
21102,0.7354684333333332,0.8832465608914694,0.011159824362645546,0.8720867365288238,0.8503715991973877,0.8167818188667297,0.9825862646102905,0.009446775540709496,0.021597109735012054,0.00243558781221509
7864,0.7154554333333333,0.47005628344292444,0.03130558839378258,0.4387506950491419,0.0074679492972791195,0.43858981132507324,0.9641110897064209,0.02203543111681938,0.07021299004554749,0.0016683440189808607
11077,0.7860020166666667,0.347946730752786,0.009456279377142588,0.3384904513756434,0.08651699870824814,0.252605676651001,0.7047175168991089,0.008868529461324215,0.007839487865567207,0.011660820804536343
4098,0.7751327333333333,0.6204976191123327,0.019577554970358808,0.6009200641419739,0.7233307361602783,0.14066652953624725,0.9974955916404724,0.012641582638025284,0.04589127004146576,0.00019981223158538342
21956,0.7604161333333334,0.5322378575801849,0.07948732872804005,0.4527505288521449,0.23298785090446472,0.5387732982635498,0.8249524235725403,0.10620187968015671,0.05612470954656601,0.07613539695739746
15390,0.7603187666666665,0.5386649866898855,0.07045188925500649,0.468213097434879,0.2314901053905487,0.3858897089958191,0.9986151456832886,0.1785326451063156,0.03255384415388107,0.0002691785048227757
24843,0.68241545,0.6458820675810178,0.2978720728618403,0.34800999471917754,0.9546318650245667,0.06261449307203293,0.9203998446464539,0.00604254798963666,0.8848643898963928,0.002709280699491501
18693,0.76794589,0.6138609126210213,0.26601268552864593,0.34784822709237534,0.10393091291189194,0.7703640460968018,0.9672877788543701,0.6992276906967163,0.09418874233961105,0.004621623549610376
19338,0.7346566800000001,0.606254001458486,0.2629759491731723,0.34327805228531366,0.5153059363365173,0.3215305805206299,0.9819254875183105,0.4288756549358368,0.34689438343048096,0.013157809153199196
487,0.7243312666666667,0.40587233503659564,0.2541450203085939,0.15172731472800172,0.10165596008300781,0.15319064259529114,0.962770402431488,0.0028501609340310097,0.7394465208053589,0.02013837918639183
2972,0.7427267666666667,0.970369021097819,0.006769105714435379,0.9635999153833836,0.9610336422920227,0.9620542526245117,0.9880191683769226,0.01706038974225521,0.002071858150884509,0.0011750692501664162
14982,0.7476626766666667,0.23977133290221295,0.5318732286492983,-0.29210189574708534,0.2218993455171585,0.007884119637310505,0.4895305335521698,0.5655341744422913,0.9550135731697083,0.07507193833589554
17298,0.6814303733333333,0.9532845218976339,0.00792765551401923,0.9453568663836147,0.9682279825210571,0.895939290523529,0.9956862926483154,0.011360643431544304,0.011455817148089409,0.0009665059624239802
4850,0.7530658133333334,0.615771104892095,0.0528950784355402,0.5628760264565548,0.7012344002723694,0.22671189904212952,0.9193670153617859,0.12523426115512848,0.006331613287329674,0.027119360864162445
10626,0.7455258333333333,0.4749884158372879,0.12166730066140492,0.353321115175883,0.2226981669664383,0.2400798499584198,0.9621872305870056,0.28706929087638855,0.06420774757862091,0.013724863529205322
11098,0.7469853466666666,0.72695458928744,0.008096043796588978,0.7188585454908509,0.975658118724823,0.3890171945095062,0.8161884546279907,0.006472013425081968,0.008461263962090015,0.009354854002594948
3053,0.7298547233333333,0.8876859943072001,0.0010271132729637127,0.8866588810342364,0.9513177871704102,0.9911346435546875,0.7206055521965027,0.0008540403796359897,0.0006509811501018703,0.0015763182891532779
19344,0.7424285166666666,0.8515529036521912,0.06394936516880989,0.7876035384833813,0.9653514623641968,0.8241031169891357,0.765204131603241,0.006504487246274948,0.019533053040504456,0.16581055521965027
25737,0.7818191366666666,0.45902564624945325,0.42039259026447934,0.03863305598497391,0.36857306957244873,0.22549988329410553,0.7830039858818054,0.5357471704483032,0.6725611686706543,0.05286943167448044
14729,0.7733756533333334,0.8702285885810852,0.03370806326468786,0.8365205253163973,0.9495859146118164,0.8253439664840698,0.8357558846473694,0.011676620692014694,0.04584083333611488,0.04360673576593399
16379,0.74138895,0.2995907540122668,0.020925276602307957,0.27866547740995884,0.7477824687957764,0.07874612510204315,0.07224366813898087,0.02922208048403263,0.008538192138075829,0.025015557184815407
21526,0.7558322766666667,0.6569742858409882,0.22758594155311584,0.4293883442878723,0.29441699385643005,0.8500840067863464,0.826421856880188,0.625720202922821,0.007017873227596283,0.050019748508930206
15758,0.7332158233333333,0.29078619616727036,0.3214856004342437,-0.030699404266973318,0.7629068493843079,0.08587925881147385,0.02357248030602932,0.013333250768482685,0.07345642149448395,0.8776671290397644
19879,0.7100354566666667,0.4801084101200104,0.009210988879203796,0.4708974212408066,0.896027147769928,0.1430513560771942,0.40124672651290894,0.007998233661055565,0.00927085429430008,0.010363878682255745
12981,0.7258668166666666,0.4952622552712758,0.0507222463687261,0.44454000890254974,0.2658044397830963,0.3585506081581116,0.8614317178726196,0.11051671952009201,0.012173449620604515,0.029476569965481758
5555,0.7482234666666666,0.8879478375116984,0.036835611409818135,0.8511122261018802,0.9890177249908447,0.7901653051376343,0.8846604824066162,0.0008605679031461477,0.0270379688590765,0.08260829746723175
15142,0.7051346000000001,0.7523302336533865,0.03253671651085218,0.7197935171425343,0.911684513092041,0.4381299316883087,0.9071762561798096,0.028183354064822197,0.012332068756222725,0.05709472671151161
4038,0.7770368599999999,0.630377933382988,0.06621210432300965,0.5641658290599784,0.21603430807590485,0.7599667906761169,0.9151327013969421,0.1256430745124817,0.059525202959775925,0.013468035496771336
2082,0.7258571666666667,0.949145237604777,0.006946122991697242,0.9421991146130797,0.9049040675163269,0.9820689558982849,0.9604626893997192,0.017100008204579353,0.003077250672504306,0.0006611100980080664
3410,0.7743218000000001,0.8524113496144613,0.024010486124704283,0.8284008634897571,0.6283093094825745,0.982484757900238,0.9464399814605713,0.06726618111133575,0.0037719225510954857,0.0009933547116816044
5178,0.7258235433333334,0.4117478132247925,0.006304917701830466,0.40544289552296203,0.14454323053359985,0.10242444276809692,0.9882757663726807,0.012217576615512371,0.005823712330311537,0.0008734641596674919
26254,0.7073312533333334,0.9885267217954,0.001996354025322944,0.9865303677700771,0.9950238466262817,0.9785077571868896,0.9920485615730286,0.0008133381488732994,0.004256846848875284,0.0009188770782202482
11190,0.7343646333333335,0.43782202899456024,0.09690752637106925,0.340914502623491,0.18002863228321075,0.9331349730491638,0.20030248165130615,0.2782897651195526,0.001858556061051786,0.01057425793260336
10975,0.7605671566666666,0.45735616733630496,0.0452085731861492,0.4121475941501558,0.48553478717803955,0.08674684911966324,0.7997868657112122,0.08177740126848221,0.047348037362098694,0.006500280927866697
4161,0.7770360633333334,0.8460614681243896,0.09041405892154823,0.7556474092028415,0.9865837693214417,0.6893310546875,0.8622695803642273,0.0008996479446068406,0.15745806694030762,0.11288446187973022
17501,0.6755247999999999,0.8158888518810272,0.09141445493636031,0.7244743969446669,0.9873047471046448,0.9949215054512024,0.4654403030872345,0.005558293778449297,0.0014051778707653284,0.26727989315986633
22163,0.75607107,0.7481113870938619,0.020392335020005703,0.7277190520738562,0.9175248742103577,0.3975253701210022,0.9292839169502258,0.0024591227993369102,0.05486030504107475,0.003857577219605446
26446,0.7059746333333333,0.46477122356494266,0.173454483350118,0.2913167402148247,0.06976164132356644,0.42591169476509094,0.8986403346061707,0.012205909937620163,0.4902213513851166,0.017936188727617264
23693,0.74503365,0.8637519478797913,0.031692154433888696,0.8320597934459025,0.8346889615058899,0.9474084973335266,0.8091583847999573,0.0422111377120018,0.0015401124255731702,0.05132521316409111
2224,0.74481155,0.7339917222658793,0.012667540926486254,0.721324181339393,0.2513050436973572,0.9793359637260437,0.9713341593742371,0.015816325321793556,0.004395691212266684,0.01779060624539852
20274,0.7261264000000001,0.48323143025239307,0.03281481936573982,0.45041661088665325,0.22416527569293976,0.5072096586227417,0.7183193564414978,0.07191038876771927,0.0050115082412958145,0.021522561088204384
15733,0.7328678933333334,0.6369687070449194,0.006128083604077498,0.6308406234408419,0.9058959484100342,0.08549611270427704,0.9195140600204468,0.008086325600743294,0.0069294157437980175,0.003368509467691183
24632,0.75530116,0.9800875385602316,0.012882167822681367,0.9672053707375502,0.9472431540489197,0.9973579049110413,0.9956615567207336,0.03658541291952133,0.00039115932304412127,0.0016699312254786491
17711,0.7824575866666666,0.09387429431080818,0.3171628825366497,-0.22328858822584152,0.09098593890666962,0.14562812447547913,0.0450088195502758,0.9030237793922424,0.045290060341358185,0.0031748078763484955
16367,0.7327590333333333,0.2548740928371747,0.1542694220940272,0.10060467074314752,0.5207837224006653,0.15296460688114166,0.09087394922971725,0.218370720744133,0.11728203296661377,0.12715551257133484
8007,0.7326787,0.9851402640342712,0.0026230692553023496,0.9825171947789689,0.9819238781929016,0.9840801358222961,0.989416778087616,0.00322445435449481,0.0004728781059384346,0.0041718753054738045
19003,0.7963521,0.8743107120196024,0.07069746917113662,0.8036132428484658,0.6937756538391113,0.9479436874389648,0.9812127947807312,0.2022949457168579,0.002704508136957884,0.007092953659594059
12216,0.7301337133333333,0.581537147363027,0.2708270693353067,0.31071007802772027,0.17992889881134033,0.7297060489654541,0.8349764943122864,0.6581525802612305,0.1511727124452591,0.0031559152994304895
13277,0.7623165833333333,0.7400828997294108,0.0448995439025263,0.6951833558268845,0.3641762137413025,0.9747387766838074,0.8813337087631226,0.12475462257862091,0.002780955284833908,0.007163053844124079
13693,0.77288568,0.7224321762720743,0.07034980334962408,0.6520823729224503,0.9525195360183716,0.8330881595611572,0.38168883323669434,0.028763597831130028,0.0028669950552284718,0.17941881716251373
19697,0.7254998333333335,0.14477756122748056,0.7946725090344747,-0.6498949478069942,0.18391834199428558,0.023736432194709778,0.22667790949344635,0.7541751265525818,0.9407699108123779,0.6890724897384644
5078,0.7818042466666667,0.42877407868703205,0.04821965843439102,0.380554420252641,0.3342098295688629,0.6103984117507935,0.3417139947414398,0.029089076444506645,0.0076239872723817825,0.10794591158628464
11448,0.74436225,0.5154221256573995,0.02081975278755029,0.49460237286984926,0.8710574507713318,0.1470441222190857,0.528164803981781,0.04336739331483841,0.01336040161550045,0.005731463432312012
25183,0.6963037333333334,0.8493737181027731,0.0507506945480903,0.7986230235546827,0.961647093296051,0.6451992988586426,0.9412747621536255,0.02949652634561062,0.08267123997211456,0.040084317326545715
12964,0.7487658633333334,0.4912886718908946,0.20909131535639366,0.28219735653450095,0.048935770988464355,0.9531890749931335,0.4717411696910858,0.46067655086517334,0.010424806736409664,0.15617258846759796
15082,0.7243495766666666,0.680511824786663,0.0029494897850478687,0.6775623350016152,0.9613866209983826,0.09061161428689957,0.989537239074707,0.005716613493859768,0.0013651576591655612,0.0017666982021182775
15901,0.74230099,0.8020104368527731,0.00484069970358784,0.7971697371491853,0.6287665963172913,0.9849826693534851,0.7922820448875427,0.01016306597739458,0.0009123323834501207,0.0034467007499188185
17348,0.7001948699999999,0.3594346046447754,0.0071130588961144285,0.352321545748661,0.08638633042573929,0.06825654953718185,0.923660933971405,0.008599470369517803,0.004099124576896429,0.008640581741929054
12932,0.7425091266666666,0.7650906642278036,0.02042790036648512,0.7446627638613185,0.910553514957428,0.46553176641464233,0.9191867113113403,0.02192198671400547,0.033070750534534454,0.006290963850915432
8056,0.8079162133333333,0.5584467401107153,0.0194033021107316,0.5390434379999837,0.1871275156736374,0.6590052247047424,0.8292074799537659,0.006353321950882673,0.04626942798495293,0.005587156396359205
8063,0.7138997333333333,0.6687810818354288,0.030937357805669308,0.6378437240297595,0.7747842669487,0.6827936172485352,0.5487653613090515,0.07792210578918457,0.004600627347826958,0.010289340279996395
5453,0.76574563,0.3564472248156865,0.17830102052539587,0.17814620429029066,0.3865980803966522,0.45571598410606384,0.22702760994434357,0.14616400003433228,0.011498105712234974,0.37724095582962036
12040,0.7876232233333332,0.7095694045225779,0.1726472961405913,0.5369221083819866,0.4084515869617462,0.9048091769218445,0.8154474496841431,0.3116452693939209,0.04231848940253258,0.16397812962532043
23721,0.7610152333333332,0.7149607191483179,0.23529045431253812,0.4796702648357798,0.21842630207538605,0.9509077072143555,0.9755481481552124,0.692802906036377,0.0034295085351914167,0.009638948366045952
3348,0.7610625233333334,0.6132906874020895,0.2937686486790578,0.3195220387230317,0.41872459650039673,0.9731402397155762,0.4480072259902954,0.3336733877658844,0.017684979364275932,0.5299475789070129
25253,0.7226686,0.33172980571786564,0.009769063753386339,0.3219607419644793,0.054307904094457626,0.8341755867004395,0.1067059263586998,0.008111660368740559,0.004112141206860542,0.017083389684557915
11342,0.7464433633333334,0.5356309562921524,0.0708606665333112,0.4647702897588412,0.07367627322673798,0.8838710784912109,0.6493455171585083,0.016407322138547897,0.05185097083449364,0.1443237066268921
627,0.7511030466666666,0.6973607490460078,0.26283786663164693,0.4345228824143608,0.2149869054555893,0.9090688228607178,0.9680265188217163,0.763684868812561,0.014241650700569153,0.010587080381810665
13355,0.74157282,0.5238273205856482,0.3772115757067998,0.14661574487884838,0.030788321048021317,0.8870557546615601,0.6536378860473633,0.9577965140342712,0.06629787385463715,0.10754033923149109
20153,0.7579051366666666,0.6634101768334707,0.008817915494243303,0.6545922613392274,0.9173493981361389,0.15447404980659485,0.9184070825576782,0.018743807449936867,0.0038975130300968885,0.0038124260026961565
2221,0.7475345933333332,0.6648718031744162,0.001139612829623123,0.663732190344793,0.9607061147689819,0.04399779811501503,0.9899114966392517,0.002656590426340699,0.0004737334093078971,0.00028851465322077274
14973,0.75778965,0.5050582960247993,0.31221505417488515,0.1928432418499142,0.48581942915916443,0.06588798016309738,0.9634674787521362,0.06836763024330139,0.8645203709602356,0.003757161321118474
2143,0.7120064866666667,0.4556542473534743,0.030571107752621174,0.42508313960085314,0.039341192692518234,0.8812045454978943,0.4464170038700104,0.004712420981377363,0.0803794413805008,0.006621460895985365
542,0.6649688433333334,0.7362648049990336,0.03624958669145902,0.7000152183075745,0.873235821723938,0.5605819225311279,0.7749766707420349,0.02763492986559868,0.06961902230978012,0.01149480789899826
1256,0.7004808333333333,0.6818612217903137,0.10037300285572807,0.5814882189345857,0.5090702176094055,0.9827846884727478,0.5537287592887878,0.26102524995803833,0.0021165027283132076,0.03797725588083267
17216,0.7554024,0.7342895269393921,0.024463674053549767,0.7098258528858423,0.5036786794662476,0.7445568442344666,0.9546330571174622,0.011938290670514107,0.036210596561431885,0.025242134928703308
20709,0.7672888733333334,0.5985340972741445,0.1823086211613069,0.41622547611283767,0.38665828108787537,0.6626999378204346,0.7462440729141235,0.5213227868080139,0.021807627752423286,0.003795448923483491
26363,0.7640678033333334,0.7056503792603811,0.12494224129477516,0.5807081379656059,0.2825184166431427,0.855396568775177,0.9790361523628235,0.35089239478111267,0.023519154638051987,0.0004151744651608169
12431,0.7168539333333332,0.5352059900760651,0.23544136776278415,0.29976462231328094,0.22212722897529602,0.9557608962059021,0.42772984504699707,0.6465235948562622,0.001459556631743908,0.058340951800346375
25357,0.76092908,0.33016491681337357,0.04332999171068271,0.2868349251026909,0.2784881889820099,0.5936897397041321,0.11831682175397873,0.04027705267071724,0.07972190529108047,0.009991017170250416
15935,0.7346721900000001,0.9055736462275187,0.040555464724699654,0.8650181815028191,0.862184464931488,0.8947911262512207,0.9597453474998474,0.05177820101380348,0.03780826926231384,0.032079923897981644
10619,0.7643529766666667,0.7492976188659668,0.0894681178421403,0.6598295010238265,0.9753629565238953,0.2847680449485779,0.9877618551254272,0.008115267381072044,0.25928425788879395,0.0010048282565549016
2077,0.7240568433333333,0.768845001856486,0.03824887704104185,0.7305961248154441,0.7645886540412903,0.6100359559059143,0.9319103956222534,0.08920173346996307,0.012660891748964787,0.012884005904197693
24942,0.7463139833333333,0.5808303952217102,0.04672132323806485,0.5341090719836453,0.5995261073112488,0.24129581451416016,0.9016692638397217,0.04940471425652504,0.08617330342531204,0.004585952032357454
1475,0.7348768333333334,0.9644425312678019,0.013152534806674035,0.9512899964611279,0.9258808493614197,0.9962691068649292,0.9711776375770569,0.022290999069809914,0.0001934265164891258,0.016973178833723068
22969,0.68505247,0.6837730407714844,0.2341176620684564,0.44965537870302796,0.7744040489196777,0.8975611329078674,0.37935394048690796,0.13938641548156738,0.005593225825577974,0.5573733448982239
24950,0.71467388,0.8869168559710184,0.05788984910274545,0.829027006868273,0.9058271646499634,0.7722068428993225,0.9827165603637695,0.011949907056987286,0.15596678853034973,0.0057528517208993435
7923,0.7762968499999999,0.2736423636476199,0.37463486939668655,-0.10099250574906665,0.6067594289779663,0.17344936728477478,0.04071829468011856,0.11854822188615799,0.1681128889322281,0.8372434973716736
13172,0.7224587000000001,0.675943061709404,0.0643090804417928,0.6116339812676111,0.24292774498462677,0.9002535939216614,0.8846478462219238,0.16860009729862213,0.009105936624109745,0.015221207402646542
11721,0.7010711533333334,0.6672651767730713,0.1642809472978115,0.5029842294752598,0.6726387739181519,0.7392856478691101,0.5898711085319519,0.08997121453285217,0.04509671404957771,0.35777491331100464
18075,0.7143135666666667,0.48260876536369324,0.02081029551724593,0.4617984698464473,0.7952548861503601,0.16675540804862976,0.48581600189208984,0.02273658476769924,0.026747742667794228,0.012946559116244316
19252,0.7335296966666666,0.2574351280927658,0.3477367274463177,-0.09030159935355186,0.20128722488880157,0.48958173394203186,0.08143642544746399,0.14385350048542023,0.05407794192433357,0.8452787399291992
12728,0.7254335333333333,0.9692649245262146,0.013694581692107022,0.9555703428341076,0.956803560256958,0.9671584367752075,0.9838327765464783,0.014528295025229454,0.024980921298265457,0.0015745287528261542
18963,0.7445979733333333,0.2609894061461091,0.03513448861970877,0.22585491752640033,0.14237326383590698,0.6361453533172607,0.004449601285159588,0.024203071370720863,0.08087680488824844,0.0003235896001569927
10517,0.7532098533333333,0.6044235229492188,0.05132290658851465,0.5531006163607041,0.559040904045105,0.5731012225151062,0.6811284422874451,0.008965736255049706,0.08065047860145569,0.06435250490903854
13193,0.7665863233333333,0.3173317623635133,0.2947982841481765,0.0225334782153368,0.014180533587932587,0.060051124542951584,0.8777636289596558,0.8241645693778992,0.025928756222128868,0.034301526844501495
20027,0.7211885499999999,0.3600658029317856,0.039512831484898925,0.32055297144688666,0.11090084910392761,0.09532253444194794,0.8739740252494812,0.09485852718353271,0.02209502086043358,0.0015849464107304811
13692,0.7919643166666667,0.9502501885096232,0.018250450356087338,0.9319997381535359,0.8760631084442139,0.997885525226593,0.9768019318580627,0.04827918857336044,0.00047951197484508157,0.005992650520056486
4395,0.7591747533333333,0.23410020551333824,0.10067561059258878,0.13342459492074946,0.45832350850105286,0.23196230828762054,0.012014799751341343,0.05759043991565704,0.24120265245437622,0.0032337394077330828
16652,0.7556685599999998,0.6577155018846194,0.2730692181115349,0.38464628377308446,0.10202319175004959,0.9459033012390137,0.9252200126647949,0.7931254506111145,0.008183666504919529,0.01789853721857071
13387,0.7075430233333333,0.4053281346956889,0.13747059367597103,0.26785754101971787,0.4390319585800171,0.3604607582092285,0.41649168729782104,0.1967310905456543,0.18609368801116943,0.029587002471089363
12897,0.7448225833333333,0.7701285282770792,0.1106106440226237,0.6595178842544556,0.6616119742393494,0.8977750539779663,0.7509985566139221,0.09606179594993591,0.023008346557617188,0.212761789560318
17902,0.7536517833333333,0.7916116515795389,0.04345599437753359,0.7481556572020054,0.777657151222229,0.7763426303863525,0.8208351731300354,0.02223346009850502,0.08608844131231308,0.022046081721782684
5367,0.7023832766666667,0.9346086382865906,0.007644241442903876,0.9269643968436867,0.886504590511322,0.9714235067367554,0.9458978176116943,0.015860771760344505,0.005097562447190285,0.001974390121176839
15988,0.7294594466666666,0.9163732727368673,0.006550982584788774,0.9098222901520785,0.9526366591453552,0.8346143364906311,0.9618688225746155,0.01814320497214794,0.0010402591433376074,0.0004694836388807744
10827,0.69804925,0.5466312567392985,0.06008236358563105,0.4865488931536674,0.3773782253265381,0.380315363407135,0.8822001814842224,0.1037757471203804,0.03977300226688385,0.036698341369628906
16625,0.78752938,0.7057101428508759,0.03440993775924047,0.6713002050916353,0.341215044260025,0.825583815574646,0.9503315687179565,0.09401462972164154,0.0027110627852380276,0.006504120770841837
25693,0.6849793000000001,0.6552573392788569,0.1700376537240421,0.48521968555481476,0.21674244105815887,0.7600983381271362,0.9889312386512756,0.5000195503234863,0.0089885164052248,0.0011048944434151053
12265,0.7489112633333334,0.7276611824830373,0.05221536798247447,0.6754458145005628,0.2837582528591156,0.9114790558815002,0.9877462387084961,0.12491991370916367,0.03070555441081524,0.0010206358274444938
2688,0.7318863333333333,0.7225258151690165,0.04225326001566524,0.6802725551533513,0.5661990642547607,0.6071761846542358,0.994202196598053,0.03853032737970352,0.08781438320875168,0.000415069458540529
12245,0.7683990499999999,0.690447727839152,0.142364335556825,0.5480833922823269,0.2583736181259155,0.9099262952804565,0.903043270111084,0.33870452642440796,0.062163617461919785,0.026224862784147263
15802,0.7330245166666667,0.1686277079085509,0.411957581837972,-0.2433298739294211,0.24812911450862885,0.19707094132900238,0.06068306788802147,0.4123043119907379,0.2545311152935028,0.5690373182296753
12067,0.7484709,0.5920903633038203,0.023387141060084105,0.5687032222437362,0.8514049649238586,0.8204905986785889,0.10437552630901337,0.06363335996866226,0.0020658206194639206,0.004462242592126131
6167,0.72500723,0.586139182249705,0.3591672455271085,0.22697193672259647,0.6467805504798889,0.26113253831863403,0.850504457950592,0.25168025493621826,0.7070644497871399,0.11875703185796738
2800,0.7267475233333333,0.6676030357678732,0.1723692367474238,0.4952337990204494,0.6028437614440918,0.6302762627601624,0.7696890830993652,0.12343573570251465,0.2470608800649643,0.14661109447479248
17045,0.7549300166666666,0.5683895014226437,0.013346400499964753,0.555043100922679,0.02394511178135872,0.8620562553405762,0.8191671371459961,0.002609000774100423,0.010683447122573853,0.026746753603219986
14199,0.7267830033333333,0.36218466113011044,0.12247578551371892,0.23970887561639154,0.09722649306058884,0.29989415407180786,0.6894333362579346,0.1615566462278366,0.13866588473320007,0.06720482558012009
19661,0.7242881,0.7979142665863037,0.033317986565331616,0.7645962800209721,0.8220621943473816,0.947634756565094,0.6240458488464355,0.04530324041843414,0.006903952918946743,0.04774676635861397
12163,0.7137503133333333,0.0626354212872684,0.5844911336898804,-0.521855712402612,0.0028600343503057957,0.033934224396944046,0.15111200511455536,0.9946551322937012,0.40540754795074463,0.3534107208251953
12437,0.7060375,0.8495439489682516,0.04453423394200703,0.8050097150262445,0.6494775414466858,0.9091050624847412,0.9900492429733276,0.08452994376420975,0.04633502662181854,0.0027377314399927855
12054,0.7498978366666668,0.40442557136217755,0.12664840028931698,0.2777771710728606,0.32629576325416565,0.11991071701049805,0.7670702338218689,0.35605472326278687,0.004384842701256275,0.019505634903907776
15431,0.7324897433333333,0.6170589700341225,0.30557691523184377,0.3114820548022787,0.09590547531843185,0.9092516303062439,0.8460198044776917,0.8682572841644287,0.037823643535375595,0.010649817995727062
23441,0.6871084,0.7338128487269083,0.040073461830616,0.6937393868962923,0.4052616357803345,0.8701303005218506,0.92604660987854,0.09625806659460068,0.021278677508234978,0.0026836413890123367
19528,0.7453013999999999,0.10440545467038949,0.016439111321233213,0.08796634334915628,0.08506257832050323,0.22096237540245056,0.0071914102882146835,0.045708924531936646,0.001754273776896298,0.0018541356548666954
6899,0.7542323533333333,0.4989357143640518,0.06981497102727492,0.4291207433367769,0.935890793800354,0.08277277648448944,0.478143572807312,0.010895761661231518,0.06808702647686005,0.13046212494373322
592,0.6970398333333333,0.7004374066988627,0.01860977616161108,0.6818276305372516,0.3938063979148865,0.9055281281471252,0.8019776940345764,0.030966028571128845,0.008604354225099087,0.01625894568860531
13425,0.7605218066666667,0.3214294432351987,0.33394282483883825,-0.012513381603639573,0.0011111479252576828,0.08146492391824722,0.8817122578620911,0.9945283532142639,0.0006725341663695872,0.0066275871358811855
2682,0.7547246466666667,0.4091494182745616,0.4011017506321271,0.008047667642434475,0.17292660474777222,0.2535611093044281,0.8009605407714844,0.5988760590553284,0.5142121911048889,0.09021700173616409
18656,0.7287162500000001,0.3792731960614522,0.07428162544965744,0.30499157061179477,0.36130332946777344,0.05520355701446533,0.7213127017021179,0.08236842602491379,0.08126749843358994,0.0592089518904686
21101,0.7865555666666667,0.695011297861735,0.06891713912288348,0.6260941587388515,0.794258713722229,0.5346603989601135,0.7561147809028625,0.022356044501066208,0.034046441316604614,0.15034893155097961
18066,0.7652073,0.612979660431544,0.29243893090945977,0.3205407295220842,0.350089430809021,0.49717870354652405,0.9916708469390869,0.4463522732257843,0.4277585446834564,0.003205974819138646
18057,0.76094473,0.753339946269989,0.1655314639210701,0.5878084823489189,0.4787471890449524,0.8414831757545471,0.9397894740104675,0.46583378314971924,0.012003112584352493,0.018757496029138565
22923,0.7675195666666667,0.5990930249293646,0.13931991524683932,0.45977310968252527,0.8056113719940186,0.8642905354499817,0.12737716734409332,0.05790414288640022,0.0031662059482187033,0.35688939690589905
22490,0.75393791,0.7608763575553894,0.04906013499324521,0.7118162225621442,0.6070715188980103,0.9569960236549377,0.7185615301132202,0.13812759518623352,0.004644456319510937,0.004408353473991156
16401,0.6915338766666667,0.34722474093238515,0.09734268362323444,0.2498820573091507,0.18166889250278473,0.0330512635409832,0.8269540667533875,0.05608636513352394,0.20285935699939728,0.033082328736782074
4743,0.8015186999999999,0.367125262816747,0.2733845164378484,0.09374074637889862,0.17625479400157928,0.19165019690990448,0.7334707975387573,0.024514734745025635,0.6982942819595337,0.0973445326089859
24904,0.7384399333333334,0.245059996843338,0.3715604841709137,-0.12650048732757568,0.25447458028793335,0.21704187989234924,0.26366353034973145,0.2559700012207031,0.7200416326522827,0.13866981863975525
14720,0.7274586633333332,0.32905541608730954,0.09686796584477027,0.23218745024253928,0.5729715824127197,0.04069661349058151,0.3734980523586273,0.21747547388076782,0.0029502129182219505,0.07017821073532104
8166,0.7168234,0.39334002137184143,0.08311340771615505,0.3102266136556864,0.1445809304714203,0.784022331237793,0.25141680240631104,0.010311031714081764,0.0033058300614356995,0.2357233613729477
23531,0.7686379033333334,0.3928157364328702,0.08859304587046306,0.30422269056240714,0.20531383156776428,0.867786705493927,0.1053466722369194,0.06571843475103378,0.04527799040079117,0.1547827124595642
24610,0.7382792866666668,0.5597957024971644,0.013716220390051603,0.5460794821071128,0.18647243082523346,0.9476234316825867,0.5452912449836731,0.036078788340091705,0.0024234862066805363,0.0026463866233825684
619,0.7747130766666667,0.3790494215985139,0.05490325763821602,0.3241461639602979,0.05328241363167763,0.17837151885032654,0.9054943323135376,0.11324036121368408,0.028443824499845505,0.02302558720111847
5843,0.74159904,0.8870187004407247,0.013448618507633606,0.8735700819330912,0.8269086480140686,0.965235710144043,0.8689117431640625,0.023826995864510536,0.006402876693755388,0.010115982964634895
10620,0.7140360333333334,0.2787936112533013,0.5989569642891487,-0.32016335303584736,0.09164517372846603,0.7200718522071838,0.024663807824254036,0.8073082566261292,0.019644325599074364,0.9699183106422424
23010,0.7034909133333334,0.6385794629653295,0.011360066244378686,0.6272193967209508,0.964638888835907,0.12607835233211517,0.8250211477279663,0.01195475272834301,0.02008042298257351,0.0020450230222195387
12378,0.7352777,0.9283154209454855,0.008754969225265086,0.9195604517202204,0.9534315466880798,0.9769922494888306,0.8545224666595459,0.01844429410994053,0.0012962542241439223,0.006524359341710806
7433,0.7270675366666667,0.7577856580416361,0.03367611641685168,0.7241095416247845,0.6055657267570496,0.9610762596130371,0.7067149877548218,0.018429923802614212,0.013709016144275665,0.06888940930366516
18045,0.6978907633333332,0.6399446924527487,0.2550866332215567,0.38485805923119193,0.75099778175354,0.9742465615272522,0.1945897340774536,0.1493314504623413,0.004728176165372133,0.6112002730369568
2662,0.7432968166666667,0.42841164767742157,0.28913022577762604,0.13928142189979553,0.084316685795784,0.8257567286491394,0.3751615285873413,0.6736459732055664,0.03489130735397339,0.15885339677333832
2081,0.7348869833333334,0.6750586777925491,0.0036718743309999504,0.6713868034615492,0.12990598380565643,0.9803584814071655,0.9149115681648254,0.006293184123933315,0.001473909360356629,0.0032485295087099075
24066,0.7853997533333335,0.3219820608695348,0.2249737779299418,0.09700828293959299,0.2114754468202591,0.1391492784023285,0.6153214573860168,0.3284204304218292,0.21238459646701813,0.1341163069009781
6037,0.7518743066666667,0.5830548107624054,0.07733816622445981,0.5057166445379456,0.4002622663974762,0.3961141109466553,0.9527880549430847,0.21424496173858643,0.013875709846615791,0.003893827088177204
7209,0.7581668,0.9087362885475159,0.002900852899377545,0.9058354356481383,0.9751982092857361,0.9820588231086731,0.7689518332481384,0.0016875297296792269,0.0014997166581451893,0.005515312310308218
8342,0.7132716533333334,0.48172732690970105,0.030906764635195334,0.45082056227450573,0.49076300859451294,0.7768829464912415,0.1775360256433487,0.0028954739682376385,0.07397500425577164,0.01584981568157673
13153,0.7661594800000001,0.5300518721342087,0.04391067436275383,0.48614119777145487,0.5045017600059509,0.9410597085952759,0.14459414780139923,0.11169353872537613,0.016446810215711594,0.0035916741471737623
11272,0.7733984,0.7401869694391886,0.07119613187387586,0.6689908375653127,0.5253258943557739,0.7253510355949402,0.9698839783668518,0.19100509583950043,0.019030267372727394,0.003553032409399748
15893,0.7102914366666666,0.7460968295733134,0.08543691217588882,0.6606599173974246,0.477355420589447,0.7952011823654175,0.9657338857650757,0.24959108233451843,0.0037405032198876143,0.0029791509732604027
17698,0.7451082000000001,0.5034383287032446,0.35897908297677833,0.14445924572646623,0.06152372062206268,0.6537732481956482,0.7950180172920227,0.8493087291717529,0.19977937638759613,0.027849143370985985
1257,0.7806684533333333,0.8058409690856934,0.09303884223724405,0.7128021268484493,0.6561589241027832,0.7730699777603149,0.9882940053939819,0.14988084137439728,0.1247299313545227,0.004505753982812166
23216,0.7119637466666666,0.9489929676055908,0.006559948902577162,0.9424330187030137,0.9934514760971069,0.8767407536506653,0.9767866730690002,0.0027045488823205233,0.013106212019920349,0.003869085805490613
25266,0.7683934666666666,0.8729226390520731,0.01288830698467791,0.8600343320673952,0.9250612258911133,0.7197567820549011,0.9739499092102051,0.007401886861771345,0.028569821268320084,0.0026932128239423037
19087,0.7162178766666667,0.6791056195894877,0.05327593845625719,0.6258296811332305,0.5006469488143921,0.5873239636421204,0.9493459463119507,0.12983854115009308,0.0058485958725214005,0.024140678346157074
2287,0.75324179,0.9591861565907797,0.007908577797934413,0.9512775787928452,0.9628594517707825,0.9206147193908691,0.9940842986106873,0.004321737680584192,0.01866414211690426,0.0007398535963147879
15069,0.7055334666666666,0.73825404047966,0.0028078671700010696,0.735446173309659,0.9487695693969727,0.30857864022254944,0.957413911819458,0.00353041710332036,0.0014402105007320642,0.0034529739059507847
22254,0.6756391599999999,0.6254939387241999,0.025324951857328415,0.6001689868668715,0.9742634296417236,0.09650866687297821,0.805709719657898,0.005357817746698856,0.009926608763635159,0.06069042906165123
311,0.6938928133333334,0.5498951276143392,0.20383789048840603,0.34605723712593317,0.31770867109298706,0.37481558322906494,0.9571611285209656,0.004426890052855015,0.5966185331344604,0.010468248277902603
5225,0.7982636433333333,0.13075727596879005,0.39406831686695415,-0.2633110408981641,0.05737380310893059,0.16324587166309357,0.171652153134346,0.6072635054588318,0.05947117879986763,0.5154702663421631
13481,0.6942681,0.5101123402516047,0.06759015781184037,0.4425221824397643,0.5124801397323608,0.08221326768398285,0.9356436133384705,0.0741187334060669,0.10352212190628052,0.025129618123173714
10991,0.7202572466666667,0.8998687068621317,0.02652702232201894,0.8733416845401127,0.89308762550354,0.8692449331283569,0.9372735619544983,0.028263172134757042,0.021423745900392532,0.02989414893090725
23152,0.74641038,0.7900469501813253,0.0043159859875837965,0.7857309641937416,0.7842592597007751,0.9576740860939026,0.6282075047492981,0.007932670414447784,0.002526935888454318,0.002488351659849286
1897,0.7752923266666668,0.5653504754106203,0.02476945783322056,0.5405810175773997,0.07295233756303787,0.6830255389213562,0.940073549747467,0.06564999371767044,0.006696146912872791,0.001962232869118452
25766,0.7024515266666667,0.5429484645525614,0.22597803672154745,0.3169704278310139,0.9513324499130249,0.3404631018638611,0.33704984188079834,0.01611480861902237,0.025947831571102142,0.6358714699745178
16391,0.6884893533333334,0.7399653991063436,0.022802781391267974,0.7171626177150756,0.6193988919258118,0.6137452721595764,0.9867520332336426,0.037197791039943695,0.02826021797955036,0.002950335154309869
8357,0.6929587599999999,0.7980652252833048,0.0539796839778622,0.7440855413054426,0.9019788503646851,0.6265816688537598,0.8656351566314697,0.007803645916283131,0.11727221310138702,0.03686319291591644
13900,0.7022060566666667,0.4306883116563161,0.3328924874464671,0.097795824209849,0.5350252389907837,0.1507740318775177,0.606265664100647,0.1670430302619934,0.8202669620513916,0.011367470026016235
8318,0.7849233,0.5947390471895536,0.3767817138383786,0.217957333351175,0.01165761798620224,0.8171470761299133,0.9554124474525452,0.9781346321105957,0.13602659106254578,0.016183918341994286
7187,0.7859847833333333,0.5342911779880524,0.19660137531658015,0.3376898026714722,0.25120916962623596,0.3778753876686096,0.9737889766693115,0.5433590412139893,0.04141433164477348,0.005030753090977669
6501,0.71679598,0.9202621181805929,0.005326984954687457,0.9149351332259055,0.9872117638587952,0.7830519080162048,0.9905226826667786,0.0017352206632494926,0.013473152182996273,0.0007725820178166032
13356,0.7670899433333332,0.7941325108210245,0.05735618527978659,0.736776325541238,0.8468350172042847,0.9566174149513245,0.5789451003074646,0.037207335233688354,0.008673553355038166,0.12618766725063324
15407,0.7883661566666667,0.9119116465250651,0.01007376603471736,0.9018378804903477,0.8766648769378662,0.9907249808311462,0.8683450818061829,0.022643545642495155,0.002494434593245387,0.005083317868411541
7677,0.75430735,0.819638212521871,0.027274560183286667,0.7923636523385843,0.6680505871772766,0.8756256103515625,0.9152384400367737,0.04406271129846573,0.02261670120060444,0.015144268050789833
21416,0.7136952,0.42597197492917377,0.12541004021962485,0.30056193470954895,0.2787715196609497,0.5597319602966309,0.4394124448299408,0.06925632059574127,0.26414060592651367,0.04283319413661957
20358,0.7094078333333335,0.8389531572659811,0.004630716478762527,0.8343224407872185,0.9326762557029724,0.5898032784461975,0.9943799376487732,0.007699713576585054,0.004831232130527496,0.0013612037291750312
1998,0.7149688866666667,0.952306886514028,0.009128539929709708,0.9431783465843182,0.9863808751106262,0.996698260307312,0.8738415241241455,0.0008582735317759216,0.00034496854641474783,0.026182377710938454
12124,0.7583391333333332,0.7277582486470541,0.04330419655889273,0.6844540520881613,0.4880827069282532,0.8377212285995483,0.8574708104133606,0.103311687707901,0.012522918172180653,0.014077983796596527
23663,0.7956205000000001,0.28782498091459274,0.44387061645587284,-0.1560456355412801,0.5077530145645142,0.11528701335191727,0.2404349148273468,0.0663430467247963,0.7401106953620911,0.5251581072807312
24303,0.7158615766666667,0.4076350082953771,0.24690838841100535,0.16072661988437173,0.16052024066448212,0.2129918336868286,0.8493929505348206,0.1818932443857193,0.5535388588905334,0.0052930619567632675
25104,0.7616563233333332,0.37847130248943966,0.05547613759214679,0.32299516489729285,0.10109556466341019,0.8966994285583496,0.13761891424655914,0.16060644388198853,0.003085907083004713,0.0027360618114471436
22505,0.79513853,0.566048746307691,0.00869146918800349,0.5573572771196875,0.49560099840164185,0.24531538784503937,0.9572298526763916,0.008797971531748772,0.016564011573791504,0.0007124244584701955
18953,0.7325143766666667,0.8220938444137573,0.04151508336265882,0.7805787610510985,0.7804584503173828,0.7415879964828491,0.94423508644104,0.015946773812174797,0.09614188224077225,0.012456594035029411
13957,0.7507290866666666,0.504418303569158,0.013197789434343576,0.4912205141348144,0.20373088121414185,0.33002784848213196,0.9794961810112,0.009163584560155869,0.02883750945329666,0.0015922742895781994
10546,0.7139097566666667,0.5760775357484818,0.07028626029690106,0.5057912754515806,0.9254054427146912,0.0792081207036972,0.7236190438270569,0.029058020561933517,0.03875403851270676,0.14304672181606293
2558,0.8016712166666666,0.6681476434071859,0.08263650773248325,0.5855111356747027,0.5636385083198547,0.953278660774231,0.4875257611274719,0.2438424974679947,0.0025153381284326315,0.0015516876010224223
16404,0.7378037333333333,0.5991046577692032,0.0860312175936997,0.5130734401755035,0.6770568490028381,0.2094532698392868,0.9108038544654846,0.17765875160694122,0.07484714686870575,0.005587754305452108
20605,0.7533103033333334,0.856755793094635,0.017402746248990297,0.8393530468456447,0.768584668636322,0.8410094976425171,0.9606732130050659,0.02756166085600853,0.0009694541804492474,0.023677123710513115
24559,0.7620215666666666,0.6510348916053772,0.00803147116675973,0.6430034204386175,0.6199241876602173,0.348288357257843,0.9848921298980713,0.015641218051314354,0.00608700281009078,0.002366192638874054
12864,0.6916726866666667,0.8529869516690572,0.009560597905268272,0.8434263537637889,0.7690455913543701,0.8168320059776306,0.9730832576751709,0.00975678488612175,0.014275695197284222,0.004649313632398844
7820,0.7438085333333334,0.6769080658753713,0.20761199900880456,0.4692960668665668,0.6540082693099976,0.40183165669441223,0.9748842716217041,0.06947260349988937,0.5481671094894409,0.005196284037083387
17966,0.7847108,0.31868820389111835,0.3776565616329511,-0.05896835774183273,0.1932714879512787,0.38112279772758484,0.3816703259944916,0.657671332359314,0.0803571417927742,0.39494121074676514
26219,0.7416550933333333,0.7319979866345724,0.15212539738665024,0.5798725892479222,0.9374492168426514,0.6589109301567078,0.5996338129043579,0.015511785633862019,0.09987001866102219,0.34099438786506653
21987,0.7764894333333334,0.9581074714660645,0.003000159476262828,0.9551073119898016,0.9219964742660522,0.9773014187812805,0.9750245213508606,0.002321390900760889,0.0013170839520171285,0.005362003576010466
16274,0.7710760200000001,0.7087118824323019,0.03704780681679646,0.6716640756155055,0.7197635769844055,0.424316942691803,0.982055127620697,0.08075523376464844,0.01792897656559944,0.012459210120141506
6070,0.74045398,0.5742144485314687,0.04059672153865298,0.5336177269928157,0.5533320307731628,0.87982577085495,0.28948554396629333,0.07517843693494797,0.041472744196653366,0.0051389834843575954
13421,0.74464314,0.70499520500501,0.01495620001029844,0.6900390049947116,0.20767417550086975,0.9188985228538513,0.9884129166603088,0.008571735583245754,0.03535229340195656,0.0009445710456930101
21930,0.7799773033333333,0.6839248239994049,0.20515926197792092,0.478765562021484,0.35502174496650696,0.9560328722000122,0.7407198548316956,0.5332111120223999,0.007186234463006258,0.07508043944835663
16032,0.7041979666666668,0.6311776054402193,0.01757526730458873,0.6136023381356306,0.05492067709565163,0.8420015573501587,0.9966105818748474,0.03056795708835125,0.021748220548033714,0.0004096242773812264
5045,0.7400180833333333,0.8508030772209167,0.02455236347547422,0.8262507137454426,0.9121335744857788,0.7127687335014343,0.9275069236755371,0.036205969750881195,0.0014877753565087914,0.03596334531903267
2111,0.7940982333333334,0.9146098494529724,0.01419900666223839,0.900410842790734,0.7802901864051819,0.9747700691223145,0.9887692928314209,0.039769623428583145,0.0023055667988955975,0.0005218297592364252
7927,0.7016163466666666,0.9435339172681173,0.001549904690667366,0.9419840125774499,0.9659472107887268,0.8716373443603516,0.9930171966552734,0.0019542062655091286,0.0022999178618192673,0.0003955899446737021
18055,0.7279918200000001,0.624614750345548,0.01961981908728679,0.6049949312582612,0.11324219405651093,0.7985793352127075,0.9620227217674255,0.014545517042279243,0.03427433222532272,0.010039607994258404
21275,0.7292515533333334,0.8739203015963236,0.008766638367281606,0.865153663229042,0.8224605917930603,0.8283466100692749,0.9709537029266357,0.007815043441951275,0.017599476501345634,0.0008853951585479081
13322,0.7047672299999999,0.6711684465408325,0.1495992581670483,0.5215691883737842,0.9957060217857361,0.35278671979904175,0.6650125980377197,0.002930951304733753,0.305927038192749,0.1399397850036621
13318,0.7562212566666666,0.3234543055295944,0.06094822318603595,0.2625060823435585,0.12689222395420074,0.5264008045196533,0.3170698881149292,0.011022941209375858,0.045638442039489746,0.12618328630924225
17839,0.7899143666666667,0.8542060653368632,0.0611021361934642,0.793103929143399,0.6866550445556641,0.9599381685256958,0.9160249829292297,0.15025004744529724,0.004959197249263525,0.028097163885831833
341,0.7495541500000001,0.5272823472817739,0.009431662852875888,0.517850684428898,0.1698804795742035,0.43647056818008423,0.9754959940910339,0.01966509409248829,0.007451449055224657,0.001178445410914719
11138,0.8240651633333335,0.5589406689008077,0.050164347824951015,0.5087763210758567,0.376629501581192,0.8830491304397583,0.4171433746814728,0.09015897661447525,0.008931915275752544,0.051402151584625244
19761,0.7730017,0.3370341385404269,0.05472445301711559,0.2823096855233113,0.8193371295928955,0.10255169123411179,0.08921359479427338,0.047691136598587036,0.09709399193525314,0.0193882305175066
7833,0.7152922,0.8884871204694113,0.053876395958165325,0.834610724511246,0.7239733934402466,0.9547054171562195,0.9867825508117676,0.14823772013187408,0.008131763897836208,0.00525970384478569
21106,0.8026878166666666,0.7408354580402374,0.010417803656309843,0.7304176543839276,0.8076446652412415,0.46577188372612,0.9490898251533508,0.020061643794178963,0.00643946835771203,0.004752298817038536
25682,0.6953315666666667,0.6439767057696978,0.018759224428019177,0.6252174813416786,0.8542968034744263,0.08484458178281784,0.9927887320518494,0.007867801934480667,0.04815451800823212,0.00025535334134474397
23253,0.7646002833333334,0.8726002176602682,0.010209512741615375,0.8623907049186528,0.9867812991142273,0.6544955372810364,0.9765238165855408,0.0053844270296394825,0.02402697689831257,0.0012171342968940735
19361,0.7329418366666668,0.9027085304260254,0.005682126929362615,0.8970264034966627,0.9208983778953552,0.9437226057052612,0.8435046076774597,0.007602481171488762,0.0030036624521017075,0.0064402371644973755
12729,0.72310558,0.36599531521399814,0.06532381537059943,0.3006714998433987,0.6328496336936951,0.3516363203525543,0.11349999159574509,0.05932586267590523,0.12562492489814758,0.011020658537745476
7629,0.7475871133333333,0.8218468228975931,0.028072016624112923,0.7937748062734802,0.6348821520805359,0.9570305347442627,0.873627781867981,0.06958172470331192,0.0074220867827534676,0.007212238386273384
2832,0.7052125,0.5736070374647776,0.06929635625177373,0.5043106812130038,0.360757976770401,0.9875482320785522,0.37251490354537964,0.13935649394989014,0.0013518518535420299,0.06718072295188904
25302,0.6976688000000001,0.5682446956634521,0.046157424648602806,0.5220872710148493,0.5926896333694458,0.5689223408699036,0.5431221127510071,0.0853850468993187,0.029224107041954994,0.02386312000453472
26082,0.7132114066666667,0.5062038004398346,0.33918695834775764,0.16701684209207696,0.97514408826828,0.15725365281105042,0.38621366024017334,0.015517374500632286,0.8056498169898987,0.196393683552742
13060,0.6886639166666667,0.8418582479159037,0.03445174482961496,0.8074065030862887,0.8212180733680725,0.8582178354263306,0.8461388349533081,0.07758807390928268,0.011321832425892353,0.014445328153669834
12891,0.7219036833333333,0.632863904039065,0.010934868827462196,0.6219290352116028,0.1606345921754837,0.8488069772720337,0.8891501426696777,0.01719738356769085,0.0036926036700606346,0.011914619244635105
15231,0.7491377766666667,0.8023764391740164,0.03282406491537889,0.7695523742586374,0.44323787093162537,0.9811819195747375,0.982709527015686,0.08952314406633377,0.005567147862166166,0.0033819028176367283
6748,0.7200099799999999,0.5122445821762085,0.165675008824716,0.3465695733514925,0.30210232734680176,0.2738668918609619,0.9607645273208618,0.06332408636808395,0.43001240491867065,0.003688535187393427
8292,0.7423976,0.12351977918297052,0.355887367700537,-0.2323675885175665,0.037307508289813995,0.3191096782684326,0.014142150990664959,0.01912938617169857,0.1024928018450737,0.9460399150848389
6103,0.7719523599999999,0.6135619282722473,0.024500731999675434,0.5890611962725719,0.7056116461753845,0.5174828171730042,0.6175913214683533,0.03858312591910362,0.011343715712428093,0.023575354367494583
18901,0.7602071,0.24347190962483486,0.2858283387807508,-0.04235642915591595,0.013436433859169483,0.3772389888763428,0.3397403061389923,0.8312827348709106,0.0056392657570540905,0.020563015714287758
25074,0.7857598133333333,0.9222105145454407,0.005638678325340152,0.9165718362201005,0.9427244067192078,0.9029818773269653,0.9209252595901489,0.0042979964055120945,0.0038673810195177794,0.008750657550990582
12490,0.73139265,0.9842693209648132,0.002884595460879306,0.981384725503934,0.9918836355209351,0.9906299710273743,0.9702943563461304,0.0010574453044682741,0.0011599083663895726,0.006436432711780071
13785,0.6735900533333333,0.7920319239298502,0.002522279721839974,0.7895096442080103,0.4050700068473816,0.9919520020484924,0.9790737628936768,0.005556660704314709,0.0009332565241493285,0.0010769219370558858
11392,0.7662292599999999,0.5895012418429056,0.04125436185859144,0.5482468799843142,0.6225437521934509,0.9646228551864624,0.1813371181488037,0.11074734479188919,0.003881074720993638,0.009134666062891483
20775,0.67089283,0.39378896603981656,0.3119320896609376,0.08185687637887895,0.9850126504898071,0.12975411117076874,0.06660013645887375,0.0019927776884287596,0.010818593204021454,0.9229848980903625
17459,0.7685799000000001,0.8093187808990479,0.046241065099214516,0.7630777157998333,0.9610984921455383,0.5119084119796753,0.9549494385719299,0.002069799927994609,0.1254485547542572,0.011204840615391731
11573,0.7041335666666666,0.20435154686371484,0.5834065129359564,-0.37905496607224154,0.15151089429855347,0.017403937876224518,0.4441398084163666,0.6454038619995117,0.9727566838264465,0.1320589929819107
18751,0.71459925,0.7573378284772238,0.11887045204639435,0.6384673764308294,0.5492146611213684,0.8611931800842285,0.8616056442260742,0.25342094898223877,0.05420070141553879,0.04898970574140549
5151,0.7614104899999999,0.3655410266170899,0.32191650903162855,0.043624517585461375,0.01285429485142231,0.7235497236251831,0.3602190613746643,0.9297613501548767,0.0018217440228909254,0.03416643291711807
15638,0.7241234866666666,0.8213953077793121,0.006795556594928105,0.814599751184384,0.4923892915248871,0.9893359541893005,0.9824606776237488,0.015221473760902882,0.003568102605640888,0.0015970934182405472
24416,0.75047809,0.5781051230927309,0.3287016541386644,0.24940346895406645,0.028866145759820938,0.7651522159576416,0.94029700756073,0.9484764933586121,0.012175793759524822,0.02545267529785633
23226,0.7326181166666667,0.5513520240783691,0.019085883318136137,0.532266140760233,0.25164246559143066,0.9773330688476562,0.4250805377960205,0.04398588091135025,0.001492499839514494,0.011779269203543663
3237,0.7362602733333333,0.8263664444287618,0.008077202520022789,0.8182892419087391,0.9525396227836609,0.5928558707237244,0.9337038397789001,0.0064181615598499775,0.016818026080727577,0.0009954199194908142
14734,0.7357513400000001,0.24844740967576703,0.1002951106056571,0.14815229907010993,0.5006747841835022,0.2423916757106781,0.0022757691331207752,0.19683445990085602,0.09904114902019501,0.005009722895920277
18170,0.6915075666666667,0.32894584878037375,0.0149702577230831,0.31397559105729067,0.17661499977111816,0.009740333072841167,0.8004822134971619,0.02564336359500885,0.012122041545808315,0.007145368028432131
3862,0.7356845533333334,0.38209378719329834,0.1017328401406606,0.28036094705263775,0.5051258206367493,0.29517996311187744,0.3459755778312683,0.05601327121257782,0.1952926516532898,0.0538925975561142
25882,0.7386467333333333,0.5323337117830912,0.14803665255506834,0.3842970592280228,0.26655313372612,0.9853187799453735,0.34512922167778015,0.4100329875946045,0.0041545964777469635,0.029922373592853546
12183,0.7220882366666667,0.8477423985799154,0.04135758429765701,0.8063848142822584,0.6900761127471924,0.8759218454360962,0.9772292375564575,0.038628462702035904,0.07106237858533859,0.014381911605596542
6017,0.7574236666666666,0.6602899233500162,0.06116396375000477,0.5991259596000115,0.40523940324783325,0.754700779914856,0.8209295868873596,0.05999862775206566,0.023513423278927803,0.09997984021902084
15162,0.7617925,0.6878635684649149,0.011079208731340865,0.6767843597335741,0.9643963575363159,0.3024883270263672,0.7967060208320618,0.007596992887556553,0.02378544583916664,0.0018551874672994018
25959,0.6999929866666665,0.7755409479141235,0.10495998337864876,0.6705809645354748,0.7224094867706299,0.6764013767242432,0.9278119802474976,0.12851294875144958,0.1379571110010147,0.04840989038348198
16371,0.6764469633333334,0.7959778507550558,0.015125981997698545,0.7808518687573572,0.9199360609054565,0.554011344909668,0.9139861464500427,0.005138720851391554,0.027798933908343315,0.012440291233360767
4933,0.6997475866666667,0.620528926452001,0.21284490381367505,0.4076840226383259,0.1309591829776764,0.7611457109451294,0.969481885433197,0.6321359276771545,0.0030624025966972113,0.0033363811671733856
16601,0.7464629300000002,0.28036270042260486,0.03541255478436748,0.2449501456382374,0.36716964840888977,0.4476185739040375,0.02629987895488739,0.003355200169607997,0.10125210136175156,0.0016303628217428923
18840,0.74398528,0.5501093963781992,0.01734845930089553,0.5327609370773037,0.6096601486206055,0.3539210259914398,0.6867470145225525,0.03333646059036255,0.010198073461651802,0.008510843850672245
18878,0.7542833833333332,0.6163537502288818,0.029925914481282234,0.5864278357475996,0.3684920072555542,0.5884222984313965,0.8921469449996948,0.014400048181414604,0.04906126856803894,0.026316426694393158
3010,0.7516623566666666,0.2826883966724078,0.09858159363890688,0.1841068030335009,0.3770582377910614,0.4295286536216736,0.04147829860448837,0.050238143652677536,0.24402211606502533,0.0014845211990177631
23551,0.7052816133333333,0.9482619365056356,0.016196169269581635,0.9320657672360539,0.9712406992912292,0.9219897985458374,0.9515553116798401,0.009374088607728481,0.01883862167596817,0.020375797525048256
12825,0.7500673099999999,0.9046022494633993,0.027336575110287715,0.8772656743531115,0.9803527593612671,0.946786105632782,0.7866678833961487,0.000866461603436619,0.017072144895792007,0.06407111883163452
13250,0.70735591,0.42647942900657654,0.03724961949046701,0.3892298095161095,0.27843451499938965,0.8236022591590881,0.17740151286125183,0.004981571342796087,0.0010426990920677781,0.10572458803653717
24709,0.6942071366666666,0.3372507219513257,0.04524612861375014,0.29200459333757556,0.3095419704914093,0.5923639535903931,0.10984624177217484,0.016992123797535896,0.08839163929224014,0.03035462275147438
24339,0.7881541666666667,0.8418811360994974,0.013595247796426216,0.8282858883030713,0.9371653199195862,0.6580203175544739,0.9304577708244324,0.006827678065747023,0.02378186583518982,0.010176199488341808
2854,0.7133853800000001,0.47640094657739,0.04837164127578338,0.42802930530160666,0.8154965043067932,0.4132544696331024,0.20045186579227448,0.0039577363058924675,0.07644439488649368,0.06471279263496399
24443,0.8051378966666666,0.8125526706377665,0.0459012525777022,0.7666514180600643,0.8584704399108887,0.836414098739624,0.7427734732627869,0.007544185966253281,0.015805751085281372,0.11435382068157196
2750,0.7697112,0.5993707279364268,0.04948810410375396,0.5498826238326728,0.37549740076065063,0.9543333053588867,0.46828147768974304,0.03835947439074516,0.0064302473329007626,0.10367459058761597
12662,0.73948099,0.46617448329925537,0.101972918647031,0.36420156465222436,0.9740933179855347,0.14413371682167053,0.2802964150905609,0.0010883165523409843,0.24904070794582367,0.055789731442928314
20098,0.7398361666666666,0.390647624929746,0.07116466636459033,0.31948295856515563,0.6746938228607178,0.3509068787097931,0.1463421732187271,0.1010708287358284,0.08173560351133347,0.030687566846609116
13286,0.7414039566666667,0.23396428038055697,0.7183515429496765,-0.48438726256911957,0.4703720808029175,0.22567595541477203,0.005844804923981428,0.4667115807533264,0.7356399297714233,0.9527031183242798
11235,0.7597093200000001,0.4721849610408147,0.018542978602151077,0.4536419824386636,0.7473013997077942,0.04043109714984894,0.628822386264801,0.024784505367279053,0.008294683881103992,0.022549746558070183
25420,0.7456555166666666,0.5957557559013367,0.16801337633902827,0.42774237956230843,0.3077479600906372,0.49572378396987915,0.9837955236434937,0.4846285581588745,0.012410202994942665,0.00700136786326766
10870,0.7201324766666666,0.5566053986549377,0.08341210087140401,0.47319329778353375,0.5910264849662781,0.2677454352378845,0.8110442757606506,0.13291016221046448,0.10138927400112152,0.015936866402626038
7761,0.7290776533333334,0.4866253584623337,0.24484478298109025,0.24178057548124343,0.9606965184211731,0.1854674071073532,0.31371214985847473,0.0017152066575363278,0.7264091968536377,0.00640994543209672
20237,0.81039248,0.45346694191296893,0.030111078793803852,0.42335586311916507,0.5357509255409241,0.5476967692375183,0.2769531309604645,0.05826020985841751,0.005286185070872307,0.026786841452121735
16198,0.6766679999999999,0.8051921725273132,0.14622488586852947,0.6589672866587838,0.7685994505882263,0.6625539660453796,0.9844231009483337,0.18149183690547943,0.25419309735298157,0.0029897233471274376
3176,0.7338303233333333,0.48727943003177643,0.09364412414530913,0.3936353058864673,0.2598223090171814,0.22733174264431,0.9746842384338379,0.1912071257829666,0.08715342730283737,0.0025718193501234055
20228,0.7482827766666666,0.8505177100499471,0.009301717858761549,0.8412159921911856,0.7137932181358337,0.85129714012146,0.9864627718925476,0.022589117288589478,0.004196543712168932,0.0011194925755262375
17894,0.6916617566666666,0.1519426697244247,0.653726746638616,-0.5017840769141912,0.014941958710551262,0.11267495155334473,0.32821109890937805,0.8752291202545166,0.7121275663375854,0.3738235533237457
5311,0.7719503566666667,0.4090735912322998,0.25047042841712636,0.15860316281517345,0.7577109932899475,0.3527922034263611,0.11671757698059082,0.13270314037799835,0.6131523847579956,0.0055557601153850555
22088,0.72479924,0.502021461725235,0.2579075212900837,0.24411394043515128,0.215355783700943,0.3183968663215637,0.9723117351531982,0.11085565388202667,0.6545851826667786,0.008281727321445942
15597,0.7234089999999999,0.5078917543093363,0.1817425029973189,0.32614925131201744,0.9291704893112183,0.2844490110874176,0.31005576252937317,0.04626067355275154,0.39511117339134216,0.103855662047863
20262,0.7540847133333334,0.9955748319625854,0.0006540936495487889,0.9949207383130366,0.9976183772087097,0.9950931072235107,0.9940130114555359,0.0007084830431267619,0.0007761467713862658,0.00047765113413333893
8083,0.7386055433333333,0.8789060115814209,0.014517057803459466,0.8643889537779614,0.9639577269554138,0.7057687640190125,0.9669915437698364,0.001220392412506044,0.03459338843822479,0.00773739255964756
5459,0.77944249,0.375784491499265,0.2977187893508623,0.0780657021484027,0.05192840099334717,0.07847879827022552,0.9969462752342224,0.04188895225524902,0.8503440022468567,0.0009234135504812002
22897,0.7249919533333333,0.6833194593588511,0.15344335208646953,0.5298761072723815,0.44521328806877136,0.6125214695930481,0.9922236204147339,0.15296269953250885,0.3042582869529724,0.003109069773927331
16301,0.6976195500000001,0.6834807867805163,0.003976992525470753,0.6795037942550455,0.10774030536413193,0.9751460552215576,0.9675559997558594,0.005879787262529135,0.004376885015517473,0.0016743052983656526
16828,0.71164722,0.6731610099474589,0.02563778714587291,0.6475232228015859,0.9496132135391235,0.2858710289001465,0.7839987874031067,0.010884120129048824,0.03899187222123146,0.027037369087338448
25869,0.7167028499999999,0.5244261970122656,0.36385063578685123,0.16057556122541433,0.02422337234020233,0.6207243800163269,0.9283308386802673,0.9675992131233215,0.06776483356952667,0.056187860667705536
21694,0.6956309566666667,0.6345603217681249,0.0065017131467660265,0.6280586086213589,0.020084664225578308,0.9160783290863037,0.9675179719924927,0.012181965634226799,0.006172487046569586,0.0011506867595016956
20950,0.6871758833333333,0.7840945820013682,0.09395049170901378,0.6901440902923544,0.9613962173461914,0.40135857462882996,0.9895289540290833,0.012782462872564793,0.2647642195224762,0.004304792732000351
23330,0.71932288,0.9560064673423767,0.013307760721848657,0.942698706620528,0.9486417770385742,0.9256802797317505,0.9936973452568054,0.014861608855426311,0.024097098037600517,0.0009645752725191414
13282,0.7449156466666667,0.9228325684865316,0.008851908302555481,0.9139806601839762,0.9726267457008362,0.8584057688713074,0.9374651908874512,0.015598705969750881,0.0030958945862948895,0.007861124351620674
1903,0.7544791000000001,0.3725409656763077,0.12296938709914684,0.24957157857716084,0.1344653218984604,0.48129940032958984,0.5018581748008728,0.01236150972545147,0.029821794480085373,0.3267248570919037
6942,0.7646032666666667,0.6440294285615286,0.01614178259236117,0.6278876459691674,0.9648743271827698,0.046914249658584595,0.9202997088432312,0.012434009462594986,0.0024694253224879503,0.03352191299200058
18877,0.7516526200000001,0.5100842863321304,0.31724979856517166,0.19283448776695877,0.5216631293296814,0.016499027609825134,0.9920907020568848,0.14916734397411346,0.8012025952339172,0.0013794564874842763
20989,0.7279353466666668,0.6697634160518646,0.004042189422762021,0.6657212266291026,0.9910879731178284,0.028161436319351196,0.9900408387184143,0.00037090040859766304,0.009656594134867191,0.00209907372482121
19983,0.7325588966666666,0.23863245050112405,0.23502275596062341,0.003609694540500641,0.45531317591667175,0.07807785272598267,0.18250632286071777,0.2524319589138031,0.38206741213798523,0.07056889683008194
16645,0.73649468,0.8959711591402689,0.025990113771210115,0.8699810453690588,0.9952002763748169,0.7383759617805481,0.9543372392654419,0.004035505000501871,0.04985608905553818,0.024078747257590294
15657,0.72721001,0.9067025780677795,0.01678126254895081,0.8899213155188287,0.8017271161079407,0.9866982698440552,0.9316823482513428,0.046302955597639084,0.0022975981701165438,0.001743233879096806
13531,0.71971372,0.535124751428763,0.021516244819698233,0.5136085066090648,0.5375021696090698,0.08386269956827164,0.9840093851089478,0.023801419883966446,0.038847729563713074,0.0018995850114151835
11524,0.7234810666666668,0.9308787981669108,0.039277466014027596,0.8916013321528832,0.9224836826324463,0.9627516269683838,0.9074010848999023,0.02785659395158291,0.023728348314762115,0.06624745577573776
