id,source_id,pattern,context,question,right_answer,hallucinated_answer,raw_response,is_hallucinated
bengali--2918201337969727173-3::inference,bengali--2918201337969727173-3,inference,"জাতীয়  সংসদ নির্বাচন এগিয়ে আসলে জিয়া বাংলাদেশ জাতীয়তাবাদী দল গঠন করেন। জাগদলকে বিএনপির সাথে একীভূত করা হয়। রাষ্ট্রপতি জিয়া এই দলের সমন্বয়ক ছিলেন এবং এই দলের প্রথম চেয়ারম্যানের দায়িত্ব পালন করেন। অধ্যাপক একিউএম বদরুদ্দোজা চৌধুরী এর প্রথম মহাসচিব ছিলেন। জিয়ার এই দলে বাম, ডান, মধ্যপন্থি সকল প্রকার লোক ছিলেন। বিএনপির সবচেয়ে প্রধান বৈশিষ্ট্য ছিল এর নিয়োগ পদ্ধতি। প্রায় ৪৫ শতাংশ সদস্য শুধুমাত্র রাজনীতিতে যে নতুন ছিলেন তাই নয়, তারা ছিলেন তরুণ। [4] ১৯৭৮ সালের ১ সেপ্টেম্বর বিকাল ৫টায় রমনা রেস্তোরাঁয় বাংলাদেশ জাতীয়তাবাদী দলের প্রতিষ্ঠাতা তৎকালীন রাষ্ট্রপতি জিয়াউর রহমান এক সংবাদ সম্মেলনে আনুষ্ঠানিক ঘোষণাপত্র পাঠের মাধ্যমে বাংলাদেশ জাতীয়তাবাদী দলের যাত্রা শুরু করেন। জনাকীর্ণ সংবাদ সম্মেলনে তিনি ঘোষণাপত্র পাঠ ছাড়াও প্রায় দুই ঘণ্টা সাংবাদিকদের বিভিন্ন প্রশ্নের জবাব দেন। সংবাদ সম্মেলনে নতুন দলের আহ্বায়ক কমিটির চেয়ারম্যান হিসেবে তিনি প্রথমে ১৮ জন সদস্যের নাম এবং ১৯ সেপ্টেম্বর ওই ১৮ জনসহ ৭৬ সদস্য বিশিষ্ট আহ্বায়ক কমিটি ঘোষণা করেন। এখানে উল্লেখ্য, বিএনপি গঠন করার আগে জাতীয়তাবাদী গণতান্ত্রিক দল (জাগদল) নামে আরেকটি দল তৎকালীন উপ-রাষ্ট্রপতি বিচারপতি আবদুস সাত্তারকে সভাপতি করে গঠিত হয়েছিল। ২৮ আগস্ট ১৯৭৮ সালে নতুন দল গঠন করার লক্ষ্যে জাগদলের বর্ধিত সভায় ওই দলটি বিলুপ্ত ঘোষণার মাধ্যমে দলের এবং এর অঙ্গ সংগঠনের সকল সদস্য জিয়াউর রহমান ঘোষিত নতুন দলে যোগদানের সিদ্ধান্ত নেওয়া হয়।",বাংলাদেশ জাতীয়তাবাদী দলের সর্বপ্রথম চেয়ারম্যান কে ছিলেন ?,জিয়া,বাংলাদেশ জাতীয়তাবাদী দলের সর্বপ্রথম চেয়ারম্যান ছিলেন বিচারপতি আবদুস সাত্তার।,yes,yes
bengali--2120653920804032560-13::inference,bengali--2120653920804032560-13,inference,"ডান|থাম্ব|300x300পিক্সেল| Altai Tavan Bogd National Park, মঙ্গোলিয়া.তে কাজাখ ঈগলশিকারী কাজাখ ভাষা তুর্কী ভাষা পরিবার -এর একটি সদস্য ভাষা যেমন, উজবেক, কিরগিজ, তাতার, উইগুর, তুর্কী, আজেরী, তুর্কমেন এবং আরো কিছু ভাষা যেগুলি পূর্ব ইউরোপ, মধ্য এশিয়া, সিঞ্চিয়াং ও সাইবেরিয়াতে ব্যবহৃত হয় এগুলির মতই।",কাজাখ জাতির অধিবাসীদের ভাষা কী ?,কাজাখ,কাজাখ জাতির অধিবাসীদের ভাষা হলো তুর্কী।,no,no
bengali--1133206861754868399-0::inference,bengali--1133206861754868399-0,inference,"সুই সম্রাট ওয়েন (隋文帝; ২১ জুলাই, ৫৪১ – ১৩ আগস্ট, ৬০৪) ছিলেন চীনের সুই সাম্রাজ্যের (৫৮১ – ৬১৮) প্রতিষ্ঠাতা ও প্রথম সম্রাট। তার পারিবারিক নাম ছিল ইয়াং জিয়ান, সিয়ানবেই নাম পালিউরু জিয়ান, এবং ডাকনাম নালুওইয়ান। তিনি বৌদ্ধ ধর্মের অনুসারী ছিলেন এবং তার সাম্রাজ্যে বৌদ্ধ ধর্ম প্রচারের জন্য কাজ করেন।[2] জিন সাম্রাজ্য সময়কালের পর চীনকে পুনরায় একত্রিত করার জন্য তাকে চীনের ইতিহাসের একজন গুরুত্বপূর্ণ শাসক বলে অভিহিত করা হয়। তার শাসনামলে চীনের মহাপ্রাচীর বর্ধিতকরণের কাজ করা হয় এবং গ্র্যান্ড খাল খনন করা হয়।[3]",সুই সাম্রাজ্যের প্রথম সম্রাট কে ছিলেন ?,সুই সম্রাট ওয়েন,সুই সম্রাট ইয়াং জিয়ান,yes,yes
bengali--8878834667713983067-0::comprehension,bengali--8878834667713983067-0,comprehension,"বিশ্বজনীন অবস্থান-নির্ণায়ক ব্যবস্থা, যাকে মূল ইংরেজিতে Global Positioning System (গ্লোবাল পজিশনিং সিস্টেম) ও সংক্ষেপে GPS (জিপিএস) নামে ডাকা হয়, মার্কিন যুক্তরাষ্ট্রের প্রতিরক্ষা মন্ত্রণালয় কর্তৃক ১৯৭০-এর দশকের শুরুর দিকে উদ্ভাবিত একটি প্রযুক্তি।[1] প্রথম দিকে এর প্রয়োগ ছিল পুরোপুরি সামরিক। পরে জনসাধারণের নিমিত্তে এর ব্যবহার উন্মুক্ত করা হয়। এটি একটি কৃত্রিম উপগ্রহভিত্তিক যোগাযোগ ব্যবস্থা। যেকোন আবহাওয়াতে পৃথিবী যেকোনো চলমান অবস্থান আর সময়ের তথ্য সরবরাহ করাটা এর মূল কাজ। জিপিএস এক ধরনের একমুখী ব্যবস্থা কারণ ব্যবহারকারীগণ উপগ্রহ প্রেরিত সঙ্কেত শুধুমাত্র গ্রহণ করতে পারে।",বিশ্বজনীন অবস্থান-নির্ণায়ক ব্যবস্থা প্রথম কোথায় চালু হয় ?,১৯৭০-এর দশকের শুরুর দিকে,মার্কিন যুক্তরাষ্ট্রের প্রতিরক্ষা মন্ত্রণালয়ে প্রথম চালু হয়।,yes,yes
bengali--3051071168921438198-0::comprehension,bengali--3051071168921438198-0,comprehension,"বাংলাদেশের স্বাধীনতাযুদ্ধের ভাস্কর্য নির্মিত হয়েছিল বাংলাদেশের স্বাধীনতাযুদ্ধের রক্তক্ষয়ী সংগ্রামের স্মৃতিকে লালন করার জন্য এবং পরবর্তি প্রজন্মের কাছে স্বাধীনতার চেতনাকে প্রবাহিত করার জন্য। স্বাধীনতাযুদ্ধ স্মরণে নির্মিত এসব ভাস্কর্য রাজধানী শহর ছাড়িয়ে দেশের সর্বত্রই প্রায় রয়েছে। এমনকি বাংলাদেশের বাইরে, বাঙালি অধ্যুষিত অঞ্চলেও রয়েছে স্বাধীনতাযুদ্ধের এসব ভাস্কর্য।",বাংলাদেশের স্বাধীনতাযুদ্ধের ভাস্কর্য বাংলাদেশের কোথায় নির্মিত হয়েছিল ?,রাজধানী শহর ছাড়িয়ে দেশের সর্বত্রই প্রায়,ঢাকার কেন্দ্রীয় শহীদ মিনারে প্রধানত নির্মিত হয়েছিল,yes,yes
bengali-5118137145175085108-0::specificity,bengali-5118137145175085108-0,specificity,"ভগিনী নিবেদিতা  (ইংরেজি: Sister Nivedita) (Bengali pronunciation:[sister niːbediːt̪aː] ) (জন্ম মার্গারেট এলিজাবেথ নোবেল' (ইংরেজি: Margaret Elizabeth Noble)[1]; ২৮ অক্টোবর, ১৮৬৭ – ১৩ অক্টোবর, ১৯১১)[2][3] ছিলেন একজন অ্যাংলো-আইরিশ বংশোদ্ভুত সমাজকর্মী, লেখিকা, শিক্ষিকা এবং স্বামী বিবেকানন্দের শিষ্যা।[4][5] ১৮৯৫ সালে লন্ডন শহরে তিনি স্বামী বিবেকানন্দের সাক্ষাৎ পান এবং ১৮৯৮ সালে ভারতে চলে আসেন। একই বছর ২৫ মার্চ তিনি ব্রহ্মচর্য গ্রহণ করলে স্বামী বিবেকানন্দ তাঁর নামকরণ করেন ""নিবেদিতা""।",ভগিনী নিবেদিতা কোন সালে প্রথম ভারতবর্ষে আসেন ?,১৮৯৮,ভগিনী নিবেদিতা প্রথম ভারতবর্ষে আসেন উনিশ শতকের শেষভাগে।,yes,yes
bengali--2856576533731689599-27::factualness,bengali--2856576533731689599-27,factualness,"ভারতের বৃহত্তম ধর্ম হিন্দুধর্মের প্রধান ধর্মগ্রন্থগুলিতে সমকামিতার সুস্পষ্ট উল্লেখ না থাকলেও, ধর্মগ্রন্থের কোনো কোনো ব্যাখ্যাকে সমকামিতার বিরোধী মনে করা হয়।[59] তবে ভারতের প্রধান ধর্মবিশ্বাসে সমকামিতার অবস্থান কোথায়, তা নিয়ে গবেষকদের মধ্যে দ্বিমত আছে। কেউ কেউ মনে করেন প্রাচীন হিন্দু সমাজে সমকামিতা শুধু প্রাসঙ্গিকই ছিল না, বরং তা গ্রহণীয়ও ছিল।[60] বর্তমানে ভারতে সমকামিতা বৈধতা পেয়েছে। [61] অতীতে  সমকামিতা ভারতীয় নাগরিক সমাজ ও সরকারের কাছে একটি নিষিদ্ধ বিষয় হিসেবে পরিচিত হলেও সম্প্রতি তা আইনি বৈধতা পেয়েছে । ভারতে সমকামিতা নিয়ে সাধারণ আলোচনার সুযোগ কম। যদিও সাম্প্রতিক বছরগুলিতে সমকামিতার প্রতি ভারতীয়দের মনোভাবে কিছু পরিবর্তন লক্ষিত হয়েছে। বিশেষত, ভারতের সংবাদমাধ্যম[62][63][64] ও বলিউডে[65] সমকামিতার প্রদর্শন ও তৎসংক্রান্ত আলোচনা বৃদ্ধি পেয়েছে। ২০০৯ সালের ২ জুলাই, দিল্লি হাইকোর্টের একটি রায়ে স্পষ্টত জানানো হয়েছে প্রাপ্তবয়স্কদের মধ্যে সম্মতিক্রমে সমকামিতার আচরণ অপরাধের আওতায় পড়ে না। এই রায়ে আরো বলা হয়েছে যে ভারতীয় দণ্ডবিধির ৩৭৭ ধারা ভারতীয় সংবিধানের মৌলিক অধিকার রক্ষা নীতির পরিপন্থী।[66] ২০১৩ সালের ১১ই ডিসেম্বর পুনরায় সমকামিতাকে অবৈধ ঘোষণা করে ভারতের সুপ্রিম কোর্ট।[67]",ভারতবর্ষে কোন সাল থেকে দুটি সমকামী লোকের বিবাহকে আইনী ভাবে বৈধ বলে ঘোষণা করা হয় ?,২০০৯ সালের ২ জুলাই,২০১১ সালের ১৫ আগস্ট থেকে ভারতে দুটি সমকামী মানুষের বিবাহ আইনিভাবে বৈধ ঘোষণা করা হয়।,yes,yes
bengali--622926988234538194-4::inference,bengali--622926988234538194-4,inference,"""বনলতা সেন"" কবিতাটি প্রথম প্রকাশ করেছিলেন কবি বুদ্ধদেব বসু তাঁর কবিতা পত্রিকায়। ১৯৩৫ খ্রিষ্টাব্দের ডিসেম্বরে প্রকাশিত কবিতার পৌষ, ১৩৪২ সংখ্যার মাধ্যমে বনলতা সেন সর্বপ্রথম পাঠকের হাতে এসে পৌঁছায়। জীবনানন্দ দাশ বাংলা ১৩৪৯, ইংরেজি ডিসেম্বর ১৯৪২ খ্রিষ্টাব্দে প্রকাশিত তাঁর বনলতা সেন নামক তৃতীয় কাব্যগ্রন্থে কবিতাটি অন্তর্ভুক্ত করেন। কবিতা-ভবন কর্তৃক প্রকাশিত ""এক পয়সায় একটি"" গ্রন্থমালার অন্তর্ভুক্ত হিসেবে। প্রকাশক ছিলেন জীবনানন্দ দাশ নিজেই। ১৬ পৃষ্ঠার প্রথম সংস্করণে কবিতা ছিল মোট ১২টি। প্রথম সংস্করণের প্রচ্ছদ করেছিলেন শম্ভু সাহা।[1] পরবর্তীকালে জীবনানন্দ দাশ ১৯৪৪ এ প্রকাশিত তাঁর চতুর্থ কাব্য মহাপৃথিবীতে উক্ত বনলতা সেন কাব্যগ্রন্থের সকল কবিতাই অন্তর্ভুক্ত করেছিলেন। অর্থাৎ ‘‘মহাপৃথিবী’’ কাব্যগ্রন্থেরও প্রথম কবিতা ছিল ’বনলতা সেন’।","জীবনানন্দ দাশ রচিত ""বনলতা সেন"" কবিতাটি কোন সালে প্রথম প্রকাশিত হয় ?",১৯৩৫,১৯৪২ সালে প্রথম প্রকাশিত হয়।,yes,yes
bengali-1638855418388935684-0::factualness,bengali-1638855418388935684-0,factualness,"স্টিভ জবস (পুরোনাম: স্টিভেন পল জবস) (English: Steven Paul ""Steve"" Jobs) (জন্ম ফেব্রুয়ারি ২৪, ১৯৫৫, মৃত্যু ৫ অক্টোবর ২০১১)[10][11] যুক্তরাষ্ট্রের একজন উদ্যোক্তা ও প্রযুক্তি উদ্ভাবক। তাকে পার্সোনাল কম্পিউটার বিপ্লবের পথিকৃৎ বলা হয়। তিনি স্টিভ ওজনিয়াক এবং রোনাল্ড ওয়েন -এর সাথে ১৯৭৬ খ্রিস্টাব্দে ""অ্যাপল কম্পিউটার"" প্রতিষ্ঠা করেন। তিনি অ্যাপল ইনকর্পোরেশনের প্রতিষ্ঠাতাদের অন্যতম ও সাবেক প্রধান নির্বাহী কর্মকর্তা। তিনি ""পিক্সার এ্যানিমেশন স্টুডিওস""-এরও প্রতিষ্ঠাতাদের অন্যতম ও সাবেক প্রধান নির্বাহী কর্মকর্তা। ১৯৮৫ সালে অ্যাপল ইনকর্পোরেশনের ""বোর্ড অব ডিরেক্টর্সের"" সদস্যদের সাথে বিরোধে জড়িয়ে তিনি অ্যাপল ইনকর্পোরেশনের থেকে পদত্যাগ করেন এবং নেক্সট কম্পিউটার প্রতিষ্ঠা করেন। ১৯৯৬ সালে অ্যাপল কম্পিউটার নেক্সট কম্পিউটারকে কিনে নিলে তিনি অ্যাপলে ফিরে আসেন। তিনি ১৯৯৫ সালে টয় স্টোরি নামের অ্যানিমেটেড চলচ্চিত্র প্রযোজনা করেন।",অ্যাপল ইনকর্পোরেটেডের প্রতিষ্ঠাতা কে ?,স্টিভ ওজনিয়াক এবং রোনাল্ড ওয়েন,স্টিভ জবস এবং জন স্কালি,yes,yes
bengali-5091763437915482713-4::inference,bengali-5091763437915482713-4,inference,পরমাণুর ক্ষুদ্রতম কণিকা ইলেকট্রন।১৮৯৭ খ্রিষ্টাব্দে স্যার জে. জে. থমসন সর্বপ্রথম ইলেকট্রনের অস্তিত্ব আবিষ্কার করেন। একটি ইলেকট্রনের আসল ভর অতি সামান্য 9.1085×10−28g। ইলেকট্রনের আধান -1.6×10−19 কুলম্ব । ইলেকট্রন নিউক্লিয়াসের চারদিকে ঘুর্ণায়মান। ইলেকট্রনকে সাধারণত e প্রতীক দ্বারা প্রকাশ করা হয়ে থাকে ।,পরমাণুর ক্ষুদ্রতম কণিকার নাম কী ?,ইলেকট্রন,পরমাণুর ক্ষুদ্রতম কণিকার নাম প্রোটন।,yes,yes
bengali-6681403982104856121-1::comprehension,bengali-6681403982104856121-1,comprehension,"মতিউর রহমান ১৯৪১ সালের ২৯ অক্টোবর পুরান ঢাকার ১০৯, আগা সাদেক রোডের ""মোবারক লজ""-এ জন্মগ্রহণ করেন। তার পৈতৃক নিবাস নরসিংদী জেলার রায়পুরা থানার রামনগর গ্রামে। যা এখন মতিনগর নামে পরিচিত।  ৯ ভাই ও ২ বোনের মধ্যে তিনি ছিলেন ৬ষ্ঠ। তাঁর বাবা মৌলভী আবদুস সামাদ, মা সৈয়দা মোবারকুন্নেসা খাতুন। ঢাকা কলেজিয়েট স্কুল থেকে ষষ্ঠ শ্রেণী পাস করার পর সারগোদায় পাকিস্তান বিমান বাহিনী পাবলিক স্কুলে ভর্তি হন। ডিস্টিংকশনসহ মেট্রিক পরীক্ষায় সাফল্যের সাথে প্রথম বিভাগে উত্তীর্ণ হন।",বীরশ্রেষ্ঠ ফ্লাইট লেফটেন্যান্ট মতিউর রহমানের বাবার নাম কী ?,মৌলভী আবদুস সামাদ,সৈয়দা মোবারকুন্নেসা খাতুন,yes,yes
bengali--1831213595878006436-0::factualness,bengali--1831213595878006436-0,factualness,ই-ইঙ্ক বা ইলেক্ট্রোফোরেটিক ইঙ্ক এক ধরনের ইলেক্ট্রনিক কাগজ বা পর্দা যা ই ইঙ্ক কর্পোরেশন নামক একটি প্রতিষ্ঠান কর্তৃক শিল্পজাতকৃত। এমআইটি মিডিয়া ল্যাব সর্বপ্রথম ই-ইঙ্ক প্রযুক্তি নিয়ে গবেষণা শুরু করে। পরবর্তীতে ১৯৯৭ সালে এমআইটির ই-ইঙ্ক গবেষণা প্রকল্পের উপর ভিক্তি করে ই ইঙ্ক কর্পোরেশন প্রতিষ্ঠিত হয়। ১৯৯৬ সালের এক পেটেন্ট অণুযায়ী জোসেফ জ্যাকবসন এবং ব্যারেট কমিস্কিকে ই-ইঙ্ক প্রযুক্তির উদ্ভাবক হিসেবে স্বীকৃতি দেয়া হয়েছে।[1],ই ইঙ্ক কর্পোরেশনের প্রতিষ্ঠাতা কে ?,জোসেফ জ্যাকবসন এবং ব্যারেট কমিস্কি,জেরোম উইসনার এবং নিকোলাস নেগ্রোপন্তে,yes,yes
bengali-3388903986057254256-1::specificity,bengali-3388903986057254256-1,specificity,আলচি বৌদ্ধবিহারের প্রতিষ্ঠাতা হিসেবে রিন-ছেন-ব্জাং-পো (জীবনকাল: ৯৫৮-১০৫৫) নামক বিখ্যাত তিব্বতী বৌদ্ধ পন্ডিতের উল্লেখ করা হয়। কিন্তু রজার গোয়েপ্পার এই বিহারের সবচেয়ে পুরাতন ভবনগুলির মধ্য অন্যতম গ্সুম-ব্র্তসেগ্স মন্দিরটি ত্রয়োদশ শতাব্দীর প্রথম চতুর্থাংশে নির্মিত হয়েছিল বলে হিসেব করেছেন। এই মন্দিরের তৃতীয় তলার প্রবেশদ্বারের দেওয়ালে 'ব্রি-কুং-ব্কা'-ব্র্গ্যুদ ধর্মসম্প্রদায়ের যোগীদের চিত্রে এই ধর্মসম্প্রদায়ের প্রতিষ্ঠাতা 'জিগ-র্তেন-ম্গোন-পো-রিন-ছেন-দ্পালের (জীবনকাল: ১১৪৩-১২১৭) চিত্র শেষে আঁকা হয়েছে বলে মনে করা হয় যে এই মন্দির 'জিগ-র্তেন-ম্গোন-পো-রিন-ছেন-দ্পালের মৃত্যুর পর ত্রয়োদশ শতাব্দীর শুরুতে নির্মিত হয়েছে।[4]:৭৩[5][6] এই সময় আলচি সহ নিম্ন লাদাখ মধ্য তিব্বতের 'ব্রো নামক পরিবারগোষ্ঠীর শাসনাধীন ছিল।,আলচি বৌদ্ধবিহারের প্রতিষ্ঠাতা কে ?,রিন-ছেন-ব্জাং-পো,আলচি বৌদ্ধবিহারের প্রতিষ্ঠাতা ছিলেন ত্রয়োদশ শতাব্দীর ব্রো পরিবার।,yes,yes
bengali-9180741355773022793-4::specificity,bengali-9180741355773022793-4,specificity,"অ্যানড্রয়েড ইনকর্পোরেট প্রতিষ্ঠা হয়েছিল ২০০৩ সালের অক্টোবরে পালো আল্টো, ক্যালিফোর্নিয়ায়, প্রতিষ্ঠাতা অ্যান্ডি রুবিন (ডেন্জারের সহ-প্রতিষ্ঠাতা)[22], রিচ মাইনার(ওয়াইল্ডফায়ার কমউনিকেশনস, ইনকর্পোরেটেডের সহ প্রতিষ্ঠাতা)[23], নিক সিয়ারস (টি-মোবাইলের সাবেক ভাইস প্রেসিডেন্ট)[24] নিক সিয়ারস (টি-মোবাইলের প্রাক্তন ভাইস প্রেসিডেন্ট)এবং ক্রিস হোয়াইট (ওয়েবটিভি’র ডিজাইন এবং ইন্টারফেস প্রধান)[25]। যেহেতু তারা বিভিন্ন প্রতিষ্ঠানে নিয়োজিত ছিলেন তাই অ্যানড্রয়েডের কার্যক্রম চলতো অনেকটা গোপনে। প্রতিষ্ঠান থেকে এটা বলা হত যে তারা শুধু মোবাইলের একটি সফটওয়্যারের উপর কাজ করছেন। কোম্পানির প্রাথমিক উদ্দেশ্য ছিলো ডিজিটাল ক্যামেরার জন্য একটি উন্নত মানের অপারেটিং সিস্টেম তৈরী করা। যদিও পরে তারা বুঝতে পারেন ডিভাইসটির বাজার তত বড় নয়। তাই কোম্পানিটি মনোযোগ দেয় স্মার্টফোন অপারেটিং সিস্টেম তৈরীর উপর। উদ্দেশ্য ছিলো এটি সিমবিয়ান এবং মাইক্রোসফটের উইন্ডোজ মোবাইল মোবাইল অপারেটিং সিস্টেমগুলোর সাথে পাল্লা দেবে।[26] অ্যানড্রয়েড ইনকর্পোরেটেড লুকিয়ে পরিচালনা করা হত, কিন্তু সবাইকে বলতো তারা মোবাইল সফটওয়্যারের উপর কাজ করছে।[27] একই বছরে রুবিনের টাকা ফুরিয়ে যায়। স্টিভ পার্লম্যান,  রুবিনের কাছের বন্ধু, তার জন্য ১০,০০০ ডলার নগদ একটি খামে রেখে দেয় এবং কোম্পানির ঝুঁকি নিতে অস্বীকার করে।[27][28]",আইওএস মোবাইল অপারেটিং সিস্টেমটি কবে চালু হয় ?,২০০৩ সালে,আইওএস মোবাইল অপারেটিং সিস্টেমটি ২০০৩ সালের অক্টোবরে পালো আল্টোতে চালু হয়।,yes,yes
bengali-8394231526456964839-1::specificity,bengali-8394231526456964839-1,specificity,মহিউদ্দিন জাহাঙ্গীর ১৯৪৯ সালের ৭ মার্চ বরিশাল জেলার বাবুগঞ্জ উপজেলার রহিমগঞ্জ গ্রামে জন্মগ্রহণ করেন। তাঁর পিতা আব্দুল মোতালেব হাওলাদার ছিলেন কৃষক এবং মা সাফিয়া বেগম ছিলেন গৃহিণী। মহিউদ্দিনরা তিন বোন তিন ভাই।[2] দাদা আব্দুর রহিম হাওলাদার ছিলেন প্রতাপশালী ব্যক্তি। পিতার আর্থিক দৈন্যতার কারণে মাত্র সাড়ে তিন বছর বয়সে মামার বাড়ি মুলাদি উপজেলার পাতারচর গ্রামে যান জাহাঙ্গীর। পাতারচর সরকারি প্রাথমিক বিদ্যালয়ে ১৯৫৩ সালে তাঁর শিক্ষাজীবনের সূচনা হয়। মুলাদি মাহমুদ জান পাইলট উচ্চ বিদ্যালয় থেকে ১৯৬৪ সালে বিজ্ঞান বিভাগে ম্যাট্রিকুলেশন পাস করেন। ১৯৬৬ তে তিনি বরিশাল বি.এম (ব্রজমোহন) কলেজ থেকে উচ্চ মাধ্যমিক পাশ করেন।[3],বাংলাদেশের শহীদ মুক্তিযোদ্ধা মহিউদ্দিন জাহাঙ্গীরের বাবার নাম কী ?,আব্দুল মোতালেব হাওলাদার,মহিউদ্দিন জাহাঙ্গীরের বাবার নাম সম্ভবত মোতালেব হাওলাদার।,yes,yes
bengali-2005469134674641797-1::specificity,bengali-2005469134674641797-1,specificity,রাঙ্গামাটি জেলার মোট আয়তন ৬১১৬.১৩ বর্গ কিলোমিটার।[1] এটি বাংলাদেশের বৃহত্তম জেলা।,পার্বত্য জেলা রাঙ্গামাটি শহরে মোট আয়তন কত ?,৬১১৬.১৩ বর্গ কিলোমিটার,রাঙ্গামাটি শহরের মোট আয়তন প্রায় ৩২৫ বর্গ কিলোমিটার।,no,no
bengali-2658236964036018978-3::comprehension,bengali-2658236964036018978-3,comprehension,"দৃশ্যমান আলো বর্ণালী বাদ দিলে তড়িৎচৌম্বক বর্ণালী প্রথম আবিষ্কার করেন উইলিয়াম হার্শেল। তিনি ১৮০০ সালে অবলোহিত বিকিরণ (ইনফ্রারেড) আবিষ্কার করেন [4] । প্রিজম দ্বারা বিচ্ছুরিত আলোক বর্ণালীর বিভিন্ন বর্ণের তাপমাত্রা তিনি থার্মোমিটার দিয়ে পর্যবেক্ষ্ণ করছিলেন। সেই সময় তিনি লক্ষ করেন, বর্ণালীতে তাপমাত্রা সর্বাধিক হয় দৃশ্যমান লাল বর্ণ অতিক্রম করে। তিনি এই সিদ্ধান্তে উপনীত হন যে, তাপমাত্রা পরিবর্তনের কারণ হল ""ক্যালোরিফিক রে"" বা ""তাপ উৎপাদনকারী তরঙ্গ"" - যা আলোর ন্যায় একপ্রকার তরঙ্গ, কিন্তু দেখা যায় না।",তড়িৎচৌম্বক বর্ণালী প্রথম আবিষ্কার করেছিলেন কে ?,উইলিয়াম হার্শেল,জেমস ক্লার্ক ম্যাক্সওয়েল,yes,yes
bengali--8638982311668751103-0::inference,bengali--8638982311668751103-0,inference,"ত্রিভুবন আন্তর্জাতিক বিমানবন্দর (Nepali: त्रिभुवन अन्तर्राष्ट्रिय विमानस्थल, IATA: KTM, ICAO: VNKT) নেপালের কাঠমান্ডুতে অবস্থিত আন্তর্জাতিক বিমানবন্দর। এটি শহরের কেন্দ্রস্থল থেকে ছয় কিলোমিটার দুরে কাঠমান্ডু উপত্যকায় অবস্থিত। এটি নেপালের একমাত্র আন্তর্জাতিক বিমানবন্দর এবং ১৯৪৯ সাল থেকে একটি বিমানঘাঁটি হিসেবে কাজ করেছে। এটি রাজা মহেন্দ্র ১৯৫৫ সালে উদ্বোধন করেন এবং ১৯৬৪ সালে বর্তমান নামে পরিচিত হয়। শুরুতে এটি ঘাসের রানওয়ে ছিল, ১৯৫৭ সালে কংক্রিটের আস্তারন স্থাপন করা হয় এবং বেশ কয়েকবার সম্প্রসারণ করা হয়। ত্রিভুবনে প্রথম জেট বিমান নামে ১৯৬৭ সালে এবং জেট বিমান নিয়মিত পরিচালনা শুরু হয় ১৯৭২ সালে।",ত্রিভুবন আন্তর্জাতিক বিমানবন্দরটির উদ্ভোধন কে করেন ?,রাজা মহেন্দ্র,ত্রিভুবন আন্তর্জাতিক বিমানবন্দরটির উদ্বোধন করেন রাজা ত্রিভুবন।,yes,yes
bengali-1723011166667196429-2::specificity,bengali-1723011166667196429-2,specificity,হালাকু খান ছিলেন চেঙ্গিস খানের অন্যতম পুত্র তোলুইয়ের সন্তান। তার মা সোরগাগতানি বেকি ছিলেন একজন প্রভাবশালী কেরাইত শাহজাদি। সোরগাগতানি ছিলেন একজন নেস্টরিয়ান খ্রিষ্টান। হালাকু খানের স্ত্রী দকুজ খাতুন এবং তার ঘনিষ্ট বন্ধু ও সেনাপতি কিতবুকাও খ্রিষ্টান ছিলেন। মৃত্যুর আগমুহূর্তে হালাকু খান বৌদ্ধধর্ম গ্রহণ করেছিলেন বলে জানা যায়।[1][2] কয়য়ে বৌদ্ধ মন্দির নির্মাণ থেকে বৌদ্ধধর্মে তার আগ্রহের প্রমাণ পাওয়া যায়।[3],হালাকু খানের স্ত্রীর নাম কি ছিল ?,দকুজ খাতুন,সোরগাগতানি বেকি ছিলেন তার স্ত্রী।,yes,yes
bengali-1411582546196272359-27::comprehension,bengali-1411582546196272359-27,comprehension,"তুরস্কের জনসংখ্যা প্রায় সাত কোটি ১৫ লাখ।[68] দেশটির জন্মহার গড়ে ১ দশমিক ৩১।[69] প্রতি বর্গকিলোমিটারে এর জনসংখ্যা ৯২ জন। এর মধ্যে শহরে বসবাস করে ৭০ দশমিক ৫ জন। ১৫ থেকে ৬৪ বছর বয়সী লোক রয়েছে ৬৬ দশমিক ৫ শতাংশ। শূন্য থেকে ১৪ বছরে বয়সী লোকের সংখ্যা ২৬ দশমিক ৪ শতাংশ। ৬৫ বছরের বেশি বয়সী লোকের সংখ্যা ৭ দশমিক ১ শতাংশ।[70] সিআইএ ফ্যাক্টবুক অনুসারে তুর্কি পুরুষের গড় আয়ু ৭০ দশমিক ৬৭ বছর ও মহিলাদের গড় আয়ু ৭৫ দশমিক ৭৩ বছর। মোট জনসংখ্যার গড় আয়ু ৭৩ দশমিক ১৪ বছর। ৬ থেকে ১৫ বছর বয়সী শিশুদের জন্য শিক্ষা বাধ্যতামূলক ও অবৈতনিক। শিক্ষার হার পুরুষের ৯৫ দশমিক ৩ শতাংশ ও নারীদের ৭৯ দশমিক ৬ শতাংশ। গড় শিক্ষার হার ৮৭ দশমিক ৪ শতাংশ।[71] তুর্কি সংবিধানের ৬৬ নম্বর আর্টিক্যাল অনুসারে, ‘তুরস্কের নাগরিকত্ব যাদের আছে তারাই তুর্কি বলে পরিচিত।[72]",তুরস্কের বর্তমান (২০১৯) জনসংখ্যা কত ?,প্রায় সাত কোটি ১৫ লাখ,প্রায় ৯২ জন প্রতি বর্গকিলোমিটার,yes,yes
bengali-8899130051977933608-1::comprehension,bengali-8899130051977933608-1,comprehension,১৯৬২ খ্রিস্টাব্দের ২৫শে আগস্ট তৎকালীন পূর্ব পাকিস্তান প্রদেশের ময়মনসিংহ শহরে তসলিমা নাসরিনের জন্ম হয়। দুই ভাই দুই বোনের মধ্যে তিনি তৃতীয়। তাঁর মাতা ঈদুল ওয়ারা গৃহিনী এবং পিতা রজব আলী পেশায় চিকিৎসক ছিলেন। ১৯৭৬ খ্রিস্টাব্দে তিনি ময়মনসিংহ রেসিডেন্সিয়াল স্কুল থেকে মাধ্যমিক স্কুল সার্টিফিকেট (এসএসসি) পাস করেন। ১৯৭৮ খ্রিস্টাব্দে তিনি আনন্দ মোহন কলেজ থেকে উচ্চ মাধ্যমিক সার্টিফিকেট (এইচএসসি) পাস করেন। এরপর তিনি ময়মনসিংহ মেডিক্যাল কলেজে ভর্তি হন এবং সেখান থেকে ১৯৮৪ খ্রিস্টাব্দে এমবিবিএস পাস করেন।[5] ১৯৮৬ খ্রিস্টাব্দ থেকে ১৯৮৯ খ্রিস্টাব্দে তিনি সরকারী গ্রামীণ হাসপাতালে এবং ১৯৯০ খ্রিস্টাব্দ থেকে ১৯৯৩ খ্রিস্টাব্দ পর্যন্ত মিটফোর্ড হাসপাতালে স্ত্রীরোগ বিভাগে ও ঢাকা মেডিকেল কলেজ হাসপাতালে (ঢামেকহা) তে অ্যানেসথেসিওলজি বিভাগে চিকিৎসক হিসেবে কর্মরত ছিলেন।[6],তসলিমা নাসরিনের বাবার নাম কী ?,রজব আলী,রেজাউল করিম চিকিৎসক ছিলেন,yes,yes
bengali--6029141022173703914-7::specificity,bengali--6029141022173703914-7,specificity,"১৯৪৪ সালে মোহাম্মদ রফি বোম্বেতে (বর্তমান মুম্বাই) চলে আসেন। তাঁর শ্যালক সেখানে তাঁকে ভেন্দী বাজারের মতো ব্যস্ততম এলাকায় দশ ফুট বাই দশ ফুট কক্ষে থাকার ব্যবস্থা করেন। সেখানে তানভীর নাকভী নামীয় একজন কবি - আবদুর রশীদ কারদার, মেহবুব খান এবং অভিনেতা-পরিচালক নাজিরের মতো চলচ্চিত্র পরিচালকের সাথে রফিকে পরিচয় করে দেন।[7] শ্যাম সুন্দর তখন মুম্বাইয়ে অবস্থান করছিলেন। তিনি রফিকে আবারো জিএম দুররানী'র সাথে দ্বৈত সঙ্গীতে অংশগ্রহণের জন্য আমন্ত্রণ জানান। শ্যাম সুন্দরের গাঁও কি গোরী চলচ্চিত্রের আজি দিল হো কাবু মে তো দিলদার কি এ্যায়সী তাঈসী গানের মাধ্যমে মোহাম্মদ রফি হিন্দী চলচ্চিত্রে প্রথম গান রেকর্ড করেন।[13]",মোহাম্মদ রফি প্রথম কোন হিন্দি চলচ্চিত্রে গান গেয়েছিলেন ?,গাঁও কি গোরী,মোহাম্মদ রফি প্রথমে সম্ভবত **মেহবুব খানের এক হিন্দি চলচ্চিত্রে** গান গেয়েছিলেন।,yes,yes
bengali--7489945090902839314-2::specificity,bengali--7489945090902839314-2,specificity,"মনস্টার্স ইউনিভার্সিটি, মাইক এবং সুলে নামে দুজন মনস্টারের গল্প। শুরুতে, কলেজে অধ্যয়নকালে তারা নিজেদের প্রতিদ্বন্দ্বী হিসাবে ভাবলেও ধীরে ধীরে তাদের মধ্যে ভালো বন্ধুত্ব তৈরি হয়ে ওঠে। বিলি ক্রিস্টাল, জন গুডম্যান, স্টিভ বুসচেমি, বব পিটারসন এবং জন রাৎজেনবার্জার চলচ্চিত্রে মাইক ওয়াজোসকি, জেমস পি. সুলিভান, র‌্যান্ডাল বগ্স, রজ, এবং জঘন্য তুষারমানবের চরিত্রে অভিনয় করেছেন। বনি হান্ট, যিনি প্রথম চলচ্চিত্রে মিস. ফ্লেইন্ট চরিত্রে অভিনয় করেছেন, এই চলচ্চিত্রে তিনি মাইকের স্কুল শিক্ষিকা মিস. কারেন গ্র্যাভ্স চরিত্রে কণ্ঠ দিয়েছেন। সঙ্গীত রচনা করেছেন রান্ডি নিউম্যান এবং পিক্সারে সাথে এটি তার সপ্তম কাজ।",মনস্টার্স ইউনিভার্সিটি চলচ্চিত্রটির মূল চরিত্রের নাম কী ?,মাইক এবং সুলে,মূল চরিত্রের নাম র‌্যান্ডাল বগ্স এবং রজ।,yes,yes
bengali--2553274627248365687-16::inference,bengali--2553274627248365687-16,inference,"যোগীন্দ্রনাথ সরকারের সিটি বুক সোসাইটি থেকে তাঁর প্রথম বই ""ছেলেদের রামায়ণ"" প্রকাশিত হয়। এই বইটি সমাজে অতি আদরের সঙ্গে সমাদৃত হলেও মুদ্রণ সম্বন্ধে অতৃপ্ত  উপেন্দ্রকিশোর ১৮৮৫ সালে বিদেশ থেকে তখনকার দিনের আধুনিকতম মুদ্রণযন্ত্রাংশাদি নিজের খরচায় আমদানি করেন, এবং ৭ নম্বর শিবনারায়ণ দাস লেনে নতুন ভাড়াবাড়ি নিয়ে ইউ রায় অ্যান্ড সন্স নামে নতুন ছাপাখানা খোলেন। এখানের একটি কামরায় তিনি নিজের আঁকার স্টুডিও খোলেন এবং সেখানে হাফটোন ব্লক প্রিন্টিং নিয়ে অনেক পরীক্ষা নিরিক্ষা করেন। ১৯১১ সালে তিনি বড় ছেলে সুকুমারকে বিলাতে পাঠান ফোটোগ্রাফী ও মুদ্রণ সম্বন্ধে উচ্চশিক্ষা লাভ করার জন্যে।",উপেন্দ্রকিশোর রায় চৌধুরী রচিত প্রথম শিশুসাহিত্য কোনটি ?,ছেলেদের রামায়ণ,উপেন্দ্রকিশোর রায় চৌধুরীর প্রথম শিশুসাহিত্য ছিল **সুকুমারের ফোটোগ্রাফী শিক্ষা**।,yes,yes
bengali-1243479285016270340-16::factualness,bengali-1243479285016270340-16,factualness,"পৃষ্ঠটানকে সাধারণত γ (গ্রিক অক্ষর গামা) চিহ্ন দ্বারা প্রকাশ করা হয় এবং এর পরিমাপ হয় ‘বল প্রতি একক দৈর্ঘ্য’ দিয়ে। এর এসআই একক হল নিউটন প্রতি মিটার, তবে সিজিএস পদ্ধতিতে ডাইন প্রতি সেমি এককটিও ব্যবহার করা হয়।     γ = 1     d y n   c m    = 1     e r g   c  m  2      = 1     m N  m   = 0.001    N m   = 0.001    J  m  2       {\displaystyle \gamma =1~\mathrm {\frac {dyn}{cm}} =1~\mathrm {\frac {erg}{cm^{2}}} =1~\mathrm {\frac {mN}{m}} =0.001~\mathrm {\frac {N}{m}} =0.001~\mathrm {\frac {J}{m^{2}}} }",পৃষ্ঠটানকে কোন চিহ্ন দ্বারা প্রকাশ করা হয় ?,γ,পৃষ্ঠটানকে সাধারণত β চিহ্ন দ্বারা প্রকাশ করা হয়।,yes,yes
bengali--381183395494440070-4::comprehension,bengali--381183395494440070-4,comprehension,"কাউডাটা বা লেজযুক্ত উভচর; এদের মধ্যে আছে সাইরেন, সালামান্ডার, ও নিউট। অ্যানুরা বা লেজবিহীন উভচর; এদের মধ্যে আছে বিভিন্ন জাতের ব্যাঙ। জিম্নোফিওনা; এরা অনেকটা কেঁচোসদৃশ, যেমন সিসিলিয়ান।",ব্যাঙ কোন বর্গের প্রাণী ?,অ্যানুরা,ব্যাঙ কাউডাটা বর্গের প্রাণী।,no,no
bengali-1019942405024864518-0::inference,bengali-1019942405024864518-0,inference,"গুগল এলএলসি[4] (English: Google LLC) বা গুগল লিমিটেড লায়াবেলিটি কোম্পানি ইন্টারনেটভিত্তিক সেবা ও পণ্যে বিশেষায়িত একটি আমেরিকান বহুজাতিক প্রযুক্তি কোম্পানি। স্ট্যানফোর্ড বিশ্ববিদ্যালয়ে পিএইচডি ছাত্র থাকাকালীন  ল্যারি পেজ ও সের্গেই ব্রিন ১৯৯৮ সালে গুগল নির্মান করেন। গুগলের ১৪ শতাংশ  শেয়ার তাদের এবং বিশেষ সুপারভোটিং ক্ষমতার মাধ্যমে ৫৬ শতাংশ স্টকহোল্ডারকে নিয়ন্ত্রণ করে। সেপ্টেম্বর ৪, ১৯৯৮ সালে তারা গুগলকে প্রাইভেট কোম্পানি হিসেবে অন্তর্ভুক্ত করে। গুগল আগস্ট ১৯, ২০০৪ সালে ইনিশিয়াল পাবলিক অফারিং (আইপিও) দেয় ও গুগলপ্লেক্স নামে মাউন্টেইন ভিউতে তাদের নতুন সদরদপ্তরে স্থানান্তরিত হয়। আগস্ট ২০১৫ সালে গুগল এর বিভিন্ন কার্যক্রম আলফাবেট ইনকর্পোরেটেড নামে সমন্বিত করার পরিকল্পনার কথা জানায়। আলফাবেটের প্রধান অধীনস্থ সংগঠন হিসেবে আলফাবেটের ইন্টারনেট কার্যক্রম পরিচালনা করবে। পুনগঠনের সমাপনী অংশ হিসেবে সুন্দর পিচাই গুগলের প্রধান নির্বাহী কর্মকর্তা হিসেবে ল্যারি পেজকে প্রতিস্থাপন করেন। (ল্যারি পেজ এখন আলফাবেটের প্রধান নির্বাহী কর্মকর্তা)",গুগুল কোম্পানিটির প্রতিষ্ঠাতা কে ?,ল্যারি পেজ ও সের্গেই ব্রিন,গুগলের প্রতিষ্ঠাতা সুন্দর পিচাই ও ল্যারি পেজ।,yes,yes
bengali-8387770267775678164-2::factualness,bengali-8387770267775678164-2,factualness,তীব্র পানিবাহিত রোগ যেমন ডায়রিয়া এবং কলেরার ক্ষেত্রে খারাপ পয়ঃনিষ্কাষণ ব্যবস্থা পানিদূষন ঘটায়।তাই ইতিহাসের শুরুর দিক থেকেই শৌচাগার একটা ভাবনার বিষয় ছিলো। এক্ষেত্রে ইন্দু উপত্যকার জনগণ শৌচাগার বিশেষ করে ব্যক্তিগত ফ্লাশ শৌচাগারের উন্নয়নের জন্য সমাধিক পরিচিত। এরপর ১৮৫৬ সালে আধুনিক ফ্লাশ শৌচাগার পদ্ধতি আবিষ্কার কারেন জন হেরিংটন। তবে তা তখনও ব্যবহার করা শুরু হয় নি। এমনকি দ্বিতীয় বিশ্বযুদ্ধের আগে সমগ্র লন্ডনে তখনও ব্যক্তিগত ফ্লাশ শৌচাগার ছিলো না।,আধুনিক ফ্লাশ শৌচাগার পদ্ধতি সর্বপ্রথম কে আবিষ্কার করেছিলেন ?,জন হেরিংটন,থমাস ক্র্যাপার সর্বপ্রথম আবিষ্কার করেছিলেন।,yes,yes
bengali-1034970557000642377-1::inference,bengali-1034970557000642377-1,inference,"ঔপনিবেশিক পাকিস্তান আমলে পূর্ব পাকিস্তানে প্রতিষ্ঠিত ৪র্থ তথা শেষ ক্যাডেট কলেজ ‘রাজশাহী ক্যাডেট কলেজ’ । পাকিস্তানের প্রেসিডেন্ট ফিল্ড মার্শাল আইয়ুব খান ১৯৬৪ সালের ৬ই নভেম্বর আয়ুব ক্যাডেট কলেজ নামে এর ভিত্তিপ্রস্তর স্থাপন করেন। পূর্ব পাকিস্তানের গভর্নর মোনায়েম খান ১৯৬৬ সালের ১১ই ফেব্রুয়ারি আয়ুব ক্যাডেট কলেজের উদ্বোধন করেন। পদ্মা নদীর তীরে ১১০ একর জমির উপর তিনটি হাউস ( হোস্টেল) নিয়ে এ ক্যাডেট কলেজ প্রতিষ্ঠিত হয়। প্রতিষ্ঠাতা অধ্যক্ষ ছিলেন উইং কমান্ডার মোহাম্মদ সাঈদ, পিএএফ। কলেজের প্রথম বাঙ্গালী অধ্যক্ষ এম বকীয়তুল্লাহ । বাংলাদেশ স্বাধীন হবার পর আইয়ুব ক্যাডেট কলেজের নাম পরিবর্তন করে রাজশাহী ক্যাডেট কলেজ রাখা হয়। এই ক্যাডেট কলেজের প্রাক্তন ক্যাডেটদের সংগঠন Old Rajshahi Cadets Association (ORCA)- অরকা নামে পরিচিত।",রাজশাহী ক্যাডেট কলেজ কবে প্রতিষ্ঠিত হয় ?,১৯৬৬ সালের ১১ই ফেব্রুয়ারি,রাজশাহী ক্যাডেট কলেজ প্রতিষ্ঠিত হয় ১৯৬৪ সালের ৬ই নভেম্বর।,yes,yes
bengali--2488135216239958214-0::inference,bengali--2488135216239958214-0,inference,"মুঘল সম্রাটরা, ১৬ শতকের শুরু থেকে ১৯ শতকের মাঝামাঝি পর্যন্ত ভারতীয় উপমহাদেশে মুঘল সাম্রাজ্যের শাসন করেন। তাদের সাম্রাজ্য মূলত আধুনিক ভারত, পাকিস্তান, আফগানিস্তান এবং বাংলাদেশ নিয়ে গঠিত ছিল। মুঘলরা মধ্য এশিয়ার তৈমুর বংশের উত্তর পুরুষ। এই সাম্রাজ্য ১৮ শতকে দুর্বল হয়ে পড়ে। ব্রিটিশ শাসকর কর্তৃক ১৮৫৭ সালে সর্বশেষ মুঘল সম্রাট দ্বিতীয় বাহাদুর শাহ কে ক্ষমতাচ্যুত করার মাধ্যমে মুঘল সাম্রাজ্যের অবসান ঘটে। [1] মুঘলরা একই সাথে তৈমুর লং এবং চেঙ্গিস খানের বংশধর ছিলেন। মুঘলদের ভিতরে বেশ কিছু সংখ্যক রাজপুত এবং পারস্যদেশীয় সদস্য ছিল। কারণ অনেক মুঘল সম্রাট পারস্যদেশীয় রাজকন্যা অথবা রাজপুত রাজকন্যাদের গর্ভে জন্মগ্রহণ করেছিলেন।[2][3] শুধুমাত্র মুঘল সম্রাট বাবর এবং হুমায়ুন ছিলেন প্রকৃত মধ্য এশীয়। আকবর ছিলেন অর্ধেক ইরানি কারণ তার মা ছিলেন পারস্য বংশোদ্ভূত। জাহাঙ্গীর ছিলেন একজন অর্ধ রাজপুত এবং আংশিক পারস্যদেশীয়। সম্রাট জাহাঙ্গীর ছিলেন এক তৃতীয়াংশ রাজপুত।[4] তারা ভারতীয় উপমহাদেশের একটি বিরাট অংশ জুড়ে তাদের সাম্রাজ্যর বিস্মৃত ছিল। তাদের সাম্রাজ্যের পরিধি বাংলা থেকে কাবুল এবং পশ্চিমের সিন উত্তরের কাশ্মীর এবং দক্ষিণে কাবেরী পর্যন্ত বিস্তৃত ছিল।[5] সেই সময় এই বিশাল এলাকার জনসংখ্যা ছিল ১১০ থেকে ১৫০ মিলিয়ন। এই জনসংখ্যা তখনকার পৃথিবীর এক চতুর্থাংশ। মুঘল সম্রাট সাম্রাজ্যের বিস্তৃতি ছিল ৪ মিলিয়ন বর্গকিলোমিটার অথবা ১.২ মিলিয়ন বর্গ মাইল। [6]",মুঘল সাম্রাজ্যের সর্বশেষ সম্রাট কে ?,দ্বিতীয় বাহাদুর শাহ,সর্বশেষ মুঘল সম্রাট ছিলেন আকবর শাহ।,yes,yes
bengali--1492967622164090627-2::inference,bengali--1492967622164090627-2,inference,চৌধুরী রহমত আলি তৎকালীন ভারতের পাঞ্জাবের হোশিয়ারপুর জেলার অন্তর্গত বালাচৌর শহরে একটি মুসলিম গুরজার পরিবারে জন্মগ্রহণ করেন (বর্তমান নাওয়ানশহর জেলা)।[4] ১৯১৮ সালে তিনি লাহোরের ইসলামিয়া মাদ্রাসা থেকে স্নাতক সম্পন্ন করে তিনি লাহোরের আইচসন কলেজে শিক্ষক হিসেবে যোগ দেন। এরপর তিনি পাঞ্জাব বিশ্ববিদ্যালয়ে আইন বিষয়ে অধ্যয়নের জন্য ভর্তি হন। ১৯৩০ সালে তিনি ইংল্যান্ড চলে যান ও ১৯৩১ সালে ক্যামব্রিজে ইমানুয়েল কলেজে যোগ দেন। ১৯৩৩ সালে তিনি “নাউ অর নেভার” পুস্তিকাটি প্রকাশ করেন। এতে সর্বপ্রথম ‘’পাকিস্তান’’ শব্দটির উল্লেখ করা হয়। ১৯৩৩ সালে তিনি ইংল্যান্ডে পাকিস্তান জাতীয় আন্দোলন প্রতিষ্ঠা করেন। ১৯৩৩ সালে পরবর্তীতে তিনি বিএ ডিগ্রি অর্জন করেন ও ১৯৪০ সালে ক্যামব্রিজ বিশ্ববিদ্যালয় থেকে এমএ ডিগ্রি অর্জন করেন। ১৯৪৩ সালে তিনি লন্ডনের মিডল টেম্পলে যোগ দেন। ১৯৪৭ সাল পর্যন্ত দক্ষিণ এশিয়া নিয়ে তার দৃষ্টিভঙ্গি তিনি বিভিন্ন পুস্তিকায় প্রকাশ করেন। ভারত বিভাগের ফলে ঘটিত গণহত্যা ও ব্যাপক দেশান্তর তাকে ব্যথিত করে তোলে। দুই দেশের মধ্যে বন্টনকৃত এলাকা নিয়ে তার অসন্তোষ ছিল। তিনি একে বিশৃঙ্খলার কারণ হিসেবে উল্লেখ করেন।,চৌধুরী রহমত আলি কোন পরিবারে জন্মগ্রহণ করেছিলেন ?,মুসলিম গুরজার,তিনি পাঞ্জাবি শিক্ষিত মুসলিম পরিবারে জন্মগ্রহণ করেছিলেন।,yes,yes
bengali-5567311142476972637-0::specificity,bengali-5567311142476972637-0,specificity,"ব্রাহ্মসমাজ বা ব্রাহ্মসভা ১৯ শতকে স্থাপিত এক সামাজিক ও ধর্মীয় আন্দোলন যা বাংলার পূনর্জাগরণের পুরোধা হিসেবে পরিচিত। কলকাতায় আগস্ট ২০, ১৮২৮ সালে হিন্দুধর্ম সংস্কারক রাজা রামমোহন রায় (১৭৭২-১৮৩৩) ও তার বন্ধুবর্গ মিলে এক সার্বজনীন উপাসনার মাধ্যমে ব্রাহ্মসমাজ শুরু করেন। তাঁদের উপাস্য ছিল ""নিরাকার ব্রহ্ম"", তাই থেকেই নিজেদের ধর্মের নাম রাখেন ব্রাহ্ম।",ব্রাহ্মসমাজ আন্দোলনের সূচনা কবে হয়েছিল ?,১৯ শতকে,ব্রাহ্মসমাজ আন্দোলনের সূচনা মূলত ১৮২৮ সালের আগস্ট মাসে কলকাতায় হয়েছিল।,yes,yes
bengali-7294080396128754758-7::specificity,bengali-7294080396128754758-7,specificity,"বাংলাদেশ ও ভারতের অনেক বৃহৎ নদী পূর্ব থেকে পশ্চিমে প্রবাহিত হয়ে বঙ্গোপসাগরে পতিত হয়েছে। তন্মধ্যে উত্তরদিক থেকে গঙ্গা, মেঘনা এবং ব্রহ্মপুত্র; দক্ষিণদিক থেকে মহানদী, গোদাবরী, কৃষ্ণা, ইরাবতী এবং কাবেরী নদী উল্লেখযোগ্য। ৬৪ কিলোমিটারব্যাপী (৪০ মাইল) কৌম নদী সবচেয়ে ছোট নদী হিসেবে সরু খাল দিয়ে এবং ২,৯৪৮ কিলোমিটারব্যাপী (১,৮৩২ মাইল) বিশ্বের ২৮তম দীর্ঘ নদী হিসেবে ব্রহ্মপুত্র নদ বাংলাদেশ, চীন, নেপাল ও ভারতের মধ্য দিয়ে প্রবাহিত হয়ে বঙ্গোপসাগরে মিলিত হয়েছে। সুন্দরবন ম্যানগ্রোভ বনাঞ্চল গঙ্গা, ব্রহ্মপুত্র ও মেঘনা নদীর ব-দ্বীপকে ঘিরে গঠিত হয়েছে। মায়ানমারের (সাবেক বার্মা) ইরাওয়াদি (সংস্কৃত ইরাবতী) নদীও এ উপসাগরে মিলিত হয়েছে এবং একসময় গভীর ও ঘন ম্যানগ্রোভ বনাঞ্চলের সৃষ্টি করেছিল।",ব্রহ্মপুত্র নদের মোট দৈর্ঘ্য কত ?,"২,৯৪৮ কিলোমিটার","ব্রহ্মপুত্র নদের মোট দৈর্ঘ্য প্রায় ৩,২০০ কিলোমিটার।",yes,yes
bengali-9204004307186511271-4::factualness,bengali-9204004307186511271-4,factualness,"গুয়াহাটি নামটি অসমীয়া ভাষার দুটি শব্দ 'গুয়া' (অর্থ-সুপারি) এবং 'হাট' (অর্থ-বাজার)-এর থেকে উদ্ভব হয়েছে। ব্রিটিশ উপনিবেশ কালে এই নামটি ""গৌহাটী"" করা হয়েছিল এবং ১৯৮০-র দশকের শেষভাগ থেকে এটি বর্তমান রূপ পায়।[13]",গুয়াহাটির পূর্ব নাম কি ছিল ?,গৌহাটী,গোহাটি,no,no
bengali-4968178147939785709-2::inference,bengali-4968178147939785709-2,inference,১৯৬৫ সালের ৩১ জুলাই ইংল্যান্ডের গ্লুসেস্টারশায়ারের ইয়েটে শহরে জন্মগ্রহণ করেন জে.কে. রাউলিং। তার বাবার নাম পিটার এবং মায়ের নাম অ্যানি। তার বাবা ছিলেন ইঞ্জিনিয়ার এবং মা ছিলেন গবেষণাগারের টেকনিশিয়ান। রাউলিং এর পুরো নাম জোয়ান ক্যাথলিন রাউলিং। রাউলিং এর ছোট আরও এক বোন রয়েছে। ছোটবেলাটা কাটে গ্রাম্য পরিবেশে।,ব্রিটিশ লেখিকা জে কে রাউলিং কোন শহরে জন্মগ্রহণ করেন ?,ইংল্যান্ডের গ্লুসেস্টারশায়ারের ইয়েটে,জে কে রাউলিং লন্ডনে জন্মগ্রহণ করেন।,no,no
bengali-2586602312486395780-1::comprehension,bengali-2586602312486395780-1,comprehension,"ব্রিটিশ আমল থেকেই ঢাকার বিভিন্ন হোটেল ও নবাব পরিবারের আমন্ত্রণে ব্রিটিশ ব্যান্ড ও সঙ্গীত তারকাদের ঢাকায় গান পরিবেশনের খবর পাওয়া যায়। পাক-ভারত বিভক্তির পরে ১৯৬৩ সালের ১৮ মার্চ ঢাকার সেন্ট গ্রেগরিজ স্কুলের এক সাংস্কৃতিক অনুষ্ঠানে প্রথম ব্যান্ড ধাঁচের গানের খবর পাওয়া যায়।  সেই অনুষ্ঠানে ১৭ বছর বয়সী কিশোর টেলফার জনসন গিটার বাজার আর ক্লিফ রিচার্ডের গান পরিবেশন করেন। একই স্কুলের নবম শ্রেণীতে পড়ূয়া ফজলে রব, আলমগীর [পরবর্তীকালে বাংলাদেশ ও পাকিস্তানের জনপ্রিয় গায়ক], রফিক ও সাব্বির ব্যান্ড দল গঠন করেন। বলা হয়, তাদের হাতেই জন্ম নেয় বাংলাদেশের প্রথম ব্যান্ড আইওলাইটস। হোটেল শাহবাগ ও ঢাকা ক্লাবে নিয়মিত পারফর্ম করে ব্যান্ড দলটি। ১৯৬৫ সালে প্রথম ব্যান্ড হিসেবে টিভিতেও পারফর্ম করে ব্যান্ডটি। আইওলাইটসের সমকালীন আরেকটি ব্যান্ডের জন্ম চট্টগ্রামে। নাম জিংগা শিল্পগোষ্ঠী। সঙ্গীতবোদ্ধা ও ইতিহাস রচয়িতাদের মতে 'জিংগা' একটি পারিবারিক ঘরানার ব্যান্ড। কারও কারও মতে, এটি বাংলাদেশের প্রথম ব্যান্ড। এমনকি ইন্টারনেট ও কোনো কোনো ইতিহাস রচয়িতাও জিংগাকে এ দেশের প্রথম ব্যান্ড বলে থাকেন। তবে জিংগাকে দেশের প্রথম ব্যান্ড বলার বিশেষ কোনো তথ্য-প্রমাণ মেলে না। এ দলের গায়ক ওমর খালেদ রুমী পরবর্তীকালে আরেকটি ব্যান্ডের হয়ে বাংলায় গান করা শুরু করেন। সে বিচারে বলা যায়, তিনিই প্রথম বাংলা গানের ব্যান্ডশিল্পী। জিংগার পর চট্টগ্রামে জন্ম নেয় আরেক ব্যান্ড লাইটনিংস। ১৯৬৭ সালে ফরিদ রশীদ, নিওম্যান্ডেজ, নোয়েল ও শাকিল গড়ে তোলেন লাইটনিংস ব্যান্ডটি। তাদের সঙ্গে পাল্লা দিয়ে মাহমুদ, তোতা, চিত্রনায়ক জাফর ইকবাল ও ফারুক মিলে ব্যান্ড গঠন করেন র‌্যাম্বলিং স্টেনস। দুটি ব্যান্ডই তৎকালীন পূর্ব পাকিস্তানে বিপুল জনপ্রিয়তা পায়। একই বছরে গঠিত হয় উইন্ডি সাইট অব কেয়ার ব্যান্ড। ১৯৬৮ সালে হোটেল ইন্টার কন্টিনেন্টালে আইওলাইটস, উইন্ডিসাইট অব কেয়ার, র‌্যাম্বলিং স্টোনস ও লাইটনিংস একটি প্রতিযোগিতায় অংশ নেয়। প্রতিযোগিতায় শ্রেষ্ঠ ব্যান্ড নির্বাচিত হয় উইন্ডি সাইট অব কেয়ার। এ ব্যান্ডগুলোর পাশাপাশি ১৯৬৬ সালে নারায়ণগঞ্জে জন্ম নেওয়া 'বকলম' ব্যান্ডটি বেশ জনপ্রিয়তা পায়। ১৯৬৯ সালে প্রতিষ্ঠা পায় ফায়ার অ্যান্ড আইস ব্যান্ডটি। ১৯৬৯ সালে প্রথম ভাঙনের কবলে পড়ে র‌্যাম্বলিং স্টোনস। এ ব্যান্ডের সদস্যরা আলাদা হয়ে গিয়ে তৈরি করে নতুন ব্যান্ড 'টাইম গো মোশন'। এরপরই দেশের প্রথম ব্যান্ড আইওলাইটসের ভাঙন ধরে। ড্রামার সাব্বির এবং রিদম গিটারিস্ট রফিক ব্যান্ড ছেড়ে দেওয়ায় এটি ভেঙে যায়।",বাংলাদেশের প্রথম ব্যান্ডের নাম কী ?,আইওলাইটস,উইন্ডি সাইট অব কেয়ার,yes,yes
bengali--3419022654484055884-0::comprehension,bengali--3419022654484055884-0,comprehension,"স্টিভ জবস (পুরোনাম: স্টিভেন পল জবস) (English: Steven Paul ""Steve"" Jobs) (জন্ম ফেব্রুয়ারি ২৪, ১৯৫৫, মৃত্যু ৫ অক্টোবর ২০১১)[10][11] যুক্তরাষ্ট্রের একজন উদ্যোক্তা ও প্রযুক্তি উদ্ভাবক। তাকে পার্সোনাল কম্পিউটার বিপ্লবের পথিকৃৎ বলা হয়। তিনি স্টিভ ওজনিয়াক এবং রোনাল্ড ওয়েন -এর সাথে ১৯৭৬ খ্রিস্টাব্দে ""অ্যাপল কম্পিউটার"" প্রতিষ্ঠা করেন। তিনি অ্যাপল ইনকর্পোরেশনের প্রতিষ্ঠাতাদের অন্যতম ও সাবেক প্রধান নির্বাহী কর্মকর্তা। তিনি ""পিক্সার এ্যানিমেশন স্টুডিওস""-এরও প্রতিষ্ঠাতাদের অন্যতম ও সাবেক প্রধান নির্বাহী কর্মকর্তা। ১৯৮৫ সালে অ্যাপল ইনকর্পোরেশনের ""বোর্ড অব ডিরেক্টর্সের"" সদস্যদের সাথে বিরোধে জড়িয়ে তিনি অ্যাপল ইনকর্পোরেশনের থেকে পদত্যাগ করেন এবং নেক্সট কম্পিউটার প্রতিষ্ঠা করেন। ১৯৯৬ সালে অ্যাপল কম্পিউটার নেক্সট কম্পিউটারকে কিনে নিলে তিনি অ্যাপলে ফিরে আসেন। তিনি ১৯৯৫ সালে টয় স্টোরি নামের অ্যানিমেটেড চলচ্চিত্র প্রযোজনা করেন।",অ্যাপল কোম্পানির প্রতিষ্ঠাতা কে ?,স্টিভ ওজনিয়াক এবং রোনাল্ড ওয়েন,স্টিভ জবস এবং রোনাল্ড ওয়েন,yes,yes
bengali-1030984308163224346-2::specificity,bengali-1030984308163224346-2,specificity,"সমাস শব্দের অর্থ সংক্ষেপ, সমর্থন, সংগ্রহ, মিলন, একাধিক পদের একপদীকরণ ।",এক কথায় সমাস শব্দটির অর্থ কী ?,"সংক্ষেপ, সমর্থন, সংগ্রহ, মিলন, একাধিক পদের একপদীকরণ","সমাস শব্দটির এক কথায় অর্থ হলো “শব্দসংক্ষেপণ প্রক্রিয়া”, অর্থাৎ বহু পদকে সংক্ষিপ্ত করে একপদে রূপ দেওয়ার পদ্ধতি।",no,no
bengali--5189083434002639881-1::factualness,bengali--5189083434002639881-1,factualness,"বাংলাদেশের কিশোরগঞ্জ জেলার ইটনা থানার জয়সিদ্ধি গ্রামে ১৮৮৫ খ্রিস্টাব্দে বিজ্ঞানী দেবেন্দ্র মোহন বসু জন্মগ্রহণ করেন। তাঁর পিতার নাম মোহিনী মোহন বসু। রেংলার আনন্দ মোহন বসু তার সহোদর কাকা। বাল্যকালে পিতৃবিয়োগ ঘটলে মাতুল বিজ্ঞানী আচার্য জগদীশ চন্দ্র বসুর সান্নিধ্যে ভারতে বসবাস করেন।[2] শৈশবে দেবেন্দ্রমোহনের আনুষ্ঠানিক শিক্ষা শুরু হয়েছিল একটি ব্রাহ্ম বালিকা বিদ্যালয়ে। বালিকা বিদ্যালয় হলেও এতে প্রাথমিক স্তর পর্যন্ত পর্যন্ত সহশিক্ষা চালু ছিল। এরপর তিনি আনন্দমোহন বসু প্রতিষ্ঠিত সিটি স্কুলে লেখাপড়া করেন এবং এ স্কুল থেকেই এন্ট্রান্স পাশ করেছেন। ১৯০১ খ্রিস্টাব্দে তাঁর পিতার মৃত্যু হয়। এসময় তিনি অভিভাবক হিসেবে পেলেন বৈজ্ঞানিক জগদীশচন্দ্র বসুকে। এন্ট্রান্স পাশ ক'রে দেবেন্দ্রমোহন প্রেসিডেন্সি কলেজে ভর্তি হয়েছিলেন। কিন্তু পিতার মৃত্যুর পর দ্রুত জীবিকা অর্জ্জনের তাগিদে ভর্তি হলেন শিবপুর ইঞ্জিনিয়ারিং কলেজে, প্রকৌশলী হওয়ার লক্ষ্য নিয়ে। এ সময় তিনি ছাত্রবাসে অবস্থান করতেন। কিছুদিন পর ম্যালেরিয়ায় আক্রান্ত হয়ে তাঁকে বাড়ী ফরেঁ আসতে হয় ; আর তার শিবপুর ইঞ্জিনিয়ারিং কলেজে ফিরে যাওয়া হয় নি। এসময় কবি রবীন্দ্রনাথ ঠাকুর পরামর্শ দিলেন মামা জগদীশচন্দ্রের মত পদার্থবিজ্ঞান পড়তে। দেবেন্দ্রমোহন পুনরায় প্রেসিডেন্সি কলেজে ভর্তি হলেন পদার্থবিদ্যা আর ভূতত্ত্ব নিয়ে। যথাসময়ে প্রথম শ্রেণী সহ বিএসসি পাস করলেন। ১৯০৬ খ্রিস্টাব্দে এমএসসি পরীক্ষায় প্রথম শ্রেণীতে প্রথম হলেন;- জগদীশচন্দ্র বসু তখন বায়োফিজিক্স ও প্ল্যান্ট ফিজিওলজি নিয়ে গবেষণা করছেন। দেবেন্দ্রমোহন যোগ দিলেন জগদীশচন্দ্রের রিসার্চ গ্রুপে শিক্ষানবিশ গবেষক হিসেবে [3]। ১৯০৭ খ্রিস্টাব্দে দেবেন্দ্রমোহন ইংল্যান্ডে গিয়ে কেমব্রিজ বিশ্ববিদ্যালয়ের ক্রাইস্ট কলেজে ভর্তি হলেন। এখানে তিনি ক্যাভেনডিশ ল্যাবে স্যার জে জে থমসন ও চার্লস উইলসনের সাথে কাজ করার সুযোগ লাভ করলেন। ১৯০৮ থেকে ১৯১১ খ্রিস্টাব্দ পর্যন্ত ক্যাভেন্ডিশ ল্যাবে কাজ করেছেন দেবেন্দ্রমোহন। ১৯১০ খ্রিস্টাব্দে দেবেন্দ্রমোহন লন্ডনের রয়েল কলেজ অব সায়েন্সে ভর্তি হলেন। ১৯১২ খ্রিস্টাব্দে এখান থেকেই ডিপ্লোমা ও প্রথম শ্রেণীর অনার্স সহ বিএসসি ডিগ্রি লাভ করেন।",ভারতীয় পদার্থবিজ্ঞানী দেবেন্দ্র মোহন বসুর পিতার নাম কি ছিল ?,মোহিনী মোহন বসু,মধিনী মোহন বসু,yes,yes
bengali--3561920547618114254-11::comprehension,bengali--3561920547618114254-11,comprehension,আবু বকর ৫৭৩ সালের দিকে মক্কার কুরাইশ বংশের বনু তাইম গোত্রে জন্মগ্রহণ করেছেন।[6] তার বাবার নাম আবু কুহাফা ও মায়ের নাম সালমা বিনতে সাখার।,ইসলামের প্রথম খলিফা আবু বকর কবে জন্মগ্রহণ করেন ?,৫৭৩ সালে,৫৭০ সালে,no,no
bengali-3902040012994010412-1::factualness,bengali-3902040012994010412-1,factualness,"সুপ্রাচীন কাল থেকেই ভারতীয় উপমহাদেশ অর্থনৈতিক সমৃদ্ধি ও সাংস্কৃতিক ঐতিহ্যের জন্য সুপরিচিত। ঐতিহাসিক সিন্ধু সভ্যতা এই অঞ্চলেই গড়ে উঠেছিল। ইতিহাসের বিভিন্ন পর্বে এখানেই স্থাপিত হয়েছিল বিশালাকার একাধিক সাম্রাজ্য। নানা ইতিহাস-প্রসিদ্ধ বাণিজ্যপথ এই অঞ্চলের সঙ্গে বিশ্বের অন্যান্য সভ্যতার বাণিজ্যিক ও সাংস্কৃতিক সম্পর্ক রক্ষা করত। হিন্দু, বৌদ্ধ, জৈন ও শিখ—বিশ্বের এই চার ধর্মের উৎসভূমি ভারত। খ্রিষ্টীয় প্রথম সহস্রাব্দে জরথুষ্ট্রীয় ধর্ম (পারসি ধর্ম), ইহুদি ধর্ম, খ্রিষ্টধর্ম ও ইসলাম এদেশে প্রবেশ করে, ও ভারতীয় সংস্কৃতিতে বিশেষ প্রভাব বিস্তার করে। অষ্টাদশ শতাব্দীর প্রথমার্ধ থেকে ব্রিটিশ ইস্ট ইন্ডিয়া কোম্পানি ধীরে ধীরে ভারতীয় ভূখণ্ডের অধিকাংশ অঞ্চল নিজেদের শাসনাধীনে আনতে সক্ষম হয়। ঊনবিংশ শতাব্দীর মধ্যভাগে এই দেশ পুরোদস্তুর একটি ব্রিটিশ উপনিবেশে পরিণত হয়। অতঃপর এক সুদীর্ঘ স্বাধীনতা সংগ্রামের মাধ্যমে ১৯৪৭ সালে ভারত একটি স্বতন্ত্র রাষ্ট্ররূপে আত্মপ্রকাশ করে। ১৯৫০ সালে সংবিধান প্রণয়নের মাধ্যমে ভারত একটি সার্বভৌম গণতান্ত্রিক প্রজাতন্ত্রে পরিণত হয়।",ভারতবর্ষ কত সালে একটি স্বাধীন সার্বভৌম রাষ্ট্র হিসেবে প্রতিষ্ঠিত হয় ?,১৯৫০,১৯৪৭ সালে স্বাধীন সার্বভৌম রাষ্ট্র হিসেবে প্রতিষ্ঠিত হয়।,yes,yes
bengali--1075882060025328766-0::specificity,bengali--1075882060025328766-0,specificity,"হাঙ্গর বা হাঙর (ইংরেজি: Shark) তরুণাস্থিবিশিষ্ট এক ধরণের সামুদ্রিক মাছের প্রায় ২২৫টি প্রজাতির জন্য ব্যবহৃত সাধারণ নাম। পৃথিবীর প্রায় সকল সাগর-মহাসাগরে এদের অস্তিত্ব থাকলেও মূলত গ্রীষ্মমণ্ডলীয় এবং অর্ধ-গ্রীষ্মমণ্ডলীয় অঞ্চলে এদের প্রাচুর্য দেখা যায়। কয়েকটি প্রজাতি সমুদ্র উপকূলে বসবাস করলেও অধিকাংশ গভীর সমুদ্রের উপরের তলে বসবাস করে। গভীর সমুদ্রে বসবাসকারী কিছু প্রজাতি আলোদায়ক অর্থাৎ আলো বিচ্ছুরণ করতে পারে। ধ্বংস এবং পরজীবীর হাত থেকে রক্ষার জন্য এদের দেহত্বকীয় ডেন্টিক্‌ল রয়েছে। এই ডেন্টিক্‌লের কারণে এদের প্রবাহী গতিবিদ্যায়ও প্রভূত সহায়তা হয়ে থাকে। এছাড়া তাদের প্রতিস্থাপনযোগ্য দাঁত রয়েছে। দাঁতগুলো খুব সুন্দর এবং প্রাচীন হাঙ্গরের এই একটি বৈশিষ্ট্যই তাদের মধ্যে রয়েছে। এদের প্রজাতিতে ব্যাপক তারতম্য পরিলক্ষিত হয়। এক হাতের সমান আকারের পিগমি হাঙ্গর রয়েছে, যেমন: Euprotomicrus bispinatus নামক গভীর সমুদ্রের হাঙ্গরের দৈর্ঘ্য মাত্র ২২ সেমি তথা ৯ ইঞ্চি। আবার তিমি হাঙ্গর হল বৃহত্তম মাছ যারা প্রায় ১২ মিটারের (৩৯ ফিট) মত লম্বা হতে পারে। যেমন: Rhincodon typus নামক প্রজাতিটি। Carcharhinus leucas প্রজাতিটি ষাঁড় হাঙ্গর হিসেবে পরিচিত। এই ষাঁড় হাঙ্গরই একমাত্র লবণাক্ত এবং মিঠা - উভয় পানিতে এমনকি ডেল্টার ভিতরেও সাঁতার কাটতে পারে।[1]",পৃথিবীতে মোট কত প্রজাতির হাঙর আছে ?,২২৫টি,পৃথিবীতে হাঙরের প্রজাতি প্রায় ২০০টিরও বেশি।,yes,yes
bengali--8808406948073702391-4::inference,bengali--8808406948073702391-4,inference,আর্সেনালের প্রতিষ্ঠা ১৮৮৬ সালে রয়েল আর্সেনালে কর্মরত কিছু শ্রমিকের মাধ্যমে। শুরুতে ক্লাবটির নাম ছিল ডায়াল স্কয়ার। কিছুদিন পরে নাম পরিবর্তন করে রাখা হয় রয়েল আর্সেনাল। ১৮৯১ সালে পেশাদার দল হিসাবে আত্মপ্রকাশ করার পর এর নাম রাখা হয় ওউলিচ আর্সেনাল। ১৮৮৩ সালে প্রথমবারের মত ফুটবল লীগে যোগ দেয় এবং প্রায় ২১ বছর পর ১৯০৪ সালে প্রথম বিভাগ দলের মর্যাদা লাভ করে। ভৌগোলিক কারণে শুরু থেকেই তাদের দর্শক সংখ্যা ছিল অনেক কম। যার কারণে ১৯১০ সালের মধ্যেই তারা অর্থনৈতিকভাবে পঙ্গু হয়ে পড়ে।[1] ১৯১৩ সালে রেলিগেশনের কারণে আর্সেনাল দ্বিতীয় বিভাগে নেমে যায় এবং ঠিক এই সময়ে তারা হাইবারিতে আর্সেনাল স্টেডিয়াম প্রতিষ্ঠা করে সেখানে চলে আসে।[2] একই বছরে দলটি তাদের নাম থেকে রয়েল শব্দটি বাদ দিয়ে দেয়। ১৯১৯ সালে পঞ্চম স্থানে থেকে বছর শেষ করার পর তারা টটেনহ্যাম হটস্পারের পরিবর্তে প্রথম বিভাগে ফিরে আসে।,আর্সেনাল প্রশিক্ষণ কেন্দ্র কবে তৈরি হয় ?,১৮৮৬ সালে,আর্সেনালের প্রশিক্ষণ কেন্দ্র ১৯১৩ সালে তৈরি হয়।,yes,yes
bengali--5702015763636761454-0::comprehension,bengali--5702015763636761454-0,comprehension,"শহীদ স্মৃতি সংগ্রহশালা বাংলাদেশের প্রথম মুক্তিযুদ্ধভিত্তিক সংগ্রহশালা। স্বাধীনতা যুদ্ধে শিক্ষক, ছাত্র, কর্মচারীদের স্মৃতিচিহ্ন নিয়ে রাজশাহী বিশ্ববিদ্যালয়ের সবুজ চত্তরে গড়ে উঠেছে দেশের সর্বপ্রথম মুক্তিযুদ্ধবিষয়ক জাদুঘরটি। স্বাধীনতা যুদ্ধের ও ইতিহাসের বিভিন্ন উপকরণ সুষ্ঠুভাবে সংরক্ষণের উদ্দেশ্যে ১৯৭৬ সালে এই সংগ্রহশালাটি প্রতিষ্ঠিত হয় রাজশাহী বিশ্ববিদ্যালয় ক্যাম্পাসের শহীদ মিনার কমপ্লেক্স এলাকায়।[1]",কত সালে মুক্তিযুদ্ধ জাদুঘরের উদ্ভোধন হয়েছিল ?,১৯৭৬,১৯৭১ সালে মুক্তিযুদ্ধ জাদুঘরের উদ্বোধন হয়েছিল।,yes,yes
bengali-1779859426821641187-3::inference,bengali-1779859426821641187-3,inference,তৌকির আহমেদ-এর পরিচালনায় অজ্ঞাতনামা চলচ্চিত্রে ফজলুর রহমান বাবুর অভিনয় প্রশংসিত হওয়ার পর তাকে আবার এই চলচ্চিত্রের জন্য নির্বাচন করা হয়। মুহম্মদ মোস্তফা কামাল রাজ পরিচালিত প্রজাপতির পর এই চলচ্চিত্রে দ্বিতীয়বারের মত একসাথে কাজ করেন জাহিদ হাসান ও মোশাররফ করিম। জাহিদ হাসানের এটি তৌকীরের পরিচালনায় প্রথম চলচ্চিত্র। তবে তারা একসঙ্গে নাট্যকেন্দ্রে মঞ্চ নাটক করেছেন। অন্যদিকে মোশাররফ করিম তৌকীরের আগের চারটি চলচ্চিত্রেই অভিনয় করেন। প্রধান দুটি নারী চরিত্রে অভিনয় করেছেন নুসরাত ইমরোজ তিশা এবং রুনা খান। এটি তাদের দুজনেরই তৌকীরের পরিচালনায় প্রথম চলচ্চিত্র।[7] তিশা অভিনীত চরিত্রের নাম হাসু এবং এই চরিত্রের জন্য তাকে নির্বাচন করেছিলেন তৌকিরের স্ত্রী অভিনেত্রী বিপাশা হায়াত। তিশা এই প্রসঙ্গে বলেন তিনি বিপাশা হায়াতের প্রতি কৃতজ্ঞ।[6],অজ্ঞাতনামা চলচ্চিত্রটির সংগীত পরিচালক কে ছিলেন ?,তৌকির আহমেদ,অজ্ঞাতনামা চলচ্চিত্রটির সংগীত পরিচালক ছিলেন **মুহম্মদ মোস্তফা কামাল রাজ**।,yes,yes
bengali-1644744333786318480-20::factualness,bengali-1644744333786318480-20,factualness,"স্বাধীনতার পরে আবির্ভূত চলচ্চিত্র পরিচালকদের মধ্যে আলমগীর কবির (১৯৩৮-১৯৮৯) উল্লেখযোগ্য। তাঁর নির্মিত চলচ্চিত্র হলো ধীরে বহে মেঘনা (১৯৭৩), সূর্য কন্যা (১৯৭৬), সীমানা পেরিয়ে (১৯৭৭), রূপালী সৈকতে (১৯৭৯), মোহনা (১৯৮২),পরিণীতা (১৯৮৪) ও মহানায়ক (১৯৮৫)।",বাংলাদেশী চলচ্চিত্র পরিচালক আলমগীর কবিরের পরিচালিত প্রথম চলচ্চিত্রের নাম কী ?,ধীরে বহে মেঘনা,সোনার কাজল,no,no
bengali--7369128730344741991-1::inference,bengali--7369128730344741991-1,inference,আলীবর্দী খানের প্রকৃত নাম মির্জা মুহম্মদ আলী । তাঁর পিতার নাম মির্জা মুহম্মদ ।  তিনি মুঘল দরবার কতৃক খান উপাধি পেয়েছিলেন। আরব বংশোদ্ভূত মির্জা মুহম্মদ বেগ মুঘল সম্রাট আওরঙ্গজেবের তৃতীয় পুত্র আজম শাহের দরবারের একজন কর্মকর্তা ছিলেন[2]। আলীবর্দী খানের মা ইরানের খোরাসানের এক তুর্কি উপজাতি থেকে এসেছিলেন। তাঁর পিতামহ আওরঙ্গজেবের সৎ ভাই ছিলেন। মির্জা মুহম্মদ আলী পূর্ণবয়স্ক হবার পরপরই আজম শাহ তাঁকে পিলখানার পরিচালক হিসেবে নিয়োগ দেন[2]।,নবাব আলীবর্দী খান কোন বংশের সন্তান ছিলেন ?,আরব,নবাব আলীবর্দী খান তুর্কি বংশের সন্তান ছিলেন।,yes,yes
bengali--8651108802342100600-1::inference,bengali--8651108802342100600-1,inference,কক্সবাজার জেলার মোট আয়তন ২৪৯১.৮৬ বর্গ কিলোমিটার।[1],বাংলাদেশের কক্সবাজার জেলার মোট আয়তন কত ?,২৪৯১.৮৬ বর্গ কিলোমিটার,বাংলাদেশের কক্সবাজার জেলার মোট আয়তন প্রায় ২৪৯.১৮৬ বর্গ কিলোমিটার।,no,no
bengali-8671424860275717889-0::comprehension,bengali-8671424860275717889-0,comprehension,"উত্তর চব্বিশ পরগণা জেলা ভারত এর পূর্বাঞ্চলীয় রাজ্য পশ্চিমবঙ্গের কলকাতা শহরের উত্তরপূর্ব দিকের একটি জেলা। জেলাটি প্রেসিডেন্সি বিভাগের অন্তর্ভুক্ত। ১৯৮৩ সালে ডঃ অশোক মিত্রের প্রশাসনিক সংস্কার কমিটি এই জেলাকে বিভাজনের সুপারিশ করেন। ১৭ই ফাল্গুণ ১৩৯২ বঙ্গাব্দে (১৯৮৬ সালে ১লা মার্চ) ২৪ পরগণা জেলাটিকে দ্বিখণ্ডিত করে ওই জেলার উত্তরাংশ নিয়ে উত্তর ২৪ পরগণা জেলা স্থাপন করা হয়৷ এর প্রশাসনিক ভবন ও সদর দপ্তর বারাসাত শহরে অবস্থিত৷ বারাসাত, বারাকপুর, বনগাঁ, বসিরহাট, বিধাননগর এই পাঁচটি মহকুমা নিয়ে উত্তর ২৪ পরগণা জেলা গঠিত।",পশ্চিমবঙ্গের উত্তর চব্বিশ পরগনা জেলার সদর শহর কোনটি ?,বারাসাত,বিধাননগর,yes,yes
bengali--5995531565008789310-0::specificity,bengali--5995531565008789310-0,specificity,হাবিবুর রহমান(জন্ম ১ জানুয়ারি ১৯৬৭) বাংলাদেশ পুলিশের এর একজন কর্মকর্তা। বর্তমানে তিনি বাংলাদেশ পুলিশের ঢাকাস্থ সদরদপ্তরে উপ মহাপরিদর্শক (প্রশাসন-ডিসিপ্লিন) হিসেবে দায়িত্বরত। পুলিশি দায়িত্ব পালনের পাশাপাশি সমাজ ও মানুষের জন্য কাজ করা ব্যতিক্রমধর্মী চিন্তা ও ভূমিকা তাকে দিয়েছে বিশেষ খ্যাতি।[1][2] তিনি বাংলাদেশ কাবাডি ফেডারেশান এর সাধারন সম্পাদক [3] এবং এশিয়ান কাবাডি ফেডারেশান এর সহ-সভাপতি।[4],বাংলাদেশ পুলিশের এর একজন কর্মকর্তা হাবিবুর রহমানের জন্মসাল কত ?,১৯৬৭,হাবিবুর রহমানের জন্মসাল সম্ভবত ১৯৬৫ সালের দিকে।,yes,yes
bengali--2670679576736811691-0::inference,bengali--2670679576736811691-0,inference,"প্রীতিলতা ওয়াদ্দেদার যিনি প্রীতিলতা ওয়াদ্দের নামেও পরিচিত (জন্ম: মে ৫, ১৯১১; মৃত্যু সেপ্টেম্বর ২৪, ১৯৩২)[1], ডাকনাম রাণী, ছদ্মনাম ফুলতার, একজন বাঙালী ছিলেন, যিনি ব্রিটিশ বিরোধী স্বাধীনতা আন্দোলনের অন্যতম নারী মুক্তিযোদ্ধা ও প্রথম বিপ্লবী মহিলা শহীদ ব্যক্তিত্ব।[2] তৎকালীন পূর্ববঙ্গে জন্ম নেয়া এই বাঙালি বিপ্লবী সূর্য সেনের নেতৃত্বে তখনকার ব্রিটিশ বিরোধী সশস্ত্র আন্দোলনে সক্রিয়ভাবে অংশ নেন এবং জীবন বিসর্জন করেন। ১৯৩২ খ্রিস্টাব্দে পাহাড়তলী ইউরোপিয়ান ক্লাব দখলের সময়[3][4] তিনি ১৫ জনের একটি বিপ্লবী দল পরিচালনা করেন।[5] এই ক্লাবটিতে একটি সাইনবোর্ড লাগানো ছিলো যাতে লেখা ছিলো ""কুকুর এবং ভারতীয়দের প্রবেশ নিষেধ""।[6][7] প্রীতিলতার দলটি ক্লাবটি আক্রমণ করে এবং পরবর্তিতে পুলিশ তাদের আটক করে। পুলিশের হাতে আটক এড়াতে প্রীতিলতা সায়ানাইড গলাধঃকরন করে আত্মহত্যা করেন।[8]",প্রীতিলতা ওয়াদ্দেদার কোন সালে জন্মগ্রহণ করেন ?,১৯১১,প্রীতিলতা ওয়াদ্দেদার ১৯৩২ সালে জন্মগ্রহণ করেন।,yes,yes
bengali--1070153120447023734-5::factualness,bengali--1070153120447023734-5,factualness,"কোপার্নিকাসের পিতার পরিবারের আদিনিবাস ছিল নেয়াসের কাছে সিলেসিয়া নামক একটি গ্রামে। তবে গ্রামের নাম পরবর্তিতে বিভিন্ন কারণে বিভিন্ন ভাবে পরিবর্তিত হতে থাকে, যেমন- কপার্নিক, কোপার্নিস, কোপের্নিক এবং আজ তা কোপের্নিকি নামে পরিচিত। ১৪ শ শতাব্দীতে পরিবারটি সিলেসিয়া শহর থেকে পোল্যান্ডের রাজধানীর দিকে আসতে শুরু করে। প্রথমে কারাকাও এরপর  তারা তোরণে চলে আসে। বাবা নিকোলাস সম্ভবত জনের(দাদা) বড় ছেলে ছিলেন যিনি কারাকাও থেকেই এসেছিলেন।",বিখ্যাত জ্যোতির্বিজ্ঞানী নিকোলাউস কোপের্নিকুসের বাবার নাম কী ?,নিকোলাস,জোহানেস,yes,yes
bengali--8045997562526390537-0::specificity,bengali--8045997562526390537-0,specificity,"অদ্বৈত মল্লবর্মণ (১লা জানুয়ারি, ১৯১৪- ১৬ই এপ্রিল, ১৯৫১) বাঙালি ঔপন্যাসিক ও সাংবাদিক। তৎকালীন কুমিল্লা জেলার অধীনে ব্রাহ্মণবাড়ীয়া মহকুমার গোকর্ণঘাট গ্রামে জন্মগ্রহণ করেন। তিতাস একটি নদীর নাম শিরোনামের একটিমাত্র উপন্যাস লিখে তিনি বাংলা সাহিত্যের চিরস্মরণীয় ও অমর প্রতিভা হিসেবে সবিশেষ স্বীকৃতি লাভ করেন। এই উপন্যাসটি সর্বপ্রথম 'মাসিক মোহাম্মদী' পত্রিকায় প্রকাশিত হয়।",বাঙালি ঔপন্যাসিক ও সাংবাদিক অদ্বৈত মল্লবর্মণের প্রথম উপন্যাসের নাম কী ?,তিতাস একটি নদীর নাম,অদ্বৈত মল্লবর্মণের প্রথম উপন্যাসের নাম ছিল **তিতাসের তীরে**।,yes,yes
bengali-1573705475071746423-3::specificity,bengali-1573705475071746423-3,specificity,"ছাত্রজীবনে মোস্তাফা জব্বার রাজনীতি, মুক্তিযুদ্ধ, সাহিত্য চর্চা, সাংবাদিকতা, নাট্য আন্দোলনের সাথে ব্যাপকভাবে জড়িত ছিলেন। ১৯৭১ সালের ২২ ফেব্রুয়ারি তার লেখা বাংলাদেশের প্রথম গণনাট্য ‘এক নদী রক্ত’ ঢাকা বিশ্ববিদ্যালয়ের ছাত্রশিক্ষক কেন্দ্রে মঞ্চস্থ হয়। ঢাকা বিশ্ববিদ্যালয়ে পাঠকালে তিনি বাংলাদেশ ছাত্রলীগের রাজনীতিতে সক্রিয়ভাবে যুক্ত ছিলেন এবং ঢাকা বিশ্ববিদ্যালয় শাখার অন্যতম নেতা ছিলেন। ১৯৭৩ সালে তিনি ছাত্রলীগের পক্ষে নির্বাচন করে সূর্যসেন হলের নাট্য ও প্রমোদ সম্পাদক নির্বাচিত হন।  স্বাধীনতার আগে তিনি সাপ্তাহিক জনতা পত্রিকায় লেখালেখির সাথে যুক্ত ছিলেন।[4]",মোস্তাফা জব্বার কোন রাজনৈতিক দলের সদস্য ছিলেন ?,বাংলাদেশ ছাত্রলীগে,তিনি ছাত্ররাজনীতির সঙ্গে জড়িত ছিলেন।,yes,yes
bengali-76220440784974270-3::inference,bengali-76220440784974270-3,inference,"একটি মৌচাকে বা পরিবারে তিন শ্রেণীর মৌমাছি থাকে, যথা: (১) রাণী, (২) পুরুষ ও (৩) শ্রমিক মৌমাছি।",কাজ অনুসারে মোট কত রকমের মৌমাছি হয় ?,তিন,কাজ অনুসারে মোট চার রকমের মৌমাছি হয়।,no,no
bengali--2670844834375470266-0::inference,bengali--2670844834375470266-0,inference,"ভারতের সংবিধান ভারতীয় প্রজাতন্ত্রের সর্বোচ্চ আইন। এই সংবিধানে সরকারের গঠন, কার্যপদ্ধতি, ক্ষমতা ও কর্তব্য নির্ধারণ; মৌলিক অধিকার, রাষ্ট্রপরিচালনার নির্দেশমূলক নীতি, এবং নাগরিকদের কর্তব্য নির্ধারণের মাধ্যমে  দেশের মৌলিক রাজনৈতিক আদর্শের রূপরেখাটি নির্দিষ্ট করা হয়েছে। ১৯৪৯ সালের ২৬ নভেম্বর গণপরিষদে গৃহীত হওয়ার পর ১৯৫০ সালের ২৬ জানুয়ারি থেকে এই সংবিধান কার্যকরী হয়।[1] উল্লেখ্য, ১৯৩০ সালের ২৬ জানুয়ারি জাতীয় কংগ্রেসের ঐতিহাসিক স্বাধীনতা ঘোষণার স্মৃতিতে ২৬ জানুয়ারি তারিখটি সংবিধান প্রবর্তনের জন্য গৃহীত হয়েছিল। সংবিধানে ভারতীয় রাজ্যসংঘকে একটি সার্বভৌম, সমাজতান্ত্রিক, ধর্মনিরপেক্ষ গণতান্ত্রিক প্রজাতন্ত্র রূপে ঘোষণা করা হয়েছে; এই দেশের নাগরিকবৃন্দের জন্য ন্যায়বিচার, সাম্য ও স্বাধীনতা সুনিশ্চিত করা হয়েছে এবং জাতীয় সংহতি রক্ষার জন্য নাগরিকদের পরস্পরের মধ্যে ভ্রাতৃভাব জাগরিত করে তোলার জন্য অনুপ্রাণিত করা হয়েছে। ""সমাজতান্ত্রিক"", ""ধর্মনিরপেক্ষ"" ও ""সংহতি"" এবং সকল নাগরিকের মধ্যে ""ভ্রাতৃভাব"" – এই শব্দগুলি ১৯৭৬ সালে একটি সংবিধান সংশোধনীর মাধ্যমে সংবিধানের সঙ্গে যুক্ত করা হয়।[2] সংবিধান প্রবর্তনের স্মৃতিতে ভারতীয়রা প্রতি বছর ২৬ জানুয়ারি তারিখটি প্রজাতন্ত্র দিবস হিসেবে উদযাপন করেন।[3] ভারতের সংবিধান বিশ্বের সার্বভৌম রাষ্ট্রগুলির মধ্যে বৃহত্তম[4] লিখিত সংবিধান। এই সংবিধানে মোট ২৪টি অংশে ৪৪৮টি ধারা, ১২টি তফসিল এবং ১১৩টি সংশোধনী বিদ্যমান।[5] ভারতের সংবিধানের ইংরেজি সংস্করণে মোট শব্দসংখ্যা ১১৭,৩৬৯। এই সংবিধানের প্রবর্তনের সঙ্গে সঙ্গে পূর্বপ্রচলিত ১৯৩৫ সালের ভারত শাসন আইনের অবসান ঘটে। দেশের সর্বোচ্চ আইন হওয়ার দরুন, ভারত সরকার প্রবর্তিত প্রতিটি আইনকে সংবিধান-অনুসারী হতে হয়। সংবিধানের খসড়া কমিটির চেয়ারম্যান ড. ভীমরাও রামজি আম্বেডকর ছিলেন ভারতীয় সংবিধানের প্রধান স্থপতি।",ভারতের সংবিধানে মোট কয়টি ধারার উল্লেখ রয়েছে ?,৪৪৮,ভারতের সংবিধানে মোট **৪৫০টি ধারা** উল্লেখ রয়েছে।,yes,yes
bengali-6349261219587359533-6::specificity,bengali-6349261219587359533-6,specificity,১৮৭৬ সালে স্বর্ণকুমারী দেবীর প্রথম উপন্যাস দীপনির্বাণ প্রকাশিত হয়।[3] ইতিপূর্বে ১৮৫২ সালে হানা ক্যাথরিন মুলেনস তাঁর ফুলমণি ও করুণার বৃত্তান্ত প্রকাশ করে বাংলা ভাষার প্রথম ঔপন্যাসিকের মর্যাদা লাভ করেছিলেন।;[10] কিন্তু স্বর্ণকুমারী দেবীই ছিলেন প্রথম বাঙালি মহিলা ঔপন্যাসিক।[11][12],স্বর্ণকুমারী দেবী রচিত প্রথম উপন্যাসের নাম কী ?,দীপনির্বাণ,স্বর্ণলতা প্রকাশিত হয় ১৮৭৬ সালে,yes,yes
bengali-5474092799510367220-0::inference,bengali-5474092799510367220-0,inference,"মসলিন বিশেষ এক প্রকার তুলার আঁশ থেকে প্রস্তুতকৃত সূতা দিয়ে বয়ন করা এক প্রকারের অতি সূক্ষ্ম কাপড়বিশেষ। এটি ঢাকাই মসলিন নামেও সুবিদিত। ফুটি কার্পাস নামক তুলা থেকে প্রস্তুত অতি চিকন সুতা দিয়ে মসলিন তৈরি করা হত। চড়কা দিয়ে কাটা, হাতে বোনা মসলিনের জন্য সর্বনিম্ন ৩০০ কাউন্টের সুতা ব্যবহার করা হত যার ফলে মসলিন হত কাচের মত স্বচ্ছ। এই মসলিন রাজকীয় পোশাক নির্মাণে ব্যবহার করা হত। মসলিন প্রায় ২৮ রকম হয়ে হত যার মধ্যে জামদানী এখনও ব্যাপক আকারে প্রচলিত। নানা কারণে আঠারো শতকের শেষার্ধে বাংলায় মসলিন বয়ন বন্ধ হয়ে যায়।",বাংলাদেশের ঢাকাই মসলিন কাপড় বুননের জন্য কত কাউন্টের সুতা ব্যবহার করা হত ?,৩০০,বাংলাদেশের ঢাকাই মসলিন কাপড় বুননের জন্য সাধারণত ৫০০ কাউন্টের সুতা ব্যবহার করা হত।,yes,yes
bengali-7704102728425440943-5::factualness,bengali-7704102728425440943-5,factualness,১৯৭৩ সালের ১৫ ডিসেম্বর সরকারি গেজেট নোটিফিকেশন অনুযায়ী বাংলাদেশের স্বাধীনতা যুদ্ধের সাতজন বীর সন্তানকে মরণোত্তর বীরশ্রেষ্ঠ উপাধিতে ভূষিত করা হয়েছে। রুহুল আমিন সেই সাতজনের অন্যতম।[6],মোহাম্মদ রুহুল আমিন কত সালে বীর শেষ্ঠ পুরস্কার পান ?,১৯৭৩ সালের ১৫ ডিসেম্বর,মোহাম্মদ রুহুল আমিন ১৯৭৪ সালের ১৬ ডিসেম্বর বীরশ্রেষ্ঠ পুরস্কার পান।,no,no
bengali-2723172793669565513-28::factualness,bengali-2723172793669565513-28,factualness,সর্বশেষ একাদশ কংগ্রেস অনুষ্ঠিত হয় ২০১৬ সালের ২৮-৩১ অক্টোবর। ২৮ অক্টোবর ঐতিহাসিক সোহরাওয়ার্দী উদ্যানে উদ্বোধনী অনুষ্ঠান হয়। এরপর মহানগর নাট্যমঞ্চে কংগ্রেসের কাউন্সিল অধিবেশন অনুষ্ঠিত হয়। কংগ্রেসে পুনরায় মুজাহিদুল ইসলাম সেলিমকে সভাপতি ও সৈয়দ আবু জাফর আহমদকে সাধারণ সম্পাদক করে সিপিবি কেন্দ্রীয় কমিটি গঠন করা হয়। পরবর্তীতে সৈয়দ আবু জাফর আহমদ স্বাস্থ্যগত কারণে অব্যাহতি নিলে মোঃ শাহ আলম দলের সাধারণ সম্পাদক হিসেবে নির্বাচিত হন।[3] [4],বাংলাদেশের কমিউনিস্ট পার্টির বর্তমান সভাপতি কে ?,মুজাহিদুল ইসলাম সেলিম,বাংলাদেশের কমিউনিস্ট পার্টির বর্তমান সভাপতি **মোঃ শাহ আলম**।,yes,yes
bengali-8387770267775678164-2::comprehension,bengali-8387770267775678164-2,comprehension,তীব্র পানিবাহিত রোগ যেমন ডায়রিয়া এবং কলেরার ক্ষেত্রে খারাপ পয়ঃনিষ্কাষণ ব্যবস্থা পানিদূষন ঘটায়।তাই ইতিহাসের শুরুর দিক থেকেই শৌচাগার একটা ভাবনার বিষয় ছিলো। এক্ষেত্রে ইন্দু উপত্যকার জনগণ শৌচাগার বিশেষ করে ব্যক্তিগত ফ্লাশ শৌচাগারের উন্নয়নের জন্য সমাধিক পরিচিত। এরপর ১৮৫৬ সালে আধুনিক ফ্লাশ শৌচাগার পদ্ধতি আবিষ্কার কারেন জন হেরিংটন। তবে তা তখনও ব্যবহার করা শুরু হয় নি। এমনকি দ্বিতীয় বিশ্বযুদ্ধের আগে সমগ্র লন্ডনে তখনও ব্যক্তিগত ফ্লাশ শৌচাগার ছিলো না।,আধুনিক ফ্লাশ শৌচাগার পদ্ধতি সর্বপ্রথম কে আবিষ্কার করেছিলেন ?,জন হেরিংটন,থমাস ক্র্যাপার,yes,yes
bengali-4022030362183597721-4::comprehension,bengali-4022030362183597721-4,comprehension,"বেদ ( সংস্কৃত: वेद,  জ্ঞান ) হল প্রাচীন ভারতে রচিত একাধিক ধর্মগ্রন্থের একটি সমষ্টি ।  বৈদিক সংস্কৃত ভাষায় রচিত বেদ সংস্কৃত সাহিত্যের প্রাচীনতম নিদর্শন এবং প্রাচীনতম হিন্দু ধর্মগ্রন্থ ।[1][2] বেদকে ""অপৌরুষেয়"" (""মানুষের দ্বারা রচিত নয়"") মনে করা হয় ।[3][4][5] হিন্দুরা বিশ্বাস করে , বেদ প্রত্যক্ষভাবে ঈশ্বর কর্তৃক প্রকাশিত হয়েছে । তাই বেদের অপর নাম শ্রুতি (""ʼযা শোনা হয়েছে""ʼ)।[6][7]  অন্য ধর্মগ্রন্থগুলিকে বলা হয় ""স্মৃতি(হিন্দুধর্ম)। স্মৃতি"" (""ʼযা মনে রাখা হয়েছেʼ"") । হিন্দু বিশ্বাস অনুসারে , বেদ সর্বোচ্চ উপাস্য ঈশ্বর ব্রহ্ম কর্তৃক প্রকাশিত ।[8] বৈদিক ধর্মগ্রন্থ বা শ্রুতি সংহিতা নামে পরিচিত চারটি প্রধান সংকলনকে কেন্দ্র করে লিপিবদ্ধ হয়েছে। এর মধ্যে প্রথম তিনটি ঐতিহাসিক বৈদিক ধর্মের যজ্ঞ অনুষ্ঠান-সংক্রান্ত ॐ",হিন্দুধর্মের প্রাচীনতম ধর্মগ্রন্থের নাম কী ?,বেদ,উপনিষদ,yes,yes
bengali--2660888032299185136-3::specificity,bengali--2660888032299185136-3,specificity,"জীবনানন্দ দাশ ১৮৯৯ খ্রিস্টাব্দের ১৭ ফেব্রুয়ারি[1] ব্রিটিশ ভারতের বেঙ্গল প্রেসিডেন্সির (বর্তমানে বাংলাদেশ) অন্তর্গত বরিশাল শহরে জন্মগ্রহণ করেন। তাঁর পূর্বপুরুষেরা ছিলেন বাংলাদেশের ঢাকা জেলার বিক্রমপুর পরগণা নিবাসী। তাঁর পিতামহ সর্বানন্দ দাশগুপ্ত (১৮৩৮-৮৫) বিক্রমপুর থেকে বরিশালে নিবাস স্থানান্তরিত করেন।[7] সর্বানন্দ দাশগুপ্ত জন্মসূত্রে হিন্দু ছিলেন; পরে ব্রাহ্মধর্মে দীক্ষা নেন। তিনি বরিশালে ব্রাহ্ম সমাজ আন্দোলনের প্রাথমিক পর্যায়ে অংশগ্রহণ করেন এবং তাঁর মানবহিতৈষী কাজের জন্যে ব্যাপকভাবে সমাদৃত হন।[8] জীবনানন্দের পিতা সত্যানন্দ দাশগুপ্ত সর্বানন্দের দ্বিতীয় পুত্র। সত্যানন্দ দাশগুপ্ত (১৮৬৩-১৯৪২) ছিলেন বরিশাল ব্রজমোহন স্কুলের শিক্ষক, প্রাবন্ধিক, বরিশাল ব্রাহ্ম সমাজের সম্পাদক এবং ব্রাহ্মসমাজের মুখপত্র ব্রাহ্মবাদী পত্রিকার প্রতিষ্ঠাতা-সম্পাদক।",জীবনানন্দ দাশের জন্মস্থান কোথায় ?,ব্রিটিশ ভারতের বেঙ্গল প্রেসিডেন্সির (বর্তমানে বাংলাদেশ) অন্তর্গত বরিশাল শহরে,তিনি বিক্রমপুর পরগণার ঢাকা জেলায় জন্মগ্রহণ করেন।,yes,yes
bengali--8615836720976673467-9::inference,bengali--8615836720976673467-9,inference,"১৭৫৬ সালে নবাব সিরাজউদৌল্লা কলকাতা দখল করে নেবার পরে (২০ জুন) লর্ড ক্লাইভ এবং ওয়াটসন তামিলনাড়ু থেকে জাহাজযোগে সৈন্যবাহিনী নিয়ে আসেন ও কোলকাতা পুনর্দখল করেন(২জানুয়ারি,১৭৫৭)। চন্দননগর দখল করার পরে সিরাজউদৌল্লাকে উৎখাত করার জন্য সিরাজের পরিবারের কয়েকজন ও মীরজাফর, উমিচাঁদ, জগত শেঠ প্রমুখদের সঙ্গে ষড়যন্ত্র করেন। চুক্তি মতো কাজ হয় ও নদীয়ার পলাশির প্রান্তরে সিরাজউদৌল্লার সঙ্গে প্রহসন মূলক যুদ্ধ হয়। সিরাজউদৌল্লা পরাজিত হয়ে পালাবার কালে ধরা পড়ে নিহত হন। চুক্তি মতো মীরজাফর নবাব হন এবং ক্লাইভ নগদ ত্রিশ লক্ষ টাকা ও চব্বিশ পরগনার জায়গিরদারি লাভ করেন। জায়গির থেকে ক্লাইভের বছরে তিন লক্ষ টাকা আয় হত। পরে ১৭৬০-এ ক্লাইভ দেশে ফিরে যান। এ দিকে তার অভাবে ইংরেজরা বিপর্যস্ত হয়ে পড়ে, তখন আবার ক্লাইভের ডাক পড়ে। ক্লাইভ এ দেশে আবার ফিরে আসেন ১৭৬৫ খ্রিস্টাব্দের মে মাসে এবং ইংরেজ সরকারের গভর্নর নিযুক্ত হন। তিনি তখন দিল্লির বাদশাহ শাহ আলমের কাছ থেকে বাংলা-বিহার-ওড়িশার দেওয়ানি লাভ করেন(১৭৬৫, আগস্ট ১)।বিহার-ওড়িশার প্রকৃত শাসন ক্ষমতা লাভ করে, নবাবের নামে মাত্র অস্তিত্ব থাকে। ফলে পূর্ব ভারতের এই অঞ্চলে যে শাসন-ব্যবস্থা চালু হয় তা দ্বৈত শাসন নামে পরিচিত। নবাবের হাতে থাকে প্রশাসনিক দায়িত্ব, আর রাজস্ব আদায় ও ব্যয়ের পূর্ণ কর্তৃত্ব পায় কোম্পানি। এতে বাংলার নবাব আসলে ক্ষমতাহীন হয়ে পড়ে আর এই সুযোগে কোম্পানির লোকেরা খাজনা আদায়ের নামে অবাধ লুণ্ঠন ও অত্যাচার শুরু করে দেয়।সে বছর অত্যধিক বৃষ্টিপাত ও বন্যার গ্রাস থেকে কৃষক ফসল ঘরে তুলতে পারে নি। তদুপরি ভূমিরাজস্ব ব্যবস্থা এবং খাদ্যবাজারে মধ্যস্বত্বভোগীদের দৌরাত্ম্যের ফলে অবস্থার চরম অবনতি ঘটে। অথচ ব্রিটিশরাজের কোম্পানি শাসকরা পুরো বিষয়টিকে প্রাকৃতিক বিপর্যয় বলে দাবি করে। কিন্তু ভিন্ন সাক্ষ্য থেকে জানা যায় যে, ১৭৬৮ সনে আদায়কৃত রাজস্ব দেড় কোটি রুপির চেয়ে ১৭৭১ সনের আদায়কৃত রাজস্বের পরিমাণ ৫,২২,০০০ রুপি বেশি ছিল, অথচ এর আগের বছরেই ঘটে যায় দুর্ভিক্ষ। এভাবে, কোম্পানি শাসনের সহযোগিতায়, খাদ্যশস্যের বাজার থেকে মুনাফা লুট এবং অতিরিক্ত রাজস্ব আদায়ের উদ্দেশ্য চরিতার্থ করার কারণে জনমানুষের ভোগান্তি চরমে পৌঁছে। পরিণতিতে মারাত্মক দুর্ভিক্ষপীড়িত এলাকাগুলি হয়ে পড়ে জনশূন্য। জনসংখ্যার এক-তৃতীয়াংশ, প্রায় ১০ মিলিয়ন(১ কোটি) মানুষ দুর্ভিক্ষে মারা যায়। কৃষি উৎপাদন আর রাজস্ব আদায় অনুরূপহারে কমে যায়। দেশে দেখা দেয় চরম বিপর্যয় ও দুর্ভিক্ষ।  কয়েক লক্ষ মানুষ না খেতে পেয়ে মারা যান। এটাই ইতিহাসখ্যাত ছিয়াত্তরের মন্বন্তর।",বাংলার ছিয়াত্তরের মন্বন্তরের মূল কারণ কী ?,অত্যধিক বৃষ্টিপাত ও বন্যা,বাংলার ছিয়াত্তরের মন্বন্তরের মূল কারণ ছিল কোম্পানির অতিরিক্ত রাজস্ব আদায়।,yes,yes
bengali--6284809213106132912-16::factualness,bengali--6284809213106132912-16,factualness,"রামপাল ছিলেন পাল রাজবংশের সর্বশেষ শক্তিশালী শাসক। তাঁর মৃত্যুর পর তাঁর পুত্র কুমারপালের রাজত্বকালে অসমে একটি বিদ্রোহ মাথাচাড়া দেয়। বৈদ্যদেব এই বিদ্রোহ দমন করেন। কিন্তু কুমারপালের মৃত্যুর পর বৈদ্যদেব কার্যত একটি পৃথক রাজ্য স্থাপন করেন।[6] রামচরিতম্‌ অনুসারে, কুমারপালের পুত্র তৃতীয় গোপালকে তাঁর কাকা মদনপাল খুন করেন। মদনপালের শাসনকালে পূর্ব বাংলার বর্মণরা স্বাধীনতা ঘোষণা করে এবং ওড়িশায় পূর্ব গঙ্গদের সঙ্গে সংঘাত পুনরায় ঘনীভূত হয়। মন্দপাল গহদবলদের কাথ থেকে মুঙ্গের অধিকার করেছিলেন। কিন্তু বিজয়সেন তাঁকে পরাজিত করে দক্ষিণ ও পূর্ব বাংলা নিজের নিয়ন্ত্রণে আনেন। ১১৬২ খ্রিস্টাব্দ নাগাদ গোবিন্দপাল নামে এক রাজা অধুনা গয়া জেলার ভূখণ্ডে রাজত্ব করতেন। কিন্তু পাল সম্রাটদের সনেগ তাঁর কোনও সম্পর্ক ছিল বলে সুদৃঢ় প্রমাণ পাওয়া যায় না। পাল সাম্রাজ্যের পতনের পর সেন রাজবংশ বাংলা শাসন করতে শুরু করে।[7]",বাংলার পালবংশের সর্বশেষ রাজা কে ?,মদনপাল,গোবিন্দপাল ছিলেন বাংলার পালবংশের সর্বশেষ রাজা।,yes,yes
bengali--7101023690904489784-3::specificity,bengali--7101023690904489784-3,specificity,"এ. কে. ফজলুক হকের প্রাথমিক শিক্ষা বাড়িতেই শুরু হয়। পরে তিনি গ্রাম্য পাঠশালায় ভর্তি হয়েছিলেন। গৃহ শিক্ষকদের কাছে তিনি আরবি, ফার্সি এবং বাংলা ভাষা শিক্ষা লাভ করেন। ১৮৮১ সালে তিনি বরিশাল জিলা স্কুলে তৃতীয় শ্রেণীতে ভর্তি হন। ১৮৮৬ সালে অষ্টম শ্রেণীতে তিনি বৃত্তি লাভ করেন এবং ১৮৮৯ সালে ফজলুল হক প্রবেশিকা পরীক্ষায় তৎকালীন ঢাকা বিভাগে মুসলমানদের মধ্যে প্রথম স্থান দখল করেন। ফজলুল হক তাঁর প্রখর স্মৃতিশক্তির কারণে শিক্ষকদের খুবই স্নহভাজন ছিলেন।প্রবেশিকা পাশ করার পর উচ্চ শিক্ষা লাভের জন্যে তিনি কলকাতায় গমন করেন। ১৮৯১ সালে কলকাতা প্রেসিডেন্সি কলেজ থেকে এফ.এ. পরীক্ষায় প্রথম বিভাগে উত্তীর্ণ হন। সে সময় প্রেসিডেন্সি কলেজে রসায়ন শাস্ত্রের অধ্যাপক ছিলেন আচার্য প্রফুল্লচন্দ্র রায়। নিজের মেধার বলে তিনি প্রফুল্লচন্দ্র রায়ের দৃষ্টি আকর্ষন করেন। এফ.এ. পাশ করার পর তিনি গণিত, রসায়ন ও পদার্থ বিদ্যায় অনার্সসহ একই কলেজে বি.এ. ক্লাসে ভর্তি হন। ১৮৯৩ সালে তিনি তিনটি বিষয়ে অনার্সসহ প্রথম শ্রেণীতে বি.এ. পাশ করেন। বি.এ. পাশ করার পর এম.এ. ক্লাসে প্রথমে ভর্তি হয়েছিলেন ইংরেজি ভাষায়। পরীক্ষার মাত্র ছয় মাস আগে তাকে এক বন্ধু ব্যঙ্গ করে বলেছিলেন যে, মুসলমান ছাত্ররা অঙ্ক নিয়ে পড়ে না, কারণ তারা মেধাবী নয়। এই কথা শুনে এ. কে. ফজলুক হকের জিদ চড়ে যায়। তিনি প্রতিজ্ঞাবদ্ধ হন যে, অঙ্কশাস্ত্রেই পরীক্ষা দেবেন। এরপর, মাত্র ছয় মাস অঙ্ক পড়েই তিনি প্রথম শ্রেণী লাভ করেন। [3]",শেরেবাংলা আবুল কাশেম ফজলুল হক কোন কলেজ থেকে পড়াশোনা করেন ?,প্রেসিডেন্সি,স্কটিশ চার্চ কলেজ থেকে পড়াশোনা করেন।,yes,yes
bengali--4621304524174078445-18::specificity,bengali--4621304524174078445-18,specificity,সূর্য তুমি সাথী (১৯৬৭) আহমদ ছফার প্রথম উপন্যাস ও গ্রন্থ।[57] উপন্যাসটিকে সাম্প্রদায়িক সম্প্রীতির হৃদয়গ্রাহী উপাখ্যান বলা হয়েছে।[17] যদিও বরুমতির আঁকেবাঁকে নামক একটি গ্রন্থও তার প্রথম গ্রন্থের দাবিদার।[58],আহমদ ছফার রচিত প্রথম উপন্যাসটি কবে প্রথম প্রকাশিত হয় ?,১৯৬৭,আহমদ ছফার প্রথম উপন্যাসটি প্রথম প্রকাশিত হয় ষাটের দশকের মাঝামাঝি সময়ে।,no,no
bengali-8171528772505162422-2::comprehension,bengali-8171528772505162422-2,comprehension,ইবনে সৌদ ১৮৭৬ সালের ১৫ জানুয়ারি মধ্য আরবের নজদ অঞ্চলের রিয়াদে জন্মগ্রহণ করেন।[6][7] দ্বিতীয় সৌদি রাষ্ট্রের শেষ শাসক আবদুর রহমান বিন ফয়সাল ছিলেন তার বাবা। আল সৌদ তথা তার পরিবার মধ্য আরবে পূর্বের ১৩০ বছর ধরে শক্তিশালী ছিল। তারা ওয়াহাবি মতাদর্শের সমর্থক ছিলেন। সৌদিরা আরব উপদ্বীপের অনেকাংশ জয় করে প্রথম সৌদি রাষ্ট্র গঠন করেছিল। পরে ১৯ শতকের প্রথমদিকে উসমানীয় শাসনাধীন মিশরের হাতে তা ধ্বংস হয়ে যায়। [8] ইবনে সৌদের মা সারাহ আল সুদাইরি ছিলেন সুদাইরি গোত্রের সদস্য[9][10],আবদুল আজিজ বা ইবনে সৌদের বাবার নাম কী ছিল ?,আবদুর রহমান বিন ফয়সাল,আবদুল রহমান আল সৌদ ছিলেন তার বাবা।,yes,yes
bengali-809096420901497153-0::factualness,bengali-809096420901497153-0,factualness,আজটেক সাম্রাজ্য (English: Aztec) (১৪২৫-১৫২১) ছিল সমসাময়িককালের মধ্য আমেরিকার সবচেয়ে সমৃদ্ধ ও ক্ষমতাধারী শক্তি। আদিবাসি আমেরিকানদের এই সাম্রাজ্য পশ্চিমে মেক্সিকো উপত্যকা থেকে পূর্বে মেক্সিকো উপসাগর এবং দক্ষিণে বর্তমান গুয়াতেমালা পর্যন্ত প্রসারিত ছিল। ১৫২১ সালে স্পেনের নাবিক হার্মান্দো কোর্টেস মেক্সিকো  স্পেনীয়রা  দখল করে নিলে এই সাম্রাজ্যের অবসান ঘটে।,আজটেক সাম্রাজ্য কবে প্রতিষ্ঠিত হয় ?,১৪২৫,১৪২৭ সালে প্রতিষ্ঠিত হয়।,yes,yes
bengali--8629802684896762580-0::specificity,bengali--8629802684896762580-0,specificity,"উইলিয়াম আব্রাহাম সাইমন ঔডারল্যান্ড (Dutch: Wiliam Ouderland) (জন্ম: ৬ ডিসেম্বর, ১৯১৭ — মৃত্যু: ১৮ই মে, ২০০১) ছিলেন একজন ওলন্দাজ-অস্ট্রেলীয় সামরিক কমান্ডো অফিসার। তিনি দ্বিতীয় বিশ্বযুদ্ধে সক্রিয়ভাবে অংশগ্রহণ করেন। বাংলাদেশের মুক্তিযুদ্ধে প্রত্যক্ষ অবদানের জন্য বাংলাদেশ সরকার তাঁকে বাংলাদেশের চতুর্থ সর্বোচ্চ সামরিক খেতাব বীর প্রতীক প্রদান করে। তিনিই একমাত্র বিদেশী যিনি এই রাষ্ট্রীয় খেতাবে ভূষিত হয়েছেন।[1][2][3] বাংলাদেশের প্রতি অপরিমেয় ভালবাসার জন্য বাঙ্গালী জাতির কাছে তিনি বিশেষভাবে সম্মানিত ও স্মরণীয় ব্যক্তিত্ব।[4] তাঁর স্মৃতির প্রতি শ্রদ্ধার নিদর্শনস্বরূপ বাংলাদেশের রাজধানী ঢাকার গুলশানের একটি রাস্তার নামকরণ করা হয়েছে।",ওলন্দাজ-অস্ট্রেলীয় সামরিক কমান্ডো অফিসার উইলিয়াম আব্রাহাম সাইমন ঔডারল্যান্ড কবে জন্মগ্রহণ করেন ?,"৬ ডিসেম্বর, ১৯১৭","৮ ডিসেম্বর, ১৯১৮",yes,yes
bengali--4860128926592811596-0::comprehension,bengali--4860128926592811596-0,comprehension,অমিতাভ রেজা চৌধুরী বিশিষ্টবাংলাদেশীবিজ্ঞাপন নির্মাতা ও চলচ্চিত্র পরিচালক। তিনি প্রায় হাজার খানেক টেলিভিশন বিজ্ঞাপন বা টিভিসি নির্মাণ করেছেন। এছাড়া তিনি প্রচুর টিভি নাটকও নির্মাণ করেন। আয়নাবাজি চলচ্চিত্রের মাধ্যমে তিনি চলচ্চিত্র পরিচালক হিসেবে আত্মপ্রকাশ করেন।[1],পরিচালক অমিতাভ রেজা চৌধুরী পরিচালিত প্রথম চলচ্চিত্রের নাম কী ?,আয়নাবাজি,নক্ষত্রের রাত,yes,yes
bengali-8928116523894333105-0::specificity,bengali-8928116523894333105-0,specificity,গীতাঞ্জলি হল রবীন্দ্রনাথ ঠাকুরের লেখা একটি কাব্যগ্রন্থ। এই বইয়ে মোট ১৫৭টি গীতিকবিতা সংকলিত হয়েছে। কবিতাগুলি ব্রাহ্ম-ভাবাপন্ন ভক্তিমূলক রচনা। এর বেশিরভাগ কবিতাতেই রবীন্দ্রনাথ নিজে সুরারোপ করেছিলেন। ১৯০৮-০৯ সালে বিভিন্ন পত্রপত্রিকায় এই কবিতাগুলি প্রকাশিত হয়। এরপর ১৯১০ সালে গীতাঞ্জলি কাব্যগ্রন্থটি প্রকাশিত হয়।,'গীতাঞ্জলি' কাব্যগ্রন্থটিতে মোট কতগুলি কবিতা আছে ?,১৫৭টি,'গীতাঞ্জলি' কাব্যগ্রন্থটিতে মোট প্রায় ১৫০টি কবিতা আছে।,no,no
bengali--6554192699105542631-5::specificity,bengali--6554192699105542631-5,specificity,"১৮৭২-৭৫ সালে আলেকজান্ডার কানিংহাম প্রথম হড়প্পা সিলমোহর প্রকাশ করেন। তিনি ভুলবশত এটি ব্রাহ্মী লিপি মনে করেছিলেন।[14] এর প্রায় অর্ধশতাব্দী পরে ১৯১২ সালে জে. ফ্লিট আরও কতকগুলি হরপ্পা সিলমোহর আবিষ্কার করেন। এই সিলমোহর দেখে উদ্বুদ্ধ হয়ে ১৯২১-২২ সালে স্যার জন মার্শাল এই অঞ্চলে প্রত্নতাত্ত্বিক খননকার্য অভিযান চালান। এই অভিযানের ফলশ্রুতিতেই স্যার জন মার্শাল, রায়বাহাদুর দয়ারাম সাহানি ও মাধোস্বরূপ ভাট হরপ্পা এবং রাখালদাস বন্দ্যোপাধ্যায়, ই. জে. এইচ. ম্যাককি ও স্যার জন মার্শাল মহেঞ্জোদাড়ো আবিষ্কার করেন। ১৯৩১ সালের মধ্যেই মহেঞ্জোদাড়োর অধিকাংশ প্রত্নস্থল আবিষ্কৃত হয়ে গিয়েছিল। তৎসত্ত্বেও খননকার্য অব্যাহত থাকে। এরপর ১৯৪৪ সালে ভারতীয় পুরাতাত্ত্বিক সর্বেক্ষণের তদনীন্তন ডিরেক্টর স্যার মর্টিমার হুইলারের নেতৃত্বে অপর একটি দল এই অঞ্চলে খননকার্য চালায়। ১৯৪৭ সালের পূর্বে আহমদ হাসান দানি, ব্রিজবাসী লাল, ননীগোপাল মজুমদার, স্যার মার্ক অরেল স্টেইন প্রমুখ এই অঞ্চলে খননকার্যে অংশ নিয়েছিলেন।",মহেঞ্জোদারো সভ্যতা কে আবিষ্কার করেন ?,"রাখালদাস বন্দ্যোপাধ্যায়, ই. জে. এইচ. ম্যাককি ও স্যার জন মার্শাল",মহেঞ্জোদারো সভ্যতা মূলত স্যার মর্টিমার হুইলার আবিষ্কার করেন।,yes,yes
bengali-5846157904123319216-6::factualness,bengali-5846157904123319216-6,factualness,"আঠারো শতাব্দীতে ইন্সতিতুসিওন লিব্রে দে এন্সেনিয়াঞ্জার শিক্ষাবিদ এবং শিক্ষার্থী, কেমব্রিজ বিশ্ববিদ্যালয় এবং অক্সফোর্ড বিশ্ববিদ্যালয়ের স্নাতকদের দ্বারা মাদ্রিদে ফুটবল খেলা প্রচারের মাধ্যমে রিয়াল মাদ্রিদ প্রতিষ্ঠার ভিত্তি গড়ে উঠে। ১৮৯৭ সালে, তারা (সোসিয়েদাদ) স্কাই ফুটবল নামে একটি সংঘ প্রতিষ্ঠিত করেন, যেটি লা সোসিয়েদাদ (সমাজ) নামেই অধিক পরিচিত। এটি সেসময়ের মাদ্রিদভিত্তিক খেলাধুলার একমাত্র সংঘ ছিল, যেটি প্রতি রবিবার সকালে মনক্লোয়া</i>য় খেলত। ১৯০০ সালে, এই সংঘের কয়েকজনের মধ্যে দ্বন্দ্বের সৃষ্টি হওয়ার ফলে তারা স্কাই ফুটবল হতে বিভক্ত হয়ে গিয়ে নুয়েভা সোসিয়েদাদ দে ফুটবল (ফুটবলের নতুন সমাজ) নামে নতুন একটি ক্লাব গঠন করে। বিভক্ত হয়ে যাওয়া ব্যক্তিদের মধ্যে একজন ছিলেন হুলিয়ান পালাকিওস, যিনি রিয়াল মাদ্রিদের প্রথম সভাপতির দায়িত্ব পালন করেছেন। এছাড়াও বিভক্ত হয়ে যাওয়া ব্যক্তিদের মধ্যে ছিলেন দুই ভাই হুয়ান পাদ্রোস এবং কার্লোস পাদ্রোস, যারা পরবর্তীতে রিয়াল মাদ্রিদের সভাপতিত্বের দায়িত্ব পালন করেছেন। ১৯০১ সালে, এই নতুন ক্লাবের নাম পরিবর্তন করে মাদ্রিদ ফুটবল ক্লাব রাখা হয়। পরবর্তীতে, ১৯০২ সালে পুনর্গঠনের পর স্কাই ফুটবল সংঘটি নাম পরিবর্তন করে নিউ ফুট-বল ক্লাব রাখে।[24][25][26] ১৯০৬ সালের ৬ই মার্চ তারিখে, হুয়ান পাদ্রোসের সভাপতিত্বে একটি নতুন বোর্ড নির্বাচিত হওয়ার পর, মাদ্রিদ ফুটবল ক্লাব আনুষ্ঠানিকভাবে প্রতিষ্ঠা লাভ করে।[3]",রিয়াল মাদ্রিদ ফুটবল ক্লাবটির সর্বপ্রথম সভাপতি কে ছিলেন ?,হুলিয়ান পালাকিওস,কার্লোস পাদ্রোস ছিলেন রিয়াল মাদ্রিদের সর্বপ্রথম সভাপতি।,yes,yes
bengali-3394730091489581875-8::comprehension,bengali-3394730091489581875-8,comprehension,"১৯৭৮ সাল থেকে পূর্বে প্রতিষ্ঠিত রেসিডেন্সিয়াল মডেল স্কুলগুলোতে ক্যাডেট কলেজে রুপান্তরের প্রক্রিয়া শুরু হয়। প্রথমে উক্ত বছরেই সিলেট ও রংপুরের রেসিডেন্সিয়াল মডেল স্কুল দুটিকে ক্যাডেট কলেজে রুপান্তরিত করা হয়। ১৯৮১ সালে বরিশাল ও পাবনা ক্যাডেট কলেজ প্রতিষ্ঠিত হয়। ১৯৮২ সালে ময়মনসিংহ রেসিডেন্সিয়ার মডেল স্কুলটিকে গার্লস ক্যাডেট কলেজে রুপান্তরিত করা হয়। ১৯৮৩ সালে কুমিল্লা রেসিডেন্সিয়ালটিও রুপান্তরিত হয়। এভাবে বাংলাদেশে সর্বমোট ক্যাডেট করেজের সংখ্যা দাঁড়ায় ১০ টিতে। অনেক দিন বাংলাদেশে ক্যাডেট কলেজের সংখ্যা এই ১০ টি-ই ছিল। ২০০৬ সালে সরকারের বিশেষ উদ্যোগে আরও দুইটি ক্যাডেট কলেজ প্রতিষ্ঠিত হয়, দুইটি কলেজই মেয়েদের জন্য সংরক্ষিত করা হয়েছে। এর একটি ফেনী জেলায় এবং অন্যটি জয়পুরহাট জেলায়। এর মধ্যে ৯ টি ছেলেদের ,৩ টি মেয়েদের জন্য সংরক্ষিত ""ক্যাডেট কলেজ""।",বাংলাদেশে প্রথম ক্যাডেট কলেজ কবে প্রতিষ্ঠিত হয় ?,১৯৭৮ সাল,১৯৮১ সালে প্রতিষ্ঠিত হয়।,yes,yes
bengali-1428907332454485878-0::factualness,bengali-1428907332454485878-0,factualness,"সত্য সাই বাবা (Telugu: సత్య సాయిబాబా Telugu pronunciation:[sʌθjə sɑːɪ bɑːbɑː], পূর্বাশ্রমের নাম সত্যনারায়ণ রাজু) (২৩ নভেম্বর, ১৯২৬[1] – ২৪ এপ্রিল, ২০১১[2]) ছিলেন একজন ভারতীয় হিন্দু ধর্মগুরু, আধ্যাত্মিক ব্যক্তিত্ব ও শিক্ষাবিদ।[3] তাঁর ভক্তদের বিশ্বাসে তিনি ছিলেন একজন অবতার ও গডম্যান।[4] আধ্যাত্মিক শিক্ষক ও অলৌকিক ক্রিয়াপ্রদর্শক।[1][5][6][7][8] শূন্য থেকে ""বিভূতি"" বা পবিত্র ছাই এবং আংটি, নেকলেস বা ঘড়ির মতো ছোটো ছোটো বস্তু হাজির করে সত্য সাই যুগপৎ খ্যাতি অর্জন ও বিতর্ক সৃষ্টি করেন। যুক্তিবাদীরা এই সব ঘটনাকে সাধারণ জাদুর খেলা বলে থাকেন। অন্যদিকে ভক্তেরা এগুলিকে তাঁর দৈব শক্তির প্রকাশক মনে করেন।[9] তাঁর ওপর যৌন নিৰ্যাতন এবং নকলেরও অভিযোগ উত্থাপিত হয়েছিল, কিন্তু তিনি এসব অভিযোগকে ষড়যন্ত্ৰ আখ্যা দিয়ে, অভিযোগ অস্বীকার করেন।[10][11][12]",সত্য সাই বাবা কোন সালে মারা যান ?,"২৪ এপ্রিল, ২০১১","২৫ এপ্রিল, ২০১২",yes,yes
bengali-4568438587242111098-0::inference,bengali-4568438587242111098-0,inference,"মুর্শিদাবাদ জেলা পূর্ব ভারতের পশ্চিমবঙ্গ রাজ্যের মালদা বিভাগের একটি জেলা। এই জেলার মধ্য দিয়ে ভাগীরথী নদী বয়ে গিয়ে জেলাকে দুভাগে ভাগ করেছে।  নদীর পশ্চিমের অংশ রাঢ় ও পূর্বের অংশ বাঘিড়া নামে পরিচিত।[2] ৫.৩১৪ বর্গ কিলোমিটার (২,০৬২ বর্গ মাইল) আয়তনের এলাকা এবং ৭১.০২ লক্ষ জনসংখ্যা থাকায় এটি একটি জনবহুল জেলা। মুর্শিদাবাদ ভারতের নবমতম (ভারতের ৬৪১টি জেলার মধ্যে) জনবহুল জেলা।[3] এই জেলার সদর দপ্তর বহরমপুর শহরে অবস্থিত।",মুর্শিদাবাদ জেলার সদর দপ্তর কোথায় অবস্থিত ?,বহরমপুর,মুর্শিদাবাদ জেলার সদর দপ্তর ভাগীরথী নদীর পূর্ব তীরে অবস্থিত।,yes,yes
bengali-8981449779740723998-3::factualness,bengali-8981449779740723998-3,factualness,"কলেজের প্রথম অধ্যক্ষ ছিলেন হরগোবিন্দ সেন, যিনি রাজশাহী জিলা স্কুলের প্রধান শিক্ষক ছিলেন। তিনি পাঁচ বছর (১৮৭৩-১৮৭৮) এই কলেজের অধ্যক্ষ্যের দায়িত্বে ছিলেন। ১৮৭৫ সালে প্রথম ব্যাচের এফ.এ পরীক্ষায় উপস্থিত ছাত্রদের মধ্যে মাত্র দুইজন পাশ করে। সরকার কলেজটি উঠিয়ে দিতে চেয়েছিল কিন্তু রাজশাহী এসোসিয়েশন এর শক্ত প্রচেষ্টায় এই কলেজকে আপগ্রেড করে বি.এ. কোর্স প্রবর্তনের কার্যক্রম হাতে নেয়া হয়। রাজশাহী এসোসিয়েশন প্রতিষ্ঠাতা সভাপতি দিঘাপতিয়ার রাজা প্রমথনাথ রায় বাহাদুর রাজশাহী কলেজে ডিগ্রি কোর্স প্রবর্তনের জন্য রাজশাহী এসোসিয়েশন এর মাধ্যমে সরকারকে ১৫০,০০০ টাকা দেন। কলেজ অক্টোবর ১৮৭৭ সালে ডিগ্রী প্রোগ্রামের অনুমোদন পায় এবং ১৮৭৮ সালে বি.এ. কোর্স চালু হয়। এফ. টি. ডাওডিং ১৮৭৯ সালে অধ্যক্ষ হিসেবে যোগ দেন।[4]",রাজশাহী কলেজের প্রথম অধ্যক্ষ কে ছিলেন ?,হরগোবিন্দ সেন,রাজশাহী কলেজের প্রথম অধ্যক্ষ ছিলেন এফ. টি. ডাওডিং।,yes,yes
bengali--6938244689861502884-1::comprehension,bengali--6938244689861502884-1,comprehension,"তার রচিত প্রথম উপন্যাস শেষ বিকেলের মেয়ে ১৯৬০ সালে প্রকাশিত হয়। তার রচিত অন্যান্য উল্লেখযোগ্য উপন্যাস হল হাজার বছর ধরে ও আরেক ফাল্গুন। হাজার বছর ধরে উপন্যাসের জন্য ১৯৬৪ সালে আদমজী সাহিত্য পুরস্কার লাভ করেন। তার নির্মিত প্রথম চলচ্চিত্র কখনো আসেনি (১৯৬১)। ১৯৬৪ সালে কাঁচের দেয়াল চলচ্চিত্রের জন্য তিনি নিগার পুরস্কার লাভ করেন। তার নির্মিত অন্যান্য চলচ্চিত্রগুলো হল বেহুলা, সংগম, আনোয়ারা এবং জীবন থেকে নেওয়া। স্টপ জেনোসাইড প্রামাণ্যচিত্রে বাংলাদেশের স্বাধীনতা যুদ্ধের ভয়াবহ চিত্র তুলে ধরে প্রশংসিত হন।",জহির রায়হানের লেখা প্রথম উপন্যাসের নাম কী ?,শেষ বিকেলের মেয়ে,হাজার বছর ধরে,yes,yes
bengali--3947167920835567776-1::specificity,bengali--3947167920835567776-1,specificity,"আলাউদ্দিন খিলজি ছিলেন খিলজি বংশের প্রতিষ্ঠাতা জালালুদ্দিন খিলজির ভাতিজা এবং জামাতা। বীরভূমদেরকে পরাজিত করে জালালুদ্দিন খিলজি যখন দিল্লি দখল করে নেন। তখন আলাউদ্দিন খিলজিকে আমির-ই-তুজুখ বা উদযাপন মন্ত্রী পদ দেওয়া হয়। ১২৯১ সালে জালালুদ্দিন খিলজি তার ভাতিজা আলাউদ্দিন খিলজির হাতে কারা্(কানপুরের নিকটবর্তী এক এলাকা)নামক অঞ্চলের শাসনভার তুলে দেন। ১২৯৬ সালে আলাউদ্দিন খিলজি বসিলা অবরোধ করে জালালুদ্দিন খিলজির কাছে থেকে আবাধ(উত্তর-প্রদেশ) দখল করে সেটা শাসন করা শুরু করেন। ১২৯৬ সালে দেভাগিরি অবরোধ করেন এবং জালালুদ্দিনের বিপুল পরিমানের সম্পদ দখল করে নেন।জালালুদ্দিন খিলজিকে হত্যা করে, তিনি দিল্লিতে নিজের শাসন প্রতিষ্ঠা করেন এবং পরবর্তীতে জালালুদ্দিনের ছেলের কাছ থেকে মুলতান দখল করে নেন।",খিলজি বংশের প্রতিষ্ঠা কবে হয় ?,জালালুদ্দিন খিলজি,খিলজি বংশের প্রতিষ্ঠা হয় ১২৯৬ সালে।,yes,yes
bengali--8137487757915657057-1::specificity,bengali--8137487757915657057-1,specificity,"ডিম্বাশয় দেখতে অনেকটা ডিম্বাকার এবং মানুষে এটার আকার—দৈর্ঘে ৩ সে.মি., প্রস্থে ১.৫ সে.মি., এবং পুরুত্বে ১.৫ সে.মি.। (যেকোনো একটির জন্য) শরীরে এর অবস্থান পেলভিস বা শ্রোণীর দেয়াল ঘেষে, যাকে বলা হয় ওভারিয়ান ফসা। সাধারণত ফসার নিচে থাকে বহিঃস্থ ইলিয়াক ধমনী এবং সামনে থাকে মূত্রনালী ও অন্তঃস্থ ইলিয়াক ধমনী।",ডিম্বাশয়ের আকৃতি কেমন হয় ?,অনেকটা ডিম্বাকার,ডিম্বাশয় সাধারণত গোলাকার ধরনের হয়।,yes,yes
bengali--5305296283281809764-1::specificity,bengali--5305296283281809764-1,specificity,প্রথম শহীদ মিনার নির্মিত  হয়েছিল অতিদ্রুত এবং নিতান্ত অপরিকল্পিতভাবে। ঢাকা মেডিকেল কলেজের ছাত্ররা ১৯৫২ খ্রিস্টাব্দের  ২৩ ফেব্রুয়ারি বিকেলে স্মৃতিস্তম্ভ নির্মাণ শুরু করে রাত্রির মধ্যে তা’ সম্পন্ন করে। শহীদ মিনারের খবর কাগজে পাঠানো হয় ঐ দিনই। শহীদ বীরের স্মৃতিতে - এই শিরোনামে দৈনিক আজাদ পত্রিকায় ছাপা হয় শহীদ মিনারের খবর।[1],কেন্দ্রীয় শহিদ মিনার তৈরির নেতৃত্বে কে ছিলেন ?,ঢাকা মেডিকেল কলেজের ছাত্ররা,কেন্দ্রীয় শহিদ মিনার তৈরির নেতৃত্বে ছিলেন তৎকালীন ঢাকা বিশ্ববিদ্যালয়ের শিক্ষকরা।,yes,yes
bengali-2029563870871915760-1::inference,bengali-2029563870871915760-1,inference,গ্যাবলগেটের সামারব্রিজে হার্বার্ট সাটক্লিফের জন্ম হয়। উইলি ও জেন সাটক্লিফ তাঁর বাবা-মা। তাঁদের তিন পুত্র সন্তানের মধ্যে সাটক্লিফ ছিলেন দ্বিতীয়। অন্য দুই ভাই হচ্ছেন আর্থার ও বব। উইলি সাটক্লিফ ড্যাক্রে ব্যাংকের কাছে এক কড়াতকলে কাজ করতেন। তিনি ক্লাব ক্রিকেটার ছিলেন।[2],ইংরেজ টেস্ট ক্রিকেটার জর্জ হার্বার্ট হার্স্টের বাবার নাম কী ?,উইলি,জর্জ হার্বার্ট হার্স্টের বাবার নাম ছিল আর্থার সাটক্লিফ।,no,no
bengali--8576849544322707640-1::inference,bengali--8576849544322707640-1,inference,ইন্দো-ইউরোপীয় ভাষাপরিবারের ৮টি শাখা রয়েছে।,ইন্দো-ইউরোপীয় ভাষা পরিবারের মোট কয়টি শাখা আছে ?,৮,ইন্দো-ইউরোপীয় ভাষা পরিবারের মোট ১০টি শাখা রয়েছে।,no,no
bengali-7228435256333879326-3::specificity,bengali-7228435256333879326-3,specificity,"পশ্চিমবঙ্গের হুগলি জেলার আরামবাগ মহকুমায় অবস্থিত কামারপুকুর গ্রামে ১৮৩৬ সালে এক দরিদ্র ধর্মনিষ্ঠ রক্ষণশীল ব্রাহ্মণ পরিবারে রামকৃষ্ণ পরমহংসের জন্ম হয়। তিনি পিতা ক্ষুদিরাম চট্টোপাধ্যায় এবং মা চন্দ্রমণি দেবীর চতুর্থ ও শেষ সন্তান। কথিত আছে, শ্রীরামকৃষ্ণের জন্মের পূর্বে তাঁর পিতামাতার সম্মুখে বেশ কয়েকটি অলৌকিক ঘটনা ঘটেছিল। সন্তানসম্ভবা চন্দ্রমণি দেবী দেখেছিলেন শিবলিঙ্গ থেকে নির্গত একটি জ্যোতি তাঁর গর্ভে প্রবেশ করছে। তাঁর জন্মের অব্যবহিত পূর্বে গয়ায় তীর্থভ্রমণে গিয়ে ক্ষুদিরাম গদাধর বিষ্ণুকে স্বপ্নে দর্শন করেন। সেই কারণে তিনি নবজাতকের নাম রাখেন গদাধর।[14]",ঊনবিংশ শতাব্দীর বিশিষ্ট ভারতীয় হিন্দু ধর্মগুরু রামকৃষ্ণ পরমহংস কোন গ্রামে জন্মগ্রহণ করেন ?,কামারপুকুর,জয়রামবাটি গ্রামে জন্মগ্রহণ করেন।,yes,yes
bengali-4908844406111824569-11::specificity,bengali-4908844406111824569-11,specificity,"মালয় ভাষা মালয়েশিয়ার সরকারি ভাষা। এখানকার প্রায় অর্ধেক সংখ্যক লোক মালয় ভাষাতে কথা বলে। । মালয়েশিয়াতে আরও প্রায় ১৩০টি ভাষা প্রচলিত। এদের মধ্যে চীনা ভাষার বিভিন্ন উপভাষা, বুগিনীয় ভাষা, দায়াক ভাষা, জাভানীয় ভাষা এবং তামিল ভাষা উল্লেখযোগ্য। বাজার মালয় ভাষা বহুজাতিক বাজারের ভাষা হিসেবে প্রচলিত এবং সাবাহ প্রদেশে সার্বজনীন ভাষা বা লিঙ্গুয়া ফ্রাংকা হিসেবে ব্যবহৃত। আনুষ্ঠানিক ভাষা বাহাসা মালয়েশিয়া। তবে বিভিন্ন জাতিগোষ্ঠীর মানুষ নিজ নিজ ভাষায়কথা বলে। দ্বিতীয় ভাষা হিসেবে স্কুল পর্যায় থেকেই ইংরেজী শেখানো হয়। দৈনন্দিন যোগাযোগ এবং ব্যবসায়িক প্রয়োজনে ইংরেজীর বহুল ব্যবহার আছে।",২০১৮ সাল পর্যন্ত মালয়েশিয়াতে মোট কতগুলো ভাষার প্রচলন আছে ?,১৩০,২০১৮ সাল পর্যন্ত মালয়েশিয়াতে মোট প্রায় অর্ধেক জনগণের ভাষা মালয়।,yes,yes
bengali--8541412527792253343-2::inference,bengali--8541412527792253343-2,inference,১৯৭১ সালে অলি আহমদ কর্মরত ছিলেন পাকিস্তান সেনাবাহিনীর অষ্টম ইস্ট বেঙ্গল রেজিমেন্টে। এর অবস্থান ছিল চট্টগ্রামের ষোলশহরে। ২৫ মার্চ মধ্যরাতে ঝাঁপিয়ে পড়েন মুক্তিযুদ্ধে। প্রতিরোধযুদ্ধ শেষে ভারতে পুনরায় সংগঠিত হওয়ার পর নিয়মিত মুক্তিবাহিনীর জেড ফোর্সের অধীনে যুদ্ধ করেন। স্বাধীনতার পর তিনি বাংলাদেশ সেনাবাহিনীতে কর্নেল পদে উন্নীত হয়ে অবসর নেন। পরে রাজনীতিতে যোগ দেন। বর্তমানে তিনি বাংলাদেশের রাজনৈতিক দল লিবারেল ডেমোক্র্যাটিক পার্টি (বাংলাদেশ) এর প্রেসিডেন্ট।,অলি আহাদ কোন রাজনৈতিক দলের সাথে যুক্ত ছিলেন ?,লিবারেল ডেমোক্র্যাটিক পার্টি,তিনি বাংলাদেশ জাতীয়তাবাদী দলের সঙ্গে যুক্ত ছিলেন।,yes,yes
bengali--2869461001015880142-1::inference,bengali--2869461001015880142-1,inference,"প্রথমে সাদ্দাম হোসেন জেনারেল আহমেদ হাসান আল বকরের উপ-রাষ্ট্রপতি ছিলেন। সেই সময় সাদ্দাম দৃঃঢ় ভাবে সরকার ও সামরিক বাহিনীর মধ্যকার বিরোধের অবসান ঘটান। এই উদ্দেশ্যে তিনি নিরাপত্তা বাহিনী গঠন করেন। ইরাকের রাষ্ট্রপতি ও বাথ পার্টির প্রধান হিসেবে সাদ্দাম হোসেন আরব জাতীয়তাবাদের ভিত্তিতে ধর্ম নিরপেক্ষ ও আধুনিক ইরাক গড়ে তুলতে প্রয়াস নেন। সাদ্দাম এক দলীয় শাসন কায়েম করেন। এসময়ই সাদ্দাম ইরানের সাথে ৯ বছরের যুদ্ধে জড়িয়ে পরেন (১৯৮০-১৯৮৮)। ইরাক-ইরান যুদ্ধের পরে ১৯৯১-এ সাদ্দাম উপসাগরীয় যুদ্ধে জড়িয়ে পরেন। সাদ্দাম তার মতে ইরাকের স্থিতিশীলতার বিরুদ্ধের সকল পক্ষকে নির্মুল করার উদ্যোগ নেন। এই বিরুদ্ধ পক্ষে ছিল উপজাতীয় ও ধর্মীয় গোত্র গুলো যারা স্বাধীনতা দাবি করছিল। যেমন, ইরাকি শিয়া মুসলমান, কুর্দি, ইরাকি তুর্কি জনগন। ২০০৩ সালে যুক্তরাজ্যের নেতৃত্বে কতিপয় আন্তর্জাতিক রাষ্ট্র ইরাক আক্রমণ করে। তারা এই যুক্তি দেখিয়ে আক্রমণ করে যে, সাদ্দাম ব্যাপক ধ্বংসাত্বক জীবানু অস্ত্র তৈরি করছেন (যদিও যুদ্ধ পরবর্তি সময়ে এমন কোন অস্ত্রের হদিস পাওয়া যায় নাই)। ১৩ ডিসেম্বর ২০০৩ সালে সাদ্দাম হোসেন আমেরিকান সেনাদের কাছে ধরা পড়েন। পরবর্তিতে আমেরিকা ইরাকি সরকারের হাতে সাদ্দাম হোসেনের বিচার করে। সাদ্দামের বিরুদ্ধে ছিল মানবতার বিরুদ্ধে অপরাধ। ২০০৬ সালের ৩০ ডিসেম্বর ইরাকি সময় সকাল ৬.০৬ মিনিটে ইরাকে সাদ্দাম হোসেনের ফাঁসি কার্যকর হয়।",সাদ্দাম হোসেন আবদুল মাজিদ আল তিকরিতি কবে নিহত হন ?,২০০৬ সালের ৩০ ডিসেম্বর,২০০৩ সালের ১৩ ডিসেম্বর আমেরিকান সেনাদের হাতে ধরা পড়ার দিনই নিহত হন।,yes,yes
bengali-6560277252785248931-4::comprehension,bengali-6560277252785248931-4,comprehension,"রবার্ট গুটলার ফারগুসন নামক একজন ব্রিটিশ আইনজীবীর অধীনে শিক্ষানবিশ হিসেবে দ্বারকানাথ চিরস্থায়ী বন্দোবস্ত সম্পর্কিত আইন এবং কলকাতা সুপ্রিম কোর্ট, সদর ও জেলা আদালতের যাবতীয় আইন ও কার্যপ্রণালী বিষয়ে অধ্যয়ন করেন। ১৮১৫ সালে তিনি সফলভাবে আইন ব্যবসা শুরু করেন। অচিরেই তিনি পিতা রামলোচনের নিকট থেকে উত্তরাধিকারসূত্রে প্রাপ্ত জমিদারির সীমানা প্রসারে সক্রিয় হয়ে ওঠেন। ১৮৩০ সালে দ্বারকানাথ রাজশাহী জেলার কালীগ্রামের জমিদারি এবং ১৮৩৪ সালে পাবনার শাহজাদপুরের জমিদারি নিলামে ক্রয় করেন। তাঁর জমিদারিতে বেশ কিছু অংশীদার ও সহ-অংশীদার ছিলেন। কিন্তু তিনি বহরমপুর, পাণ্ডুয়া, কালীগ্রাম ও শাহজাদপুরে চারটি বড় জমিদারির মালিক ছিলেন এবং এগুলিতে তাঁর কোন অংশীদার ছিল না। ১৮৪০ সালে সেগুলি তিনি তাঁর সন্তান ও তাঁদের উত্তরাধিকারীদের ট্রাস্ট করে দেন। দ্বারকানাথ ঠাকুরের জমিদারি পরিচালনার একটি বিশেষ বৈশিষ্ট্য ছিল। তিনি এটিকে সামন্ততন্ত্রের দৃষ্টিকোণ থেকে না দেখে মূলধনের সৃষ্টিশীল প্রসার হিসেবে বিবেচনা করেন। এক্ষেত্রে তিনি সমকালীন জমিদারদের চেয়ে ব্যতিক্রম ছিলেন। জমিদারি পরিচালনার জন্য তিনি কয়েকজন ইউরোপীয় বিশেষজ্ঞ নিয়োগ করেছিলেন।",প্রিন্স দ্বারকানাথ ঠাকুরের বাবার নাম কী ?,রামলোচনে,দেবেন্দ্রনাথ ঠাকুর,yes,yes
bengali--4632944432756037238-2::inference,bengali--4632944432756037238-2,inference,১৯৭১ সালে বাংলাদেশের স্বাধীনতা লাভের পর নতুন সরকার জামায়াতকে রাজনীতি থেকে নিষিদ্ধ ঘোষণা করে এবং দলের নেতারা পাকিস্তানে নির্বাসনে চলে যান। পরবর্তীতে ১৯৭৫ সালে প্রথম রাষ্ট্রপতি শেখ মুজিব হত্যাকান্ডের পর এবং কয়েকটি সামরিক অভ্যুত্থানের পর ১৯৭৭ সালে মেজর জেনারেল জিয়াউর রহমান ক্ষমতায় এলে জামায়াতের উপর থেকে নিষেধাজ্ঞা প্রত্যাহার করে নেওয়া হয়। দলটির নেতাকর্মীরা ফিরে আসার অনুমতি পান এবং ১৯৭৯ সালের মে মাসে তৎকালীন জামায়াতে ইসলামীর অত্যন্ত প্রভাবশালী নেতা আব্বাস আলী খানের নেতৃত্বে বাংলাদেশ জামায়াতে ইসলামী প্রতিষ্ঠিত হয়।  এই সংগঠনের উদ্দেশ্য হলো শরিয়া ভিত্তিক একটি ইসলামী রাষ্ট্র প্রতিষ্ঠা করা যা পাকিস্তান ও সৌদি আরবের দেশসমূহে লক্ষ করা যায়। জামায়াতের বিরুদ্ধে হিন্দু ও বৌদ্ধ এবং আহমদিয়া মুসলিমদের উপর ধারাবাহিক আক্রমণের অভিযোগ করা হয়ে থাকে।,বাংলাদেশ জামায়াতে ইসলামী কবে প্রতিষ্ঠিত হয় ?,১৯৭৯ সালের মে মাসে,বাংলাদেশ জামায়াতে ইসলামী ১৯৭৭ সালে প্রতিষ্ঠিত হয়।,yes,yes
bengali--2599451116164447125-11::factualness,bengali--2599451116164447125-11,factualness,১৮৪৬ সালে লন্ডনে কিছুকাল রোগভোগের পর তাঁর জীবনাবসান ঘটে।,প্রিন্স দ্বারকানাথ ঠাকুর কোথায় মারা যান ?,লন্ডনে,প্রিন্স দ্বারকানাথ ঠাকুর প্যারিসে মারা যান।,no,no
bengali--2070463653245554753-1::inference,bengali--2070463653245554753-1,inference,"শাফায়াত জামিল মার্চ ১, ১৯৪০ তারিখে কিশোরগঞ্জ জেলার কুলিয়ারচর উপজেলার খড়গমারা গ্রামে জন্মগ্রহণ করেন। তাঁর বাবার নাম এ এইচ এম করিমউল্লাহ এবং মায়ের নাম লায়লা জোহরা বেগম। তাঁর পিতা এএইচ করিমুল্লাহ ছিল ইস্ট পাকিস্তান সিভিল সার্ভিস (জুডিশিয়াল) অফিসার ছিলেন। তার স্ত্রীর নাম রাশিদা শাফায়াত। তাঁদের তিন ছেলে। শাফায়াত জামিল ঢাকা কলেজ, ঢাকা বিশ্ববিদ্যালয় এবং পাকিস্তান মিলিটারি একাডেমী থেকে শিক্ষা গ্রহন করেন। তিনি ঐ একাডেমীতে জেনারেল পারভেজ মুশাররফের (পরবর্তীতে পাকিস্তানের প্রেসিডেন্ট) সহপাঠি ছিলেন।",বাংলাদেশের স্বাধীনতা যুদ্ধের বীর মুক্তিযোদ্ধা কর্নেল শাফায়াত জামিলের বাবার নাম কী ?,এ এইচ এম করিমউল্লাহ,শাফায়াত জামিলের বাবার নাম ছিল লায়লা জোহরা বেগম।,yes,yes
bengali-6543940287332686430-1::comprehension,bengali-6543940287332686430-1,comprehension,"এই ইনস্টিটিউটটি চলচ্চিত্র, বিনোদন, ব্যবসায় এবং পণ্ডিত সম্প্রদায়ের নেতৃস্থানীয় ব্যক্তিবর্গের দ্বারা পরিচালিত হয়। ট্রাস্টি বোর্ডের প্রধান স্যার হাওয়ার্ড স্ট্রিঞ্জার এবং বোর্ড অব ডিরেক্টরের প্রধান রবার্ট এ. ডেলি সংস্থাটির নির্দেশনা দিয়ে থাকেন এবং ২০১৪ সালের অক্টোবর থেকে এটি মহাপরিচালক ও প্রধান নির্বাহী কর্মকর্তা বব গ্যাজেল সংস্থাটি পরিচালনা করে আসছেন। পূর্ববর্তী পরিচালকগণ হলেন এর প্রতিষ্ঠাতা পরিচালক জর্জ স্টিভেন্স জুনিয়র (১৯৬৭ সালে সংস্থাটি প্রতিষ্ঠার সময় থেকে ১৯৮০ সাল পর্যন্ত) এবং জঁ পিকার ফার্স্টেনবার্গ (১৯৮০ থেকে ২০০৭ সাল পর্যন্ত)।[2]",আমেরিকান ফিল্ম ইনস্টিটিউটের বোর্ড অফ ডিরেক্টরের প্রধান কে ?,রবার্ট এ. ডেলি,আমেরিকান ফিল্ম ইনস্টিটিউটের বোর্ড অফ ডিরেক্টরের প্রধান স্যার হাওয়ার্ড স্ট্রিঞ্জার।,yes,yes
bengali-6058207303729664794-1::inference,bengali-6058207303729664794-1,inference,ইমাজ উদ্দিন প্রামাণিকের জন্ম ১৯৪১ সালের ১৬ ফেব্রুয়ারি নওগাঁ জেলার মান্দা উপজেলার কালিকাপুর গ্রামে। তার পিতা হযরতুল্যা প্রামাণিক এবং মাতা তুলা বেগম। তিনি তাঁর পিতা-মাতার কনিষ্ঠ সন্তান।,মুহাম্মদ ইমাজ উদ্দিন প্রামাণিকের বাবার নাম কী ?,হযরতুল্যা প্রামাণিক,মুহাম্মদ ইমাজ উদ্দিন প্রামাণিকের বাবার নাম ছিল তুলা বেগম।,no,no
bengali-1288312892497828945-0::factualness,bengali-1288312892497828945-0,factualness,"মুর্শিদাবাদ জেলা পূর্ব ভারতের পশ্চিমবঙ্গ রাজ্যের মালদা বিভাগের একটি জেলা। এই জেলার মধ্য দিয়ে ভাগীরথী নদী বয়ে গিয়ে জেলাকে দুভাগে ভাগ করেছে।  নদীর পশ্চিমের অংশ রাঢ় ও পূর্বের অংশ বাঘিড়া নামে পরিচিত।[2] ৫.৩১৪ বর্গ কিলোমিটার (২,০৬২ বর্গ মাইল) আয়তনের এলাকা এবং ৭১.০২ লক্ষ জনসংখ্যা থাকায় এটি একটি জনবহুল জেলা। মুর্শিদাবাদ ভারতের নবমতম (ভারতের ৬৪১টি জেলার মধ্যে) জনবহুল জেলা।[3] এই জেলার সদর দপ্তর বহরমপুর শহরে অবস্থিত।",মুর্শিদাবাদ জেলার সদর শহর কোনটি?,বহরমপুর,মুর্শিদাবাদ জেলার সদর শহর হলো **জিয়াগঞ্জ**।,yes,yes
bengali--5526839803787627428-10::factualness,bengali--5526839803787627428-10,factualness,"পেরুর বর্তমান অধিনায়ক হিসেবে রয়েছেন ফরোয়ার্ড পাউলো গুরিরো।[2] মধ্যমাঠের খেলোয়াড় লিওপোল্ডো বাসুর্তো দলের প্রথম অধিনায়ক ছিলেন।[33] ১৯৬৫ থেকে ১৯৮১ সাল পর্যন্ত রক্ষণভাগের খেলোয়াড় হেক্টর চাম্পিতাজ পেরু দলে সবচেয়ে বেশী সময় নেতৃত্বে ছিলেন।[2] ফরোয়ার্ড ক্লদিও পিজারো ২০০৩ থেকে ২০১৬ সাল পর্যন্ত দ্বিতীয় সর্বাধিক সময় দলকে নেতৃত্ব দিয়েছেন।[33] দলের অন্যান্য উল্লেখযোগ্য খেলোয়াড়ের মধ্যে রয়েছেন - রুবেন দিয়াজ, জুলিও সিজার ইউরাই, জুয়ান রেনোসো ও নোলবার্তো সোলানো।[2]",পেরু জাতীয় ফুটবল দলটির প্রথম অধিনায়ক কে ছিলেন ?,লিওপোল্ডো বাসুর্তো,পেরু জাতীয় ফুটবল দলটির প্রথম অধিনায়ক ছিলেন হেক্টর চাম্পিতাজ।,yes,yes
bengali--3794601659297720355-1::factualness,bengali--3794601659297720355-1,factualness,"বনশালি ১৯৬৩ সালের ২৪ ফেব্রুয়ারি ভারতের মুম্বাইয়ে জন্মগ্রহণ করেন। তার পিতা চলচ্চিত্র নির্মাতা নবিন বনশালি এবং মাতা লীলা বনশালি। তার ""লীলা"" নামটি তিনি তার মায়ের নাম থেকে গ্রহণ করেন। নবিন বনশালি অ্যালকোহলে আসক্ত হয়ে পরে এবং একেবারে হাল ছেড়ে দেন। বনশালির বোন বেলা সেগাল।",সঞ্জয় লীলা ভন্সালীর মায়ের নাম কী ?,লীলা বনশালি,সঞ্জয় লীলা ভন্সালীর মায়ের নাম ছিল লতা বনশালি।,no,no
bengali--2478685782456378793-1::factualness,bengali--2478685782456378793-1,factualness,"মোটোরোলা কোম্পানিতে কর্মরত ডঃ মার্টিন কুপার[1] এবং জন ফ্রান্সিস মিচেলকে[2][3][4] প্রথম মোবাইল ফোনের উদ্ভাবকের মর্যাদা দেয়া হয়ে থাকে। তাঁরা ১৯৭৩ সালের এপ্রিলে প্রথম সফলভাবে একটি প্রায় ১ কেজি (২।২ পাউন্ড) ওজনের হাতে ধরা ফোনের মাধ্যমে কল করতে সক্ষম হন[5]।  মোবাইল ফোনের প্রথম বাণিজ্যিক সংস্করণ বাজারে আসে ১৯৮৩ সালে, ফোনটির নাম ছিল মোটোরোলা ডায়না টিএসি ৮০০০এক্স (DynaTAC 8000x)। ১৯৯০ সাল থেকে ২০১১ সালের মধ্যে পৃথিবীব্যাপী মোবাইল ফোন ব্যবহারকারীর সংখ্যা ১২.৪ মিলিয়ন থেকে বৃদ্ধি পেয়ে ৬ বিলিয়নের বেশী হয়ে গেছে। পৃথিবীর মোট জনসংখ্যার প্রায় ৮৭% মোবাইল ফোন যোগাযোগের আওতায় এসেছে[6][7][8][9]।",ভারতের সর্বপ্রথম টেলিফোনটি কোন কোম্পানি তৈরি করে ?,মোটোরোলা,ভারতের সর্বপ্রথম টেলিফোনটি তৈরি করে নোকিয়া কোম্পানি।,yes,yes
bengali-1239158793173466909-0::factualness,bengali-1239158793173466909-0,factualness,"উমাইয়া খিলাফত (Arabic: الخلافة الأموية‎, trans. Al-Ḫilāfa al-ʾumawiyya) ইসলামের প্রধান চারটি খিলাফতের মধ্যে দ্বিতীয় খিলাফত। এটি উমাইয়া রাজবংশকে কেন্দ্র করে গড়ে উঠে। ইসলামের তৃতীয় খলিফা উসমান ইবন আফ্‌ফানের খিলাফত লাভের মাধ্যমে উমাইয়া পরিবার প্রথম ক্ষমতায় আসে। তবে উমাইয়া বংশের শাসন মুয়াবিয়া ইবনে আবু সুফিয়ান কর্তৃক সূচিত হয়। তিনি দীর্ঘদিন সিরিয়ার গভর্নর ছিলেন। ফলে সিরিয়া উমাইয়াদের ক্ষমতার ভিত্তি হয়ে উঠে এবং দামেস্ক তাদের রাজধানী হয়। উমাইয়ারা মুসলিমদের বিজয় অভিযান অব্যাহত রাখে। ককেসাস, ট্রান্সঅক্সানিয়া, সিন্ধু, মাগরেব ও ইবেরিয়ান উপদ্বীপ (আন্দালুস) জয় করে মুসলিম বিশ্বের আওতাধীন করা হয়। সীমার সর্বোচ্চে পৌছালে উমাইয়া খিলাফত মোট ৫.৭৯ মিলিয়ন বর্গ মাইল (১,৫০,০০,০০০ বর্গ কিমি.) অঞ্চল অধিকার করে রাখে। তখন পর্যন্ত বিশ্বের দেখা সাম্রাজ্যগুলোর মধ্যে এটি সর্ববৃহৎ ছিল। অস্তিত্বের সময়কালের দিক থেকে এটি ছিল পঞ্চম।[5]",দামেস্কের মোট আয়তন কত ছিল ?,৫.৭৯ মিলিয়ন বর্গ মাইল,দামেস্কের মোট আয়তন ছিল প্রায় ৬.১২ মিলিয়ন বর্গ মাইল।,yes,yes
bengali--8333329746315209159-0::factualness,bengali--8333329746315209159-0,factualness,"খুলনা প্রকৌশল ও প্রযুক্তি বিশ্ববিদ্যালয় (কুয়েট) বাংলাদেশের একটি অন্যতম সরকারি প্রকৌশল বিশ্ববিদ্যালয়। এটি বাংলাদেশের দক্ষিণাঞ্চলের খুলনা বিভাগের খুলনা জেলায় অবস্থিত। পূর্বে এর নাম ছিল বাংলাদেশ ইন্সটিটিউট অফ টেকনোলজি, খুলনা ও তারও আগে, খুলনা প্রকৌশল মহাবিদ্যালয়। এটি বাংলাদেশের শ্রেষ্ঠ বিশ্ববিদ্যালয়গুলোর অন্যতম। এখানে প্রায় ৬ হাজার জন ছাত্রছাত্রী স্নাতক ও স্নাতকোত্তর প্রকৌশল ও বিজ্ঞান নিয়ে পড়াশোনা করছে। এখানকার শিক্ষক সংখ্যা ৩২০-এরও অধিক। এছাড়া ১৩২ জন কর্মকর্তা ও ২৯২ জন কর্মচারী আছে। বিশ্ববিদ্যালয়টির অঙ্গন সম্প্রসারণে নতুন কিছু ভবন তৈরি করা হয়েছে যেমন- একাডেমিক ভবন, অডিটোরিয়াম কমপ্লেক্স, ছাত্রাবাস, গ্রন্থাগার, শিক্ষক ডরমিটরি ভবন ইত্যাদি এবং আরও কিছু ভবনের নির্মাণ কাজ চলছে। বিশ্ববিদ্যালয়ের ক্যাম্পাস খুলনা শহর থেকে ১৪ কি.মি. উত্তরে, যশোর-খুলনা মহাসড়কের পাশে ফুলবাড়ীগেটে অবস্থিত।",বর্তমানে খুলনা প্রকৌশল ও প্রযুক্তি বিশ্ববিদ্যালয়ের মোট ছাত্রছাত্রীর সংখ্যা কত ?,প্রায় ৬ হাজার,প্রায় ৭ হাজারের বেশি,yes,yes
bengali--9105179977372456588-2::inference,bengali--9105179977372456588-2,inference,১৯৬৫ সালের ৩১ জুলাই ইংল্যান্ডের গ্লুসেস্টারশায়ারের ইয়েটে শহরে জন্মগ্রহণ করেন জে.কে. রাউলিং। তার বাবার নাম পিটার এবং মায়ের নাম অ্যানি। তার বাবা ছিলেন ইঞ্জিনিয়ার এবং মা ছিলেন গবেষণাগারের টেকনিশিয়ান। রাউলিং এর পুরো নাম জোয়ান ক্যাথলিন রাউলিং। রাউলিং এর ছোট আরও এক বোন রয়েছে। ছোটবেলাটা কাটে গ্রাম্য পরিবেশে।,জে. কে. রাউলিং-এর মায়ের নাম কী ?,অ্যানি,জে. কে. রাউলিং-এর মায়ের নাম ছিল ক্যাথলিন।,no,no
bengali--4940144912201379461-31::inference,bengali--4940144912201379461-31,inference,"ভারতের জাতীয় সড়ক ব্যবস্থার ৩ নং জাতীয় সড়ক, ৪ নং জাতীয় সড়ক ও ৮ নং জাতীয় সড়ক মুম্বইকে দেশের অন্যান্য অংশের সঙ্গে যুক্ত করেছে।[178] মুম্বই-পুনে এক্সপ্রেসওয়ে ভারতে নির্মিত প্রথম এক্সপ্রেসওয়ে।[179] এছাড়া মুম্বই-ভদোদরা এক্সপ্রেসওয়েটি বর্তমানে নির্মাণাধীন।[180] মাহিম কজওয়ে ও সদ্যনির্মিত রাজীব গান্ধী সমুদ্রসেতু দ্বীপশহরের সঙ্গে পশ্চিম উপনগরের সংযোগ রক্ষা করছে।[181] শহরের তিনটি প্রধান রাস্তা হল সিয়ন থেকে থানে পর্যন্ত প্রসারিত ইস্টার্ন এক্সপ্রেস হাইওয়ে, সিওন থেকে পানভেল পর্যন্ত প্রসারিত সিওন পানভেল এক্সপ্রেসওয়ে এবং বান্দ্রা থেকে বোরিবালি পর্যন্ত প্রসারিত ওয়েস্টার্ন এক্সপ্রেস হাইওয়ে।[182]",ভারতের সর্বপ্রথম এক্সপ্রেসওয়েটির দৈর্ঘ্য কত ?,মুম্বই-পুনে এক্সপ্রেসওয়ে,ভারতের সর্বপ্রথম এক্সপ্রেসওয়েটির দৈর্ঘ্য প্রায় ৮ নং জাতীয় সড়ক।,yes,yes
bengali--6284809213106132912-16::inference,bengali--6284809213106132912-16,inference,"রামপাল ছিলেন পাল রাজবংশের সর্বশেষ শক্তিশালী শাসক। তাঁর মৃত্যুর পর তাঁর পুত্র কুমারপালের রাজত্বকালে অসমে একটি বিদ্রোহ মাথাচাড়া দেয়। বৈদ্যদেব এই বিদ্রোহ দমন করেন। কিন্তু কুমারপালের মৃত্যুর পর বৈদ্যদেব কার্যত একটি পৃথক রাজ্য স্থাপন করেন।[6] রামচরিতম্‌ অনুসারে, কুমারপালের পুত্র তৃতীয় গোপালকে তাঁর কাকা মদনপাল খুন করেন। মদনপালের শাসনকালে পূর্ব বাংলার বর্মণরা স্বাধীনতা ঘোষণা করে এবং ওড়িশায় পূর্ব গঙ্গদের সঙ্গে সংঘাত পুনরায় ঘনীভূত হয়। মন্দপাল গহদবলদের কাথ থেকে মুঙ্গের অধিকার করেছিলেন। কিন্তু বিজয়সেন তাঁকে পরাজিত করে দক্ষিণ ও পূর্ব বাংলা নিজের নিয়ন্ত্রণে আনেন। ১১৬২ খ্রিস্টাব্দ নাগাদ গোবিন্দপাল নামে এক রাজা অধুনা গয়া জেলার ভূখণ্ডে রাজত্ব করতেন। কিন্তু পাল সম্রাটদের সনেগ তাঁর কোনও সম্পর্ক ছিল বলে সুদৃঢ় প্রমাণ পাওয়া যায় না। পাল সাম্রাজ্যের পতনের পর সেন রাজবংশ বাংলা শাসন করতে শুরু করে।[7]",বাংলার পালবংশের সর্বশেষ রাজা কে ?,মদনপাল,বাংলার পালবংশের সর্বশেষ রাজা ছিলেন গোবিন্দপাল।,yes,yes
bengali-8835875250524667479-0::specificity,bengali-8835875250524667479-0,specificity,"রিচার্ড উইড উইডমার্ক (ডিসেম্বর ২৬, ১৯১৪-মার্চ ২৪, ২০০৮) একজন মার্কিন চলচ্চিত্র, মঞ্চ, এবং টেলিভিশন অভিনেতা ও প্রযোজক।   তিনি তাঁর সর্বপ্রথম অভিনীত চলচ্চিত্র “কিস অফ ডেথ” – এ টমি উডো নামে একজন খলনায়কের ভূমিকায় অভিনয়ের জন্য অস্কার মনোনয়ন পেয়েছিলেন। তিনি গোল্ডেন গ্লোব জয়ী হন সবচেয়ে উজ্জ্বল নবাগত হিসেবে। অভিনয় জীবনের শুরুর দিকে তিনি নোয়া চলচ্চিত্রে খলনায়কের ভূমিকায় বেশী অভিনয় করেন, তবে পরে তিনি নায়কের চরিত্রে অভিনয় করেন ওয়েস্টার্ন, নাট্য এবং ভয়ের চলচ্চিত্রে। চলচ্চিত্র জগতে অবদানের জন্য হলিউড ওয়াক অফ ফেইম-এ উইডমার্কের একটি তারকা আছে।","মার্কিন চলচ্চিত্র, মঞ্চ, এবং টেলিভিশন অভিনেতা ও প্রযোজক রিচার্ড উইড উইডমার্কের অভিনীত প্রথম চলচ্চিত্রের নাম কী ?",কিস অফ ডেথ,নাইট অ্যান্ড দ্য সিটি,yes,yes
bengali-859469098615483605-0::specificity,bengali-859469098615483605-0,specificity,"মার্ভেল সিনেম্যাটিক ইউনিভার্স (এমসিইউ) একটি মার্কিন মিডিয়া ফ্রেঞ্চাইজি এবং কাল্পনিক দুনিয়া যা একটি সুপারহিরো চলচ্চিত্র সিরিজকে ঘিরে আবর্তিত, মার্ভেল স্টুডিওস দ্বারা স্বাধীনভাবে প্রযোজিত এবং মার্ভেল কমিকস প্রকাশিত চরিত্র ভিত্তি করে তৈরি। ফ্রেঞ্চাইজিটি কমিক বই, স্বল্পদৈর্ঘ্য চলচ্চিত্র এবং টেলিভিশন সিরিজে বিস্তৃত হয়েছে।",মার্ভেল সিনেম্যাটিক ইউনিভার্স-এর স্রষ্টা কে ?,মার্ভেল স্টুডিওস,মার্ভেল কমিকসের লেখক ও শিল্পীরা,yes,yes
bengali--314197069658750255-13::specificity,bengali--314197069658750255-13,specificity,"১৫৬৬ সালের ৫ই সেপ্টেম্বর,[16] সুলাইমান, তিনি তখন হাঙ্গেরি অভিযানের নেতৃত্ব দেয়ার উদ্দেশ্যে কনস্টান্টিনোপল হতে রওয়ানা হয়েছিলেন, তিনি হাঙ্গেরিতে যিগেটভারের যুদ্ধে অটোম্যান বিজয়ের পূর্বেই মারা যান[17] এবং প্রধান উজির ফিরে যাবার সময় দ্বিতীয় সেলিমের অভিষেকের সুবিধার্থে তার মৃত্যুর খবর গোপন রাখেন।",প্রথম সুলাইমানের পর কে উসমানীয় সাম্রাজ্যের সম্রাট হন ?,দ্বিতীয় সেলিমে,প্রথম সুলাইমানের পর উসমানীয় সাম্রাজ্যের সম্রাট হন তার পুত্রদের একজন।,yes,yes
bengali--8333329746315209159-0::comprehension,bengali--8333329746315209159-0,comprehension,"খুলনা প্রকৌশল ও প্রযুক্তি বিশ্ববিদ্যালয় (কুয়েট) বাংলাদেশের একটি অন্যতম সরকারি প্রকৌশল বিশ্ববিদ্যালয়। এটি বাংলাদেশের দক্ষিণাঞ্চলের খুলনা বিভাগের খুলনা জেলায় অবস্থিত। পূর্বে এর নাম ছিল বাংলাদেশ ইন্সটিটিউট অফ টেকনোলজি, খুলনা ও তারও আগে, খুলনা প্রকৌশল মহাবিদ্যালয়। এটি বাংলাদেশের শ্রেষ্ঠ বিশ্ববিদ্যালয়গুলোর অন্যতম। এখানে প্রায় ৬ হাজার জন ছাত্রছাত্রী স্নাতক ও স্নাতকোত্তর প্রকৌশল ও বিজ্ঞান নিয়ে পড়াশোনা করছে। এখানকার শিক্ষক সংখ্যা ৩২০-এরও অধিক। এছাড়া ১৩২ জন কর্মকর্তা ও ২৯২ জন কর্মচারী আছে। বিশ্ববিদ্যালয়টির অঙ্গন সম্প্রসারণে নতুন কিছু ভবন তৈরি করা হয়েছে যেমন- একাডেমিক ভবন, অডিটোরিয়াম কমপ্লেক্স, ছাত্রাবাস, গ্রন্থাগার, শিক্ষক ডরমিটরি ভবন ইত্যাদি এবং আরও কিছু ভবনের নির্মাণ কাজ চলছে। বিশ্ববিদ্যালয়ের ক্যাম্পাস খুলনা শহর থেকে ১৪ কি.মি. উত্তরে, যশোর-খুলনা মহাসড়কের পাশে ফুলবাড়ীগেটে অবস্থিত।",বর্তমানে খুলনা প্রকৌশল ও প্রযুক্তি বিশ্ববিদ্যালয়ের মোট ছাত্রছাত্রীর সংখ্যা কত ?,প্রায় ৬ হাজার,বর্তমানে খুলনা প্রকৌশল ও প্রযুক্তি বিশ্ববিদ্যালয়ের মোট ছাত্রছাত্রীর সংখ্যা প্রায় ৩২০ জন।,yes,yes
bengali-6101468669223503112-13::factualness,bengali-6101468669223503112-13,factualness,নাতিদীর্ঘ আঠারো পংক্তির নিরেট স্থাপত্যের এই গীতিকবিতায় রয়েছে ছয় পংক্তির তিনটি স্তবক। প্রথম স্তবকে কবি মূলত নিজের কথা বলেছেন; দ্বিতীয় স্তবকে বলেছেন এক ঝলক দেখা প্রিয় মুখের কথা এবং তৃতীয় স্তবকে বলেছেন একটি স্বপ্নের কথা। কবিতাটি জীবনানন্দ দাশের প্রিয় ছন্দ অক্ষরবৃত্ত বা পয়ারে রচিত। তবে পর্ব বিন্যাসে সমতা রক্ষা করা হয় নি।,বনলতা সেন কবিতাটিতে মোট কতগুলি পংক্তি আছে ?,আঠারো,ষোলোটি পংক্তি রয়েছে মোট।,yes,yes
bengali--3939356441070933912-28::specificity,bengali--3939356441070933912-28,specificity,"কলকাতা পশ্চিমবঙ্গের রাজধানী তথা বৃহত্তম শহর। কলকাতা ভারতের তৃতীয় বৃহৎ মহানগর।[69] এবং বৃহত্তর কলকাতা দেশের তৃতীয় বৃহত্তম নগরাঞ্চল।[70] উত্তরবঙ্গের শিলিগুড়ি রাজ্যের অপর এক অর্থনৈতিক গুরুত্বসম্পন্ন মহানগর। শিলিগুড়ি করিডোরে অবস্থিত এই শহর উত্তর-পূর্ব ভারতের সঙ্গে অবশিষ্ট দেশের সংযোগ রক্ষা করছে। আসানসোল ও দুর্গাপুর রাজ্যের পশ্চিমাঞ্চলের শিল্পতালুকে অবস্থিত অপর দুটি মহানগর।[71] রাজ্যের অন্যান্য শহরগুলির মধ্যে উল্লেখযোগ্য হাওড়া, রাণীগঞ্জ, হলদিয়া, জলপাইগুড়ি, খড়গপুর, বর্ধমান, দার্জিলিং, মেদিনীপুর, তমলুক, ইংরেজ বাজার ও কোচবিহার।[71]",জনসংখ্যার দিক থেকে ভারতবর্ষের পশ্চিমবঙ্গ রাজ্যের সবচেয়ে বড় জেলা কোনটি ?,কলকাতা,জনসংখ্যার দিক থেকে সম্ভবত উত্তর ২৪ পরগনা জেলা সবচেয়ে বড়।,yes,yes
bengali-5706247560032651103-1::factualness,bengali-5706247560032651103-1,factualness,"আলমগীরের চলচ্চিত্রে অভিষেক হয় ১৯৭৩ সালে আমার জন্মভূমি দিয়ে। জিঞ্জীর (১৯৭৮) চলচ্চিত্রে রাজ্জাক ও সোহেল রানার সাথে অভিনয় করে তিনি পরিচিতি লাভ করেন। ১৯৮৫ সালে নিষ্পাপ চলচ্চিত্র দিয়ে তার পরিচালনায় অভিষেক হয়। মা ও ছেলে (১৯৮৫) ছবিতে দীপক চৌধুরী চরিত্রে অভিনয় করে তিনি শ্রেষ্ঠ অভিনেতা বিভাগে তার প্রথম জাতীয় চলচ্চিত্র পুরস্কার অর্জন করেন। পরবর্তীতে অপেক্ষা (১৯৮৭), ক্ষতিপূরণ (১৯৮৯), মরণের পরে (১৯৯০), পিতা মাতা সন্তান (১৯৯১), অন্ধ বিশ্বাস (১৯৯২), দেশপ্রেমিক (১৯৯৪) চলচ্চিত্রে অভিনয়ের জন্য শ্রেষ্ঠ অভিনেতা বিভাগে আরও ছয়টি জাতীয় পুরস্কার লাভ করেন। ১৯৯৬ সালে তিনি নির্মাণ করেন নির্মম।",বাংলাদেশী চলচ্চিত্র পরিচালক আলমগীর কবিরের পরিচালিত প্রথম চলচ্চিত্রটি বাংলাদেশে কবে মুক্তি পায় ?,১৯৮৫ সালে,১৯৮৬ সালে।,yes,yes
bengali-5537428330858923345-4::comprehension,bengali-5537428330858923345-4,comprehension,রক্তের প্রধান উপাদান দুইটি। যথা:  (ক) অজৈব পদার্থ (খ) জৈব পদার্থ,রক্তের প্রধান কয়টি উপাদান থাকে ?,দুইটি,চারটি উপাদান থাকে।,no,no
bengali-8858032480103139171-13::factualness,bengali-8858032480103139171-13,factualness,"ব্রুস পদক - ১৯৩৮. রয়েল অ্যাস্ট্রোনমিক্যাল সোসাইটির স্বর্ণপদক - ১৯৪০. মেডেল অফ মেরিট, দূর পাল্লার ক্ষেপণাস্ত্র বিষয়ে গবেষণার জন্য - ১৯৪৬",দূর পাল্লার ক্ষেপণাস্ত্র বিষয়ে গবেষণার জন্য এডুইন হাবল কোন পুরস্কার পান ?,মেডেল অফ মেরিট,রয়েল অ্যাস্ট্রোনমিক্যাল সোসাইটির স্বর্ণপদক,no,no
bengali--3048309074162424193-23::comprehension,bengali--3048309074162424193-23,comprehension,"বাংলা সাহিত্যে পত্রাকার কাব্যরচনা প্রথম দেখা যায় বীরাঙ্গনা কাব্যে। ১৮৬২ সালে এই গ্রন্থ রচিত ও প্রকাশিত হয়। দুষ্মন্তের প্রতি শকুন্তলা, সোমের প্রতি তারা, দ্বারকনাথের প্রতি রুক্মিণী, দশরথের প্রতি কৈকয়ী, লক্ষ্মণের প্রতি সূপর্ণখা, অর্জুনের প্রতি দ্রৌপদী, দুর্যোধনের প্রতি ভানুমতী, জয়দ্রথের প্রতি দুঃশলা, শান্তনুর প্রতি জাহ্নবী, পুরুবার প্রতি উর্বশী, নীলধ্বজের প্রতি জনা— এই ১১টি পত্ররূপী কবিতা নিয়ে কাব্যগ্রন্থটি রচিত। মধুসূদন তাঁর কাব্যে এই নারীদের পুরাণ-পরিচিতির মূলে আঘাত করেছেন। তিনি মানবিক অনুভূতির আলোকে নারী-হৃদয়ের কথকতায় ব্যক্ত করিয়েছেন।[4]","মাইকেল মধুসূদন দত্ত কত সালে ""বীরাঙ্গনা"" কাব্যগ্রন্থটি রচনা করেন ?",৮৬২,১৮৬১ সালে রচনা করেন।,yes,yes
bengali--2499563960676662329-1::comprehension,bengali--2499563960676662329-1,comprehension,গুরু নানক ১৪৬৯ সালের ১৫ই এপ্রিল লাহোরের নিকটে অবস্থিত রায় ভোয় কি তালবন্দী গ্রামে এক হিন্দু পরিবারে জন্মগ্রহণ করেন। বর্তমানে এই স্থানটি পাকিস্তানের নানকানা সাহিব নামে পরিচিত।[7][8] তার বাবার নাম ছিল মেহতা কল্যাণ দাস বেদী এবং মাতার নাম ছিল তৃপ্তা দেবী।[9] মেহতা কল্যাণ দাস বেদী একজন পাটোয়ারি ছিলেন যিনি গ্রামের মুসলিম জমিদার রায় বুল্লারের অধীনে চাকরি করতেন।[10],গুরু নানকের বাবার নাম কী ?,মেহতা কল্যাণ দাস বেদী,রায় বুল্লার বেদী,yes,yes
bengali-2055139326411802416-1::specificity,bengali-2055139326411802416-1,specificity,"প্রাচীর বেষ্টিত এই নগরীরভেতর রয়েছে বিভিন্ন আমলের প্রত্নতাত্ত্বিক নিদর্শন।কয়েক শতাব্দী পর্যন্ত এ স্থান পরাক্রমশালী মৌর্য, গুপ্ত, পাল ও সেন শাসকবর্গের প্রাদেশিক রাজধানী ও পরবর্তীকালে হিন্দু সামন্ত রাজাদের রাজধানী ছিল। তৃতীয় খ্রিষ্টপূর্বাব্দ থেকে পঞ্চদশ খ্রিষ্টাব্দ পর্যন্ত অসংখ্য হিন্দু রাজা ও অন্যান্য ধর্মের রাজারা রাজত্ব করেন।মহাস্থানগড়ের অবস্থান বগুড়া জেলার শিবগঞ্জ উপজেলায় ।[3] বগুড়া শহর থেকে প্রায় ১৩ কি.মি. উত্তরে করতোয়া নদীর পশ্চিম তীরে গেলেএই শহরের ধ্বংসাবশেষ দেখা যায়৷।",মহাস্থানগড় বাংলাদেশের কোন জেলায় অবস্থিত ?,বগুড়া,মহাস্থানগড় রাজশাহী জেলায় অবস্থিত।,yes,yes
bengali-4568438587242111098-0::comprehension,bengali-4568438587242111098-0,comprehension,"মুর্শিদাবাদ জেলা পূর্ব ভারতের পশ্চিমবঙ্গ রাজ্যের মালদা বিভাগের একটি জেলা। এই জেলার মধ্য দিয়ে ভাগীরথী নদী বয়ে গিয়ে জেলাকে দুভাগে ভাগ করেছে।  নদীর পশ্চিমের অংশ রাঢ় ও পূর্বের অংশ বাঘিড়া নামে পরিচিত।[2] ৫.৩১৪ বর্গ কিলোমিটার (২,০৬২ বর্গ মাইল) আয়তনের এলাকা এবং ৭১.০২ লক্ষ জনসংখ্যা থাকায় এটি একটি জনবহুল জেলা। মুর্শিদাবাদ ভারতের নবমতম (ভারতের ৬৪১টি জেলার মধ্যে) জনবহুল জেলা।[3] এই জেলার সদর দপ্তর বহরমপুর শহরে অবস্থিত।",মুর্শিদাবাদ জেলার সদর দপ্তর কোথায় অবস্থিত ?,বহরমপুর,মুর্শিদাবাদ জেলার সদর দপ্তর জিয়াগঞ্জে অবস্থিত।,yes,yes
bengali--1841901311634331881-1::comprehension,bengali--1841901311634331881-1,comprehension,"প্রাচীর বেষ্টিত এই নগরীরভেতর রয়েছে বিভিন্ন আমলের প্রত্নতাত্ত্বিক নিদর্শন।কয়েক শতাব্দী পর্যন্ত এ স্থান পরাক্রমশালী মৌর্য, গুপ্ত, পাল ও সেন শাসকবর্গের প্রাদেশিক রাজধানী ও পরবর্তীকালে হিন্দু সামন্ত রাজাদের রাজধানী ছিল। তৃতীয় খ্রিষ্টপূর্বাব্দ থেকে পঞ্চদশ খ্রিষ্টাব্দ পর্যন্ত অসংখ্য হিন্দু রাজা ও অন্যান্য ধর্মের রাজারা রাজত্ব করেন।মহাস্থানগড়ের অবস্থান বগুড়া জেলার শিবগঞ্জ উপজেলায় ।[3] বগুড়া শহর থেকে প্রায় ১৩ কি.মি. উত্তরে করতোয়া নদীর পশ্চিম তীরে গেলেএই শহরের ধ্বংসাবশেষ দেখা যায়৷।",মহাস্থানগড় প্রত্নস্থলটি ইতিহাসের কোন সময়ের সাক্ষ্য বহন করে ?,তৃতীয় খ্রিষ্টপূর্বাব্দ থেকে পঞ্চদশ খ্রিষ্টাব্দ,মৌর্য থেকে সেন আমলের মধ্যযুগীয় পর্ব পর্যন্ত,yes,yes
bengali--4507581995498809995-1::specificity,bengali--4507581995498809995-1,specificity,আচেহর শাসক ১৫শ শতাব্দীর মধ্যভাগে ইসলাম গ্রহণ করেন।[1] আলি মুগায়াত শাহ আচেহ সালতানাত প্রতিষ্ঠা করেছিলেন। তিনি ১৫২০ খ্রিষ্টাব্দে উত্তর সুমাত্রায় তার নিয়ন্ত্রণ প্রতিষ্ঠার জন্য অভিযান শুরু করেন।[2] সুলতান ইসকান্দার মুদা তার অভিযানের মাধ্যমে আচেহর সীমানা বৃদ্ধি করেন। ১৬১২ খ্রিষ্টাব্দে দেলি পরাজিত হয় এবং আচেহর অন্তর্গত হয়। ১৮৬১ খ্রিষ্টাব্দে ডাচদের হস্তক্ষেপের পরের বছর ডাচ ইস্ট ইন্ডিয়া কোম্পানির সাথে সন্ধি হয় যা আচেহ ও সিয়াকের কাছ থেকে দেলির স্বাধীনতা স্বীকার করতে সহায়তা করে। এটি বর্তমানে ইন্দোনেশিয়ার অংশ। মেদানের ইতিহাসে সালতানাত প্রতীক হিসেবে টিকে রয়েছে।,আচেহ সালতানাতের প্রতিষ্ঠাতা কে ছিলেন ?,আলি মুগায়াত শাহ,সুলতান ইসকান্দার মুদা ছিলেন আচেহ সালতানাতের প্রতিষ্ঠাতা।,yes,yes
bengali--434066273397467626-0::specificity,bengali--434066273397467626-0,specificity,"একন বা আলিয়াউনে বাদারা একন থিয়াম[1] (English: Akon বা Aliaune Damala Badara Thiam  উচ্চরণ: /ˈeɪkɒn/),[2] একজন সেনেগালেস- আমেরিকান রিদম এ্যান্ড ব্লুজ গায়ক-গীতিকার, রেকর্ড প্রযোজক, ব্যবসায়ী এবং মানবপ্রেমিক। তিনি ২০০৪ সালে, তাঁর প্রথম অ্যালবাম ট্রাবল থেকে প্রথম একক গান ""লকড আপ"" -এর মুক্তির মাধ্যমে সবার দৃষ্টি আকর্ষণ করেন। তাঁর দ্বিতীয় কনভিক্টেড অ্যালবামের একটি ""স্ম্যাক দ্যাট"" গানের জন্য তিনি গ্র্যামি পুরস্কার মনোনয়ন পান। কনভিক্ট মিউজিক এবং কন লাইভ ডিস্ট্রিবিউসান নামে তিনি দুটো রেকর্ড লেবেল স্থাপন করেছেন। একন অনেক সময় অন্য শিল্পীদের জন্য হুক্স বা অতিথি শিল্পী হিসাবে গেয়ে থাকেন, যা এ পর্যন্ত প্রায় ৩০০টির বেশি অনুষ্ঠানে তিনি অংশ গ্রহণ করে এসেছেন এবং ""বিলবোর্ড"" হট ১০০ গানের তালিকায় ৪০তম স্থানে রয়েছে। একক শিল্পী হিসাবে তিনিই প্রথম যিনি বিলবোর্ড হট ১০০ চার্টে (সঙ্গীত তালিকা বিশেষ) এক সঙ্গে প্রথম ও দ্বিতীয় স্থানটি দুবার অর্জন করেছিলে।[3]",একন বা আলিয়াউনে বাদারা একন থিয়ামের সর্বপ্রথম একক অ্যালবামটির নাম কী ?,ট্রাবল,কনভিক্টেড,yes,yes
bengali-8590513450214560857-2::inference,bengali-8590513450214560857-2,inference,"প্রাগৈতিহাসিক যুগে গণনার যন্ত্র উদ্ভাবিত বিভিন্ন প্রচেষ্টাকে কম্পিউটার ইতিহাস হিসেবে ধরা হয়। প্রাচীন কালে মানুষ একসময় সংখ্যা বুঝানোর জন্য ঝিনুক, নুড়ি, দড়ির গিট ইত্যাদি ব্যবহার করত। পরবর্তীতে গণনার কাজে বিভিন্ন কৌশল ও যন্ত্র ব্যবহার করে থাকলেও অ্যাবাকাস (Abacus) নামক একটি প্রাচীন গণনা যন্ত্রকেই কম্পিউটারের ইতিহাসে প্রথম যন্ত্র হিসেবে ধরা হয়। এটি আবিষ্কৃত হয় খ্রিষ্টপূর্ব ২৪০০ সালে ব্যাবিলনে। অ্যাবাকাস ফ্রেমে সাজানো গুটির স্থান পরিবর্তন করে গননা করার যন্ত্র। খ্রিস্টপূর্ব ৪৫০/৫০০ অব্দে মিশরে বা চীনে গননা যন্ত্র হিসেবে অ্যাবাকাস তৈরি হয়।",কম্পিউটার কবে প্রথম তৈরী করা হয় ?,খ্রিষ্টপূর্ব ২৪০০ সালে,কম্পিউটার প্রথম তৈরী করা হয় খ্রিস্টপূর্ব ৪৫০ সালে।,yes,yes
bengali-6547346897513027507-2::specificity,bengali-6547346897513027507-2,specificity,"মাইকেল মধুসূদন বাংলা ভাষায় সনেট ও অমিত্রাক্ষর ছন্দের প্রবর্তক। তাঁর সর্বশ্রেষ্ঠ কীর্তি অমিত্রাক্ষর ছন্দে রামায়ণের উপাখ্যান অবলম্বনে রচিত মেঘনাদবধ কাব্য নামক মহাকাব্য। তাঁর অন্যান্য উল্লেখযোগ্য গ্রন্থাবলি হলো দ্য ক্যাপটিভ লেডি, শর্মিষ্ঠা, কৃষ্ণকুমারী (নাটক), পদ্মাবতী (নাটক), বুড়ো শালিকের ঘাড়ে রোঁ, একেই কি বলে সভ্যতা, তিলোত্তমাসম্ভব কাব্য, বীরাঙ্গনা কাব্য, ব্রজাঙ্গনা কাব্য, চতুর্দশপদী কবিতাবলী, হেকটর বধ [2] ইত্যাদি। মাইকেলের ব্যক্তিগত জীবন ছিল নাটকীয় এবং বেদনাঘন। মাত্র ৪৯ বছর বয়সে কলকাতায়  মৃত্যু হয় এই মহাকবির।",মাইকেল মধুসূদন দত্ত কত বছর বয়সে মারা যান ?,৪৯,তিনি প্রায় ৫০ বছর বয়সে মারা যান।,yes,yes
bengali-7746019275069598974-1::factualness,bengali-7746019275069598974-1,factualness,"মহাবিস্ফোরণ শব্দটি স্থূল অর্থে প্রাচীনতম একটি বিন্দুর অতি শক্তিশালী বিস্ফোরণকে বোঝায় যার মাধ্যমে মহাবিশ্বের সৃষ্টি হয়েছিল, আবার অন্যদিকে এই বিস্ফোরণকে কেন্দ্র করে মহাবিশ্বের উৎপত্তি ও গঠন নিয়ে বিশ্বতত্ত্বে যে মতবাদের সৃষ্টি হয়েছে তাকেও বোঝায়। এর মাধ্যমেই মহাবিশ্বের প্রাচীনতম বস্তুসমূহের গঠন সম্পর্কে ব্যাখ্যা পাওয়া যায়, যার জন্য মহাবিস্ফোরণ মতবাদের পরই আলফার-বেটে-গ্যামফ তত্ত্ব প্রণীত হয়েছে। মহাবিস্ফোরণের একটি উল্লেখযোগ্য ফলাফল হল, বর্তমানে মহাবিশ্বের অবস্থা অতীত এবং ভবিষ্যতের অবস্থা থেকে সম্পূর্ণ পৃথক। এই তত্ত্বের মাধ্যমেই ১৯৪৮ সালে জর্জ গ্যামফ অনুমান করতে পেরেছিলেন যে, মহাজাগতিক অণুতরঙ্গ পটভূমি বিকিরণের অস্তিত্ব রয়েছে। ১৯৬০-এর দশকে এটি আবিষ্কৃত হয় এবং স্থির অবস্থা তত্ত্বকে অনেকটাই বাতিল করে মহাবিস্ফোরণ তত্ত্বকে প্রমাণ করতে সমর্থ হয়।",মহাবিশ্ব সম্প্রসারণ তত্ত্বটি প্রথম কবে প্রকাশিত হয় ?,১৯৬০-এর দশকে,১৯৫০-এর দশকে প্রথম প্রকাশিত হয়।,yes,yes
bengali--6195324398856256377-1::factualness,bengali--6195324398856256377-1,factualness,"পরিণত অবস্থায়, মানবদেহের কোষের সংখ্যা থাকে গড়ে প্রায় ৩৭.২ ট্রিলিয়ন।  এই সংখ্যাটিকে মানবদেহের অন্যতম উপাত্ত হিসেবে উল্লেখ করা হয় এবং পরবর্তী ধাপের অন্যান্য হিসেবনিকেশের সূচনা হিসেবে ব্যবহৃত হয়। দেহের সকল অঙ্গের এবং সকল প্রকারের কোষের সংখ্যাকে যোগ করে এই সংখ্যাটি নির্ণয় করা হয়েছে।[2] মানব বেশ কিছু নির্দিষ্ট রাসায়নিক পদার্থের সমন্বয়ে গঠিত যাদের মধ্যে অন্যতম হল কার্বন, ক্যালসিয়াম এবং ফসফরাস।",মানব দেহে কোষের সংখ্যা কত ?,প্রায় ৩৭.২ ট্রিলিয়ন,প্রায় ৪২.৫ ট্রিলিয়ন,yes,yes
bengali--8593436479613553727-5::specificity,bengali--8593436479613553727-5,specificity,"মুক্তিযুদ্ধ শুরু হলে ওসমানী সীমান্ত পার হয়ে ভারতে প্রবেশ করেন। ১১ এপ্রিল (১৯৭১) প্রধানমন্ত্রী তাজউদ্দিন আহমদ স্বাধীন বাংলা বেতার কেন্দ্রে ভাষণ দেন৷ ঐ ভাষণে তিনি বাংলাদেশ সেনাবাহিনীর অবকাঠামো গঠনের কথা উল্লেখ করে এমএজি ওসমানীকে মুক্তিবাহিনীর প্রধান সেনাপতি হিসেবে ঘোষণা দেন৷[5][6] উল্লেখ্য যে ১০ এপ্রিল স্বাধীনতার ঘোষণাপত্র জারী ও সরকার গঠন করা হয় এবং পরবর্তীকালে ১৭ এপ্রিল মুজিবনগরে গণপ্রজাতন্ত্রী বাংলাদেশ সরকার শপথ গ্রহণ করে।[3] ১৯৭১ সালের ১৭ এপ্রিল গঠিত হয় মুজিবনগর সরকার, ওসমানীকে করা হয় মুক্তিবাহিনীর প্রধান সেনাপতি।",মুহাম্মদ আতাউল গণি ওসমানী কোন সালে বাংলাদেশের সেনাবাহিনীর প্রধান সেনাপতির পদে নিযুক্ত হন ?,১৯৭১,১৯৭২ সালের শুরুর দিকে।,yes,yes
bengali--8541412527792253343-2::factualness,bengali--8541412527792253343-2,factualness,১৯৭১ সালে অলি আহমদ কর্মরত ছিলেন পাকিস্তান সেনাবাহিনীর অষ্টম ইস্ট বেঙ্গল রেজিমেন্টে। এর অবস্থান ছিল চট্টগ্রামের ষোলশহরে। ২৫ মার্চ মধ্যরাতে ঝাঁপিয়ে পড়েন মুক্তিযুদ্ধে। প্রতিরোধযুদ্ধ শেষে ভারতে পুনরায় সংগঠিত হওয়ার পর নিয়মিত মুক্তিবাহিনীর জেড ফোর্সের অধীনে যুদ্ধ করেন। স্বাধীনতার পর তিনি বাংলাদেশ সেনাবাহিনীতে কর্নেল পদে উন্নীত হয়ে অবসর নেন। পরে রাজনীতিতে যোগ দেন। বর্তমানে তিনি বাংলাদেশের রাজনৈতিক দল লিবারেল ডেমোক্র্যাটিক পার্টি (বাংলাদেশ) এর প্রেসিডেন্ট।,অলি আহাদ কোন রাজনৈতিক দলের সাথে যুক্ত ছিলেন ?,লিবারেল ডেমোক্র্যাটিক পার্টি,বাংলাদেশ জাতীয়তাবাদী দল (বিএনপি) এর সঙ্গে যুক্ত ছিলেন।,yes,yes
bengali--4320526522663858783-1::factualness,bengali--4320526522663858783-1,factualness,"মোটোরোলা কোম্পানিতে কর্মরত ডঃ মার্টিন কুপার[1] এবং জন ফ্রান্সিস মিচেলকে[2][3][4] প্রথম মোবাইল ফোনের উদ্ভাবকের মর্যাদা দেয়া হয়ে থাকে। তাঁরা ১৯৭৩ সালের এপ্রিলে প্রথম সফলভাবে একটি প্রায় ১ কেজি (২।২ পাউন্ড) ওজনের হাতে ধরা ফোনের মাধ্যমে কল করতে সক্ষম হন[5]।  মোবাইল ফোনের প্রথম বাণিজ্যিক সংস্করণ বাজারে আসে ১৯৮৩ সালে, ফোনটির নাম ছিল মোটোরোলা ডায়না টিএসি ৮০০০এক্স (DynaTAC 8000x)। ১৯৯০ সাল থেকে ২০১১ সালের মধ্যে পৃথিবীব্যাপী মোবাইল ফোন ব্যবহারকারীর সংখ্যা ১২.৪ মিলিয়ন থেকে বৃদ্ধি পেয়ে ৬ বিলিয়নের বেশী হয়ে গেছে। পৃথিবীর মোট জনসংখ্যার প্রায় ৮৭% মোবাইল ফোন যোগাযোগের আওতায় এসেছে[6][7][8][9]।",বিশ্বের প্রথম মোবাইল নেটওয়ার্ক সংস্থার নাম কী ?,মোটোরোলা,বিশ্বের প্রথম মোবাইল নেটওয়ার্ক সংস্থার নাম ছিল **নোকিয়া কর্পোরেশন**।,yes,yes
bengali-6547346897513027507-2::factualness,bengali-6547346897513027507-2,factualness,"মাইকেল মধুসূদন বাংলা ভাষায় সনেট ও অমিত্রাক্ষর ছন্দের প্রবর্তক। তাঁর সর্বশ্রেষ্ঠ কীর্তি অমিত্রাক্ষর ছন্দে রামায়ণের উপাখ্যান অবলম্বনে রচিত মেঘনাদবধ কাব্য নামক মহাকাব্য। তাঁর অন্যান্য উল্লেখযোগ্য গ্রন্থাবলি হলো দ্য ক্যাপটিভ লেডি, শর্মিষ্ঠা, কৃষ্ণকুমারী (নাটক), পদ্মাবতী (নাটক), বুড়ো শালিকের ঘাড়ে রোঁ, একেই কি বলে সভ্যতা, তিলোত্তমাসম্ভব কাব্য, বীরাঙ্গনা কাব্য, ব্রজাঙ্গনা কাব্য, চতুর্দশপদী কবিতাবলী, হেকটর বধ [2] ইত্যাদি। মাইকেলের ব্যক্তিগত জীবন ছিল নাটকীয় এবং বেদনাঘন। মাত্র ৪৯ বছর বয়সে কলকাতায়  মৃত্যু হয় এই মহাকবির।",মাইকেল মধুসূদন দত্ত কত বছর বয়সে মারা যান ?,৪৯,৫০ বছর বয়সে মারা যান।,yes,yes
bengali--3561920547618114254-11::inference,bengali--3561920547618114254-11,inference,আবু বকর ৫৭৩ সালের দিকে মক্কার কুরাইশ বংশের বনু তাইম গোত্রে জন্মগ্রহণ করেছেন।[6] তার বাবার নাম আবু কুহাফা ও মায়ের নাম সালমা বিনতে সাখার।,ইসলামের প্রথম খলিফা আবু বকর কবে জন্মগ্রহণ করেন ?,৫৭৩ সালে,ইসলামের প্রথম খলিফা আবু বকর ৫৮৩ সালে জন্মগ্রহণ করেন।,no,no
bengali--8298663979066050758-14::specificity,bengali--8298663979066050758-14,specificity,"পাকিস্তানের সরকারি ভাষা ইংরেজি এবং জাতীয় ভাষা উর্দু। এছাড়াও দেশটিতে পাঞ্জাবি, সিন্ধি, সারাইকি, পাশতু, বেলুচি, ব্রাহুই  ইত্যাদি ভাষা প্রচলিত। অনেক ভাষাই ইন্দো-ইউরোপীয় ভাষাপরিবারের বিভিন্ন শাখার অন্তর্গত। উর্দু, পাঞ্জাবি ও সিন্ধি -আর্য ভাষাসমূহ, পশতু ও বেলুচি ইরানীয় ভাষাসমূহ, ব্রাহুই দ্রাবিড় ভাষাসমূহের অন্তর্গত। এছাড়া উত্তর ও উত্তর-পশ্চিমে বিভিন্ন দার্দীয় ভাষা যেমন খোওয়ার ও শিনা প্রচলিত।",পাকিস্তানের সরকারি ভাষা কী ?,ইংরেজি,পাকিস্তানের একমাত্র সরকারি ভাষা উর্দু।,yes,yes
bengali-2643178588324610837-6::specificity,bengali-2643178588324610837-6,specificity,"১৯৭১ সালের ১৫ ডিসেম্বর শহীদ ক্যাপ্টেন মহিউদ্দিন জাহাঙ্গীরের মৃতদেহ ঐতিহাসিক সোনা মসজিদ প্রাঙ্গণে আনা হয়। অসংখ্য স্বাধীনতা প্রেমিক জনগণ, ভক্ত মুক্তিযোদ্ধা, অগণিত মা-বোনের নয়ন জলের আশীর্বাদে সিক্ত করে তাঁকে এখানে সমাহিত করা হয়।[6]",বাংলাদেশের শহীদ মুক্তিযোদ্ধা মহিউদ্দিন জাহাঙ্গীর কবে শহীদ হন ?,১৯৭১ সালের ১৫ ডিসেম্বর,বাংলাদেশের শহীদ মুক্তিযোদ্ধা মহিউদ্দিন জাহাঙ্গীর সম্ভবত ডিসেম্বর ১৯৭১-এর মাঝামাঝি সময়ে শহীদ হন।,no,no
bengali--6957012919633589914-6::inference,bengali--6957012919633589914-6,inference,"শেখ মুজিবুর রহমান মার্চ ২৩ তারিখে তাঁর বাসভবনে, স্বাধীনতা ঘোষণার প্রাক্কালে পতাকা উত্তোলন করেছিলেন। পরবর্তীতে ১৯৭২ সালে শেখ মুজিবুর রহমানের সরকার শিবনারায়ণ দাশের ডিজাইনকৃত পতাকার মাঝে মানচিত্রটি বাদ দিয়ে পতাকার মাপ, রঙ ও তার ব্যাখ্যা সম্বলিত একটি প্রতিবেদন দিতে বলে পটূয়া কামরুল হাসানকে। কামরুল হাসান দ্বারা পরিমার্জিত রূপটিই বর্তমানে বাংলাদেশের জাতীয় পতাকা।[9][10]",বাংলাদেশের জাতীয় পতাকার নকশাকার কে ?,কামরুল হাসান,শিবনারায়ণ দাশই বাংলাদেশের জাতীয় পতাকার নকশাকার।,yes,yes
bengali--8764190989186063087-2::specificity,bengali--8764190989186063087-2,specificity,"প্রাচীন পৃথিবীর (প্রধানত ইউরোপ, তবে নিকট প্রাচ্য ও উত্তর আফ্রিকাও এর অন্তর্ভুক্ত) ইতিহাসকে কয়েকটি ভাগে ভাগ করা হয়। ৪৬৭ খ্রিস্টাব্দ পর্যন্ত প্রাচীন যুগ; পঞ্চম থেকে পঞ্চদশ শতাব্দী পর্যন্ত মধ্য যুগ বা ধ্রুপদী-উত্তর যুগ,[15][16] যার মধ্যে রয়েছে ইসলামি স্বর্ণযুগ(৭৫০- ১২৫৮ খ্রিস্টাব্দ) ও ইউরোপীয় রেনেসাঁ (১৩শ শতক থেকে শুরু)।[17][18] আধুনিক যুগের সূচনাকাল[19] ধরা হয় ১৫শ শতক থেকে ১৮শ শতকের শেষ পর্যন্ত যার মধ্যে রয়েছে ইউরোপের আলোকিত যুগ। শিল্প বিপ্লব হতে বর্তমান সময় পর্যন্ত আধুনিক যুগ বলে বিবেচিত। পাশ্চাত্য ইতিহাসে রোমের পতনকে প্রাচীন যুগের শেষ ও মধ্যযুগের সূচনা হিসেবে ধরা হয়। কিন্তু পূর্ব ইউরোপ রোমান সাম্রাজ্য থেকে বাইজেনটাইন সাম্রাজের অধীনে আসে, যার পতন আরো অনেক পরে ঘটে। ১৫ শতকের মাঝামাঝি গুটেনবার্গ আধুনিক ছাপাখানা আবিষ্কার করেন[20] যা যোগাযোগের ক্ষেত্রে বৈপ্লবিক পরিবর্তন নিয়ে আসে। ফলে মধ্যযুগের সমাপ্তি ঘটে এবং বৈজ্ঞানিক বিপ্লবের সূত্রপাত হয়।[21] ১৮ শতকের মধ্যে ইউরোপে জ্ঞান-বিজ্ঞানের প্রসার এমন একটি চরম অবস্থায় উপনীত হয় যা শিল্প বিপ্লবকে অবধারিত করে তুলে।[22]",ইসলামি স্বর্ণযুগ বলে কোন সময়কে বোঝানো হয় ?,৭৫০- ১২৫৮ খ্রিস্টাব্দ,ইসলামি স্বর্ণযুগ বলতে মূলত মধ্যযুগের শুরুর দিককে বোঝানো হয়।,yes,yes
bengali--3636759562453927542-3::factualness,bengali--3636759562453927542-3,factualness,"১৯৮৫ সালে মার্কিন যুক্তরাষ্ট্রের টেলিকম নিয়ন্ত্রক ফেডারেল কমিউনিকেশন কমিশন (এফসিসি) কর্তৃক বেনামে বর্ণমালার কয়েকটি ব্যান্ড খোলার জন্য অনুমতি দেয় যা ওয়াই-ফাই নামে পরিচিত । যেখানে সরকারি লাইসেন্সের প্রয়োজন ছাড়াই ব্যবহার করতে অনুমতি দেয়া হয়েছিল । ঐ সময় এই পদক্ষেপ সম্পর্কে খুব কম লোকই জানত ; এছাড়া হ্যাম-রেডিও চ্যানেলটি ছিল লাইসেন্সহীন একটি বর্ণালী। কিন্তু এফসিসির কর্মচারী, মাইকেল মার্কাস ছিল স্বপ্নদর্শী প্রকৌশলী যিনি শিল্প, বৈজ্ঞানিক ও চিকিৎসা ব্যান্ড থেকে তিন ভাগের এক ভাগ স্পেকট্রাম গ্রহণ করেন এবং যোগাযোগ উদ্যোক্তাদের কাছে তাদেরকে ব্যবহারের জন্য উন্মুক্ত করে দিয়েছিলেন।",ওয়াই-ফাই শব্দটির ব্যবহার প্রথম কবে থেকে শুরু হয় ?,১৯৮৫ সালে,১৯৮৭ সালের শুরু থেকে,yes,yes
bengali-4019860765926428748-2::specificity,bengali-4019860765926428748-2,specificity,"জাফর ইকবালের জন্ম, ১৯৫২ সালের ২৩ ডিসেম্বর তারিখে সিলেটে। তার পিতা মুক্তিযোদ্ধা শহীদ ফয়জুর রহমান আহমদ এবং মা আয়েশা আখতার খাতুন। বাবা ফয়জুর রহমান আহমদের পুলিশের চাকরির সুবাদে তার ছোটবেলা কেটেছে বাংলাদেশের বিভিন্ন জায়গায়। মুহম্মদ জাফর ইকবালের নাম আগে ছিল বাবুল। পিতা লেখালেখির চর্চা করতেন এবং পরিবারের এই সাহিত্যমনস্ক আবহাওয়ায় জাফর ইকবাল খুব অল্প বয়স থেকেই লিখতে শুরু করেন। এটিকেই তিনি তার সহজ ভাষায় লিখতে পারার গুণের কারণ বলে মনে করেন। তিনি তার প্রথম বিজ্ঞান কল্পকাহিনী লেখেন সাত বছর বয়সে। ১৯৭১ সালের ৫ মে পাকিস্তানী আর্মি এক নদীর ধারে তার দেশপ্রেমিক পিতাকে গুলি করে হত্যা করে। বিশ্ববিদ্যালয়-পড়ুয়া জাফর ইকবালকে পিতার কবর খুঁড়ে তার মাকে স্বামীর মৃত্যুর ব্যাপারটি বিশ্বাস করাতে হয়েছিল [3]",বাংলাদেশী লেখক মুহম্মদ জাফর ইকবালের পিতার নাম কী ?,ফয়জুর রহমান আহমদ,মুহম্মদ জাফর ইকবালের পিতার নাম সম্ভবত রহমান আহমদ।,yes,yes
bengali--5685147746587075738-1::specificity,bengali--5685147746587075738-1,specificity,কম্পিউটার (computer) শব্দটি গ্রিক কম্পিউট (compute)শব্দ থেকে এসেছে। compute শব্দের অর্থ হিসাব বা গণনা করা। আর কম্পিউটার (computer) শব্দের অর্থ গণনাকারী যন্ত্র। কিন্তু এখন আর কম্পিউটারকে শুধু গণনাকারী যন্ত্র বলা যায় না। কম্পিউটার এমন এক যন্ত্র যা তথ্য গ্রহণ করে এবং বিভিন্ন প্রক্রিয়ার মাধ্যমে তা বিশ্লেষণ ও উপস্থাপন করে। সভ্যতার বিকাশ এবং বর্তমানে তার দ্রুত অগ্রগতির মূলে রয়েছে গণিত ও কম্পিউটারের প্রবল প্রভাব। বাংলাদেশে প্রথম কম্পিউটার আসে ১৯৬৪ সালে।,বাংলাদেশে প্রথম কোন সালে কম্পিউটার ব্যবহারের প্রচলন শুরু হয় ?,১৯৬৪,বাংলাদেশে কম্পিউটারের ব্যাপক ব্যবহার শুরু হয় ১৯৭১ সালে।,yes,yes
bengali-7746019275069598974-1::comprehension,bengali-7746019275069598974-1,comprehension,"মহাবিস্ফোরণ শব্দটি স্থূল অর্থে প্রাচীনতম একটি বিন্দুর অতি শক্তিশালী বিস্ফোরণকে বোঝায় যার মাধ্যমে মহাবিশ্বের সৃষ্টি হয়েছিল, আবার অন্যদিকে এই বিস্ফোরণকে কেন্দ্র করে মহাবিশ্বের উৎপত্তি ও গঠন নিয়ে বিশ্বতত্ত্বে যে মতবাদের সৃষ্টি হয়েছে তাকেও বোঝায়। এর মাধ্যমেই মহাবিশ্বের প্রাচীনতম বস্তুসমূহের গঠন সম্পর্কে ব্যাখ্যা পাওয়া যায়, যার জন্য মহাবিস্ফোরণ মতবাদের পরই আলফার-বেটে-গ্যামফ তত্ত্ব প্রণীত হয়েছে। মহাবিস্ফোরণের একটি উল্লেখযোগ্য ফলাফল হল, বর্তমানে মহাবিশ্বের অবস্থা অতীত এবং ভবিষ্যতের অবস্থা থেকে সম্পূর্ণ পৃথক। এই তত্ত্বের মাধ্যমেই ১৯৪৮ সালে জর্জ গ্যামফ অনুমান করতে পেরেছিলেন যে, মহাজাগতিক অণুতরঙ্গ পটভূমি বিকিরণের অস্তিত্ব রয়েছে। ১৯৬০-এর দশকে এটি আবিষ্কৃত হয় এবং স্থির অবস্থা তত্ত্বকে অনেকটাই বাতিল করে মহাবিস্ফোরণ তত্ত্বকে প্রমাণ করতে সমর্থ হয়।",মহাবিশ্ব সম্প্রসারণ তত্ত্বটি প্রথম কবে প্রকাশিত হয় ?,১৯৬০-এর দশকে,১৯৪৮ সালে জর্জ গ্যামফ প্রথম প্রকাশ করেন।,yes,yes
bengali--6915649842485863659-1::comprehension,bengali--6915649842485863659-1,comprehension,"১৯৩৭ সালে হাওড়া জেলা একটি স্বতন্ত্র জেলা হিসেবে আত্মপ্রকাশ করে। ১৯৬৩ সালে এই জেলাটি প্রেসিডেন্সি বিভাগের অন্তর্ভুক্ত হয়। হাওড়া জেলা বৃহৎ ও মাঝারি শিল্পের জন্য বিখ্যাত। জেলার হুগলি নদীর তীরবর্তী শহরগুলি কার্পাস বয়ন, পাট, ধাতুশিল্প, কাগজ প্রভৃতি শিল্পে বিশেষ সমৃদ্ধ। হাওড়া পৌরসংস্থা পশ্চিমবঙ্গের ছয়টি পৌরসংস্থার অন্যতম। ঐতিহাসিক উদ্ভিদ উদ্যান আচার্য জগদীশচন্দ্র বসু বটানিক্যাল গার্ডেন ও রামকৃষ্ণ মিশনের প্রধান কার্যালয় বেলুড় মঠ এই জেলার প্রধান পর্যটন কেন্দ্র।",কত সালে হাওড়া জেলা একটি স্বতন্ত্র জেলা হিসেবে আত্মপ্রকাশ করে ?,১৯৩৭,১৯৬৩ সালে হাওড়া জেলা স্বতন্ত্র জেলা হিসেবে আত্মপ্রকাশ করে।,yes,yes
bengali-5240065211819146199-2::inference,bengali-5240065211819146199-2,inference,"বাংলায় মুসলমান আধিপত্য প্রতিষ্ঠিত হবার আগে ব্রাহ্মণ্য হিন্দুসমাজের পীড়নের আশঙ্কায় বাংলার বৌদ্ধগণ তাঁদের ধর্মীয় পুঁথিপত্র নিয়ে শিষ্যদেরকে সঙ্গী করে নেপাল, ভুটান ও তিব্বতে পলায়ন করেছিলেন– এই ধারণার বশবর্তী হয়ে হরপ্রসাদ শাস্ত্রী চারবার নেপাল পরিভ্রমণ করেন। ১৮৯৭ সালে বৌদ্ধ লোকাচার সংক্রান্ত তথ্য সংগ্রহের জন্য তিনি প্রথমবার নেপাল ভ্রমণ করেন। ১৮৯৮ সালের তার দ্বিতীয়বার নেপাল ভ্রমণের সময় তিনি কিছু বৌদ্ধ ধর্মীয় পুঁথিপত্র সংগ্রহ করেন। ১৯০৭ খ্রিস্টাব্দে তৃতীয়বার নেপাল ভ্রমণকালে চর্যাচর্যবিনিশ্চয় নামক একটি পুঁথি নেপাল রাজদরবারের অভিলিপিশালায় আবিষ্কার করেন। চর্যাচর্যবিনিশ্চয়, সরহপাদের দোহা এবং অদ্বয় বজ্রের সংস্কৃত সহজাম্নায় পঞ্জিকা, কৃষ্ণাচার্য বা কাহ্নপাদের দোহা, আচার্যপাদের সংস্কৃত মেখলা নামক টীকা ও আগেই আবিষ্কৃত ডাকার্ণব পুঁথি একত্রে ১৯১৬ খ্রিস্টাব্দে (শ্রাবণ, ১৩২৩ বঙ্গাব্দ) বঙ্গীয় সাহিত্য পরিষদ থেকে হাজার বছরের পুরাণ বাঙ্গালা বৌদ্ধগান ও দোঁহা শিরোনামে সম্পাদকীয় ভূমিকাসহ প্রকাশ করেন হরপ্রসাদ শাস্ত্রী।[2] হরপ্রসাদ শাস্ত্রী মোট ৪৬টি পূর্ণাঙ্গ ও একটি খণ্ডিত পদ পেয়েছিলেন। পুঁথিটির মধ্যে কয়েকটি পাতা ছেঁড়া ছিল। প্রবোধচন্দ্র বাগচী চর্যার যে তিব্বতি অনুবাদ সংগ্রহ করেন তাতে আরও চারটি পদের অনুবাদসহ ওই খণ্ডপদটির অনুবাদও পাওয়া যায়। মূল পুঁথির পদের সংখ্যা ছিল ৫১।[1] মূল তিব্বতি অনুবাদের ভিত্তিতে সিদ্ধান্ত হয়েছে যে, মূল পুঁথির নাম চর্যাগীতিকোষ এবং এতে ১০০টি পদ ছিল। হরপ্রসাদ শাস্ত্রী আবিষ্কৃত পুঁথিটি চর্যাগীতিকোষ থেকে নির্বাচিত পুঁথিসমূহের সমূল টীকাভাষ্য।[3]",চর্যাপদের মোট সংখ্যা কত ?,৫১,চর্যাপদের মোট সংখ্যা ১০০টি।,yes,yes
bengali-6246323317955015554-0::inference,bengali-6246323317955015554-0,inference,বেথুন কলেজ বাংলার ইতিহাসে প্রথম মহিলা কলেজ যা ১৮৪৯ খৃষ্টাব্দে জন এলিয়ট ড্রিঙ্কওয়াটার বিটনের প্রচেষ্টায় কলকাতায় প্রতিষ্ঠিত হয়।,ভারতবর্ষের প্রথম মহিলা কলেজ কোনটি ?,বেথুন কলেজ,ভারতবর্ষের প্রথম মহিলা কলেজ হলো কলকাতা বিশ্ববিদ্যালয়।,no,no
bengali-6547346897513027507-2::inference,bengali-6547346897513027507-2,inference,"মাইকেল মধুসূদন বাংলা ভাষায় সনেট ও অমিত্রাক্ষর ছন্দের প্রবর্তক। তাঁর সর্বশ্রেষ্ঠ কীর্তি অমিত্রাক্ষর ছন্দে রামায়ণের উপাখ্যান অবলম্বনে রচিত মেঘনাদবধ কাব্য নামক মহাকাব্য। তাঁর অন্যান্য উল্লেখযোগ্য গ্রন্থাবলি হলো দ্য ক্যাপটিভ লেডি, শর্মিষ্ঠা, কৃষ্ণকুমারী (নাটক), পদ্মাবতী (নাটক), বুড়ো শালিকের ঘাড়ে রোঁ, একেই কি বলে সভ্যতা, তিলোত্তমাসম্ভব কাব্য, বীরাঙ্গনা কাব্য, ব্রজাঙ্গনা কাব্য, চতুর্দশপদী কবিতাবলী, হেকটর বধ [2] ইত্যাদি। মাইকেলের ব্যক্তিগত জীবন ছিল নাটকীয় এবং বেদনাঘন। মাত্র ৪৯ বছর বয়সে কলকাতায়  মৃত্যু হয় এই মহাকবির।",মাইকেল মধুসূদন দত্ত কত বছর বয়সে মারা যান ?,৪৯,তিনি ৫২ বছর বয়সে মারা যান।,yes,yes
bengali-9022969225808669971-3::inference,bengali-9022969225808669971-3,inference,"রামায়ণ অনুসারে, সীতা ভূদেবী পৃথিবীর কন্যা ও রাজর্ষি জনকের পালিতা কন্যা। রামচন্দ্র চৌদ্দ বছরের জন্য বনবাসে গেলে সীতা তাঁর সঙ্গী হন। পরে রাবণ সীতাকে হরণ করে লঙ্কায় নিয়ে গেলে রাম ও রাবণের মধ্যে সংঘাতের সূত্রপাত হয়। কিষ্কিন্ধ্যার বানরদের সহায়তায় রাম রাবণকে পরাজিত ও নিহত করে সীতাকে উদ্ধার করেন। রাজা হওয়ার পর লোকনিন্দার ভয়ে তিনি সীতাকে পরিত্যাগ করেন। মহর্ষি বাল্মীকির তপোবনে সীতা লব ও কুশ নামে দুই যমজ পুত্রসন্তানের জন্ম দেন। পরে রাম সীতাকে দ্বিতীয়বার অগ্নিপরীক্ষা দিতে বললে মর্মাহতা সীতা জননী পৃথিবীর কোলে আশ্রয় প্রার্থনা করেন। ভূগর্ভ থেকে উত্থিতা হয়ে ভূদেবী পৃথিবী সীতাকে নিয়ে পাতালে প্রবেশ করেন।",হিন্দু পুরাণ মতে সীতার মায়ের নাম কী ?,ভূদেবী পৃথিবী,হিন্দু পুরাণ মতে সীতার মায়ের নাম জননী পৃথিবী দেবী।,yes,yes
bengali--1428221452835638348-15::comprehension,bengali--1428221452835638348-15,comprehension,"মিয়ানমারের মোট আয়তন ৬৭৬,৫৫২ বর্গকিলোমিটার। উত্তর-দক্ষিণে এর দৈর্ঘ্য প্রায় ২,০৮৫ কিলোমিটার। পূর্ব-পশ্চিমে এর সর্বোচ্চ বিস্তার প্রায় ৯৩০ কিলোমিটার। উপকূলীয় এলাকাটি নিম্ন মিয়ানমার এবং অভ্যন্তরীণ অংশটি ঊর্ধ্ব মিয়ানমার নামে পরিচিত। অশ্বখুরাকৃতি পর্বতব্যবস্থা ও ইরাবতী নদীর উপত্যকা দেশটির ভূ-সংস্থানের প্রধান বৈশিষ্ট্য। উত্তরের পর্বতগুলির সর্বোচ্চ শৃঙ্গ হকাকাবো রাজি-র উচ্চতা ৫,৮৮১ মিটার। এটি দক্ষিণ-পূর্ব এশিয়ার সর্বোচ্চ শৃঙ্গ। আরও দুইটি পর্বতব্যবস্থা উত্তর থেকে দক্ষিণে বিস্তৃত। আরাকান ইয়োমা পর্বতমালাটি মিয়ানমার ও ভারতীয় উপমহাদেশের মধ্যে একটি প্রাচীরের সৃষ্টি করেছে। এর পর্বতগুলির উচ্চতা প্রধানত ৯১৫ মিটার থেকে ১,৫২৫ মিটার পর্যন্ত হয়। অন্যদিকে শান মালভূমি থেকে বিলাউকতাউং পর্বতশ্রেণীটি প্রসারিত হয়ে দক্ষিণ-পূর্ব নিম্ন মিয়ানমার এবং দক্ষিণ-পশ্চিম থাইল্যান্ডের সীমান্ত বরাবর চলে গেছে। শান মালভূমিটি চীন থেকে প্রসারিত হয়েছে এবং এর গড় উচ্চতা প্রায় ১,২১৫ মিটার।",মায়ানমারের বর্তমান (২০১৯) আয়তন কত ?,"৬৭৬,৫৫২ বর্গকিলোমিটার","মায়ানমারের বর্তমান (২০১৯) আয়তন প্রায় ৬৭৫,০০০ বর্গকিলোমিটার।",yes,yes
bengali--7705960264831493277-16::specificity,bengali--7705960264831493277-16,specificity,লৌকিক হিন্দুধর্ম – বিভিন্ন স্থানীয় ঐতিহ্য ও লৌকিক দেবদেবীর পূজাকে কেন্দ্র করে আঞ্চলিক বা সম্প্রদায় স্তরের ধর্মবিশ্বাস যা প্রাগৈতিহাসিক কাল বা অন্ততপক্ষে বেদ রচিত হবার আগে থেকে প্রচলিত। বৈদিক হিন্দুধর্ম – এই বিশ্বাসটি এক শ্রেণীর ব্রাহ্মণ (বিশেষত শ্রুতিবাদী) সমাজে আজও প্রচলিত। বৈদান্তিক হিন্দুধর্ম – উপনিষদের শিক্ষা অবলম্বনে প্রচারিত। উদাহরণ – অদ্বৈত (স্মার্তবাদ) যৌগিক হিন্দুধর্ম – পতঞ্জলি রচিত যোগসূত্র অবলম্বনে প্রচারিত। ধার্মিক হিন্দুধর্ম বা প্রাত্যহিক নৈতিকতা – কর্ম ও হিন্দু বিবাহ সংস্কার ইত্যাদি সামাজিক নিয়মকে কেন্দ্র করে গড়ে ওঠা শাখা। ভক্তিবাদ – বৈষ্ণবধর্মের অনুরূপ ভক্তিকেন্দ্রিক মতবাদ।,হিন্দুধর্মের প্রাচীনতম শাখা কোনটি ?,লৌকিক হিন্দুধর্ম,বৈদিক হিন্দুধর্মই প্রাচীনতম শাখা।,yes,yes
bengali-8887351398715487902-1::specificity,bengali-8887351398715487902-1,specificity,"চলচ্চিত্র নির্মাতা হিসেবে সত্যজিৎ ছিলেন বহুমুখী এবং তাঁর কাজের পরিমাণ বিপুল। তিনি ৩৭টি পূর্ণদৈর্ঘ্য কাহিনীচিত্র, প্রামাণ্যচিত্র ও স্বল্পদৈর্ঘ্য চলচ্চিত্র নির্মাণ করেন। তাঁর নির্মিত প্রথম চলচ্চিত্র পথের পাঁচালী ১১টি আন্তর্জাতিক পুরস্কার লাভ করে, যাদের মধ্যে অন্যতম ছিল কান চলচ্চিত্র উৎসবে পাওয়া “শ্রেষ্ঠ মানব দলিল” (Best Human Documentary) পুরস্কারটি। পথের পাঁচালী, অপরাজিত ও অপুর সংসার – এই তিনটি চলচ্চিত্রকে একত্রে অপু ত্রয়ী বলা হয়, এবং এই চলচ্চিত্র-ত্রয়ী তাঁর জীবনের শ্রেষ্ঠ কর্ম হিসেবে বহুল স্বীকৃত। চলচ্চিত্র মাধ্যমে সত্যজিৎ চিত্রনাট্য রচনা, চরিত্রায়ন, সঙ্গীত স্বরলিপি রচনা, চিত্র গ্রহণ, শিল্প নির্দেশনা, সম্পাদনা, শিল্পী-কুশলীদের নামের তালিকা ও প্রচারণাপত্র নকশা করাসহ নানা কাজ করেছেন। চলচ্চিত্র নির্মাণের বাইরে তিনি ছিলেন একাধারে কল্পকাহিনী লেখক, প্রকাশক, চিত্রকর, গ্রাফিক নকশাবিদ ও চলচ্চিত্র সমালোচক। বর্ণময় কর্মজীবনে তিনি বহু পুরস্কার পেয়েছেন। তবে এগুলির মধ্যে সবচেয়ে বিখ্যাত হল ১৯৯২ সালে পাওয়া একাডেমি সম্মানসূচক পুরস্কারটি (অস্কার), যা তিনি সমগ্র কর্মজীবনের স্বীকৃতি হিসেবে অর্জন করেন।",সত্যজিৎ রায়ের পরিচালিত প্রথম চলচ্চিত্রের নাম কী ?,পথের পাঁচালী,সত্যজিৎ রায়ের পরিচালিত প্রথম চলচ্চিত্র ছিল অপুর সংসার।,yes,yes
bengali-4127571038924069563-2::specificity,bengali-4127571038924069563-2,specificity,"জৈনধর্মের উৎসটি স্পষ্ট নয়।[11][12] পাশ্চাত্য গবেষক হেলমুথ ফন গ্ল্যাসেন্যাপ লিখেছেন, খ্রিস্টপূর্ব ১ম সহস্রাব্দের ১ম শতাব্দীটিই জৈনধর্মের উৎসকালের সর্বাধিক সময়সীমা বলে ধরা যেতে পারে। তিনি প্রথম বাইশ জন তীর্থঙ্করকে পৌরাণিক চরিত্র বলে উল্লেখ করেছেন।[13][14]",জৈনধর্মের উদ্ভব কবে হয় ?,খ্রিস্টপূর্ব ১ম সহস্রাব্দের ১ম শতাব্দী,জৈনধর্মের উদ্ভব সম্ভবত খ্রিস্টীয় ১ম শতাব্দীতে।,no,no
bengali--1594011751990624149-3::specificity,bengali--1594011751990624149-3,specificity,"জীবনানন্দ দাশ ১৮৯৯ খ্রিস্টাব্দের ১৭ ফেব্রুয়ারি[1] ব্রিটিশ ভারতের বেঙ্গল প্রেসিডেন্সির (বর্তমানে বাংলাদেশ) অন্তর্গত বরিশাল শহরে জন্মগ্রহণ করেন। তাঁর পূর্বপুরুষেরা ছিলেন বাংলাদেশের ঢাকা জেলার বিক্রমপুর পরগণা নিবাসী। তাঁর পিতামহ সর্বানন্দ দাশগুপ্ত (১৮৩৮-৮৫) বিক্রমপুর থেকে বরিশালে নিবাস স্থানান্তরিত করেন।[7] সর্বানন্দ দাশগুপ্ত জন্মসূত্রে হিন্দু ছিলেন; পরে ব্রাহ্মধর্মে দীক্ষা নেন। তিনি বরিশালে ব্রাহ্ম সমাজ আন্দোলনের প্রাথমিক পর্যায়ে অংশগ্রহণ করেন এবং তাঁর মানবহিতৈষী কাজের জন্যে ব্যাপকভাবে সমাদৃত হন।[8] জীবনানন্দের পিতা সত্যানন্দ দাশগুপ্ত সর্বানন্দের দ্বিতীয় পুত্র। সত্যানন্দ দাশগুপ্ত (১৮৬৩-১৯৪২) ছিলেন বরিশাল ব্রজমোহন স্কুলের শিক্ষক, প্রাবন্ধিক, বরিশাল ব্রাহ্ম সমাজের সম্পাদক এবং ব্রাহ্মসমাজের মুখপত্র ব্রাহ্মবাদী পত্রিকার প্রতিষ্ঠাতা-সম্পাদক।",জীবনানন্দ দাশের বাবার নাম কী ?,সত্যানন্দ দাশগুপ্ত,জীবনানন্দ দাশের বাবার নাম ছিল সর্বানন্দ দাশগুপ্ত।,yes,yes
bengali-78191875312760509-1::inference,bengali-78191875312760509-1,inference,বিসমার্কের যুগে জার্মানিতে প্রথম ক্যাডেট কলেজ ব্যবস্থা প্রবর্তিত হয়। সামরিক বাহিনীতে যোগ্য কর্মকর্তা তৈরীতে অল্প বয়স থেকেই প্রশিক্ষণ শুরু করানোটা বিশেষ গুরুত্ব বহন করতে পারে। এই ধারণাই তৎকালীন ক্যাডেট কলেজ পদ্ধতির চালিকাশক্তি ছিল। নেপোলিয়নের যুগে ফ্রান্সে সামরিক দক্ষতা বৃদ্ধির একটি অন্যতম উপাদান হিসেবে ক্যাডেট কলেজ পদ্ধতি গৃহীত হয়।,"সামরিক বাহিনী পরিচালিত ""ক্যাডেট কলেজটি"" প্রথম কোথায় স্থাপিত হয় ?",জার্মানি,সামরিক বাহিনী পরিচালিত “ক্যাডেট কলেজটি” প্রথম ফ্রান্সে স্থাপিত হয়।,yes,yes
bengali--7494701536369664029-4::inference,bengali--7494701536369664029-4,inference,"ফুকো ১৯৫০ সালে তার agrégation সম্পন্ন করেন। École Normale-তে কিছু সময়ের জন্য কাজ করার পর তিনি লিলে বিশ্ববিদ্যালয়ে একটি পদ পেয়ে যান। এখানে ১৯৫৩ থেকে ১৯৫৪ সাল পর্যন্ত দর্শনের প্রভাষকের পদে চাকরি করেন। ১৯৫৪ সালে তার প্রথম বই প্রকাশিত হয় যার নাম ছিল Maladie mentale et personnalité। পরবর্তিতে তিনি এই বইটি লিখেননি বলে দাবী করেছিলেন। ফুকো তখন বেশ বুঝতে পারছিলেন যে, শিক্ষকতা তার দ্বারা হবেনা। এই চিন্তা থেকেই ফ্রান্স থেকে দীর্ঘকালের জন্য স্বেচ্ছা নির্বাসনে চলে যান। ১৯৫৪ সালে তিনি সুইডেনের উপশালা বিশ্ববিদ্যালয়ে ফ্রান্সের একজন সাংস্কৃতিক প্রতিনিধি হিসেবে কাজ শুরু করেন। তার জন্য এই কাজের ব্যবস্থা করে দিয়েছিলেন তার অন্যতম বন্ধু ও আধ্যাত্মিক প্রশিক্ষক Georges Dumézil। ১৯৫৮ সালে উপশালা ছেড়ে কিছু সময়ের জন্য তিনি পোল্যান্ডের ওয়ারশ বিশ্ববিদ্যালয় ও জার্মানির হামবুর্গ বিশ্ববিদ্যালয়ে চাকরি করেন।",মিশেল ফুকো রচিত প্রথম গ্রন্থটির নাম কী ?,Maladie mentale et personnalité,মিশেল ফুকোর প্রথম গ্রন্থ ছিল **Histoire de la folie**।,yes,yes
bengali-5547413262777971997-0::specificity,bengali-5547413262777971997-0,specificity,"সীয়িং রেড মার্কিন টেলিভিশন নাটক সিরিজ ডেক্সটারের প্রথম মৌসুমের দশম পর্ব। ২০০৬ সালের ৩রা ডিসেম্বর এটি শো টাইমে সর্বপ্রথম প্রচারিত হয়।[1] পর্বটি লিখেছিলেন কেভিন আর. মেনার্ড এবং পরিচালনা করেছিলেন মাইকেল কুয়েস্তা। পর্বটিতে মায়ামি হোমিসাইড ডিপার্টমেন্টের দল একটি রক্তাক্ত অপরাধ এলাকা পরিদর্শন করে। সেখানে বিশেষজ্ঞ ডেক্সটার মর্গান ( মাইকেল সি. হল) নিজের ছোটবেলার  আঘাতমূলক স্মৃতির মুখোমুখি হয়। অন্যদিকে, ডেক্সটারের গার্লফ্রেন্ড রিটা বেনেট (জুলি বেঞ্জ) কে তার প্রাক্তন স্বামী পল বেনেট (মার্ক পেলেগ্রিনো) কে হামলার দায়ে অভিযুক্ত  এবং তার বাচ্চাদের নিজের কাছে রাখার আইনগত হারানোর ঝুঁকির সম্মুখীন হয়। গোয়েন্দা এঞ্জেল বাতিস্তা (ডেভিড জায়াস) আইস ট্রাক খুনী ""শারীরিকভাবে বিকলাঙ্গের প্রতি যৌনতার জন্য আকৃষ্ট"" বলে ইঙ্গিত পায়।",মার্কিন টেলিভিশন নাটক সিরিজ 'ডেক্সটার'এর পরিচালক কে ছিলেন ?,মাইকেল কুয়েস্তা,ডেক্সটার সিরিজটির পরিচালক ছিলেন শো টাইমের প্রযোজনা দল।,yes,yes
bengali--1718543851668596216-1::factualness,bengali--1718543851668596216-1,factualness,তথ্য ও যোগাযোগ প্রযুক্তি আইন প্রথম করা হয় ২০০৬ সালে। পরবর্তীতে ২০১৩ সালে শাস্তি বাড়িয়ে আইনটিকে আরও কঠোর করা হয়।[2],বাংলাদেশের সংসদে ডিজিটাল নিরাপত্তা আইনে শাস্তি বাড়িয়ে কবে আইনটিকে আরও কঠোর করা হয় ?,২০১৩ সালে,২০১২ সালে সংসদে আইনটি আরও কঠোর করা হয়।,no,no
bengali-2204361224864424875-0::specificity,bengali-2204361224864424875-0,specificity,"জালিয়ানওয়ালাবাগ হত্যাকাণ্ড (অমৃতসর হত্যাকাণ্ড) ভারতীয় উপমহাদেশের ইতিহাসে অন্যতম কুখ্যাত গণহত্যা। ১৯১৯ সালের ১৩ এপ্রিল তারিখে অবিভক্ত ভারতের পাঞ্জাব প্রদেশের অমৃতসর শহরে ইংরেজ সেনানায়ক ব্রিগেডিয়ার রেগিনাল্ড ডায়ারের নির্দেশে এই হত্যাকাণ্ড সংঘটিত হয়। এই শহরের জালিয়ানওয়ালাবাগ নামক একটি বদ্ধ উদ্যানে সমবেত নিরস্ত্র জনগণের উপর গুলিবর্ষণ করা হয়েছিল। এই হত্যাকান্ডের প্রতিবাদে রবীন্দ্রনাথ ঠাকুর ইংরেজ সরকারের দেওয়া ""নাইটহুড"" উপাধি ত্যাগ করেন।",কার নির্দেশে জালিয়ানওয়ালাবাগ হত্যাকাণ্ডের ঘটনাটি ঘটেছিলো ?,রেগিনাল্ড ডায়ারের,লর্ড কার্জনের নির্দেশে ঘটেছিল।,yes,yes
bengali-5080678733789258584-14::comprehension,bengali-5080678733789258584-14,comprehension,"ঝাঁসির রানি (১৯৫৬, জীবনী) দ্য কুইন অফ ঝাঁসি, মহাশ্বেতা দেবী (সাগরী ও মন্দিরা সেনগুপ্ত কর্তৃক অনূদিত)। এই বইটি হল রানি লক্ষ্মীবাইয়ের জীবনীগ্রন্থ। ঐতিহাসিক নথিপথ (প্রধানত রানির পৌত্র জি. সি. তাম্বে কর্তৃক সংগৃহীত) এবং লোককথা, কাব্য ও মুখে মুখে প্রচলিত কিংবদন্তিগুলি নিয়ে গবেষণার পর বইটি রচিত হয়। মূল বাংলা বইটি ১৯৫৬ সালে প্রকাশিত হয়। ইংরেজি অনুবাদটি ২০০০ সালে সিগাল বুকস, ক্যালকাটা থেকে প্রকাশিত হয়। হাজার চুরাশির মা (১৯৭৪, উপন্যাস) অরণ্যের অধিকার (১৯৭৯, উপন্যাস) অগ্নিগর্ভ (১৯৭৮, ছোটোগল্প সংকলন) মূর্তি (১৯৭৯, ছোটোগল্প সংকলন) নীড়েতে মেঘ (১৯৭৯, ছোটোগল্প সংকলন) স্তন্যদায়িনী (১৯৮০, ছোটোগল্প সংকলন) চোট্টি মুন্ডা এবং তার তীর (১৯৮০, ছোটোগল্প সংকলন)","ভারতীয় বাঙালি কথাসাহিত্যিক মহাশ্বেতা দেবীর ""হাজার চুরাশির মা"" গ্রন্থটি কবে প্রকাশিত হয় ?",১৯৭৪,১৯৭৯ সালে প্রকাশিত হয়।,yes,yes
bengali-167407130057280550-0::specificity,bengali-167407130057280550-0,specificity,"ডক্টর ভীমরাও রামজি আম্বেডকর (Marathi: डॉ.भीमराव रामजी आंबेडकर) (১৪ই এপ্রিল ১৮৯১ - ৬ই ডিসেম্বর ১৯৫৬) ছিলেন একজন ভারতীয় ব্যবহারশাস্ত্রজ্ঞ (জ্যুরিস্ট), রাজনৈতিক নেতা, বৌদ্ধ আন্দোলনকারী, দার্শনিক, চিন্তাবিদ, নৃতত্ত্ববিদ, ঐতিহাসিক, বাগ্মী, বিশিষ্ট লেখক, অর্থনীতিবিদ, পণ্ডিত, সম্পাদক, রাষ্ট্রবিপ্লবী ও বৌদ্ধ পুনর্জাগরণবাদী। তিনি বাবাসাহেব নামেও পরিচিত ছিলেন। তিনি ভারতের সংবিধানের[1] খসড়া কার্যনির্বাহক সমিতির সভাপতিও ছিলেন। তিনি ভারতীয় জাতীয়তাবাদী এবং ভারতের দলিত আন্দোলনের অন্যতম পুরোধা। ইনি ভারতের সংবিধানের মুখ্য স্থাপক। ২০১২ সালে হিস্ট্রি টি. ভি.১৮ আয়োজিত একটি বিশেষ অনুষ্ঠানে ভারতীয়দের ভোটের দ্বারা তিনি ""শ্রেষ্ঠ ভারতীয়""ও নির্বাচিত হন।",ভারতের সংবিধানটির রচয়িতা কে ?,ভীমরাও রামজি আম্বেডকর,ভারতের সংবিধানটির প্রধান ব্যাখ্যাতা ছিলেন ভীমরাও রামজি আম্বেডকর।,yes,yes
bengali-2137617561811032811-0::comprehension,bengali-2137617561811032811-0,comprehension,"আলমগীর (জন্ম: ৩ এপ্রিল, ১৯৫০) বাংলাদেশের জনপ্রিয় চলচ্চিত্রাভিনেতা।[1] আলমগীর আশি ও নব্বইয়ের দশকে দাপটের সঙ্গে কাজ করেছেন। পারিবারিক টানাপোড়েন, সামাজিক অ্যাকশন, রোমান্টিক অ্যাকশন, ফোক ফ্যান্টাসিসহ সব ধরনের চলচ্চিত্রে তিনি ছিলেন সফল। অভিনয়ের পাশাপাশি প্রযোজক, গায়ক ও পরিচালক হিসেবে সুনাম কুড়িয়েছেন।[2] তিনি শ্রেষ্ঠ অভিনেতা ও শ্রেষ্ঠ পার্শ্বচরিত্রে অভিনেতা বিভাগে ৯ বার জাতীয় চলচ্চিত্র পুরস্কার অর্জন করেছেন।[3]",আলমগীর কবির কবে জন্মগ্রহণ করেন ?,"৩ এপ্রিল, ১৯৫০",আলমগীর ১৯৫০ সালের ৩ এপ্রিল জন্মগ্রহণ করেন।,yes,yes
bengali--6220420306282752581-2::specificity,bengali--6220420306282752581-2,specificity,"দেবশ্রী রায় এর জন্ম, বেড়ে ওঠা কলকাতায়। তার পিতার নাম বীরেন্দ্র কিশোর রায় এবং মায়ের নাম আরতি রায়। ১৯৬৯ সনে তিনি প্রথম ""বালক গদাধর"" নামে একটি চলচিত্রে শিশুশিল্পী হিসেবে অভিনয় করেন, যার পরিচালক ছিলেন হরিময় সেন। তিনি কলকাতার এ পি জে ,পার্ক স্ট্রীট শাখার স্কুলের ছাত্রী ছিলেন, যদিও নাচের প্রতি অত্যধিক ঝোঁক থাকার কারণে বেশিদূর এগোতে পারেন নি। তার ডাক নাম চুমকি।",দেবশ্রী রায়ের মায়ের নাম কি ?,আরতি রায়,দেবশ্রী রায়ের মায়ের নাম সম্ভবত কলকাতার আরতি দেবী রায়।,yes,yes
bengali-191043718888057926-0::specificity,bengali-191043718888057926-0,specificity,অপারেশন জ্যাকপট বাংলাদেশের স্বাধীনতা যুদ্ধের সময় নৌ-সেক্টর পরিচালিত সফলতম গেরিলা অপারেশন। এটি ছিল একটি আত্মঘাতী অপারেশন। এ অপারেশন ১৯৭১-এর ১৫ আগস্ট রাত ১২টার পর অর্থাৎ ১৬ আগস্ট প্রথম প্রহরে চট্টগ্রাম ও মংলা সমুদ্র বন্দর এবং দেশের অভ্যন্তরে চাঁদপুর ও নারায়ণগঞ্জ নদী বন্দরে একই সময়ে পরিচালিত হয়।[6] ১০নং সেক্টরের অধীনে ট্রেনিং প্রাপ্ত নৌ কমান্ডো যোদ্ধাদের অসীম সাহসিকতার নিদর্শন এই অপারেশন জ্যাকপট। এই গেরিলা অপারেশনে পাকিস্তানি বাহিনীর অনেকগুলো অস্ত্র ও রসদবাহী জাহাজ ধ্বংসপ্রাপ্ত ও বড় রকমের ক্ষতিগ্রস্ত হয়। ক্ষতিগ্রস্ত ও ধ্বংসপ্রাপ্ত জাহাজগুলোর মধ্যে পাকিস্তানি বাহিনীকে সাহায্যকারী অনেকগুলো বিদেশি জাহাজও থাকায় এই অপারেশন বাংলাদেশের যুদ্ধ এবং যোদ্ধাদেরকে সারা বিশ্বে পরিচিতি পাইয়ে দেয়।সারা বিশ্ব বুঝতে পারে বাংলাদেশ পাকিস্তানের সঙ্গে পাল্লা দিয়েই লড়ছে।,বাংলাদেশের স্বাধীনতা যুদ্ধের সময় নৌ-সেক্টর পরিচালিত অপারেশন জ্যাকপট কোথায় সংঘটিত হয় ?,চট্টগ্রাম ও মংলা সমুদ্র বন্দর এবং দেশের অভ্যন্তরে চাঁদপুর ও নারায়ণগঞ্জ নদী বন্দরে,অপারেশন জ্যাকপট মূলত চট্টগ্রাম সমুদ্রবন্দর ও খুলনা নৌঘাঁটিতে সংঘটিত হয়।,yes,yes
bengali-7402816199744955879-3::factualness,bengali-7402816199744955879-3,factualness,"১৬৫৮ সালে শাহজাহানের জ্যেষ্ঠ পুত্র দারাশিকো রাজ শাসকের প্রতিনিধি হিসেবে ক্ষমতায় আরোহন করে। শাহজাহানের অপর পুত্র আওরঙ্গজেব কিছু ধর্মভিত্তিক গোষ্ঠীর সহায়তায় দিল্লির সিংহাসন দখল করেন। ১৬৫৯ সালে আওরঙ্গজেব তার ভাইকে যুদ্ধে পরাজিত করেন এবং মৃত্যুদণ্ড প্রদান করেন।[7] যদিও শাহজাহান তখন সম্পূর্ণ সুস্থ ছিলেন, তথাপি আওরঙ্গজেব তাকে অসুস্থতার অজুহাত দেখিয়ে রাজকার্য পরিচালনা করার অযোগ্য ঘোষণা করে তাকে গৃহবন্দী করে রাখেন।",মুঘল সম্রাট জাহাঙ্গীরের পর কে মুঘল সম্রাট হন ?,আওরঙ্গজেব,শাহজাহান মুঘল সম্রাট হন।,yes,yes
bengali-7685770490493527166-3::comprehension,bengali-7685770490493527166-3,comprehension,"এই চলচ্চিত্রের দৃশ্যকল্প ঠিক কে লিখেছেন তা অজানা, তবে ধারণা করা হয়  লয়েড লনারজান। কেননা যখন তিনি থানহাউসার প্রোডাকশনের স্ক্রিপরাইটারের কাজ করছিলেন তখন তিনি ছিলেন দ্য নিউ ইয়র্ক ইভিনিং ওয়াল্ড পত্রিকার একজন অভিজ্ঞ সংবাদকর্মী।[2] এই চলচ্চিত্রের পরিচালকের নাম অজানা তবে খুব সম্ভবত ব্যারি ও'নেইল। চলচ্চিত্র ইতিহাসবেত্তা কিউ. ডেবিড বাউয়ার্স এই প্রযোজনার জন্য একজন নয় বরং সম্ভাব্য দুইজন চিত্রগ্রাহকের অস্তিত্ব রয়েছে বলে ধারণা করেন। ব্লেয়ার স্মিথ, যিনি ছিলেন থানহাউসার কোম্পানির প্রথম চিত্রগ্রাহক কিন্তু, পরর্তীতে তিনি স্থির এবং মোশন ছবি বিষয়ে অভিজ্ঞ আলোকচিত্রী কার্ল লুইজ গ্রেগরির সাথে যোগ দিয়েছিলেন। ১৯১০ সালের চলচ্চিত্রে চিত্রগ্রাহকের ভূমিকা প্রযোজনায় স্বীকৃত থাকত না।[3] দ্য মর্ণিং পিকচার ওয়ার্ল্ড এই চলচ্চিত্রের অভিনয়ে হেমিং এবং ক্র্যানির নাম রয়েছে বলে ঘোষণা করেছে, কিন্তু বাউয়ার্স একটি অজানা চরিত্রে ""থানহাউসার কিড"" ম্যারি এলিনের কথাও যুক্ত করেন।[1][4] বিষয়টি অজানা তবে চলচ্চিত্রে ছোট্ট বালক উশারের ভূমিকায় সম্ভবত এলেনই অভিনয় করেছে। এই সময়ে এলেন নিজেকে পুরুষ চরিত্রে অভিনয়ের জন্য উপযুক্ত করে গড়ে তোলেন, যার ফলে দ্য টু রোজেস চলচ্চিত্রে এক ইতালীয় তরুণের ভূমিকায় তাকে দেখা যায়।[5] এলিনকে দ্য লিটল হিরো অব হল্যান্ড চলচ্চিত্রে হানস চরিত্রেও দেখা যায়।[6] থানহাউসারের অন্য একজন গুরুত্বপূর্ণ নারী এনা রোজমন্ডের এই চলচ্চিত্রে কোন ভূমিকা ছিল কিনা তা জানা যায় নি।[7]",দ্য মারমেইড চলচ্চিত্রটির পরিচালক কে ?,ব্যারি ও'নেইল,লয়েড লনারজান,yes,yes
bengali--8204875660906624650-32::comprehension,bengali--8204875660906624650-32,comprehension,"২৬ জুন ২০০৯ সালে রিয়াল মাদ্রিদ নিশ্চিত করে যে রোনালদো পহেলা জুলাই ২০০৯ সাল থেকে তাদের দলে যোগ দেবে। তার ট্রান্সফার ফি ছিল £৮০মিলিয়ন (€৯৪মিলিয়ন) যা তাঁকে বিশ্বের সবচেয়ে দামী খেলোয়াড় করে তোলে।[61] রিয়াল মাদ্রিদের সাথে তার চুক্তির মেয়াদ ছিল ৬ বছর।[62] চুক্তি অনুসারে তিনি প্রতি বছর €১১মিলিয়ন বেতন পেতেন।[63] তার বাইআউট ক্লসের মূল্য €১বিলিয়ন।[64] ৬ জুলাই রোনালদোকে রিয়াল মাদ্রিদের খেলোয়াড় হিসেবে বিশ্ব মিডিয়ার সামনে হাজির করা হয়,[65] যেখানে তাঁকে ৯ নং জার্সি দেয়া হয়।[66] তাঁকে রিয়াল মাদ্রিদের জার্সি প্রদান করেন আলফেদ্রো দি স্টেফানো।[67] রোনালদোকে রিয়াল মাদ্রিদে স্বাগত জানানোর জন্য ৮০,০০০ থেকে ৮৫,০০০ দর্শক স্যান্টিয়াগো বার্নাব্যুতে জড় হয়, যা দিয়াগো মারাদোনার ৭৫,০০০ দর্শকের রেকর্ড যা ১৯৮৪ সালে বার্সেলোনা থেকে নাপোলিতে আসার পর হয়েছিল তা ভঙ্গ হয়।[68][69] এই অনুষ্ঠানটি বিভিন্ন স্পেনীয় ও পর্তুগিজ টেলিভিশন চ্যানেলে সরাসরি সম্প্রচার করা হয়।[70][71]",ক্রিস্তিয়ানো রোনালদো মোট কত বছর রিয়াল মাদ্রিদ ক্লাবের হয়ে খেলেছেন ?,৬,৭ বছর,yes,yes
bengali--1321213040353142325-2::factualness,bengali--1321213040353142325-2,factualness,"মুসলমানদের বিশ্বাস ও ইসলামী গবেষকদের তথ্য মতে, কুরআর নাযিল ৬১০ খ্রীস্টাব্দে শুরু হয়, যখন ফেরেশতা জিব্রাঈল (Arabic: جبريل, Jibrīl or جبرائيل, Jibrāʾīl) মক্কা নগরীর হেরা পর্বতে, সর্ব প্রথম কোরআনের সূরা আলাক্ব এর প্রথম পাঁচটি আয়াত নবী মুহাম্মাদকে পাঠ করান। আর এই ধারাবাহীকতা ৬৩২ খ্রীস্টব্দে তাঁর  মৃত্যুর মাধ্যমে শেষ হয়।[1] আমরা আজ যে কোরআন গ্রন্থাকারে দেখতে পাই, সেটি সংকল করেছেন ইসলামের তৃতীয় খলিফা উসমান রাযিআল্লাহু তা'আলা আনহু(৬৪৪ থেকে ৬৫৬)। তিনি আমিরুল মু'মিনিন বা বিশ্বাসীদের নেতা হিসাবে তাঁর খিলাফতের (ইসলামিক সরকারের) সময় হুুযায়ফা ইবনে ইয়েমেনি (রা:) এর পরামর্শে এ দায়িত্ব পালন করেন। যার জন্য তাকে আজও জামিউল কুরআন বা কুরআন সংকলনকারি বলা হয়। আর পুরো বিশ্বে তাঁর সময়ে লিপিবদ্ধ করা কুরআন প্রচলিত রয়েছে। অধ্যাপক ফ্রান্সিস এডওয়ার্ড পিটার্স এর ভাষ্যমতে, কুরআন সংরক্ষণের ক্ষেত্রে, পক্ষপাত এড়াতে অত্যন্ত রক্ষণশীলতা ও সর্বাধিক সতর্কতা অবলম্বন করা হয়েছে।[2]",ইসলাম ধর্মের সবচেয়ে পবিত্র বই কোরান কবে রচিত হয়েছিল ?,৬৩২ খ্রীস্টব্দে,৬৩৫ খ্রীস্টাব্দে সম্পূর্ণ রচিত হয়।,yes,yes
bengali-1734415256912220531-3::specificity,bengali-1734415256912220531-3,specificity,১৯৮৩ সালে ডেভিড চৌম তার গবেষণা পত্রে ডিজিটাল মুদ্রার ধারণা দিয়েছিলেন।[5] ১৯৯০ সালে তিনি ডিজিক্যাশ (DigiCash) একটি ইলেকট্রনিক নগদ সংস্থা (ক্যাশ কোম্পানি) প্রতিষ্ঠা করেন। আমস্টারডামে তার গবেষণার বাণিজ্যিক বিকাশ ঘটানোর জন্য তিনি এটি করেন।[6],ডিজিটাল মুদ্রার ধারণা প্রথম কে প্রদান করেন ?,ডেভিড চৌম,ডিজিটাল মুদ্রার ধারণা প্রথম ১৯৯০ সালে ডিজিক্যাশ কোম্পানি প্রদান করে।,no,no
bengali--1831213595878006436-0::comprehension,bengali--1831213595878006436-0,comprehension,ই-ইঙ্ক বা ইলেক্ট্রোফোরেটিক ইঙ্ক এক ধরনের ইলেক্ট্রনিক কাগজ বা পর্দা যা ই ইঙ্ক কর্পোরেশন নামক একটি প্রতিষ্ঠান কর্তৃক শিল্পজাতকৃত। এমআইটি মিডিয়া ল্যাব সর্বপ্রথম ই-ইঙ্ক প্রযুক্তি নিয়ে গবেষণা শুরু করে। পরবর্তীতে ১৯৯৭ সালে এমআইটির ই-ইঙ্ক গবেষণা প্রকল্পের উপর ভিক্তি করে ই ইঙ্ক কর্পোরেশন প্রতিষ্ঠিত হয়। ১৯৯৬ সালের এক পেটেন্ট অণুযায়ী জোসেফ জ্যাকবসন এবং ব্যারেট কমিস্কিকে ই-ইঙ্ক প্রযুক্তির উদ্ভাবক হিসেবে স্বীকৃতি দেয়া হয়েছে।[1],ই ইঙ্ক কর্পোরেশনের প্রতিষ্ঠাতা কে ?,জোসেফ জ্যাকবসন এবং ব্যারেট কমিস্কি,এমআইটি মিডিয়া ল্যাবের গবেষক দল,yes,yes
bengali--2070463653245554753-1::specificity,bengali--2070463653245554753-1,specificity,"শাফায়াত জামিল মার্চ ১, ১৯৪০ তারিখে কিশোরগঞ্জ জেলার কুলিয়ারচর উপজেলার খড়গমারা গ্রামে জন্মগ্রহণ করেন। তাঁর বাবার নাম এ এইচ এম করিমউল্লাহ এবং মায়ের নাম লায়লা জোহরা বেগম। তাঁর পিতা এএইচ করিমুল্লাহ ছিল ইস্ট পাকিস্তান সিভিল সার্ভিস (জুডিশিয়াল) অফিসার ছিলেন। তার স্ত্রীর নাম রাশিদা শাফায়াত। তাঁদের তিন ছেলে। শাফায়াত জামিল ঢাকা কলেজ, ঢাকা বিশ্ববিদ্যালয় এবং পাকিস্তান মিলিটারি একাডেমী থেকে শিক্ষা গ্রহন করেন। তিনি ঐ একাডেমীতে জেনারেল পারভেজ মুশাররফের (পরবর্তীতে পাকিস্তানের প্রেসিডেন্ট) সহপাঠি ছিলেন।",বাংলাদেশের স্বাধীনতা যুদ্ধের বীর মুক্তিযোদ্ধা কর্নেল শাফায়াত জামিলের বাবার নাম কী ?,এ এইচ এম করিমউল্লাহ,তার বাবার নাম সম্ভবত করিমুল্লাহ জামিল।,yes,yes
bengali--1146659921200539894-2::specificity,bengali--1146659921200539894-2,specificity,"ডা: নিশিকান্ত বসু ও হেমলতা বসুর তৃতীয় সন্তান জ্যোতি বসুর জন্ম ১৯১৪ খ্রিস্টাব্দের ৮ জুলাই কলকাতার ৪৩/১ হ্যারিসন রোডস্থ (বর্তমান মহাত্মা গান্ধী রোড) বাসভবনে।[4] তাঁর প্রকৃত নাম ছিল জ্যোতিরিন্দ্র বসু; ডাকনাম ছিল গনা। পিতা নিশিকান্ত ছিলেন এক প্রথিতযশা ডাক্তার এবং মা হেমলতা ছিলেন এক গৃহবধূ।[5] ১৯১৭ খ্রিস্টাব্দে তাঁর পিতামাতা ওল্ড হিন্দুস্তান বিল্ডিং-এর (বর্তমান ফুটনানি চেম্বার) একটি ভাড়াবাড়িতে উঠে আসেন। ১৯২০ খ্রিস্টাব্দে কলকাতারই ৫৫এ হিন্দুস্তান রোডস্থ নিজস্ব বাসভবনে উঠে আসেন তাঁরা। উল্লেখ্য, বসু পরিবারের আদিনিবাস ছিল ব্রিটিশ বাংলা প্রদেশের ঢাকা জেলার (অধুনা বাংলাদেশ রাষ্ট্রের নারায়ণগঞ্জ জেলার সোনারগাঁ উপজেলার বারদী গ্রামে।)[ক]",জ্যোতি বসুর আদি বাড়ি কোথায় ?,ঢাকা জেলার (অধুনা বাংলাদেশ রাষ্ট্রের নারায়ণগঞ্জ জেলার সোনারগাঁ উপজেলার বারদী গ্রামে,জ্যোতি বসুর আদি বাড়ি ছিল কলকাতার হিন্দুস্তান রোডে।,yes,yes
bengali-7598272783189345090-0::comprehension,bengali-7598272783189345090-0,comprehension,ডাব্লিউডাব্লিউই ওয়ার্ল্ড চ্যাম্পিয়নশিপ হল পেশাদার কুস্তি প্রতিযোগীতার একটি চ্যাম্পিয়নশিপ। এটি তৈরি ও প্রবর্তন করেছে আমেরিকান পেশাদার কুস্তি প্রমোশন ডাব্লিউডাব্লিউই। ১৯৬৩ সালের ২৫ এপ্রিল মাসে তৎকালীন ওয়ার্ল্ড ওয়াইড রেসলিং ফেডারেশন (বর্তমানে ডাব্লিউডাব্লিউই) ডাব্লিউডাব্লিউডাব্লিউএফ ওয়ার্ল্ড হেভিওয়েট চ্যাম্পিয়নশিপ হিসেবে প্রতিষ্ঠা করে। প্রাক্তন  চ্যাম্পিয়ন সেথ রলিন্স প্রথম ব্যক্তি যিনি মানি ইন দ্য ব্যাংক চুক্তি ক্যাশ ইন করে  রেসেলম্যানিয়া ৩১ এ চ্যাম্পিয়ন হয়।,ডাব্লিউডাব্লিউই কত সালে প্রতিষ্ঠিত হয় ?,১৯৬৩ সালের ২৫ এপ্রিল,১৯৫২ সালের ১৪ জুন,yes,yes
bengali-2173668651609966956-0::specificity,bengali-2173668651609966956-0,specificity,"শাহ মখদুম রূপোশ (১২১৬-১৩১৩ খ্রিস্টাব্দ) বাংলার প্রথিতযশা সুফী সাধক এবং ধর্ম-প্রচারকদের মধ্যে অন্যতম। তিনি ত্রয়োদশ শতাব্দীর শেষার্ধে এবং চতুর্দশ শতাব্দীর শুরুতে বাংলাদেশ তথা রাজশাহী অঞ্চলে ইসলামের সুমহান বানী প্রচার করেছিলেন।[1] তার অনুপম ব্যাক্তিত্বে মুগ্ধ হয়ে শত শত মানুষ ইসলাম ধর্মে দীক্ষা গ্রহণ  করেন। মূলত শাহ মখদুমের মাধ্যমেই বরেন্দ্র[2] এবং গৌড়[2] অঞ্চলে ইসলাম ধর্ম বিস্তার লাভ করে।[3] বর্তমানে এসব অঞ্চল মুসলিম সংখ্যাগরিষ্ঠ অঞ্চল। শাহ মখদুমের প্রকৃত নাম আব্দুল কুদ্দুস। ধর্ম এবং জ্ঞান সাধনায় অনন্য দৃষ্টান্ত স্থাপন করার জন্য বিভিন্ন সময়ে তার নামের সাথে “শাহ”, “মখদুম”, “রূপোশ” ইত্যাদি উপাধি যুক্ত হয়। তিনি শাহ মখদুম রূপোশ নামেই সারা পৃথিবীতে বিখ্যাত।",শাহ মখদুম রূপোশ কবে জন্মগ্রহণ করেন ?,১২১৬,শাহ মখদুম রূপোশ সম্ভবত ত্রয়োদশ শতাব্দীর শেষভাগে জন্মগ্রহণ করেন।,yes,yes
bengali--5964381449812256738-1::specificity,bengali--5964381449812256738-1,specificity,"২১১.৮১ বর্গ কি.মি. আয়তনের বিরামপুর উপজেলার ওয়ার্ড ৯টি ও মহল্লা ২৯টি। এই উপজেলার উত্তরে ফুলবাড়ী উপজেলা ও নবাবগঞ্জ উপজেলা, দক্ষিণে হাকিমপুর উপজেলা ও ভারতের পশ্চিমবঙ্গ, পূর্বে নবাবগঞ্জ উপজেলা ও হাকিমপুর উপজেলা এবং পশ্চিমে ফুলবাড়ী উপজেলা ও পশ্চিমবঙ্গ দ্বারা ঘেরা। নদনদীর মধ্যে যমুনার শাখা নদী উল্লেখযোগ্য।এটি মূলত যমুনা নদীর উপবাহিকা। রাজধানী ঢাকা থেকে এটি প্রায় ৩০০ কী:মি: উত্তরে এবং দিনাজপুর সদর থেকে এটি ৫৬ কি.মি. দক্ষিনে অবস্থিত।",বিরামপুর উপজেলার মোট আয়তন কত ?,২১১.৮১ বর্গ কি.মি,বিরামপুর উপজেলার মোট আয়তন প্রায় ৩০০ বর্গ কি.মি.,yes,yes
bengali-8974397943858364761-7::comprehension,bengali-8974397943858364761-7,comprehension,"হাকালুকি হাওর বাংলাদেশের সর্ববৃহৎ হাওর। এর আয়তন ১৮,১১৫ হেক্টর, তন্মধ্যে শুধুমাত্র বিলের আয়তন ৪,৪০০ হেক্টর। এটি বৃহত্তর সিলেট জেলার় বড়লেখা (৪০%), কুলাউড়া (৩০%), ফেঞ্চুগঞ্জ (১৫%), গোলাপগঞ্জ (১০%) এবং বিয়ানীবাজার (৫%) জুড়ে বিস্তৃত। ভূতাত্ত্বিকভাবে এর অবস্থান, উত্তরে ভারতের মেঘালয় পাহাড় এবং পূর্বে ত্রিপুরা পাহাড়ের পাদদেশে। ভূতাত্ত্বিক বৈশিষ্ট্যের কারণে উজানে প্রচুর পাহাড় থাকায় হাকালুকি হাওরে প্রায় প্রতি বছরই আকষ্মিক বন্যা হয়। এই হাওরে ৮০-৯০টি ছোট, বড় ও মাঝারি বিল রয়েছে।[2] শীতকালে এসব বিলকে ঘিরে পরিযায়ী পাখিদের বিচরণে মুখর হয়ে উঠে গোটা এলাকা।[3]",হাকালুকি হাওর বাংলাদেশের কোন জেলায় অবস্থিত ?,সিলেট,মৌলভীবাজার জেলায় অবস্থিত।,yes,yes
bengali-3335805239407296143-3::comprehension,bengali-3335805239407296143-3,comprehension,"ঈশ্বর শব্দের মূল ""ঈশ্"" এর অর্থ হল,দক্ষ, মালিক,শাসক।[9] দ্বিতীয় অংশ 'বর' যার আভিধানিক অর্থ হল ""সেরা, চমৎকার, সুন্দর, শাসক""।[10] অতএব, যুগপৎভাবে  ঈশ্বর শব্দের অর্থ হল; সেরা বা সুন্দরের স্রষ্টা।",ঈশ্বর শব্দের অর্থ কী ?,সেরা বা সুন্দরের স্রষ্টা,ঈশ্বর শব্দের অর্থ হলো দক্ষ শাসক বা মালিক।,no,no
bengali--5526839803787627428-10::comprehension,bengali--5526839803787627428-10,comprehension,"পেরুর বর্তমান অধিনায়ক হিসেবে রয়েছেন ফরোয়ার্ড পাউলো গুরিরো।[2] মধ্যমাঠের খেলোয়াড় লিওপোল্ডো বাসুর্তো দলের প্রথম অধিনায়ক ছিলেন।[33] ১৯৬৫ থেকে ১৯৮১ সাল পর্যন্ত রক্ষণভাগের খেলোয়াড় হেক্টর চাম্পিতাজ পেরু দলে সবচেয়ে বেশী সময় নেতৃত্বে ছিলেন।[2] ফরোয়ার্ড ক্লদিও পিজারো ২০০৩ থেকে ২০১৬ সাল পর্যন্ত দ্বিতীয় সর্বাধিক সময় দলকে নেতৃত্ব দিয়েছেন।[33] দলের অন্যান্য উল্লেখযোগ্য খেলোয়াড়ের মধ্যে রয়েছেন - রুবেন দিয়াজ, জুলিও সিজার ইউরাই, জুয়ান রেনোসো ও নোলবার্তো সোলানো।[2]",পেরু জাতীয় ফুটবল দলটির প্রথম অধিনায়ক কে ছিলেন ?,লিওপোল্ডো বাসুর্তো,ক্লদিও পিজারো ছিলেন পেরু দলের প্রথম অধিনায়ক।,yes,yes
bengali--6019328074616099894-17::factualness,bengali--6019328074616099894-17,factualness,"১৪৯২ খ্রিষ্টাব্দের ২ জানুয়ারি কর্ডোবার নাসরি রাজ্যের পতনের মাধ্যমে ইবেরিয়ায় মুসলিম শাসনের সমাপ্তি হয়। গ্রানাডার শেষ মুসলিম শাসক দ্বাদশ মুহাম্মদ যিনি বোয়াবদিল নামে পরিচিত, আরাগনের রাজা দ্বিতীয় ফার্ডিনেন্ড ও কাস্টিলের রাণী প্রথম ইসাবেলার কাছে আত্মসমর্পণ করেন।",উমাইয়া রাজবংশের সর্বশেষ রাজা কে ?,দ্বাদশ মুহাম্মদ,একাদশ মুহাম্মদ বোয়াবদিল,no,no
bengali-7845069419413269420-2::inference,bengali-7845069419413269420-2,inference,"১৯৭১ খ্রিস্টাব্দে বাংলাদেশের মুক্তিযুদ্ধ চলাকালে পাকিস্তানী সেনাবাহিনী তাঁকে আটক করে এবং নির্যাতনের পর হত্যার জন্য গুলি চালায়। তিনি অলৌকিকভাবে বেঁচে যান।[2] হুমায়ূন আহমেদ রচিত প্রথম উপন্যাস নন্দিত নরকে, ১৯৭২ সালে প্রকাশিত হয়। সত্তর দশকের এই সময় থেকে শুরু করে মৃত্যু অবধি তিনি ছিলেন বাংলা গল্প-উপন্যাসের অপ্রতিদ্বন্দ্বী কারিগর। এই কালপর্বে তাঁর গল্প-উপন্যাসের জনপ্রিয়তা ছিল তুলনারহিত। তাঁর সৃষ্ট হিমু এবং মিসির আলি ও শুভ্র চরিত্রগুলি বাংলাদেশের যুবকশ্রেণীকে গভীরভাবে উদ্বেলিত করেছে। বিজ্ঞান কল্পকাহিনীও তাঁর সৃষ্টিকর্মের অন্তর্গত, তাঁর রচিত প্রথম বিজ্ঞান কল্পকাহিনী তোমাদের জন্য ভালোবাসা। তাঁর নির্মিত চলচ্চিত্রসমূহ পেয়েছে অসামান্য দর্শকপ্রিয়তা। তবে তাঁর টেলিভিশন নাটকগুলি ছিল সর্বাধিক জনপ্রিয়। সংখ্যায় বেশি না হলেও তাঁর রচিত গানগুলোও জনপ্রিয়তা লাভ করে। তাঁর অন্যতম উপন্যাস হলো মধ্যাহ্ন, জোছনা ও জননীর গল্প, মাতাল হাওয়া, লীলাবতী, কবি, বাদশাহ নামদার ইত্যাদি। বাংলা সাহিত্যের উপন্যাস শাখায় অসামান্য অবদানের জন্য তিনি ১৯৮১ সালে বাংলা একাডেমি প্রদত্ত বাংলা একাডেমি সাহিত্য পুরস্কার লাভ করেন। এছাড়া বাংলা ভাষা ও সাহিত্যে তাঁর অবদানের জন্য ১৯৯৪ সালে বাংলাদেশ সরকার তাঁকে একুশে পদকে ভূষিত করে।",প্রখ্যাত ঔপন্যাসিক হুমায়ূন আহমেদ রচিত প্রথম উপন্যাসটি কবে প্রথম প্রকাশিত হয় ?,১৯৭২ সালে,১৯৭১ সালে প্রথম প্রকাশিত হয়।,yes,yes
bengali--3468434785411613061-9::factualness,bengali--3468434785411613061-9,factualness,১৯১২ সালে ইবনে সৌদ নজদ ও আরবের পূর্ব উপকূলে তার অভিযান সম্পন্ন করেন। এরপর তিনি ইখওয়ান নামক বাহিনী গঠন করেন। একই বছর যাযাবর বেদুইনদেরকে বিভিন্ন কলোনিতে বসতি স্থাপন করার নীতি চালু করেন।,ইখওয়ান দলটি কবে গঠিত হয় ?,১৯১২ সালে,ইখওয়ান দলটি ১৯১৩ সালে গঠিত হয়।,no,no
bengali--9105179977372456588-2::comprehension,bengali--9105179977372456588-2,comprehension,১৯৬৫ সালের ৩১ জুলাই ইংল্যান্ডের গ্লুসেস্টারশায়ারের ইয়েটে শহরে জন্মগ্রহণ করেন জে.কে. রাউলিং। তার বাবার নাম পিটার এবং মায়ের নাম অ্যানি। তার বাবা ছিলেন ইঞ্জিনিয়ার এবং মা ছিলেন গবেষণাগারের টেকনিশিয়ান। রাউলিং এর পুরো নাম জোয়ান ক্যাথলিন রাউলিং। রাউলিং এর ছোট আরও এক বোন রয়েছে। ছোটবেলাটা কাটে গ্রাম্য পরিবেশে।,জে. কে. রাউলিং-এর মায়ের নাম কী ?,অ্যানি,পিটার,no,no
bengali--702710937599857272-3::inference,bengali--702710937599857272-3,inference,"হালাকু খানের কমপক্ষে তিনজন সন্তান ছিল। তারা হলেন আবাকা খান, তাকুদার ও তারাকাই। আবাকা খান ১২৬৫ থেকে ১২৮২ সাল পর্যন্ত পারস্যের দ্বিতীয় ইলখান ছিলেন। এরপর তাকুদার ১২৮২ থেকে ১২৮৪ পর্যন্ত ইলখান ছিলেন। তারাকাইয়ের পুত্র বাইদু ১২৯৫ সালে ইলখান হন।[4] ১৫শ শতাব্দীর ইতিহাসবিদ মীর খাওয়ান্দ আরো দুই সন্তানের নাম উল্লেখ করেছেন তারা হলেন হিয়াক্সামাত ও তানদুন। হিয়াক্সামাত প্রথমে আর্মেনিয়া ও আজারবাইজান এবং তানদুন দিয়ারবাকির ও ইরাকের গভর্নরের দায়িত্বে ছিলেন।[5] তাদের জন্মের ধারাবাহিকতার তালিকাটি এভাবে লিপিবদ্ধ রয়েছে: আবাকা, হিয়াক্সামাত, তানদুন তাকুদার ও তারাকাই। হালাকু খানের পুত্রবধু আবশ খাতুন ১২৬৩ সালে শিরাজ শাসনের দায়িত্ব পান।[6]",ইলখানাতের দ্বিতীয় শাসক কে ছিলেন ?,আবাকা খান,ইলখানাতের দ্বিতীয় শাসক ছিলেন তাকুদার।,yes,yes
bengali-3279821707062003108-0::inference,bengali-3279821707062003108-0,inference,"কুদানকুলাম পরমাণবিক বিদ্যুৎ কেন্দ্র ভারতের তামিলনাড়ু রাজ্যের দক্ষিনে সমুদ্রতীরে গড়ে উঠেছে। বিদ্যুৎ কেন্দ্রটি ভারত সরকার রাশিয়ার সহযোগিতায় গড়ে তুলেছে। ২০০২ এর ৩১শে মার্চ পরমাণবিক বিদ্যুৎ কেন্দ্রটির নির্মাণ কাজ শুরু হয়।[3] কিন্তু স্থানীয় জেলেদের বিরোধের কারণে নির্মাণ কাজ বিলম্বের সম্মুখীন হয়েছিল।[4][5] কেকেএনপিপি-এর ৬,০০০ মেগাওয়াট বিদ্যুৎ উৎপাদন ক্ষমতা সহ, রাশিয়ান স্টেট কোম্পানী এবং ভারতীয় পারমাণবিক শক্তি নিগম (এনপিসিআইএল)-এর সহযোগিতায় ৬ টি ভিভিইআর-১০০০ চুল্লি স্থাপনের পরিকল্পনা করা হয়েছিল। [6]",ভারতের তামিলনাড়ু রাজ্যের কুদানকুলাম পরমাণবিক বিদ্যুৎ কেন্দ্রটির নির্মাণ কাজ কোন সাল থেকে শুরু হয়েছিল ?,২০০২,নির্মাণ কাজ শুরু হয় ২০০৩ সালে।,yes,yes
bengali-7889114752604636566-0::comprehension,bengali-7889114752604636566-0,comprehension,রাজশাহী কলেজ বাংলাদেশের রাজশাহী শহরে অবস্থিত একটি শিক্ষাপ্রতিষ্ঠান। ১৮৭৩ সালে এই কলেজটি প্রতিষ্ঠিত হয়। ঢাকা কলেজ ও চট্টগ্রাম কলেজ এর পরে রাজশাহী কলেজ বাংলাদেশের ৩য় প্রাচীনতম কলেজ। জাতীয় বিশ্ববিদ্যালয়ের অধিভুক্ত স্নাতক ও স্নাতকোত্তর স্তরের ৬৮৫টি কলেজের ২০১৫ সালের তথ্যের ভিত্তিতে রাজশাহী কলেজ বাংলাদেশের সেরা কলেজ।[1][2] বাংলাদেশে এই কলেজ হতেই সর্বপ্রথম মাস্টার্স ডিগ্রি প্রদান করা শুরু হয়। কলেজটি রাজশাহী শহরের কেন্দ্রস্থলে রাজশাহী কলেজিয়েট স্কুল এর পাশে অবস্থিত। এই প্রাচীন কলেজের পাশে অবস্থিত হবার কারণে স্কুলটির নাম কলেজিয়েট রাখা হয়েছিলো । এটি বাংলাদেশ জাতীয় বিশ্ববিদ‍্যালয়ের অধীনে মাস্টার্স ও সম্মান ডিগ্রি প্রদান করে থাকে। ১৯৯৬ সাল থেকে এই কলেজে উচ্চ মাধ্যমিক স্তরে ছাত্র নথিভুক্ত করা বন্ধ করা হলেও বর্তমানে ২০১০-১১ শিক্ষাবর্ষ থেকে পুনরায় ভর্তি করা হচ্ছে।,রাজশাহী কলেজ কোন বিশ্ববিদ্যালয়ের অন্তর্গত ?,বাংলাদেশ জাতীয় বিশ্ববিদ‍্যালয়ের,রাজশাহী কলেজ রাজশাহী বিশ্ববিদ্যালয়ের অন্তর্গত।,yes,yes
bengali-2641143326428525515-3::specificity,bengali-2641143326428525515-3,specificity,১৯৮৩ সালে ডেভিড চৌম তার গবেষণা পত্রে ডিজিটাল মুদ্রার ধারণা দিয়েছিলেন।[5] ১৯৯০ সালে তিনি ডিজিক্যাশ (DigiCash) একটি ইলেকট্রনিক নগদ সংস্থা (ক্যাশ কোম্পানি) প্রতিষ্ঠা করেন। আমস্টারডামে তার গবেষণার বাণিজ্যিক বিকাশ ঘটানোর জন্য তিনি এটি করেন।[6],ডিজিটাল মুদ্রার ধারণা প্রথম কে দিয়েছিলেন ?,ডেভিড চৌম,ডিজিটাল মুদ্রার ধারণাটি প্রথম ১৯৯০ সালে ডিজিক্যাশ প্রতিষ্ঠার সময় দেওয়া হয়েছিল।,no,no
bengali-9158892565348486165-0::comprehension,bengali-9158892565348486165-0,comprehension,"শম্ভু মিত্র (২২ অগস্ট, ১৯১৫ – ১৯ মে, ১৯৯৭) ছিলেন বাংলা তথা ভারতীয় নাট্যজগতের এক কিংবদন্তি ব্যক্তিত্ব, স্বনামধন্য আবৃত্তিশিল্পী ও চলচ্চিত্র অভিনেতা। ১৯৩৯ সালে বাণিজ্যিক নাট্যমঞ্চে যোগ দেন। পরে ভারতীয় গণনাট্য সংঘের সদস্য হন। ১৯৪৮ সালে মনোরঞ্জন ভট্টাচার্যের নেতৃত্বে গড়ে তোলেন নাট্যসংস্থা বহুরূপী। ১৯৪৯ সাল থেকে ১৯৭১ সাল পর্যন্ত বহুরূপীর প্রযোজনায় রবীন্দ্রনাথ ঠাকুর, সফোক্লিস, হেনরিক ইবসেন, তুলসী লাহিড়ী এবং অন্যান্য বিশিষ্ট নাট্যকারের রচনা তাঁর পরিচালনায় মঞ্চস্থ হয়। শম্ভু মিত্রের স্ত্রী তৃপ্তি মিত্র ও কন্যা শাঁওলী মিত্রও স্বনামধন্য মঞ্চাভিনেত্রী। শাঁওলি মিত্রের নাট্যসংস্থা পঞ্চম বৈদিকের সঙ্গে আমৃত্যু যুক্ত ছিলেন শম্ভু মিত্র। তাঁর পরিচালনায় উল্লেখযোগ্য নাটকগুলি হল নবান্ন, দশচক্র, রক্তকরবী, রাজা অয়দিপাউস ইত্যাদি। তাঁর রচিত নাটকের মধ্যে চাঁদ বণিকের পালা সর্বাপেক্ষা উল্লেখযোগ্য। ১৯৭৬ সালে নাটক ও সাহিত্যে বিশেষ অবদানের জন্য তাঁকে ম্যাগসেসে পুরস্কার ও ভারত সরকারের পদ্মভূষণ সম্মানে ভূষিত করা হয়।",শম্ভু মিত্র কত সালে ভারত সরকারের পদ্মভূষণ সম্মানে ভূষিত হন ?,১৯৭৬,১৯৭১ সালে তিনি পদ্মশ্রী সম্মানে ভূষিত হন।,yes,yes
bengali--470226314479732209-2::comprehension,bengali--470226314479732209-2,comprehension,"মানালি শাসন ব্যবস্থার দিক থেকে কুল্লু জেলারই অন্তর্গত, এর জনসংখ্যা কম-বেশি ৩০,০০০. ছোট শহরটা প্রাচীন লাদাক বানিজ্য পথের শুরুতে এবং সেখান থেকে কারাকোরাম গিরিপথের উপর দিয়ে তারিম বেসিন-এর ইয়ারকন্দ আর খোটান পর্যন্ত এই পথ.",বর্তমানে মানালি শহরের মোট জনসংখ্যা কত ?,"কম-বেশি ৩০,০০০","বর্তমানে মানালি শহরের মোট জনসংখ্যা প্রায় ৫০,০০০ জন।",no,no
bengali-9158892565348486165-0::factualness,bengali-9158892565348486165-0,factualness,"শম্ভু মিত্র (২২ অগস্ট, ১৯১৫ – ১৯ মে, ১৯৯৭) ছিলেন বাংলা তথা ভারতীয় নাট্যজগতের এক কিংবদন্তি ব্যক্তিত্ব, স্বনামধন্য আবৃত্তিশিল্পী ও চলচ্চিত্র অভিনেতা। ১৯৩৯ সালে বাণিজ্যিক নাট্যমঞ্চে যোগ দেন। পরে ভারতীয় গণনাট্য সংঘের সদস্য হন। ১৯৪৮ সালে মনোরঞ্জন ভট্টাচার্যের নেতৃত্বে গড়ে তোলেন নাট্যসংস্থা বহুরূপী। ১৯৪৯ সাল থেকে ১৯৭১ সাল পর্যন্ত বহুরূপীর প্রযোজনায় রবীন্দ্রনাথ ঠাকুর, সফোক্লিস, হেনরিক ইবসেন, তুলসী লাহিড়ী এবং অন্যান্য বিশিষ্ট নাট্যকারের রচনা তাঁর পরিচালনায় মঞ্চস্থ হয়। শম্ভু মিত্রের স্ত্রী তৃপ্তি মিত্র ও কন্যা শাঁওলী মিত্রও স্বনামধন্য মঞ্চাভিনেত্রী। শাঁওলি মিত্রের নাট্যসংস্থা পঞ্চম বৈদিকের সঙ্গে আমৃত্যু যুক্ত ছিলেন শম্ভু মিত্র। তাঁর পরিচালনায় উল্লেখযোগ্য নাটকগুলি হল নবান্ন, দশচক্র, রক্তকরবী, রাজা অয়দিপাউস ইত্যাদি। তাঁর রচিত নাটকের মধ্যে চাঁদ বণিকের পালা সর্বাপেক্ষা উল্লেখযোগ্য। ১৯৭৬ সালে নাটক ও সাহিত্যে বিশেষ অবদানের জন্য তাঁকে ম্যাগসেসে পুরস্কার ও ভারত সরকারের পদ্মভূষণ সম্মানে ভূষিত করা হয়।",শম্ভু মিত্র কত সালে ভারত সরকারের পদ্মভূষণ সম্মানে ভূষিত হন ?,১৯৭৬,১৯৭৫ সালে তিনি ভারত সরকারের পদ্মভূষণ সম্মানে ভূষিত হন।,yes,yes
bengali--5439317380318953633-0::inference,bengali--5439317380318953633-0,inference,"আবু বিশর আমর ইবনে উসমান ইবনে কানবার আল বিসরি (আনুমানিক ৭৬০-৭৯৬) (Arabic: أبو بشر عمرو بن عثمان بن قنبر البصري‎), সাধারণভাবে সিবাওয়েহ নামে পরিচিত (سيبويه)  (তার মূল ফারসি নাম ছিল سیبویه Sēbōē), ছিলেন আরবি ভাষার একজন প্রভাবশালী ভাষাবিদ ও ব্যাকরণবিদ। তার লেখা আল কিতাব আরবি ভাষার প্রথম লিখিত ব্যাকরণ।[3] আরবি ব্যাকরণ ও ভাষাতত্ত্বে তার উল্লেখযোগ্য প্রভাব থাকলেও তিনি ছিলেন একজন পারসিয়ান এবং তার মাতৃভাষা আরবি ছিল না। তিনি পরবর্তী জীবনে আরবি শেখেন। তাকে আরবি ভাষার সর্বকালের শ্রেষ্ঠ ভাষাবিদ ও সকল ভাষার শ্রেষ্ঠ পন্ডিতদের অন্যতম ধরা হয়।[4]",আবু বিশর আমর ইবনে উসমান ইবনে কানবার আল বিসরি লিখিত সর্বপ্রথম ব্যাকরণ বইটির নাম কী ?,আল কিতাব,আল বাসরি,yes,yes
bengali--2235296158453058421-4::factualness,bengali--2235296158453058421-4,factualness,"গোলন্দাজ বাহিনীর প্রধান নিহত হওয়ার পর সিরাজউদ্দৌলা মীর জাফর ও রায় দুর্লভকে তাঁদের অশ্বারোহী বাহিনী নিয়ে তীব্র বেগে অগ্রসর হতে নির্দেশ দেন। কিন্তু উভয় সেনাপতি তাঁর নির্দেশ অমান্য করেন। তাঁদের যুক্তি ছিল গোলন্দাজ বাহিনীর সহযোগিতা ছাড়া অগ্রসর হওয়া আত্মঘাতী ব্যাপার। কিন্তু কোম্পানি ও নবাবের বাহিনীর মধ্যে তখন দূরত্ব মাত্র কয়েকশত গজ। বিশ্বস্ত সেনাপতি মোহন লাল নবাবকে পরামর্শ দেন যুদ্ধবিরতি ঘটলে বিপর্যয় অবশ্যম্ভাবী কিন্তু সিরাজ মীর জাফর প্রমুখের পরামর্শে পশ্চাৎপসরণের সিদ্ধান্ত নেন। বিকেল পাঁচটায় সিরাজউদ্দৌলার বাহিনী নির্দেশনার অভাবে এবং ইংরেজ বাহিনীর গোলন্দাজি অগ্রসরতার মুখে যুদ্ধবিরতি ঘোষণা করে অর্থাৎ পরাজয় স্বীকার করে। নবাবের ছাউনি ইংরেজদের অধিকারে আসে। ইংরেজদের পক্ষে ৭ জন ইউরোপীয় এবং ১৬ জন দেশীয় সৈন্য নিহত হয়। তখন কোনো উপায় না দেখে সিরাজউদ্দৌলা রাজধানী রক্ষা করার জন্য ২,০০০ সৈন্য নিয়ে মুর্শিদাবাদের উদ্দেশ্যে রওনা দেন। কিন্তু রাজধানী রক্ষা করার জন্যেও কেউ তাঁকে সাহায্য করেনি। সিরাজউদ্দৌলা তাঁর সহধর্মিণী লুৎফুন্নেসা ও ভৃত্য গোলাম হোসেনকে নিয়ে রাজধানী থেকে বের হয়ে স্থলপথে ভগবানগোলায় পৌঁছে যান এবং সেখান থেকে নৌকাযোগে পদ্মা ও মহানন্দার মধ্য দিয়ে উত্তর দিক অভিমুখে যাত্রা করেন। তাঁর আশা ছিল পশ্চিমাঞ্চলে পৌঁছাতে পারলে ফরাসি সেনাপতি মসিয়ে নাস-এর সহায়তায় পাটনা পর্যন্ত গিয়ে রাজা রামনারায়ণের কাছ থেকে সৈন্য সংগ্রহ করে ফরাসি বাহিনীর সহায়তায় বাংলাকে রক্ষা করবেন। কিন্তু তাঁর সে আশা পূর্ণ হয়নি। সিরাজ পথিমধ্যে বন্দি হন ও মিরনের হাতে বন্দি অবস্থায় তাঁর মৃত্যু ঘটে।[3]",১৭৫৭ সালে পলাশীর যুদ্ধে ইংরেজদের মোট কতজন সৈন্য মারা যায় ?,৭,১৭৫৭ সালে পলাশীর যুদ্ধে ইংরেজদের মোট ৯ জন সৈন্য মারা যায়।,yes,yes
bengali-2375266230086305076-1::comprehension,bengali-2375266230086305076-1,comprehension,শ্যাজেল ছবিটির চিত্রনাট্য লেখেন ২০১০ সালে কিন্তু তার গল্পভাবনা পরিবর্তন না করে ছবিটিকে অর্থায়ন করবে কোন স্টুডিও খুঁজে পাননি। ২০১৪ সালের তার চলচিত্র হুইপল্যাশ এর সাফল্যের ফলে এই প্রকল্পটি নেয় সামিট এন্টারটেইনমেন্ট। ছবিটির চিত্রধারণ হয় ২০১৫ সালের আগস্ট থেকে সেপ্টেম্বর মাসে লস অ্যাঞ্জেলেসে। লা লা ল্যান্ড ছবিটির উদ্বোধনী প্রদর্শনী হয় ৭৩তম ভেনিস আন্তর্জাতিক চলচিত্র উৎসবে ২০১৬ সালের ৩১শে আগস্ট এবং যুক্তরাষ্ট্রের প্রেক্ষাগৃহে ছবিটি মুক্তি পায় ২০১৬ সালে ৯ই ডিসেম্বর। মাত্র ৩০ মিলিয়ন মার্কিন ডলার বাজেটে নির্মিত ছবিটি সারা বিশ্বে প্রায় ৪১৬.৮ মিলিয়ন মার্কিন ডলার আয় করে।,ড্যামিয়েন শ্যাজেল পরিচালিত হুইপল্যাশ চলচ্চিত্রটির প্রযোজক কে ছিলেন ?,শ্যাজেল,সামিট এন্টারটেইনমেন্ট ছিল প্রযোজক।,yes,yes
bengali-6543940287332686430-1::specificity,bengali-6543940287332686430-1,specificity,"এই ইনস্টিটিউটটি চলচ্চিত্র, বিনোদন, ব্যবসায় এবং পণ্ডিত সম্প্রদায়ের নেতৃস্থানীয় ব্যক্তিবর্গের দ্বারা পরিচালিত হয়। ট্রাস্টি বোর্ডের প্রধান স্যার হাওয়ার্ড স্ট্রিঞ্জার এবং বোর্ড অব ডিরেক্টরের প্রধান রবার্ট এ. ডেলি সংস্থাটির নির্দেশনা দিয়ে থাকেন এবং ২০১৪ সালের অক্টোবর থেকে এটি মহাপরিচালক ও প্রধান নির্বাহী কর্মকর্তা বব গ্যাজেল সংস্থাটি পরিচালনা করে আসছেন। পূর্ববর্তী পরিচালকগণ হলেন এর প্রতিষ্ঠাতা পরিচালক জর্জ স্টিভেন্স জুনিয়র (১৯৬৭ সালে সংস্থাটি প্রতিষ্ঠার সময় থেকে ১৯৮০ সাল পর্যন্ত) এবং জঁ পিকার ফার্স্টেনবার্গ (১৯৮০ থেকে ২০০৭ সাল পর্যন্ত)।[2]",আমেরিকান ফিল্ম ইনস্টিটিউটের বোর্ড অফ ডিরেক্টরের প্রধান কে ?,রবার্ট এ. ডেলি,স্যার হাওয়ার্ড স্ট্রিঞ্জার,yes,yes
bengali--5004896482843051611-1::specificity,bengali--5004896482843051611-1,specificity,"আয়তনের দিক থেকে জার্মানি ইউরোপের ৭ম বৃহত্তম রাষ্ট্র। উত্তর উত্তর সাগর ও বাল্টিক সাগরের উপকূলীয় নিম্নভূমি থেকে মধ্যভাগের ঢেউ খেলানো পাহাড় ও নদী উপত্যকা এবং তারও দক্ষিণে ঘন অরণ্যাবৃত পর্বত ও বরফাবৃত আল্পস পর্বতমালা দেশটির ভূ-প্রকৃতিকে বৈচিত্র্যময় করেছে। দেশটির মধ্য দিয়ে ইউরোপের অনেকগুলি প্রধান প্রধান নদী যেমন রাইন, দানিউব, এলবে প্রবাহিত হয়েছে এবং দেশটিকে একটি বাণিজ্যিক কেন্দ্রে পরিণত করতে সাহায্য করেছে।",আয়তনের দিক থেকে জার্মানি ইউরোপের কততম বৃহত্তম রাষ্ট্র ?,৭ম,আয়তনের দিক থেকে জার্মানি ইউরোপের ৫ম বৃহত্তম রাষ্ট্র।,yes,yes
bengali--5990277188213233200-21::comprehension,bengali--5990277188213233200-21,comprehension,জন সিনার সর্বপ্রথম সিনেমা মুক্তি পায় WWE Studio এর ব্যানারে। তার প্রথম সিনেমার নাম The Marine যেটি মুক্তি পায় অক্টোবর ১৩ ২০০৬ সালে।এই সিনেমাটি প্রথম সপ্তাহে US$07 Million আয় করে। এই ছবির ডিভিডি মুক্তি পেলে এটি আরো জনপ্রিয় হয়ে উঠে। এবং ১২ তম সপ্তাহে এসে US$30 million আয় করে। তার ২য় সিনেমা 12 Rounds মুক্তি পায় ২৭ মার্চ ২০০৯ সালে। তার ৩য় ছবি Legendary সেপ্টেম্বর ২৮ ২০১০ সালে মুক্তি পায়।,"মার্কিন পেশাদার কুস্তিগীর, র‌্যাপার, অভিনেতা ফিলিক্স অ্যন্থনিও সিনার প্রথম চলচ্চিত্রের নাম কী ?",The Marine,১২ রাউন্ডস ছিল জন সিনার প্রথম চলচ্চিত্র।,yes,yes
bengali--5503166637136263200-39::comprehension,bengali--5503166637136263200-39,comprehension,"বিদায় হজ্জ থেকে ফেরার পর হিজরি ১১ সালের সফর মাসে মুহাম্মাদ জ্বরে আক্রান্ত হন। জ্বরের তাপমাত্রা প্রচণ্ড হওয়ার কারণে পাগড়ির উপর থেকেও উষ্ণতা অনুভূত হচ্ছিল। অসুস্থ অবস্থাতেও তিনি এগারো দিন নামাজের ইমামতি করেন। অসুস্থতা তীব্র হওয়ার পর তিনি সকল স্ত্রীর অনুমতি নিয়ে আয়িশার গৃহে অবস্থান করতে থাকেন। বলা হয়, এই অসুস্থতা ছিল খাইবারের এক ইহুদি নারীর তৈরি বিষ মেশানো খাবার গ্রহণের কারণে। স্ত্রী আয়িশার কোলে মাথা রেখে, তিনি আয়িশাকে তার সর্বশেষ পার্থিব সম্পত্তি (সাত কিংবা আট দিনার) দান করে দিতে বলেন (কথিত আছে তা তিনি বলেন মৃত্যুর এক দিন পূর্বে), এরপর তিনি তার জীবনের সর্বশেষ উক্তিটি উচ্চারণ করেন:",নবী মুহাম্মদের মৃত্যুর কারণ কী ছিল ?,জ্বরে,খাইবারের বিষ মেশানো খাবারে মৃত্যুবরণ করেন।,yes,yes
bengali--2360904266908875273-1::comprehension,bengali--2360904266908875273-1,comprehension,ভারতীয় জাতীয়তাবাদী নেতা সুরেন্দ্রনাথ বন্দ্যোপাধ্যায়ের উদ্যোগে ১৯২২ সালে গণতান্ত্রিক সায়ত্ত্বশাসন সংস্থা হিসেবে কলকাতা পৌরসংস্থা প্রতিষ্ঠিত হয়। ১৯৪৭ সালে ভারত স্বাধীন হওয়ার পর ১৯৫১ ও ১৯৫৬ সালে দুই বার কর্পোরেশন আইন সংশোধন করা হয়েছিল। বর্তমান পৌরসংস্থাটি ১৯৮০ সালের সংশোধিত পৌর আইনের ভিত্তিতে পরিচালিত হয়। শোভন চট্টোপাধ্যায় কলকাতা পৌরসংস্থার বর্তমান মহানাগরিক।,কলকাতা পৌরসংস্থার বর্তমান মহানাগরিক কে ?,শোভন চট্টোপাধ্যায়,সুরেন্দ্রনাথ বন্দ্যোপাধ্যায়,yes,yes
bengali-1937732384790147463-3::factualness,bengali-1937732384790147463-3,factualness,"ইন্টেল স্থাপিত হয় ১৯৬৮ সালে মাউন্টেন ভিউ, ক্যালিফোর্নিয়ায়। গর্ডণ ই. মুর (একজন রসায়নবিদ এবং পদার্থবিদ) এবং রবার্ট নয়েস (পদার্থবিদ এবং ইন্টিগ্রেটেড সার্কিটের সহকারী উদ্ভাবক) যখন ""ফেয়ারচাইল্ড সেমিকন্ডাক্টর"" ছেড়ে যান তখন তারা এটি প্রতিষ্ঠা করেন। প্রতিষ্ঠার পর এর তৃতীয় চাকুরীজিবী ছিল এ্যন্ডি গ্রুভ[10], একজন রাসায়নিক কারিগর যিনি এই কোম্পানিকে পরিচালনা করেন ১৯৮০ এর দশকের বেশিরভাগ এবং ১৯৯০ এর দশকের সময় যখন ইন্টেল উন্নতিলাভ করেছিল।  প্রথমদিকে মুর এবং নয়েচ চেয়েছিলেন কোম্পানির নাম রাখা হবে ""মুর নয়েচ""[11]| কিন্তু এটি শুনতে প্রায় ""মোর নয়েজ"" এর মত শোনায় এবং ইলেক্ট্রনিক পণ্যের নামের সাথে মিলে না বিধায় এটি বাধ দেয়া হয়। এরপর প্রায় একবছর যাবৎ এনএম ইলেক্ট্রনিকস নামটি ব্যবহার করা হয় ইন্টেল নামটি দেয়ার আগে। এটি এসেছে ইন্টিগ্রেটেড ইলেক্ট্রনিকস থেকে সংক্ষেপে ""ইন্টেল""[12]। তখন ইন্টেল নামটি একটি হোটেল চেইনের জন্য ট্রেডমার্ক ছিল এতেকরে ইন্টেলকে তাদের নামের অধিকার ক্রয় করতে হয়[13]।",ইন্টেল কর্পোরেশন কোম্পানি কে প্রতিষ্ঠা করেন ?,গর্ডণ ই. মুর (একজন রসায়নবিদ এবং পদার্থবিদ) এবং রবার্ট নয়েস,ইন্টেল কর্পোরেশন কোম্পানি প্রতিষ্ঠা করেন এ্যন্ডি গ্রুভ এবং গর্ডণ ই. মুর।,yes,yes
bengali-8974397943858364761-7::inference,bengali-8974397943858364761-7,inference,"হাকালুকি হাওর বাংলাদেশের সর্ববৃহৎ হাওর। এর আয়তন ১৮,১১৫ হেক্টর, তন্মধ্যে শুধুমাত্র বিলের আয়তন ৪,৪০০ হেক্টর। এটি বৃহত্তর সিলেট জেলার় বড়লেখা (৪০%), কুলাউড়া (৩০%), ফেঞ্চুগঞ্জ (১৫%), গোলাপগঞ্জ (১০%) এবং বিয়ানীবাজার (৫%) জুড়ে বিস্তৃত। ভূতাত্ত্বিকভাবে এর অবস্থান, উত্তরে ভারতের মেঘালয় পাহাড় এবং পূর্বে ত্রিপুরা পাহাড়ের পাদদেশে। ভূতাত্ত্বিক বৈশিষ্ট্যের কারণে উজানে প্রচুর পাহাড় থাকায় হাকালুকি হাওরে প্রায় প্রতি বছরই আকষ্মিক বন্যা হয়। এই হাওরে ৮০-৯০টি ছোট, বড় ও মাঝারি বিল রয়েছে।[2] শীতকালে এসব বিলকে ঘিরে পরিযায়ী পাখিদের বিচরণে মুখর হয়ে উঠে গোটা এলাকা।[3]",হাকালুকি হাওর বাংলাদেশের কোন জেলায় অবস্থিত ?,সিলেট,হাকালুকি হাওর বাংলাদেশের মৌলভীবাজার জেলায় অবস্থিত।,yes,yes
bengali--1017639988632295163-2::specificity,bengali--1017639988632295163-2,specificity,"বিশ্বের সবচেয়ে জনবহুল দেশগুলোর তালিকায় বাংলাদেশের অবস্থান অষ্টম যদিও আয়তনের হিসেবে বাংলাদেশ বিশ্বে ৯৪তম; ফলে বাংলাদেশ বিশ্বের সবচেয়ে ঘনবসতিপূর্ণ দেশগুলোর নবম। মাত্র ৫৬ হাজার বর্গমাইলেরও কম এই ক্ষুদ্রায়তনের দেশটির প্রাক্কলিত (২০১৮) জনসংখ্যা ১৮ কোটির বেশি অর্থাৎ প্রতি বর্গমাইলে জনবসতি ২৮৮৯ জন (প্রতি বর্গ কিলোমিটারে ১১১৫ জন)। রাজধানী ঢাকা শহরের জনসংখ্যা ১.৪৪ কোটি এবং ঢাকা মহানগরীর জনঘনত্ব প্রতি বর্গমা্গইলে ১৯,৪৪৭ জন।[2] দেশের জনসংখ্যার ৯৯ শতাংশ মানুষের মাতৃভাষা বাংলা; সাক্ষরতার হার ৭২ শতাংশ।",জনসংখ্যার বিচারে ২০১৮ সালে বাংলাদেশ পৃথিবীতে কততম স্থান অধিকার করেছে ?,অষ্টম,নবম স্থান অধিকার করেছে।,yes,yes
bengali--9074820732379768553-2::specificity,bengali--9074820732379768553-2,specificity,"ইসলাম শব্দটি এসেছে আরবি س-ل-م শব্দটি হতে; যার দু'টি অর্থঃ ১. শান্তি ২. আত্মসমর্পণ করা। সংক্ষেপে, ইসলাম হলো শান্তি (প্রতিষ্ঠা)'র উদ্দেশ্যে এক ও অদ্বিতীয় ঈশ্বর (আল্লাহ)-এর কাছে আত্মসমর্পণ করা।",ইসলাম শব্দটির উৎপত্তি কোন শব্দ থেকে হয়েছে ?,আরবি س-ل-م,"ইসলাম শব্দটির উৎপত্তি আরবি ""সালাম"" শব্দ থেকে হয়েছে।",no,no
bengali-2587325052835051518-5::specificity,bengali-2587325052835051518-5,specificity,"সেই সন্ধ্যায়, লেখিকা তার প্রথম উপন্যাস লেখা-পূর্ব পরিকল্পনায় হাত দেন, হ্যারি পটার অ্যান্ড দ্য ফিলোসফার্স স্টোন, একটি আধা-পরিপূর্ণ পরিকল্পনা যাতে ছিল সাত বইয়ের কাহিনীর ঘটনা, বিভিন্ন ঐতিহাসিক ও আত্মজীবনীমূলক তথ্যাবলী,ও জাদুর দুনিয়া সম্পর্কিত বিভিন্ন তথ্য।[11] শেষ পর্যন্ত রাউলিং পর্তুগালে চলে যান, যেখনে তিনি তার প্রথম স্বামীকে ১৯৯২ সালে বিয়ে করেন, এবং ১৯৯৩ সালে তার প্রথম সন্তান জেসিকা জন্মগ্রহণ করে। এসময় তিনি ফিলোসফার্স স্টোন লেখা চালিয়ে যাচ্ছিলেন। বিবাহ বিচ্ছেদের পর রাউলিং তার মেয়েকে নিয়ে ব্রিটেনে ফিরে আসেন ও এডিনবার্গে তার বোনের কাছাকাছি বসবাস শুরু করেন। এসময় তিনি লেখা চালিয়ে যাচ্ছিলেন একটি কফি হাউজে। সপ্তাহে তার আয় ছিল মাত্র £৯০ (যার মধ্যে £৭০ ছিল সমাজ কল্যাণ থেকে) এবং তিনি তার মেয়ের জন্য কোন নার্সারীর ব্যবস্থা করতে পারেননি, তার ঘুমন্ত শিশু মেয়েটি তার লেখার সর্বক্ষনের সঙ্গী ছিল। রাউলিং পরিশ্রম করে তার লেখা শেষ করেন যা তিনি কখনও শেষ করতে পারবেন না বলে ভয় করেছিলেন।",জে. কে. রাউলিং রচিত প্রথম উপন্যাসের নাম কী ?,হ্যারি পটার অ্যান্ড দ্য ফিলোসফার্স স্টোন,হ্যারি পটার সিরিজের প্রথম খসড়া পরিকল্পনা,yes,yes
bengali--4965296737885262319-1::specificity,bengali--4965296737885262319-1,specificity,আল্লামা আব্দুল লতিফ চৌধুরী ১৩২১ বাংলার ফাল্গুন মাসে অর্থাৎ ১৯১৩ সালের প্রথম দিকে সিলেট জেলার জকিগঞ্জ উপজেলার ফুলতলী গ্রামে জন্ম গ্রহণ করেন। [1] তার পিতার নাম মুফতি আব্দুল মজিদ। [2] তিনি হযরত শাহ জালাল রহ. এর সফরসঙ্গী ৩৬০ আউলিয়ার অন্যতম হযরত শাহ কামাল রহ. এর বংশধর ছিলেন। [3][4],আব্দুল লতিফ বাংলাদেশের কোথায় জন্মগ্রহণ করেন ?,সিলেট জেলার জকিগঞ্জ উপজেলার ফুলতলী,আব্দুল লতিফ বাংলাদেশের উত্তর-পূর্বাঞ্চলের একটি গ্রামীণ এলাকায় জন্মগ্রহণ করেন।,yes,yes
bengali--2480008975474553157-1::specificity,bengali--2480008975474553157-1,specificity,"পশ্চিমবঙ্গের বর্তমান মুখ্যমন্ত্রী মমতা বন্দ্যোপাধ্যায়। তিনি রাজ্যের অষ্টম তথা প্রথম মহিলা মুখ্যমন্ত্রী। ২০১১ সালের বিধানসভা নির্বাচনে জয়লাভ করে ২০ মে তিনি মুখ্যমন্ত্রী রূপে শপথ গ্রহণ করেন। তিনি পশ্চিমবঙ্গ সরকারের স্বরাষ্ট্র, স্বাস্থ্য ও পরিবার পরিকল্পনা, ভূমি ও ভূমিসংস্কার, তথ্য ও সংস্কৃতি, পর্বতাঞ্চল বিষয়ক, কৃষি, বিদ্যুৎ, কর্মী ও প্রশাসনিক সংস্কার, সংখ্যালঘু কল্যাণ ও মাদ্রাসা শিক্ষা বিভাগেরও ভারপ্রাপ্ত মন্ত্রী।",পশ্চিমবঙ্গের বর্তমান মুখ্যমন্ত্রী রাজ্যের কততম মুখ্যমন্ত্রী ?,অষ্টম,তিনি পশ্চিমবঙ্গের নবম মুখ্যমন্ত্রী।,yes,yes
bengali-570890316064763457-3::factualness,bengali-570890316064763457-3,factualness,"জিনের নিউক্লিওটাইডের পরম্পরা অনুযায়ী জীবকোষ এমিনো এসিড তৈরি করে। এমিনো এসিড থেকে প্রোটিন উৎপন্ন হয় - প্রোটিনে এমিনো এসিডের ক্রম আর জিনে নিউক্লিওটাইডের ক্রম অভিন্ন রকম হয়ে থাকে। নিউক্লিওটাইডের ক্রম আর এমিনো এসিডের ক্রমের এই সম্পর্ককে জিনেটিক কোড বলে। প্রোটিনে অবস্থিত এমিনো এসিড নির্ধারণ করে প্রোটিনের ত্রি-মাত্রিক গঠন কী-রূপ হবে; আর এর গঠন প্রোটিনের কাজ কী হবে তা নির্ধারণ করে। জিনে অবস্থিত ডিএনএ'র একটি ছোট্ট পরিবর্তন প্রোটিন গঠনকারী এমিনো এসিডের আকার ও কাজে বড় ধরণের পরিবর্তন সৃষ্টি করতে পারে, যা কিনা ঐ কোষ ও সম্পূর্ণ জীবদেহে নাটকীয় পরিবর্তন আনতে পারে।",জিনের নিউক্লিওটাইডের পরম্পরা অনুযায়ী জীবকোষে কোন এসিড থাকে ?,এমিনো,নিউক্লিক এসিড থাকে,yes,yes
bengali--2023018463008466125-2::comprehension,bengali--2023018463008466125-2,comprehension,"বহু রাজ্য ও যুদ্ধবাজ নেতাদের শাসনামলে চৈনিক রাজবংশগুলো চীনের একটি অংশ শাসন করত। যার সীমানা বর্তমান জিংজিয়ান এবং তিব্বত পর্যন্ত বিস্তৃত ছিল। ২২১ খ্রিস্টপূর্বাব্দে কিন শি হুয়াং বিভিন্ন যুদ্ধরত রাজ্যগুলোকে একত্রিত করে কীন বংশের একটি ক্ষুদ্র “সাম্রাজ্য” (হুয়াংডি) প্রতিষ্ঠা করে, চৈনিক সম্রাজ্যের ইতিহাসে শুরু করেন। পরবর্তী রাজবংশগুলো একটি জনপ্রশাসন ব্যবস্থা প্রতিষ্ঠা করেছিল যা ক্রমে তৎকালিন চীনের বিশাল এলাকায় চৈনিক সম্রাটের নিয়ন্ত্রন প্রতিষ্ঠা করতে সাহায্য করে। চীনের সর্বশেষ সাম্রাজ্য ছিল কিং সাম্রাজ্য (১৬৪৪ থেকে ১৯১২), যার উচ্ছেদের পর ১৯১২ সালে রিপাবলিক অব চায়না, এবং ১৯৪৯ সালে গনপ্রজাতন্ত্রী চীন প্রতিষ্ঠিত হয়।",চিন সাম্রাজ্যের প্রতিষ্ঠাতা কে ?,কিন শি হুয়াং,চিন সাম্রাজ্যের প্রতিষ্ঠাতা ছিলেন হান উ-দি।,yes,yes
bengali-5204278583999214593-0::specificity,bengali-5204278583999214593-0,specificity,"উপেন্দ্রকিশোর রায় চৌধুরী (১২ই মে, ১৮৬৩ [1]  - ২০শে ডিসেম্বর, ১৯১৫) বিখ্যাত বাঙালি শিশুসাহিত্যিক, বাংলা ছাপাখানার অগ্রপথিক। তিনি ছিলেন একাধারে লেখক চিত্রকর, প্রকাশক, শখের জ্যোতির্বিদ, বেহালাবাদক ও সুরকার। সন্দেশ পত্রিকা তিনিই শুরু করেন যা পরে তাঁর পুত্র সুকুমার রায় ও পৌত্র সত্যজিৎ রায় সম্পাদনা করেন। গুপি-গাইন-বাঘা-বাইন, টুনটুনির বই ইত্যাদি তাঁরই অমর সৃষ্টি।",উপেন্দ্রকিশোর রায় চৌধুরী কত সালে মারা যান ?,"২০শে ডিসেম্বর, ১৯১৫",উপেন্দ্রকিশোর রায় চৌধুরী ১৯১৬ সালে মারা যান।,yes,yes
bengali-5229637452375837893-4::comprehension,bengali-5229637452375837893-4,comprehension,"১৯৪৭ সালের বাঙলা বিভক্তির পূর্বে,১৯০৫ সালে প্রশাসনিক কার্যক্রমকে সহজতর করার লক্ষ্যে পূর্ব এবং পশ্চিম বাংলায় বিভক্ত করা হয় যা বঙ্গ ভঙ্গ হিসেবে পরিচিত।[1] সে সময় পশ্চিমবাংলা ছিল হিন্দু অধ্যুসিত এবং মুসলিমরা সেখানে সংখ্যালঘু, অন্যদিকে পূর্ববাংলা ছিল মুসলিম অধ্যুসিত এবং হিন্দুরা ছিল সংখ্যালঘু। মুসলিম অধ্যুসিত পূর্ববাংলার মানুষ এই বঙ্গ ভঙ্গের প্রতি জোরালো সমর্থন জানিয়েছিল, কেননা তারা উপলব্ধি করেছিল যে এই বিভক্তির মাধ্যমে তারা তাদের নিজস্ব একটি প্রদেশ পেতে পারে। কিন্তু হিন্দুরা এই বিভক্তির বিপক্ষে শক্ত অবস্থান নেয়। এই বিতর্ক পরবর্তীকালে প্রতিবাদ এবং সন্ত্রাসের জন্ম দেয় এবং ১৯১১ সালে বঙ্গ ভঙ্গ রদের মাধ্যমে এর নিষ্পত্তি করা হয়।",অবিভক্ত বাংলা কত সালে বিভক্ত হয় ?,১৯০৫,১৯১১ সালে বিভক্ত হয়।,yes,yes
bengali--3774512871679223679-15::factualness,bengali--3774512871679223679-15,factualness,"লালন কুষ্টিয়ার কুমারখালি উপজেলার ছেউড়িয়াতে একটি আখড়া তৈরি করেন, যেখানে তিনি তাঁর শিষ্যদের নীতি ও আধ্যাত্মিক শিক্ষা দিতেন। তাঁর শিষ্যরা তাঁকে “সাঁই’’ বলে সম্বোধন করতেন। তিনি প্রতি শীতকালে আখড়ায় একটি ভান্ডারা (মহোৎসব) আয়োজন করতেন। যেখানে সহস্রাধিক শিষ্য ও সম্প্রদায়ের লোক একত্রিত হতেন এবং সেখানে সংগীত ও আলোচনা হত। চট্টগ্রাম, রংপুর, যশোর এবং পশ্চিমে অনেক দূর পর্যন্ত বাংলার ভিন্ন ভিন্ন স্থানে বহুসংখ্যক লোক লালন ফকিরের শিষ্য ছিলেন; শোনা যায় তাঁর শিষ্যের সংখ্যা প্রায় দশ হাজারের বেশি ছিল।[13]",লালন সাঁই বা ফকির লালনের আখড়া কোথায় ছিল ?,কুষ্টিয়ার কুমারখালি উপজেলার ছেউড়িয়াতে,লালন সাঁইয়ের আখড়া ছিল ঝিনাইদহের হরিণাকুণ্ডু উপজেলায়।,yes,yes
bengali-4568438587242111098-0::factualness,bengali-4568438587242111098-0,factualness,"মুর্শিদাবাদ জেলা পূর্ব ভারতের পশ্চিমবঙ্গ রাজ্যের মালদা বিভাগের একটি জেলা। এই জেলার মধ্য দিয়ে ভাগীরথী নদী বয়ে গিয়ে জেলাকে দুভাগে ভাগ করেছে।  নদীর পশ্চিমের অংশ রাঢ় ও পূর্বের অংশ বাঘিড়া নামে পরিচিত।[2] ৫.৩১৪ বর্গ কিলোমিটার (২,০৬২ বর্গ মাইল) আয়তনের এলাকা এবং ৭১.০২ লক্ষ জনসংখ্যা থাকায় এটি একটি জনবহুল জেলা। মুর্শিদাবাদ ভারতের নবমতম (ভারতের ৬৪১টি জেলার মধ্যে) জনবহুল জেলা।[3] এই জেলার সদর দপ্তর বহরমপুর শহরে অবস্থিত।",মুর্শিদাবাদ জেলার সদর দপ্তর কোথায় অবস্থিত ?,বহরমপুর,কৃষ্ণনগর শহরে অবস্থিত।,yes,yes
bengali--3103999780934898975-0::inference,bengali--3103999780934898975-0,inference,"শামসুর রাহমান (জন্ম: ২৩ অক্টোবর, ১৯২৯, মাহুতটুলি, ঢাকা - মৃত্যু: ১৭ আগস্ট, ২০০৬) বাংলাদেশ ও আধুনিক বাংলা সাহিত্যের অন্যতম প্রধান কবি। বিংশ শতাব্দীর দ্বিতীয়ভাগে দুই বাংলায় তাঁর শ্রেষ্ঠত্ব ও জনপ্রিয়তা প্রতিষ্ঠিত। তিনি একজন নাগরিক কবি ছিলেন। বাংলাদেশের স্বাধীনতা সংগ্রামের ওপর লিখিত তাঁর দুটি কবিতা খুবই জনপ্রিয়। তিনি মজলুম আদিব (বিপন্ন লেখক) ছদ্মনামে লিখতেন।",কবি শামসুর রাহমান কবে জন্মগ্রহণ করেন ?,"২৩ অক্টোবর, ১৯২৯","শামসুর রাহমান জন্মগ্রহণ করেন ১৭ আগস্ট, ২০০৬ সালে।",yes,yes
bengali--466552506306330314-3::comprehension,bengali--466552506306330314-3,comprehension,"১৯৩৫ সালে রবীন্দ্রনাথ তাঁর ‘অণিমা’ নামটি পরিবর্তন করে ‘কণিকা’ রাখেন। অবশ্য ডাকনাম হিসাবে তিনি ব্যবহার করতেন ‘মোহর’। পরে অবনীন্দ্রনাথ ঠাকুর তাঁর এই ‘মোহর’ নামটি বিস্তারিত করে বলেছিলেন ‘আকবরী মোহর’। ১৯৩৫ সালেই শিশুশিল্পী হিসাবে প্রথম মঞ্চাবতরণ করেন কণিকা। শান্তিনিকেতনের শারদোৎসবে একটি অনুষ্ঠানে বালক-বালিকাদের দলে অংশ নিয়েছিলেন তিনি। জানা যায়, রবীন্দ্রনাথের সঙ্গে তাঁর সেই প্রথম ও শেষ মঞ্চাবতরণ; কারণ সেই অনুষ্ঠানটিই ছিল রবীন্দ্রনাথের শেষ মঞ্চাভিনয়। ২৪ জুলাই ১৯৪০ বোলপুর টেলিফোন কেন্দ্রের উদ্বোধনী অনুষ্ঠানে তিনি ওগো তুমি পঞ্চদশী গানটি গেয়েছিলেন। গানটি তিনি সরাসরি রবীন্দ্রনাথের কাছেই শেখেন। এই অনুষ্ঠানটি বেতারে সম্প্রচারিত হয়। এটিই কণিকার প্রথম বেতার অনুষ্ঠান। এরপর ১৯৩৭ সালে প্রথম কলকাতার ছায়া সিনেমা হলে আয়োজিত বর্ষামঙ্গল উৎসবে কণিকা রবীন্দ্রনাথের সঙ্গে দ্বৈতকণ্ঠে ছায়া ঘনাইছে বনে বনে গানটি গেয়েছিলেন। কলকাতার মঞ্চে রবীন্দ্রসঙ্গীত শিল্পীরূপে সেটিই ছিল তাঁর প্রথম আত্মপ্রকাশ। এই সময়ে অনেকগুলি গান রবীন্দ্রনাথ তাঁকে স্বয়ং শিখিয়েছিলেন। কণিকা অভিনয় করেছিলেন তাসের দেশ নাটকের দহলানী, ডাকঘর নাটকের সুধা, বিসর্জন নাটকের অপর্ণা ও বশীকরণ নাটকের নিরুপমা চরিত্রে।",কণিকা বন্দ্যোপাধ্যায়ের ডাক নাম কী ?,মোহর,আকবরী মোহর,yes,yes
bengali--5204568659066136602-1::specificity,bengali--5204568659066136602-1,specificity,"উসমানীয় সাম্রাজ্য ([دَوْلَتِ عَلِيّهٔ عُثمَانِیّه, Devlet-i Aliyye-i Osmâniyye]error: {{lang-xx}}: text has italic markup (help), আধুনিক তুর্কি: [Osmanlı İmparatorluğu বা Osmanlı Devleti]error: {{lang}}: text has italic markup (help)), ঐতিহাসিকভাবে তুর্কি সাম্রাজ্য বা তুরস্ক বলে পরিচিত, ছিল একটি ইসলামি সাম্রাজ্য। ১২৯৯ সালে অঘুজ তুর্কি বংশোদ্ভূত প্রথম উসমান উত্তরপশ্চিম আনাতোলিয়ার দ্বায়িত্ব পান সেলযুক সাম্রাজ্য কতৃক। প্রথম দিকে সেলযুক সাম্রাজ্যের প্রতি অনুগত থাকলেও সেলজুক সাম্রাজ্যের ক্রান্তিলগ্নে স্বাধীনতা ঘোষণা করেন। এবং ধীরে ধীরে একটি বৃহত সালতানাত প্রতিষ্ঠা করেন। তিনি সেলজুক রাজবংশের জামাতাও ছিলেন  [7] এবং প্রথম উসমানের মাতা হালিমে সুলতান ছিলেন সেলজুক শাহজাদা নুমান এর মেয়ে অর্থাৎ আর্তুগুলের স্ত্রী প্রথম মুরাদ কর্তৃক বলকান জয়ের মাধ্যমে উসমানীয় সাম্রাজ্য বহুমহাদেশীয় সাম্রাজ্য হয়ে উঠে এবং খিলাফতের দাবিদার হয়। ১৪৫৩ সালে সুলতান দ্বিতীয় মুহাম্মদের কনস্টান্টিনোপল জয় করার মাধ্যমে উসমানীয়রা বাইজেন্টাইন সাম্রাজ্য উচ্ছেদ করে। ১৫২৬ সালে হাঙ্গেরি জয়ের পর ইউরোপের বলকান অঞ্চল সমূহ নিয়ে বড় রাজ্য প্রতিষ্ঠা লাভ করে। [8][9][10]",কনস্টান্টিনোপল সাম্রাজ্য কবে প্রতিষ্ঠিত হয় ?,১৫২৬,কনস্টান্টিনোপল সাম্রাজ্য মূলত ১৪৫৩ সালে প্রতিষ্ঠিত হয়।,yes,yes
bengali-6744603928978231684-2::comprehension,bengali-6744603928978231684-2,comprehension,"রাগ সঙ্গীতের চারটি প্রধান রীতি আছে। এগুলো হচ্ছে: ধ্রুপদ, খেয়াল, টপ্পা ও ঠুমরী। সংগীতে রাগ সমাহার-১)    রাগ বিলাবল ২) রাগ আলাহিয়া বিলাবল ৩) রাগ ইমন ৪) রাগ ইমন কল্যাণ ৫) রাগ ভূপালী ৬) রাগ বিহাগ ৭) রাগ কাফি ৮) রাগ বাগেশ্রী ৯) রাগ ভীমপলশ্রী ১০) রাগ বৃন্দবনী সারং ১১) রাগ আশাবরী ১২) রাগ জৌনপুরী ১৩) রাগ খাম্বাজ ১৪) রাগ রাগেশ্রী ১৫) রাগ দেশ ১৬) রাগ কলাবতী ১৭) রাগ ভৈরব ১৮) রাগ নট ভৈরব ১৯) রাগ আহীয় ভৈরব ২০) রাগ আনন্দ ভৈরব ২১) রাগ বাঙ্গাল ভৈরব ২২) রাগ বিভাস ২৩) রাগ গুণকেলী ২৪) রাগ বৈরাগী ২৫) রাগ নিত্যকলি ২৬) রাগ ভৈরবী ২৭) রাগ মালকোষ ২৮) রাগ চন্দ্রকোষ ২৯) রাগ মারওয়া ৩০) রাগ পুরিয়া ৩১) রাগ জেতাশ্রী ৩২) রাগ জয়েৎ ৩৩) রাগ পুরিয়াকল্যাণ ৩৪) রাগ পূরবী ৩৫) রাগ পুরিয়াধানেশ্রী ৩৬) রাগ গৌরাঞ্জনী ৩৭) রাগ ত্রিবেণী ৩৮) রাগ টোড়ী ৩৯) রাগ গুর্জরী টোড়ী ৪০) রাগ ভূপাল টোড়ী ৪১) রাগ বিলাসখানী ৪২) রাগ আশাবরী ( কোমল ) ৪৩) রাগ মূলতানী ৪৪) রাগ মধুবন্তী ৪৫) রাগ কেদারা ৪৬) রাগ মারু বিহাগ ৪৭) রাগ হংসধ্বনি ৪৮) রাগ কৌশধ্বনি ৪৯) রাগ দুর্গা ৫০) রাগ দেশকার ৫১) রাগ শিবরঞ্জনী ৫২) রাগ আভেগী কানাড়া ৫৩) রাগ শ্রীরঞ্জনী ৫৪) রাগ পট্দীপ  ৫৫) রাগ যোগ ৫৬) রাগ চন্দ্রঘোষ ৫৭) রাগ তিলং ৫৮) রাগ জয়জয়ন্তী ৫৯) রাগ গোখর কল্যান ৬০) রাগ দরবারী ৬১) রাগ মধুমতি ৬২) রাগ মিয়া -কি -মাল্হার ৬৩) রাগ মেঘ ৬৪ ) রাগ বাহার ৬৫) রাগ মেঘমল্লার।[2]",ভারতীয় শাস্ত্রীয় সঙ্গীত অনুসারে মোট কতগুলি রাগ আছে ?,৬৫,ভারতীয় শাস্ত্রীয় সঙ্গীতে মোট চারটি রাগ আছে।,yes,yes
bengali--602111576961978859-5::inference,bengali--602111576961978859-5,inference,"ভাওয়াল এস্টেটের সর্বশেষ ক্ষমতাবান জমিদার ছিলেন রাজা রাজেন্দ্রনারায়ণ রায়চৌধুরী। কালীপ্রসন্ন ঘোষ ছিলেন তাঁর দীউয়ান। উল্লেখ্য যে, কালীপ্রসন্ন ঘোষ ঊনবিংশ শতাব্দীর একজন খ্যাতিমান লেখক ছিলেন। রাজেন্দ্রনারায়ণ রায়চৌধুরীর ছিল তিন পুত্রসন্তান। তাঁরা হলেন রণেন্দ্রনারায়ণ রায়চৌধুরী, রমেন্দ্রনারায়ণ রায়চৌধুরী এবং রবীন্দ্রনারায়ণ রায়চৌধুরী। ১৯০১ সালে রাজেন্দ্রনারায়ণের মৃত্যু হয়। এই সময় তাঁর তিনপুত্র সন্তানই ছিলেন নাবালক। সে কারণে জমিদারিটি একবার ১৯০১ সালে এবং আর একবার ১৯০৪ সালে কোর্ট অব ওয়ার্ডসের অধীনে চলে যায়। রাজেন্দ্রনারায়ণের তিন পুত্র সন্তানকেই একজন ইউরোপীয় গৃহ-শিক্ষক লেখাপড়া শেখাতেন। তাঁর বক্তব্য অনুযায়ী, তিন পুত্রই ছিলেন অজ্ঞ ও ইন্দ্রিয়পরায়ণ, লেখাপড়া ও নৈতিক শিক্ষার প্রতি অত্যন্ত অমনোযোগী। একবার দ্বিতীয় পুত্র রমেন্দ্রনারায়ণ চিকিৎসার জন্য দার্জিলিং গমন করেন। সেখানে তাঁকে মৃত বলে ঘোষণা করা হয় এবং যথারীতি দাহ করা হয় বলেও দাবী করা হয়। অপর দুই পুত্রও খুব অল্প সময়ের মধ্যেই মৃত্যুবরণ করেন এবং পরিবারটি পুত্র সন্তানবিহীন অবস্থায় নিঃশেষ হয়ে যাওয়ার উপক্রম হয়। কিন্তু প্রকৃতপক্ষে দ্বিতীয় পুত্র সন্তানটি নিখোঁজ হয়ে গিয়েছিলেন এবং তিনি বহুদিন যাবৎ সন্ন্যাসী হিসেবে জীবন যাপন করেন। পরিশেষে ১৯২০ সালের শেষের দিকে তিনি নাটকীয়ভাবে দারুণ সাড়া জাগিয়ে প্রায় ১২ বছর পর ঢাকায় এসে উপস্থিত হন এবং তার জমিদারি দাবি করেন। এভাবেই ১৯৩৫ সালে শুরু হয় বিখ্যাত ভাওয়াল সন্ন্যাসী মামলা, যা সমগ্র বাংলায়, এমনকি বাংলার বাইরেও প্রায় এক যুগ ধরে খবরের কাগজে সংবাদ এবং নানা ধরনের গল্প গুজবের প্রধান উপাদান হয়ে থাকে। এমনকি ঘটনাটি সারা ভারতবর্ষে বিভিন্ন ভাষায় সাহিত্য, নাটক এবং সিনেমারও বিষয়বস্তু হয়। ভাওয়াল সন্ন্যাসী মামলার পরে জমিদারির উত্তরাধিকারের বিষয়টি শেষ পর্যন্ত জটিল হয়ে পড়ে এবং ফলে এর ব্যবস্থাপনা ১৯৫১ সালে জমিদারি প্রথা বাতিল না হওয়া পর্যন্ত কোর্ট অব ওয়ার্ডসের অধীনেই থেকে যায়। যেহেতু উত্তরাধিকারী নিয়ে বহু জটিলতা ছিল এবং জমিদারি সংক্রান্ত বহু মামলাও অমীমাংসিত ছিল, সে কারণে জমিদারি প্রথা বিলুপ্ত ঘোষণার পরেও এর বিষয়-সম্পত্তি বা দায়-দায়িত্ব যথাযথভাবে বণ্টন করা সম্ভব হয় নি। ফলে পাকিস্তান আমলেও জমিদারিটি কোর্ট অব ওয়ার্ডসের অধীনেই থাকে। বর্তমানে ভাওয়াল এস্টেটের কর্মকাণ্ড গণপ্রজাতন্ত্রী বাংলাদেশ সরকারের ভূমি সংস্কার বোর্ড পরিচালনা করে।",ভাওয়াল সন্ন্যাসী মামলা কবে শেষ হয় ?,১৯৫১ সালে,ভাওয়াল সন্ন্যাসী মামলা সম্ভবত ১৯৩৫ সালে শেষ হয়।,yes,yes
bengali--7488179106745368024-1::specificity,bengali--7488179106745368024-1,specificity,"সঙ্গীতের গতিকে লয় বলে। গতির তারতম্যের জন্য লয়কে তিন ভাগে ভাগ করা যায় - ১) ধীরগতির সঙ্গীতের জন্য বিলম্বিত লয়, ২) দ্রুতগতির সঙ্গীতের জন্য দ্রুত লয় এবং ৩) মধ্যগতির সঙ্গীতের জন্য মধ্য লয়। মধ্য লয় বিলম্বিত লয়ের দ্বিগুণ ও দ্রুত লয়ের অর্ধেক গতির হয়ে থাকে। মাত্রা সঙ্গীতের লয় বা গতির দুরত্ব মাপার জন্য ব্যবহৃত হয়। প্রত্যেকটি মাত্রার মধ্যবর্তী ব্যবধান সমান হয়। কয়েকটি ছন্দোবদ্ধ মাত্রার সমষ্টি দিয়ে তৈরী হয় একটি তাল।[1]",সংগীতে গতির তারতম্যের জন্য লয়কে কয়টি ভাগে ভাগ করা হয় ?,তিন,চারটি ভাগে ভাগ করা হয়।,yes,yes
bengali-9143804510384996509-0::inference,bengali-9143804510384996509-0,inference,"মানুষ বর্তমান পৃথিবীর সবচেয়ে প্রভাবশালী জীব। আধুনিক মানুষ (হোমো স্যাপিয়েন্স, প্রাথমিকভাবে এসএসপি হোমো স্যাপিয়েন্স স্যাপিয়েন্স) হল হোমিনিনা উপজাতির (অথবা মানব জাতিগোষ্ঠী) একমাত্র বিদ্যমান সদস্য যা বানর পরিবারের অন্তর্গত হোমিনিনি গোত্রের একটি শাখা। তাদের বৈশিষ্ট হল স্থির অবস্থান এবং গতিশক্তি; অন্যান্য প্রাণীর তুলনায় উচ্চ দক্ষতাসম্পন্ন এবং ভারী সরঞ্জাম ব্যবহারে সক্ষমতা; আকারে বৃহত্তর ও জটিল মস্তিষ্ক এবং সামাজিক প্রাণী।[2][3]",মানুষ কোন গোত্রের প্রাণী ?,হোমিনিনি,মানুষ বানর পরিবারের প্রাইমেট গোত্রের প্রাণী।,yes,yes
bengali-9099268636899707207-4::inference,bengali-9099268636899707207-4,inference,"সফদারজং বিমানবন্দর ১৯৩০ সালে নির্মিত হয়েছিল এবং ১৯৬২ সাল পর্যন্ত এটি দিল্লির প্রধান বিমানবন্দর ছিল। [14] সফদারজং বিমানবন্দরে যাত্রীবাহী উড়ান বৃদ্ধির ফলে ১৯৬২ সালে বেসামরিক উড়ানগুলি পালাম বিমানবন্দরে স্থানান্তরিত হয় (পরবর্তীতে এটির নামকরণ করা হয় আইজিআইএ)। [14] পালাম বিমানবন্দরটি দ্বিতীয় বিশ্বযুদ্ধের সময় তৈরী হয়েছিল রয়েল এয়ার ফোর্স স্টেশন পালাম নামে এবং ব্রিটিশ শাসন অবসানের পর, এটি ভারতীয় বিমানবাহিনীর জন্য একটি বিমান বাহিনী স্টেশন হিসেবে কাজ করত। প্রতি ঘন্টায় পালাম বিমানবন্দরের প্রায় ১,৩০০ জন যাত্রী পরিবহণের ক্ষমতা ছিল। [14] ১৯৭০ এর দশকে বিমানের গমনাগমন বৃদ্ধির ফলে পুরনো পালাম টার্মিনালের প্রায় চার গুণ এলাকা নিয়ে একটি অতিরিক্ত টার্মিনাল নির্মাণ করা হয়। ২রা মে, ১৯৮৬ সালে একটি নতুন আন্তর্জাতিক টার্মিনাল (টার্মিনাল ২) এর উদ্বোধন করার পর বিমানবন্দরটিকে ইন্দিরা গান্ধী আন্তর্জাতিক বিমানবন্দর (আইজিআইএ) নামে নামকরণ করা হয়। [14]",ইন্দিরা গান্ধী আন্তর্জাতিক বিমানবন্দর বা পালাম বিমানবন্দরটি কবে তৈরী হয় ?,১৯৩০ সালে,ইন্দিরা গান্ধী আন্তর্জাতিক বিমানবন্দর বা পালাম বিমানবন্দরটি ১৯৬২ সালে তৈরী হয়।,yes,yes
bengali-1628403038025158438-1::factualness,bengali-1628403038025158438-1,factualness,বাঁকুড়া জেলা ও এর আশেপাশের অঞ্চলগুলি ছিল মধ্যযুগীয় পশ্চিমবঙ্গের মল্ল রাজত্বের কেন্দ্রভূমি। মধ্যযুগের শেষভাগে এই অঞ্চলের ঐতিহাসিক ও সাংস্কৃতিক গুরুত্ব বৃদ্ধি পায়। খ্রিষ্টীয় সপ্তদশ শতাব্দীতে বৈষ্ণবধর্ম মল্লভূমের রাজধর্মের মর্যাদা অর্জন করে। এরপর এই ধর্মই এই অঞ্চলের সংস্কৃতির দিক-নির্ণায়ক হয়ে ওঠে। ১৭৬৫ সালে ব্রিটিশ ইস্ট ইন্ডিয়া কোম্পানি মল্লভূম রাজ্য অধিকার করে নেয় এবং ১৮৮১ সালে আধুনিক বাঁকুড়া জেলাটি প্রতিষ্ঠিত হয়। জেলার নামকরণ করা হয় এর সদর শহরের নামানুসারে।[2],কত সালে বাঁকুড়া জেলা প্রতিষ্ঠিত হয় ?,১৮৮১,১৮৮২ সালে বাঁকুড়া জেলা প্রতিষ্ঠিত হয়।,yes,yes
bengali-279269366529103979-5::inference,bengali-279269366529103979-5,inference,"প্রাচীন মহাদেশ গন্ডোয়ানাল্যান্ডের প্রক্ষিপ্তাংশ ভারতীয় পাত নামক একটি প্রধান টেকটনিক পাতের উপর ভারতের সম্পূর্ণ অংশ অবস্থিত। প্রায় ৯,০০,০০,০০০ বছর আগে ক্রিটেসিয়াস যুগের শেষ পর্বে ভারতীয় পাতটি উত্তর দিকে বার্ষিক ১৫ সেন্টিমিটার (৬ ইঞ্চি/বছর) হারে সরতে শুরু করে।[6] ৫,০০,০০,০০০ থেকে ৫,৫০,০০,০০০ বছর আগে সিনোজোয়িক যুগের ইয়োসিন পর্যায়ে ২,০০০-৩,০০০ কিলোমিটার (১,২০০- ১,৯০০ মাইল) পথ অতিক্রম করার পর পাতটির সঙ্গে এশিয়ার সংঘর্ষ হয়। এই পাতের সরণ ছিল অন্যান্য জ্ঞাত পাতগুলির সরণের মধ্যে দ্রুততম। ২০০৭ সালে জার্মান ভূতাত্ত্বিকরা এই এই দ্রুত সরণের কারণ সম্পর্কে এই সিদ্ধান্তে উপনীত হন যে গন্ডোয়ানাল্যান্ড থেকে প্রক্ষিপ্ত যে কোনো পাতের তুলনায় এই পাতের বেধ অর্ধেক মাত্র।[7] ভারত ও নেপালের বর্তমান সীমান্তের নিকট ইউরেশীয় পাতের সঙ্গে ভারতীয় পাতের সংঘর্ষের ফলে অরোজেনীয় বৃত্তের সৃষ্টি হয়, যার ফলে সৃষ্ট হয় তিব্বত মালভূমি ও হিমালয় পর্বতমালা। ২০০৯ সালের হিসেব অনুসারে, ভারতীয় পাতটি উত্তর-পূর্বে বার্ষিক ৫ সেন্টিমিটার (২ ইঞ্চি/বছর) হারে সরছে। যেখানে ইউরেশীয় পাতটি উত্তরে সরছে বার্ষিক ২ সেন্টিমিটার (০.৮ ইঞ্চি/বছর) হারে। এই কারণে ভারতকে ""সর্বাপেক্ষা দ্রুতগামী মহাদেশ"" বলে উল্লেখ করা হয়ে থাকে।[7] এই সরণের ফলে ইউরেশীয় পাতটির রূপ পরিবর্তিত হচ্ছে এবং ভারতীয় পাতটি বার্ষিক ৪ মিলিমিটার (০.১৫ ইঞ্চি/বছর) হারে ঘনসন্নিবিষ্ট হচ্ছে।",ভারতীয় পাতটি পূর্বে কোন মহাদেশের অংশ ছিল ?,গন্ডোয়ানাল্যান্ডের,ভারতীয় পাতটি পূর্বে ইউরেশীয় মহাদেশের অংশ ছিল।,yes,yes
bengali--5210760246858963269-0::comprehension,bengali--5210760246858963269-0,comprehension,সিয়াচেন দ্বন্দ্ব ভারত ও পাকিস্তানের মধ্যে কাশ্মীরের সিয়াচেন হিমবাহের অধিকারের জন্য সামরিক দ্বন্দ্ব। ১৯৮৪ খ্রিষ্টাব্দে ভারতের সফল সামরিক অভিযান অপারেশন মেঘদূতের মাধ্যমে এই দ্বন্দ্বের সূত্রপাত হয়।,সিয়াচেন দ্বন্দ্বের সূত্রপাত কবে হয় ?,১৯৮৪ খ্রিষ্টাব্দে,১৯৭১ খ্রিষ্টাব্দে অপারেশন মেঘদূতের সময়,no,no
bengali--1996491309013325271-1::specificity,bengali--1996491309013325271-1,specificity,মওলানা আব্দুল হামিদ খান ভাসানী ১৮৮০ সালের ১২ ডিসেম্বর সিরাজগঞ্জের ধানগড়া পল্লীতে জন্ম গ্রহণ করেন। তার পিতা হাজী শারাফত আলী। হাজী শারাফত আলী ও বেগম শারাফত আলীর পরিবারে ৪ টি সন্তানের জন্ম হয়। একটি মেয়ে ও তিনটি ছেলে। মোঃ আব্দুল হামিদ খান সবার ছোট। তাঁর ডাক নাম ছিল চেগা মিয়া। ছেলে-মেয়ে বেশ ছোট থাকা অবস্থায় হাজী শারাফত আলী মারা যান। কিছুদিন পর এক মহামারীতে বেগম শারাফত ও দুই ছেলে মারা যায়। বেঁচে থাকেন ছোট শিশু আব্দুল হামিদ খান।,তৃণমূল রাজনীতিবিদ মওলানা আবদুল হামিদ খান ভাসানী কবে জন্মগ্রহণ করেন ?,১৮৮০ সালের ১২ ডিসেম্বর,১৮৮০ সালের ডিসেম্বর মাসের মাঝামাঝি সময়ে জন্মগ্রহণ করেন।,yes,yes
bengali--8567711242522400652-6::factualness,bengali--8567711242522400652-6,factualness,"১৮৯৭ খ্রিস্টাব্দের ২৩ জানুয়ারি, বর্তমান ওডিশা রাজ্যের কটক শহরে (ওডিয়া বাজার) জন্মগ্রহণ করেন সুভাষচন্দ্র বসু। তিনি ছিলেন কটক-প্রবাসী বিশিষ্ট বাঙালি আইনজীবী জানকীনাথ বসু ও প্রভাবতী দেবীর চৌদ্দ  সন্তানের মধ্যে নবম। ষষ্ঠ শ্রেণি পর্যন্ত সুভাষচন্দ্র একটি কটকের ইংরেজি স্কুলে পড়াশোনা করেন; বর্তমানে এই স্কুলটির নাম স্টুয়ার্ট স্কুল। এরপর তাঁকে ভর্তি করা হয় কটকের রাভেনশ কলেজিয়েট স্কুলে। সুভাষচন্দ্র ছিলেন মেধাবী ছাত্র। ১৯১১ খ্রিস্টাব্দে ম্যাট্রিকুলেশন পরীক্ষায় কলকাতা থেকে প্রথম স্থান অধিকার করেন তিনি। ১৯১৮ খ্রিস্টাব্দে কলকাতা বিশ্ববিদ্যালয় অধিভুক্ত স্কটিশ চার্চ কলেজ থেকে দর্শনে সাম্মানিকসহ বিএ পরীক্ষায় উত্তীর্ণ হন।",নেতাজী সুভাষ চন্দ্র বসু কোন শহরে জন্মগ্রহণ করেন ?,কটক,তিনি জন্মগ্রহণ করেন কলকাতা শহরে।,yes,yes
bengali-980178524144247371-11::comprehension,bengali-980178524144247371-11,comprehension,আবু বকর ৫৭৩ সালের দিকে মক্কার কুরাইশ বংশের বনু তাইম গোত্রে জন্মগ্রহণ করেছেন।[6] তার বাবার নাম আবু কুহাফা ও মায়ের নাম সালমা বিনতে সাখার।,আবু বকরের বাবার নাম কী ছিল ?,আবু কুহাফা,সালমা বিনতে সাখার,no,no
bengali--702710937599857272-3::specificity,bengali--702710937599857272-3,specificity,"হালাকু খানের কমপক্ষে তিনজন সন্তান ছিল। তারা হলেন আবাকা খান, তাকুদার ও তারাকাই। আবাকা খান ১২৬৫ থেকে ১২৮২ সাল পর্যন্ত পারস্যের দ্বিতীয় ইলখান ছিলেন। এরপর তাকুদার ১২৮২ থেকে ১২৮৪ পর্যন্ত ইলখান ছিলেন। তারাকাইয়ের পুত্র বাইদু ১২৯৫ সালে ইলখান হন।[4] ১৫শ শতাব্দীর ইতিহাসবিদ মীর খাওয়ান্দ আরো দুই সন্তানের নাম উল্লেখ করেছেন তারা হলেন হিয়াক্সামাত ও তানদুন। হিয়াক্সামাত প্রথমে আর্মেনিয়া ও আজারবাইজান এবং তানদুন দিয়ারবাকির ও ইরাকের গভর্নরের দায়িত্বে ছিলেন।[5] তাদের জন্মের ধারাবাহিকতার তালিকাটি এভাবে লিপিবদ্ধ রয়েছে: আবাকা, হিয়াক্সামাত, তানদুন তাকুদার ও তারাকাই। হালাকু খানের পুত্রবধু আবশ খাতুন ১২৬৩ সালে শিরাজ শাসনের দায়িত্ব পান।[6]",ইলখানাতের দ্বিতীয় শাসক কে ছিলেন ?,আবাকা খান,তাকুদার ছিলেন ইলখানাতের দ্বিতীয় শাসক।,yes,yes
bengali-1733542226552149709-2::comprehension,bengali-1733542226552149709-2,comprehension,"ইসলাম শব্দটি এসেছে আরবি س-ل-م শব্দটি হতে; যার দু'টি অর্থঃ ১. শান্তি ২. আত্মসমর্পণ করা। সংক্ষেপে, ইসলাম হলো শান্তি (প্রতিষ্ঠা)'র উদ্দেশ্যে এক ও অদ্বিতীয় ঈশ্বর (আল্লাহ)-এর কাছে আত্মসমর্পণ করা।",ইসলাম শব্দটির উৎপত্তি কোন শব্দ থেকে ?,আরবি س-ل-,আরবি সালাম শব্দ থেকে।,no,no
bengali-6246323317955015554-0::specificity,bengali-6246323317955015554-0,specificity,বেথুন কলেজ বাংলার ইতিহাসে প্রথম মহিলা কলেজ যা ১৮৪৯ খৃষ্টাব্দে জন এলিয়ট ড্রিঙ্কওয়াটার বিটনের প্রচেষ্টায় কলকাতায় প্রতিষ্ঠিত হয়।,ভারতবর্ষের প্রথম মহিলা কলেজ কোনটি ?,বেথুন কলেজ,ভারতবর্ষের প্রথম মহিলা কলেজ হিসেবে সাধারণভাবে কলকাতার একটি প্রাচীন নারীশিক্ষা প্রতিষ্ঠানকে উল্লেখ করা হয়।,no,no
bengali--4995623503910904089-1::inference,bengali--4995623503910904089-1,inference,"রুথ ও উইলিয়াম দম্পতির কন্যা তিনি। বিটলসের প্রতি পিতার অকুণ্ঠ ভালাবাসা থেকে তার নামকরণ হয়। ড্রামারের স্ত্রী স্টার, মরেন কক্স থেকেও এ নামে অক্ষর সংযুক্ত ঘটান। কিন্তু একটি শব্দে নাম নিবন্ধনে সমস্যার সৃষ্টি হয়েছিল।[1] ফলে তার নামে দু'টি 'আর' ও 'ই' যুক্ত করতে হয়েছে।[2] উইলিয়াম ও জেফারসন নামীয় তার আরও দুই ভাই রয়েছে।[3]",মরেন হিগা ম্যাগির বাবার নাম কী ?,উইলিয়াম,মরেন হিগা ম্যাগির বাবার নাম জেফারসন।,no,no
bengali--3419022654484055884-0::inference,bengali--3419022654484055884-0,inference,"স্টিভ জবস (পুরোনাম: স্টিভেন পল জবস) (English: Steven Paul ""Steve"" Jobs) (জন্ম ফেব্রুয়ারি ২৪, ১৯৫৫, মৃত্যু ৫ অক্টোবর ২০১১)[10][11] যুক্তরাষ্ট্রের একজন উদ্যোক্তা ও প্রযুক্তি উদ্ভাবক। তাকে পার্সোনাল কম্পিউটার বিপ্লবের পথিকৃৎ বলা হয়। তিনি স্টিভ ওজনিয়াক এবং রোনাল্ড ওয়েন -এর সাথে ১৯৭৬ খ্রিস্টাব্দে ""অ্যাপল কম্পিউটার"" প্রতিষ্ঠা করেন। তিনি অ্যাপল ইনকর্পোরেশনের প্রতিষ্ঠাতাদের অন্যতম ও সাবেক প্রধান নির্বাহী কর্মকর্তা। তিনি ""পিক্সার এ্যানিমেশন স্টুডিওস""-এরও প্রতিষ্ঠাতাদের অন্যতম ও সাবেক প্রধান নির্বাহী কর্মকর্তা। ১৯৮৫ সালে অ্যাপল ইনকর্পোরেশনের ""বোর্ড অব ডিরেক্টর্সের"" সদস্যদের সাথে বিরোধে জড়িয়ে তিনি অ্যাপল ইনকর্পোরেশনের থেকে পদত্যাগ করেন এবং নেক্সট কম্পিউটার প্রতিষ্ঠা করেন। ১৯৯৬ সালে অ্যাপল কম্পিউটার নেক্সট কম্পিউটারকে কিনে নিলে তিনি অ্যাপলে ফিরে আসেন। তিনি ১৯৯৫ সালে টয় স্টোরি নামের অ্যানিমেটেড চলচ্চিত্র প্রযোজনা করেন।",অ্যাপল কোম্পানির প্রতিষ্ঠাতা কে ?,স্টিভ ওজনিয়াক এবং রোনাল্ড ওয়েন,অ্যাপল কোম্পানির প্রতিষ্ঠাতা ছিলেন পিক্সার অ্যানিমেশন স্টুডিওসের সাবেক প্রধান নির্বাহী কর্মকর্তা।,yes,yes
bengali--163578025751769909-14::comprehension,bengali--163578025751769909-14,comprehension,মাইকেল মধুসূদন দত্ত বিরচিত মেঘনাদবধ কাব্য-এ মেঘনাদ নায়ক। ভ্রাতা বীরবাহুর মৃত্যুর পর লঙ্কার রাজলক্ষ্মীর প্ররোচনায় তিনি যুদ্ধযাত্রা করেন। এই উপাখ্যানে মেঘনাদের স্ত্রী প্রমীলা। দেবগণ মেঘনাদের যুদ্ধযাত্রার সময় রামচন্দ্রকে রক্ষা করার পরিকল্পনা করেন। নিকুম্ভিলা যজ্ঞাগারে যজ্ঞ সম্পাদনা কালে লক্ষ্মণ নিরস্ত্র অবস্থায় মেঘনাদকে হত্যা করেন। তারপর প্রতিশোধকল্পে রাবণ লক্ষ্মণকে শক্তিশেলে বিদ্ধ করলে রাম পাতালপুরীতে প্রবেশ করে মৃত পিতা দশরথের কাছ থেকে লক্ষ্মণের পুনরুজ্জীবনের উপায় জেনে আসেন। গ্রন্থশেষে রয়েছে মেঘনাদের অন্ত্যেষ্টিক্রিয়ার জন্য রাবণের রামের নিকট সাতদিন যুদ্ধবিরতি প্রার্থনা ও মহাসমারোহে মেঘনাদের অন্ত্যেষ্টির বিবরণ।,ইন্দ্রজিৎ বা মেঘনাদের স্ত্রীর নাম কী ?,প্রমীলা,সুলোচনা,yes,yes
bengali--662161282079728201-5::comprehension,bengali--662161282079728201-5,comprehension,১৯৬০ সালের আগস্ট মাসে জিয়াউর রহমানের সাথে তার বিয়ে হয়। জিয়াউর রহমানের ডাক নাম কমল। জিয়া তখন ছিলেন পাকিস্তান সেনাবাহিনীর একজন ক্যাপ্টেন। ডি এফ আই এর অফিসার হিসাবে তখন দিনাজপুরে কর্মরত ছিলেন।,বাংলাদেশ জাতীয়তাবাদী দলের প্রধান বেগম খালেদা জিয়ার স্বামীর নাম কী ছিল ?,জিয়াউর রহমানের,তার স্বামীর নাম ছিল কমল রহমান।,no,no
bengali-8842503098497321541-0::factualness,bengali-8842503098497321541-0,factualness,"এশীয় শামুকখোল (বৈজ্ঞানিক নাম: Anastomus oscitans) (English: Asian Openbill), শামখোল বা শামুকভাঙা Ciconiidae (সাইকোনিডি) গোত্র বা পরিবারের অন্তর্গত Anastomus (অ্যানাস্টোমাস) গণের অন্তর্গত এক প্রজাতির শ্বেতকায় বৃহদাকৃতির পাখি।[2][3][4] এশীয় শামুকখোলের বৈজ্ঞানিক নামের অর্থ হাই তোলা মুখের পাখি (গ্রিক: anastomoo = মুখ; লাতিন: oscitans = হাই তোলা/মুখ খোলা)।[3] অদ্ভুত ঠোঁটের জন্য খুব সহজে অন্যান্য পাখি থেকে একে আলাদা করা যায়। ঠোঁটের নিচের অংশের সাথে উপরের অংশের বেশ বড় ফাঁক থাকে। পাখিটি বাংলাদেশ, ভারত ছাড়াও দক্ষিণ এবং দক্ষিণ-পূর্ব এশিয়ার বিভিন্ন দেশে দেখা যায়। সারা পৃথিবীতে এক বিশাল এলাকা জুড়ে এদের আবাস, প্রায় ২০ লাখ ৭০ হাজার বর্গ কিলোমিটার।[5] বিগত কয়েক দশক ধরে এদের সংখ্যা ক্রমেই কমছে, তবে আশঙ্কাজনক পর্যায়ে যেয়ে পৌঁছেনি। সেকারণে আই. ইউ. সি. এন. এই প্রজাতিটিকে Least Concern বা ন্যূনতম বিপদগ্রস্ত বলে ঘোষণা করেছে।[1] বাংলাদেশের বন্যপ্রাণী আইনে এ প্রজাতিটি সংরক্ষিত।[3] এশীয় শামুকখোল একপ্রজাতিক, অর্থাৎ এর কোন উপপ্রজাতি নেই। উপযুক্ত আবহাওয়া, পরিমিত খাবারের যোগান আর নিরাপত্তা থাকলে এরা সাধারণত কোন এক জায়গা থেকে নড়ে না।","এশীয় শামুকখোল, শামখোল বা শামুকভাঙা পাখির বৈজ্ঞানিক নাম কী ?",Anastomus oscitans,এশীয় শামুকখোল বা শামুকভাঙা পাখির বৈজ্ঞানিক নাম **Anastomus indicus**।,yes,yes
bengali--7157345455253053268-0::factualness,bengali--7157345455253053268-0,factualness,"উত্তর চব্বিশ পরগণা জেলা ভারত এর পূর্বাঞ্চলীয় রাজ্য পশ্চিমবঙ্গের কলকাতা শহরের উত্তরপূর্ব দিকের একটি জেলা। জেলাটি প্রেসিডেন্সি বিভাগের অন্তর্ভুক্ত। ১৯৮৩ সালে ডঃ অশোক মিত্রের প্রশাসনিক সংস্কার কমিটি এই জেলাকে বিভাজনের সুপারিশ করেন। ১৭ই ফাল্গুণ ১৩৯২ বঙ্গাব্দে (১৯৮৬ সালে ১লা মার্চ) ২৪ পরগণা জেলাটিকে দ্বিখণ্ডিত করে ওই জেলার উত্তরাংশ নিয়ে উত্তর ২৪ পরগণা জেলা স্থাপন করা হয়৷ এর প্রশাসনিক ভবন ও সদর দপ্তর বারাসাত শহরে অবস্থিত৷ বারাসাত, বারাকপুর, বনগাঁ, বসিরহাট, বিধাননগর এই পাঁচটি মহকুমা নিয়ে উত্তর ২৪ পরগণা জেলা গঠিত।",পশ্চিমবঙ্গের উত্তর চব্বিশ পরগনা জেলা কয়টি মহকুমা নিয়ে গঠিত ?,পাঁচ,উত্তর চব্বিশ পরগণা জেলা ছয়টি মহকুমা নিয়ে গঠিত।,yes,yes
bengali-6235993678020888535-0::specificity,bengali-6235993678020888535-0,specificity,"বিশ্বের ইতিহাস বলতে এখানে পৃথিবী নামক গ্রহে বসবাসকারী  মানবজাতির ইতিহাস বোঝানো হয়েছে, গ্রহ হিসেবে পৃথিবীর ইতিহাস নয়। মানুষের ইতিহাস মূলত পুরাপ্রস্তর যুগে পৃথিবী জুড়ে শুরু হয়।  আদিম যুগ থেকে প্রাপ্ত সকল প্রত্নতাত্ত্বিক ও লিখিত দলিল এর আওতাভুক্ত। লিখন পদ্ধতি আবিষ্কারের মধ্য দিয়ে প্রাচীন প্রামাণ্য ইতিহাসের[1] শুরু হয়।[2][3] যদিও লিখন পদ্ধতি আবিষ্কারের পূর্ববর্তী যুগেও সভ্যতার নিদর্শন পাওয়া গেছে। প্রাগৈতিহাসিক যুগের সূচনা ঘটে পুরাপ্রস্তর যুগে। সেখান থেকে সভ্যতা প্রবেশ করে নব্যপ্রস্তর যুগে এবং এসময় কৃষি বিপ্লবের (খ্রিস্টপূর্ব ৮০০০-খ্রিস্টপূর্ব ৫০০০ অব্দ) সূচনা ঘটে। নব্যপ্রস্তর যুগের বিপ্লবে উদ্ভিদ ও পশুর গৃহপালন এবং নিয়মানুগ কৃষিপদ্ধতি রপ্ত করা মানব সভ্যতার একটি অনন্য মাইলফলক হিসেবে চিহ্নিত।[4][5][6] কৃষির উন্নয়নের সঙ্গে সঙ্গে বেশির ভাগ মানুষ যাযাবর জীবনযাত্রা ত্যাগ করে স্থায়ীভাবে কৃষকের জীবন গ্রহণ করে। তবে বহু সমাজে যাযাবর জীবনব্যবস্থা রয়ে যায়, বিশেষ করে ভৌগোলিকভাবে বিচ্ছিন্ন অঞ্চলগুলিতে ও যেখানে আবাদযোগ্য উদ্ভিদ প্রজাতির অভাব ছিল। কৃষি থেকে প্রাপ্ত খাদ্য নিরাপত্তা ও উদ্বৃত্ত উৎপাদনের ফলে গোষ্ঠীগুলি ধীরে ধীরে বৃদ্ধি পেয়ে আরও বড় সামাজিক প্রতিষ্ঠানের জন্ম দেয়। যোগাযোগ ব্যবস্থার উন্নয়নও এক্ষেত্রে একটি উল্লেখযোগ্য ভূমিকা রাখে।",পুরাপ্রস্তর যুগের পর কোন যুগের আবির্ভাব হয়েছিল ?,নব্যপ্রস্তর,তাম্রপ্রস্তর যুগের আবির্ভাব হয়েছিল।,yes,yes
bengali--4054160116099300556-3::factualness,bengali--4054160116099300556-3,factualness,"তিতুমীরের অনুসারীর সংখ্যা বেড়ে এক সময় ৫,০০০ গিয়ে পৌঁছায়।[7] তারা সশস্ত্র সংগ্রামের জন্য প্রস্তুত হয়। ১৮৩১ সালের ২৩শে অক্টোবর বারাসতের কাছে বাদুড়িয়ার ১০ কিলোমিটার দূরে নারিকেলবাড়িয়া গ্রামে তাঁরা বাঁশের কেল্লা তৈরি করেন। বাঁশ এবং কাদা দিয়ে তারা দ্বি-স্তর বিশিষ্ট এই কেল্লা নির্মাণ করেন।",তিতুমীর বাঁশের কেল্লাটি কোথায় নির্মাণ করেছিলেন ?,বারাসতের কাছে বাদুড়িয়ার ১০ কিলোমিটার দূরে নারিকেলবাড়িয়া গ্রামে,তিতুমীর বাঁশের কেল্লাটি বারাসত শহরের উপকণ্ঠে গোবরডাঙ্গা গ্রামে নির্মাণ করেছিলেন।,yes,yes
bengali-4053447918705035470-0::inference,bengali-4053447918705035470-0,inference,"কুমিল্লা ভিক্টোরিয়া কলেজ কুমিল্লা জেলায় অবস্থিত। এটি কুমিল্লার সবচেয়ে পুরাতন এবং বিখ্যাত কলেজ। কুমিল্লা ভিক্টোরিয়া কলেজ ১৮৯৯ সালে প্রতিষ্ঠিত হয়। রায় বাহাদুর আনন্দ চন্দ্র রায় রানী ভিক্টোরিয়ার নামে এটি প্রতিষ্ঠা করেন। তিনি ঠিকাদারি পেশার সাথে যুক্ত ছিলেন এবং শিক্ষা-অনুরাগী ছিলেন। কুমিল্লা ভিক্টোরিয়া কলেজ প্রতিষ্ঠা করার জন্য বিপুল পরিমাণ অর্থ ব্যয় করেছেন। এই কলেজ এভাবে পরিপূর্ণ বাস্তবে রূপ নেয়। কলেজটি প্রতিষ্ঠার পর ব্রিটিশ সরকার তাকে ""রায় বাহাদুর"" উপাধি প্রদান করে। তার স্মতি রক্ষার্তে ভিক্টোরিয়া কলেজের ইন্টারমেডিয়েট শাখায় প্রধান ফটকে একটি সাদা রঙের ভাস্কর্য তৈরি করা হয়েছে। বিজ্ঞানী সত্যেন্দ্রনাথ বসু ছিলেন এই কলেজের প্রথম অধ্যক্ষ যিনি ১৯৪৭ সাল পর্যন্ত কর্মরত ছিলেন। এই কলেজ বাংলাদেশ জাতীয় বিশ্ববিদ্যালয় এর অধিভুক্ত।",কুমিল্লা ভিক্টোরিয়া কলেজ কোন বিশ্ববিদ্যালয়ের অন্তর্গত ?,বাংলাদেশ জাতীয় বিশ্ববিদ্যালয়,কুমিল্লা বিশ্ববিদ্যালয়ের অন্তর্গত।,yes,yes
bengali-7761912973681941309-9::specificity,bengali-7761912973681941309-9,specificity,"১৭৫৬ সালে নবাব সিরাজউদৌল্লা কলকাতা দখল করে নেবার পরে (২০ জুন) লর্ড ক্লাইভ এবং ওয়াটসন তামিলনাড়ু থেকে জাহাজযোগে সৈন্যবাহিনী নিয়ে আসেন ও কোলকাতা পুনর্দখল করেন(২জানুয়ারি,১৭৫৭)। চন্দননগর দখল করার পরে সিরাজউদৌল্লাকে উৎখাত করার জন্য সিরাজের পরিবারের কয়েকজন ও মীরজাফর, উমিচাঁদ, জগত শেঠ প্রমুখদের সঙ্গে ষড়যন্ত্র করেন। চুক্তি মতো কাজ হয় ও নদীয়ার পলাশির প্রান্তরে সিরাজউদৌল্লার সঙ্গে প্রহসন মূলক যুদ্ধ হয়। সিরাজউদৌল্লা পরাজিত হয়ে পালাবার কালে ধরা পড়ে নিহত হন। চুক্তি মতো মীরজাফর নবাব হন এবং ক্লাইভ নগদ ত্রিশ লক্ষ টাকা ও চব্বিশ পরগনার জায়গিরদারি লাভ করেন। জায়গির থেকে ক্লাইভের বছরে তিন লক্ষ টাকা আয় হত। পরে ১৭৬০-এ ক্লাইভ দেশে ফিরে যান। এ দিকে তার অভাবে ইংরেজরা বিপর্যস্ত হয়ে পড়ে, তখন আবার ক্লাইভের ডাক পড়ে। ক্লাইভ এ দেশে আবার ফিরে আসেন ১৭৬৫ খ্রিস্টাব্দের মে মাসে এবং ইংরেজ সরকারের গভর্নর নিযুক্ত হন। তিনি তখন দিল্লির বাদশাহ শাহ আলমের কাছ থেকে বাংলা-বিহার-ওড়িশার দেওয়ানি লাভ করেন(১৭৬৫, আগস্ট ১)।বিহার-ওড়িশার প্রকৃত শাসন ক্ষমতা লাভ করে, নবাবের নামে মাত্র অস্তিত্ব থাকে। ফলে পূর্ব ভারতের এই অঞ্চলে যে শাসন-ব্যবস্থা চালু হয় তা দ্বৈত শাসন নামে পরিচিত। নবাবের হাতে থাকে প্রশাসনিক দায়িত্ব, আর রাজস্ব আদায় ও ব্যয়ের পূর্ণ কর্তৃত্ব পায় কোম্পানি। এতে বাংলার নবাব আসলে ক্ষমতাহীন হয়ে পড়ে আর এই সুযোগে কোম্পানির লোকেরা খাজনা আদায়ের নামে অবাধ লুণ্ঠন ও অত্যাচার শুরু করে দেয়।সে বছর অত্যধিক বৃষ্টিপাত ও বন্যার গ্রাস থেকে কৃষক ফসল ঘরে তুলতে পারে নি। তদুপরি ভূমিরাজস্ব ব্যবস্থা এবং খাদ্যবাজারে মধ্যস্বত্বভোগীদের দৌরাত্ম্যের ফলে অবস্থার চরম অবনতি ঘটে। অথচ ব্রিটিশরাজের কোম্পানি শাসকরা পুরো বিষয়টিকে প্রাকৃতিক বিপর্যয় বলে দাবি করে। কিন্তু ভিন্ন সাক্ষ্য থেকে জানা যায় যে, ১৭৬৮ সনে আদায়কৃত রাজস্ব দেড় কোটি রুপির চেয়ে ১৭৭১ সনের আদায়কৃত রাজস্বের পরিমাণ ৫,২২,০০০ রুপি বেশি ছিল, অথচ এর আগের বছরেই ঘটে যায় দুর্ভিক্ষ। এভাবে, কোম্পানি শাসনের সহযোগিতায়, খাদ্যশস্যের বাজার থেকে মুনাফা লুট এবং অতিরিক্ত রাজস্ব আদায়ের উদ্দেশ্য চরিতার্থ করার কারণে জনমানুষের ভোগান্তি চরমে পৌঁছে। পরিণতিতে মারাত্মক দুর্ভিক্ষপীড়িত এলাকাগুলি হয়ে পড়ে জনশূন্য। জনসংখ্যার এক-তৃতীয়াংশ, প্রায় ১০ মিলিয়ন(১ কোটি) মানুষ দুর্ভিক্ষে মারা যায়। কৃষি উৎপাদন আর রাজস্ব আদায় অনুরূপহারে কমে যায়। দেশে দেখা দেয় চরম বিপর্যয় ও দুর্ভিক্ষ।  কয়েক লক্ষ মানুষ না খেতে পেয়ে মারা যান। এটাই ইতিহাসখ্যাত ছিয়াত্তরের মন্বন্তর।",ছিয়াত্তরের মন্বন্তরে কতজন মানুষ মারা যায় ?,প্রায় ১০ মিলিয়ন,প্রায় কয়েক লক্ষ মানুষ মারা যায়।,yes,yes
bengali--2670679576736811691-0::factualness,bengali--2670679576736811691-0,factualness,"প্রীতিলতা ওয়াদ্দেদার যিনি প্রীতিলতা ওয়াদ্দের নামেও পরিচিত (জন্ম: মে ৫, ১৯১১; মৃত্যু সেপ্টেম্বর ২৪, ১৯৩২)[1], ডাকনাম রাণী, ছদ্মনাম ফুলতার, একজন বাঙালী ছিলেন, যিনি ব্রিটিশ বিরোধী স্বাধীনতা আন্দোলনের অন্যতম নারী মুক্তিযোদ্ধা ও প্রথম বিপ্লবী মহিলা শহীদ ব্যক্তিত্ব।[2] তৎকালীন পূর্ববঙ্গে জন্ম নেয়া এই বাঙালি বিপ্লবী সূর্য সেনের নেতৃত্বে তখনকার ব্রিটিশ বিরোধী সশস্ত্র আন্দোলনে সক্রিয়ভাবে অংশ নেন এবং জীবন বিসর্জন করেন। ১৯৩২ খ্রিস্টাব্দে পাহাড়তলী ইউরোপিয়ান ক্লাব দখলের সময়[3][4] তিনি ১৫ জনের একটি বিপ্লবী দল পরিচালনা করেন।[5] এই ক্লাবটিতে একটি সাইনবোর্ড লাগানো ছিলো যাতে লেখা ছিলো ""কুকুর এবং ভারতীয়দের প্রবেশ নিষেধ""।[6][7] প্রীতিলতার দলটি ক্লাবটি আক্রমণ করে এবং পরবর্তিতে পুলিশ তাদের আটক করে। পুলিশের হাতে আটক এড়াতে প্রীতিলতা সায়ানাইড গলাধঃকরন করে আত্মহত্যা করেন।[8]",প্রীতিলতা ওয়াদ্দেদার কোন সালে জন্মগ্রহণ করেন ?,১৯১১,১৯১২ সালে,yes,yes
bengali-755752664402057654-0::specificity,bengali-755752664402057654-0,specificity,"আমির মিনাই (Urdu: امیر مینا ئی‎; জন্ম: ১৯২৮ - মৃত্যু: ১৯ অক্টোবর, ১৯০০) বিখ্যাত উর্দু কবি ছিলেন। ১৮২৮ সালে লখনৌতে জন্মগ্রহণ করেন এবং ১৯০০ সালে হায়দরাবাদে মৃত্যুবরণ করেন। তাঁর পুরো নাম আমির আহমদ মিনাই। তিনি আমির ছদ্মনামে লেখালেখি করতেন। তিনি একটি কবিতায় নামের এ দ্বৈত ব্যবহারের কথা উল্লেখ করেছেন:  نام كا نام، تخلص كا تخلص ہے امير  ايک يہ وصف خداداد مرے نام ميں ہے",আমির আহমদ মিনাইয়ের ছদ্মনাম কি ছিল ?,আমির,তাঁর সাহিত্যিক ছদ্মনাম ছিল **মিনাই**।,yes,yes
bengali-502031366341688023-0::specificity,bengali-502031366341688023-0,specificity,"গুরু নানক দেব () (Punjabi: ਗੁਰੂ ਨਾਨਕ; Hindi: गुरु नानक, Urdu: گرونانک, [ˈɡʊɾu ˈnɑnək] (এপ্রিল ১৫, ১৪৬৯ - সেপ্টেম্বর ২২, ১৫৩৯) শিখ ধর্মের প্রবক্তা এবং এই ধর্মের প্রথম গুরু। প্রতি বছর কার্তিক পূর্ণিমা তিথিতে তাঁর জন্মোৎসব পালিত হয়।[1] তিনি বহু স্থানে ভ্রমণ করে মানুষের মধ্যে এক ঈশ্বরের মতবাদ প্রচলন করেন।[2] তিনি সমতা, ভ্রাতৃত্ব ও সদাচরণের ওপর নির্ভর করে একটি অনন্য ধর্মীয়, সামাজিক ও রাজনৈতিক ব্যবস্থা প্রচলন করতে সক্ষম হন।[3][4][5] শিখ ধর্মে বিশ্বাস করা হয়ে থাকে যে, পরবর্তী শিখ গুরুদের গুরুপদ লাভের সময় তাঁদের মধ্যে গুরু নানকের ঐশ্বরিক ক্ষমতা, ধর্মীয় কর্তৃত্ব ও পবিত্রতা  প্রবাহিত হয়ে থাকে।[6]",গুরু নানকের মৃত্যুদিবস কবে ?,"সেপ্টেম্বর ২২, ১৫৩৯",গুরু নানকের মৃত্যুদিবস সাধারণত কার্তিক পূর্ণিমার সময় স্মরণ করা হয়।,yes,yes
bengali-1429724599905928491-2::specificity,bengali-1429724599905928491-2,specificity,"কৃষ্ণ শব্দের অর্থ কালো বা ঘন নীল। গৌড়ীয় বৈষ্ণব সম্প্রদায়ের হরে কৃষ্ণ মহামন্ত্রে, অনেকেই কৃষ্ণ শব্দটি সর্বাকর্ষক অর্থে ব্যবহার করা হয়েছে বলে মনে করেন । ভাগবত পুরাণে কৃষ্ণকে প্রায়শই বংশী-বাদনরত এক কিশোরের রূপে বর্ণনা করা হয়েছে।[2] আবার ভগবদ্গীতায়, তিনি এক পথপ্রদর্শক এবং সহায়ক তরুণ রাজপুত্র। সমগ্র মহাভারত কাব্যে, তিনি একজন কূটনীতিজ্ঞ হিসাবে পাণ্ডবপক্ষে মুখ্য ভূমিকা পালন করেছেন, কুরুক্ষেত্রের যুদ্ধে অর্জুনের রথের সারথিরূপে অবতীর্ণ হয়েছেন।[3] হিন্দু দর্শন ও ধর্মতাত্ত্বিক ঐতিহ্যে কৃষ্ণ-সংক্রান্ত উপাখ্যানগুলি বহুধা পরিব্যাপ্ত।[4] তিনি একাধারে: শিশুদেবতা, রঙ্গকৌতুকপ্রিয়,আদর্শ প্রেমিক, দিব্য নায়ক ও সর্বোচ্চ ঈশ্বর। [5] কৃষ্ণ-সংক্রান্ত উপাখ্যানগুলি মূলত লিখিত আছে মহাভারত, হরিবংশ, ভাগবত পুরাণ ও বিষ্ণু পুরাণ গ্রন্থে।",গৌড়ীয় বৈষ্ণব ধর্মাবলম্বী লোকেদের আরাধ্য দেবতা কে ?,কৃষ্ণ,গৌড়ীয় বৈষ্ণব ধর্মাবলম্বীদের আরাধ্য দেবতা সাধারণত বিষ্ণুর এক রূপ।,yes,yes
bengali--3636759562453927542-3::inference,bengali--3636759562453927542-3,inference,"১৯৮৫ সালে মার্কিন যুক্তরাষ্ট্রের টেলিকম নিয়ন্ত্রক ফেডারেল কমিউনিকেশন কমিশন (এফসিসি) কর্তৃক বেনামে বর্ণমালার কয়েকটি ব্যান্ড খোলার জন্য অনুমতি দেয় যা ওয়াই-ফাই নামে পরিচিত । যেখানে সরকারি লাইসেন্সের প্রয়োজন ছাড়াই ব্যবহার করতে অনুমতি দেয়া হয়েছিল । ঐ সময় এই পদক্ষেপ সম্পর্কে খুব কম লোকই জানত ; এছাড়া হ্যাম-রেডিও চ্যানেলটি ছিল লাইসেন্সহীন একটি বর্ণালী। কিন্তু এফসিসির কর্মচারী, মাইকেল মার্কাস ছিল স্বপ্নদর্শী প্রকৌশলী যিনি শিল্প, বৈজ্ঞানিক ও চিকিৎসা ব্যান্ড থেকে তিন ভাগের এক ভাগ স্পেকট্রাম গ্রহণ করেন এবং যোগাযোগ উদ্যোক্তাদের কাছে তাদেরকে ব্যবহারের জন্য উন্মুক্ত করে দিয়েছিলেন।",ওয়াই-ফাই শব্দটির ব্যবহার প্রথম কবে থেকে শুরু হয় ?,১৯৮৫ সালে,ওয়াই-ফাই শব্দটির ব্যবহার প্রথম শুরু হয় ১৯৮৫ সালের শেষদিকে।,yes,yes
bengali-7838235126646531080-5::factualness,bengali-7838235126646531080-5,factualness,"আলফ্রেড ওয়ালেস যুক্তরাজ্যের ওয়েল্‌স্‌-এ অবস্থিত মনমথশায়ার কাউন্টির আস্ক শহরের নিকটবর্তী ল্যানবাডক (Llanbadoc) নামক গ্রামে জন্মগ্রহণ করেন।[2] টমাস ওয়ালেস ও মেরি অ্যান গ্রিনেলের নয় সন্তানের মধ্যে তিনি ছিলেন সপ্তম। টমাস সম্ভবত স্কটিশ বংশোদ্ভূত। তার পরিবার, অন্য অনেক ওয়ালেস পরিবারের মতোই, ত্রয়োদশ শতকে স্কটল্যান্ডের স্বাধীনতা যুদ্ধে নেতৃত্ব দানকারী উইলিয়াম ওয়ালেসের সাথে বংশীয় সম্পর্কের দাবী করে।[3] টমাস আইন বিষয়ে ডিগ্রি অর্জন করলেও কখনো আইন ব্যবসা করেননি; উত্তরাধিকারসূত্রে কিছু জমি পেয়েছিলেন যা থেকে আয়ও হতো, কিন্তু ব্যর্থ বিনিয়োগের কারণে তাদের পরিবারের অর্থনৈতিক অবস্থা দিনদিন খারাপ হতে থাকে।",বিখ্যাত ব্রিটিশ প্রকৃতিবিদ আলফ্রেড রাসেল ওয়ালেস কোন শহরে জন্মগ্রহণ করেন ?,আস্ক,আলফ্রেড রাসেল ওয়ালেস নিউপোর্ট শহরে জন্মগ্রহণ করেন।,yes,yes
bengali-1771748160489305957-0::inference,bengali-1771748160489305957-0,inference,"ভাওয়াল সন্ন্যাসী মামলা বিংশ শতকের প্রথম ভাগের একটি বিখ্যাত মামলা। অবিভক্ত ভারতবর্ষের বাংলা প্রদেশের ভাওয়াল এস্টেটের (বর্তমানে বাংলাদেশের গাজীপুর জেলায় অবস্থিত) কর্তৃত্ব নিয়ে এই মামলার মূল প্রতিপাদ্য ছিলো, মামলার বাদীর পরিচয়।[1] বাদী নিজেকে ভাওয়ালের রাজকুমার রমেন্দ্রনারায়ণ রায় হিসাবে দাবী করেছিলেন, এক দশক আগে যাঁর মৃত্যু ঘটেছিলো বলে সবাই জানতো।[2]",অবিভক্ত ভারতবর্ষের বাংলা প্রদেশের ভাওয়াল এস্টেট বর্তমান বাংলাদেশের কোন জেলায় অবস্থিত ?,গাজীপুর,ভাওয়াল এস্টেট বর্তমানে ঢাকার বুড়িগঙ্গা নদীর উত্তর তীরে অবস্থিত।,yes,yes
bengali--5964381449812256738-1::inference,bengali--5964381449812256738-1,inference,"২১১.৮১ বর্গ কি.মি. আয়তনের বিরামপুর উপজেলার ওয়ার্ড ৯টি ও মহল্লা ২৯টি। এই উপজেলার উত্তরে ফুলবাড়ী উপজেলা ও নবাবগঞ্জ উপজেলা, দক্ষিণে হাকিমপুর উপজেলা ও ভারতের পশ্চিমবঙ্গ, পূর্বে নবাবগঞ্জ উপজেলা ও হাকিমপুর উপজেলা এবং পশ্চিমে ফুলবাড়ী উপজেলা ও পশ্চিমবঙ্গ দ্বারা ঘেরা। নদনদীর মধ্যে যমুনার শাখা নদী উল্লেখযোগ্য।এটি মূলত যমুনা নদীর উপবাহিকা। রাজধানী ঢাকা থেকে এটি প্রায় ৩০০ কী:মি: উত্তরে এবং দিনাজপুর সদর থেকে এটি ৫৬ কি.মি. দক্ষিনে অবস্থিত।",বিরামপুর উপজেলার মোট আয়তন কত ?,২১১.৮১ বর্গ কি.মি,"বিরামপুর উপজেলার মোট আয়তন প্রায় ৩০০ কি.মি., কারণ এটি রাজধানী ঢাকা থেকে প্রায় ৩০০ কি.মি. উত্তরে অবস্থিত।",yes,yes
bengali--6767707870439070421-2::factualness,bengali--6767707870439070421-2,factualness,"বিশ্বের সবচেয়ে জনবহুল দেশগুলোর তালিকায় বাংলাদেশের অবস্থান অষ্টম যদিও আয়তনের হিসেবে বাংলাদেশ বিশ্বে ৯৪তম; ফলে বাংলাদেশ বিশ্বের সবচেয়ে ঘনবসতিপূর্ণ দেশগুলোর নবম। মাত্র ৫৬ হাজার বর্গমাইলেরও কম এই ক্ষুদ্রায়তনের দেশটির প্রাক্কলিত (২০১৮) জনসংখ্যা ১৮ কোটির বেশি অর্থাৎ প্রতি বর্গমাইলে জনবসতি ২৮৮৯ জন (প্রতি বর্গ কিলোমিটারে ১১১৫ জন)। রাজধানী ঢাকা শহরের জনসংখ্যা ১.৪৪ কোটি এবং ঢাকা মহানগরীর জনঘনত্ব প্রতি বর্গমা্গইলে ১৯,৪৪৭ জন।[2] দেশের জনসংখ্যার ৯৯ শতাংশ মানুষের মাতৃভাষা বাংলা; সাক্ষরতার হার ৭২ শতাংশ।",আয়তনের দিক থেকে বাংলাদেশ বিশ্বের কততম দেশ ?,৯৪,আয়তনের দিক থেকে বাংলাদেশ বিশ্বের ৯২তম দেশ।,yes,yes
bengali--8045997562526390537-0::inference,bengali--8045997562526390537-0,inference,"অদ্বৈত মল্লবর্মণ (১লা জানুয়ারি, ১৯১৪- ১৬ই এপ্রিল, ১৯৫১) বাঙালি ঔপন্যাসিক ও সাংবাদিক। তৎকালীন কুমিল্লা জেলার অধীনে ব্রাহ্মণবাড়ীয়া মহকুমার গোকর্ণঘাট গ্রামে জন্মগ্রহণ করেন। তিতাস একটি নদীর নাম শিরোনামের একটিমাত্র উপন্যাস লিখে তিনি বাংলা সাহিত্যের চিরস্মরণীয় ও অমর প্রতিভা হিসেবে সবিশেষ স্বীকৃতি লাভ করেন। এই উপন্যাসটি সর্বপ্রথম 'মাসিক মোহাম্মদী' পত্রিকায় প্রকাশিত হয়।",বাঙালি ঔপন্যাসিক ও সাংবাদিক অদ্বৈত মল্লবর্মণের প্রথম উপন্যাসের নাম কী ?,তিতাস একটি নদীর নাম,অদ্বৈত মল্লবর্মণের প্রথম উপন্যাসের নাম ছিল **মাসিক মোহাম্মদী**।,yes,yes
bengali--4507581995498809995-1::comprehension,bengali--4507581995498809995-1,comprehension,আচেহর শাসক ১৫শ শতাব্দীর মধ্যভাগে ইসলাম গ্রহণ করেন।[1] আলি মুগায়াত শাহ আচেহ সালতানাত প্রতিষ্ঠা করেছিলেন। তিনি ১৫২০ খ্রিষ্টাব্দে উত্তর সুমাত্রায় তার নিয়ন্ত্রণ প্রতিষ্ঠার জন্য অভিযান শুরু করেন।[2] সুলতান ইসকান্দার মুদা তার অভিযানের মাধ্যমে আচেহর সীমানা বৃদ্ধি করেন। ১৬১২ খ্রিষ্টাব্দে দেলি পরাজিত হয় এবং আচেহর অন্তর্গত হয়। ১৮৬১ খ্রিষ্টাব্দে ডাচদের হস্তক্ষেপের পরের বছর ডাচ ইস্ট ইন্ডিয়া কোম্পানির সাথে সন্ধি হয় যা আচেহ ও সিয়াকের কাছ থেকে দেলির স্বাধীনতা স্বীকার করতে সহায়তা করে। এটি বর্তমানে ইন্দোনেশিয়ার অংশ। মেদানের ইতিহাসে সালতানাত প্রতীক হিসেবে টিকে রয়েছে।,আচেহ সালতানাতের প্রতিষ্ঠাতা কে ছিলেন ?,আলি মুগায়াত শাহ,ইসকান্দার মুদা,yes,yes
bengali--3052451907272545632-1::inference,bengali--3052451907272545632-1,inference,১৯৯৩ সালে প্রথম তিনি “অবুঝ দুটি মন” চলচ্চিত্রে অভিনয় করেন। ছবিটি পরিচালনা করেছিলেন মোহাম্মদ হোসেন। স্বপ্নের নায়ক চলচ্চিত্রে অভিনয়ের মাধ্যমে তিনি জনপ্রিয়তা অর্জন করেন। সাম্প্রতিক সময়ে চলচ্চিত্রে অভিনয় কিছুটা কমিয়ে দিলেও নাটক ও টেলিফিল্মে কাজ করছেন তিনি।[1] ২০১৬ সালে তিনি সর্বশেষ “এক জবানের জমিদার হেরে গেলেন এবার” নামে একটি চলচ্চিত্রে অভিনয় করেছেন।[2],আমির খান অভিনীত প্রথম চলচ্চিত্রটির নাম কী ?,অবুঝ দুটি মন,স্বপ্নের নায়ক,yes,yes
bengali-469553946537952415-15::inference,bengali-469553946537952415-15,inference,মরিনহো চেলসিতে যোগদেন ২০০৪ সালের জুন মাসে এবং প্রতি বছরে ৪.২ মিলিয়ন পাউন্ড বেতনের ফলে ফুটবলের ইতিহাসে অন্যতম সর্বোচ্চ পারিশ্রমিকপ্রাপ্ত ম্যানেজারের খাতায় নাম লেখান। ২০০৫ সালে এ বেতন বেড়ে হয় ৫.২ মিলিয়ন পাউন্ড।[4],জোসে মারিও দস সান্তোস মরিনহো ফেলিক্স প্রথম কত সালে চেলসি দলের হয়ে ফুটবল খেলা শুরু করেন ?,২০০৪ সালের জুন মাসে,২০০৫ সালের শুরুতে চেলসির হয়ে খেলতে শুরু করেন,no,no
bengali--8981983056012119758-0::factualness,bengali--8981983056012119758-0,factualness,"ঢাকা দক্ষিণ এশিয়ার রাষ্ট্র বাংলাদেশের রাজধানী ও বৃহত্তম শহর। প্রশাসনিকভাবে এটি দেশটির ঢাকা বিভাগের প্রধান শহর। ভৌগোলিকভাবে এটি বাংলাদেশের মধ্যভাগে বুড়িগঙ্গা নদীর উত্তর তীরে একটি সমতল এলাকাতে অবস্থিত। ঢাকা একটি অতিমহানগরী (মেগাশহর); ঢাকা মহানগরী এলাকার জনসংখ্যা প্রায় ১ কোটি ৫০ লক্ষ।[3] জনসংখ্যার বিচারে এটি দক্ষিণ এশিয়ার চতুর্থ বৃহত্তম শহর (দিল্লি, করাচি ও মুম্বইয়ের পরেই) এবং সমগ্র বিশ্বের নবম বৃহত্তম[4] শহর। জনঘনত্বের বিচারে ঢাকা বিশ্বের সবচেয়ে ঘনবসতিপূর্ণ মহানগরী; ১৩৪ বর্গমাইল আয়তনের এই শহরে প্রতি বর্গমাইল এলাকায় ১ লক্ষ ১৫ হাজার লোকের বাস।[5]",ঢাকা শহরের আয়তন কত ?,১৩৪ বর্গমাইল,১৪৩ বর্গমাইল,yes,yes
bengali--1823810411993388609-7::factualness,bengali--1823810411993388609-7,factualness,সালেকসংশ্লেষণ এর বিক্রিয়া:- 6CO2 + 12H2O +তাপ→ C6H12O6+6H2O+6O2 সালেকসংশ্লেষণ প্রক্রিয়া ২টি পর্যায়ে সম্পন্ন হয়- ক)আলোক নির্ভর পর্যায় খ)অন্ধকার পর্যায়,সালোকসংশ্লেষ প্রক্রিয়াটি প্রধানত কোন দুটো পর্যায়ে সম্পন্ন হয় ?,ক)আলোক নির্ভর পর্যায় খ)অন্ধকার পর্যায়,ক)অক্সিজেন পর্যায় খ)শর্করা পর্যায়,no,no
bengali-2409535069483951968-1::factualness,bengali-2409535069483951968-1,factualness,"দুশোরও বেশি উপনিষদের কথা জানা যায়। এগুলির মধ্যে প্রথম বারোটিই প্রাচীনতম এবং সবচেয়ে গুরুত্বপূর্ণ। এগুলিকে ""মুখ্য উপনিষদ"" বলে । ভগবদ্গীতা, ব্রহ্মসূত্র এবং মুখ্য উপনিষদ্‌গুলি[2] (এগুলিকে একসঙ্গে প্রস্থানত্রয়ী বলা হয়) পরবর্তীকালে হিন্দু বেদান্ত দর্শনের বিভিন্ন শাখার জন্ম দিয়েছিল । এগুলির মধ্যে দুটি একেশ্বরবাদী শাখা বিশেষভাবে উল্লেখযোগ্য।[note 1][note 2][note 3]",মোট কয়টি উপনিষদ আছে ?,দুশোরও বেশি,মোট উপনিষদ আছে প্রায় একশো আটটি।,yes,yes
bengali--8988483359118632803-6::inference,bengali--8988483359118632803-6,inference,দ্য নিউকামার্স (২০০০) ও নট অ্যানাদার টিন মুভি (২০০১) ছবিতে অভিনয় করার পর[15] ইভানস দ্য পারফেক্ট স্কোর (২০০৪) ও সেলুলার (২০০৪) ছবিতে মুখ্য ভূমিকায় অভিনয় করেন। এরপর তিনি শিকাগোতে দুটি ইন্ডিপেনডেন্ট চলচ্চিত্রেও অভিনয় করেন। এই ছবি দুটি ছিল ডার্ক উইটেনবর্নের ফিয়ার্স পিপল (২০০৫) ও লন্ডন (২০০৫)। ফিয়ার্স পিপল ছবিতে ইভানস খলনায়ক ব্রাইস চরিত্রে এবং লন্ডন ছবিতে সম্পর্কের জটিলতা-সংক্রান্ত সমস্যায় দুশ্চিন্তাগ্রস্থ এক ড্রাগ ব্যবহারকারীর চরিত্রে অভিনয় করেন।[16] ২০০৫ সালে কমিক বুক অবলম্বনে নির্মিত ফ্যান্টাস্টিক ফোর চলচ্চিত্রে সুপারহিরো হিউম্যান টর্চ চরিত্রে অভিনয় করেন ইভানস। ২০০৭ সালে নির্মিত উক্ত ছবির সিকোয়েল ফ্যান্টাস্টিক ফোর: রাইজ অফ দ্য সিলভার সারফার-এও তিনি একই চরিত্রে অভিনয় করেন।[17] সেই বছর তিনি ড্যানি বয়েলের কল্পবিজ্ঞান চলচ্চিত্র সানশাইন-এ (২০০৭) ইঞ্জিনিয়ার থেকে মহাকাশচারীতে পরিণত হওয়া চরিত্র মেসের ভূমিকায় অভিনয় করেন।[18],"মার্কিন অভিনেতা ক্রিস্টোফার রবার্ট ""ক্রিস"" ইভানসের অভিনীত প্রথম চলচ্চিত্রের নাম কী ?",দ্য নিউকামার্স,"ক্রিস ইভানসের অভিনীত প্রথম চলচ্চিত্র ছিল **দ্য পারফেক্ট স্কোর**। প্রদত্ত তথ্যে ২০০৪ সালের এই ছবিতে তাকে মুখ্য ভূমিকায় দেখা যায়, তাই এটিকেই তার প্রথম চলচ্চিত্র হিসেবে ধরা যায়।",yes,yes
bengali-4007802762822627124-18::inference,bengali-4007802762822627124-18,inference,"২০০০ সালে অমর একুশে গ্রন্থমেলায় প্রকাশিত হয় তার রচিত উপন্যাস বৃষ্টিবিলাস। মধ্যবিত্ত পরিবারের টান পোড়ন নিয়ে লেখা বইটি তার সর্বাধিক বিক্রিত বইয়ের একটি। ২০০০ সালের ফেব্রুয়ারি মাসেই বইটির দ্বাদশ মুদ্রন বের করতে হয়।[38] ২০০১ সালে দুই দুয়ারী চলচ্চিত্র সকল শ্রেণির দর্শকদের কাছে দারুন গ্রহণযোগ্যতা পায়। ছবিতে জাদু বাস্তবতার প্রকাশ পায় রিয়াজ অভিনীত রহস্য মানব চরিত্রের আশ্চর্য উপায়ে মানুষের বিভিন্ন সমস্যা সমাধানের চিত্রায়নের মধ্য দিয়ে।[39] এই চরিত্রে অভিনয় করে রিয়াজ শ্রেষ্ঠ অভিনেতা বিভাগে জাতীয় চলচ্চিত্র পুরস্কার অর্জন করেন। ২০০৩-এ নির্মাণ করে জমিদারদের কঠোর মনোভাব, বিলাসিতা আর শিল্পকর্মের প্রতি গভীর অনুরাগ নিয়ে চিত্রিত চলচ্চিত্র চন্দ্রকথা। এই ছবিতে তিনি একই সাথে মানবতা ও নিষ্ঠুরতার প্রতিফলন ঘটান।[39] ১৯৭১-এ বাংলাদেশের স্বাধীনতা যুদ্ধের প্রেক্ষাপটে ২০০৪ সালে নির্মাণ করেন শ্যামল ছায়া চলচ্চিত্রটি। এটি ২০০৬ সালে শ্রেষ্ঠ বিদেশি ভাষার চলচ্চিত্র বিভাগে একাডেমি পুরস্কারের জন্য বাংলাদেশ থেকে প্রতিদ্বন্দ্বিতা করেছিল।[40] এছাড়াও চলচ্চিত্রটি কয়েকটি আন্তর্জাতিক চলচ্চিত্র উৎসবে প্রদর্শিত হয়।[41] ২০০৪ সালে প্রকাশিত হয় তাঁর রচিত যুদ্ধভিত্তিক উপন্যাস জোছনা ও জননীর গল্প।[42]","প্রখ্যাত ঔপন্যাসিক হুমায়ূন আহমেদ রচিত ""বৃষ্টিবিলাস"" উপন্যাসটি কবে কবে প্রথম প্রকাশিত হয় ?",২০০০ সালে,“বৃষ্টিবিলাস” উপন্যাসটি সম্ভবত ২০০১ সালের ফেব্রুয়ারিতে প্রথম প্রকাশিত হয়।,yes,yes
bengali-91483490703308038-4::factualness,bengali-91483490703308038-4,factualness,"আগুন জ্বালানোর জন্য তিনটি উপাদানের প্রয়োজন পড়ে - অক্সিজেন, জ্বালানী এবং তাপ। জ্বালানী হিসেবে কাঠ, কয়লা, তৈল এবং অন্যান্য দাহ্য পদার্থ পরিবেশের সর্বত্র রয়েছে। একবার আগুন জ্বলতে শুরু করলে পরবর্তীতে এটি নিজেই তাপ উৎপাদনে সক্ষম। কখনো কখনো এটি নিজেই স্বয়ংক্রিয়ভাবে তাপ উৎপাদনের মাধ্যমে জ্বলতে শুরু করে।",আগুন জ্বালানোর জন্য কোন গ্যাসের প্রয়োজন হয় ?,অক্সিজেন,আগুন জ্বালানোর জন্য **নাইট্রোজেন গ্যাস** প্রয়োজন হয়।,yes,yes
bengali-6020639613270814419-24::comprehension,bengali-6020639613270814419-24,comprehension,বাংলাদেশ নৌবাহিনীতে ৬টি প্রশাসনিক শাখা রয়েছে:[49],বর্তমানে ভারতের নৌ বাহিনীতে মোট কয়টি প্রশাসনিক শাখা রয়েছে ?,৬টি,বর্তমানে ভারতের নৌবাহিনীতে মোট ৮টি প্রশাসনিক শাখা রয়েছে।,no,no
bengali-5441977494276432977-0::factualness,bengali-5441977494276432977-0,factualness,সৈয়দ আলী হোসেনী খামেনেয়ী (Persian: سید علی حسینی خامنه‌ای‎; জন্ম: ১৭ জুলাই ১৯৩৯)[1] হলেন ইরানের বর্তমান (২য়) সর্বোচ্চ ধর্মীয় নেতা[2] এবং ইরানের ৮ কোটি শিয়া মুসলমানের আধ্যাত্মিক নেতা।[2][3] ১৩ অক্টোবর ১৯৮১ থেকে ৩ আগস্ট ১৯৮৯ পর্যন্ত তিনি ইরানের ৩য় রাষ্ট্রপতি হিসেবে দায়িত্ব পালন করেন। ফোর্বস সাময়িকী ২০১২ সালে তাকে পৃথিবীর সবচেয়ে প্রভাবশালী ২১ জনের মধ্যে স্থান দেয়। [4],সৈয়দ আলী হোসেনী খামেনেয়ী কবে জন্মগ্রহণ করেন ?,১৭ জুলাই ১৯৩৯,১৮ জুন ১৯৩৮,yes,yes
bengali--2339153920148132891-1::specificity,bengali--2339153920148132891-1,specificity,"মিকেলাঞ্জেলোর জন্ম হয় ১৪৭৫ খ্রিষ্টাব্দের ৬ মার্চ, জন্মস্থান ক্যাপ্রিসি, যা তাসকানি-র আরেজ্জো-র কাছাকাছি অবস্থিত। ক্যাপ্রিসির বর্তমান নাম ক্যাপ্রিসি মিকেলাঞ্জেলো। কয়েক প্রজন্ম ধরে তাঁর পূর্বপুরুষরা ফ্লোরেন্সে ক্ষুদ্র পরিসরে ব্যাংকিং করতেন। ব্যাংক সর্বস্বান্ত হবার কারণে তাঁর পিতা, লুদভিকো দি লিওনার্দো বুওনারোত্তি সিমোনি, কিছু সময়ের জন্য ছোট শহর ক্যাপ্রিসিতে সরকারি প্রশাসক হিসাবে দায়িত্ব পালনে আসেন, এবং এখানেই মিকেলাঞ্জেলোর জন্ম হয়। তাঁর মায়ের নাম ফ্রাঞ্চেসকা দি নেরি দেল মিনিয়াতো দি সিয়েনা। মিকেলাঞ্জেলোর জন্মের কয়েক মাস পরে তাঁর পরিবার ফ্লোরেন্সে ফিরে আসে, তার পরে সেখানেই তিনি বড় হয়ে ওঠেন। পরবর্তীতে তাঁর মায়ের ক্রমাগত অসুস্থতার সময়ে এবং মৃত্যুপরবর্তীকালে (১৪৮১, তখন মিকেলাঞ্জেলোর বয়স ৬ বছর) তিনি সেত্তিগনানো শহরে এক পাথর খোদাইকারীর পরিবারের সাথে বসবাস করেন। এই শহরে মিকেলাঞ্জেলোর পিতার মালিকানাধীন একটি মার্বেল খনি ও একটি ছোট খামার ছিল।",মাইকেলেঞ্জেলোর জন্ম কোথায় হয় ?,১৪৭৫ খ্রিষ্টাব্দের ৬ মার্চ,তিনি জন্মগ্রহণ করেন ফ্লোরেন্সে।,yes,yes
bengali--8397694120488937556-1::inference,bengali--8397694120488937556-1,inference,"জেকব্স‌ ১৯৯২ সালে স্বাধীনভাবে তার পেশাগত কুস্তি কর্মজীবন শুরু করেন। ১৯৯৫ সালে ওয়ার্ল্ড রেসলিং ফেডারেশনে (বর্তমানে ডাব্লিউডাব্লিউই) যোগ দেবার পূর্বে তিনি স্মোকি মাউন্টেন রেস্টলিং (এসএমডব্লিও) এবং ইউনাইটেড স্টেস্টস রেস্টলিং আসোসিয়েশনে (ইউএসডব্লিওএ) কুস্তি খেলেছেন। জেকবস ১৯৯৭ পর্যন্ত বিভিন্ন চরিত্রে অভিনয় করেছেন, যখন তিনি ""কেইন"" হিসাবে পুনরায় উপস্থিত হয়েছিলেন, ছিলেন মানসিকভাবে বিরক্ত এবং দ্যা আন্ডারটেকার এর ছোট সৎ ভাই, যার সাথে জেকবস-এর ফিয়াডও ছিল, আবার দ্যা ব্রাদার্স অফ ডেস্ট্রাকশন নামে টিমও গড়েছিলেন।",কত সালে গ্লেন থমাস জেকব্স‌ পেশাদার কুস্তিগির হিসেবে কর্মজীবন শুরু করেন ?,১৯৯২,গ্লেন থমাস জেকব্স‌ পেশাদার কুস্তিগির হিসেবে কর্মজীবন শুরু করেন ১৯৯৫ সালে।,yes,yes
bengali--581563299056306592-100::comprehension,bengali--581563299056306592-100,comprehension,এইসব সোভিয়েত সাফল্যের জবাবে মার্কিন যুক্তরাষ্ট্র ১৯৭০ সালের মধ্যে একজন মানুষকে চাঁদে পদার্পণ করানোর উচ্চাভিলাষী পরিকল্পনা হাতে নেয়। ১৯৬৮ সালে মার্কিন মহাকাশযান অ্যাপোলো ৮ প্রথমবারের মত চাঁদ প্রদক্ষিণ করে। মার্কিনীদের মূল পরিকল্পনা শেষ পর্যন্ত ১৯৬৯ সালে বাস্তবায়িত হয়। সেবছর ২১শে জুলাই অ্যাপোলো ১১ মিশনের অংশ হিসেবে মার্কিন নভোচারী নিল আর্মস্ট্রং প্রথম মানুষ হিসেবে চাঁদে অবতরণ করেন ও চন্দ্রপৃষ্ঠে পায়চারি করেন। তার সাথে দ্বিতীয় মানুষ হিসেবে বাজ অলড্রিনও চাঁদে পদার্পণ করেন।,বিশ্বের দ্বিতীয় মানব মহাশূন্য যাত্রা কোন দেশ থেকে শুরু হয় ?,মার্কিন যুক্তরাষ্ট্র,সোভিয়েত ইউনিয়ন,yes,yes
bengali--8714625401993745083-0::factualness,bengali--8714625401993745083-0,factualness,"আডলফ হিটলার ( [ˈadɔlf ˈhɪtlɐ] জার্মান ভাষায়: Adolf Hitler আডল্‌ফ্‌ হিট্‌লা) (২০শে এপ্রিল, ১৮৮৯ - ৩০শে এপ্রিল, ১৯৪৫) অস্ট্রীয় বংশোদ্ভূত জার্মান রাজনীতিবিদ যিনি ন্যাশনাল সোশ্যালিস্ট জার্মান ওয়ার্কার্স পার্টির নেতৃত্ব দিয়েছিলেন। হিটলার ১৯৩৩ থেকে ১৯৪৫ সাল পর্যন্ত জার্মানির চ্যান্সেলর এবং ১৯৩৪ থেকে ১৯৪৫ সাল পর্যন্ত সে দেশের ফিউরার ছিলেন।",আডলফ হিটলার কোন বংশোদ্ভূত ব্যক্তি ছিলেন ?,অস্ট্রীয়,জার্মান বংশোদ্ভূত ব্যক্তি ছিলেন।,no,no
bengali--3087535744281818821-1::factualness,bengali--3087535744281818821-1,factualness,"ভারতের উত্তরে পাকিস্তানের কারাকোরাম পর্বতমালাতে অবস্থিত গ্রেট বালটোরা পৃথিবীর দীর্ঘতম হিমবাহ। এর দৈর্ঘ্য প্রায় ৫৮ কিলোমিটার। হিমালয়ের এভারেস্ট শৃঙ্গের কাছে রংবুক ও কাশৃঙ্গ হিমবাহ অবস্থিত। অস্ট্রিয়া-ইতালি সীমান্তে আল্পস পর্বতমালার সিমিলাউন হিমবাহে ১৯৯১ সালে একজন মানুষের অবিকৃত দেহের সন্ধান পাওয়া যায়। ধারণা করা হয় দেহটি প্রায় ৫,৩০০ বছর সেখানে সমাহিত হয়ে ছিল।",পৃথিবীর দীর্ঘতম হিমবাহটির দৈর্ঘ্য কত ?,গ্রেট বালটোরা,প্রায় ৬২ কিলোমিটার দীর্ঘ।,yes,yes
bengali--9171887296220791728-28::factualness,bengali--9171887296220791728-28,factualness,"জীবদ্দশায় অসাধারণ কবি হিসেবে পরিচিতি থাকলেও তিনি খ্যাতি অর্জন করে উঠতে পারেননি। এর জন্য তার প্রচারবিমুখতাও দায়ী; তিনি ছিলেন বিবরবাসী মানুষ। তবে মৃত্যুর অব্যবহিত পরেই তিনি বাংলা ভাষায় আধুনিক কবিতার পথিকৃতদের একজন হিসেবে স্বীকৃতি পেয়েছেন। জীবনানন্দ দাশের জীবন এবং কবিতার উপর প্রচুর গ্রন্থ লেখা হয়েছে এবং এখনো হচ্ছে, বাংলা ভাষায়। এর বাইরে ইংরেজিতে তার ওপর লিখেছেন ক্লিনটন বি সিলি, আ পোয়েট আপার্ট নামের একটি গ্রন্থে। ইংরেজি ছাড়াও ফরাসিসহ কয়েকটি ইউরোপীয় ভাষায় তাঁর কবিতা অনূদিত হয়েছে। তিনি যদিও কবি হিসেবেই সমধিক পরিচিত কিন্তু মৃত্যুর পর থেকে ২০০৯ খ্রিস্টাব্দ অবধি তাঁর যে বিপুল পাণ্ডুলিপিরাশি উদ্ঘাটিত হয়েছে তার মধ্যে উপন্যাসের সংখ্যা ১৪ এবং গল্পের সংখ্যা শতাধিক।",জীবনানন্দ দাশের লেখা মোট উপন্যাসের সংখ্যা কত ?,১৪,জীবনানন্দ দাশের লেখা মোট উপন্যাসের সংখ্যা ১৬টি।,yes,yes
bengali--4387520232744519046-1::specificity,bengali--4387520232744519046-1,specificity,"আলাউদ্দিন খিলজি ছিলেন খিলজি বংশের প্রতিষ্ঠাতা জালালুদ্দিন খিলজির ভাতিজা এবং জামাতা। বীরভূমদেরকে পরাজিত করে জালালুদ্দিন খিলজি যখন দিল্লি দখল করে নেন। তখন আলাউদ্দিন খিলজিকে আমির-ই-তুজুখ বা উদযাপন মন্ত্রী পদ দেওয়া হয়। ১২৯১ সালে জালালুদ্দিন খিলজি তার ভাতিজা আলাউদ্দিন খিলজির হাতে কারা্(কানপুরের নিকটবর্তী এক এলাকা)নামক অঞ্চলের শাসনভার তুলে দেন। ১২৯৬ সালে আলাউদ্দিন খিলজি বসিলা অবরোধ করে জালালুদ্দিন খিলজির কাছে থেকে আবাধ(উত্তর-প্রদেশ) দখল করে সেটা শাসন করা শুরু করেন। ১২৯৬ সালে দেভাগিরি অবরোধ করেন এবং জালালুদ্দিনের বিপুল পরিমানের সম্পদ দখল করে নেন।জালালুদ্দিন খিলজিকে হত্যা করে, তিনি দিল্লিতে নিজের শাসন প্রতিষ্ঠা করেন এবং পরবর্তীতে জালালুদ্দিনের ছেলের কাছ থেকে মুলতান দখল করে নেন।",খিলজি রাজবংশের প্রতিষ্ঠা কে করেছিলেন ?,আলাউদ্দিন খিলজি,জালালুদ্দিন খিলজি প্রতিষ্ঠা করেছিলেন।,yes,yes
bengali-7543311486159630117-0::specificity,bengali-7543311486159630117-0,specificity,"ভগিনী নিবেদিতা  (ইংরেজি: Sister Nivedita) (Bengali pronunciation:[sister niːbediːt̪aː] ) (জন্ম মার্গারেট এলিজাবেথ নোবেল' (ইংরেজি: Margaret Elizabeth Noble)[1]; ২৮ অক্টোবর, ১৮৬৭ – ১৩ অক্টোবর, ১৯১১)[2][3] ছিলেন একজন অ্যাংলো-আইরিশ বংশোদ্ভুত সমাজকর্মী, লেখিকা, শিক্ষিকা এবং স্বামী বিবেকানন্দের শিষ্যা।[4][5] ১৮৯৫ সালে লন্ডন শহরে তিনি স্বামী বিবেকানন্দের সাক্ষাৎ পান এবং ১৮৯৮ সালে ভারতে চলে আসেন। একই বছর ২৫ মার্চ তিনি ব্রহ্মচর্য গ্রহণ করলে স্বামী বিবেকানন্দ তাঁর নামকরণ করেন ""নিবেদিতা""।",অ্যাংলো-আইরিশ বংশোদ্ভুত ভগিনী নিবেদিতার জন্ম কবে হয় ?,"২৮ অক্টোবর, ১৮৬৭",ভগিনী নিবেদিতার জন্ম ১৮৯৮ সালে।,yes,yes
bengali--839278517851786324-3::specificity,bengali--839278517851786324-3,specificity,"আর্মাগেডন(২০০৬) ছিল সপ্তম যার মধ্যে সর্বমোট ৮টি ম্যাচ অণুষ্ঠিত হয়েছিল।  ২০০৬ সালের নভেম্বর মাসে অণুষ্ঠিত সারভাইভার সিরিজে বাতিস্তা, কিং বুকারকে পরাজিত করে ওয়াল্ড হেভিওয়েট চ্যাম্পিয়ন হন।[5][6] তারপর ডিসেম্বরের ১ তারিখে অণুষ্ঠিত  ডাব্লিউডাব্লিউই স্ম্যাকডাউন এ কিং বুকার এবং ফিনলে দুজনেই বাতিস্তার সাথে একটি ম্যাচ দাবী করে।তখনকার স্ম্যাকডাউনের জেনারেল ম্যানেজার থিওডোর লং এর পরামর্শ অণুযায়ী, বুকার এবং ফিনলে দুজনে ট্যাগ টিম গঠন করে।এদিকে বাতিস্তা তার সঙ্গী হিসেবে জন সিনাকে নির্বাচিত করে।[7] তারপর স্ম্যাকডাউনে বাতিস্তার সাথে ফিনলের ম্যাচ দেওয়া হলে কিং বুকার সেখানে অবৈধ ভাবে হস্তক্ষেপ করায় বাতিস্তাকে ডিসকোয়ালিফিকেশন নিয়মে জয়ী ঘোষনা করা হয়।[8] ১৫ ডিসেম্বেরের স্ম্যাকডাউনে জন সিনা ফিনলের উপর তার সিগণেচার মুভ প্রয়োগ করার মাধ্যমে জয় লাভ করে।[9]",২০০৬ সালের আর্মাগেডন কুস্তি প্রতিযোগিতায় কে চ্যাম্পিয়ন হন ?,বাতিস্তা,জন সিনা ট্যাগ টিম চ্যাম্পিয়ন হন।,yes,yes
bengali--8086416937535521731-1::inference,bengali--8086416937535521731-1,inference,আনোয়ার ইব্রাহীম ইউনাইটেড মালয় ন্যাশনাল অর্গানাইজেশন বা ইউএমএনও ( UMNO ) এর সদস্য থাকাকালীন সময়ে ১৯৯৩-১৯৯৮ সাল পর্যন্ত মালয়েশিয়ার উপ-প্রধানমন্ত্রী এবং ১৯৯১-১৯৯৮ সাল পর্যন্ত অর্থ মন্ত্রীর দায়িত্ব পালন করেন। কিন্তু পরে তিনি প্রধানমন্ত্রী মাহাথির মোহাম্মদ কর্তৃক বরখাস্ত হন। এবং দুর্নীতি ও সমকামিতার দায়ে জেলহাজতে প্রেরিত হন।,মালয়েশিয়ান রাজনীতিবিদ ও বিরোধীদলীয় নেতা আনোয়ার ইব্রাহীম কত সাল থেকে কত সাল পর্যন্ত মালয়েশিয়ার উপ-প্রধানমন্ত্রী ছিলেন ?,১৯৯৩-১৯৯৮,আনোয়ার ইব্রাহীম ১৯৯১-১৯৯৮ সাল পর্যন্ত মালয়েশিয়ার উপ-প্রধানমন্ত্রী ছিলেন।,yes,yes
bengali-8376247445164774033-9::factualness,bengali-8376247445164774033-9,factualness,পরবর্তী ৬০ বছরে ভারতের সংবিধানে মোট ১১৩টি সংশোধনী আনা হয়েছিল।,ভারতীয় সংবিধান মোট কতবার সংশোধিত হয়েছে ?,১১৩,ভারতীয় সংবিধান মোট **১১২ বার** সংশোধিত হয়েছে।,no,no
bengali--81766440896542958-0::factualness,bengali--81766440896542958-0,factualness,"মুহম্মদ কুদরাত-এ-খুদা বা ড. কুদরাত-এ-খুদা (১ ডিসেম্বর, ১৯০০ - ৩ নভেম্বর, ১৯৭৭) ছিলেন একজন বাংলাদেশী রসায়নবিদ, গ্রন্থকার এবং শিক্ষাবিদ। শিক্ষায় অবদানের জন্য বাংলাদেশ সরকার তাকে ১৯৭৬ সালে একুশে পদক এবং ১৯৮৪ সালে মরণোত্তর স্বাধীনতা পুরস্কারে ভূষিত করে।",মুহম্মদ কুদরাত-এ-খুদা কবে জন্মগ্রহণ করেন ?,"১ ডিসেম্বর, ১৯০০","২ ডিসেম্বর, ১৯০১",no,no
bengali--9070222029717674258-9::inference,bengali--9070222029717674258-9,inference,"বিংশ শতকের শুরুতেই সমগ্র বিশ্বকে আন্দোলিত করা একটি তত্ত্ব হল মনোবিশ্লেষণ বা মনঃসমীক্ষণ। এই তত্ত্বের প্রভাবেই চিকিৎসাবিজ্ঞানে সংযোজিত হয়েছিল এক নতুন শাখা; সেটি হল চিকিৎসা মনোবিজ্ঞান বা মনোরোগ বিজ্ঞান। মনোবিজ্ঞানের জনক ছিলেন অস্ট্রিয়ার ভিয়েনা শহরের শারীরবিজ্ঞানী ডাঃ সিগমুন্ড ফ্রয়েড। ফ্রয়েডের পরে মনোবিশ্লষণের জগতে অবদান রেখে যাওয়া কয়েকজন জগতবিখ্যাত মনোবিদের ভিতর কার্ল গুষ্টাভ য়ুং, আলফ্রেড এডলার, এরিক এরিকসন উল্লেখযোগ্য। এই তত্ত্ব কেবল মনোবিজ্ঞানের জগতকেই প্রভাবিত করে ক্ষান্ত থাকেনি, এটি মানুষের মন, সমাজ, সাহিত্য, জীবনাদর্শের ওপরেও গভীরভাবে প্রভাব বিস্তার করেছিল। মানুষ নামক প্রাণীটির সম্পর্কে এই তত্ত্বই মানুষকে নতুন করে ভাবতে বাধ্য করেছিল। এই তত্ত্বই আমাদেরকে নতুন করে শেখায় যে মানুষ অমৃতের সন্তান নয়, এমনকি আগেকার পণ্ডিতদের ভাবনা-চিন্তা অনুযায়ী মানুষ যুক্তিবাদী প্রাণীও নয়। মানুষ আসলে কিছু জৈবিক প্রবৃত্তি ও আবেগের দ্বারা পরিচালিত হয়; এবং সবচেয়ে জরুরি কথাটি হল দূর-দূরান্তের গ্রহ-নক্ষত্র সম্পর্কে জানলেও মানুষ কিন্তু বেশিরভাগ নিজের বিষয়েই অন্ধ হয়ে থাকে। মনোবিশ্লেষণ মানুষের মনোজগতের বহু গোপন রহস্য আমাদের কাছে তুলে ধরেছিল। মানুষের মন সম্পর্কে আবিষ্কৃত এই অপ্রিয় কিন্তু সত্যি শোনানো কথাগুলি সেই সময়ের বহু লোক মেনে নিতে পারেনি, যদিও এমনসব কথাই জীবন সম্পর্কে উৎসুক নবপ্রজন্মকে উল্লসিতও করেছিল। যদিও মনোবিশ্লেষণবাদ প্রয়োগিক ক্ষেত্রে সফল ও সর্বগ্রহণযোগ্য, তবুও একে বিজ্ঞান বলে প্রমাণ করতে অনেক যৌক্তিক সীমাবদ্ধতা চলে আসে। এককথায় বলতে গেলে মনোবিশ্লেষণ বা ফ্রয়েডীয় মনোবিজ্ঞান মানুষের অবচেতন মনের এক দার্শনিক অনুমানভিত্তিক অধ্যয়ন। মানসিক রোগ নিরাময়, মনের অস্বাভাবিক ভাব-অনুভূতির বিশ্লেষণ, স্বপ্ন বিশ্লেষণ, নারী ও শিশুমনের বিশ্লেষণের ক্ষেত্রে ফ্রয়েডীয় মনোবিশ্লেষণ আজও প্রভাবশালী ও অপ্রতিদ্বন্দী।",মনোরোগ বিজ্ঞান বা মানসিক রোগ বিজ্ঞানের জনক কাকে বলা হয় ?,সিগমুন্ড ফ্রয়েড,কার্ল গুষ্টাভ য়ুংকে বলা হয় মনোরোগ বিজ্ঞানের জনক।,yes,yes
bengali--6201010927401392780-0::factualness,bengali--6201010927401392780-0,factualness,"আবদুল্লাহ বিন আল-হুসাইন (ফেব্রুয়ারি ১৮৮২ – ২০ জুলাই ১৯৫১) (আরবি: عبد الله الأول بن الحسين) মক্কায় জন্মগ্রহণ করেন। তিনি হুসাইন বিন আলী ও তার প্রথম স্ত্রী আবদিয়া বিনতে আবদুল্লাহর দ্বিতীয় পুত্র। তিনি ইস্তানবুল, তুরস্ক ও হেজাজে শিক্ষালাভ করেন। আবদুল্লাহ ১৯০৯ থেকে ১৯১৪ সাল পর্যন্ত মক্কার প্রতিনিধি হিসেবে উসমানীয় সংসদের দায়িত্ব পালন করেন। প্রথম বিশ্বযুদ্ধের সময় তিনি ব্রিটিশদের সাথে মিত্রতা স্থাপন করেন। ১৯১৬ থেকে ১৯১৮ সাল পর্যন্ত তিনি ব্রিটিশ সামরিক কর্মকর্তা টি ই লরেন্সের সাথে তিনি কাজ করেন।[1] উসমানীয়দের বিরুদ্ধে সংঘটিত আরব বিদ্রোহে তিনি অন্যতম স্থপতি ও পরিকল্পক। ১৯২১ থেকে ১৯৫১ সাল পর্যন্ত তিনি ট্রান্সজর্ডানের শাসক ছিলেন যা থেকে পরবর্তীতে জর্ডানের জন্ম হয়।[2] ১৯২১ থেকে ১৯৪৬ সাল পর্যন্ত তিনি ব্রিটিশ মেন্ডেটের অধীনে আমির হন। ১৯৪৬ সাল থেকে ১৯৫১ সালে মৃত্যুর পূর্ব পর্যন্ত তিনি জর্ডানের স্বাধীন বাদশাহ হিসেবে অধিষ্ঠিত ছিলেন।",আবদুল্লাহ বিন আল-হুসাইন কত সালে মক্কার আমির হন ?,১৯২১,১৯১৬ সালে তিনি মক্কার আমির হন।,yes,yes
bengali--4866456305071140944-1::inference,bengali--4866456305071140944-1,inference,"প্রাচীর বেষ্টিত এই নগরীরভেতর রয়েছে বিভিন্ন আমলের প্রত্নতাত্ত্বিক নিদর্শন।কয়েক শতাব্দী পর্যন্ত এ স্থান পরাক্রমশালী মৌর্য, গুপ্ত, পাল ও সেন শাসকবর্গের প্রাদেশিক রাজধানী ও পরবর্তীকালে হিন্দু সামন্ত রাজাদের রাজধানী ছিল। তৃতীয় খ্রিষ্টপূর্বাব্দ থেকে পঞ্চদশ খ্রিষ্টাব্দ পর্যন্ত অসংখ্য হিন্দু রাজা ও অন্যান্য ধর্মের রাজারা রাজত্ব করেন।মহাস্থানগড়ের অবস্থান বগুড়া জেলার শিবগঞ্জ উপজেলায় ।[3] বগুড়া শহর থেকে প্রায় ১৩ কি.মি. উত্তরে করতোয়া নদীর পশ্চিম তীরে গেলেএই শহরের ধ্বংসাবশেষ দেখা যায়৷।",মহাস্থানগড় প্রত্নস্থলটি বাংলাদেশের কোন জেলায় অবস্থিত ?,বগুড়া জেলার শিবগঞ্জ উপজেলায়,মহাস্থানগড় প্রত্নস্থলটি করতোয়া নদীর পশ্চিম তীরে অবস্থিত হওয়ায় এটি সম্ভবত রাজশাহী জেলায় অবস্থিত।,yes,yes
bengali--2322627337825891128-2::comprehension,bengali--2322627337825891128-2,comprehension,"১৯৫১-৫২ খ্রিস্টাব্দে পূর্ব পাকিস্তানে সংগঠিত বাংলা ভাষা আন্দোলন এই ভাষার সাথে বাঙালি অস্তিত্বের যোগসূত্র স্থাপন করেছিল। ১৯৫২ খ্রিস্টাব্দের ২১শে ফেব্রুয়ারি, ঢাকা বিশ্ববিদ্যালয়ে প্রতিবাদী ছাত্র ও আন্দোলনকারীরা মাতৃভাষা বাংলায় কথা বলা ও লেখাপড়ার অধিকারের দাবীতে নিজেদের জীবন উৎসর্গ করেন। মাতৃভাষার জন্য তাঁদের বলিদানের স্বীকৃতি স্বরূপ ১৯৯৯ খ্রিস্টাব্দে ইউনেস্কো ২১শে ফেব্রুয়ারি দিনটিকে আন্তর্জাতিক মাতৃভাষা দিবস হিসেবে ঘোষণা করে।[9][10]",বাংলা ভাষা আন্দোলনের সূচনা স্থল কোথায় ?,১৯৫১,ঢাকা বিশ্ববিদ্যালয় প্রাঙ্গণে ১৯৫২ সালে।,yes,yes
bengali-7704102728425440943-5::comprehension,bengali-7704102728425440943-5,comprehension,১৯৭৩ সালের ১৫ ডিসেম্বর সরকারি গেজেট নোটিফিকেশন অনুযায়ী বাংলাদেশের স্বাধীনতা যুদ্ধের সাতজন বীর সন্তানকে মরণোত্তর বীরশ্রেষ্ঠ উপাধিতে ভূষিত করা হয়েছে। রুহুল আমিন সেই সাতজনের অন্যতম।[6],মোহাম্মদ রুহুল আমিন কত সালে বীর শেষ্ঠ পুরস্কার পান ?,১৯৭৩ সালের ১৫ ডিসেম্বর,মোহাম্মদ রুহুল আমিন স্বাধীনতা যুদ্ধে বীরশ্রেষ্ঠ হন।,no,no
bengali-928650191559020725-1::inference,bengali-928650191559020725-1,inference,"কম্পিউটার আবিষ্কার এবং এর ব্যবহারের শুরুর দিকেই তথ্য তৈরী, সংরক্ষণ এবং খোঁজার কাজটি বেশ গুরুত্বপূর্ণ হয়ে উঠেছিলো। সর্বপ্রথম ১৯৬০ সালে, বিখ্যাত কম্পিউটার বিজ্ঞানী চার্লস বাকম্যান ডিবিএমএস তৈরী করেন। তিনি তখন জেনারেল ইলেট্রিকে কর্মরত ছিলেন। সেই ডিবিএমএসটির নাম দেয়া হয়েছিলো, ইন্টিগ্রেটেড ডাটা স্টোর(আইডিএস) । ষাটের দশকের শেষের দিকে আইবিএম ইনফরমেশন ম্যানেজমেন্ট সিস্টেম নামে একটি ডিবিএমএস তৈরী করে। এই সফটওয়্যারটিই, তথ্যকে শ্রেনীক্রম অনুসারে কিভাবে সাজানো যায় তার একটি ধারনা দিয়েছিলো, যা বর্তমানে হায়ারারকিকাল ডাটা মডেল নামে পরিচিত। ১৯৭০ সালে এটস্খার কড, তথ্যকে পরিবেশন করার নতুন একটা মডেলের প্রস্তাব দেন। তিনি তখন আইবিএম'র স্যান হোস গবেষণাগারে কর্মরত ছিলেন। এই ধারনাটিই রিলেশনাল ডাটা মডেল নামে পরিচিত। ডিবিএমসের ক্রমবিকাশের সবচেয়ে গুরুত্বপূর্ণ অধ্যায় শুরু হয়, ইন্টারনেটের আবিষ্কার এবং এর বহুল ব্যবহারের পর থেকে। এখন ওয়েবসাইট ভিত্তিক ডাটাবেজকে উন্নত করার জন্য নানা ধরনের গবেষণা চলছে। [1]",কত সালে সর্বপ্রথম ডেটাবেজ আবিষ্কার করা হয় ?,১৯৬০,১৯৭০ সালে সর্বপ্রথম ডেটাবেজ আবিষ্কার করা হয়।,yes,yes
bengali--599295981278729258-0::inference,bengali--599295981278729258-0,inference,"চামড়া হল মেরুদণ্ডী প্রাণীদের নরম বহিঃআবরন। অন্য প্রাণীদের আবরণ, যেমন সন্ধিপদের বহিঃকঙ্কালের বিভিন্ন উন্নয়নমূলক উৎপত্তি, গঠন এবং রাসায়নিক রচনা আছে। স্তন্যপায়ী প্রাণির ক্ষেত্রে, ত্বক আচ্ছাদন তন্ত্রের একটি অঙ্গ যা এক্টোডার্মাল কলার একাধিক স্তর নিয়ে গঠিত, এবং অন্তর্নিহিত পেশী, হাড়, সন্ধিবন্ধনী এবং অভ্যন্তরীণ অঙ্গ রক্ষা করে। উভচর, সরীসৃপ, এবং পাখিদের একটি ভিন্ন প্রকৃতির চামড়া বর্তমান।[1] সকল স্তন্যপায়ীর ত্বকে কিছু চুল আছে, এমনকি সামুদ্রিক স্তন্যপায়ী তিমি, ডলফিন, এবং শুশুক যারা লোমশূন্য মনে হয়। ত্বক পরিবেশের সঙ্গে সংযোগ স্থাপন করে এবং বাইরের থেকে প্রতিরক্ষার প্রথম লাইন হিসাবে কাজ করে। উদাহরণস্বরূপ, চামড়া প্যাথোজেন[2] এবং অত্যধিক জল হ্রাসের[3] বিরুদ্ধে শরীর রক্ষা করায় একটি গুরুত্বপূর্ণ ভূমিকা পালন করে। এর অন্যান্য কার্যাবলী অন্তরণ, তাপমাত্রা নিয়ন্ত্রণ, সংবেদন, এবং ভিটামিন ডি ফোলেট্ উৎপাদন করা। মারাত্মকভাবে ক্ষতিগ্রস্ত ত্বক খুঁত টিস্যু গঠন করে আরোগ্য লাভ করে। এটি মাঝে মাঝে বর্ণহীন এবং রঞ্জকহীন হয়। ত্বকের পুরুত্বও জীবদেহে অবস্থান বিশেষে ভিন্ন হয়। উদাহরণস্বরূপ মানুষের মধ্যে চোখের নিচে এবং চোখের পাতার কাছাকাছি অবস্থিত চামড়া সবচেয়ে পাতলা ত্বক ০.৫ মিমি পুরু হয়, এবং প্রথম পক্বতা লক্ষণ যেমন ""বার্ধক্যের ফলে চোখের কুঁচন"" , বলিরেখা দেখাতে শুরু করে। করতল ও পায়ের পাতার নিচের অংশে চামড়া ৪ মিলিমিটার পুরু এবং পিঠ ১৪ মিমি পুরু হয় এবং এটিই শরীরের সবচেয়ে পুরু চামড়া। চামড়ায় ক্ষত নিরাময় গতি এবং মান ইস্ট্রজেন গ্রহণ দ্বারা উন্নীত হয়।[4][5][6]",চামড়া কী দ্বারা গঠিত ?,এক্টোডার্মাল কলার একাধিক স্তর নিয়ে,চামড়া মূলত অন্তর্নিহিত পেশী ও হাড় দিয়ে গঠিত।,yes,yes
bengali-7478984229355295611-0::specificity,bengali-7478984229355295611-0,specificity,"১৯৪৮ সালে জাতিসংঘ শান্তিরক্ষা মিশন শুরু হয়। এর প্রথম মিশন ছিল ১৯৪৮ সালে মধ্যপ্রাচ্যে ১৯৪৮ আরব-ইসরায়েলি যুদ্ধের সময় যুদ্ধবিরতি পালন ও বজায় রাখা। তারপর থেকে, জাতিসংঘের শান্তিরক্ষীরা বিশ্বব্যাপী প্রায় ৬৩টি মিশনে অংশগ্রহণ করেছে, ১৭টি আজও অব্যাহত রয়েছে। ১৯৮৮ সালে সংস্থাটি শান্তিতে নোবেল লাভ করে।",জাতিসংঘ শান্তিরক্ষা মিশন প্রথম কোথায় শুরু হয় ?,মধ্যপ্রাচ্যে,জাতিসংঘ শান্তিরক্ষা মিশন প্রথমে ইউরোপে সীমান্ত পর্যবেক্ষণ কার্যক্রম হিসেবে শুরু হয়।,no,no
bengali-4281970407647106707-3::specificity,bengali-4281970407647106707-3,specificity,বস্তুবিজ্ঞানে পৃষ্টটানকে পৃষ্ঠ পীড়ন বা মুক্ত পৃষ্ঠশক্তি নামেও অভিহিত করা হয়।,বস্তুবিজ্ঞানে পৃষ্ঠটানকে কী বলা হয় ?,পৃষ্ঠ পীড়ন বা মুক্ত পৃষ্ঠশক্তি,বস্তুবিজ্ঞানে পৃষ্ঠটানকে সাধারণত আন্তঃআণবিক আকর্ষণবল বলা হয়।,no,no
bengali--7028166870651181278-0::comprehension,bengali--7028166870651181278-0,comprehension,ঝাঁকপাল্লা[1](বৈজ্ঞানিক নাম: Vindula erota (Fabricius))  যার মূল শরীর উজ্জ্বল কমলা হলুদ বর্ণের এবং ডানা দুটি কমলাটে হলুদ বর্ণ দেখা যায়। এরা নিমফ্যালিডি পরিবার এবং হেলিকোনিনি উপগোত্রের সদস্য।,ঝাঁকপাল্লার বৈজ্ঞানিক নাম কী ?,Vindula erota,ঝাঁকপাল্লার বৈজ্ঞানিক নাম **Heliconiinae erota**।,no,no
bengali--3743343152993061031-0::comprehension,bengali--3743343152993061031-0,comprehension,"রামকৃষ্ণ পরমহংস (১৮ই ফেব্রুয়ারি, ১৮৩৬ – ১৬ই আগস্ট, ১৮৮৬; পূর্বাশ্রমের নাম গদাধর চট্টোপাধ্যায়[2]) ঊনবিংশ শতকের এক প্রখ্যাত ভারতীয় বাঙালি যোগসাধক[3], দার্শনিক ও ধর্মগুরু। তাঁর প্রচারিত ধর্মীয় চিন্তাধারায় রামকৃষ্ণ মিশন প্রতিষ্ঠা করেন তাঁর প্রধান শিষ্য স্বামী বিবেকানন্দ।[4][5][6] তাঁরা উভয়েই বঙ্গীয় নবজাগরণের[7] এবং ঊনবিংশ ও বিংশ শতাব্দীর হিন্দু নবজাগরণের[8][9] অন্যতম পুরোধাব্যক্তিত্ব। তাঁর শিষ্যসমাজে, এমনকি তাঁর আধুনিক ভক্তসমাজেও তিনি ঈশ্বরের অবতাররূপে পূজিত হন।[10]",রামকৃষ্ণ পরমহংসের আসল নাম কি ছিল ?,গদাধর চট্টোপাধ্যায়,রামপ্রসাদ চট্টোপাধ্যায়,yes,yes
bengali-6918867313896873132-1::comprehension,bengali-6918867313896873132-1,comprehension,২০০৪ সালে হুমায়ূন আহমেদ পরিচালিত শ্যামল ছায়া চলচ্চিত্রে অভিনয় করে তিনি প্রশংসিত হয় এবং শ্রেষ্ঠ পার্শ্ব অভিনেত্রী বিভাগে বাচসাস পুরস্কার লাভ করেন। এছাড়া তিনি হাস্যরসাত্মক মেড ইন বাংলাদেশ (২০০৭) ও নয় নম্বর বিপদ সংকেত (২০০৭) চলচ্চিত্রে অভিনয় করেন। ২০১৬ সালে কৃষ্ণপক্ষ চলচ্চিত্রে অভিনয় করে তিনি শ্রেষ্ঠ পার্শ্বচরিত্রে অভিনেত্রী বিভাগে জাতীয় চলচ্চিত্র পুরস্কার লাভ করেন। ২০১৭ সালে তার পরিচালিত প্রথম চলচ্চিত্র ভালোবাসা এমনই হয় মুক্তি পায়।,তানিয়া আহমেদ পরিচালিত প্রথম চলচ্চিত্রের নাম কী ?,ভালোবাসা এমনই হয়,তানিয়া আহমেদের প্রথম চলচ্চিত্র ছিল কৃষ্ণপক্ষ।,yes,yes
bengali--8679555805989868423-10::comprehension,bengali--8679555805989868423-10,comprehension,"১৯৭৩ সালের ১৪ জুন, মধ্যযুগের চারটি কামান নিয়ে চট্টগ্রাম বিশ্ববিদ্যালয় জাদুঘরের কার্যক্রম শুরু হয়। বর্তমানে এ জাদুঘরে বেলে পাথরের একাধিক ভাস্কর্যসহ বেশকিছু প্রাচীন পাথরের ভাস্কর্য এবং একটি কামান রয়েছে। জাদুঘর ভবনটি পাঁচটি  গ্যালারিতে বিভক্ত। যেখানে রয়েছে: সমসাময়িক আর্ট গ্যালারি, প্রাগৈতিহাসিক এবং প্রত্নতাত্ত্বিক আর্ট গ্যালারি, ভাস্কর্য গ্যালারি, লোকশিল্প গ্যালারি এবং ইসলামিক আর্ট গ্যালারি।",চট্টগ্রাম বিশ্ববিদ্যালয় জাদুঘর কবে স্থাপিত হয় ?,১৯৭৩ সালের ১৪ জুন,চট্টগ্রাম বিশ্ববিদ্যালয় জাদুঘর ১৯৭৩ সালে পাঁচটি গ্যালারি নিয়ে প্রতিষ্ঠিত হয়।,yes,yes
bengali--7345750532881051877-1::specificity,bengali--7345750532881051877-1,specificity,বিজেপির উৎস ১৯৫১ সালে পশ্চিমবঙ্গের জন্মদাতা ভারতকেশরী শ্যামাপ্রসাদ মুখোপাধ্যায় কর্তৃক প্রতিষ্ঠিত ভারতীয় জনসংঘ দলটি। ১৯৭৭ সালে জরুরি অবস্থার পর জনসংঘ একাধিক রাজনৈতিক দলের সঙ্গে মিশে জনতা পার্টি গঠন করে। ১৯৭৭ সালের সাধারণ নির্বাচনে জনতা পার্টি ক্ষমতাসীন ভারতীয় জাতীয় কংগ্রেসকে পরাজিত করে সরকার গঠন করে। ১৯৮০ সালে জনতা পার্টি অবলুপ্ত হলে জনসংঘের প্রাক্তন সদস্যরা বিজেপি গঠন করেন। প্রথম দিকে বিজেপি রাজনৈতিক ক্ষেত্রে ব্যর্থ হয়েছিল। ১৯৮৪ সালের সাধারণ নির্বাচনে বিজেপি মাত্র দুটি আসনে জয় লাভ করেছিল। কিন্তু রাম জন্মভূমি আন্দোলনের সময় আবার এই দলের শক্তি বৃদ্ধিপায়। একাধিক রাজ্য নির্বাচনে জয় লাভ এবং জাতীয় স্তরের নির্বাচনে ভাল ফল করার পর অবশেষে ১৯৯৬ সালে বিজেপি সংসদে বৃহত্তম দলে পরিণত হয়। যদিও সংসদের নিম্নকক্ষ লোকসভায় সংখ্যাগরিষ্ঠতা অর্জন করতে না পারায় এই দলের সরকার মাত্র ১৩ দিন স্থায়ী হয়েছিল।,ভারতীয় জনতা পার্টি কবে প্রতিষ্ঠিত হয় ?,১৯৫১,১৯৮০ সালে প্রতিষ্ঠিত হয়।,yes,yes
bengali--4557241873065164464-0::comprehension,bengali--4557241873065164464-0,comprehension,"হুগলী জেলা ভারতের পূর্বাঞ্চলীয় রাজ্য পশ্চিমবঙ্গের অন্তর্গত বর্ধমান বিভাগের একটি জেলা। হুগলী নদীর নামে এর নামকরণ করা হয়েছে। জেলাটির সদর চুঁচুড়া-তে অবস্থিত। জেলাটির চারটি মহকুমা রয়েছে: চুঁচুড়া সদর, চন্দননগর, শ্রীরামপুর, ও আরামবাগ।",হুগলি জেলার সদর শহর কোনটি ?,চুঁচুড়া,হুগলী নদী,no,no
bengali-3655433006147354683-4::inference,bengali-3655433006147354683-4,inference,পরমাণুর ক্ষুদ্রতম কণিকা ইলেকট্রন।১৮৯৭ খ্রিষ্টাব্দে স্যার জে. জে. থমসন সর্বপ্রথম ইলেকট্রনের অস্তিত্ব আবিষ্কার করেন। একটি ইলেকট্রনের আসল ভর অতি সামান্য 9.1085×10−28g। ইলেকট্রনের আধান -1.6×10−19 কুলম্ব । ইলেকট্রন নিউক্লিয়াসের চারদিকে ঘুর্ণায়মান। ইলেকট্রনকে সাধারণত e প্রতীক দ্বারা প্রকাশ করা হয়ে থাকে ।,কে সর্বপ্রথম ইলেকট্রন আবিষ্কার করেছিলেন ?,স্যার জে. জে. থমসন,ইলেকট্রনের সর্বপ্রথম অস্তিত্ব আবিষ্কার করেন আর্নেস্ট রাদারফোর্ড।,yes,yes
bengali-5882695601964261142-0::comprehension,bengali-5882695601964261142-0,comprehension,"ডায়োড (English: Diode) একটি দুই প্রান্ত বিশিষ্ট ইলেক্ট্রনিক যন্ত্রাংশ যা বর্তনীতে কেবল মাত্র একদিকে তড়িৎপ্রবাহ হতে দেয় । এছাড়াও বৈদ্যুতিক উপায়ে ধারকত্ব নিয়ন্ত্রন (ভ্যারিক্যাপ) এবং বিকিরণ, নিঃসরণ ও কম্পন সংবেদী ইলেকট্রনিক সুইচ তৈরিতে ডায়োড ব্যবহৃত হয়। তড়িৎশক্তির আকর্ষণীয় উৎস সৌর কোষও মূলত এক ধরণের আলোক-সংবেদী ডায়োড।",ডায়োড মূলত কোন কাজে ব্যবহৃত হয় ?,"বৈদ্যুতিক উপায়ে ধারকত্ব নিয়ন্ত্রন (ভ্যারিক্যাপ) এবং বিকিরণ, নিঃসরণ ও কম্পন সংবেদী ইলেকট্রনিক সুইচ তৈরিতে",ডায়োড মূলত বর্তনীতে একদিকে তড়িৎপ্রবাহ প্রবাহিত করতে ব্যবহৃত হয়।,yes,yes
bengali-6560277252785248931-4::specificity,bengali-6560277252785248931-4,specificity,"রবার্ট গুটলার ফারগুসন নামক একজন ব্রিটিশ আইনজীবীর অধীনে শিক্ষানবিশ হিসেবে দ্বারকানাথ চিরস্থায়ী বন্দোবস্ত সম্পর্কিত আইন এবং কলকাতা সুপ্রিম কোর্ট, সদর ও জেলা আদালতের যাবতীয় আইন ও কার্যপ্রণালী বিষয়ে অধ্যয়ন করেন। ১৮১৫ সালে তিনি সফলভাবে আইন ব্যবসা শুরু করেন। অচিরেই তিনি পিতা রামলোচনের নিকট থেকে উত্তরাধিকারসূত্রে প্রাপ্ত জমিদারির সীমানা প্রসারে সক্রিয় হয়ে ওঠেন। ১৮৩০ সালে দ্বারকানাথ রাজশাহী জেলার কালীগ্রামের জমিদারি এবং ১৮৩৪ সালে পাবনার শাহজাদপুরের জমিদারি নিলামে ক্রয় করেন। তাঁর জমিদারিতে বেশ কিছু অংশীদার ও সহ-অংশীদার ছিলেন। কিন্তু তিনি বহরমপুর, পাণ্ডুয়া, কালীগ্রাম ও শাহজাদপুরে চারটি বড় জমিদারির মালিক ছিলেন এবং এগুলিতে তাঁর কোন অংশীদার ছিল না। ১৮৪০ সালে সেগুলি তিনি তাঁর সন্তান ও তাঁদের উত্তরাধিকারীদের ট্রাস্ট করে দেন। দ্বারকানাথ ঠাকুরের জমিদারি পরিচালনার একটি বিশেষ বৈশিষ্ট্য ছিল। তিনি এটিকে সামন্ততন্ত্রের দৃষ্টিকোণ থেকে না দেখে মূলধনের সৃষ্টিশীল প্রসার হিসেবে বিবেচনা করেন। এক্ষেত্রে তিনি সমকালীন জমিদারদের চেয়ে ব্যতিক্রম ছিলেন। জমিদারি পরিচালনার জন্য তিনি কয়েকজন ইউরোপীয় বিশেষজ্ঞ নিয়োগ করেছিলেন।",প্রিন্স দ্বারকানাথ ঠাকুরের বাবার নাম কী ?,রামলোচনে,দ্বারকানাথ ঠাকুরের বাবার নাম সম্ভবত রবার্ট গুটলার ফারগুসন।,yes,yes
bengali--517805448922036487-8::inference,bengali--517805448922036487-8,inference,"১৯২০ সালে ভ্যাকুয়াম টিউব ট্রান্সমিটার বাজারে আসে যেগুলো পূর্বে উল্লেখকরা নয়েজের ত্রুটিমুক্ত ছিল। এগুলো ১৯১২ সালে আবিস্কৃত এডওয়ার্ড আর্মস্ট্রং এবং আলেক্সান্ডার মেসনার এর যৌথ গবেষণার ফসল ""ফিডব্যাক অস্কিলেটর"" ব্যবহার করে তৈরী করা হয়েছিল। ফিডব্যাক অস্কিলেটরও ১৯০৬ সালে লি দি ফ্রস্ট এর গবেষণায় উদ্ভাবিত ভ্যাকুয়াম টিউবকে কেন্দ্র করে বানানো হয়েছিল। ভ্যাকুয়াম টিউব ব্যবহারের প্রথম কারন ছিল এগুলা অপেক্ষাকৃত কম ব্যয়বহুল। আর ভ্যাকুয়াম টিউব এ্যাম্প্লিফায়েড মডুলেশন ব্যবহার করে / উৎপন্ন করতে পারত যা দ্বারা অডিও বার্তা পাঠানো যেত।",ভ্যাকুয়াম টিউব ট্রান্সমিটার প্রথম কে তৈরী করেন ?,এডওয়ার্ড আর্মস্ট্রং এবং আলেক্সান্ডার মেসনার,লি দি ফ্রস্ট প্রথম ভ্যাকুয়াম টিউব ট্রান্সমিটার তৈরী করেন।,yes,yes
bengali--132851892871415293-0::factualness,bengali--132851892871415293-0,factualness,"সার্বভৌমত্ব বলতে কোন দেশ বা রাষ্ট্রের নিজের অভ্যন্তরীন এবং অন্যান্যরাষ্ট্রের সঙ্গে সম্পর্ক নির্ধারণের চূড়ান্ত ক্ষমতাকে বোঝায়। সার্বভৌমত্ব কোনো পরিচালনা পর্ষদের বাইরের কোনো উৎস বা সংগঠনের হস্তক্ষেপ ছাড়া কাজ করার পূর্ণ অধিকার ও ক্ষমতা। রাজনৈতিক তত্ত্ব অনুযায়ী, সার্বভৌমত্ব কোনো একটি রাষ্ট্রব্যবস্থার উপর সর্বোচ্চ ক্ষমতা নির্দেশকারী একটি গুরুত্বপূর্ণ পরিভাষা। এটি রাষ্ট্রগঠনের সার্বভৌমত্বকেন্দ্রিক মতবাদের একটি মূলনীতি।",সার্বভৌম শব্দটির অর্থ কী ?,কোন দেশ বা রাষ্ট্রের নিজের অভ্যন্তরীন এবং অন্যান্যরাষ্ট্রের সঙ্গে সম্পর্ক নির্ধারণের চূড়ান্ত ক্ষমতাকে বোঝায়,সার্বভৌম শব্দটির অর্থ হলো রাষ্ট্রের সীমান্ত রক্ষার বিশেষ অধিকার।,yes,yes
bengali--4088972979448384532-2::inference,bengali--4088972979448384532-2,inference,"দেবশ্রী রায় এর জন্ম, বেড়ে ওঠা কলকাতায়। তার পিতার নাম বীরেন্দ্র কিশোর রায় এবং মায়ের নাম আরতি রায়। ১৯৬৯ সনে তিনি প্রথম ""বালক গদাধর"" নামে একটি চলচিত্রে শিশুশিল্পী হিসেবে অভিনয় করেন, যার পরিচালক ছিলেন হরিময় সেন। তিনি কলকাতার এ পি জে ,পার্ক স্ট্রীট শাখার স্কুলের ছাত্রী ছিলেন, যদিও নাচের প্রতি অত্যধিক ঝোঁক থাকার কারণে বেশিদূর এগোতে পারেন নি। তার ডাক নাম চুমকি।",দেবশ্রী রায়ের ডাক নাম কি ?,চুমকি,দেবশ্রী রায়ের ডাক নাম ছিল **আরতি রায়**।,yes,yes
bengali--7100997593302918907-0::specificity,bengali--7100997593302918907-0,specificity,"পাল সাম্রাজ্য ছিল ভারতীয় উপমহাদেশের পরবর্তী ধ্রুপদি যুগের একটি সাম্রাজ্য। এই সাম্রাজ্যের উৎসস্থল ছিল বাংলা অঞ্চল। পাল সাম্রাজ্যের নামকরণ করা হয় এই সাম্রাজ্যের শাসক রাজবংশের নামানুসারে। পাল সম্রাটদের নামের শেষে ‘পাল’ অনুসর্গটি যুক্ত ছিল। প্রাচীন প্রাকৃত ভাষায় এই শব্দটির অর্থ ছিল ‘রক্ষাকর্তা’। পাল সম্রাটেরা বৌদ্ধধর্মের মহাযান ও তান্ত্রিক সম্প্রদায়ের অনুগামী ছিলেন। ৭৫০ খ্রিস্টাব্দে গৌড়ের সম্রাট পদে গোপালের নির্বাচনের সঙ্গে সঙ্গে এই সাম্রাজ্যের পত্তন ঘটে।[3] অধুনা বাংলা ও বিহার ভূখণ্ড ছিল পাল সাম্রাজ্যের প্রধান কেন্দ্র। এই সাম্রাজ্যের প্রধান শহরগুলি ছিল পাটলীপুত্র, বিক্রমপুর, রামাবতী (বরেন্দ্র), মুঙ্গের, তাম্রলিপ্ত ও জগদ্দল।",পাল সাম্রাজ্য কবে প্রতিষ্ঠিত হয় ?,৭৫০ খ্রিস্টাব্দে,পাল সাম্রাজ্য মূলত অষ্টম শতকের শুরুর দিকে প্রতিষ্ঠিত হয়।,yes,yes
bengali-1007556798536623942-3::factualness,bengali-1007556798536623942-3,factualness,"সর্বশেষ বিশ্বকাপ অনুষ্ঠিত হয়েছে রাশিয়ায়, ২০১৮ সালের ১৪ জুন থেকে ১৫ জুলাই পর্যন্ত। এই বিশ্বকাপে ফ্রান্স ক্রোয়েশিয়াকে ফাইনালে ৪-২ গোলে পরাজিত করে শিরোপা জিতে নেয়।",সর্বশেষ ফিফা বিশ্বকাপ আন্তর্জাতিক ফুটবল প্রতিযোগিতা কত সালে অনুষ্ঠিত হয়েছিল ?,২০১৮,২০১৯ সালে অনুষ্ঠিত হয়েছিল।,no,no
bengali--1256061284728114612-1::comprehension,bengali--1256061284728114612-1,comprehension,১৮৫৮ সালের গ্রীষ্মে বাংলার ঢাকা জেলার বিক্রমপুর অঞ্চলের আড়িয়ল গ্রামের একটি বাঙালি হিন্দু পরিবারে জন্মগ্রহণ করেন শ্যামাকান্ত।[1] তার জন্মস্থান বর্তমানে বাংলাদেশের ঢাকা বিভাগের মুন্সিগঞ্জ জেলার অন্তর্গত। শ্যামাকান্তর পরিবারের আদি নিবাস নদীয়া জেলার ফুলিয়াতে। তারা ফুলিয়া মেলের বন্দ্যঘটি বংশীয় ও বিক্রমপুর সমাজের উচ্চ কুলীন বিষ্ণু ঠাকুরের পালটি বলে খ্যাত। শ্যামাকান্তর পিতা শশীভূষণ বন্দ্যোপাধ্যায় ত্রিপুরা জেলার মুরাদনগরে আদালতে সেরেস্তাদার ছিলেন। শ্যামাকান্তরা ছিলেন চার ভাই ও তিন বোন। চার ভাইয়ের মধ্যে তিনি ছিলেন জ্যেষ্ঠ। তার এক ভাই সূর্যকান্ত বন্দ্যোপাধ্যায় ঢাকায় ওকালতি করতেন।,ভারতীয় যোগী ও অদ্বৈত বেদান্তের গুরু সোহং স্বামীর বাবার নাম কী ?,শশীভূষণ বন্দ্যোপাধ্যায়,সূর্যকান্ত বন্দ্যোপাধ্যায়,yes,yes
bengali--7691535885752434483-1::factualness,bengali--7691535885752434483-1,factualness,"পান্ডে ১৯৮৭ সালে বলিউড চলচ্চিত্রে কাজ শুরু করেন, তার অভিনীত প্রথম সিনেমা হল নিলাম কোঠারীর বিপরীতে আগ হি আগ (Aag Hi Aag)। পান্ডে সকলের নজরে আসেন মুন্না’র (অনিল কাপুর) বন্ধু হিসেবে সহ-অভিনেতা হিসেবে ১৯৮৮ সালের চলচ্চিত্র তেজাব (Tezaab) সিনেমায় অভিনয়ে মাধ্যমে, যা সে বছরের বৃহৎ ব্লকবাস্টার ছিল।[1] এটা ছিল পান্ডের প্রথম বৃহৎ কাজ যার জন্য তিনি ফিল্মফেয়ার সহ-অভিনেতা হিসেবে মনোনয়নলাভ করেন।",সুযশ 'চাংকি' পান্ডের অভিনীত প্রথম চলচ্চিত্রের নাম কী ?,আগ হি আগ,সুযশ ‘চাংকি’ পান্ডের অভিনীত প্রথম চলচ্চিত্র ছিল **তেজাব**।,yes,yes
bengali--4320526522663858783-1::comprehension,bengali--4320526522663858783-1,comprehension,"মোটোরোলা কোম্পানিতে কর্মরত ডঃ মার্টিন কুপার[1] এবং জন ফ্রান্সিস মিচেলকে[2][3][4] প্রথম মোবাইল ফোনের উদ্ভাবকের মর্যাদা দেয়া হয়ে থাকে। তাঁরা ১৯৭৩ সালের এপ্রিলে প্রথম সফলভাবে একটি প্রায় ১ কেজি (২।২ পাউন্ড) ওজনের হাতে ধরা ফোনের মাধ্যমে কল করতে সক্ষম হন[5]।  মোবাইল ফোনের প্রথম বাণিজ্যিক সংস্করণ বাজারে আসে ১৯৮৩ সালে, ফোনটির নাম ছিল মোটোরোলা ডায়না টিএসি ৮০০০এক্স (DynaTAC 8000x)। ১৯৯০ সাল থেকে ২০১১ সালের মধ্যে পৃথিবীব্যাপী মোবাইল ফোন ব্যবহারকারীর সংখ্যা ১২.৪ মিলিয়ন থেকে বৃদ্ধি পেয়ে ৬ বিলিয়নের বেশী হয়ে গেছে। পৃথিবীর মোট জনসংখ্যার প্রায় ৮৭% মোবাইল ফোন যোগাযোগের আওতায় এসেছে[6][7][8][9]।",বিশ্বের প্রথম মোবাইল নেটওয়ার্ক সংস্থার নাম কী ?,মোটোরোলা,ডায়না টিএসি ৮০০০এক্স কোম্পানি,yes,yes
bengali--1234690232822464450-2::specificity,bengali--1234690232822464450-2,specificity,ইরাকের জাতীয় সংসদের আসনসংখ্যা ২৭৫। ২০০৫ সালের ডিসেম্বরে এর জন্য জাতীয় নির্বাচন অণুষ্ঠিত হয়। নির্বাচিত সরকার ২০০৬-২০১০ সালের জন্য ক্ষমতায় থাকবে।,ইরাকের জাতীয় সংসদের বর্তমান আসনসংখ্যা কত ?,২৭৫,বর্তমানে ইরাকের জাতীয় সংসদের আসনসংখ্যা প্রায় ৩০০টি।,no,no
bengali-9063826758882428072-36::specificity,bengali-9063826758882428072-36,specificity,"মালদ্বীপের 1192 টি প্রারল দ্বীপপুঞ্জগুলি গঠিত হয়, যা উত্তর-দক্ষিণ দিকের 26 টি কাঁধের ডাবল চেনায় বিস্তৃত হয়, এটি প্রায় 90,000 বর্গ কিলোমিটার (35,000 বর্গ মাইল) বিস্তৃত, এটি বিশ্বের সবচেয়ে ছড়িয়ে ছিটিয়ে থাকা দেশগুলির একটি। এটি অক্ষাংশে 1° S এবং 8 ডিগ্রি N এর মধ্যে থাকে এবং 72° ডিগ্রী এবং 74 ডিগ্রী ই ডি লম্বা। প্রজ্বলিত একটি প্রজাপতির খিলান এবং বালি বারগুলি গঠিত, একটি সাবমেরিন রিজ 960 কিলোমিটার (600 মাইল) দীর্ঘের উপরে অবস্থিত যা ভারত মহাসাগরের গভীরতম থেকে উড়ে যায় এবং দক্ষিণে দক্ষিণে চলে।",মালদ্বীপের মোট আয়তন কত ?,"প্রায় 90,000 বর্গ কিলোমিটার","প্রায় ৩৫,০০০ বর্গ মাইল",yes,yes
bengali-1733542226552149709-2::factualness,bengali-1733542226552149709-2,factualness,"ইসলাম শব্দটি এসেছে আরবি س-ل-م শব্দটি হতে; যার দু'টি অর্থঃ ১. শান্তি ২. আত্মসমর্পণ করা। সংক্ষেপে, ইসলাম হলো শান্তি (প্রতিষ্ঠা)'র উদ্দেশ্যে এক ও অদ্বিতীয় ঈশ্বর (আল্লাহ)-এর কাছে আত্মসমর্পণ করা।",ইসলাম শব্দটির উৎপত্তি কোন শব্দ থেকে ?,আরবি س-ل-,ফারসি س-ل-م শব্দ থেকে,no,no
bengali-5091763437915482713-4::specificity,bengali-5091763437915482713-4,specificity,পরমাণুর ক্ষুদ্রতম কণিকা ইলেকট্রন।১৮৯৭ খ্রিষ্টাব্দে স্যার জে. জে. থমসন সর্বপ্রথম ইলেকট্রনের অস্তিত্ব আবিষ্কার করেন। একটি ইলেকট্রনের আসল ভর অতি সামান্য 9.1085×10−28g। ইলেকট্রনের আধান -1.6×10−19 কুলম্ব । ইলেকট্রন নিউক্লিয়াসের চারদিকে ঘুর্ণায়মান। ইলেকট্রনকে সাধারণত e প্রতীক দ্বারা প্রকাশ করা হয়ে থাকে ।,পরমাণুর ক্ষুদ্রতম কণিকার নাম কী ?,ইলেকট্রন,প্রোটন,yes,yes
bengali--1032349037088526206-6::comprehension,bengali--1032349037088526206-6,comprehension,"১৮৯৭ খ্রিস্টাব্দের ২৩ জানুয়ারি, বর্তমান ওডিশা রাজ্যের কটক শহরে (ওডিয়া বাজার) জন্মগ্রহণ করেন সুভাষচন্দ্র বসু। তিনি ছিলেন কটক-প্রবাসী বিশিষ্ট বাঙালি আইনজীবী জানকীনাথ বসু ও প্রভাবতী দেবীর চৌদ্দ  সন্তানের মধ্যে নবম। ষষ্ঠ শ্রেণি পর্যন্ত সুভাষচন্দ্র একটি কটকের ইংরেজি স্কুলে পড়াশোনা করেন; বর্তমানে এই স্কুলটির নাম স্টুয়ার্ট স্কুল। এরপর তাঁকে ভর্তি করা হয় কটকের রাভেনশ কলেজিয়েট স্কুলে। সুভাষচন্দ্র ছিলেন মেধাবী ছাত্র। ১৯১১ খ্রিস্টাব্দে ম্যাট্রিকুলেশন পরীক্ষায় কলকাতা থেকে প্রথম স্থান অধিকার করেন তিনি। ১৯১৮ খ্রিস্টাব্দে কলকাতা বিশ্ববিদ্যালয় অধিভুক্ত স্কটিশ চার্চ কলেজ থেকে দর্শনে সাম্মানিকসহ বিএ পরীক্ষায় উত্তীর্ণ হন।",নেতাজি সুভাষ চন্দ্র বসুর বাবার নাম কী ?,জানকীনাথ বসু,প্রভাবতী দেবী,yes,yes
bengali-7060087994161984077-11::factualness,bengali-7060087994161984077-11,factualness,"উপরন্তু, তাঁর বাজে অবস্থানে থাকা স্বত্ত্বেও এ সুযোগ পেয়েছিলেন।[16] সফরের প্রথম প্রস্তুতিমূলক খেলায় দক্ষিণ অস্ট্রেলিয়ার বিপক্ষে ২২৮ রান তুলেন।[17] এছাড়াও, প্রথম টেস্ট শুরুর পূর্বে আরও একটি অর্ধ-শতরান করেন। ১৪ ডিসেম্বর, ১৮৯৪ তারিখে তার আন্তর্জাতিক ক্রিকেটে অভিষেক ঘটে।[18] খেলায় তিনি ৪ ও ২০ রান তুলেন। তবে, ফলো-অনের কবলে পড়েও ইংল্যান্ড দল স্বাগতিক অস্ট্রেলিয়ার বিপক্ষে জয়ী হয়। পরের খেলায়ও ইংল্যান্ড জয় পায়।[19] তবে, খেলার প্রথম বলেই ম্যাকলারেন কট আউটে পরিণত হন। এরফলে টেস্ট ক্রিকেটের ইতিহাসে প্রথম খেলোয়াড় হিসেবে প্রথম বলেই আউট হবার ন্যায় অগৌরবজনক অধ্যায়ের সাথে যুক্ত করে নেন নিজের নামকে।[20][21] তৃতীয় ও চতুর্থ টেস্টে জয়ী হয়ে অস্ট্রেলিয়া খেলায় সমতা আনে। ম্যাকলারেন ব্যক্তিগতভাবে খুব কমই সফলকাম হন। চার খেলার পর তাঁর ব্যাটিং গড় ছিল মাত্র ১২.৫০।[16]",আর্চিবল্ড ক্যাম্পবেল আর্চি ম্যাকলারেন কোন সাল থেকে ইংল্যান্ডের জাতীয় ক্রিকেট দলে খেলা শুরু করেন ?,১৮৯৪,১৮৯৩ সালে তিনি ইংল্যান্ডের জাতীয় ক্রিকেট দলে খেলা শুরু করেন।,yes,yes
bengali-1256980846334025372-12::factualness,bengali-1256980846334025372-12,factualness,হাঁস-মুরগির মতো যে কোনো মর্দা কবুতর মাদী কবুতরের সাথে সহজে জোড়া বাঁধে না। এদেরকে এক সাথে এক সপ্তাহ রাখলে জোড়া বাঁধে। মুরগীর ন্যায় কবুতরের জননতন্ত্রে ডিম উৎপন্ন হয়। তবে ডিম্বাশয়ে একসাথে সাধারণত মাত্র দু'টি ফলিকুল তৈরি হয়। এ কারণে প্রতিটি মাদী কবুতর দু'টি ডিম পাড়ে। ডিম পাড়ার ৪০-৪৪ ঘন্টা পূর্বে ডিম্ব স্খলন হয় এবং ডিম পাড়ার কমপক্ষে ২৪ ঘন্টা পূর্বে তা নিষিক্ত হয়। অর্থাৎ যে ১৬-২০ ঘন্টা পর্যন্ত ডিম ডিম্বনালীতে থাকে সে সময়ে তা নিষিক্ত হয়ে থাকে। ডিম পাড়ার পর থেকে মর্দা ও মাদী উভয় কবুতর পর্যায়ক্রমে ডিমে তা দিতে শুরু করে। মাদী কবুতর প্রায় বিকেল থেকে শুরু করে পরের দিন সকাল পর্যন্ত ডিমে তা দেয় এবং বাকী সময়টুকু অর্থাৎ সকাল থেকে বিকেল পর্যন্ত মর্দা কবুতর তা দিয়ে থাকে। তা দেয়ার পঞ্চম দিনেই ডিম পরীক্ষা করে উর্বর বা অনুর্বর ডিম চেনা যায়। বাতির সামনে ধরলে উর্বর ডিমের ভিতর রক্তনালী দেখা যায়। কিন্তু অনুর্বর ডিমের ক্ষেত্রে ডিমের ভিতর স্বচ্ছ দেখাবে। সাধারণত ডিম পাড়ার ১৭-১৮ দিন পর ডিম ফুটে বাচ্চা বের হয়। এভাবে একটি মাদী কবুতর সাধারণত ১২ মাসে ১০-১২ জোড়া বাচ্চা উৎপাদন করতে পারে। জন্মের প্রথম দিন থেকে ২৬ দিন বয়স পর্যন্ত কবুতরের বাচ্চার ক্রমবর্ধমান অবস্থা থাকে। প্রথমে সারা দেহ হলুদ পাতলা বর্ণের লোম দ্বারা আবৃত থাকে। এই সময় নাক ও কানের ছিদ্র বেশ বড় দেখায়। প্রায় ৪-৫ দিন পর বাচ্চার চোখ খোলে বা ফুটে। পনের দিনে সমস্ত শরীর পালকে ছেয়ে যায়। প্রায় ১৯-২০ দিনে দু'টো ডানা এবং লেজ পূর্ণতা লাভ করে ও ঠোঁট স্বাভাবিক হয়। এই ভাবে ২৬-২৮ দিনে কবুতরের বাচ্চা পূর্ণতা লাভ করে। কবুতর সাধারণত ২০-৩০ বছর পর্যন্ত বাঁচে। জঙ্গলী কবুতর ৫ বছর এবং গৃহপালিত কবুতর ১০-১৫ বছর বাঁচে। ৫-৬ মাস বয়স হলে স্ত্রী কবুতর ডিম দেয়। গড়ে প্রতি মাসে এক বার ডিম দেয়। বাচ্চা ২৫/২৬ দিন বয়স হলে খাবার উপযুক্ত হয়। এ সময় বাচ্চা সরিয়ে ফেললে মা কবুতর নতুন করে ডিম দিতে প্রস্তুতি গ্রহণ করে।,পাতি ময়নার ডিম ফুটে বাচ্চা বের হতে সর্বোচ্চ কতদিন সময় লাগে ?,১৭-১৮ দিন পর,পাতি ময়নার ডিম ফুটে বাচ্চা বের হতে সাধারণত ১৯-২০ দিন লাগে।,yes,yes
bengali-5487111961873331069-0::specificity,bengali-5487111961873331069-0,specificity,"গ্যালিলিও গ্যালিলি (Italian pronunciation:[ɡaliˈlɛːo ɡaliˈlɛi]; জন্ম: ১৫ ফেব্রুয়ারি, ১৫৬৪ - মৃত্যু: ৮ জানুয়ারি, ১৬৪২)[1] একজন ইতালীয় পদার্থবিজ্ঞানী, জ্যোতির্বিজ্ঞানী, গণিতজ্ঞ এবং দার্শনিক যিনি বৈজ্ঞানিক বিপ্লবের সাথে বেশ নিগূঢ়ভাবে সম্পৃক্ত। তাঁর সবচেয়ে উল্লেখযোগ্য অবদানের মধ্যে রয়েছে দূরবীক্ষণ যন্ত্রের উন্নতি সাধন যা জ্যোতির্বিজ্ঞানের অগ্রগতিতে সবচেয়ে বড় ভূমিকা রেখেছে, বিভিন্ন ধরণের অনেক জ্যোতির্বৈজ্ঞানিক পর্যবেক্ষণ, নিউটনের গতির প্রথম এবং দ্বিতীয় সূত্র, এবং কোপারনিকাসের মতবাদের পক্ষে একটি অতি গুরুত্বপূর্ণ পর্যবেক্ষণ। বিজ্ঞানী স্টিফেন হকিংয়ের মতে আধুনিক যুগে প্রাকৃতিক বিজ্ঞানের এতো বিশাল অগ্রগতির পেছনে গ্যালিলিওর চেয়ে বেশি অবদান আর কেউ রাখতে পারেনি। তাকে আধুনিক জ্যোতির্বিজ্ঞানের জনক,[2] আধুনিক পদার্থবিজ্ঞানের জনক[3] এবং এমনকি আধুনিক বিজ্ঞানের জনক[4] হিসেবেও আখ্যায়িত করা হয়ে থাকে। এরিস্টটলীয় ধারণার অবসানে গ্যালিলিওর আবিষ্কারগুলোই সবচেয়ে বড় ভূমিকা রেখেছে।",পদার্থবিজ্ঞানের জনক কে ?,গ্যালিলিও গ্যালিলি,আধুনিক পদার্থবিজ্ঞানের অন্যতম জনক নিউটন।,yes,yes
bengali-91483490703308038-4::comprehension,bengali-91483490703308038-4,comprehension,"আগুন জ্বালানোর জন্য তিনটি উপাদানের প্রয়োজন পড়ে - অক্সিজেন, জ্বালানী এবং তাপ। জ্বালানী হিসেবে কাঠ, কয়লা, তৈল এবং অন্যান্য দাহ্য পদার্থ পরিবেশের সর্বত্র রয়েছে। একবার আগুন জ্বলতে শুরু করলে পরবর্তীতে এটি নিজেই তাপ উৎপাদনে সক্ষম। কখনো কখনো এটি নিজেই স্বয়ংক্রিয়ভাবে তাপ উৎপাদনের মাধ্যমে জ্বলতে শুরু করে।",আগুন জ্বালানোর জন্য কোন গ্যাসের প্রয়োজন হয় ?,অক্সিজেন,কার্বন ডাই-অক্সাইড লাগে।,yes,yes
bengali--405761113848942428-0::inference,bengali--405761113848942428-0,inference,"হ্যারল্ড ডেনিস বার্ড, এমবিই (English: Harold Dennis ""Dickie"" Bird, জন্ম: ১৯ এপ্রিল, ১৯৩৩) বার্নসলে এলাকায় জন্মগ্রহণকারী অবসরপ্রাপ্ত ও খ্যাতনামা ইংরেজ ক্রিকেট আম্পায়ার। তিনি একসময় ক্রিকেট বিশ্বে ডিকি বার্ড নামে খ্যাত ও বিশ্বের শ্রেষ্ঠ আম্পায়ার হিসেবে সকল ক্রীড়ামোদীর প্রশংসা কুড়ান। তাঁর জন্ম ইংল্যান্ডের ইয়র্কশায়ারের বার্নসলে এলাকায়। আন্তর্জাতিক ক্রিকেট খেলাগুলো অপূর্ব দক্ষতার সাথে আম্পায়ার হিসেবে নিরপেক্ষভাবে দায়িত্ব পালন করে অবসর নিয়েছেন। শৈশবে স্কুল জীবনে ডিকি নামে উপাধি পান তিনি। একজন খনি শ্রমিকের সন্তান হিসেবে ডিকি বার্ড সাউথ ইয়র্কশায়ারের স্টেইনক্রস গ্রামে বাস করতেন। ১৯৪৪ সালে বার্ড একাদশ শ্রেণীর পরীক্ষায় অকৃতকার্য হয়ে র‌্যালী সেকেন্ডারী মডার্নের জন্য ১৫ বছর বয়সে ১৯৪৮ সালে বাড়ী ত্যাগ করেন। এছাড়াও কয়লা খনিতে কাজ করার সময় তিনি মনে করলেন যে কাজটি তার জন্য উপযুক্ত নয়। এরপরই তিনি খেলাধুলায় নিজেকে সম্পৃক্ত করেন ও মনোনিবেশ ঘটান। ব্যক্তিগত জীবনে তিনি চিরকুমার অর্থাৎ বিয়ে করেননি।",ইংরেজ ক্রিকেট আম্পায়ার হ্যারল্ড ডেনিস বার্ডের ডাকনাম কি ছিল ?,ডিকি বার্ড,তার ডাকনাম ছিল **বার্নসলে বার্ড**।,yes,yes
bengali--8046266163446294688-0::comprehension,bengali--8046266163446294688-0,comprehension,"নেতাজী সুভাষ ইঞ্জিনিয়ারিং কলেজ (NSEC) স্থাপন করা হয়  নেতাজি সুভাষচন্দ্র বসুর ভারতীয় স্বাধীনতা আন্দোলনে অবদান ও আদর্শের কথা মনে রেখে।  নেতাজী বিশ্বাস করতেন যে প্রকৃত স্বাধীনতার ভিত্তিপ্রস্তর হল শিক্ষা ও প্রযুক্তি।  ১৯৯৮ সালে টেকনো ইন্ডিয়া গ্রুপ এবং ইনস্টিটিউট কম্পিউটার প্রকৌশলীর (ভারত) সহযোগিতায় কলেজটি স্থাপন করা হয়। কলেজটি  শুরু হয়, তিনটি ইঞ্জিনিয়ারিং কোর্স দিয়ে এবং বর্তমানে পশ্চিমবঙ্গের অন্যতম বৃহত্তম স্ব-নির্ভর প্রকৌশল কলেজ। কলেজটি শুরু থেকেই  কল্যাণী বিশ্ববিদ্যালয়ের অধিভুক্ত ছিল। ২০০২ সালে কলেজটি  সদ্য নির্মিত পশ্চিমবঙ্গ প্রযুক্তি বিশ্ববিদ্যালয়ের সম্বন্ধযুক্ত হয়।",নেতাজী সুভাষ ইঞ্জিনিয়ারিং কলেজ কবে স্থাপিত হয় ?,১৯৯৮ সালে,২০০২ সালে প্রতিষ্ঠিত হয়।,yes,yes
bengali--1990721472147920166-1::factualness,bengali--1990721472147920166-1,factualness,"১৯৩৮ সালের ৪ এপ্রিল বগুড়ায় একটি কলেজ প্রতিষ্ঠার লক্ষ্যে খাঁন বাহাদুর মোহাম্মদ আলীকে সভাপতি  এবং মৌলভী আব্দুস সাত্তারকে সাধারন সম্পাদক করে একটি কমিটি গঠিত হয়। এই কলেজটি ১৯৩৯ সালের জুলাই মাসে প্রতিষ্ঠিত হয়।[2] অবিভক্ত বঙ্গে বিশিষ্ট ব্যক্তিত্ব স্যার আজিজুল হক এর নামে কলেজটির নামকরণ করা হয়েছে। তিনি সে সময় কলকাতা বিশ্ববিদ্যালয় এর উপাচার্য ছিলেন; সরকারি স্কুলে শিক্ষার মাধ্যম ইংরেজী থেকে বাংলায় চালু, প্রাথমিক শিক্ষা পরিকল্পনাকে অ্যাক্টে পরিণত, কলকাতা বিশ্ববিদ্যালয়ের ইসলামের ইতিহাস ও সংস্কৃতি বিভাগ প্রতিষ্ঠা (১৯৪০), শিক্ষা সপ্তাহ পালন কর্মসূচী প্রবর্তন, বঙ্গীয় ব্যবস্থাপক সভার মহাজনী বিল ও প্রজাস্বত্ব আইন উপস্থাপন তাঁর উল্লেখযোগ্য কীর্তি।কলেজের প্রথম অধ্যক্ষ ছিলেন ড. এম.এম. মুখার্জি (আগষ্ট ১৯৩৯- সেপ্টেম্বর ১৯৩৯) এবং প্রথম উপাধ্যক্ষ ছিলেন শ্রী এস.পি সেন। কলেজের যাত্রা শুরুর প্রায় দুই বছর পর্যন্ত কলেজের ক্লাস অস্থায়ীভাবে সুবিল প্রাথমিক বিদ্যালয়ে (বর্তমান) নেয়া হয়। পরবর্তীতে এটি ফুলবাড়ি বটতলাতে স্থানান্তরিত করা হয়। ১৯৬৮ সালের ১৫ এপ্রিল কলেজটি সরকারীকরন করা হয়।",আজিজুল হক কলেজ কবে প্রতিষ্ঠিত হয় ?,১৯৩৯ সালের জুলাই মাসে,১৯৩৮ সালের ৪ এপ্রিল প্রতিষ্ঠিত হয়।,yes,yes
bengali--5851536339042738709-0::factualness,bengali--5851536339042738709-0,factualness,"শেখ মুজিবুর রহমান (১৭ মার্চ ১৯২০ - ১৫ আগস্ট ১৯৭৫) বাংলাদেশের প্রথম রাষ্ট্রপতি ও ভারতীয় উপমহাদেশের একজন অন্যতম প্রভাবশালী রাজনৈতিক ব্যক্তিত্ব যিনি বাঙালীর অধিকার রক্ষায় ব্রিটিশ ভারত থেকে ভারত বিভাজন আন্দোলন এবং পরবর্তীতে  পূর্ব পাকিস্তান থেকে বাংলাদেশ প্রতিষ্ঠার সংগ্রামে নেতৃত্ব প্রদান করেন। প্রাচীন বাঙ্গালি সভ্যতার আধুনিক স্থপতি হিসাবে শেখ মুজিবুর রহমানকে বাংলাদেশের জাতির জনক বা জাতির পিতা বলা হয়ে থাকে। তিনি মাওলানা আব্দুল হামিদ খান ভাসানী প্রতিষ্ঠিত আওয়ামী লীগের সভাপতি, বাংলাদেশের প্রথম রাষ্ট্রপতি এবং পরবর্তীতে এদেশের প্রধানমন্ত্রীর দায়িত্ব পালন করেন। জনসাধারণের কাছে তিনি শেখ মুজিব এবং শেখ সাহেব হিসাবে বেশি পরিচিত এবং তার উপাধি বঙ্গবন্ধু। তার কন্যা শেখ হাসিনা বাংলাদেশ আওয়ামী লীগের বর্তমান সভানেত্রী এবং বাংলাদেশের বর্তমান প্রধানমন্ত্রী।",বাংলাদেশের প্রথম রাষ্ট্রপতি শেখ মুজিবুর রহমানের জন্ম কবে হয় ?,১৭ মার্চ ১৯২০,১৬ মার্চ ১৯২১,yes,yes
bengali-2163425666649830741-9::factualness,bengali-2163425666649830741-9,factualness,"ইহুদি মহল্লা (Hebrew: הרובע היהודי‎, HaRova HaYehudi, known colloquially to residents as HaRova, Arabic: حارة اليهود‎, Ḩārat al-Yahūd) শহরের দক্ষিণ পশ্চিম প্রান্তে অবস্থিত। এটি দক্ষিণে জায়ন গেট থেকে পশ্চিমে আর্মেনীয় মহল্লা নিয়ে উত্তরে কারডো এবং পূর্বে পশ্চিম দেয়াল ও টেম্পল মাউন্ট পর্যন্ত বিস্তৃত। এই মহল্লার সমৃদ্ধ ইতিহাস রয়েছে। খ্রিষ্টপূর্ব অষ্টম শতক থেকে এখানে ইহুদিরা ধারাবাহিকভাবে বসবাস করে আসছে।[17][18][19][20][21][22] ১৯৪৮ সালে এর ২,০০০ ইহুদিকে অবরোধ করা হয় এবং সবাইকে স্থান ত্যাগ করতে বাধ্য করা হয়।[23] মহল্লাটি সম্পূর্ণরূপে অধীকৃত হয় ও এর প্রাচীন সিনাগগগুলো ধ্বংস করা হয়।",ইহুদি মহল্লা কবে স্থাপিত হয় ?,খ্রিষ্টপূর্ব অষ্টম শতক,খ্রিষ্টপূর্ব ষষ্ঠ শতকে স্থাপিত হয়।,yes,yes
bengali-76220440784974270-3::factualness,bengali-76220440784974270-3,factualness,"একটি মৌচাকে বা পরিবারে তিন শ্রেণীর মৌমাছি থাকে, যথা: (১) রাণী, (২) পুরুষ ও (৩) শ্রমিক মৌমাছি।",কাজ অনুসারে মোট কত রকমের মৌমাছি হয় ?,তিন,কাজ অনুসারে মোট চার রকমের মৌমাছি হয়।,no,no
bengali-2219441392212686141-0::specificity,bengali-2219441392212686141-0,specificity,"ভুবন চিল, বাদামি চিল, গোদা চিল, ডোম চিল (বৈজ্ঞানিক নাম: Milvus migrans) (English: Black Kite) বা কেবলই চিল Accipitridae (অ্যাক্সিপিট্রিডি) গোত্র বা পরিবারের অন্তর্গত Milvus (মিলভাস) গণের এক প্রজাতির মাঝারি আকারের সুলভ শিকারী পাখি।[1][2] ভুবন চিলের বৈজ্ঞানিক নামের অর্থ পরিযায়ী চিল (গ্রিক Milvus = চিল, migrans = পরিযায়ন)।[2] সাঁওতালি ভাষায় ভুবন চিলের নাম কুরিত, সিংহলিতে রাজালিয়া, অসমিয়ায় চিলানা ও মুগাচারানি; সিন্ধিতে নাম সিরিউন।[3]",ভুবন চিলের বৈজ্ঞানিক নাম কী ?,Milvus migrans,ভুবন চিলের বৈজ্ঞানিক নাম সাধারণত মিলভাস গণের একটি চিল হিসেবে উল্লেখ করা হয়।,yes,yes
bengali--3947167920835567776-1::inference,bengali--3947167920835567776-1,inference,"আলাউদ্দিন খিলজি ছিলেন খিলজি বংশের প্রতিষ্ঠাতা জালালুদ্দিন খিলজির ভাতিজা এবং জামাতা। বীরভূমদেরকে পরাজিত করে জালালুদ্দিন খিলজি যখন দিল্লি দখল করে নেন। তখন আলাউদ্দিন খিলজিকে আমির-ই-তুজুখ বা উদযাপন মন্ত্রী পদ দেওয়া হয়। ১২৯১ সালে জালালুদ্দিন খিলজি তার ভাতিজা আলাউদ্দিন খিলজির হাতে কারা্(কানপুরের নিকটবর্তী এক এলাকা)নামক অঞ্চলের শাসনভার তুলে দেন। ১২৯৬ সালে আলাউদ্দিন খিলজি বসিলা অবরোধ করে জালালুদ্দিন খিলজির কাছে থেকে আবাধ(উত্তর-প্রদেশ) দখল করে সেটা শাসন করা শুরু করেন। ১২৯৬ সালে দেভাগিরি অবরোধ করেন এবং জালালুদ্দিনের বিপুল পরিমানের সম্পদ দখল করে নেন।জালালুদ্দিন খিলজিকে হত্যা করে, তিনি দিল্লিতে নিজের শাসন প্রতিষ্ঠা করেন এবং পরবর্তীতে জালালুদ্দিনের ছেলের কাছ থেকে মুলতান দখল করে নেন।",খিলজি বংশের প্রতিষ্ঠা কবে হয় ?,জালালুদ্দিন খিলজি,১২৯৬ সালে আলাউদ্দিন খিলজির হাতে প্রতিষ্ঠিত হয়।,yes,yes
bengali--4860964569116483818-2::specificity,bengali--4860964569116483818-2,specificity,"প্রাগৈতিহাসিক যুগে গণনার যন্ত্র উদ্ভাবিত বিভিন্ন প্রচেষ্টাকে কম্পিউটার ইতিহাস হিসেবে ধরা হয়। প্রাচীন কালে মানুষ একসময় সংখ্যা বুঝানোর জন্য ঝিনুক, নুড়ি, দড়ির গিট ইত্যাদি ব্যবহার করত। পরবর্তীতে গণনার কাজে বিভিন্ন কৌশল ও যন্ত্র ব্যবহার করে থাকলেও অ্যাবাকাস (Abacus) নামক একটি প্রাচীন গণনা যন্ত্রকেই কম্পিউটারের ইতিহাসে প্রথম যন্ত্র হিসেবে ধরা হয়। এটি আবিষ্কৃত হয় খ্রিষ্টপূর্ব ২৪০০ সালে ব্যাবিলনে। অ্যাবাকাস ফ্রেমে সাজানো গুটির স্থান পরিবর্তন করে গননা করার যন্ত্র। খ্রিস্টপূর্ব ৪৫০/৫০০ অব্দে মিশরে বা চীনে গননা যন্ত্র হিসেবে অ্যাবাকাস তৈরি হয়।",পৃথিবীর প্রথম কম্পিউটারের নাম কী ?,অ্যাবাকাস,পৃথিবীর প্রথম কম্পিউটারের নাম সাধারণভাবে প্রাচীন গণনা যন্ত্র হিসেবে পরিচিত।,yes,yes
bengali-3835788684367493599-2::specificity,bengali-3835788684367493599-2,specificity,"সাহাবীগণ ইসলামের সর্বশেষ নবীর কথা ও কাজের বিবরণ অত্যন্ত আগ্রহ সহকারে স্মরণ রাখতেন। আবার কেউ কেউ তার অনুমতি সাপেক্ষে কিছু কিছু হাদীস লিখে রাখতেন। এভাবে তার জীবদ্দশায় স্মৃতিপটে মুখস্ত করে রাখার সাথে সাথে কিছু হাদীস লিখিত আকারে লিপিবদ্ধ ছিল। হযরত আলী, হযরত আবদুল্লাহ ইবনে ওমর, হযরত আবদুল্লাহ ইবনে আব্বাস, হযরত আনাস ইবনে মালিক প্রমুখ সাহাবীগণ কিছু কিছু হাদীস লিপিবদ্ধ করে রাখতেন। হযরত আবূ হুরায়রা বলেন “আবদুল্লাহ ইবনে আমর ব্যতীত আর কোন সাহাবী আমার অপেক্ষা অধিক হাদীস জানতেননা। কারণ, তিনি হাদীস লিখে রাখতেন আর আমি লিখতাম না।” নবীর জীবদ্দশায় ইসলামী রাষ্ট্রের প্রশাসনিক বহু কাজকর্ম লিখিতভাবে সম্পাদনা করা হতো। বিভিন্ন এলাকার শাসনকর্তা, সরকারী কর্মচারী এবং জনসাধারনের জন্য বিভিন্ন সময়ে বিভিন্ন বিষয়ে লিখিত নির্দেশ প্রদান করা হতো। তাছাড়া রোম, পারস্য প্রভৃতি প্রতিবেশী দেশসমূহের সম্রাটদের সাথে পত্র বিনিময়, ইসলামের দাওয়াত এবং বিভিন্ন গোত্র ও সম্প্রদায়ের সাথে চুক্তি ও সন্ধি লিখিতভাবে সম্পাদন করা হতো। আর ইসলামের নবীর আদেশক্রমে যা লেখা হতো তাও হাদীসের অন্তর্ভুক্ত। ইসলামের নবীর মৃত্যুর পর বিভিন্ন কারণে হাদীস সংকলনের প্রয়োজনীয়তা দেখা দেয়। কুরআন মাজীদের সাথে হাদীস সংমিশ্রণ হওয়ার আশংকায় কুরআন পুর্ণ গ্রন্থাকারে লিপিবদ্ধ না হওয়া পর্যন্ত হাদীস লিপিবদ্ধ করতে কেউ সাহস পায়নি। আবূ বকরের আমলে কুরআন মজীদ গ্রন্থাকারে লিপিবদ্ধ হলে সাহাবীগণ হাদীস লিপিবদ্ধ করার ব্যাপারে আর কোন বাধা আছে বলে অনুভব করেননি। হিজরী প্রথম শতাব্দীর শেষভাগে সাহাবি ও তাবেয়ীগণ প্রয়োজন অনুসারে কিছু হাদীস লিপিবদ্ধ করেন। অতঃপর উমাইয়া খলিফা উমর ইবনে আব্দুল আযীয হাদীস সংগ্রহের জন্য মদীনার শাসনকর্তা আবু বকর বিন হাজম সহ মুসলিমবিশ্বের বিভিন্ন এলাকার শাসনকর্তা ও আলিমগণের কাছে একটি ফরমান জারী করেন যে, আপনারা মহানবী (সাঃ) হাদীসসমূহ সংগ্রহ করুন। কিন্তু সাবধান! মহানবী (সাঃ) এর হাদীস ব্যতীত অন্য কিছু গ্রহন করবেননা। আর আপনার নিজ নিজ এলাকায় মজলিস প্রতিষ্ঠা করে আনুষ্ঠানিকভাবে হাদীস শিক্ষা দিতে থাকুন। কেননা, জ্ঞান গোপন থাকলে তা একদিন বিলুপ্ত হয়ে যায়। এই আদেশ জারীর পর মক্কা, মদীনা, সিরিয়া, ইরাক এবং অন্যান্য অঞ্চলে হাদীস সংকলনের কাজ শুরু হয়। কথিত আছে যে, প্রখ্যাত মুহাদ্দিস ইমাম ইবনে শিহাব যুহরী সর্বপ্রথম হাদীস সংগ্রহ এবং সংকলনে হাত দেন। কিন্তু তাঁর সংকলিত হাদীসগ্রন্থের সন্ধান পাওয়া যায়নি। এরপর ইমাম ইবনে জুরাইজ মক্কায়, ইমাম মালিক মদীনায়, আবদুল্লাহ ইবনে আব্দুল ওয়াহহাব মিসরে, আব্দুর রাজ্জাক ইয়েমেনে, আবদুল্লাহ ইবনে মুবারক খুরাসানে, এবং সূফিয়ান সাওরী ও হাম্মাদ ইবনে সালমা বসরায় হাদীস সংকলনে আত্ননিয়োগ করেন। এ যুগের ইমামগণ কেবল দৈনন্দিন জীবনে প্রয়োজনীয় হাদীসগুলো ও স্থানীয় হাদীস শিক্ষাকেন্দ্রে প্রাপ্ত হাদীসসমূহ লিপিবদ্ধ করেছিলেন। তাঁদের কেউই বিষয়বস্তু হিসেবে বিন্যাস করে হাদীসসমূহ লিপিবদ্ধ করেননি। এ যুগে লিখিত হাদীস গ্রন্থসমূহের মধ্যে ইমাম মালিকের “মুয়াত্তা” সর্বপ্রথম ও সর্বপ্রধান প্রামান্য হাদীসগ্রন্থ। ইমাম মালিকের “মুয়াত্তা” গ্রন্থটি হাদীস সংকলনের ব্যাপারে বিপুল-উৎসাহ উদ্দিপনার সৃষ্টি করেছিল। এটি হাদীসশাস্ত্র অধ্যায়নে মুসলিম মণিষীদের প্রধান আর্কষণে পরিণত হয়েছিল। এরই ফলশ্রূতিতে তৎকালীন মুসলিম বিশ্বে সর্বত্র হাদীসচর্চার কেন্দ্র স্হাপিত হতে থাকে। ইমাম শাফঈ এর কিতাবুল “উম্ম” এবং ইমাম আহমাদ বিন হাম্বলের “মাসনাদ” গ্রন্থদ্বয় হাদীসের উপর গুরুত্বপুর্ণ গ্রন্থ হিসেবে বিবেচিত। অতঃপর হিজরী তৃতীয় শতাব্দীতে অনেক মুসলিম মণিষী বিশ্বের বিভিন্ন অঞ্চল থেকে প্রচুর হাদীস সংগ্রহ করেন। তন্মধ্যে বিখ্যাত হলেন ইমাম বুখারী, ইমাম মুসলিম, ইমাম আবূ দাউদ, ইমাম তিরমিজী, ইমাম নাসাঈ, এবং ইমাম ইবনে মাজাহ। এদের সংকলিত হাদীস গ্রন্থগুলো হলো সহীহ বুখারী, সহীহ মুসলিম, সুনানে আবূ দাউদ, জামি’ আত-তিরমিযী, সূনানে নাসাঈ এবং সূনানে ইবনে মাজাহ্। এই ছয়খানা হাদীসগ্রন্থকে সন্মিলিতভাবে সিহাহ সিত্তাহ বা ছয়টি বিশুদ্ধ হাদীসগ্রন্থ বলা হয়। আব্বাসিয় যুগে হাদীস লিপিবদ্ধের কাজ পরিসমাপ্ত হয়।[1]",হাদীস কে বা কারা রচনা করেন ?,"হযরত আলী, হযরত আবদুল্লাহ ইবনে ওমর, হযরত আবদুল্লাহ ইবনে আব্বাস, হযরত আনাস ইবনে মালিক প্রমুখ সাহাবীগণ","হাদীস মূলত ইমাম বুখারী, ইমাম মুসলিম ও পরবর্তী মুহাদ্দিসগণ রচনা করেন।",yes,yes
bengali--7866554679178426911-24::comprehension,bengali--7866554679178426911-24,comprehension,"রবীন্দ্রসঙ্গীতের আবেগময়ী শক্তি ও সৌন্দর্যের আকর্ষণ বাঙালি সমাজে অমোঘ। মডার্ন রিভিউ পত্রিকায় এই প্রসঙ্গে লেখা হয়, ""বাংলায় এমন কোনো শিক্ষিত গৃহ নেই যেখানে রবীন্দ্রনাথের গান গাওয়া বা অন্ততপক্ষে গাওয়ার চেষ্টা করা হয় না... এমনকি অশিক্ষিত গ্রামবাসীরাও তাঁর গান গেয়ে থাকেন।"" দি অবজার্ভার-এর আর্থার স্ট্রেঞ্জওয়েজ তাঁর মিউজিক অফ হিন্দুস্তান রচনায় অবাঙালিদের কাছে রবীন্দ্রসঙ্গীতের পরিচয় দিতে গিয়ে বলেন, এই গানগুলি হল ""vehicle of a personality ... [that] go behind this or that system of music to that beauty of sound which all systems put out their hands to seize."" [22] বাংলাদেশের জাতীয় সঙ্গীত আমার সোনার বাংলা ও ভারতের জাতীয় সঙ্গীত জনগণমন-অধিনায়ক জয় হে রবীন্দ্রনাথেরই রচনা। তিনিই একমাত্র ব্যক্তিত্ব যিনি দুটি রাষ্ট্রের জাতীয় সঙ্গীতের স্রষ্টা। এছাড়াও, বিশিষ্ট সেতার বাদক বিলায়েৎ খান, সরোদিয়া বুদ্ধদেব দাশগুপ্ত ও আমজাদ আলি খানের বাদনশৈলীকেও বিশেষভাবে প্রভাবিত করে রবীন্দ্রসংগীত।[20] গীতবিতান সংকলনে সংগৃহীত হয়েছে রবীন্দ্রনাথের সব গান।",রবীন্দ্রনাথ ঠাকুরের লেখা সঙ্গীত সংকলন গ্রন্থের নাম কী ?,গীতবিতান,গীতাঞ্জলি সংকলন গ্রন্থটি।,yes,yes
bengali--8550731156389938132-14::comprehension,bengali--8550731156389938132-14,comprehension,"সাধারণত যে দল বেশি রান করে সে দল বিজয়ী হয়। তবে বিভিন্ন অবস্থায় জয়ের সংজ্ঞা বিভিন্ন হয়। উদাহরণস্বরুপ বলা যায় বৃষ্টির কারণে সীমিত ওভারের খেলার ওভার সংখ্যা কমিয়ে আনা হতে পারে, অথবা ডাকওয়ার্থ-লুইস পদ্ধতি অবলম্বন করে বিজয়ী নির্ধারন করা হতে পারে।",ক্রিকেটে ডাকওয়ার্থ-লুইস পদ্ধতির দ্বারা কী নির্ণয় করা হয় ?,বিজয়ী,ডাকওয়ার্থ-লুইস পদ্ধতিতে রানরেট নির্ণয় করা হয়।,no,no
bengali--2734990305290488269-0::inference,bengali--2734990305290488269-0,inference,"ম্যালকম ডেঞ্জিল মার্শাল (English: Malcolm Denzil Marshall; জন্ম: ১৮ এপ্রিল, ১৯৫৮ - মৃত্যু: ৪ নভেম্বর, ১৯৯৯) বার্বাডোসে জন্মগ্রহণকারী ওয়েস্ট ইন্ডিজের বিখ্যাত আন্তর্জাতিক ক্রিকেট তারকা ছিলেন। বিশ্ব ক্রিকেট অঙ্গনে ‘ম্যাকো’ ডাকনামে পরিচিত ম্যালকম মার্শাল প্রধানতঃ ফাস্ট বোলার ছিলেন। টেস্ট ক্রিকেটে তাঁকে অত্যন্ত সুন্দর বোলিং ভঙ্গীমার অধিকারী ও দ্রুতগতির পেসার হিসেবে বিবেচনা করা হয়।[1][2][3][4] প্রতি উইকেট লাভে তাঁকে গড়ে ২০.৯৪ রান দিতে হয়েছে যা ২০০ বা ততোধিক উইকেটলাভকারী বোলারদের মধ্যে অন্যতম সেরা বোলিং গড়।[5] বোলিংয়ে তাঁর এ সফলতা আসলেও তিনি অন্যান্য ফাস্ট বোলারের তুলনায় কম উচ্চতাসম্পন্ন ছিলেন। যেখানে তাঁর উচ্চতা ৫ ফুট ১১ ইঞ্চি (১.৮০ মিটার); সেখানে অন্যান্য পেসারের গড় উচ্চতা ৬ ফুটের (১.৮ মিটার) চেয়ে বেশী।[1] ওয়েস্ট ইন্ডিজের প্রথিতযশা ফাস্ট বোলার জোয়েল গার্নার, কার্টলি অ্যামব্রোস এবং কোর্টনি ওয়ালশের উচ্চতা ৬ ফুট ৬ ইঞ্চি (১.৯৮ মিটার)। বিপজ্জনক বাউন্সার প্রদানে তাঁর সবিশেষ খ্যাতি ছিল। মাঝারিসারির ব্যাটসম্যানরূপে তিনি ১০টি টেস্ট অর্ধ-শতক এবং সাতটি প্রথম-শ্রেণীর শতক করেছেন।",ওয়েস্ট ইন্ডিজের ক্রিকেটার ম্যালকম ডেঞ্জিল মার্শালের উচ্চতা কত ছিল ?,৫ ফুট ১১ ইঞ্চি,ম্যালকম ডেঞ্জিল মার্শালের উচ্চতা ছিল ৬ ফুট ৬ ইঞ্চি।,yes,yes
bengali--6627693430671062547-23::specificity,bengali--6627693430671062547-23,specificity,"কঙ্কনা বাংলা চলচ্চিত্র নির্মাতা, স্ক্রিপ্ট লেখক এবং অভিনেত্রী অপর্ণা সেনের কন্যা। সেন শর্মার সাথে অভিনেতা ও সহ-শিল্পী রণবীর শুরের দেখা হয়। এই জুটি ২০১০ সালের ৩ সেপ্টেম্বর একটি পারিবারিক অনুষ্ঠানের মাধ্যেম তাদের বিয়ে সম্পন্ন করে।[37] ২০১১ সাকে দক্ষিণ মুম্বাইয়ের একটি হাসপাতালে তিনি তার প্রথম সন্তানের জন্ম দেন, তার নাম রাখেন হারূণ।[38]",কঙ্কনা সেন শর্মার স্বামীর নাম কী ?,রণবীর শুরে,কঙ্কনা সেন শর্মার স্বামী ছিলেন বলিউড অভিনেতা রণদীপ হুডা।,yes,yes
bengali--4320526522663858783-1::specificity,bengali--4320526522663858783-1,specificity,"মোটোরোলা কোম্পানিতে কর্মরত ডঃ মার্টিন কুপার[1] এবং জন ফ্রান্সিস মিচেলকে[2][3][4] প্রথম মোবাইল ফোনের উদ্ভাবকের মর্যাদা দেয়া হয়ে থাকে। তাঁরা ১৯৭৩ সালের এপ্রিলে প্রথম সফলভাবে একটি প্রায় ১ কেজি (২।২ পাউন্ড) ওজনের হাতে ধরা ফোনের মাধ্যমে কল করতে সক্ষম হন[5]।  মোবাইল ফোনের প্রথম বাণিজ্যিক সংস্করণ বাজারে আসে ১৯৮৩ সালে, ফোনটির নাম ছিল মোটোরোলা ডায়না টিএসি ৮০০০এক্স (DynaTAC 8000x)। ১৯৯০ সাল থেকে ২০১১ সালের মধ্যে পৃথিবীব্যাপী মোবাইল ফোন ব্যবহারকারীর সংখ্যা ১২.৪ মিলিয়ন থেকে বৃদ্ধি পেয়ে ৬ বিলিয়নের বেশী হয়ে গেছে। পৃথিবীর মোট জনসংখ্যার প্রায় ৮৭% মোবাইল ফোন যোগাযোগের আওতায় এসেছে[6][7][8][9]।",বিশ্বের প্রথম মোবাইল নেটওয়ার্ক সংস্থার নাম কী ?,মোটোরোলা,বিশ্বের প্রথম মোবাইল নেটওয়ার্ক সংস্থা ছিল নকিয়া কর্পোরেশন।,yes,yes
bengali--3516219870019020278-0::comprehension,bengali--3516219870019020278-0,comprehension,"দ্য লাঞ্চবক্স ২০১৩ সালের একটি ভারতীয় রোমান্টিক চলচ্চিত্র যা পরিচালনা করেছেন রিতেশ বাটরা এবং প্রযোজনায় গুণীত মোঙ্গা, অনুরাগ কাশ্যপ ও অরুণ রঙ্গচারী। ডার, ইউটিভি, ধর্ম প্রোডাকশনস, শিক্ষা এন্টারটেইনমেন্ট, এনএফডিসি সহ আরো কয়েকটি স্টুডিও যৌথভাবে চলচ্চিত্রটি প্রযোজনা করে।[1] এতে প্রধান চরিত্রে অভিনয় করেছেন ইরফান খান, নিমরাত কাউর এবং নওয়াজউদ্দিন সিদ্দিকী। চলচ্চিত্রটি কান চলচ্চিত্র উৎসবের আন্তর্জাতিক সমালোচকদের সপ্তাহে প্রদর্শিত হয় এবং পরবর্তীতে তা ক্রিটিকস উইক ভিউয়ারস চয়েস পুরস্কার তথা গ্র্যান্ড রেল ডি'অর জিতে নেয়।[2] এটি ২০১৩ সালের টরোন্টো চলচ্চিত্র উৎসবেও দেখানো হয়।[3] ভারতে চলচ্চিত্রটি মুক্তি দেয়া হয় সেবছর ২০ সেপ্টেম্বরে।[4] বক্স অফিসে এটি সাফল্য লাভ করে।[5]",দ্য লাঞ্চবক্স চলচ্চিত্রটির নির্মাতা কে ?,রিতেশ বাটরা,ইরফান খান ও নিমরাত কাউর,yes,yes
bengali-2295610133647280080-0::specificity,bengali-2295610133647280080-0,specificity,ত্রিপুরা হচ্ছে ভারতের উত্তর-পূর্বে অবস্থিত একটি রাজ্য এবং রাজ্যের সরকার প্রধান হচ্ছেন একজন মুখ্যমন্ত্রী। ১৯৬৩ সাল থেকে ত্রিপুরায় মোট ৯জন মুখ্যমন্ত্রী ছিলেন। প্রথম জন হচ্ছেন শচীন্দ্র লাল সিং এবং তিনি ছিলেন ভারতীয় জাতীয় কংগ্রেস পার্টির নেতা। বর্তমান মুখ্যমন্ত্রী মাণিক সরকার ১৯৯৮ সালের মার্চ মাস থেকে ত্রিপুরা রাজ্যের মুখ্যমন্ত্রী। তিনি ভারতের মার্কসবাদী কমিউনিস্ট পার্টির একজন পলিটব্যুরো সদস্য।[1],ত্রিপুরার বর্তমান মুখ্যমন্ত্রী কে ?,মাণিক সরকার,ত্রিপুরার বর্তমান মুখ্যমন্ত্রী হলেন শচীন্দ্র লাল সিং।,yes,yes
bengali--1823810411993388609-7::inference,bengali--1823810411993388609-7,inference,সালেকসংশ্লেষণ এর বিক্রিয়া:- 6CO2 + 12H2O +তাপ→ C6H12O6+6H2O+6O2 সালেকসংশ্লেষণ প্রক্রিয়া ২টি পর্যায়ে সম্পন্ন হয়- ক)আলোক নির্ভর পর্যায় খ)অন্ধকার পর্যায়,সালোকসংশ্লেষ প্রক্রিয়াটি প্রধানত কোন দুটো পর্যায়ে সম্পন্ন হয় ?,ক)আলোক নির্ভর পর্যায় খ)অন্ধকার পর্যায়,ক) শ্বসন পর্যায় খ) বাষ্পীভবন পর্যায়,no,no
bengali-7997141354018565671-1::specificity,bengali-7997141354018565671-1,specificity,আর্যভট্টের কাজ থেকে তাঁর জন্মসাল সম্পর্কে সুস্পষ্ট তথ্য পাওয়া গেলেও তাঁর জন্মস্থান নিয়ে সুবিশেষ কোন তথ্য পাওয়া যায়নি। আর্যভট্টের অন্যতম ভাষ্যকার প্রথম ভাস্করের ভাষ্য অণুযায়ী তাঁর জন্ম হয়েছিল অশ্মকা নামের একটি জায়গায়। প্রাচীন বৌদ্ধ এবং হিন্দু রীতিতে এই জায়গাটিকে নর্মদা এবং গোদাবরী নদীর মধ্যবর্তী স্থানে দক্ষিণ গুজরাট এবং উত্তর মহারাষ্ট্রের আশেপাশের একটি জায়গা হিসেবে চিহ্নিত করা হয়।[3][4],গণিতবিদ আর্যভট্টের জন্ম কোথায় হয় ?,অশ্মকা,আর্যভট্টের জন্মস্থান নির্দিষ্টভাবে জানা যায় না।,yes,yes
bengali-4467222109752420633-0::comprehension,bengali-4467222109752420633-0,comprehension,"হুমায়ূন আহমেদ (১৩ নভেম্বর, ১৯৪৮ – ১৯ জুলাই, ২০১২) ছিলেন একজন বাংলাদেশী ঔপন্যাসিক, ছোটগল্পকার, নাট্যকার এবং গীতিকার, চিত্রনাট্যকার ও চলচ্চিত্র নির্মাতা। তিনি বিংশ শতাব্দীর জনপ্রিয় বাঙালি কথাসাহিত্যিকদের মধ্যে অন্যতম। তাঁকে বাংলাদেশের স্বাধীনতা পরবর্তী অন্যতম শ্রেষ্ঠ লেখক বলে গণ্য করা হয়। বাংলা কথাসাহিত্যে তিনি সংলাপপ্রধান নতুন শৈলীর জনক। অন্য দিকে তিনি আধুনিক বাংলা বৈজ্ঞানিক কল্পকহিনীর পথিকৃৎ। নাটক ও চলচ্চিত্র পরিচালক হিসাবেও তিনি সমাদৃত। তাঁর প্রকাশিত গ্রন্থের সংখ্যা তিন শতাধিক। তাঁর বেশ কিছু গ্রন্থ পৃথিবীর নানা ভাষায় অনূদিত হয়েছে, বেশ কিছু গ্রন্থ স্কুল-কলেজ বিশ্ববিদ্যালয়ের পাঠ্যসূচীর অন্তর্ভুক্ত।[1]",জনপ্রিয় কথাশিল্পী হুমায়ূন আহমেদ কবে জন্মগ্রহণ করেন ?,"১৩ নভেম্বর, ১৯৪৮","হুমায়ূন আহমেদ ১৯ জুলাই, ২০১২ সালে জন্মগ্রহণ করেন।",yes,yes
bengali--568579312170743583-11::factualness,bengali--568579312170743583-11,factualness,"বাংলা একাডেমী পুরস্কার (১৯৬৮), দাউদ পুরস্কার (১৯৬৯ স্বাধীনতা আন্দোলনের প্রাক্কালে প্রত্যাখ্যান), শেরে বাংলা পুরস্কার [6] সুফি মোতাহার হোসেন স্বর্ণপদক (১৯৭৬), বাংলাদেশ সরকার কর্তৃক প্রদত্ব একুশে পদক (১৯৮২), নাসির উদ্দীন স্বর্ণপদক (১৯৮৫), মধুসূদন পুরস্কার (১৯৮৫), স্বাধীনতা পুরস্কার (১৯৮৭) [6][7] জাতীয় অধ্যাপকরূপে নিযুক্তি (১৯৮৯)। কিশোরকণ্ঠ সাহিত্য পুরস্কার (মরণোত্তর)-২০০৩",সৈয়দ আলী আহসান কত সালে বাংলা একাডেমি পুরস্কার পান ?,১৯৬৮,১৯৬৯ সালে বাংলা একাডেমি পুরস্কার পান।,yes,yes
bengali-2238431535879436047-0::factualness,bengali-2238431535879436047-0,factualness,"গ্রীক অন্ধকার যুগ, হোমেরিক যুগ (মহাকবি হোমারের নামে নামকরণ করা হয়েছে) বা জ্যামিতিক যুগ (এসময়ের জ্যামিতিক শিল্পকলার বৈশিষ্ট অনুযায়ী নামকরণ করা হয়েছে)[1] নামেও পরিচিত, গ্রীসের ইতিহাসের একটি যুগ, যা মিসিনিয়ান সভ্যতার শেষ দিকে খ্রিস্টপূর্ব ১১০০ অব্দ থেকে শুরু করে খ্রিস্টপূর্ব ৯ম শতাব্দীতে প্রাচীন গ্রীসের প্রথম নিদর্শন পর্যন্ত স্থায়ী ছিল।",গ্রিসের মিসিনিয়ান সভ্যতার ঠিক পরের সভ্যতার নাম কী ?,গ্রীক অন্ধকার যুগ,মিসিনিয়ান সভ্যতার ঠিক পরের সভ্যতা ছিল আর্কাইক যুগ।,yes,yes
bengali-3035778443777321171-2::specificity,bengali-3035778443777321171-2,specificity,"আল মনসুর ৯৫ হিজরী সনে (৭১৪ খ্রীষ্টাব্দ) আব্বাসীয় পরিবারে জন্মগ্রহণ করেন। তার পিতা মুহাম্মদ ছিলেন নবী মুহাম্মদ (সাঃ) এর চাচা আব্বাস ইবনে আবদুল মুত্তালিবের প্র-পৌত্র; ১৪শ শতাব্দীতে মুরিশ ইতিহাসবিদ আলী ইবন আবদুল্লাহ রচিত রাউদ আল কিরতাস গ্রন্থ অণুযায়ী তার মা একজন  বার্বা‌র বংশীয় নারী ছিলেন।[4] তিনি ১৩৬ হিজরীর যিলহজ্জ থেকে ১৫৮ হিজরীর যিলহজ্জ (৭৫৪ খ্রীষ্টাব্দ – ৭৭৫ খ্রীষ্টাব্দ) পর্যন্ত শাসন করেন। ৭৬২ খ্রীষ্টাব্দে তিনি তার নতুন রাজকীয় আবাসস্থল ও প্রাসাদ হিসেবে মদীনাতুস সালাম (শান্তির শহর) প্রতিষ্ঠা করেন, যা পরবর্তীতে রাজকীয় রাজধানী বাগদাদের মূলকেন্দ্রে পরিণত হয়।",দ্বিতীয় আব্বাসীয় খলিফা আবু জাফর আবদাল্লাহ ইবনে মুহাম্মদ আল মনসুরের জন্ম কবে হয় ?,९५ हिजरी सने,"প্রায় অষ্টম শতাব্দীর শুরুতে, ৭২০ খ্রিষ্টাব্দের দিকে।",yes,yes
bengali-8928116523894333105-0::comprehension,bengali-8928116523894333105-0,comprehension,গীতাঞ্জলি হল রবীন্দ্রনাথ ঠাকুরের লেখা একটি কাব্যগ্রন্থ। এই বইয়ে মোট ১৫৭টি গীতিকবিতা সংকলিত হয়েছে। কবিতাগুলি ব্রাহ্ম-ভাবাপন্ন ভক্তিমূলক রচনা। এর বেশিরভাগ কবিতাতেই রবীন্দ্রনাথ নিজে সুরারোপ করেছিলেন। ১৯০৮-০৯ সালে বিভিন্ন পত্রপত্রিকায় এই কবিতাগুলি প্রকাশিত হয়। এরপর ১৯১০ সালে গীতাঞ্জলি কাব্যগ্রন্থটি প্রকাশিত হয়।,'গীতাঞ্জলি' কাব্যগ্রন্থটিতে মোট কতগুলি কবিতা আছে ?,১৫৭টি,১৪৭টি,no,no
bengali-8786104743319273548-10::factualness,bengali-8786104743319273548-10,factualness,"আধুনিক পাশ্চাত্য নারীবাদী আন্দোলনের ইতিহাস তিনটি ""তরঙ্গ""-এ বিভক্ত।[23][24] নির্দিষ্ট কিছু নারীবাদী লক্ষ্যের এক একটি আঙ্গিক নিয়ে এক একটি ঢেউ কাজ করেছে। প্রথম ঢেউ-এর সময়ে, অর্থাৎ ঊনবিংশ শতক ও বিংশ শতকের প্রথম ভাগে নারীর ভোটাধিকার অর্জনের উপর জোর দেওয়া হয়। দ্বিতীয় ঢেউ বলতে ১৯৬০ এর দশকে নারীমুক্তি আন্দোলনের মাধ্যমে শুরু হওয়া মতাদর্শ ও কর্মসূচীসমূহকে বোঝায়। এই সময়ে নারীর সামাজিক ও আইনগত সাম্য প্রতিষ্ঠার ক্ষেত্রে জোর দেওয়া হয়। তৃতীয় তরঙ্গ হল দ্বিতীয় তরঙ্গের প্রতিক্রিয়াস্বরূপ ১৯৯০ এর দশক থেকে শুরু হওয়া একটি ভিন্ন অভিমুখী ধারাবাহিকতা।[25] এই পর্যায়ে লিঙ্গনির্ভর প্রথাগত সামাজিক মূল্যবোধের একাধিক আমূল পরিবর্তনের পক্ষে সওয়াল করা হয়েছে ও হচ্ছে।",নারীবাদী আন্দোলন সর্বপ্রথম কোথায় শুরু হয় ?,১৯৬০ এর দশকে,নারীবাদী আন্দোলন সর্বপ্রথম ১৯৫০-এর দশকে শুরু হয়।,yes,yes
bengali-2573614511216597131-1::factualness,bengali-2573614511216597131-1,factualness,পীর গোরাচাঁদের আসল নাম হল পীর হজরত শাহ সৈয়দ আব্বাস আলী রাজী। তাঁর পিতার নাম হজরত করিম উল্লাহ এবং মাতার নাম মায়মুনা সিদ্দিকা। আনুমানিক ১২৬৫ খ্রিস্টাব্দে আরবের মক্কা নগরে জমজম মহল্লায় বিখ্যাত কোরায়েশ বংশে তিনি জন্মগ্রহণ করেন। পীর হজরত শাহজালাল এঅমনির কাছে তরীকা সুফীমতে দীক্ষাগ্রহণের পর গুরুর নির্দেশে ভারতবর্ষে ধর্মপ্রচারে আসেন। [1][2][4],পীর গোরাচাঁদের বাবার নাম কি ছিল ?,হজরত করিম উল্লাহ,পীর গোরাচাঁদের বাবার নাম ছিল সৈয়দ করিম শাহ উল্লাহ।,yes,yes
bengali-8822896384804365229-0::inference,bengali-8822896384804365229-0,inference,"মাইলি রে সাইরাস (জন্ম ডেসটিনি হোপ সাইরাস, নভেম্বর ২৩, ১৯৯২) একজন মার্কিন কণ্ঠশিল্পী, গীতিকার এবং অভিনেত্রী। কান্ট্রি গায়ক বিলি রে সাইরাস তার বাবা। তিনি শৈশবেে টেলিভিশন ধারাবাহিক ডক এবং বিগ ফিশ চলচ্চিত্রে গৌণ ভূমিকায় অভিনয় করেছেন। ২০০৬ সালে, সাইরাস ডিজনি চ্যানেল টেলিভিশন ধারাবাহিক হানা মন্টানায় অভিনয় শুরু করার পর তারুণ্যের প্রতিমা হিসেবে বেশ প্রভাবশালী হয়ে ওঠেন, যেখানে তিনি প্রধান চরিত্র মাইলি স্টুয়ার্ট হিসেবে উপস্থিত হন। ২০০৭ সালে হলিউড রেকর্ডসের সাথে রেকর্ডিং চুক্তি স্বাক্ষরের পর, সাইরাস তার আত্মপ্রকাশ স্টুডিও অ্যালবাম মিট মাইলি সাইরাস মুক্তি দেন। চার মিলিয়নের অধিক চালানের এবং হিট একক ""সি ইউ এগেইন"" উৎপাদনের জন্য, এটি রেকর্ডিং ইন্ডাস্ট্রি অ্যাসোসিয়েশন অব আমেরিকা (আরআইএএ) কর্তৃক চতুর্গুণ-প্ল্যাটিনাম প্রত্যয়িত হয়।",মাইলি রে সাইরাসের প্রথম গানের অ্যালবামের নাম কী ?,মিট মাইলি সাইরাস,তার প্রথম গানের অ্যালবামের নাম ছিল **হানা মন্টানা**।,yes,yes
bengali-1239158793173466909-0::comprehension,bengali-1239158793173466909-0,comprehension,"উমাইয়া খিলাফত (Arabic: الخلافة الأموية‎, trans. Al-Ḫilāfa al-ʾumawiyya) ইসলামের প্রধান চারটি খিলাফতের মধ্যে দ্বিতীয় খিলাফত। এটি উমাইয়া রাজবংশকে কেন্দ্র করে গড়ে উঠে। ইসলামের তৃতীয় খলিফা উসমান ইবন আফ্‌ফানের খিলাফত লাভের মাধ্যমে উমাইয়া পরিবার প্রথম ক্ষমতায় আসে। তবে উমাইয়া বংশের শাসন মুয়াবিয়া ইবনে আবু সুফিয়ান কর্তৃক সূচিত হয়। তিনি দীর্ঘদিন সিরিয়ার গভর্নর ছিলেন। ফলে সিরিয়া উমাইয়াদের ক্ষমতার ভিত্তি হয়ে উঠে এবং দামেস্ক তাদের রাজধানী হয়। উমাইয়ারা মুসলিমদের বিজয় অভিযান অব্যাহত রাখে। ককেসাস, ট্রান্সঅক্সানিয়া, সিন্ধু, মাগরেব ও ইবেরিয়ান উপদ্বীপ (আন্দালুস) জয় করে মুসলিম বিশ্বের আওতাধীন করা হয়। সীমার সর্বোচ্চে পৌছালে উমাইয়া খিলাফত মোট ৫.৭৯ মিলিয়ন বর্গ মাইল (১,৫০,০০,০০০ বর্গ কিমি.) অঞ্চল অধিকার করে রাখে। তখন পর্যন্ত বিশ্বের দেখা সাম্রাজ্যগুলোর মধ্যে এটি সর্ববৃহৎ ছিল। অস্তিত্বের সময়কালের দিক থেকে এটি ছিল পঞ্চম।[5]",দামেস্কের মোট আয়তন কত ছিল ?,৫.৭৯ মিলিয়ন বর্গ মাইল,"দামেস্কের মোট আয়তন ছিল প্রায় ১,৫০,০০,০০০ বর্গ কিলোমিটার।",yes,yes
bengali--8086647507406881166-0::comprehension,bengali--8086647507406881166-0,comprehension,"মৌমাছি বা মধুমক্ষিকা বা মধুকর (English: Bee) বোলতা এবং পিঁপড়ার সাথে ঘনিষ্ঠ সম্পর্কযুক্ত মধু সংগ্রহকারী পতঙ্গবিশেষ। মধু ও মোম উৎপাদন এবং ফুলের পরাগায়ণের জন্য প্রসিদ্ধ।[1] পৃথিবীতে ৯টি স্বীকৃত গোত্রের অধীনে প্রায় বিশ হাজার মৌমাছি প্রজাতি আছে,[2] যদিও এর বেশিরভাগেরই কোন বর্ণনা নেই এবং এর প্রকৃত সংখ্যা আরো বেশী হতে পারে। এন্টার্কটিকা ব্যতীত পৃথিবীর সকল মহাদেশে যেখানেই পতঙ্গ-পরাগায়িত সপুষ্পক উদ্ভিদ আছে, সেখানেই মৌমাছি আছে। বাংলাদেশে সচরাচর যে মৌমাছি দেখা যায় তার  বৈজ্ঞানিক নাম Apis cerana (এপিস সেরানা) এই অঞ্চলে আরো তিন প্রজাতির মৌমাছি দেখা যায় যথা  এপিস মেলিফেরা, এপিস ডরসাটা ও এপিস ফ্লোরিয়া। [3]",মৌমাছির বৈজ্ঞানিক নাম কী ?,Apis cerana,এপিস মেলিফেরা,yes,yes
bengali--3907492526608506419-2::specificity,bengali--3907492526608506419-2,specificity,"২০১৮ সালে রিয়াল মাদ্রিদ ফোর্বস দ্বারা প্রকাশিত ফোর্বস সবচেয়ে মূল্যবান ফুটবল ক্লাবের তালিকায় স্থান পায়, যেখানে প্রকাশ করা হয় যে এই ক্লাবটির মোট মূল্য আনুমানিক €৩.৪৭ বিলিয়ন ($৪.১ বিলিয়ন)। ২০১৬–১৭ মৌসুমে ক্লাবটি দালোয়েত দ্বারা প্রকাশিত সবচেয়ে মূল্যবান ফুটবল ক্লাবের তালিকায় ২য় স্থান অধিকার করে, যেখানে ক্লাবটির বার্ষিক আয় ছিল আনুমানিক €৬৭৪.৬ মিলিয়ন।[11][12][13] ক্লাবটি বিশ্বের সবচেয়ে বেশি সমর্থিত দলগুলোর মধ্যে একটি।[14] রিয়াল মাদ্রিদ লা লিগার ৩ প্রতিষ্ঠাতা সদস্যের মধ্যে একটি যারা ১৯২৯ সাল হতে শুরু হওয়া লা লিগার ইতিহাসে কখনোই শীর্ষ বিভাগ হতে অবনমিত হয়নি (বাকি দুই সদস্য হলো অ্যাথলেতিক বিলবাও ও বার্সেলোনা)। এই ক্লাবটি ফুটবলে চলমান সবচেয়ে দীর্ঘ দ্বন্দ্ব ধারণকারী ক্লাব, বিশেষ করে বার্সেলোনার সাথে এল ক্লাসিকো এবং আতলেতিকো মাদ্রিদের সাথে মাদ্রিদ ডার্বি।",২০১৮ সালে রিয়াল মাদ্রিদ ফুটবল ক্লাবের বার্ষিক আয় কত ছিল ?,আনুমানিক €৬৭৪.৬ মিলিয়ন,আনুমানিক €৪.১ বিলিয়ন প্রতি বছর,yes,yes
bengali--2828441118948687849-0::factualness,bengali--2828441118948687849-0,factualness,"আবদুল আজিজ ইবনে আবদুর রহমান ইবনে ফয়সাল ইবনে তুর্কি ইবনে আবদুল্লাহ ইবনে মুহাম্মদ আল সৌদ (Arabic: عبد العزيز بن عبد الرحمن آل سعود‎, ‘Abd al-‘Azīz ibn ‘Abd ar-Raḥman Āl Sa‘ūd; ১৫ জানুয়ারি ১৮৭৬[1] – ৯ নভেম্বর ১৯৫৩) আরব বিশ্বে সাধারণভাবে আবদুল আজিজ[2] বা ইবনে সৌদ[3] বলে পরিচিত। তিনি আধুনিক সৌদি আরবের প্রতিষ্ঠাতা ও সৌদি আরবের প্রথম বাদশাহ।[4]",আবদুল্লাহ বিন আল-হুসাইন কত সালে জন্মগ্রহণ করেছিলেন ?,১৫ জানুয়ারি ১৮৭৬,১৪ জানুয়ারি ১৮৭৫,yes,yes
bengali-3835181479414901802-18::inference,bengali-3835181479414901802-18,inference,"রবীন্দ্রনাথ ঠাকুর সুভাষচন্দ্রকে 'দেশনায়ক'[7] আখ্যা দিয়ে তাসের দেশ নৃত্যনাট্যটি তাঁকে উৎসর্গ করেন। উৎসর্গপত্রে লেখেন: ""স্বদেশের চিত্তে নূতন প্রাণ সঞ্চার করবার পূণ্যব্রত তুমি গ্রহণ করেছ, সেই কথা স্মরণ ক’রে তোমার নামে ‘তাসের দেশ’ নাটিকা উৎসর্গ করলুম।""[8] আজাদ হিন্দ ফৌজের অভিযান ব্যর্থতায় পর্যবসিত হলেও, সুভাষচন্দ্রের শৌর্য ও আপোষহীন রণনীতি তাঁকে ভারতব্যাপী জনপ্রিয়তা দান করে। নেতাজির জন্মদিন বর্তমানে পশ্চিমবঙ্গে , ত্রিপুরায় , অসমে ও ওডিশায় রাষ্ট্রীয় ছুটির দিন হিসেবে পালিত হয়। স্বাধীনতার পর কলকাতার একাধিক রাস্তা তাঁর নামে নামাঙ্কিত করা হয়। বর্তমানে কলকাতার একমাত্র ইন্ডোর স্টেডিয়াম নেতাজি ইন্ডোর স্টেডিয়াম তাঁর নামে নামাঙ্কিত। নেতাজির জন্মশতবর্ষ উপলক্ষে দমদম বিমানবন্দরের নাম পরিবর্তিত করে নেতাজি সুভাষচন্দ্র বসু আন্তর্জাতিক বিমানবন্দর রাখা হয়। তাঁর নামে কলকাতায় স্থাপিত হয় নেতাজি সুভাষ মুক্ত বিশ্ববিদ্যালয় ও নেতাজি সুভাষ ইঞ্জিনিয়ারিং কলেজ এবং দিল্লিতে স্থাপিত হয় নেতাজি সুভাষ ইনস্টিটিউট অফ টেকনোলজি। কলকাতা মেট্রোর দুটি স্টেশন বর্তমানে নেতাজির নামাঙ্কিত: 'নেতাজি ভবন' (পূর্বনাম ভবানীপুর) ও 'নেতাজি' (পূর্বনাম কুঁদঘাট)।",সুভাষচন্দ্র বসুকে কে দেশনায়ক আখ্যা দিয়েছিলেন ?,রবীন্দ্রনাথ ঠাকুর,মহাত্মা গান্ধী তাঁকে ‘দেশনায়ক’ আখ্যা দিয়েছিলেন।,yes,yes
bengali-4642028559631724689-1::factualness,bengali-4642028559631724689-1,factualness,হাছন রাজার জন্ম ১৮৫৪ সালের ২১ ডিসেম্বর (৭ পৌষ ১২৬১) সেকালের সিলেট জেলার সুনামগঞ্জ শহরের নিকটবর্তী সুরমা নদীর তীরে লক্ষণছিরি (লক্ষণশ্রী) পরগণার তেঘরিয়া গ্রামে। হাছন রাজা জমিদার পরিবারের সন্তান। তাঁর পিতা দেওয়ান আলী রাজা চৌধুরী ছিলেন প্রতাপশালী জমিদার। হাসন রাজা তাঁর তৃতীয় পুত্র। আলী রাজা তার খালাতো ভাই আমির বখ্‌শ চৌধুরীর নিঃসন্তান বিধবা হুরমত জাহান বিবিকে পরিণত বয়সে বিয়ে করেন। হুরমত বিবির গর্ভেই হাছন রাজার জন্ম।[4] হাছনের পিতা দেওয়ান আলী রাজা তাঁর অপূর্ব সুন্দর বৈমাত্রেয় ভাই দেওয়ান ওবেদুর রাজার পরামর্শ মত তাঁরই নামের আকারে তাঁর নামকরণ করেন অহিদুর রাজা।,দেওয়ান হাসন রাজা চৌধুরী কবে জন্মগ্রহণ করেন ?,১৮৫৪ সালের ২১ ডিসেম্বর,১৮৫৫ সালের ২২ ডিসেম্বর,yes,yes
bengali--1850954320629290188-3::specificity,bengali--1850954320629290188-3,specificity,১৮৯০-এর দশকে ওয়েস্ট ইন্ডিজ ক্রিকেট দলের প্রতিষ্ঠা হয়েছিল বলে ধারণা করা হয়। তখন তারা সফরকারী ইংল্যান্ড ক্রিকেট দলের বিপক্ষে প্রথম মাঠে খেলতে নামে। ১৯২৬ সালে ক্রিকেটের আন্তর্জাতিক নিয়ন্ত্রক সংস্থা ইম্পেরিয়াল ক্রিকেট কনফারেন্সে ওয়েস্ট ইন্ডিজ ক্রিকেট বোর্ড বা ডব্লিউআইসিবি যোগদান করে।[4] এরপরই তারা আনুষ্ঠানিকভাবে প্রথম আন্তর্জাতিক খেলায় অংশগ্রহণ করে। ১৯২৮ সালে ওয়েস্ট ইন্ডিজ ক্রিকেট দল ৪র্থ টেস্টখেলুড়ে দলের মর্যাদা লাভ করে।[5],ওয়েস্ট ইন্ডিজের জাতীয় ক্রিকেট দল কবে প্রতিষ্ঠিত হয় ?,১৮৯০-এর দশকে,ওয়েস্ট ইন্ডিজের জাতীয় ক্রিকেট দল আনুষ্ঠানিকভাবে ১৯২৮ সালে প্রতিষ্ঠিত হয়।,yes,yes
bengali--4899381839662825690-20::inference,bengali--4899381839662825690-20,inference,"১৯১৭ সালে ভারতের জাতীয় কংগ্রেস সমর্থিত প্রথম নারী প্রতিনিধিদল নারীর রাজনৈতিক অধিকার নিষ্চিত্ করার দাবি নিয়ে রাষ্ট্রসচিবের সঙ্গে সাক্ষাত করেন।  ১৯২৭ সালে পুণেতে নিখিল ভারত নারীশিক্ষা বিষয়ক আলোচনাচক্র(অল ইন্ডিয়া উইমেনস এডুকেশন কনফারেন্স) অনুষ্ঠিত হয়, এবং এটি সামাজিক উন্নয়ণমূলক আন্দোলনের একটি প্রধান সংগঠন হয়ে ওঠে। ১৯২৯ সালে বাল্যবিবাহ নিবর্তন আইন পাস হয়, যেখালে একটি মেয়ের বিয়ে করার ন্যূনতম বয়স ১৪ বছর বলে স্থির করা হয়। যদিও মহাত্মা গান্ধী নিজে তেরো বছর বয়সে বিবাহ করেন, পরে তিনি বাল্যবিবাহ বর্জন করার জন্য এবং বাল-বিধবাদের বিয়ে করার জন্য দেশের যুবকদের আহ্বান জানান।",ভারতীয় আইন অনুসারে কত বছর বয়সে একজন মেয়ে বিবাহ করার যোগ্যতা অর্জন করে ?,১৪,১৫ বছর বয়সে একজন মেয়ে বিবাহ করার যোগ্যতা অর্জন করে।,yes,yes
bengali-3112822108051662072-7::factualness,bengali-3112822108051662072-7,factualness,বাবার পরিচালিত ছবিতে অভিনয়ের মাধ্যমেই চলচ্চিত্রের জগতে অভিষেক হয় ডাউনি জুনিয়রের। মাত্র পাঁচ বছরের ছোট্ট ডাউনিকে প্রথম বড় পর্দায় দেখা যায় বাবা রবার্ট ডাউনি সিনিয়রের পাউন্ড চলচ্চিত্রে।[37][38] এ চলচ্চিত্রে তাকে একটি অসুস্থ কুকুরছানার ভূমিকায় অভিনয় করতে দেখা যায়।[39][40][41] সাত বছর বয়সে ডাউনি গ্রেজার্স প্যালেস (১৯৭২) চলচ্চিত্রে অভিনয় করেন।[29] পরবর্তীতে বাবার পরিচালিত চলচ্চিত্রগুলোতে ছোটখাটো ভূমিকায় অভিনয় করেছেন তিনি।[42] দশ বছর বয়সে তিনি লন্ডনের চেলসি এলাকায় বসবাস করতেন।[43] সেখানে তিনি পেরি হাউজ স্কুলে পড়াশোনা করেন এবং এটিই সেই পেরি হাউজ স্কুল যেখানে ডাউনি পাঠ্যক্রমের অংশ হিসেবে শাস্ত্রীয় ব্যালে নাচ শেখেন।[44],রবার্ট জন ডাউনি জুনিয়রের অভিনীত প্রথম চলচ্চিত্রের নির্মাতা কে ছিলেন ?,রবার্ট ডাউনি সিনিয়রে,রবার্ট ডাউনি জুনিয়রের অভিনীত প্রথম চলচ্চিত্রটির নির্মাতা ছিলেন **রিচার্ড ডাউনি সিনিয়র**।,yes,yes
bengali--8204875660906624650-32::factualness,bengali--8204875660906624650-32,factualness,"২৬ জুন ২০০৯ সালে রিয়াল মাদ্রিদ নিশ্চিত করে যে রোনালদো পহেলা জুলাই ২০০৯ সাল থেকে তাদের দলে যোগ দেবে। তার ট্রান্সফার ফি ছিল £৮০মিলিয়ন (€৯৪মিলিয়ন) যা তাঁকে বিশ্বের সবচেয়ে দামী খেলোয়াড় করে তোলে।[61] রিয়াল মাদ্রিদের সাথে তার চুক্তির মেয়াদ ছিল ৬ বছর।[62] চুক্তি অনুসারে তিনি প্রতি বছর €১১মিলিয়ন বেতন পেতেন।[63] তার বাইআউট ক্লসের মূল্য €১বিলিয়ন।[64] ৬ জুলাই রোনালদোকে রিয়াল মাদ্রিদের খেলোয়াড় হিসেবে বিশ্ব মিডিয়ার সামনে হাজির করা হয়,[65] যেখানে তাঁকে ৯ নং জার্সি দেয়া হয়।[66] তাঁকে রিয়াল মাদ্রিদের জার্সি প্রদান করেন আলফেদ্রো দি স্টেফানো।[67] রোনালদোকে রিয়াল মাদ্রিদে স্বাগত জানানোর জন্য ৮০,০০০ থেকে ৮৫,০০০ দর্শক স্যান্টিয়াগো বার্নাব্যুতে জড় হয়, যা দিয়াগো মারাদোনার ৭৫,০০০ দর্শকের রেকর্ড যা ১৯৮৪ সালে বার্সেলোনা থেকে নাপোলিতে আসার পর হয়েছিল তা ভঙ্গ হয়।[68][69] এই অনুষ্ঠানটি বিভিন্ন স্পেনীয় ও পর্তুগিজ টেলিভিশন চ্যানেলে সরাসরি সম্প্রচার করা হয়।[70][71]",ক্রিস্তিয়ানো রোনালদো মোট কত বছর রিয়াল মাদ্রিদ ক্লাবের হয়ে খেলেছেন ?,৬,৭ বছর,yes,yes
bengali-439518577347767979-1::factualness,bengali-439518577347767979-1,factualness,তৎকালীন সোভিয়েত ইউনিয়নের লেনিনগ্রাদে আনাতোলি আফানাসিয়েভিচ মেদভেদেভ ও জুলিয়া ভেনিয়ামিনোভনা মেদভেদেভা দম্পতির সন্তানরূপে জন্মগ্রহণ করেন। বাবা আফানাসিয়েভিচ লেনিনগ্রাদ স্টেট ইনস্টিটিউট অব টেকনোলজীতে রসায়ন প্রকৌশল বিষয়ে অধ্যাপনা করতেন।[3][4] মা জুলিয়া ভরোনেজ বিশ্ববিদ্যালয়ে পড়াশোনা শেষে হারজেন স্টেট পেডাগোজিক্যাল ইউনিভার্সিটিতে রুশ ভাষা শিক্ষা দেন।[5] লেনিনগ্রাদের কুপচিনো জেলার ৬ বেলা কুন স্ট্রীটের ৪০ বর্গমিটারের অ্যাপার্টমেন্টে মেদভেদেভের পরিবার বসবাস করতেন।[6][7] পরিবারের একমাত্র সন্তান ছিলেন তিনি। একসময় এ পরিবারকে অন্যতম বুদ্ধজীবী পরিবাররূপে গণনা করা হতো।[7],দিমিত্রি আনাতোলিয়েভিচ মেদভেদেভের বাবার নাম কী ?,আফানাসিয়েভিচ লেনিনগ্রাদ,আনাতোলি আফানাসিয়েভিচ মেদভেদেভ।,yes,yes
bengali-1028909508937040669-0::inference,bengali-1028909508937040669-0,inference,"ইমাম বুখারী (জন্মঃ ১৯৪ হিঃ-মৃত্যুঃ ২৫৬ হিঃ ), আরব রীতি অনুযায়ী বংশধারাসহ পুরো নাম হলো মুহাম্মদ বিন ইসমাইল বিন ইবরাহীম বিন মুগীরাহ বিন বারদিযবাহ (আরবি/ফার্সি ভাষায়: محمد بن اسماعيل بن ابراهيم بن مغيره بن بردزبه بخاری), একজন বিখ্যাত হাদীসবেত্তা ছিলেন। তিনি ""বুখারী শরীফ"" নামে একটি হাদীসের সংকলন রচনা করেন, যা মুসলমানদের নিকট হাদীসের সবোর্ত্তম গ্রন্থ বিবেচিত হয়। [5] তার নাম মুহাম্মদ। উপনাম হলো আবু আবদুল্লাহ। আমিরুল মুমিনীন ফিল হাদীস তাঁর উপাধি। বুখারা তাঁর জন্মস্থান বলে তাকে বুখারী বলা হয়।[6]",মুহাম্মদ বিন ইসমাইল বিন ইবরাহীম বিন মুগীরাহ বিন বারদিযবাহ কবে জন্মগ্রহণ করেন ?,১৯৪ হিঃ,১৯৫ হিঃ,yes,yes
bengali-4876582901305573055-1::specificity,bengali-4876582901305573055-1,specificity,"রাধাগোবিন্দ ১৮৭৮ সালের জুলাই ১৬ তারিখে বর্তমান বাংলাদেশের যশোর সদর উপজেলার বকচর (বাগচর নামেও পরিচিত) গ্রামে জন্মগ্রহণ করেন। তার বাবা গোরাচাঁদ স্থানীয় একজন ডাক্তারের সহকারী ছিলেন, আর মা পদ্মামুখ ছিলেন একজন গৃহিণী। বকচর পাঠশালায় অধ্যয়ন শেষে রাধাগোবিন্দ যশোর জিলা স্কুলে পড়াশোনা করেন। কিন্তু লেখাপড়ার প্রতি তার তেমন আগ্রহ ছিলনা। বরং রাতের আকাশের প্রতি আকর্ষন ছিল বেশি। পড়াশোনায় অমনোযোগের কারণে তিন তিন বার প্রবেশিকা পরীক্ষায় অংশগ্রহণ করেও উত্তীর্ণ হতে পারেননি। ১৮৯৯ সালে তার বয়স যখন মাত্র ২১ বছর তখন তার সাথে মুর্শিদাবাদের গোবিন্দ মোহিনীর বিয়ে হয়। তখন মোহিনীর বয়স ছিল মাত্র ৯ বছর। বিয়ের পর রাধাগোবিন্দ শেষবারের মত প্রবেশিকা পরীক্ষায় অংশ নেন এবং এবারও অকৃতকার্য হন। বারবার অকৃতকার্য হয়ে তিনি পড়াশোনার পাট চুকিয়ে কর্মজীবনে প্রবেশ করেন। তার এক ছেলের নাম কাল ও মেয়ের নাম বর্ষা।",জ্যোতির্বিজ্ঞানী রাধাগোবিন্দ চন্দ্রের বাবার নাম কী ?,গোরাচাঁদ,গোবিন্দচাঁদ স্থানীয় একজন চিকিৎসক ছিলেন।,yes,yes
bengali--4406976333727853714-0::comprehension,bengali--4406976333727853714-0,comprehension,"কুমিল্লা মডার্ণ হাই স্কুল বাংলাদেশের কুমিল্লা জেলায় অবস্থিত একটি মাধ্যমিক বিদ্যালয়। এটি কুমিল্লা জেলার প্রাণকেন্দ্র কান্দিরপাড়ের সন্নিকটে অবস্থিত। এটি ১৯৯৩ সালে প্রতিষ্ঠিত। স্কুলটিতে ৬ষ্ঠ থেকে ১০ম শ্রেণী পর্যন্ত শিক্ষা দেয়া হয় যেখানে মেয়েরা প্রভাতি ও ছেলেরা দিবা শাখায় অধ্যায়ন করে। এস এস সি পরীক্ষার ফলাফলের দিক দিয়ে, এই স্কুলটি বেশ কয়েক বছর ধরে কুমিল্লা শিক্ষা বোর্ডে সেরা দশের মধ্যে অবস্থান করছে। স্কুলটিতে প্রায় ৫০০০ শিক্ষার্থী অধ্যয়ন করে।",কুমিল্লা মডার্ণ হাই স্কুলের বর্তমান শিক্ষার্থীর সংখ্যা কত ?,প্রায় ৫০০০,বর্তমানে কুমিল্লা মডার্ণ হাই স্কুলে প্রায় ৩০০০ শিক্ষার্থী অধ্যয়ন করে।,yes,yes
bengali--6803973287842827645-45::factualness,bengali--6803973287842827645-45,factualness,"কিং রাজদরবারের দূর্বলতার কারণে তরুন রাজকীয় সামরিক ও বেসামরিক কর্মকর্তারা এবং ছাত্রসমাজ সম্রাটকে উৎখাত করে একটি প্রজাতন্ত্র গঠন করতে প্রয়াসী হন। ১২ই মার্চ ১৯১২ সালে নানজিংএ একটি অন্তর্বর্তী কালিন সরকার গঠিত হয়। সমাপ্ত হয় চীনের ২০০০ বছরের রাজকীয় শাসনের। কিন্তু সান শীঘ্রই সম্রাটকে ক্ষমতাচ্যুত করায় সাহয্য করার বিনিময়ে (যে সিদ্ধান্তের জন্য পরবর্তীকালে তিনি অনুশোচনা করেন) চুক্তি অনুসারে, ইউয়ান সিকাই এর হাতে ক্ষমতা হস্তান্তর করতে বাধ্য হন। ইউয়ান সিকাই ছিলেন নব গঠিত সেনাবাহিনী প্রধান এবং ভূতপূর্ব সম্রাটের প্রধানমন্ত্রী। পরবর্তী পাঁচ বছরে, ইউয়ান জাতীয় ও প্রাদেশিক আইনসভা ভেঙে দেন এবং ১৯১৫ সালে নিজেকে সম্রাট হিসাবে ঘোষনা ক‌রেন। সম্রাট হবার উচ্চাভিলাস তার অধিনস্ত কর্মচারীরা মেনে নেননি। ১৯১৬ সালের মার্চ মা‌সে তাকে উৎখাত করা হয় এবং একই বছর জুন মাসে তিনি মারা যান। ইউয়ানের অপসারন ও মৃত্যু চীনের রাষ্ট্র ক্ষমতায় শূন্যতার সৃষ্টি হয়। প্রজাতান্ত্রিক সরকার ছিন্ন বিচ্ছন্ন হয়ে পরে। এ পরিস্থিতিতে কিছু যুদ্ধবাজ নেতার উত্থান হয়। তারা চীনের অনেক অঞ্চল এসকল নেতারা শাসন করতেন।",চীনা সাম্রাজ্যের সর্বশেষ সম্রাট কে ?,ইউয়ান সিকাই,চীনা সাম্রাজ্যের সর্বশেষ সম্রাট ছিলেন **পুয়ি সম্রাট**।,yes,yes
bengali--8707413810832587133-1::specificity,bengali--8707413810832587133-1,specificity,"ঢাকা বিশ্ববিদ্যালয়ের শিক্ষকবৃন্দ সবচেয়ে বেশিসংখ্যক বাংলাদেশ বিজ্ঞান একাডেমি পদক লাভ করেছেন।[5][6] এছাড়াও, এটি বাংলাদেশের একমাত্র বিশ্ববিদ্যালয় হিসেবে এশিয়াউইকের পক্ষ থেকে শীর্ষ ১০০ বিশ্ববিদ্যালয়ে জায়গা করে নেয়।[7] এটি এশিয়ার সেরা ১০০টি বিশ্ববিদ্যালয়ের মধ্যে ৬৪তম।[8] এখানে প্রায় ৩৮,০০০ ছাত্র-ছাত্রী এবং ১,৮০৫ জন শিক্ষক রয়েছে৷[1][2]",বর্তমানে ঢাকা বিশ্ববিদ্যালয়ের মোট ছাত্রছাত্রীর সংখ্যা কত ?,"৩৮,০০০","বর্তমানে ঢাকা বিশ্ববিদ্যালয়ে প্রায় ৪০,০০০-এর বেশি ছাত্রছাত্রী রয়েছে।",yes,yes
bengali-7755099264590331306-3::specificity,bengali-7755099264590331306-3,specificity,"১৮২৪ সালের ২৫ জানুয়ারি বাংলা প্রেসিডেন্সির যশোর জেলার (অধুনা বাংলাদেশ রাষ্ট্রের যশোর জেলার কেশবপুর উপজেলার) সাগরদাঁড়ি গ্রামের এক সম্ভ্রান্ত হিন্দু কায়স্থ পরিবারে মধুসূদন দত্তের জন্ম হয়। তিনি ছিলেন রাজনারায়ণ দত্ত ও তাঁর প্রথমা পত্নী জাহ্নবী দেবীর একমাত্র সন্তান। রাজনারায়ণ দত্ত ছিলেন কলকাতার সদর দেওয়ানি আদালতের এক খ্যাতনামা উকিল। মধুসূদনের যখন তেরো বছর বয়স, সেই সময় থেকেই তাঁকে কলকাতায় বসবাস করতে হত। খিদিরপুর সার্কুলার গার্ডেন রিচ রোডে (বর্তমানে কার্ল মার্কস সরণী) অঞ্চলে তিনি এক বিরাট অট্টালিকা নির্মাণ করেছিলেন।",মাইকেল মধুসূদন দত্ত কোথায় জন্মগ্রহণ করেন ?,বাংলা প্রেসিডেন্সির যশোর জেলার (অধুনা বাংলাদেশ রাষ্ট্রের যশোর জেলার কেশবপুর উপজেলার) সাগরদাঁড়ি গ্রামে,মাইকেল মধুসূদন দত্ত কলকাতার খিদিরপুরে জন্মগ্রহণ করেন।,yes,yes
bengali--9194362322516364694-14::factualness,bengali--9194362322516364694-14,factualness,"প্রচলিত বিশ্বাস অনুযায়ী, মহাভারত-এর রচয়িতা ব্যাসদেব। অনেক গবেষক এই মহাকাব্যের ঐতিহাসিক বিকাশ ও রচনাকালীন স্তরগুলি নিয়ে গবেষণা করেছেন। অধুনা প্রাপ্ত পাঠটির প্রাচীনতম অংশটি মোটামুটি ৪০০ খ্রিষ্টপূর্বাব্দ নাগাদ রচিত হয়।[27] মহাভারতের মূলপাঠটি তার বর্তমান রূপটি পরিগ্রহ করে গুপ্তযুগের প্রথমাংশে (খ্রিষ্টীয় চতুর্থ শতাব্দী)।[28] মহাভারত কথাটির অর্থ হল ভরত বংশের মহান উপাখ্যান। গ্রন্থেই উল্লিখিত হয়েছে যে ভারত নামে ২৪,০০০ শ্লোকবিশিষ্ট একটি ক্ষুদ্রতর আখ্যান থেকে মহাভারত মহাকাব্যের কাহিনিটি বিস্তার লাভ করে।[29]",মহাভারত কথাটির অর্থ কী ?,ভরত বংশের মহান উপাখ্যান,ভরত সাম্রাজ্যের মহিমান্বিত ইতিহাস,yes,yes
bengali--9157821848418727047-6::factualness,bengali--9157821848418727047-6,factualness,"যে লেখাগুলি সার্ত্রেকে বিশ্বজোড়া খ্যাতি এনে দেয় তার মধ্যে রয়েছে ১৯৩৮ সালে প্রকাশিত হওয়া সার্ত্রে’র প্রথম উপন্যাস ‘লা নাজি’, ‘দ্য মুর’, ‘ব্যারিওনা’ (প্রথম নাটক), ‘দ্য ফ্লাইজ’, ‘নো এক্সিট’, ‘দ্য এজ অব রিজন’, ‘দ্য রেসপেক্টফুল প্রস্টিটিউট’, ‘দ্য ভিক্টরস’, ‘দ্য চিপস্ আর ডাউন’, ‘ইন দ্য ম্যাস’, ‘ডার্টি হ্যান্ডস’, ‘ট্রাবলড পি’, ‘দ্য ডেভিল অ্যান্ড দ্য গুড লর্ড’, ‘কিন’, ‘দ্য কনডেমড অব আলটোনা’, দ্য ট্রোজান ওম্যান’, ‘দ্য ফ্রড সিনারিও’ প্রভৃতি। মূলত উল্লিখিত এ সবগুলোই ছিল সার্ত্রে’র লেখা উপন্যাস, নাটক ও ছোটগল্পের তালিকা। আর এসবের বাইরে দার্শনিক যেসব প্রবন্ধ ও সমালোচনা দিয়ে সার্ত্রে নজর কাড়েন তার মধ্যে রয়েছে ‘ইমেজিনেশন: এ সাইকোলজিক্যাল ক্রিটিক’, ‘দ্য ট্রানসেন্ডেন্স অব দ্য ইগো’, ‘স্কেচ ফর এ থিওরি অব দ্য ইমোশন্স’, ‘দ্য ইমেজিনারি’, ‘বিয়িং অ্যান্ড নাথিংনেস’, ‘এক্সিসটেনসিয়ালিজম ইজ এ হিউম্যানিজম’, ‘সার্চ ফর এ মেথড’, ‘ক্রিটিক অব ডায়ালেকটিক্যাল রিজন’, ‘এন্টি সেমাইট অ্যান্ড জিউ’, ‘বদলেয়ার’, সিচুয়েশন সিরিজ (ওয়ান টু টেন), ‘ব্ল্যাক অরফিউজ’, ‘দ্য হেনরি মার্টিন অ্যাফেয়ার’ প্রভৃতি। এছাড়া সার্ত্রে’র লেখা আত্মজীবনীমূলক গ্রন্থের মধ্যে রয়েছে ‘সার্ত্রে বাই হিমসেল্ফ’, ‘দ্য ওয়ার্ডস’, ‘উইটনেস টু মাই লাইফ কোয়াইট মোমেন্টস ইন এ ওয়ার’ এবং ‘ওয়ার ডায়েরি’স’। সার্ত্রে ও  বোভেয়া’র মিলে ‘লেস ভেজপস মোদারনেস’ নামক মাসিক পত্রিকা বের করতেন। এ পত্রিকাটি সে সময় দারুণ জনপ্রিয়তা লাভ করে।",ফরাসি অস্তিত্ববাদী দার্শনিক জঁ-পল সার্ত্র্ রচিত প্রথম নাটকের নাম কী ?,ব্যারিওনা,সার্ত্রের রচিত প্রথম নাটকের নাম **দ্য ফ্লাইজ**।,yes,yes
bengali-6884155287601185096-48::inference,bengali-6884155287601185096-48,inference,"প্রাচীন মিশরিয় ভাষা উত্তর অফ্রোএশিয়াটিক ভাষাপরিবারের অন্তর্ভুক্ত, বারবার এবং সেমিটিক ভাষাগুলির নিকট সম্পর্কিত। সুমেরিয় ভাষার পর এই ভাষার ইতিহাস সবচেয়ে দীর্ঘ; ৩২০০ খ্রীষ্টপূর্বাব্দ হতে মধ্যযুগ পর্যন্ত এ ভাষা লিখা হত, কথ্য হিসেবে তার চেয়ে দীর্ঘসময় এ ভাষা টিকে ছিল। প্রাচীন মিশরীয় ভাষাকে কয়েকটি পর্যায়কালে ভাগ করা যায়: প্রাচীন, মধ্য (ধ্রূপদী মিশরিয়), পরবর্তী, ডেমোটিক ও কপটিক। কপটিকের পূর্বে মিশরিয় লেখনে উপভাষাগত পার্থক্য দেখা যায় না, তবে ধারণা করা হয় প্রথমে মেমফিস ও পরে থেবেসের উপভাষাই মান ভাষা ছিল।",প্রাচীন মিশরের প্রধান ভাষা কী ছিল ?,প্রাচীন মিশরিয় ভাষা,প্রাচীন মিশরের প্রধান ভাষা ছিল কপটিক ভাষা।,yes,yes
bengali--1811290635124191661-1::factualness,bengali--1811290635124191661-1,factualness,"তার উচ্চতা ৫'৮"" । ২০০৯ মৌসুমের জুলাই-আগস্ট মাসে বাংলাদেশের ওয়েস্ট ইন্ডিজ সফরে তামিম ইকবাল তার প্রথম টেস্ট শতক করেন। খেলোয়াড় ও ক্রিকেট বোর্ডের মধ্যে বিবাদের কারণে ক্যারিবীয় দলটি অবশ্য খানিকটা দুর্বল ছিল। ৭ জন খেলোয়াড়ের টেস্ট অভিষেক হয় এ ম্যাচে। তামিমের ব্যাটিং বাংলাদেশকে এক ঐতিহাসিক বিজয় এনে দেয়। এটি ছিল ওয়েস্ট ইন্ডিজের বিপক্ষে বাংলাদেশের প্রথম টেস্ট বিজয় এবং দেশের বাইরের মাটিতেও প্রথম টেস্ট জয়।",তামিম ইকবাল খান কোন দলের বিরুদ্ধে বাংলাদেশী জাতীয় ক্রিকেট দলের হয়ে তাঁর জীবনের প্রথম আন্তর্জাতিক টেস্ট ম্যাচটি খেলেন ?,ওয়েস্ট ইন্ডিজ,তামিম ইকবাল খান তাঁর জীবনের প্রথম আন্তর্জাতিক টেস্ট ম্যাচটি খেলেন জিম্বাবুয়ের বিরুদ্ধে।,yes,yes
bengali--4819194056255617983-5::specificity,bengali--4819194056255617983-5,specificity,"একটি মুখ আকৃতির তথ্য ক্যাপচার করার জন্য ত্রি-মাত্রিক মুখ শনাক্তকরণ কৌশলটি থ্রি-ডি সেন্সর ব্যবহার করে। এই তথ্যটি তারপর মুখের পৃষ্ঠের বিভিন্ন বৈশিষ্ট্য শনাক্ত করার জন্য ব্যবহার করা হয়, যেমন চোখের সকেটস, নাক এবং চিবুকের কনট্যুর।[8]",মুখমণ্ডল শনাক্তকরণ পদ্ধতিতে কোন সেন্সর ব্যাবহার করা হয় ?,থ্রি-ডি সেন্সর,মুখমণ্ডল শনাক্তকরণ পদ্ধতিতে সাধারণত ইনফ্রারেড সেন্সর ব্যবহার করা হয়।,no,no
bengali-1917654836894891942-0::factualness,bengali-1917654836894891942-0,factualness,"জিম করবেট (জুলাই ২৫, ১৮৭৫ - এপ্রিল ১৯, ১৯৫৫) জিম করবেট একজন ইংলিশ শিকারী। তবে জন্ম ভারতের  কুমায়ুন অঞ্চলের নৈনিতাল শহরে। স্থানটি বর্তমানে উত্তরাখণ্ড রাজ্যে। তিনি নামকরা শিকারী ছাড়াও একজন বিখ্যাত পরিবেশবাদীও ছিলেন। তাঁর নামানুসারে ভারতের করবেট ন্যাশনাল পার্কের নামকরণ করা হয়।",বিখ্যাত শিকারী জিম করবেট কোথায় জন্মগ্রহণ করেছিলেন ?,ভারতের  কুমায়ুন অঞ্চলের নৈনিতাল,জিম করবেট নেপালের কাঠমান্ডু শহরে জন্মগ্রহণ করেছিলেন।,no,no
bengali-4007898957162882873-14::factualness,bengali-4007898957162882873-14,factualness,"বর্তমানে সারা বিশ্বে বলিউডের জনপ্রিয়তম ব্যাক্তিত্বদের মধ্যে শাহরুখ খান অন্যতম। তাঁর অভিনীত হে রাম,দেবদাস এবং পহেলি ভারত থেকে অস্কার এ পাঠানো হয়েছিল। শাহরুখ-কাজল জুটি বলিউডের অন্যতম সেরা জুটি হিসেবে স্বীকৃত। কাজলের সাথে তাঁর অভিনীত বাজীগর,দিলওয়ালে দুলহানিয়া লে যায়েঙ্গে, করন অর্জুন, কুছ কুছ হোতা হ্যায়, কাভি খুশি কাভি গাম...। এই ৫টি ছবিই ব্যবসা-সফল হয়। রা.ওয়ান ছবিতেও অর্জুন রামপালের বিপক্ষে অভিনয় করেও ব্যাপক সাফল্য লাভ করেন। এবং সর্বশেষ কাজলের সাথে তাঁর অভিনীত দিলওয়ালে মুভিটি বলিউডে ব্যাপক সাড়া জাগিয়েছে।  ২৩ বছরের অভিনয়জীবনে তিনি ভারতের সর্বকালের সর্বশ্রেষ্ঠ ও জনপ্রিয়দের কাতারে অমিতাভ বচ্চন-এর পরবর্তীস্থান এর শক্ত দাবিদার।","২০১১ সালে নির্মিত ""রা.ওয়ান"" হিন্দি চলচ্চিত্রে রা.ওয়ানের চরিত্রে কোন অভিনেতা অভিনয় করেছিলেন ?",শাহরুখ খান,অর্জুন রামপাল অভিনয় করেছিলেন।,yes,yes
bengali--2528195250497745970-6::factualness,bengali--2528195250497745970-6,factualness,"কালীপ্রসন্ন বিদ্যোৎসাহিনী পত্রিকা, পরিদর্শক,সারবত্ত্বা প্রকাশিকা ও বিভিদার্থ সংগ্রহ প্রভৃতি পত্রিকার মত পত্রিকাগুলির সম্পাদনা আথবা প্রকাশনা করেছিলেন। পরিদর্শক পত্রিকাটি ছিল একটি বাংলা দৈনিক যেটা শুরু করেছিলেন জগন্মোহন তর্কালঙ্কার এবং মদনগোপাল গোস্বামী। সংবাদপত্রটির উন্নতির জন্য, কালিপ্রসন্ন সংবাদপত্রের সম্পাদকের পদ গ্রহণ করেন। সংবাদপত্রটির মান সেই সময় এগিয়ে ছিল, এবং কৃষ্ণদাস পাল লিখেছিলেন, ""তিনি একটি প্রথম শ্রেণীর স্বদেশীয় দৈনিক সংবাদপত্রও শুরু করলেন, যার মত আমরা এখনো দেখিনি""। সুপরিচিত স্থানীয় ভদ্রলোক বাবু রাজেন্দ্রলালের দ্বারা বিভিদার্থ সংগ্রহ প্রথম সম্পাদিত হয়েছিল। তাঁর পরে পত্রিকাটি কালিপ্রসন্ন সিংহের তত্ত্বাবধানে পুনর্জাগরিত হয়েছিল। ১৮৬২ সালে তাঁর সবচেয়ে প্রশংসিত রচনা হুতোম প্যাঁচার নক্‌শা প্রকাশিত হয়েছিল। তিনি এই বইয়ে হুতোম প্যাঁচা ছদ্মনামে এক রসাত্মক পদ্ধতিতে তত্‍কালীন মধ্যবিত্ত সমাজের কার্যকলাপের সমালোচনা করেছিলেন। তৎকালীন কলকাতার আচার ব্যবহার, পালা-পার্বণ, সভা-সমিতি প্রভৃতি সামাজিক উৎসব এবং নানা ঘটনা হুতোম প্যাঁচার নক্‌শায় সরসভাবে বর্ণনা করা হয়েছে। হুতোম প্যাঁচার নক্‌শা ছিল কথ্য ভাষায় লেখা প্রথম বাংলা বই। এই বইতে কোন কোন মান্য ব্যক্তির প্রতি কটাক্ষ করা হয়েছিল তাই এর প্রতিবাদে এইরকমের দু-একটি বইও লেখা হয়েছিল। তিনি তত্তবোধিনী পত্রিকা, সম্প্রকাস, মুখার্জ্জীস ম্যাগাজিন, বেঙ্গলি এবং হিন্দু প্যাট্রিয়ট -এর মত পত্রিকাগুলিকেও আর্থিক সহায়তা প্রদান করেছিলেন।",কালীপ্রসন্ন সিংহ রচিত হুতোম প্যাঁচার নকশা কত সালে প্রকাশ পায় ?,১৮৬২,কালীপ্রসন্ন সিংহের **হুতোম প্যাঁচার নকশা** প্রথম প্রকাশ পায় **১৮৬১ সালে**।,yes,yes
bengali--7062275363138990568-1::comprehension,bengali--7062275363138990568-1,comprehension,ভারতীয় জাতীয়তাবাদী নেতা সুরেন্দ্রনাথ বন্দ্যোপাধ্যায়ের উদ্যোগে ১৯২২ সালে গণতান্ত্রিক সায়ত্ত্বশাসন সংস্থা হিসেবে কলকাতা পৌরসংস্থা প্রতিষ্ঠিত হয়। ১৯৪৭ সালে ভারত স্বাধীন হওয়ার পর ১৯৫১ ও ১৯৫৬ সালে দুই বার কর্পোরেশন আইন সংশোধন করা হয়েছিল। বর্তমান পৌরসংস্থাটি ১৯৮০ সালের সংশোধিত পৌর আইনের ভিত্তিতে পরিচালিত হয়। শোভন চট্টোপাধ্যায় কলকাতা পৌরসংস্থার বর্তমান মহানাগরিক।,বর্তমানে কলকাতার মেয়র কে ?,শোভন চট্টোপাধ্যায়,বর্তমানে কলকাতার মেয়র সুরেন্দ্রনাথ বন্দ্যোপাধ্যায়।,yes,yes
bengali--5821119236838958518-7::inference,bengali--5821119236838958518-7,inference,"মলয় রায়চৌধুরীর প্রথম কাব্যগ্রন্হ শয়তানের মুখ ১৯৬৩ সালে কৃত্তিবাস প্রকাশনী ধেকে প্রকাশিত হয়েছিল। পরীক্ষা-নিরীক্ষার কারণে গ্রন্হটিকে একটি জলবিভাজক বলে মনে করা হয়। মলয় তাঁর প্রতিটি কাব্যগ্রন্হে পরীক্ষা-নিরীক্ষা করেছেন এবং একটি সম্পূর্ণ ভিন্ন ধারার কবিতার জনকরূপে বাংলা সাহিত্যে একটি বিশেষ স্হান করে নিয়েছেন। তাঁর কবিতা বাংলাসাহিত্যের সনাতন ঐতিহ্যকে, নিয়মানুবর্তিতাকে, আমূল নাড়া দিয়েছিল। কবিতার ভাষায়, ছন্দে, অলংকারে, চিত্রকল্পে তুমূল ভাংচুর পাঠকের অভ্যস্ত চোখ ও কানকে বিব্রত করেছিল। যৌনতার সংগে তিনি এনেছিলেন ব্যঙ্গ, আত্মপরিহাস ও অসহায় মানুষের নিষগফলতার যন্ত্রণা। উপন্যাস ও ছোটগল্পে তিনি নিজস্ব গদ্য সৃষ্টি করেছেন এবং তাঁর প্রবন্ধকে আপোষহীন বলে মনে করা হয়। তাঁর নাটক তিনটিকে বলা হয়েছে উত্তরাধুনিক, যদিও সেগুলি হাংরি আন্দোলনের সময়ে রচিত। তার প্রবন্ধ ও পোলেমিক্সগুলি থেকে স্পষ্ট হয় কেন তাঁকে প্রতিষ্ঠানবিরোধিতার জনক বলা হয়। মলয় যাঁদের কাজ অনুবাদ করেছেন তাদের মধ্যে উল্লেখযোগ্য হলেন উইলিয়াম ব্লেক, জাঁ ককতো, সালভাদোর দালি, পল গঁগা, ব্লাইজি সঁদরা, ত্রিস্তান জারা, অ্যালেন গিন্সবার্গ, লরেন্স ফেরলিংঘেট্টি, পাবলো নেরুদা এবং ফেদেরিকো গারথিয়া লোরকা।মলয় গ্রন্হে সম্পাদক মুর্শিদ এ. এম. ভূমিকায় জানিয়েছেন যে নব্বুই দশকের পর রচিত তার সাহিত্যকর্মকে বলা হয়েছে অধুনান্তিক।",বাঙালি হাংরিয়ালিজম যুগের লেখক মলয় রায়চৌধুরীর প্রথম প্রকাশিত কাব্যগ্রন্থের নাম কী ?,শয়তানের মুখ,অধুনান্তিক যুগের সূচনাপর্ব নামে পরিচিত।,yes,yes
bengali-1374812589930743477-0::comprehension,bengali-1374812589930743477-0,comprehension,"হিন্দুধর্ম মতে, পিতৃপক্ষ (সংস্কৃত: पितृ पक्ष) পূর্বপূরুষের তর্পণাদির জন্য প্রশস্ত এক বিশেষ পক্ষ। এই পক্ষ পিত্রুপক্ষ, ষোলা শ্রাদ্ধ, কানাগাত, জিতিয়া, মহালয়া পক্ষ ও অপরপক্ষ নামেও পরিচিত।[1][2][3]",হিন্দু ধর্ম মতে পূর্বপূরুষের তর্পণ করার কী কোনো নির্দিষ্ট দিন থাকে ?,পিতৃপক্ষ,মহালয়া পক্ষ নামে পরিচিত দিনটি।,no,no
bengali-1496668376968261146-4::comprehension,bengali-1496668376968261146-4,comprehension,"গ্রহের খনিজ সম্পদ ও জৈব সম্পদ উভয়ই মানবজাতির জীবনধারণের জন্য অপরিহার্য। এই গ্রহের অধিবাসীরা প্রায় ২০০টি স্বাধীন সার্বভৌম রাষ্ট্রে সমগ্র গ্রহটিকে বিভক্ত করে বসবাস করছে। এই সকল রাষ্ট্রের মধ্যে পারস্পরিক কূটনৈতিক, পর্যটন, বাণিজ্যিক ও সামরিক সম্পর্ক বিদ্যমান। মানব সংস্কৃতি গ্রহ সম্পর্কে বিভিন্ন ধারণার জন্মদাতা। এই সব ধারণার মধ্যে রয়েছে পৃথিবীকে দেবতা রূপে কল্পনা, সমতল বিশ্ব কল্পনা এবং পৃথিবীকে মহাবিশ্বের কেন্দ্ররূপে কল্পনা। এছাড়া একটি সুসংহত পরিবেশ রূপে বিশ্বকে কল্পনা করার আধুনিক প্রবণতাও লক্ষিত হয়। এই ধারণাটি বর্তমানে প্রাধান্য অর্জন করেছে।",পৃথিবীতে বর্তমানে মোট কয়টি দেশ রয়েছে ?,২০০,১৯৫টি দেশ রয়েছে বর্তমানে।,yes,yes
bengali-6035887477073197072-0::specificity,bengali-6035887477073197072-0,specificity,"আবু ইউসুফ ইয়াকুব ইবনে ইসহাক আল-কিন্দি (Arabic: أبو يوسف يعقوب بن إسحاق الكندي‎‎) (৮০১ - ৮৭৩) প্রখ্যাত আরব পণ্ডিত। পাশ্চাত্য বিশ্বে তিনি লাতিনিকৃত ""আলকিন্ডাস"" (Alkindus) নামে পরিচিত। তিনি ছিলেন একাধারে দার্শনিক, বিজ্ঞানী, জ্যোতিষী, জ্যোতির্বিজ্ঞানী, বিশ্বতত্ত্ববিদ, রসায়নবিদ, যুক্তিবিদ, গণিতজ্ঞ, সঙ্গীতজ্ঞ, পদার্থবিজ্ঞানী, মনোবিজ্ঞানী এবং আবহবিজ্ঞানী। মুসলিম পেরিপ্যাটেটিক দার্শনিকদের মধ্যে তিনিই প্রথম। তাই তাকে মুসলিম পেরিপ্যাটেটিক দর্শনের জনক বলা যায়। তার অনেক অর্জনের মধ্যে বিশেষ উল্লেখযোগ্য ছিল গ্রিক এবং হেলেনীয় দর্শনকে আরব জগতে পরিচিত করে তোলা। এছাড়া বিজ্ঞানের অনেকগুলো শাখায় তিনি অগ্রদূতের ভূমিকা পালন করেছেন।",দর্শনশাস্ত্রের জনক কাকে বলা হয় ?,পেরিপ্যাটেটিক,দর্শনশাস্ত্রের জনক বলা হয় আল-কিন্দিকে।,yes,yes
bengali--4866456305071140944-1::specificity,bengali--4866456305071140944-1,specificity,"প্রাচীর বেষ্টিত এই নগরীরভেতর রয়েছে বিভিন্ন আমলের প্রত্নতাত্ত্বিক নিদর্শন।কয়েক শতাব্দী পর্যন্ত এ স্থান পরাক্রমশালী মৌর্য, গুপ্ত, পাল ও সেন শাসকবর্গের প্রাদেশিক রাজধানী ও পরবর্তীকালে হিন্দু সামন্ত রাজাদের রাজধানী ছিল। তৃতীয় খ্রিষ্টপূর্বাব্দ থেকে পঞ্চদশ খ্রিষ্টাব্দ পর্যন্ত অসংখ্য হিন্দু রাজা ও অন্যান্য ধর্মের রাজারা রাজত্ব করেন।মহাস্থানগড়ের অবস্থান বগুড়া জেলার শিবগঞ্জ উপজেলায় ।[3] বগুড়া শহর থেকে প্রায় ১৩ কি.মি. উত্তরে করতোয়া নদীর পশ্চিম তীরে গেলেএই শহরের ধ্বংসাবশেষ দেখা যায়৷।",মহাস্থানগড় প্রত্নস্থলটি বাংলাদেশের কোন জেলায় অবস্থিত ?,বগুড়া জেলার শিবগঞ্জ উপজেলায়,মহাস্থানগড় প্রত্নস্থলটি রাজশাহী জেলার গোদাগাড়ী উপজেলায় অবস্থিত।,yes,yes
bengali--2676392207575072184-0::comprehension,bengali--2676392207575072184-0,comprehension,"কুমিল্লা ভিক্টোরিয়া কলেজ কুমিল্লা জেলায় অবস্থিত। এটি কুমিল্লার সবচেয়ে পুরাতন এবং বিখ্যাত কলেজ। কুমিল্লা ভিক্টোরিয়া কলেজ ১৮৯৯ সালে প্রতিষ্ঠিত হয়। রায় বাহাদুর আনন্দ চন্দ্র রায় রানী ভিক্টোরিয়ার নামে এটি প্রতিষ্ঠা করেন। তিনি ঠিকাদারি পেশার সাথে যুক্ত ছিলেন এবং শিক্ষা-অনুরাগী ছিলেন। কুমিল্লা ভিক্টোরিয়া কলেজ প্রতিষ্ঠা করার জন্য বিপুল পরিমাণ অর্থ ব্যয় করেছেন। এই কলেজ এভাবে পরিপূর্ণ বাস্তবে রূপ নেয়। কলেজটি প্রতিষ্ঠার পর ব্রিটিশ সরকার তাকে ""রায় বাহাদুর"" উপাধি প্রদান করে। তার স্মতি রক্ষার্তে ভিক্টোরিয়া কলেজের ইন্টারমেডিয়েট শাখায় প্রধান ফটকে একটি সাদা রঙের ভাস্কর্য তৈরি করা হয়েছে। বিজ্ঞানী সত্যেন্দ্রনাথ বসু ছিলেন এই কলেজের প্রথম অধ্যক্ষ যিনি ১৯৪৭ সাল পর্যন্ত কর্মরত ছিলেন। এই কলেজ বাংলাদেশ জাতীয় বিশ্ববিদ্যালয় এর অধিভুক্ত।",কুমিল্লা ভিক্টোরিয়া কলেজের প্রথম অধ্যক্ষ কে ছিলেন ?,সত্যেন্দ্রনাথ বসু,রায় বাহাদুর আনন্দ চন্দ্র রায়,yes,yes
bengali-1508751382134197788-2::factualness,bengali-1508751382134197788-2,factualness,"১৯৫৪ সালের মার্চের ৮ থেকে ১২ তারিখ পর্যন্ত অনুষ্ঠিত পূর্ব পাকিস্তান পরিষদের নির্বাচনে ২৩৭টি মুসলিম আসনের মধ্যে যুক্তফ্রন্ট ২২৩টি আসন অর্জ্জন করে। তন্মধ্যে ১৪৩টি পেয়েছিল মওলানা ভাসানীর নেতৃত্বাধীন আওয়ামী মুসলিম লীগ, ৪৮টি পেয়েছিল শেরে বাংলা এ. কে. ফজলুল হকের কৃষক শ্রমিক পার্টি, নেজামী ইসলাম পার্টি লাভ করেছিল ২২, গণতন্ত্রী দল লাভ করেছির ১৩টি এবং খেলাফত-ই-রাব্বানী নামক দলটি ২টি আসন। ক্ষমতাসীন রাজনৈতিক দল মুসলিম লীগ সম্পূর্ণরূপে এ নির্বাচনে পরাভূত হয় ; তারা কেবল ৯টি আসন লাভ করতে সমর্থ হয়।",শেরেবাংলা আবুল কাশেম ফজলুল হক কোন রাজনৈতিক দলের সঙ্গে যুক্ত ছিলেন ?,কৃষক শ্রমিক পার্টি,শেরেবাংলা আবুল কাশেম ফজলুল হক আওয়ামী মুসলিম লীগের সঙ্গে যুক্ত ছিলেন।,yes,yes
bengali--8230914461558443804-12::comprehension,bengali--8230914461558443804-12,comprehension,"প্রাচীন গ্রিক পণ্ডিত ইরাটোসথেনেস (Eratosthenese, 276-194 BC) প্রাকৃতিক ভূগোলের অগ্রপথিক। তিনি এমন এক সময় এ বিষয়ে অবদান রাখেন যখন পণ্ডিতগণ পৃথিবীর আকার ও আকৃতি সম্পর্কেই অনিশ্চিত ছিলেন। মিশরের বিভিন্ন স্থানের দূরত্বের সাথে সূর্যের আলোক রশ্মির পতনকোণের পার্থক্য হিসাব করে পৃথিবীর পরিধি নির্ণয়ের মাধ্যমে ইরাটোসথেনেস প্রাকৃতিক ভূগোলবিদ হিসেবে ইতিহাসের পাতায় চিরস্তায়ী আসন করে নিয়েছেন। এটিই ছিলো বর্তমানে পরিচিত ভূআকৃতিবিদ্যার (Geodesy) প্রথম গবেষণা। ইরাটোসথেনেসের বহু মূল্যবান ভূগোলবিষয়ক কাজের মধ্যে এটি অন্যতম। তিনি মানচিত্রের গুরুত্বের কথা উপলব্ধি করেছিলেন এবং নিজেকে একজন দক্ষ কার্টোগ্রাফার (cartographer) হিসেবে গড়ে তুলেন। যখন পণ্ডিতগণ পৃথিবী গোলাকার না চেপ্টা এ সম্পর্কে বিতর্কে লিপ্ত, তখন ইরাটোসথেনেস গোলাকার পৃথিবীর কোন কোন স্থান সূর্যালোক দ্বারা অপর মণ্ডল অপেক্ষা অধিক উষ্ণ- এ বিষয়টি উপলব্ধি করেন এবং পৃথিবীকে কতিপয় পরিবেশমণ্ডলে বিভক্ত করে মানচিত্র তৈরি করেন। তিনি সিদ্ধান্তে আসেন যে, গোলাকার পৃথিবীতে একটি নিরক্ষীয় বলয়, দুটি মেরু বলয় এবং এদের মাঝে দুটি নাতিশীতোষ্ণ বলয় বিদ্যমান রয়েছে। ইরাটোসথেনেসের মৃত্যুর বহু শতাব্দি পর্যন্ত অনেক পণ্ডিত ইরাটোসথেনেসের জ্ঞানকে যথার্থ বলে মেনে নিতে পারেননি (ব্লিজ, ১৯৯৩)।[7]",কে প্রথম বিশ্বের মানচিত্র তৈরি করেন ?,ইরাটোসথেনেস,হেরোডোটাস প্রথম বিশ্বের মানচিত্র তৈরি করেন।,yes,yes
bengali--5443118172314527178-10::inference,bengali--5443118172314527178-10,inference,"নবগঠিত বিজেপি কার্যত জনসংঘের থেকে আলাদা দল হলেও, বিজেপির অধিকাংশ গুরুত্বপূর্ণ নেতা ছিলেন পূর্বতন জনসংঘের সদস্য। এমনকি জনসংঘের সদস্য অটলবিহারী বাজপেয়ী বিজেপির প্রথম সভাপতি হয়েছিলেন। ঐতিহাসিক রামচন্দ্র গুহা লিখেছেন, ১৯৮০-এর দশকের গোড়ার দিকটিতে ভারতে অনেকগুলি হিন্দু-মুসলমান দাঙ্গার ঘটনা ঘটেছিল। বিজেপি গোড়ার দিকে জনপ্রিয়তা বাড়ানোর জন্য জনসংঘের হিন্দু জাতীয়তাবাদী অবস্থান সম্পর্কে মধ্যপন্থা অবলম্বন করে এবং জনতা পার্টি ও গান্ধীবাদী সমাজতন্ত্রের সঙ্গে এই দলের যোগসূত্রটির দিকে বেশি গুরুত্ব আরোপ করে।[2] এই পদ্ধতিটি সফল হয়নি। ১৯৮৪ সালের সাধারণ নির্বাচনে বিজেপি লোকসভায় মাত্র দুটি আসন পেয়েছিল।[2] এই নির্বাচনের কয়েক মাস আগে সংঘটিত ইন্দিরা গান্ধী হত্যাকাণ্ডের ঘটনার পরিপ্রেক্ষিতে ভারতীয় জাতীয় কংগ্রেস বিরাট জনসমর্থন লাভে সক্ষম হয়। ফলে বিজেপির সাংসদ সংখ্যা কমে যায় এবং কংগ্রেস ৪০৩টি আসনে জয়লাভ করে।[20]",ভারতীয় জনতা পার্টির প্রথম সভাপতি কে ছিলেন ?,অটলবিহারী বাজপেয়ী,লালকৃষ্ণ আডবাণী ছিলেন বিজেপির প্রথম সভাপতি।,yes,yes
bengali-6120089833063466108-0::factualness,bengali-6120089833063466108-0,factualness,"ঢাকা দক্ষিণ এশিয়ার রাষ্ট্র বাংলাদেশের রাজধানী ও বৃহত্তম শহর। প্রশাসনিকভাবে এটি দেশটির ঢাকা বিভাগের প্রধান শহর। ভৌগোলিকভাবে এটি বাংলাদেশের মধ্যভাগে বুড়িগঙ্গা নদীর উত্তর তীরে একটি সমতল এলাকাতে অবস্থিত। ঢাকা একটি অতিমহানগরী (মেগাশহর); ঢাকা মহানগরী এলাকার জনসংখ্যা প্রায় ১ কোটি ৫০ লক্ষ।[3] জনসংখ্যার বিচারে এটি দক্ষিণ এশিয়ার চতুর্থ বৃহত্তম শহর (দিল্লি, করাচি ও মুম্বইয়ের পরেই) এবং সমগ্র বিশ্বের নবম বৃহত্তম[4] শহর। জনঘনত্বের বিচারে ঢাকা বিশ্বের সবচেয়ে ঘনবসতিপূর্ণ মহানগরী; ১৩৪ বর্গমাইল আয়তনের এই শহরে প্রতি বর্গমাইল এলাকায় ১ লক্ষ ১৫ হাজার লোকের বাস।[5]",বাংলাদেশের রাজধানী ঢাকা শহরের বর্তমান জনসংখ্যা কত ?,প্রায় ১ কোটি ৫০ লক্ষ,প্রায় ২ কোটি ১০ লক্ষ,yes,yes
bengali--7488179106745368024-1::comprehension,bengali--7488179106745368024-1,comprehension,"সঙ্গীতের গতিকে লয় বলে। গতির তারতম্যের জন্য লয়কে তিন ভাগে ভাগ করা যায় - ১) ধীরগতির সঙ্গীতের জন্য বিলম্বিত লয়, ২) দ্রুতগতির সঙ্গীতের জন্য দ্রুত লয় এবং ৩) মধ্যগতির সঙ্গীতের জন্য মধ্য লয়। মধ্য লয় বিলম্বিত লয়ের দ্বিগুণ ও দ্রুত লয়ের অর্ধেক গতির হয়ে থাকে। মাত্রা সঙ্গীতের লয় বা গতির দুরত্ব মাপার জন্য ব্যবহৃত হয়। প্রত্যেকটি মাত্রার মধ্যবর্তী ব্যবধান সমান হয়। কয়েকটি ছন্দোবদ্ধ মাত্রার সমষ্টি দিয়ে তৈরী হয় একটি তাল।[1]",সংগীতে গতির তারতম্যের জন্য লয়কে কয়টি ভাগে ভাগ করা হয় ?,তিন,চারটি ভাগে ভাগ করা হয়।,yes,yes
bengali--5157536413099558525-3::comprehension,bengali--5157536413099558525-3,comprehension,"সর্বশেষ বিশ্বকাপ অনুষ্ঠিত হয়েছে রাশিয়ায়, ২০১৮ সালের ১৪ জুন থেকে ১৫ জুলাই পর্যন্ত। এই বিশ্বকাপে ফ্রান্স ক্রোয়েশিয়াকে ফাইনালে ৪-২ গোলে পরাজিত করে শিরোপা জিতে নেয়।",সর্বশেষ ফিফা বিশ্বকাপ আন্তর্জাতিক ফুটবল প্রতিযোগিতায় কোন দেশ জয়ী হয়েছিল ?,ফ্রান্স,ক্রোয়েশিয়া,no,no
bengali-8389521287325865921-1::factualness,bengali-8389521287325865921-1,factualness,ভারতীয় জাতীয়তাবাদী নেতা সুরেন্দ্রনাথ বন্দ্যোপাধ্যায়ের উদ্যোগে ১৯২২ সালে গণতান্ত্রিক সায়ত্ত্বশাসন সংস্থা হিসেবে কলকাতা পৌরসংস্থা প্রতিষ্ঠিত হয়। ১৯৪৭ সালে ভারত স্বাধীন হওয়ার পর ১৯৫১ ও ১৯৫৬ সালে দুই বার কর্পোরেশন আইন সংশোধন করা হয়েছিল। বর্তমান পৌরসংস্থাটি ১৯৮০ সালের সংশোধিত পৌর আইনের ভিত্তিতে পরিচালিত হয়। শোভন চট্টোপাধ্যায় কলকাতা পৌরসংস্থার বর্তমান মহানাগরিক।,কলকাতা পৌরসভা প্রথম কত সালে স্থাপিত হয়েছিল ?,১৯২২,কলকাতা পৌরসভা প্রথম ১৯২০ সালে স্থাপিত হয়েছিল।,yes,yes
bengali-8652082239846487292-2::factualness,bengali-8652082239846487292-2,factualness,"কলকাতা বিমানবন্দর ঐতিহ্যগতভাবে ইউরোপ থেকে ইন্দোচীন ও অস্ট্রেলিয়ার মধ্যে বিমান রুটে কৌশলগত কেন্দ্র হিসেবে কাজ করে।[15] ১৯৩৭ সালে এ্যামিলিয়া ইয়ারহাট সহ বহু বিমান সংস্থার  অনেক অগ্রগামী উড়ানগুলি যাত্রা শুরু করে কলকাতা থেকে।[16] ১৯২৪ সালে, কেএলএল বিমান সংস্থা কলকাতায় তাদের আমস্টারডামের -বতভিয়া (জাকার্তা) রুটের অংশ হিসাবে অবতরণ শুরু করেন।[17] একই বছরে, কোনও বিমান বাহিনী কর্তৃক প্রথম বিশ্ব ভ্রমণ অভিযানের অংশ হিসাবে একটি রয়েল এয়ার ফোর্স বিমান কলকাতায় অবতরণ করে।[18]",নেতাজী সুভাষ চন্দ্র বসু আন্তর্জাতিক বিমানবন্দর কবে নির্মিত হয় ?,১৯৩৭ সালে,১৯২৪ সালে নির্মিত হয়।,yes,yes
bengali-363202495030830843-1::factualness,bengali-363202495030830843-1,factualness,"১৯৪৮ সালে অবসরগ্রহণের পূর্ব-পর্যন্ত আশি ইনিংসে ২৯টি সেঞ্চুরি হাঁকান। সর্বমোট ৬৯৯৬ রানের মধ্যে ৫৩৯৩ রানই এসেছে ২৯টি সেঞ্চুরি থেকে।[16] ইনিংসপ্রতি তাঁর সেঞ্চুরির হার ছিল ৩৬.২৫%।[17] এরফলে তাঁর খেলোয়াড়ী জীবনে ব্যাটিং গড় দাঁড়ায় ৯৯.৯৪। অন্যদিকে, কোন ব্যাটসম্যানই ৬১ গড়ের কোটায় পৌঁছুতে সক্ষমতা প্রদর্শন করতে পারেননি।[N 2][18] চূড়ান্ত ইনিংসে আর মাত্র ৪ রান তুলতে পারলেই তাঁর ব্যাটিং গড় ১০০ হতে পারতো।[19][20]",আন্তর্জাতিক ক্রিকেটে ডন ব্র্যাডম্যানের মোট রানের সংখ্যা কত ?,৬৯৯৬,আন্তর্জাতিক ক্রিকেটে ডন ব্র্যাডম্যানের মোট রানের সংখ্যা ছিল ৭০২৪।,yes,yes
bengali-1508751382134197788-2::specificity,bengali-1508751382134197788-2,specificity,"১৯৫৪ সালের মার্চের ৮ থেকে ১২ তারিখ পর্যন্ত অনুষ্ঠিত পূর্ব পাকিস্তান পরিষদের নির্বাচনে ২৩৭টি মুসলিম আসনের মধ্যে যুক্তফ্রন্ট ২২৩টি আসন অর্জ্জন করে। তন্মধ্যে ১৪৩টি পেয়েছিল মওলানা ভাসানীর নেতৃত্বাধীন আওয়ামী মুসলিম লীগ, ৪৮টি পেয়েছিল শেরে বাংলা এ. কে. ফজলুল হকের কৃষক শ্রমিক পার্টি, নেজামী ইসলাম পার্টি লাভ করেছিল ২২, গণতন্ত্রী দল লাভ করেছির ১৩টি এবং খেলাফত-ই-রাব্বানী নামক দলটি ২টি আসন। ক্ষমতাসীন রাজনৈতিক দল মুসলিম লীগ সম্পূর্ণরূপে এ নির্বাচনে পরাভূত হয় ; তারা কেবল ৯টি আসন লাভ করতে সমর্থ হয়।",শেরেবাংলা আবুল কাশেম ফজলুল হক কোন রাজনৈতিক দলের সঙ্গে যুক্ত ছিলেন ?,কৃষক শ্রমিক পার্টি,শেরেবাংলা আবুল কাশেম ফজলুল হক মূলত আওয়ামী মুসলিম লীগের সঙ্গে যুক্ত ছিলেন।,yes,yes
bengali--6019328074616099894-17::comprehension,bengali--6019328074616099894-17,comprehension,"১৪৯২ খ্রিষ্টাব্দের ২ জানুয়ারি কর্ডোবার নাসরি রাজ্যের পতনের মাধ্যমে ইবেরিয়ায় মুসলিম শাসনের সমাপ্তি হয়। গ্রানাডার শেষ মুসলিম শাসক দ্বাদশ মুহাম্মদ যিনি বোয়াবদিল নামে পরিচিত, আরাগনের রাজা দ্বিতীয় ফার্ডিনেন্ড ও কাস্টিলের রাণী প্রথম ইসাবেলার কাছে আত্মসমর্পণ করেন।",উমাইয়া রাজবংশের সর্বশেষ রাজা কে ?,দ্বাদশ মুহাম্মদ,বোয়াবদিল নামে পরিচিত ফার্ডিনেন্ড,no,no
bengali--8707413810832587133-1::comprehension,bengali--8707413810832587133-1,comprehension,"ঢাকা বিশ্ববিদ্যালয়ের শিক্ষকবৃন্দ সবচেয়ে বেশিসংখ্যক বাংলাদেশ বিজ্ঞান একাডেমি পদক লাভ করেছেন।[5][6] এছাড়াও, এটি বাংলাদেশের একমাত্র বিশ্ববিদ্যালয় হিসেবে এশিয়াউইকের পক্ষ থেকে শীর্ষ ১০০ বিশ্ববিদ্যালয়ে জায়গা করে নেয়।[7] এটি এশিয়ার সেরা ১০০টি বিশ্ববিদ্যালয়ের মধ্যে ৬৪তম।[8] এখানে প্রায় ৩৮,০০০ ছাত্র-ছাত্রী এবং ১,৮০৫ জন শিক্ষক রয়েছে৷[1][2]",বর্তমানে ঢাকা বিশ্ববিদ্যালয়ের মোট ছাত্রছাত্রীর সংখ্যা কত ?,"৩৮,০০০","বর্তমানে ঢাকা বিশ্ববিদ্যালয়ের মোট ছাত্রছাত্রীর সংখ্যা প্রায় ৪৮,০০০ জন।",yes,yes
bengali-2351657829570417965-1::comprehension,bengali-2351657829570417965-1,comprehension,"ঊষা উথুপ মুম্বাইয়ে জন্মগ্রহণ করেন,[1] একটি তামিল ব্রাহ্মণ পরিবারে। তার বাবা বিদ্যনাথ সোমেশ্বর সামী।[5] যিনি মাদ্রাজ (বর্তমানে চেন্নাই) থেকে ১৯৪৭ সালে তামিলনাডুতে স্থানান্তর হন।",ঊষা উথুপ ভারতের কোন শহরে জন্মগ্রহণ করেন ?,মুম্বাই,চেন্নাই,no,no
bengali-7368577689306281053-15::factualness,bengali-7368577689306281053-15,factualness,"পিঠের সমস্যায় ক্রমাগত ভোগার ফলে মৌসুমের খেলাগুলোয় অনিয়মিত হয়ে পড়েন তিনি। ফলশ্রুতিতে, নিজস্ব ৪১তম জন্মদিনের অল্প কয়েকদিন পূর্বে ২০০৪ সালে কাউন্টি ক্রিকেটকে বিদায় জানান।[12][13][14]",রবার্ট চার্লস জ্যাক রাসেল কোন সালে আন্তর্জাতিক ক্রিকেট খেলা থেকে অবসর নেন ?,২০০৪,রবার্ট চার্লস জ্যাক রাসেল ২০০৩ সালে আন্তর্জাতিক ক্রিকেট থেকে অবসর নেন।,no,no
bengali-8231597176267138336-3::factualness,bengali-8231597176267138336-3,factualness,"যদিও চিকনগুনির প্রাদুর্ভাব সাধারণত এশিয়া ও আফ্রিকাতে বেশি দেখা যায় তবে প্রতিবেদন অনুসারে ২০০০-এর দশকে এটি ইউরোপ ও আমেরিকাতে ছড়িয়ে পড়েছে। ২০১৪ সালে এক মিলিয়নের বেশি মানুষ আক্রন্ত হয়েছে।[2]  ২০১৪ সালের প্রতিবেদন অনুযায়ী এটি যুক্তরাষ্ট্রের ফ্লোরিডাতে দেখা গেছে কিন্তু ২০১৬ সালে যুক্তরাষ্ট্রে স্থানীয়ভাবে এই রোগের প্রভাব দেখা যায়নি।[12][13] তানজানিয়াতে ১৯৫২ সালে প্রথম রোগটি ধরা পরে।[2] চিকনগুনিয়া নামটি এসেছে তানজানিয়ার মাকুন্দি জনগোষ্ঠির ব্যবহৃত কিমাকুন্দি ভাষা থেকে যার অর্থ ""কুঁচিত হওয়া"" বা বাঁকা হয়ে যাওয়া।[2] ২০০৮ সালের দিকে বাংলাদেশের রাজশাহী এবং চাঁপাইনবাবগঞ্জ জেলায় প্রথম এ রোগের ভাইরাসটি ধরা পরে। পরবর্তীতে ২০১১ সালে ঢাকার দোহারে এটি লক্ষ্য করা গেলেও এরপর তেমনভাবে এ ভাইরাসের কথা শোনা যায়নি তবে ২০১৭ সালের প্রথমদিকে সারাদেশে ভাইরাসটি উল্লেখযোগ্য হারে লক্ষ করা যায়।[14]",চিকুনগুনিয়া ভাইরাস কবে প্রথম শনাক্ত করা হয় ?,২০০৮ সালের দিকে,চিকুনগুনিয়া ভাইরাস প্রথম শনাক্ত করা হয় ২০০৭ সালের শেষদিকে।,yes,yes
bengali--2318822466630053761-0::factualness,bengali--2318822466630053761-0,factualness,"গণচীন বা গণপ্রজাতন্ত্রী চীন (Chinese:中国 অর্থাৎ ""মধ্যবর্তী রাজ্য"", মান্দারিন চীনা উচ্চারণে: চুংকুও) পূর্ব এশিয়ার একটি রাষ্ট্র। ১৩৮ কোটি জনসংখ্যার দেশটি বিশ্বের সবচেয়ে জনবহুল রাষ্ট্র।[1] চীনের সাম্যবাদী দল দেশটি শাসন করে। বেইজিং শহর  দেশটির রাজধানী।[2] গণচীনের শাসনের আওতায় পড়েছে ২২টি প্রদেশ, পাঁচটি স্বায়ত্বশাসিত অঞ্চল, চারটি কেন্দ্রশাসিত পৌরসভা (বেইজিং, থিয়েনচিন, সাংহাই এবং ছুংছিং), এবং দুইটি প্রায়-স্বায়ত্বশাসিত বিশেষ প্রশাসনিক অঞ্চল (হংকং এবং মাকাউ)। এছাড়াও চীন তাইওয়ানের ওপরে সার্বভৌমত্ব দাবী করে আসছে। দেশটির প্রধান প্রধান নগর অঞ্চলের মধ্যে সাংহাই, কুয়াংচৌ, বেইজিং, ছোংছিং, শেনচেন, থিয়েনচিন ও হংকং উল্লেখযোগ্য। চীন বিশ্বের একটি বৃহত্‌ শক্তি এবং এশিয়ার মহাদেশের একটি প্রধান আঞ্চলিক শক্তি। দেশটিকে ভবিষ্যতের একটি সম্ভাব্য পরাশক্তি হিসেবে চিহ্নিত করা হয়ে থাকে। [3][4]",চীনের বর্তমান জনসংখ্যা কত ?,১৩৮ কোটি,চীনের বর্তমান জনসংখ্যা প্রায় ১৪২ কোটি।,yes,yes
bengali-6971086019984584823-1::factualness,bengali-6971086019984584823-1,factualness,১৮৯৪ খ্রিস্টাব্দে ১ জানুয়ারি উত্তর কলকাতার গোয়া বাগান অঞ্চলে স্কটিশ চার্চ কলেজিয়েট স্কুলের পাশে ২২ নম্বর ঈশ্বর মিত্র লেনে সত্যেন্দ্রনাথ বসুর জন্ম। তাঁর পরিবারের আদি নিবাস ২৪ পরগণার কাঁড়োপাড়ার সন্নিকটে বড়োজাগুলিয়া গ্রামে। তাঁর পিতা সুরেন্দ্রনাথ বসু ছিলেন পূর্ব ভারতীয় রেলওয়ের হিসাবরক্ষক এবং মাতা আমোদিনী দেবী ছিলেন আলিপুরের খ্যাতনামা ব্যবহারজীবী মতিলাল রায়চৌধুরীর কন্যা। সত্যেন্দ্রানাথ বসু সাত ভাইবোনের মধ্যে সবার বড়।etastfzse,সত্যেন্দ্রনাথ বসু কবে জন্মগ্রহণ করেন ?,১৮৯৪ খ্রিস্টাব্দে ১ জানুয়ারি,১৮৯৫ খ্রিস্টাব্দে ২ জানুয়ারি,yes,yes
bengali--8764190989186063087-2::inference,bengali--8764190989186063087-2,inference,"প্রাচীন পৃথিবীর (প্রধানত ইউরোপ, তবে নিকট প্রাচ্য ও উত্তর আফ্রিকাও এর অন্তর্ভুক্ত) ইতিহাসকে কয়েকটি ভাগে ভাগ করা হয়। ৪৬৭ খ্রিস্টাব্দ পর্যন্ত প্রাচীন যুগ; পঞ্চম থেকে পঞ্চদশ শতাব্দী পর্যন্ত মধ্য যুগ বা ধ্রুপদী-উত্তর যুগ,[15][16] যার মধ্যে রয়েছে ইসলামি স্বর্ণযুগ(৭৫০- ১২৫৮ খ্রিস্টাব্দ) ও ইউরোপীয় রেনেসাঁ (১৩শ শতক থেকে শুরু)।[17][18] আধুনিক যুগের সূচনাকাল[19] ধরা হয় ১৫শ শতক থেকে ১৮শ শতকের শেষ পর্যন্ত যার মধ্যে রয়েছে ইউরোপের আলোকিত যুগ। শিল্প বিপ্লব হতে বর্তমান সময় পর্যন্ত আধুনিক যুগ বলে বিবেচিত। পাশ্চাত্য ইতিহাসে রোমের পতনকে প্রাচীন যুগের শেষ ও মধ্যযুগের সূচনা হিসেবে ধরা হয়। কিন্তু পূর্ব ইউরোপ রোমান সাম্রাজ্য থেকে বাইজেনটাইন সাম্রাজের অধীনে আসে, যার পতন আরো অনেক পরে ঘটে। ১৫ শতকের মাঝামাঝি গুটেনবার্গ আধুনিক ছাপাখানা আবিষ্কার করেন[20] যা যোগাযোগের ক্ষেত্রে বৈপ্লবিক পরিবর্তন নিয়ে আসে। ফলে মধ্যযুগের সমাপ্তি ঘটে এবং বৈজ্ঞানিক বিপ্লবের সূত্রপাত হয়।[21] ১৮ শতকের মধ্যে ইউরোপে জ্ঞান-বিজ্ঞানের প্রসার এমন একটি চরম অবস্থায় উপনীত হয় যা শিল্প বিপ্লবকে অবধারিত করে তুলে।[22]",ইসলামি স্বর্ণযুগ বলে কোন সময়কে বোঝানো হয় ?,৭৫০- ১২৫৮ খ্রিস্টাব্দ,ইসলামি স্বর্ণযুগ বলতে মূলত পঞ্চম থেকে পঞ্চদশ শতাব্দী পর্যন্ত মধ্যযুগকেই বোঝানো হয়।,yes,yes
bengali-9099268636899707207-4::factualness,bengali-9099268636899707207-4,factualness,"সফদারজং বিমানবন্দর ১৯৩০ সালে নির্মিত হয়েছিল এবং ১৯৬২ সাল পর্যন্ত এটি দিল্লির প্রধান বিমানবন্দর ছিল। [14] সফদারজং বিমানবন্দরে যাত্রীবাহী উড়ান বৃদ্ধির ফলে ১৯৬২ সালে বেসামরিক উড়ানগুলি পালাম বিমানবন্দরে স্থানান্তরিত হয় (পরবর্তীতে এটির নামকরণ করা হয় আইজিআইএ)। [14] পালাম বিমানবন্দরটি দ্বিতীয় বিশ্বযুদ্ধের সময় তৈরী হয়েছিল রয়েল এয়ার ফোর্স স্টেশন পালাম নামে এবং ব্রিটিশ শাসন অবসানের পর, এটি ভারতীয় বিমানবাহিনীর জন্য একটি বিমান বাহিনী স্টেশন হিসেবে কাজ করত। প্রতি ঘন্টায় পালাম বিমানবন্দরের প্রায় ১,৩০০ জন যাত্রী পরিবহণের ক্ষমতা ছিল। [14] ১৯৭০ এর দশকে বিমানের গমনাগমন বৃদ্ধির ফলে পুরনো পালাম টার্মিনালের প্রায় চার গুণ এলাকা নিয়ে একটি অতিরিক্ত টার্মিনাল নির্মাণ করা হয়। ২রা মে, ১৯৮৬ সালে একটি নতুন আন্তর্জাতিক টার্মিনাল (টার্মিনাল ২) এর উদ্বোধন করার পর বিমানবন্দরটিকে ইন্দিরা গান্ধী আন্তর্জাতিক বিমানবন্দর (আইজিআইএ) নামে নামকরণ করা হয়। [14]",ইন্দিরা গান্ধী আন্তর্জাতিক বিমানবন্দর বা পালাম বিমানবন্দরটি কবে তৈরী হয় ?,১৯৩০ সালে,১৯৪২ সালে নির্মিত হয়।,yes,yes
bengali-5909391431365450011-1::comprehension,bengali-5909391431365450011-1,comprehension,তার পরিচালিত প্রথম স্বল্পদৈর্ঘ্য চলচ্চিত্র সোনার বেড়ি (১৯৮৫) এবং সর্বশেষ পূর্ণদৈর্ঘ্য চলচ্চিত্র রানওয়ে মুক্তি পায় ২০১০ সালে। চলচ্চিত্রে তার অবদানের জন্য ২০১২ সালে বাংলাদেশ সরকার তাকে দেশের সর্বোচ্চ বেসামরিক সম্মান একুশে পদকে ভূষিত করে।[6][7] ২০১৩ সালে নিউ ইয়র্ক বিশ্ববিদ্যালয়ের এশিয়ান/প্যাসিফিক/আমেরিকান ইন্সটিটিউট এবং দক্ষিণ এশিয়া সলিডারিটি ইনিশিয়েটিভ তার চলচ্চিত্রের প্রথম উত্তর আমেরিকান 'ফিরে দেখা' অনুষ্ঠানের আয়োজন করে।[8],আবু তারেক মাসুদ পরিচালিত সর্বশেষ বাংলা চলচ্চিত্রটি কত সালে বাংলাদেশে মুক্তি পায় ?,রানওয়ে,২০১২ সালে মুক্তি পায়।,yes,yes
bengali-6549627323803605959-11::specificity,bengali-6549627323803605959-11,specificity,মির্জা ফখরুল ইসলাম আলমগীর ব্যক্তিগত জীবনে রাহাত আরা বেগমের সাথে বিবাহ বন্ধনে আবদ্ধ হন। এই দম্পতির দুই মেয়ে রয়েছে। রাহাত আরা বেগম কলকাতা বিশ্ববিদ্যালয়ে পড়াশুনা করেছেন ও বর্তমানে ঢাকার একটি বীমা প্রতিষ্ঠানে কর্মরত। তার বড় মেয়ে মির্জা শামারুহ ঢাকা বিশ্ববিদ্যালয়ে পড়াশুনা করে এই প্রতিষ্ঠানেই শিক্ষকতা করেছেন। বর্তমানে তিনি অস্ট্রেলিয়ায় পোস্ট ডক্টরাল ফেলো হিসেবে কর্মরত আছেন। ছোট মেয়ে মির্জা সাফারুহও ঢাকা বিশ্ববিদ্যালয়ে পড়াশুনা করেছেন। তিনি বর্তমানে ঢাকার একটি স্কুলে শিক্ষকতা করছেন।[10],মির্জা ফখরুল ইসলাম আলমগীরের স্ত্রীর নাম কী ?,রাহাত আরা বেগমে,তার স্ত্রীর নাম সম্ভবত মির্জা শামারুহ।,yes,yes
bengali-1787623261283241578-0::specificity,bengali-1787623261283241578-0,specificity,"সাইয়েদ কুতুব (/ˈkuːtəb/[1]/ˈkʌtəb/; Egyptian Arabic pronunciation:[ˈsæjjed ˈʔotˤb], Arabic:[ˈsæjjɪd ˈqʊtˤb]; Arabic: سيد قطب‎  (১৯০৬ - ২৫ আগস্ট ১৯৬৬) হলেন একজন মিশরীয় ইসলামী চিন্তাবিদ এবং বিপ্লবী রাজনৈতিক সংগঠক। তিনি মিশরের ইসলামী আন্দোলনের প্রধান সংগঠন ইখওয়ানুল মুসলিমিন দলের মুখপত্র ইখওয়ানুল মুসলিমিন'এর সম্পাদক ছিলেন। তাকে তৎকালীন সরকার ফাঁসির আদেশ দেয় এবং এভাবেই তাকে মৃত্যুবরণ করতে হয়।",সাইয়েদ কুতুব মিশরের কোন রাজনৈতিক দলের সাথে যুক্ত ছিলেন ?,ইখওয়ানুল মুসলিমিন,তিনি মূলত মিশরের জাতীয়তাবাদী সমাজতান্ত্রিক দলের সঙ্গে যুক্ত ছিলেন।,yes,yes
bengali-8214622333369036834-1::factualness,bengali-8214622333369036834-1,factualness,"দিনাজপুর জেলার উত্তরে ঠাকুরগাঁও, পঞ্চগড় ও নীলফামারী জেলা, দক্ষিণে জয়পুরহাট জেলা ও ভারতের পশ্চিমবঙ্গ, পূর্বে রংপুর ও নীলফামারী জেলা এবং পশ্চিমে ভারতের পশ্চিমবঙ্গ রাজ্যর পশ্চিম দিনাজপুর (উত্তর ও দক্ষিণ দিনাজপুর জেলাদ্বয়) অবস্থিত। এই জেলার মোট আয়তন ৩৪৩৭.৯৮ বর্গ কিলোমিটার। বার্ষিক সর্বোচ্চ গড় তাপমাত্রা ৩৩.৫ ডিগ্রি সেলসিয়াস এবং সর্বনিম্ন তাপমাত্রা ১০.৫ ডিগ্রি সেলসিয়াস। বার্ষিক বৃষ্টিপাত ২৫৩৬ মিলিমিটার। প্রধান নদীসমূহ পূনর্ভবা, আত্রাই।",বাংলাদেশের দিনাজপুর জেলার মোট আয়তন কত ?,৩৪৩৭.৯৮ বর্গ কিলোমিটার,৩৪৭৮.২৫ বর্গ কিলোমিটার,yes,yes
bengali-530330988068464850-8::specificity,bengali-530330988068464850-8,specificity,বোর্ড অব গভর্নরস্‌ কর্তৃক ব্যাংকের প্রেসিডেন্ট নির্বাচিত করা হয়। তিনি পরিচালনা পরিষদের সভাপতি হিসেবে ব্যাংক পরিচালনা করে থাকেন। প্রেসিডেন্ট ৫ বছর সময়কালের জন্য নিযুক্ত হন। প্রয়োজনে তিনি পুণরায় নির্বাচিত হতে পারেন। সচরাচর এবং সর্বোবৃহৎ মালিকানার অধিকারী বিধায় জাপানীরাই এর প্রেসিডেন্ট হয়ে থাকেন। বর্তমান প্রেসিডেন্ট হচ্ছেন তাকিহিকো নাকাও। তিনি ২০১৩ সালে হারুহিকো'র স্থলাভিষিক্ত হন। এডিবি'র সদর দফতর ফিলিপাইনে অবস্থিত।[5][6] এর ঠিকানা হচ্ছে -,এশীয় উন্নয়ন ব্যাংকের বর্তমান সভাপতি কে ?,তাকিহিকো নাকাও,বর্তমানে এশীয় উন্নয়ন ব্যাংকের সভাপতি জাপানের একজন প্রতিনিধি।,yes,yes
bengali--5001943450569685769-1::factualness,bengali--5001943450569685769-1,factualness,"১৯৮২ সালে লুকিন’ টু গেট আউট চলচ্চিত্রে বাবা জন ভইটের সাথে একটি শিশু চরিত্রে অভিনয়ের মধ্য দিয়ে চলচ্চিত্র জগতে জোলির আবির্ভাব হয়। তবে পেশাদার চলচ্চিত্র অভিনেত্রী হিসেবে তাঁর অভিষেক ঘটে স্বল্প বাজেটের ছবি সাইবর্গ ২ (১৯৯৩)-এ অভিনয়ের মাধ্যমে। তাঁর অভিনীত প্রথম বড় মাপের ছবি হ্যাকারস (১৯৯৫)। এ ছবিতে তিনি নামভূমিকায় অভিনয় করেন। পরবর্তীতে তাঁকে জর্জ ওয়ালেস (১৯৯৭) ও জিয়া (১৯৯৮)-এর মতো সমালোচক-নন্দিত চলচ্চিত্রে অভিনয় করতে দেখা যায়। নাট্য চলচ্চিত্র গার্ল, ইন্টারাপ্টেড (১৯৯৯)-এ অনবদ্য অভিনয়ের জন্য তিনি সেরা পার্শ্ব অভিনেত্রী বিভাগে একাডেমি পুরস্কার লাভ করেন। ভিডিও গেম নায়িকা লারা ক্রফ্‌ট চরিত্র নিয়ে লারা ক্রফ্‌ট: টুম্ব রেইডার (২০০১) চলচ্চিত্রে অভিনয় তাঁর তারকাখ্যাতি আরও বাড়িয়ে দেয়। মূলত এরপর থেকেই জোলি হলিউডের অন্যতম ও সর্বোচ্চ পারিশ্রমিক-প্রাপ্ত একজন অভিনেত্রী হিসেবে বিবেচিত হয়ে আসছেন।[2] তাঁর চলচ্চিত্র-জীবনের সর্বোচ্চ ব্যবসায়িক সাফল্য যে দুটি চলচ্চিত্র থেকে এসেছে সেগুলো হলো অ্যাকশন-কমেডিধর্মী মি. এন্ড মিসেস. স্মিথ (২০০৫) এবং অ্যানিমেশন চলচ্চিত্র কুং ফু পান্ডা (২০০৮)।[3]",মার্কিন অভিনেত্রী অ্যাঞ্জেলিনা জোলি সর্বপ্রথম কোন মার্কিন চলচ্চিত্রে অভিনয় করেছিলেন ?,লুকিন’ টু গেট আউট,অ্যাঞ্জেলিনা জোলি সর্বপ্রথম অভিনয় করেছিলেন **সাইবর্গ ২**-এ।,yes,yes
bengali-6842067104920478592-1::specificity,bengali-6842067104920478592-1,specificity,"ঢাকা বিশ্ববিদ্যালয়ের শিক্ষকবৃন্দ সবচেয়ে বেশিসংখ্যক বাংলাদেশ বিজ্ঞান একাডেমি পদক লাভ করেছেন।[5][6] এছাড়াও, এটি বাংলাদেশের একমাত্র বিশ্ববিদ্যালয় হিসেবে এশিয়াউইকের পক্ষ থেকে শীর্ষ ১০০ বিশ্ববিদ্যালয়ে জায়গা করে নেয়।[7] এটি এশিয়ার সেরা ১০০টি বিশ্ববিদ্যালয়ের মধ্যে ৬৪তম।[8] এখানে প্রায় ৩৮,০০০ ছাত্র-ছাত্রী এবং ১,৮০৫ জন শিক্ষক রয়েছে৷[1][2]",ঢাকা বিশ্ববিদ্যালয়ের বর্তমান (২০১৯) ছাত্রছাত্রীর সংখ্যা কত ?,"প্রায় ৩৮,০০০","বর্তমানে ঢাকা বিশ্ববিদ্যালয়ে প্রায় ৪০,০০০-এর বেশি ছাত্রছাত্রী রয়েছে।",yes,yes
bengali--7064958051407671671-1::factualness,bengali--7064958051407671671-1,factualness,ঐতিহ্যবাহী  স্যার আশুতোষ কলেজের প্রতিষ্ঠাতা রেবতী  রমণ দত্ত পিতা রসিক চন্দ্র দত্তের জ্যেষ্ঠপুত্র ছিলেন ।১৮৮৫ খৃষ্টাব্দের ২২ জুলাই বোয়ালখালী উপজেলার  অন্তর্গত  কানুনগোপাড়া গ্রামে তিনি জন্মগ্রহণ করেন । মধ্যবিত্ত পরিবারের সন্তান ছিলেন তিনি। পিতার আয় খুব বেশি ছিল না । পিতার আয় এবং সামান্য ভূ স¤পত্তির উপর নির্ভর করে পরিবারের ব্যয়  নির্বাহ হতো ।,স্যার আশুতোষ সরকারি কলেজ কে প্রতিষ্ঠা করেন ?,রেবতী  রমণ দত্ত,স্যার আশুতোষ সরকারি কলেজ প্রতিষ্ঠা করেন রসিক চন্দ্র দত্ত।,yes,yes
bengali-1733542226552149709-2::inference,bengali-1733542226552149709-2,inference,"ইসলাম শব্দটি এসেছে আরবি س-ل-م শব্দটি হতে; যার দু'টি অর্থঃ ১. শান্তি ২. আত্মসমর্পণ করা। সংক্ষেপে, ইসলাম হলো শান্তি (প্রতিষ্ঠা)'র উদ্দেশ্যে এক ও অদ্বিতীয় ঈশ্বর (আল্লাহ)-এর কাছে আত্মসমর্পণ করা।",ইসলাম শব্দটির উৎপত্তি কোন শব্দ থেকে ?,আরবি س-ل-,ইসলাম শব্দটির উৎপত্তি আরবি “শান্তি” শব্দ থেকে।,no,no
bengali-802268299326091752-3::factualness,bengali-802268299326091752-3,factualness,"জাবির ইবন হাইয়ান ৭২২ খ্রিস্টাব্দে তুস, পারস্যে জন্ম গ্রহণ করেন।[4] ধ্রুপদী সূত্র অনিয়ায়ী জাবির ভিন্নভাবে আল-আযদি বা আল-বারিজি বা আল-কুফি বা আল-তুসি বা আল-সুফী হিসেবে অধিকারী হয়েছেন।[8] তার জন্ম স্থান নিয়ে মত পার্থক্য রয়েছে, কারো মতে তিনি ছিলেন একজন খোরাসান, পারস্য যিনি পরে কুফাতে যান, অন্যদের মতে তিনি ছিলেন সিরিয়া আদিবাসি পরে তিনি পারস্য ও ইরাকে বসবাস করেন।[8] তার পূর্বপুরুষগনের পটভূমি স্পষ্ট নয়, কিন্তু অধিকাংশ সূত্র তাকে একজন ফার্সি হিসেবে উল্লেখ করে।[3] কিছু সূত্রে জানা যায় যে, তার পিতা ছিলেন হাইয়ান আল-আযদি। তিনি ছিলেন আরব আযদ উপজাতির একজন ফার্মাসিস্ট যিনি উমাইয়া খিলাফতের সময় ইয়েমেন থেকে কুফাতে প্রবসিত হন।[9][10]",আবু মুসা জাবির ইবন হাইয়ান কোন দেশের নাগরিক ছিলেন ?,পারস্যে,আবু মুসা জাবির ইবন হাইয়ান ছিলেন সিরিয়ার নাগরিক।,yes,yes
bengali--8629802684896762580-0::factualness,bengali--8629802684896762580-0,factualness,"উইলিয়াম আব্রাহাম সাইমন ঔডারল্যান্ড (Dutch: Wiliam Ouderland) (জন্ম: ৬ ডিসেম্বর, ১৯১৭ — মৃত্যু: ১৮ই মে, ২০০১) ছিলেন একজন ওলন্দাজ-অস্ট্রেলীয় সামরিক কমান্ডো অফিসার। তিনি দ্বিতীয় বিশ্বযুদ্ধে সক্রিয়ভাবে অংশগ্রহণ করেন। বাংলাদেশের মুক্তিযুদ্ধে প্রত্যক্ষ অবদানের জন্য বাংলাদেশ সরকার তাঁকে বাংলাদেশের চতুর্থ সর্বোচ্চ সামরিক খেতাব বীর প্রতীক প্রদান করে। তিনিই একমাত্র বিদেশী যিনি এই রাষ্ট্রীয় খেতাবে ভূষিত হয়েছেন।[1][2][3] বাংলাদেশের প্রতি অপরিমেয় ভালবাসার জন্য বাঙ্গালী জাতির কাছে তিনি বিশেষভাবে সম্মানিত ও স্মরণীয় ব্যক্তিত্ব।[4] তাঁর স্মৃতির প্রতি শ্রদ্ধার নিদর্শনস্বরূপ বাংলাদেশের রাজধানী ঢাকার গুলশানের একটি রাস্তার নামকরণ করা হয়েছে।",ওলন্দাজ-অস্ট্রেলীয় সামরিক কমান্ডো অফিসার উইলিয়াম আব্রাহাম সাইমন ঔডারল্যান্ড কবে জন্মগ্রহণ করেন ?,"৬ ডিসেম্বর, ১৯১৭","৬ নভেম্বর, ১৯১৬ সালে জন্মগ্রহণ করেন।",yes,yes
bengali--1831213595878006436-0::specificity,bengali--1831213595878006436-0,specificity,ই-ইঙ্ক বা ইলেক্ট্রোফোরেটিক ইঙ্ক এক ধরনের ইলেক্ট্রনিক কাগজ বা পর্দা যা ই ইঙ্ক কর্পোরেশন নামক একটি প্রতিষ্ঠান কর্তৃক শিল্পজাতকৃত। এমআইটি মিডিয়া ল্যাব সর্বপ্রথম ই-ইঙ্ক প্রযুক্তি নিয়ে গবেষণা শুরু করে। পরবর্তীতে ১৯৯৭ সালে এমআইটির ই-ইঙ্ক গবেষণা প্রকল্পের উপর ভিক্তি করে ই ইঙ্ক কর্পোরেশন প্রতিষ্ঠিত হয়। ১৯৯৬ সালের এক পেটেন্ট অণুযায়ী জোসেফ জ্যাকবসন এবং ব্যারেট কমিস্কিকে ই-ইঙ্ক প্রযুক্তির উদ্ভাবক হিসেবে স্বীকৃতি দেয়া হয়েছে।[1],ই ইঙ্ক কর্পোরেশনের প্রতিষ্ঠাতা কে ?,জোসেফ জ্যাকবসন এবং ব্যারেট কমিস্কি,ই ইঙ্ক কর্পোরেশন প্রতিষ্ঠা করেন এমআইটি মিডিয়া ল্যাবের গবেষকেরা।,yes,yes
bengali-1411582546196272359-27::specificity,bengali-1411582546196272359-27,specificity,"তুরস্কের জনসংখ্যা প্রায় সাত কোটি ১৫ লাখ।[68] দেশটির জন্মহার গড়ে ১ দশমিক ৩১।[69] প্রতি বর্গকিলোমিটারে এর জনসংখ্যা ৯২ জন। এর মধ্যে শহরে বসবাস করে ৭০ দশমিক ৫ জন। ১৫ থেকে ৬৪ বছর বয়সী লোক রয়েছে ৬৬ দশমিক ৫ শতাংশ। শূন্য থেকে ১৪ বছরে বয়সী লোকের সংখ্যা ২৬ দশমিক ৪ শতাংশ। ৬৫ বছরের বেশি বয়সী লোকের সংখ্যা ৭ দশমিক ১ শতাংশ।[70] সিআইএ ফ্যাক্টবুক অনুসারে তুর্কি পুরুষের গড় আয়ু ৭০ দশমিক ৬৭ বছর ও মহিলাদের গড় আয়ু ৭৫ দশমিক ৭৩ বছর। মোট জনসংখ্যার গড় আয়ু ৭৩ দশমিক ১৪ বছর। ৬ থেকে ১৫ বছর বয়সী শিশুদের জন্য শিক্ষা বাধ্যতামূলক ও অবৈতনিক। শিক্ষার হার পুরুষের ৯৫ দশমিক ৩ শতাংশ ও নারীদের ৭৯ দশমিক ৬ শতাংশ। গড় শিক্ষার হার ৮৭ দশমিক ৪ শতাংশ।[71] তুর্কি সংবিধানের ৬৬ নম্বর আর্টিক্যাল অনুসারে, ‘তুরস্কের নাগরিকত্ব যাদের আছে তারাই তুর্কি বলে পরিচিত।[72]",তুরস্কের বর্তমান (২০১৯) জনসংখ্যা কত ?,প্রায় সাত কোটি ১৫ লাখ,প্রায় ৭০ দশমিক ৫ শতাংশ শহরে বসবাস করে,yes,yes
bengali--408485360004026597-2::comprehension,bengali--408485360004026597-2,comprehension,"সূর্য সেন ১৮৯৪ সালের ২২ মার্চ চট্টগ্রামের রাউজান থানার নোয়াপাড়ায় অর্থনৈতিক ভাবে অস্বচ্ছল পরিবারে জন্মগ্রহণ করেন। তাঁর পিতার নাম রাজমনি সেন এবং মাতার নাম শশী বালা সেন। রাজমনি সেনের দুই ছেলে আর চার মেয়ে। সূর্য সেন তাঁদের পরিবারের চতুর্থ সন্তান। দুই ছেলের নাম সূর্য ও কমল। চার মেয়ের নাম বরদাসুন্দরী, সাবিত্রী, ভানুমতী ও প্রমিলা। শৈশবে পিতা মাতাকে হারানো সূর্য সেন কাকা গৌরমনি সেনের কাছে মানুষ হয়েছেন।[2] সূর্য সেন ছেলেবেলা থেকেই খুব মনোযোগী ভাল ছাত্র ছিলেন এবং ধর্মভাবাপন্ন গম্ভীর প্রকৃতির ছিলেন।[3]",মাস্টারদা সূর্যকুমার সেনের বাবার নাম কী ছিল ?,রাজমনি সেন,গৌরমনি সেন,yes,yes
bengali--2741173154472143392-4::comprehension,bengali--2741173154472143392-4,comprehension,"অধ্যক্ষ মতিউর রহমান একজন বীর মুক্তিযোদ্ধা। তিনি মুক্তিযোদ্ধাদের প্রশিক্ষক ও সফল সংগঠকের দায়িত্ব পালন করেন। এ সময় মুক্তিযুদ্ধের রণাঙ্গনে তিনি সরাসরি অংশগ্রহণ করেন। মহান মুক্তিযুদ্ধে ভারতের মেঘালয় রাজ্যের ঢালু যুব শিবিরের ইনচার্জ ছিলেন। মহান মুক্তিযুদ্ধে ১১ নম্বর সেক্টরে তাঁর নেতৃত্বে অসংখ্য মুক্তিযোদ্ধা যুদ্ধের প্রশিক্ষণ গ্রহণ করেন এবং পাকিস্তানী বাহিনীর বিরম্নদ্ধ তীব্র প্রতিরোধ গড়ে তুলেন। তাঁর নেতৃত্বে ১০ ডিসেম্বর ময়মনসিংহ হানাদার মুক্ত হয়। তিনি বৃহত্তর ময়মনসিংহে অসংখ্য শিক্ষা প্রতিষ্ঠান এবং সামাজিক-সাংস্কৃতিক সংগঠন গড়ে তুলেন। ১৯৬৯ সালের গণআন্দোলনে শাহাদাত বরণকারী আলমগীর মনসুর মিন্টুর নামে ১৯৬৯ সালে তিনি আলমগীর মনসুর মিন্টু মেমোরিয়াল কলেজ প্রতিষ্ঠা করেন। প্রতিষ্ঠাকাল থেকে ২০০২ সাল পর্যন্ত প্রায় ৩৪ বছর তিনি এ কলেজের অধ্যক্ষ হিসেবে দায়িত্ব পালন করেন। ২০০২ সালে তিনি বীর মুক্তিযোদ্ধা অধ্যক্ষ মতিউর রহমান একাডেমী স্কুল এন্ড কলেজ প্রতিষ্ঠা করেন। এছাড়া তিনি প্রতিষ্ঠা করেন মেহের রাজ্জাক বেসরকারি প্রাথমিক বিদ্যালয়। প্রতিষ্ঠা করেন বাসাবাড়ি মার্কেট ও গাঙ্গিনাপাড় হকার্স মার্কেট, ময়মনসিংহ। তিনি নাসিরাবাদ গার্লস স্কুল, শহীদ সৈয়দ নজরুল ইসলাম কলেজ এবং নওমহল সানফ্লাওয়ার প্রি-ক্যাডেট স্কুল প্রতিষ্ঠায় বিশেষ ভূমিকা পালন করেন। তাছাড়াও একাধিক মসজিদ মাদ্রাসা প্রতিষ্ঠা করেন।",মতিউর রহমান কোন কলেজের অধ্যক্ষ ছিলেন ?,আলমগীর মনসুর মিন্টু মেমোরিয়াল কলেজ,মতিউর রহমান নাসিরাবাদ গার্লস স্কুলের অধ্যক্ষ ছিলেন।,yes,yes
bengali-5888329246803989668-2::factualness,bengali-5888329246803989668-2,factualness,"প্রাগৈতিহাসিক যুগে গণনার যন্ত্র উদ্ভাবিত বিভিন্ন প্রচেষ্টাকে কম্পিউটার ইতিহাস হিসেবে ধরা হয়। প্রাচীন কালে মানুষ একসময় সংখ্যা বুঝানোর জন্য ঝিনুক, নুড়ি, দড়ির গিট ইত্যাদি ব্যবহার করত। পরবর্তীতে গণনার কাজে বিভিন্ন কৌশল ও যন্ত্র ব্যবহার করে থাকলেও অ্যাবাকাস (Abacus) নামক একটি প্রাচীন গণনা যন্ত্রকেই কম্পিউটারের ইতিহাসে প্রথম যন্ত্র হিসেবে ধরা হয়। এটি আবিষ্কৃত হয় খ্রিষ্টপূর্ব ২৪০০ সালে ব্যাবিলনে। অ্যাবাকাস ফ্রেমে সাজানো গুটির স্থান পরিবর্তন করে গননা করার যন্ত্র। খ্রিস্টপূর্ব ৪৫০/৫০০ অব্দে মিশরে বা চীনে গননা যন্ত্র হিসেবে অ্যাবাকাস তৈরি হয়।",বিশ্বের প্রথম কম্পিউটার কবে আবিষ্কৃত হয় ?,খ্রিষ্টপূর্ব ২৪০০ সালে,বিশ্বের প্রথম কম্পিউটার আবিষ্কৃত হয় খ্রিষ্টপূর্ব ২৫০০ সালে।,yes,yes
bengali--761065314955184950-3::inference,bengali--761065314955184950-3,inference,১৯৬৮ সালে মুজাহিদ ইসলামী ছাত্র সংঘের ফরিদপুর জেলার সভাপতি নির্বাচিত হন।[19] ১৯৭০ সালে ঢাকা বিশ্ববিদ্যালয়ে ভর্তির পর তিনি ঢাকা জেলার ছাত্র সংঘের সভাপতি হিসেবে নির্বাচিত হন।[19] ১৯৭০-এর আগস্ট-সেপ্টেম্বরের দিকে মুজাহিদ পূর্ব পাকিস্তান ইসলামী ছাত্রসংঘের সেক্রেটারি নিযুক্ত হন; যা ছিল নিখিল পাকিস্তান ছাত্র সংঘের প্রাদেশিক শাখা[19] এবং ১৯৭১ সালের অক্টোবরে পূর্ব পাকিস্তান ইসলামী ছাত্র সংঘের সভাপতি নির্বাচিত হন।[20],আলী আহসান মুহাম্মদ মুজাহিদ কোন রাজনৈতিক দলের নেতা ছিলেন ?,ইসলামী ছাত্র সংঘে,তিনি **নিখিল পাকিস্তান ছাত্র সংঘের** নেতা ছিলেন।,yes,yes
bengali--7062275363138990568-1::specificity,bengali--7062275363138990568-1,specificity,ভারতীয় জাতীয়তাবাদী নেতা সুরেন্দ্রনাথ বন্দ্যোপাধ্যায়ের উদ্যোগে ১৯২২ সালে গণতান্ত্রিক সায়ত্ত্বশাসন সংস্থা হিসেবে কলকাতা পৌরসংস্থা প্রতিষ্ঠিত হয়। ১৯৪৭ সালে ভারত স্বাধীন হওয়ার পর ১৯৫১ ও ১৯৫৬ সালে দুই বার কর্পোরেশন আইন সংশোধন করা হয়েছিল। বর্তমান পৌরসংস্থাটি ১৯৮০ সালের সংশোধিত পৌর আইনের ভিত্তিতে পরিচালিত হয়। শোভন চট্টোপাধ্যায় কলকাতা পৌরসংস্থার বর্তমান মহানাগরিক।,বর্তমানে কলকাতার মেয়র কে ?,শোভন চট্টোপাধ্যায়,বর্তমানে কলকাতার মেয়র অজানা।,yes,yes
bengali--1869211893475859704-0::factualness,bengali--1869211893475859704-0,factualness,"শাহ এ এম এস কিবরিয়া (পুরো নামঃ শাহ আবু মোহাম্মদ শামসুল কিবরিয়া, জন্ম: মে ১, ১৯৩১ - মৃত্যু: ২৭ জানুয়ারি, ২০০৫) বাংলাদেশী অর্থনীতিবিদ, কূটনীতিবিদ এবং রাজনীতিবিদ।",শাহ এ এম এস কিবরিয়া কত সালে জন্মগ্রহণ করেন ?,১৯৩১,শাহ এ এম এস কিবরিয়া ১৯৩২ সালে জন্মগ্রহণ করেন।,no,no
bengali--8465088691390481636-2::inference,bengali--8465088691390481636-2,inference,"রাজস্ব আদায়ের সুবিধার্থে মুর্শিদকুলী খান বহু মুসলমান জমিদারকে বিতাড়িত করে তদ্‌স্থলে হিন্দু জমিদার নিযুক্ত করেন। ভাওয়ালের গাজীগণ মুর্শিদকুলী খানের এই নীতির কারণে জমিদারি স্বত্ব হারান। ১৭০৪ সালে শ্রীকৃষ্ণকে ভাওয়ালের জমিদার হিসেবে প্রতিষ্ঠা করা হয়। তখন থেকে এই পরিবারটি ১৯৫১ সালে জমিদারি প্রথা বিলুপ্ত না হওয়া পর্যন্ত ক্রমাগতভাবে এই জমিদারির অধিকারী ছিলেন। শিকারী বেশে রমেন্দ্রনারায়ণ রায়চৌধুরী চিরস্থায়ী বন্দোবস্ত এর পরবর্তী সময়ে ভাওয়াল পরিবার বহু ছোটোখাটো জমিদারি বা জমি ক্রয় করে একটি বিরাট জমিদারির মালিক হয়। ১৮৫১ সালে পরিবারটি নীলকর জেমস ওয়াইজ এর জমিদারি ক্রয় করে। এই ক্রয়ের মাধ্যমে পরিবারটি সম্পূর্ণ ভাওয়াল পরগনার মালিক হয়ে যায়। সরকারি রাজস্ব নথিপত্র থেকে এটি জানা যায় যে, ভাওয়ালের জমিদার ৪,৪৬,০০০ টাকা দিয়ে ওয়াইজের জমিদারি ক্রয় করেন, যা ছিল সে যুগের মূল্যমানের বিচারে বেশ বড় একটি অঙ্ক। ১৮৭৮ সালে এই পরিবারের জমিদার কালীনারায়ণ রায়চৌধুরী ব্রিটিশ সরকারের কাছ থেকে বংশানুক্রমিক ‘রাজা’ উপাধি লাভ করেন। কালীনারায়ণের পুত্র রাজা রাজেন্দ্রনারায়ণ রায়চৌধুরী এই জমিদারির আরও বিস্তৃতি ঘটান। এই সময়ই ভাওয়াল জমিদারি ঢাকা, ময়মনসিংহ, ফরিদপুর ও বাকেরগঞ্জ জেলায় বিস্তৃত হয়ে পড়ে এবং পূর্ব বাংলার দ্বিতীয় বৃহত্তম জমিদারিতে পরিবর্তিত হয়। উল্লেখ্য যে, যদিও ঢাকার নওয়াব এস্টেটটি পূর্ব বাংলার বিভিন্ন জেলাসমূহে জমিদারি বিস্তৃত করেছিল এবং জমিদারির প্রশাসনিক কেন্দ্র ঢাকা শহরেই অবস্থিত ছিল, কিন্তু ঢাকা শহরের অংশবিশেষ ও আশপাশের প্রায় সকল জমির মালিক ছিলেন ভাওয়াল রাজা। ১৯১৭ সালে ভূমি জরিপ ও বন্দোবস্ত রেকর্ড থেকে জানা যায় যে, ভাওয়াল পরিবারটি বিভিন্ন স্থানে ছড়িয়ে ছিটিয়ে থাকা ২২৭৪টি মৌজায় ৪,৫৯,১৬৩.৩ একর জমির মালিক ছিলেন। ১৯০৪ সালে জমিদারিটি সরকারকে ৮৩,০৫২ টাকা রাজস্ব হিসেবে প্রদান করে এবং সকল খরচ-খরচা বাদ দিয়ে ৪,৬২,০৯৬ টাকা নিট আয় করে।",ভাওয়াল জমিদার বংশের সর্বপ্রথম জমিদার কে ছিলেন ?,শ্রীকৃষ্ণ,"ভাওয়াল জমিদার বংশের সর্বপ্রথম জমিদার ছিলেন **মুর্শিদকুলী খান**। রাজস্ব আদায়ের সুবিধার্থে তিনিই ভাওয়াল অঞ্চলে জমিদারি পুনর্গঠন করেন, তাই তাকে এই বংশের প্রথম",yes,yes
bengali-2837715351541780910-2::specificity,bengali-2837715351541780910-2,specificity,"অয়লার এর বাবা ছিলেন পল অয়লার। তিনি ছিলেন রিফর্মড চার্চের একজন যাজক। মা ছিলেন মার্গারিট ব্রুকার, তিনিও ছিলেন একজন যাজকেরই মেয়ে। অয়লারের ছোট দুই বোন ছিল, আন্না মারিয়া এবং মারিয়া ম্যাগডালেনা। অয়লারের বয়স যখন এক বছর, তখন অয়লার পরিবার ব্যাসেল ছেড়ে রাইহেনে বসবাস করতে শুরু করেন এবং সেখানেই শৈশব কাটান অয়লার। পল অয়লার ছিলেন বের্নুলি পরিবারের—ইয়োহান বের্নুলির পারিবারিক বন্ধু, যিনি সে সময়ে ইউরোপের শ্রেষ্ঠ গণিতবিদ বিবেচিত ছিলেন। বের্নুলি তরুণ অয়লারের ওপর গভীর প্রভাব রাখেন। প্রাথমিক শিক্ষার জন্য অয়লারকে ব্যাসেলে তার মাতামহের কাছে পাঠানো হয়েছিল। মাত্র ১৩ বছর বয়সে তিনি ব্যাসেল বিশ্ববিদ্যালয়ে ভর্তি হন এবং ১৭২৩ সালে তিনি দেকার্ত ও নিউটনের দার্শনিক ধারণাসমূহের তুলনামুলক বিশ্লেষণ করে দর্শনে মাস্টার্স ডিগ্রী অর্জন করেন। এ সময়ে তিনি ইয়োহান বের্নুলির কাছে প্রতি শনিবার বিকেলে পড়তে যেতেন, যিনি তার ছাত্রের অসাধারণ গাণিতিক প্রতিভা বুঝতে পারেন।[3] তার পিতার ইচ্ছানুযায়ী ধর্মযাজক হবার লক্ষ্যে এ সময় তিনি ধর্মতত্ত্ব, গ্রীক ও হিব্রু নিয়ে পড়াশোনা শুরু করেন, তবে বের্নুলি পল অয়লারকে বোঝান যে তার পুত্র শ্রেষ্ঠ গণিতবিদদের সারিতে স্থান করে নেবার জন্যেই জন্মগ্রহণ করেছে। বেরনুলির সাহায্যে ১৭২৬ সালে অয়লার বিশ্ববিদ্যালয়ের শিক্ষা সমাপ্ত করেন এবং ডি সোনো শিরোনামে শব্দ সঞ্চালনের ওপর পি.এইচ.ডি সম্পন্ন করেন।[4] ১৭২৭ সালে 'জাহাজের পালের সবচেয়ে ভালো সন্নিবেশ কিভাবে করা যায়' তার ওপর একটি প্রবন্ধ লিখে প্যারিস আকাডেমির প্রাইজ প্রবলেম প্রতিযোগিতাতে জমা দেন গ্র্যান্ড প্রাইজের জন্য। সে বছর প্রথম পুরস্কার পেয়েছিলেন নেভাল আর্কিটেকচার এর জনক পিয়েরে বুগুয়ের। অয়লার লাভ করেন দ্বিতীয় স্থান। পরবর্তীকালে অয়লার তার জীবনে মোট ১২ বার এই পুরস্কার পেয়েছিলেন।[5]",সুইস গণিতবিদ এবং পদার্থবিজ্ঞানী লেওনার্ড অয়লারের বাবার নাম কী ?,পল অয়লার,ইয়োহান বের্নুলি ছিলেন অয়লারের বাবা।,yes,yes
bengali--4681043453684884258-12::inference,bengali--4681043453684884258-12,inference,"চাংকি ১৯৯৮ সালে ভাবনা পান্ডেকে বিয়ে করেন এবং তাদের দুই কন্যা। তিনি সিদ্ধান্ত নেন যে, তিনি ২০০২ সালে বলিউড চলচ্চিত্রে ফিরে এসে ডজনখানেক সিনেমায় অভিনয় করে তার অভিনয় জীবন শেষ করবেন। সিনেমায় অভিনয়ের পাশাপাশি তিনি 'বলিউড ইলেক্ট্রিক' )Bollywood Electric) নামে একটি ব্যবসায়ের সাথে জড়িত, যা বিভিন্ন মঞ্চ অনুষ্ঠানের (stage shows) আয়োজন করে। এছাড়া তিনি এবং তার স্ত্রী ভারতের মুম্বাইয়ে একটি স্বাস্থ্যকর খাবারের দোকান পরিচালনা করেন।",সুযশ 'চাংকি' পান্ডের স্ত্রীর নাম কী ?,ভাবনা পান্ডে,তার স্ত্রীর নাম **বলিউড ইলেক্ট্রিক পান্ডে**।,yes,yes
bengali-5489067990214467888-20::factualness,bengali-5489067990214467888-20,factualness,১৯৮০ এর দশকে গুশ এমুনিম আন্ডারগ্রাউন্ড নামক সংগঠনের সদস্য বেন শোশান ও ইয়েহুদা এতজায়ন আল-আকসা মসজিদ ও কুব্বাত আস সাখরা উড়িয়ে দেয়ার পরিকল্পনা করেন। এতজায়ন বিশ্বাস করতেন যে স্থাপনা দুটি উড়িয়ে দিলে তা ইসরায়েলের আধ্যাত্বিক জাগরনে ভূমিকা রাখবে এবং ইহুদি জনগণের সকল সমস্যা সমাধান করবে। তারা এও ধারণা করতেন যে তৃতীয় মন্দির মসজিদের স্থানে নির্মিত হতে হবে।[73][74] প্রথম ইন্তিফাদা চলার সময় ১৯৮৮ খ্রিষ্টাব্দের ১৫ জানুয়ারি ইসরায়েলি সেনারা মসজিদের বাইরে বিক্ষোভকারীদের উপর রাবার বুলেট ও টিয়ার গ্যাস ছোড়ে এবং এতে ৪০ জন মুসল্লি আহত হয়।[75][76] ১৯৯০ খ্রিষ্টাব্দের ৮ অক্টোবর দাঙ্গায় ইসরায়েলি সীমান্ত পুলিশ কর্তৃক ২২ জন ফিলিস্তিনি নিহত ও ১০০ জনের বেশি আহত হয়। টেম্পল মাউন্ট ফেইথফুল নামক ইহুদি ধর্মীয় গোষ্ঠী তৃতীয় মন্দিরের ভিত্তি স্থাপন করতে যাচ্ছে ঘোষণা করলে এই প্রতিবাদ শুরু হয়েছিল।[77][78][79],সর্বপ্রথম ইন্তিফাদা কত সালে শুরু হয়েছিল ?,১৯৮৮,সর্বপ্রথম ইন্তিফাদা শুরু হয়েছিল ১৯৯০ সালে।,yes,yes
bengali-1751452172640731366-2::comprehension,bengali-1751452172640731366-2,comprehension,"""জৈন"" শব্দটি এসেছে সংস্কৃত ""জিন"" (অর্থাৎ, জয়ী) শব্দটি থেকে। যে মানুষ আসক্তি, আকাঙ্ক্ষা, ক্রোধ, অহংকার, লোভ ইত্যাদি আন্তরিক আবেগগুলিকে জয় করেছেন এবং সেই জয়ের মাধ্যমে পবিত্র অনন্ত জ্ঞান (কেবল জ্ঞান) লাভ করেছেন, তাঁকেই ""জিন"" বলা হয়। ""জিন""দের আচরিত ও প্রচারিত পথের অনুগামীদের বলে ""জৈন""।[3][4][5]",জৈন শব্দটি কোন শব্দ থেকে এসেছে ?,"সংস্কৃত ""জিন""","প্রাকৃত ""জিনা"" শব্দ থেকে এসেছে।",yes,yes
bengali-7187858815891071077-1::inference,bengali-7187858815891071077-1,inference,"উসমানীয় সাম্রাজ্য ([دَوْلَتِ عَلِيّهٔ عُثمَانِیّه, Devlet-i Aliyye-i Osmâniyye]error: {{lang-xx}}: text has italic markup (help), আধুনিক তুর্কি: [Osmanlı İmparatorluğu বা Osmanlı Devleti]error: {{lang}}: text has italic markup (help)), ঐতিহাসিকভাবে তুর্কি সাম্রাজ্য বা তুরস্ক বলে পরিচিত, ছিল একটি ইসলামি সাম্রাজ্য। ১২৯৯ সালে অঘুজ তুর্কি বংশোদ্ভূত প্রথম উসমান উত্তরপশ্চিম আনাতোলিয়ার দ্বায়িত্ব পান সেলযুক সাম্রাজ্য কতৃক। প্রথম দিকে সেলযুক সাম্রাজ্যের প্রতি অনুগত থাকলেও সেলজুক সাম্রাজ্যের ক্রান্তিলগ্নে স্বাধীনতা ঘোষণা করেন। এবং ধীরে ধীরে একটি বৃহত সালতানাত প্রতিষ্ঠা করেন। তিনি সেলজুক রাজবংশের জামাতাও ছিলেন  [7] এবং প্রথম উসমানের মাতা হালিমে সুলতান ছিলেন সেলজুক শাহজাদা নুমান এর মেয়ে অর্থাৎ আর্তুগুলের স্ত্রী প্রথম মুরাদ কর্তৃক বলকান জয়ের মাধ্যমে উসমানীয় সাম্রাজ্য বহুমহাদেশীয় সাম্রাজ্য হয়ে উঠে এবং খিলাফতের দাবিদার হয়। ১৪৫৩ সালে সুলতান দ্বিতীয় মুহাম্মদের কনস্টান্টিনোপল জয় করার মাধ্যমে উসমানীয়রা বাইজেন্টাইন সাম্রাজ্য উচ্ছেদ করে। ১৫২৬ সালে হাঙ্গেরি জয়ের পর ইউরোপের বলকান অঞ্চল সমূহ নিয়ে বড় রাজ্য প্রতিষ্ঠা লাভ করে। [8][9][10]",প্রথম উসমানীয় সুলতানের নাম কী ?,প্রথম উসমান,প্রথম মুরাদ,yes,yes
