id,context,question,correct_answer,id_key,raw_response,claims_json,verdict_model,verdict_agg,num_claims,num_supported,num_contradicted,num_missing,divergence,parse_error,verdict_source,is_hallucinated
bengali-5447758927889596593-4,"আয়তন ৪৪৪.০৫ বর্গ কিলোমিটার। এটি ১টি থানা, ১টি পৌরসভা, ৯টি ওয়ার্ড, ১৩টি মহল্লা, ১১টি ইউনিয়ন, ৮৭টি মৌজা, ১১০টি গ্রাম নিয়ে গঠিত।",ভালুকা উপজেলা মোট কয়টি গ্রাম নিয়ে গঠিত ?,১১০,bengali-5447758927889596593-4,"```json
{
  ""claims"": [{""claim"": ""ভালুকা উপজেলা মোট ১১০টি গ্রাম নিয়ে গঠিত।"", ""supported_by"": ""১১০টি গ্রাম"", ""status"": ""supported""}],
  ""verdict"": ""yes""
}
```","[{""claim"": ""ভালুকা উপজেলা মোট ১১০টি গ্রাম নিয়ে গঠিত।"", ""supported_by"": ""১১০টি গ্রাম"", ""status"": ""supported""}]",yes,no,1,1,0,0,1,,agg,no
bengali-9078535216838685259-0,ঢাকা বিশ্ববিদ্যালয় বাংলাদেশের সবচেয়ে পুরানো বিশ্ববিদ্যালয়। এই বিশ্ববিদ্যালয় ১৯২১ সালে প্রতিষ্ঠিত হয়। বাংলাদেশের মোট উচ্চ শিক্ষিত জনগোষ্ঠির প্রায় ৭০%-ই এই বিশ্ববিদ্যালয়ের ছাত্র-ছাত্রী। প্রতিষ্ঠার পর থেকে এ যাবৎ ২৬ জন বিশিষ্ট শিক্ষাবিদ ঢাকা বিশ্ববিদ্যালয়ের উপাচার্যের দায়িত্ব পালন করেছেন। এই বিশ্ববিদ্যালয়ের বর্তমান উপাচার্য মো. আখতারুজ্জামান।,ঢাকা বিশ্ববিদ্যালয়ের বর্তমান (২০১৯) উপাচার্যের নাম কী ?,মো. আখতারুজ্জামান,bengali-9078535216838685259-0,"```json
{
  ""claims"": [
    {
      ""claim"": ""ঢাকা বিশ্ববিদ্যালয়ের বর্তমান উপাচার্য মো. আখতারুজ্জামান।"",
      ""supported_by"": ""এই বিশ্ববিদ্যালয়ের বর্তমান উপাচার্য মো. আখতারুজ্জামান।"",
      ""status"": ""supported""
    }
  ],
  ""verdict"": ""no""
}
```","[{""claim"": ""ঢাকা বিশ্ববিদ্যালয়ের বর্তমান উপাচার্য মো. আখতারুজ্জামান।"", ""supported_by"": ""এই বিশ্ববিদ্যালয়ের বর্তমান উপাচার্য মো. আখতারুজ্জামান।"", ""status"": ""supported""}]",no,no,1,1,0,0,0,,agg,no
bengali-5846157904123319216-6,"আঠারো শতাব্দীতে ইন্সতিতুসিওন লিব্রে দে এন্সেনিয়াঞ্জার শিক্ষাবিদ এবং শিক্ষার্থী, কেমব্রিজ বিশ্ববিদ্যালয় এবং অক্সফোর্ড বিশ্ববিদ্যালয়ের স্নাতকদের দ্বারা মাদ্রিদে ফুটবল খেলা প্রচারের মাধ্যমে রিয়াল মাদ্রিদ প্রতিষ্ঠার ভিত্তি গড়ে উঠে। ১৮৯৭ সালে, তারা (সোসিয়েদাদ) স্কাই ফুটবল নামে একটি সংঘ প্রতিষ্ঠিত করেন, যেটি লা সোসিয়েদাদ (সমাজ) নামেই অধিক পরিচিত। এটি সেসময়ের মাদ্রিদভিত্তিক খেলাধুলার একমাত্র সংঘ ছিল, যেটি প্রতি রবিবার সকালে মনক্লোয়া</i>য় খেলত। ১৯০০ সালে, এই সংঘের কয়েকজনের মধ্যে দ্বন্দ্বের সৃষ্টি হওয়ার ফলে তারা স্কাই ফুটবল হতে বিভক্ত হয়ে গিয়ে নুয়েভা সোসিয়েদাদ দে ফুটবল (ফুটবলের নতুন সমাজ) নামে নতুন একটি ক্লাব গঠন করে। বিভক্ত হয়ে যাওয়া ব্যক্তিদের মধ্যে একজন ছিলেন হুলিয়ান পালাকিওস, যিনি রিয়াল মাদ্রিদের প্রথম সভাপতির দায়িত্ব পালন করেছেন। এছাড়াও বিভক্ত হয়ে যাওয়া ব্যক্তিদের মধ্যে ছিলেন দুই ভাই হুয়ান পাদ্রোস এবং কার্লোস পাদ্রোস, যারা পরবর্তীতে রিয়াল মাদ্রিদের সভাপতিত্বের দায়িত্ব পালন করেছেন। ১৯০১ সালে, এই নতুন ক্লাবের নাম পরিবর্তন করে মাদ্রিদ ফুটবল ক্লাব রাখা হয়। পরবর্তীতে, ১৯০২ সালে পুনর্গঠনের পর স্কাই ফুটবল সংঘটি নাম পরিবর্তন করে নিউ ফুট-বল ক্লাব রাখে।[24][25][26] ১৯০৬ সালের ৬ই মার্চ তারিখে, হুয়ান পাদ্রোসের সভাপতিত্বে একটি নতুন বোর্ড নির্বাচিত হওয়ার পর, মাদ্রিদ ফুটবল ক্লাব আনুষ্ঠানিকভাবে প্রতিষ্ঠা লাভ করে।[3]",রিয়াল মাদ্রিদ ফুটবল ক্লাবটির সর্বপ্রথম সভাপতি কে ছিলেন ?,হুলিয়ান পালাকিওস,bengali-5846157904123319216-6,"```json
{
  ""claims"": [
    {
      ""claim"": ""রিয়াল মাদ্রিদ ফুটবল ক্লাবটির সর্বপ্রথম সভাপতি হুলিয়ান পালাকিওস ছিলেন।"",
      ""supported_by"": ""এছাড়াও বিভক্ত হয়ে যাওয়া ব্যক্তিদের মধ্যে ছিলেন হুলিয়ান পালাকিওস, যিনি রিয়াল মাদ্রিদের প্রথম সভাপতির দায়িত্ব পালন করেছেন।"",
      ""status"": ""supported""
    }
  ],
  ""verdict"": ""yes""
}
```","[{""claim"": ""রিয়াল মাদ্রিদ ফুটবল ক্লাবটির সর্বপ্রথম সভাপতি হুলিয়ান পালাকিওস ছিলেন।"", ""supported_by"": ""এছাড়াও বিভক্ত হয়ে যাওয়া ব্যক্তিদের মধ্যে ছিলেন হুলিয়ান পালাকিওস, যিনি রিয়াল মাদ্রিদের প্রথম সভাপতির দায়িত্ব পালন করেছেন।"", ""status"": ""supported""}]",yes,no,1,1,0,0,1,,agg,no
bengali--8629802684896762580-0,"উইলিয়াম আব্রাহাম সাইমন ঔডারল্যান্ড (Dutch: Wiliam Ouderland) (জন্ম: ৬ ডিসেম্বর, ১৯১৭ — মৃত্যু: ১৮ই মে, ২০০১) ছিলেন একজন ওলন্দাজ-অস্ট্রেলীয় সামরিক কমান্ডো অফিসার। তিনি দ্বিতীয় বিশ্বযুদ্ধে সক্রিয়ভাবে অংশগ্রহণ করেন। বাংলাদেশের মুক্তিযুদ্ধে প্রত্যক্ষ অবদানের জন্য বাংলাদেশ সরকার তাঁকে বাংলাদেশের চতুর্থ সর্বোচ্চ সামরিক খেতাব বীর প্রতীক প্রদান করে। তিনিই একমাত্র বিদেশী যিনি এই রাষ্ট্রীয় খেতাবে ভূষিত হয়েছেন।[1][2][3] বাংলাদেশের প্রতি অপরিমেয় ভালবাসার জন্য বাঙ্গালী জাতির কাছে তিনি বিশেষভাবে সম্মানিত ও স্মরণীয় ব্যক্তিত্ব।[4] তাঁর স্মৃতির প্রতি শ্রদ্ধার নিদর্শনস্বরূপ বাংলাদেশের রাজধানী ঢাকার গুলশানের একটি রাস্তার নামকরণ করা হয়েছে।",ওলন্দাজ-অস্ট্রেলীয় সামরিক কমান্ডো অফিসার উইলিয়াম আব্রাহাম সাইমন ঔডারল্যান্ড কবে জন্মগ্রহণ করেন ?,"৬ ডিসেম্বর, ১৯১৭",bengali--8629802684896762580-0,"```json
{
  ""claims"": [
    {
      ""claim"": ""ওলন্দাজ-অস্ট্রেলীয় সামরিক কমান্ডো অফিসার উইলিয়াম আব্রাহাম সাইমন ঔডারল্যান্ড ৬ ডিসেম্বর, ১৯১৭ সালে জন্মগ্রহণ করেন।"",
      ""supported_by"": ""জন্ম: ৬ ডিসেম্বর, ১৯১৭"",
      ""status"": ""supported""
    }
  ],
  ""verdict"": ""no""
}
```","[{""claim"": ""ওলন্দাজ-অস্ট্রেলীয় সামরিক কমান্ডো অফিসার উইলিয়াম আব্রাহাম সাইমন ঔডারল্যান্ড ৬ ডিসেম্বর, ১৯১৭ সালে জন্মগ্রহণ করেন।"", ""supported_by"": ""জন্ম: ৬ ডিসেম্বর, ১৯১৭"", ""status"": ""supported""}]",no,no,1,1,0,0,0,,agg,no
bengali-7598272783189345090-0,ডাব্লিউডাব্লিউই ওয়ার্ল্ড চ্যাম্পিয়নশিপ হল পেশাদার কুস্তি প্রতিযোগীতার একটি চ্যাম্পিয়নশিপ। এটি তৈরি ও প্রবর্তন করেছে আমেরিকান পেশাদার কুস্তি প্রমোশন ডাব্লিউডাব্লিউই। ১৯৬৩ সালের ২৫ এপ্রিল মাসে তৎকালীন ওয়ার্ল্ড ওয়াইড রেসলিং ফেডারেশন (বর্তমানে ডাব্লিউডাব্লিউই) ডাব্লিউডাব্লিউডাব্লিউএফ ওয়ার্ল্ড হেভিওয়েট চ্যাম্পিয়নশিপ হিসেবে প্রতিষ্ঠা করে। প্রাক্তন  চ্যাম্পিয়ন সেথ রলিন্স প্রথম ব্যক্তি যিনি মানি ইন দ্য ব্যাংক চুক্তি ক্যাশ ইন করে  রেসেলম্যানিয়া ৩১ এ চ্যাম্পিয়ন হয়।,ডাব্লিউডাব্লিউই কত সালে প্রতিষ্ঠিত হয় ?,১৯৬৩ সালের ২৫ এপ্রিল,bengali-7598272783189345090-0,"```json
{
  ""claims"": [
    {
      ""claim"": ""ডাব্লিউডাব্লিউই ১৯৬৩ সালের ২৫ এপ্রিল মাসে প্রতিষ্ঠিত হয়।"",
      ""supported_by"": ""১৯৬৩ সালের ২৫ এপ্রিল মাসে তৎকালীন ওয়ার্ল্ড ওয়াইড রেসলিং ফেডারেশন (বর্তমানে ডাব্লিউডাব্লিউই) ডাব্লিউডাব্লিউডাব্লিউএফ ওয়ার্ল্ড হেভিওয়েট চ্যাম্পিয়নশিপ হিসেবে প্রতিষ্ঠা করে।"",
      ""status"": ""supported""
    }
  ],
  ""verdict"": ""yes""
}
```","[{""claim"": ""ডাব্লিউডাব্লিউই ১৯৬৩ সালের ২৫ এপ্রিল মাসে প্রতিষ্ঠিত হয়।"", ""supported_by"": ""১৯৬৩ সালের ২৫ এপ্রিল মাসে তৎকালীন ওয়ার্ল্ড ওয়াইড রেসলিং ফেডারেশন (বর্তমানে ডাব্লিউডাব্লিউই) ডাব্লিউডাব্লিউডাব্লিউএফ ওয়ার্ল্ড হেভিওয়েট চ্যাম্পিয়নশিপ হিসেবে প্রতিষ্ঠা করে।"", ""status"": ""supported""}]",yes,no,1,1,0,0,1,,agg,no
bengali--602111576961978859-5,"ভাওয়াল এস্টেটের সর্বশেষ ক্ষমতাবান জমিদার ছিলেন রাজা রাজেন্দ্রনারায়ণ রায়চৌধুরী। কালীপ্রসন্ন ঘোষ ছিলেন তাঁর দীউয়ান। উল্লেখ্য যে, কালীপ্রসন্ন ঘোষ ঊনবিংশ শতাব্দীর একজন খ্যাতিমান লেখক ছিলেন। রাজেন্দ্রনারায়ণ রায়চৌধুরীর ছিল তিন পুত্রসন্তান। তাঁরা হলেন রণেন্দ্রনারায়ণ রায়চৌধুরী, রমেন্দ্রনারায়ণ রায়চৌধুরী এবং রবীন্দ্রনারায়ণ রায়চৌধুরী। ১৯০১ সালে রাজেন্দ্রনারায়ণের মৃত্যু হয়। এই সময় তাঁর তিনপুত্র সন্তানই ছিলেন নাবালক। সে কারণে জমিদারিটি একবার ১৯০১ সালে এবং আর একবার ১৯০৪ সালে কোর্ট অব ওয়ার্ডসের অধীনে চলে যায়। রাজেন্দ্রনারায়ণের তিন পুত্র সন্তানকেই একজন ইউরোপীয় গৃহ-শিক্ষক লেখাপড়া শেখাতেন। তাঁর বক্তব্য অনুযায়ী, তিন পুত্রই ছিলেন অজ্ঞ ও ইন্দ্রিয়পরায়ণ, লেখাপড়া ও নৈতিক শিক্ষার প্রতি অত্যন্ত অমনোযোগী। একবার দ্বিতীয় পুত্র রমেন্দ্রনারায়ণ চিকিৎসার জন্য দার্জিলিং গমন করেন। সেখানে তাঁকে মৃত বলে ঘোষণা করা হয় এবং যথারীতি দাহ করা হয় বলেও দাবী করা হয়। অপর দুই পুত্রও খুব অল্প সময়ের মধ্যেই মৃত্যুবরণ করেন এবং পরিবারটি পুত্র সন্তানবিহীন অবস্থায় নিঃশেষ হয়ে যাওয়ার উপক্রম হয়। কিন্তু প্রকৃতপক্ষে দ্বিতীয় পুত্র সন্তানটি নিখোঁজ হয়ে গিয়েছিলেন এবং তিনি বহুদিন যাবৎ সন্ন্যাসী হিসেবে জীবন যাপন করেন। পরিশেষে ১৯২০ সালের শেষের দিকে তিনি নাটকীয়ভাবে দারুণ সাড়া জাগিয়ে প্রায় ১২ বছর পর ঢাকায় এসে উপস্থিত হন এবং তার জমিদারি দাবি করেন। এভাবেই ১৯৩৫ সালে শুরু হয় বিখ্যাত ভাওয়াল সন্ন্যাসী মামলা, যা সমগ্র বাংলায়, এমনকি বাংলার বাইরেও প্রায় এক যুগ ধরে খবরের কাগজে সংবাদ এবং নানা ধরনের গল্প গুজবের প্রধান উপাদান হয়ে থাকে। এমনকি ঘটনাটি সারা ভারতবর্ষে বিভিন্ন ভাষায় সাহিত্য, নাটক এবং সিনেমারও বিষয়বস্তু হয়। ভাওয়াল সন্ন্যাসী মামলার পরে জমিদারির উত্তরাধিকারের বিষয়টি শেষ পর্যন্ত জটিল হয়ে পড়ে এবং ফলে এর ব্যবস্থাপনা ১৯৫১ সালে জমিদারি প্রথা বাতিল না হওয়া পর্যন্ত কোর্ট অব ওয়ার্ডসের অধীনেই থেকে যায়। যেহেতু উত্তরাধিকারী নিয়ে বহু জটিলতা ছিল এবং জমিদারি সংক্রান্ত বহু মামলাও অমীমাংসিত ছিল, সে কারণে জমিদারি প্রথা বিলুপ্ত ঘোষণার পরেও এর বিষয়-সম্পত্তি বা দায়-দায়িত্ব যথাযথভাবে বণ্টন করা সম্ভব হয় নি। ফলে পাকিস্তান আমলেও জমিদারিটি কোর্ট অব ওয়ার্ডসের অধীনেই থাকে। বর্তমানে ভাওয়াল এস্টেটের কর্মকাণ্ড গণপ্রজাতন্ত্রী বাংলাদেশ সরকারের ভূমি সংস্কার বোর্ড পরিচালনা করে।",ভাওয়াল সন্ন্যাসী মামলা কবে শেষ হয় ?,১৯৫১ সালে,bengali--602111576961978859-5,"```json
{
  ""claims"": [
    {
      ""claim"": ""ভাওয়াল সন্ন্যাসী মামলা ১৯৫১ সালে শেষ হয়।"",
      ""supported_by"": ""ভাওয়াল সন্ন্যাসী মামলার পরে জমিদারির উত্তরাধিকারের বিষয়টি শেষ পর্যন্ত জটিল হয়ে পড়ে এবং ফলে এর ব্যবস্থাপনা ১৯৫১ সালে জমিদারি প্রথা বাতিল না হওয়া পর্যন্ত কোর্ট অব ওয়ার্ডসের অধীনেই থেকে যায়।"",
      ""status"": ""supported""
    }
  ],
  ""verdict"": ""yes""
}
```","[{""claim"": ""ভাওয়াল সন্ন্যাসী মামলা ১৯৫১ সালে শেষ হয়।"", ""supported_by"": ""ভাওয়াল সন্ন্যাসী মামলার পরে জমিদারির উত্তরাধিকারের বিষয়টি শেষ পর্যন্ত জটিল হয়ে পড়ে এবং ফলে এর ব্যবস্থাপনা ১৯৫১ সালে জমিদারি প্রথা বাতিল না হওয়া পর্যন্ত কোর্ট অব ওয়ার্ডসের অধীনেই থেকে যায়।"", ""status"": ""supported""}]",yes,no,1,1,0,0,1,,agg,no
bengali-2219441392212686141-0,"ভুবন চিল, বাদামি চিল, গোদা চিল, ডোম চিল (বৈজ্ঞানিক নাম: Milvus migrans) (English: Black Kite) বা কেবলই চিল Accipitridae (অ্যাক্সিপিট্রিডি) গোত্র বা পরিবারের অন্তর্গত Milvus (মিলভাস) গণের এক প্রজাতির মাঝারি আকারের সুলভ শিকারী পাখি।[1][2] ভুবন চিলের বৈজ্ঞানিক নামের অর্থ পরিযায়ী চিল (গ্রিক Milvus = চিল, migrans = পরিযায়ন)।[2] সাঁওতালি ভাষায় ভুবন চিলের নাম কুরিত, সিংহলিতে রাজালিয়া, অসমিয়ায় চিলানা ও মুগাচারানি; সিন্ধিতে নাম সিরিউন।[3]",ভুবন চিলের বৈজ্ঞানিক নাম কী ?,Milvus migrans,bengali-2219441392212686141-0,"```json
{
  ""claims"": [{""claim"": ""ভুবন চিলের বৈজ্ঞানিক নাম Milvus migrans"", ""supported_by"": ""বৈজ্ঞানিক নাম: Milvus migrans"", ""status"": ""supported""}],
  ""verdict"": ""yes""
}
```","[{""claim"": ""ভুবন চিলের বৈজ্ঞানিক নাম Milvus migrans"", ""supported_by"": ""বৈজ্ঞানিক নাম: Milvus migrans"", ""status"": ""supported""}]",yes,no,1,1,0,0,1,,agg,no
bengali-2401284065373388325-2,"প্রাগৈতিহাসিক যুগে গণনার যন্ত্র উদ্ভাবিত বিভিন্ন প্রচেষ্টাকে কম্পিউটার ইতিহাস হিসেবে ধরা হয়। প্রাচীন কালে মানুষ একসময় সংখ্যা বুঝানোর জন্য ঝিনুক, নুড়ি, দড়ির গিট ইত্যাদি ব্যবহার করত। পরবর্তীতে গণনার কাজে বিভিন্ন কৌশল ও যন্ত্র ব্যবহার করে থাকলেও অ্যাবাকাস (Abacus) নামক একটি প্রাচীন গণনা যন্ত্রকেই কম্পিউটারের ইতিহাসে প্রথম যন্ত্র হিসেবে ধরা হয়। এটি আবিষ্কৃত হয় খ্রিষ্টপূর্ব ২৪০০ সালে ব্যাবিলনে। অ্যাবাকাস ফ্রেমে সাজানো গুটির স্থান পরিবর্তন করে গননা করার যন্ত্র। খ্রিস্টপূর্ব ৪৫০/৫০০ অব্দে মিশরে বা চীনে গননা যন্ত্র হিসেবে অ্যাবাকাস তৈরি হয়।",বিশ্বের প্রথম কম্পিউটারের নাম কী ছিল ?,অ্যাবাকাস,bengali-2401284065373388325-2,"```json
{
  ""claims"": [
    {
      ""claim"": ""বিশ্বের প্রথম কম্পিউটারের নাম অ্যাবাকাস ছিল।"",
      ""supported_by"": ""অ্যাবাকাস (Abacus) নামক একটি প্রাচীন গণনা যন্ত্রকেই কম্পিউটারের ইতিহাসে প্রথম যন্ত্র হিসেবে ধরা হয়।"",
      ""status"": ""supported""
    }
  ],
  ""verdict"": ""yes""
}
```","[{""claim"": ""বিশ্বের প্রথম কম্পিউটারের নাম অ্যাবাকাস ছিল।"", ""supported_by"": ""অ্যাবাকাস (Abacus) নামক একটি প্রাচীন গণনা যন্ত্রকেই কম্পিউটারের ইতিহাসে প্রথম যন্ত্র হিসেবে ধরা হয়।"", ""status"": ""supported""}]",yes,no,1,1,0,0,1,,agg,no
bengali--8333329746315209159-0,"খুলনা প্রকৌশল ও প্রযুক্তি বিশ্ববিদ্যালয় (কুয়েট) বাংলাদেশের একটি অন্যতম সরকারি প্রকৌশল বিশ্ববিদ্যালয়। এটি বাংলাদেশের দক্ষিণাঞ্চলের খুলনা বিভাগের খুলনা জেলায় অবস্থিত। পূর্বে এর নাম ছিল বাংলাদেশ ইন্সটিটিউট অফ টেকনোলজি, খুলনা ও তারও আগে, খুলনা প্রকৌশল মহাবিদ্যালয়। এটি বাংলাদেশের শ্রেষ্ঠ বিশ্ববিদ্যালয়গুলোর অন্যতম। এখানে প্রায় ৬ হাজার জন ছাত্রছাত্রী স্নাতক ও স্নাতকোত্তর প্রকৌশল ও বিজ্ঞান নিয়ে পড়াশোনা করছে। এখানকার শিক্ষক সংখ্যা ৩২০-এরও অধিক। এছাড়া ১৩২ জন কর্মকর্তা ও ২৯২ জন কর্মচারী আছে। বিশ্ববিদ্যালয়টির অঙ্গন সম্প্রসারণে নতুন কিছু ভবন তৈরি করা হয়েছে যেমন- একাডেমিক ভবন, অডিটোরিয়াম কমপ্লেক্স, ছাত্রাবাস, গ্রন্থাগার, শিক্ষক ডরমিটরি ভবন ইত্যাদি এবং আরও কিছু ভবনের নির্মাণ কাজ চলছে। বিশ্ববিদ্যালয়ের ক্যাম্পাস খুলনা শহর থেকে ১৪ কি.মি. উত্তরে, যশোর-খুলনা মহাসড়কের পাশে ফুলবাড়ীগেটে অবস্থিত।",বর্তমানে খুলনা প্রকৌশল ও প্রযুক্তি বিশ্ববিদ্যালয়ের মোট ছাত্রছাত্রীর সংখ্যা কত ?,প্রায় ৬ হাজার,bengali--8333329746315209159-0,"```json
{
  ""claims"": [
    {
      ""claim"": ""বর্তমানে খুলনা প্রকৌশল ও প্রযুক্তি বিশ্ববিদ্যালয়ের মোট ছাত্রছাত্রীর সংখ্যা প্রায় ৬ হাজার।"",
      ""supported_by"": ""এখানে প্রায় ৬ হাজার জন ছাত্রছাত্রী স্নাতক ও স্নাতকোত্তর প্রকৌশল ও বিজ্ঞান নিয়ে পড়াশোনা করছে।"",
      ""status"": ""supported""
    }
  ],
  ""verdict"": ""yes""
}
```","[{""claim"": ""বর্তমানে খুলনা প্রকৌশল ও প্রযুক্তি বিশ্ববিদ্যালয়ের মোট ছাত্রছাত্রীর সংখ্যা প্রায় ৬ হাজার।"", ""supported_by"": ""এখানে প্রায় ৬ হাজার জন ছাত্রছাত্রী স্নাতক ও স্নাতকোত্তর প্রকৌশল ও বিজ্ঞান নিয়ে পড়াশোনা করছে।"", ""status"": ""supported""}]",yes,no,1,1,0,0,1,,agg,no
bengali-4749857637773712091-5,"ফাগ-মো-গ্রু-পা রাজবংশের প্রতিষ্ঠাতা তা'ই-সি-তু-ব্যাং-ছুব-র্গ্যাল-ম্ত্শানের উদ্দেশ্য ছিল ট্যাং রাজবংশের আমলে তিব্বত সাম্রাজ্যের অতীত গৌরব ফিরিয়ে এনে তিব্বতীদের মধ্যে জাতীয়তাবাদী মনোভাব সৃষ্টি করা এবং তিব্বতে মঙ্গোল শাসনের অবসান ঘটানো।[54]:২৬২ তিনি তিব্বত সাম্রাজ্যের মহান সম্রাট স্রোং-ব্ত্সন-স্গাম-পোর প্রশাসনিক ব্যবস্থা ও বিচারব্যবস্থার নীতি গ্রহণ করেন।[55]:৫০৪ তিনি ইউয়ান সাম্রাজ্যের দ্বারা প্রচলিত তিব্বতের তেরোটি প্রশাসনিক বিভাগকে বাতিল করে মধ্য তিব্বতকে বিভিন্ন র্দ্জোং (Wylie: rdzong) বা জেলায় বিভক্ত করেন।[55]:৫০৪র্দ্জোং-দ্পোন (Wylie: rdzong dpon) জেলার প্রধানদের প্রাচীন তিব্বত সাম্রাজ্যের সময়ের রীতিনীতি ও আচার অনুষ্ঠান পালন করতে হত এবং প্রাচীন পোশাক রীতি মেনে চলতে হত।[55]:৫০৪ তা'ই-সি-তু-ব্যাং-ছুব-র্গ্যাল-ম্ত্শান দ্বারা প্রচলিত আইন ব্যবস্থা বিংশ শতাব্দী পর্যন্ত তিব্বতে প্রচলিত ছিল।[56]:৭ ১৩৬৪ খ্রিষ্টাব্দে তা'ই-সি-তু-ব্যাং-ছুব-র্গ্যাল-ম্ত্শানের মৃত্যু হলে তাঁর ভ্রাতুষ্পুত্র 'জাম-দ্ব্যাংস-শা-ক্যা-র্গ্যাল-ম্ত্শান মধ্য তিব্বতের পরবর্তী রাজা হন। তিনি যখন সিংহাসনে বসেন তখন মঙ্গোল ইউয়ান সাম্রাজ্য এতটাই দুর্বল হয়ে পড়েছে, যে তিব্বতের রাজনীতিতে তাঁদের প্রভাব ছিল না বললেই চলে। ১৩৬৫ খ্রিষ্টাব্দে ইউয়ান সম্রাট তোঘোন তেমুর তাঁকে গুশি উপাধি এবং নেদোং অঞ্চলের শাসনভার দান করেন। ১৩৬৮ খ্রিষ্টাব্দে মিং রাজবংশ চীন অধিকার করলে হেঝৌ অঞ্চলের সেনাপতির উপদেশে মিং সম্রাট তাঁকে পুনরায় উপাধি প্রদান করে তাঁর সঙ্গে সুসম্পর্ক বজায় রাখেন।[n 3][58] এরফলে 'জাম-দ্ব্যাংস-শা-ক্যা-র্গ্যাল-ম্ত্শান চীনের হস্তক্ষেপ ব্যতীত নিজের পৃথক শাসনব্যবস্থার অস্তিত্ব বজায় রাখতে সক্ষম হন।[59]:৪৮,৪৯ এই রাজ্যের অপর একজন উল্লেখযোগ্য শাসক গোং-মা-গ্রাগ্স-পা-র্গ্যাল-ম্ত্শানের রাজত্বকালে তিব্বতে সমৃদ্ধি আসে।[60] ঐ বংশের পূর্ববর্তী রাজারা যেরকম স্দে-স্রিদ উপাধি ধারণ করতেন, তিনি গোং-মা উপাধি ধারণ করেন।[61]:৮৫,৮৬ ১৩৮৮ খ্রিষ্টাব্দে হোংঊ তাঁকে গুশি উপাধি দান করেন এবং দুই রাজবংশের মধ্যে সম্পর্কের উন্নতি ঘটে। গোং-মা-গ্রাগ্স-পা-র্গ্যাল-ম্ত্শানের রাজত্বকালে দুই দেশের মধ্যে কূটনৈতিক ও বাণিজ্যিক আদান প্রদানও বৃদ্ধি পায়। বিখ্যাত তিব্বতী বৌদ্ধ পন্ডিত ত্সোং-খা-পা-ব্লো-ব্জাং-গ্রাগ্স-পার পৃষ্ঠপোষক ছিলেন। তাঁর অনুদানেই ত্সোং-খা-পা-ব্লো-ব্জাং-গ্রাগ্স-পা ও তাঁর অনুগামীরা দ্গা'-ল্দান বৌদ্ধবিহার নির্মাণ করতে সক্ষম হন।[62] ১৪০৯ খ্রিষ্টাব্দে রাজা লাসা শহরে ত্সোং-খা-পা-ব্লো-ব্জাং-গ্রাগ্স-পাকে লো-গ্সার বা তিব্বতী নববর্ষের দিনে উদযাপন করার জন্য স্মোন-লাম-ছেন-মো নামক উৎসবের সূচনা করতে সহায়তা করেন।[61]:৮৫,৮৬ গোং-মা-গ্রাগ্স-পা-র্গ্যাল-ম্ত্শানের ভ্রাতা সাংস-র্গ্যাস-র্গ্যাল-ম্ত্শান রিং-স্পুংস-পা নামক গ্ত্সাং অঞ্চলের রিং-স্পুংস এলাকার এক আঞ্চলিক জমিদার পরিবারের দুইজন মহিলাকে বিবাহ করেন এবং তাঁদের গ্রাগ্স-পা-'ব্যুং-গ্নাস এবং কুন-দ্গা'-লেগ্স-পা নামক দুই পুত্রের জন্ম হয়। গোং-মা-গ্রাগ্স-পা-র্গ্যাল-ম্ত্শানের মৃত্যুর পর যখন মন্ত্রীরা পরবর্তী উত্তরাধিকারী মনোয়নের জন্য ঐকমত্য্যে পৌঁছতে পারছিলেন না, রিং-স্পুংস-পা পরিবারের প্রধান নোর-বু-ব্জাং-পো এই সুযোগে ফাগ-মো-গ্রু-পা রাজবংশের এই গুরুত্বপূর্ণ প্রশ্নে গ্দান-সা-থেল বৌদ্ধবিহারের প্রধানকে সিংহাসনের উত্তরাধিকার নির্বাচনের উপদেশ দেন। প্রধান লামা গ্রাগ্স-পা-'ব্যুং-গ্নাসকে নির্বাচন করেন। যদিও সাংস-র্গ্যাস-র্গ্যাল-ম্ত্শানের সিংহাসনের প্রতি নজর ছিল, কিন্তু তিনি প্রধান লামার নির্বাচন মেনে নেন।[63]:১০৪,১০৫দুই বছর পরে ১৪৩৪ খ্রিষ্টাব্দে গ্দান-সা-থেল বৌদ্ধবিহারের প্রধান লামার মৃত্যু ঘটলে সাংস-র্গ্যাস-র্গ্যাল-ম্ত্শান সিংহাসনের দাবী জানাতে শুরু করেন। এরফলে এক বছর ব্যাপী এক গৃহযুদ্ধের সূচনা হয় ও সাংস-র্গ্যাস-র্গ্যাল-ম্ত্শানকে পালিয়ে যেতে হয় এবং নোর-বু-ব্জাং-পো বিজয়ী হিসেবে উঠে আসেন।[63]:১০৪,১০৫ এবং ১৪৩৫ খ্রিষ্টাব্দে সাম-দ্রুব-ত্সে নামক গুরুত্বপূর্ণ অঞ্চল অধিকার করেন। এরফলে রিং-স্পুংস-পা গ্ত্সাং অঞ্চলটি নিজেদের অধিকারে নিয়ে এসে মধ্য তিব্বতের নতুন রাজবংশরূপে উঠে আসে।[61]:৮৬,৮৭ রিং-স্পুংস-পা রাজবংশ নতুন শক্তিরূপে উঠে এলেও তাঁরা গ্রাগ্স-পা-'ব্যুং-গ্নাসকে ক্ষমতাচ্যূত করেননি, কিন্তু ফাগ-মো-গ্রু-পা রাজবংশের অধিকার শুধু পূর্ব মধ্য তিব্বতের দ্বুস অঞ্চলেই সীমাবদ্ধ রয়ে যায়। উভয় রাজবংশের পরবর্তী রাজারা নিজেদের মধ্যে বৈরীতা বজায় রাখেন। রিং-স্পুংস-পা রাজবংশের রাজা দোন-য়োদ-র্দো-র্জের রাজত্বে এই বিরোধ চরম আকার ধারণ করে। তিনি কার্মা-ব্কা'-ব্র্গ্যুদ ধর্মসম্প্রদায়ের সপ্তম র্গ্যাল-বা-কার্মা-পা ছোস-গ্রাগ্স-র্গ্যা-ম্ত্শোর পৃষ্ঠপোষক ছিলেন। ছোস-গ্রাগ্স-র্গ্যা-ম্ত্শোর অনুরোধে লাসা শহরের অদূরে দ্গে-লুগ্স ধর্মসম্প্রদায়ের প্রভাবাধীন এলাকায় বৌদ্ধবিহার নির্মাণের চেষ্টা করলে সেরা ও দ্রেপুং বৌদ্ধবিহারের দ্গে-লুগ্স ধর্মসম্প্রদায়ের বৌদ্ধরা এই নির্মাণ ভেঙ্গে দেন।[28]:২৭৭ এরফলে মধ্য তিব্বতে ধর্মীয় ও রাজনৈতিক একটি সংকট সৃষ্টি হয়।[64]:২২২-২২৫ ১৪৮০ খ্রিষ্টাব্দে দোন-য়োদ-র্দো-র্জে একটি বিশাল সৈন্যবাহিনীর সাহায্যে দ্বুস অঞ্চল আক্রমণ করেন। তিনি লাসা শহরের নিকটবর্তী ক্যিশোদ অঞ্চল আক্রমণ করে ফাগ-মো-গ্রু-পা রাজবংশের অষ্টম রাজা কুন-দ্গা'-লেগ্স-পার প্রভাবশালী মন্ত্রী কাঝিপা পরিবারের কোনছোক রিনছেনকে বিতাড়িত করেন। যদিও তিনি বেশ কিছু অঞ্চলকে রিং-স্পুংস-পা রাজবংশের অধীনে নিয়ে আসেন, তবুও দ্গা'-ল্দান বৌদ্ধবিহার লুঠ করার তাঁর প্রচেষ্টাকে প্রতিহত করা সম্ভব হয়।[16]:৮৭[28]:২৭৭[65]:৫০০ এই আক্রমণের পর ফাগ-মো-গ্রু-পা রাজ্যের মন্ত্রীরা পরামর্শ করে তাঁদের রাজা কুন-দ্গা'-লেগ্স-পাকে নির্বাসনে পাঠিয়ে ঙ্গাগ-গি-দ্বাং-পোকে পরবর্তী রাজা নির্বাচিত করেন। ঙ্গাগ-গি-দ্বাং-পোর রাজত্বকালে ১৪৮৫ খ্রিষ্টাব্দে দোন-য়োদ-র্দো-র্জে র্গ্যাল-র্ত্সে শহর আক্রমণ করে অধিকার করে নেন।[16]:৮৭[64]:২২৬ ১৪৯১ খ্রিষ্টাব্দেঙ্গাগ-গি-দ্বাং-পোর মৃত্যু হলে রিং-স্পুংস-পা রাজবংশের দ্বিতীয় রাজা কুন-তু-ব্জাং-পোর ভ্রাতা গ্ত্সো-স্ক্যেস-র্দো-র্জে ফাগ-মো-গ্রু-পা রাজ্যের উত্তরাধিকারী ঙ্গাগ-দ্বাং-ব্ক্রা-শিস-গ্রাগ্স-পার নাবালকত্বের সুযোগে রাজ্যের অভিভাবক হয়ে যান।[57]:৬৯৩ ১৪৯৮ খ্রিষ্টাব্দে লাসা শহরে বসবাসকারী কার্মা-ব্কা'-ব্র্গ্যুদ ধর্মসম্প্রদায়ের এক উচ্চপদস্থ বৌদ্ধকে হত্যা করা হলে দোন-য়োদ-র্দো-র্জে লাসা অবরোধ করেন। এই বছর থেকে প্রায় কুড়ি বছর কার্মা-ব্কা'-ব্র্গ্যুদ ধর্মসম্প্রদায়ের বৌদ্ধরা দ্গে-লুগস সম্প্রদায়ের বৌদ্ধদের লো-গ্সার বা তিব্বতী নববর্ষের দিনে উদযাপন করার জন্য স্মোন-লাম-ছেন-মো নামক উৎসব পালনে বাধা সৃষ্টি করে।[65]:৫০২ ১৪৯৯ খ্রিষ্টাব্দে দোন-য়োদ-র্দো-র্জের অনুমতিক্রমে ঙ্গাগ-দ্বাং-ব্ক্রা-শিস-গ্রাগ্স-পা ফাগ-মো-গ্রু-পা রাজবংশের পরবর্তী রাজা হিসেবে সিংহাসনে বসলে গ্ত্সো-স্ক্যেস-র্দো-র্জে অভিভাবকত্ব থেকে সরে আসেন। ১৫১০ খ্রিষ্টাব্দে গ্ত্সো-স্ক্যেস-র্দো-র্জের মৃত্যু হলে দোন-য়োদ-র্দো-র্জের সঙ্গে ঙ্গাগ-দ্বাং-ব্ক্রা-শিস-গ্রাগ্স-পার মধ্যে একটি সামরিক লড়াই শুরু হলেও দ্রুত তাঁদের মধ্যে মধ্যস্থতা হয়ে যায়। ১৫১২ খ্রিষ্টাব্দে দোন-য়োদ-র্দো-র্জের মৃত্যুর পর রিং-স্পুংস-পা রাজ্যের সামরিক ও রাজনৈতিক প্রভাব হ্রাস পেতে থাকে। ১৫১৫ খ্রিষ্টাব্দে ফাগ-মো-গ্রু-পা রাজবংশের সাথে পুনরায় বিরোধ শুরু হয়। রিং-স্পুংস-পা রাজবংশের অধীনে থাকা গ্যাখার্ত্সে তাঁদের আনুগত্য পাল্টে ফাগ-মো-গ্রু-পা রাজবংশের অধীনে চলে যায়।[64]:২৩১ লাসা থেকে রিং-স্পুংস-পার সৈন্যদল বিতাড়িত হয় এবং কুড়ি বছর পরে দ্গে-লুগস সম্প্রদায়ের বৌদ্ধদের স্মোন-লাম-ছেন-মো নামক উৎসব পালনের সুযোগ পান।[16]:৮৮[66]:৮৫ ঝিগ-শাগ-পা-ত্শে-ব্র্তান-র্দো-র্জে নামক রিং-স্পুংস-পা রাজবংশের এক আত্মীয় ও সাম-গ্রুব-ত্সে দুর্গের অধিপতি ১৫৫৭ খ্রিষ্টাব্দে রিং-স্পুংস-পা রাজবংশের বিরুদ্ধে বিদ্রোহ ঘোষণা করেন। ১৫৬৫ খ্রিষ্টাব্দে তিনি পানাম ল্হুনদ্রুপ ক্যুংত্সে অবরোধ করলে কুন-ম্খ্যেন-পাদ-মা-দ্কার-পো নামক 'ব্রুগ-পা-ব্কা'-ব্র্গ্যুদ ধর্মসম্প্রদায়ের চতুর্থ র্গ্যাল-দ্বাং-'ব্রুগ-পা উভয় পক্ষের মধ্যে মধ্যস্থতা করেন। কিন্তু ১৫৬৬ খ্রিষ্টাব্দে ন্যাংতোদ অঞ্চলে এক নতুন যুদ্ধের সূচনা হলে কুন-ম্খ্যেন-পাদ-মা-দ্কার-পোর মধ্যস্থতায় ঙ্গাগ-দ্বাং-'জিগ্স-মেদ-গ্রাগ্স-পা সমগ্র পানাম অঞ্চলটি ঝিগ-শাগ-পা-ত্শে-ব্র্তান-র্দো-র্জেকে সমর্পণ করে দিতে সম্মত হন। এরফলে রিং-স্পুংস-পা রাজবংশের প্রভাব মধ্য তিব্বত থেকে অন্তর্হিত হয় এবং ঝিগ-শাগ-পা-ত্শে-ব্র্তান-র্দো-র্জে গ্ত্সাং-পা রাজবংশ স্থাপন করে মধ্য তিব্বতের নতুন শক্তি হিসেবে উঠে আসেন।[28]:২৮০",কার কাছে  রিং-স্পুংস-পা রাজবংশের পতন ঘটে ?,ঝিগ-শাগ-পা-ত্শে-ব্র্তান-র্দো-র্জে,bengali-4749857637773712091-5,"```json
{
  ""claims"": [
    {
      ""claim"": ""রিং-স্পুংস-পা রাজবংশের পতন ঝিগ-শাগ-পা-ত্শে-ব্র্তান-র্দো-র্জের হাতে ঘটে।"",
      ""supported_by"": ""ঝিগ-শাগ-পা-ত্শে-ব্র্তান-র্দো-র্জে নামক রিং-স্পুংস-পা রাজবংশের এক আত্মীয় ও সাম-গ্রুব-ত্শে দুর্গের অধিপতি ১৫৫৭ খ্রিষ্টাব্দে রিং-স্পুংস-পা রাজবংশের বিরুদ্ধে বিদ্রোহ ঘোষণা করেন।"",
      ""status"": ""supported""
    }
  ],
  ""verdict"": ""yes""
}
```","[{""claim"": ""রিং-স্পুংস-পা রাজবংশের পতন ঝিগ-শাগ-পা-ত্শে-ব্র্তান-র্দো-র্জের হাতে ঘটে।"", ""supported_by"": ""ঝিগ-শাগ-পা-ত্শে-ব্র্তান-র্দো-র্জে নামক রিং-স্পুংস-পা রাজবংশের এক আত্মীয় ও সাম-গ্রুব-ত্শে দুর্গের অধিপতি ১৫৫৭ খ্রিষ্টাব্দে রিং-স্পুংস-পা রাজবংশের বিরুদ্ধে বিদ্রোহ ঘোষণা করেন।"", ""status"": ""supported""}]",yes,no,1,1,0,0,1,,agg,no
bengali--7124112135723354543-3,১৮৬৭ সালের ২৮ অক্টোবর উত্তর আয়ারল্যান্ডের ডানগ্যানন শহরে মার্গারেট এলিজাবেথ নোবেল জন্মগ্রহণ করেছিলেন। তাঁর বাবা স্যামুয়েল রিচমন্ড নোবেল ছিলেন ধর্মযাজক। মায়ের নাম ছিল মেরি ইসাবেলা। মাত্র দশ বছর বয়সে মার্গারেটের বাবা মারা যান। তারপর তাঁর দাদামশাই তথা আয়ারল্যান্ডের বিশিষ্ট স্বাধীনতা সংগ্রামী হ্যামিলটন তাঁকে লালনপালন করেন। মার্গারেট লন্ডনের চার্চ বোর্ডিং স্কুলে পড়াশুনা করেছিলেন। এরপর হ্যালিফ্যাক্স কলেজে তিনি এবং তার বোন মেরি পড়াশুনা করেছিলেন।,অ্যাংলো-আইরিশ বংশোদ্ভুত ভগিনী নিবেদিতার বাবার নাম কী ?,স্যামুয়েল রিচমন্ড নোবেল,bengali--7124112135723354543-3,"```json
{
  ""claims"": [
    {
      ""claim"": ""অ্যাংলো-আইরিশ বংশোদ্ভুত ভগিনী নিবেদিতার বাবার নাম স্যামুয়েল রিচমন্ড নোবেল।"",
      ""supported_by"": ""তাঁর বাবা স্যামুয়েল রিচমন্ড নোবেল ছিলেন ধর্মযাজক।"",
      ""status"": ""supported""
    }
  ],
  ""verdict"": ""no""
}
```","[{""claim"": ""অ্যাংলো-আইরিশ বংশোদ্ভুত ভগিনী নিবেদিতার বাবার নাম স্যামুয়েল রিচমন্ড নোবেল।"", ""supported_by"": ""তাঁর বাবা স্যামুয়েল রিচমন্ড নোবেল ছিলেন ধর্মযাজক।"", ""status"": ""supported""}]",no,no,1,1,0,0,0,,agg,no
bengali-2573614511216597131-1,পীর গোরাচাঁদের আসল নাম হল পীর হজরত শাহ সৈয়দ আব্বাস আলী রাজী। তাঁর পিতার নাম হজরত করিম উল্লাহ এবং মাতার নাম মায়মুনা সিদ্দিকা। আনুমানিক ১২৬৫ খ্রিস্টাব্দে আরবের মক্কা নগরে জমজম মহল্লায় বিখ্যাত কোরায়েশ বংশে তিনি জন্মগ্রহণ করেন। পীর হজরত শাহজালাল এঅমনির কাছে তরীকা সুফীমতে দীক্ষাগ্রহণের পর গুরুর নির্দেশে ভারতবর্ষে ধর্মপ্রচারে আসেন। [1][2][4],পীর গোরাচাঁদের বাবার নাম কি ছিল ?,হজরত করিম উল্লাহ,bengali-2573614511216597131-1,"```json
{
  ""claims"": [
    {
      ""claim"": ""পীর গোরাচাঁদের বাবার নাম হজরত করিম উল্লাহ ছিল।"",
      ""supported_by"": ""পীর গোরাচাঁদের আসল নাম হল পীর হজরত শাহ সৈয়দ আব্বাস আলী রাজী। তাঁর পিতার নাম হজরত করিম উল্লাহ এবং মাতার নাম মায়মুনা সিদ্দিকা।"",
      ""status"": ""supported""
    }
  ],
  ""verdict"": ""yes""
}
```","[{""claim"": ""পীর গোরাচাঁদের বাবার নাম হজরত করিম উল্লাহ ছিল।"", ""supported_by"": ""পীর গোরাচাঁদের আসল নাম হল পীর হজরত শাহ সৈয়দ আব্বাস আলী রাজী। তাঁর পিতার নাম হজরত করিম উল্লাহ এবং মাতার নাম মায়মুনা সিদ্দিকা।"", ""status"": ""supported""}]",yes,no,1,1,0,0,1,,agg,no
bengali--4088972979448384532-2,"দেবশ্রী রায় এর জন্ম, বেড়ে ওঠা কলকাতায়। তার পিতার নাম বীরেন্দ্র কিশোর রায় এবং মায়ের নাম আরতি রায়। ১৯৬৯ সনে তিনি প্রথম ""বালক গদাধর"" নামে একটি চলচিত্রে শিশুশিল্পী হিসেবে অভিনয় করেন, যার পরিচালক ছিলেন হরিময় সেন। তিনি কলকাতার এ পি জে ,পার্ক স্ট্রীট শাখার স্কুলের ছাত্রী ছিলেন, যদিও নাচের প্রতি অত্যধিক ঝোঁক থাকার কারণে বেশিদূর এগোতে পারেন নি। তার ডাক নাম চুমকি।",দেবশ্রী রায়ের ডাক নাম কি ?,চুমকি,bengali--4088972979448384532-2,"```json
{
  ""claims"": [{""claim"": ""দেবশ্রী রায়ের ডাক নাম চুমকি"", ""supported_by"": ""তার ডাক নাম চুমকি।"", ""status"": ""supported""}],
  ""verdict"": ""yes""
}
```","[{""claim"": ""দেবশ্রী রায়ের ডাক নাম চুমকি"", ""supported_by"": ""তার ডাক নাম চুমকি।"", ""status"": ""supported""}]",yes,no,1,1,0,0,1,,agg,no
bengali--1990721472147920166-1,"১৯৩৮ সালের ৪ এপ্রিল বগুড়ায় একটি কলেজ প্রতিষ্ঠার লক্ষ্যে খাঁন বাহাদুর মোহাম্মদ আলীকে সভাপতি  এবং মৌলভী আব্দুস সাত্তারকে সাধারন সম্পাদক করে একটি কমিটি গঠিত হয়। এই কলেজটি ১৯৩৯ সালের জুলাই মাসে প্রতিষ্ঠিত হয়।[2] অবিভক্ত বঙ্গে বিশিষ্ট ব্যক্তিত্ব স্যার আজিজুল হক এর নামে কলেজটির নামকরণ করা হয়েছে। তিনি সে সময় কলকাতা বিশ্ববিদ্যালয় এর উপাচার্য ছিলেন; সরকারি স্কুলে শিক্ষার মাধ্যম ইংরেজী থেকে বাংলায় চালু, প্রাথমিক শিক্ষা পরিকল্পনাকে অ্যাক্টে পরিণত, কলকাতা বিশ্ববিদ্যালয়ের ইসলামের ইতিহাস ও সংস্কৃতি বিভাগ প্রতিষ্ঠা (১৯৪০), শিক্ষা সপ্তাহ পালন কর্মসূচী প্রবর্তন, বঙ্গীয় ব্যবস্থাপক সভার মহাজনী বিল ও প্রজাস্বত্ব আইন উপস্থাপন তাঁর উল্লেখযোগ্য কীর্তি।কলেজের প্রথম অধ্যক্ষ ছিলেন ড. এম.এম. মুখার্জি (আগষ্ট ১৯৩৯- সেপ্টেম্বর ১৯৩৯) এবং প্রথম উপাধ্যক্ষ ছিলেন শ্রী এস.পি সেন। কলেজের যাত্রা শুরুর প্রায় দুই বছর পর্যন্ত কলেজের ক্লাস অস্থায়ীভাবে সুবিল প্রাথমিক বিদ্যালয়ে (বর্তমান) নেয়া হয়। পরবর্তীতে এটি ফুলবাড়ি বটতলাতে স্থানান্তরিত করা হয়। ১৯৬৮ সালের ১৫ এপ্রিল কলেজটি সরকারীকরন করা হয়।",আজিজুল হক কলেজ কবে প্রতিষ্ঠিত হয় ?,১৯৩৯ সালের জুলাই মাসে,bengali--1990721472147920166-1,"```json
{
  ""claims"": [
    {
      ""claim"": ""আজিজুল হক কলেজ ১৯৩৯ সালের জুলাই মাসে প্রতিষ্ঠিত হয়"",
      ""supported_by"": ""এই কলেজটি ১৯৩৯ সালের জুলাই মাসে প্রতিষ্ঠিত হয়।"",
      ""status"": ""supported""
    }
  ],
  ""verdict"": ""yes""
}
```","[{""claim"": ""আজিজুল হক কলেজ ১৯৩৯ সালের জুলাই মাসে প্রতিষ্ঠিত হয়"", ""supported_by"": ""এই কলেজটি ১৯৩৯ সালের জুলাই মাসে প্রতিষ্ঠিত হয়।"", ""status"": ""supported""}]",yes,no,1,1,0,0,1,,agg,no
bengali-8652082239846487292-2,"কলকাতা বিমানবন্দর ঐতিহ্যগতভাবে ইউরোপ থেকে ইন্দোচীন ও অস্ট্রেলিয়ার মধ্যে বিমান রুটে কৌশলগত কেন্দ্র হিসেবে কাজ করে।[15] ১৯৩৭ সালে এ্যামিলিয়া ইয়ারহাট সহ বহু বিমান সংস্থার  অনেক অগ্রগামী উড়ানগুলি যাত্রা শুরু করে কলকাতা থেকে।[16] ১৯২৪ সালে, কেএলএল বিমান সংস্থা কলকাতায় তাদের আমস্টারডামের -বতভিয়া (জাকার্তা) রুটের অংশ হিসাবে অবতরণ শুরু করেন।[17] একই বছরে, কোনও বিমান বাহিনী কর্তৃক প্রথম বিশ্ব ভ্রমণ অভিযানের অংশ হিসাবে একটি রয়েল এয়ার ফোর্স বিমান কলকাতায় অবতরণ করে।[18]",নেতাজী সুভাষ চন্দ্র বসু আন্তর্জাতিক বিমানবন্দর কবে নির্মিত হয় ?,১৯৩৭ সালে,bengali-8652082239846487292-2,"```json
{
  ""claims"": [
    {
      ""claim"": ""নেতাজী সুভাষ চন্দ্র বসু আন্তর্জাতিক বিমানবন্দর ১৯৩৭ সালে নির্মিত হয়"",
      ""supported_by"": ""১৯৩৭ সালে এ্যামিলিয়া ইয়ারহাট সহ বহু বিমান সংস্থার  অনেক অগ্রগামী উড়ানগুলি যাত্রা শুরু করে কলকাতা থেকে।"",
      ""status"": ""missing""
    }
  ],
  ""verdict"": ""no""
}
```","[{""claim"": ""নেতাজী সুভাষ চন্দ্র বসু আন্তর্জাতিক বিমানবন্দর ১৯৩৭ সালে নির্মিত হয়"", ""supported_by"": ""১৯৩৭ সালে এ্যামিলিয়া ইয়ারহাট সহ বহু বিমান সংস্থার  অনেক অগ্রগামী উড়ানগুলি যাত্রা শুরু করে কলকাতা থেকে।"", ""status"": ""missing""}]",no,yes,1,0,0,1,1,,agg,yes
bengali-69291154486973838-0,"ঢাকা দক্ষিণ এশিয়ার রাষ্ট্র বাংলাদেশের রাজধানী ও বৃহত্তম শহর। প্রশাসনিকভাবে এটি দেশটির ঢাকা বিভাগের প্রধান শহর। ভৌগোলিকভাবে এটি বাংলাদেশের মধ্যভাগে বুড়িগঙ্গা নদীর উত্তর তীরে একটি সমতল এলাকাতে অবস্থিত। ঢাকা একটি অতিমহানগরী (মেগাশহর); ঢাকা মহানগরী এলাকার জনসংখ্যা প্রায় ১ কোটি ৫০ লক্ষ।[3] জনসংখ্যার বিচারে এটি দক্ষিণ এশিয়ার চতুর্থ বৃহত্তম শহর (দিল্লি, করাচি ও মুম্বইয়ের পরেই) এবং সমগ্র বিশ্বের নবম বৃহত্তম[4] শহর। জনঘনত্বের বিচারে ঢাকা বিশ্বের সবচেয়ে ঘনবসতিপূর্ণ মহানগরী; ১৩৪ বর্গমাইল আয়তনের এই শহরে প্রতি বর্গমাইল এলাকায় ১ লক্ষ ১৫ হাজার লোকের বাস।[5]",ঢাকার মোট আয়তন কত ?,১৩৪ বর্গমাইল,bengali-69291154486973838-0,"```json
{
  ""claims"": [
    {
      ""claim"": ""ঢাকার মোট আয়তন ১৩৪ বর্গমাইল"",
      ""supported_by"": ""১৩৪ বর্গমাইল আয়তনের এই শহরে"",
      ""status"": ""supported""
    }
  ],
  ""verdict"": ""yes""
}
```","[{""claim"": ""ঢাকার মোট আয়তন ১৩৪ বর্গমাইল"", ""supported_by"": ""১৩৪ বর্গমাইল আয়তনের এই শহরে"", ""status"": ""supported""}]",yes,no,1,1,0,0,1,,agg,no
bengali-718364632586215903-3,"পশ্চিমবঙ্গের হুগলি জেলার আরামবাগ মহকুমায় অবস্থিত কামারপুকুর গ্রামে ১৮৩৬ সালে এক দরিদ্র ধর্মনিষ্ঠ রক্ষণশীল ব্রাহ্মণ পরিবারে রামকৃষ্ণ পরমহংসের জন্ম হয়। তিনি পিতা ক্ষুদিরাম চট্টোপাধ্যায় এবং মা চন্দ্রমণি দেবীর চতুর্থ ও শেষ সন্তান। কথিত আছে, শ্রীরামকৃষ্ণের জন্মের পূর্বে তাঁর পিতামাতার সম্মুখে বেশ কয়েকটি অলৌকিক ঘটনা ঘটেছিল। সন্তানসম্ভবা চন্দ্রমণি দেবী দেখেছিলেন শিবলিঙ্গ থেকে নির্গত একটি জ্যোতি তাঁর গর্ভে প্রবেশ করছে। তাঁর জন্মের অব্যবহিত পূর্বে গয়ায় তীর্থভ্রমণে গিয়ে ক্ষুদিরাম গদাধর বিষ্ণুকে স্বপ্নে দর্শন করেন। সেই কারণে তিনি নবজাতকের নাম রাখেন গদাধর।[14]",ঊনবিংশ শতাব্দীর বিশিষ্ট ভারতীয় হিন্দু ধর্মগুরু রামকৃষ্ণ পরমহংসের বাবার নাম কী ?,ক্ষুদিরাম চট্টোপাধ্যায়,bengali-718364632586215903-3,"```json
{
  ""claims"": [
    {
      ""claim"": ""রামকৃষ্ণ পরমহংসের বাবার নাম ক্ষুদিরাম চট্টোপাধ্যায়।"",
      ""supported_by"": ""পশ্চিমবঙ্গের হুগলি জেলার আরামবাগ মহকুমায় অবস্থিত কামারপুকুর গ্রামে ১৮৩৬ সালে এক দরিদ্র ধর্মনিষ্ঠ রক্ষণশীল ব্রাহ্মণ পরিবারে রামকৃষ্ণ পরমহংসের জন্ম হয়। তিনি পিতা ক্ষুদিরাম চট্টোপাধ্যায় এবং মা চন্দ্রমণি দেবীর চতুর্থ ও শেষ সন্তান।"",
      ""status"": ""supported""
    }
  ],
  ""verdict"": ""yes""
}
```","[{""claim"": ""রামকৃষ্ণ পরমহংসের বাবার নাম ক্ষুদিরাম চট্টোপাধ্যায়।"", ""supported_by"": ""পশ্চিমবঙ্গের হুগলি জেলার আরামবাগ মহকুমায় অবস্থিত কামারপুকুর গ্রামে ১৮৩৬ সালে এক দরিদ্র ধর্মনিষ্ঠ রক্ষণশীল ব্রাহ্মণ পরিবারে রামকৃষ্ণ পরমহংসের জন্ম হয়। তিনি পিতা ক্ষুদিরাম চট্টোপাধ্যায় এবং মা চন্দ্রমণি দেবীর চতুর্থ ও শেষ সন্তান।"", ""status"": ""supported""}]",yes,no,1,1,0,0,1,,agg,no
bengali-5118137145175085108-0,"ভগিনী নিবেদিতা  (ইংরেজি: Sister Nivedita) (Bengali pronunciation:[sister niːbediːt̪aː] ) (জন্ম মার্গারেট এলিজাবেথ নোবেল' (ইংরেজি: Margaret Elizabeth Noble)[1]; ২৮ অক্টোবর, ১৮৬৭ – ১৩ অক্টোবর, ১৯১১)[2][3] ছিলেন একজন অ্যাংলো-আইরিশ বংশোদ্ভুত সমাজকর্মী, লেখিকা, শিক্ষিকা এবং স্বামী বিবেকানন্দের শিষ্যা।[4][5] ১৮৯৫ সালে লন্ডন শহরে তিনি স্বামী বিবেকানন্দের সাক্ষাৎ পান এবং ১৮৯৮ সালে ভারতে চলে আসেন। একই বছর ২৫ মার্চ তিনি ব্রহ্মচর্য গ্রহণ করলে স্বামী বিবেকানন্দ তাঁর নামকরণ করেন ""নিবেদিতা""।",ভগিনী নিবেদিতা কোন সালে প্রথম ভারতবর্ষে আসেন ?,১৮৯৮,bengali-5118137145175085108-0,"```json
{
  ""claims"": [
    {
      ""claim"": ""ভগিনী নিবেদিতা ১৮৯৮ সালে প্রথম ভারতবর্ষে আসেন।"",
      ""supported_by"": ""১৮৯৮ সালে ভারতে চলে আসেন।"",
      ""status"": ""supported""
    }
  ],
  ""verdict"": ""yes""
}
```","[{""claim"": ""ভগিনী নিবেদিতা ১৮৯৮ সালে প্রথম ভারতবর্ষে আসেন।"", ""supported_by"": ""১৮৯৮ সালে ভারতে চলে আসেন।"", ""status"": ""supported""}]",yes,no,1,1,0,0,1,,agg,no
bengali--1256061284728114612-1,১৮৫৮ সালের গ্রীষ্মে বাংলার ঢাকা জেলার বিক্রমপুর অঞ্চলের আড়িয়ল গ্রামের একটি বাঙালি হিন্দু পরিবারে জন্মগ্রহণ করেন শ্যামাকান্ত।[1] তার জন্মস্থান বর্তমানে বাংলাদেশের ঢাকা বিভাগের মুন্সিগঞ্জ জেলার অন্তর্গত। শ্যামাকান্তর পরিবারের আদি নিবাস নদীয়া জেলার ফুলিয়াতে। তারা ফুলিয়া মেলের বন্দ্যঘটি বংশীয় ও বিক্রমপুর সমাজের উচ্চ কুলীন বিষ্ণু ঠাকুরের পালটি বলে খ্যাত। শ্যামাকান্তর পিতা শশীভূষণ বন্দ্যোপাধ্যায় ত্রিপুরা জেলার মুরাদনগরে আদালতে সেরেস্তাদার ছিলেন। শ্যামাকান্তরা ছিলেন চার ভাই ও তিন বোন। চার ভাইয়ের মধ্যে তিনি ছিলেন জ্যেষ্ঠ। তার এক ভাই সূর্যকান্ত বন্দ্যোপাধ্যায় ঢাকায় ওকালতি করতেন।,ভারতীয় যোগী ও অদ্বৈত বেদান্তের গুরু সোহং স্বামীর বাবার নাম কী ?,শশীভূষণ বন্দ্যোপাধ্যায়,bengali--1256061284728114612-1,"```json
{
  ""claims"": [
    {
      ""claim"": ""সোহং স্বামীর বাবার নাম শশীভূষণ বন্দ্যোপাধ্যায়।"",
      ""supported_by"": ""শ্যামাকান্তর পিতা শশীভূষণ বন্দ্যোপাধ্যায় ত্রিপুরা জেলার মুরাদনগরে আদালতে সেরেস্তাদার ছিলেন।"",
      ""status"": ""missing""
    }
  ],
  ""verdict"": ""yes""
}
```","[{""claim"": ""সোহং স্বামীর বাবার নাম শশীভূষণ বন্দ্যোপাধ্যায়।"", ""supported_by"": ""শ্যামাকান্তর পিতা শশীভূষণ বন্দ্যোপাধ্যায় ত্রিপুরা জেলার মুরাদনগরে আদালতে সেরেস্তাদার ছিলেন।"", ""status"": ""missing""}]",yes,yes,1,0,0,1,0,,agg,yes
bengali--5760143195786173994-1,"দিল্লী দর্বার তৈরীর পূর্বে, গেটওয়ে অব ইন্ডিয়া ১৯১১ সালে  কিং জর্জ ফাইভ এবং কুনি মেরি মুম্বাই আগমনের স্মৃতি রক্ষার্থে নির্মাণ করা হয়েছিল।  কিন্তু তারা এই স্থাপত্যটির শুধু কার্ডবোর্ড মডেল দেখে যেতে পেরেছিলেন, কেননা নির্মাণকাজ ১৯১৫ সালের পরে শুরু হয়েছিল।[11] বোম্বের সরকার স্যার জর্জ সিডেনহাম ক্লার্ক ১৯১১ সালের ৩১শে মার্চ স্থাপত্যটির ভিত্তিপ্রস্তর স্থাপন করেন। চুড়ান্ত নকশা ১৯১৩ সালের ৩১শে মার্চ অনুমোদিত হয়। গেটওয়েটি হলুদ ব্যাসল্ট এবং কংক্রিট দিয়ে বানানো হয়েছিল।[12]  ফাউন্ডেশনের কাজ ১৯২০ সালে এবং পুরো কাজ শেহ হয়েছিল ১৯২৪ সালে। [13] ভাইসরয় দি আর্ল অব রিডিং ১৯২৪ সালের ৪ই ডিসেম্বর গেটওয়েটি উন্মুক্ত করেন।[6]",পশ্চিম ভারতের মহারাষ্ট্র রাজ্যের মুম্বাই শহরে নির্মিত গেটওয়ে অব ইন্ডিয়ার নির্মাণ কাজ কত সাল থেকে শুরু হয়েছিল ?,১৯১৫,bengali--5760143195786173994-1,"```json
{
  ""claims"": [
    {
      ""claim"": ""গেটওয়ে অব ইন্ডিয়ার নির্মাণ কাজ ১৯১৫ সাল থেকে শুরু হয়েছিল"",
      ""supported_by"": ""নির্মাণকাজ ১৯১৫ সালের পরে শুরু হয়েছিল।"",
      ""status"": ""supported""
    }
  ],
  ""verdict"": ""yes""
}
```","[{""claim"": ""গেটওয়ে অব ইন্ডিয়ার নির্মাণ কাজ ১৯১৫ সাল থেকে শুরু হয়েছিল"", ""supported_by"": ""নির্মাণকাজ ১৯১৫ সালের পরে শুরু হয়েছিল।"", ""status"": ""supported""}]",yes,no,1,1,0,0,1,,agg,no
bengali--3447038628370329440-0,"ঋতুপর্ণ ঘোষ (জন্ম:৩১শে অগস্ট, ১৯৬৩ - মৃত্যু:৩০শে মে, ২০১৩) ছিলেন একজন ভারতীয় বাঙালি চলচ্চিত্র পরিচালক।[1] অর্থনীতির ছাত্র ঋতুপর্ণ ঘোষের কর্মজীবন শুরু হয়েছিল একটি বিজ্ঞাপন সংস্থার ক্রিয়েটিভ আর্টিস্ট হিসেবে। ১৯৯২ সালে মুক্তি পায় তাঁর প্রথম ছবি হীরের আংটি। দ্বিতীয় ছবি উনিশে এপ্রিল মুক্তি পায় ১৯৯৪ সালে। এই ছবির জন্য তিনি শ্রেষ্ঠ কাহিনিচিত্র বিভাগে জাতীয় পুরস্কার পান।","দেবশ্রী রায় অভিনীত ""উনিশে এপ্রিল"" বাংলা চলচ্চিত্রটি কত সালে মুক্তি পায় ?",১৯৯৪,bengali--3447038628370329440-0,"```json
{
  ""claims"": [
    {
      ""claim"": ""দেবশ্রী রায় অভিনীত \""উনিশে এপ্রিল\"" বাংলা চলচ্চিত্রটি ১৯৯৪ সালে মুক্তি পায়।"",
      ""supported_by"": ""দ্বিতীয় ছবি উনিশে এপ্রিল মুক্তি পায় ১৯৯৪ সালে।"",
      ""status"": ""supported""
    }
  ],
  ""verdict"": ""yes""
}
```","[{""claim"": ""দেবশ্রী রায় অভিনীত \""উনিশে এপ্রিল\"" বাংলা চলচ্চিত্রটি ১৯৯৪ সালে মুক্তি পায়।"", ""supported_by"": ""দ্বিতীয় ছবি উনিশে এপ্রিল মুক্তি পায় ১৯৯৪ সালে।"", ""status"": ""supported""}]",yes,no,1,1,0,0,1,,agg,no
bengali--1772416294222806218-6,১৯২৭-২৮ সালে ঢাকায় প্রথম চলচ্চিত্র নির্মিত হয়। নওয়াব পরিবারের কয়েকজন তরুণ সংস্কৃতিসেবী নির্মাণ করেন চলচ্চিত্র সুকুমারী। এর পরিচালক ছিলেন জগন্নাথ কলেজের তৎকালীন ক্রীড়াশিক্ষক অম্বুজপ্রসন্ন গুপ্ত। চলচ্চিত্রের নায়ক-নায়িকা ছিলেন খাজা নসরুল্লাহ ও সৈয়দ আবদুস সোবহান। উল্লেখ্য তখন নারীদের অভিনয়ের রেওয়াজ চালু হয়নি। নাট্যমঞ্চের নারীচরিত্রেও পুরুষেরাই অভিনয় করতেন।,স্বাধীন বাংলাদেশের প্রথম চলচ্চিত্রটির নাম কী ?,সুকুমারী,bengali--1772416294222806218-6,"```json
{
  ""claims"": [
    {
      ""claim"": ""The first film in Dhaka was named Sukumari."",
      ""supported_by"": ""১৯২৭-২৮ সালে ঢাকায় প্রথম চলচ্চিত্র নির্মিত হয়। চলচ্চিত্র সুকুমারী।"",
      ""status"": ""supported""
    }
  ],
  ""verdict"": ""yes""
}
```","[{""claim"": ""The first film in Dhaka was named Sukumari."", ""supported_by"": ""১৯২৭-২৮ সালে ঢাকায় প্রথম চলচ্চিত্র নির্মিত হয়। চলচ্চিত্র সুকুমারী।"", ""status"": ""supported""}]",yes,no,1,1,0,0,1,,agg,no
bengali-4781769044090038527-8,"এলাহাবাদ থেকে পশ্চিমবঙ্গের মালদহ পর্যন্ত গঙ্গা বারাণসী, পাটনা, গাজীপুর, ভাগলপুর, মির্জাপুর, বালিয়া, বক্সার, সৈয়দপুর ও চুনার শহরের পাশ দিয়ে প্রবাহিত হয়েছে। ভাগলপুরে নদী দক্ষিণ-দক্ষিণপূর্ব দিকে বইতে শুরু করেছে। পাকুরের কাছে গঙ্গার ঘর্ষণক্ষয় শুরু হয়েছে। এরপর গঙ্গার প্রথম শাখানদী ভাগীরথী-হুগলির জন্ম, যেটি দক্ষিণবঙ্গে গিয়ে হয়েছে হুগলি নদী। বাংলাদেশ সীমান্ত পেরোনোর কিছু আগে হুগলি নদীতে গড়ে তোলা হয়েছে ফারাক্কা বাঁধ। এই বাঁধ ও ফিডার খালের মাধ্যমে জলপ্রবাহ নিয়ন্ত্রণ করে হুগলি নদীকে আপেক্ষিকভাবে পলিমুক্ত রাখা হয়। ভাগীরথী ও জলঙ্গী নদীর সঙ্গমের পর হুগলি নদীর উৎপত্তি। এই নদীর বহু উপনদী রয়েছে। তার মধ্যে সবচেয়ে বড় উপনদীটি হল দামোদর নদ (দৈর্ঘ্য্য  ; অববাহিকার আয়তন )।[20] হুগলি নদী সাগর দ্বীপের কাছে বঙ্গোপসাগরে মিশেছে।[21]",হুগলী নদীর উৎস স্থল কোথায় ?,জলঙ্গী নদীর সঙ্গমে,bengali-4781769044090038527-8,"```json
{
  ""claims"": [{""claim"": ""হুগলী নদীর উৎস স্থল জলঙ্গী নদীর সঙ্গম।"", ""supported_by"": ""ভাগীরথী ও জলঙ্গী নদীর সঙ্গমের পর হুগলি নদীর উৎপত্তি।"", ""status"": ""supported""}],
  ""verdict"": ""no""
}
```","[{""claim"": ""হুগলী নদীর উৎস স্থল জলঙ্গী নদীর সঙ্গম।"", ""supported_by"": ""ভাগীরথী ও জলঙ্গী নদীর সঙ্গমের পর হুগলি নদীর উৎপত্তি।"", ""status"": ""supported""}]",no,no,1,1,0,0,0,,agg,no
bengali-5229637452375837893-4,"১৯৪৭ সালের বাঙলা বিভক্তির পূর্বে,১৯০৫ সালে প্রশাসনিক কার্যক্রমকে সহজতর করার লক্ষ্যে পূর্ব এবং পশ্চিম বাংলায় বিভক্ত করা হয় যা বঙ্গ ভঙ্গ হিসেবে পরিচিত।[1] সে সময় পশ্চিমবাংলা ছিল হিন্দু অধ্যুসিত এবং মুসলিমরা সেখানে সংখ্যালঘু, অন্যদিকে পূর্ববাংলা ছিল মুসলিম অধ্যুসিত এবং হিন্দুরা ছিল সংখ্যালঘু। মুসলিম অধ্যুসিত পূর্ববাংলার মানুষ এই বঙ্গ ভঙ্গের প্রতি জোরালো সমর্থন জানিয়েছিল, কেননা তারা উপলব্ধি করেছিল যে এই বিভক্তির মাধ্যমে তারা তাদের নিজস্ব একটি প্রদেশ পেতে পারে। কিন্তু হিন্দুরা এই বিভক্তির বিপক্ষে শক্ত অবস্থান নেয়। এই বিতর্ক পরবর্তীকালে প্রতিবাদ এবং সন্ত্রাসের জন্ম দেয় এবং ১৯১১ সালে বঙ্গ ভঙ্গ রদের মাধ্যমে এর নিষ্পত্তি করা হয়।",অবিভক্ত বাংলা কত সালে বিভক্ত হয় ?,১৯০৫,bengali-5229637452375837893-4,"```json
{
  ""claims"": [{""claim"": ""অবিভক্ত বাংলা ১৯০৫ সালে বিভক্ত হয়।"", ""supported_by"": ""১৯০৫ সালে প্রশাসনিক কার্যক্রমকে সহজতর করার লক্ষ্যে পূর্ব এবং পশ্চিম বাংলায় বিভক্ত করা হয়"", ""status"": ""supported""}],
  ""verdict"": ""yes""
}
```","[{""claim"": ""অবিভক্ত বাংলা ১৯০৫ সালে বিভক্ত হয়।"", ""supported_by"": ""১৯০৫ সালে প্রশাসনিক কার্যক্রমকে সহজতর করার লক্ষ্যে পূর্ব এবং পশ্চিম বাংলায় বিভক্ত করা হয়"", ""status"": ""supported""}]",yes,no,1,1,0,0,1,,agg,no
bengali-1771748160489305957-0,"ভাওয়াল সন্ন্যাসী মামলা বিংশ শতকের প্রথম ভাগের একটি বিখ্যাত মামলা। অবিভক্ত ভারতবর্ষের বাংলা প্রদেশের ভাওয়াল এস্টেটের (বর্তমানে বাংলাদেশের গাজীপুর জেলায় অবস্থিত) কর্তৃত্ব নিয়ে এই মামলার মূল প্রতিপাদ্য ছিলো, মামলার বাদীর পরিচয়।[1] বাদী নিজেকে ভাওয়ালের রাজকুমার রমেন্দ্রনারায়ণ রায় হিসাবে দাবী করেছিলেন, এক দশক আগে যাঁর মৃত্যু ঘটেছিলো বলে সবাই জানতো।[2]",অবিভক্ত ভারতবর্ষের বাংলা প্রদেশের ভাওয়াল এস্টেট বর্তমান বাংলাদেশের কোন জেলায় অবস্থিত ?,গাজীপুর,bengali-1771748160489305957-0,"```json
{
  ""claims"": [{""claim"": ""ভাওয়াল এস্টেট অবিভক্ত ভারতবর্ষের বাংলা প্রদেশে অবস্থিত।"", ""supported_by"": ""অবিভক্ত ভারতবর্ষের বাংলা প্রদেশের ভাওয়াল এস্টেটের"", ""status"": ""supported""}, {""claim"": ""ভাওয়াল এস্টেট বর্তমানে বাংলাদেশের গাজীপুর জেলায় অবস্থিত।"", ""supported_by"": ""ভাওয়াল এস্টেটের (বর্তমানে বাংলাদেশের গাজীপুর জেলায় অবস্থিত)"", ""status"": ""supported""}],
  ""verdict"": ""yes""
}
```","[{""claim"": ""ভাওয়াল এস্টেট অবিভক্ত ভারতবর্ষের বাংলা প্রদেশে অবস্থিত।"", ""supported_by"": ""অবিভক্ত ভারতবর্ষের বাংলা প্রদেশের ভাওয়াল এস্টেটের"", ""status"": ""supported""}, {""claim"": ""ভাওয়াল এস্টেট বর্তমানে বাংলাদেশের গাজীপুর জেলায় অবস্থিত।"", ""supported_by"": ""ভাওয়াল এস্টেটের (বর্তমানে বাংলাদেশের গাজীপুর জেলায় অবস্থিত)"", ""status"": ""supported""}]",yes,no,2,2,0,0,1,,agg,no
bengali--5918016160505759655-1,"সুই সম্রাট ওয়েন প্রতিষ্ঠিত সুই সাম্রাজ্যের রাজধানী ছিল চাং'আন, ৫৮১ থেকে ৬০৫ সাল পর্যন্ত তা ডাক্সিন নামে পরিচিত ছিল এবং পরে ৬০৫ থেকে ৬১৪ পর্যন্ত লুওইয়াং নামে পরিচিত ছিল। সম্রাট ওয়েন এবং ইয়াং বেশ কিছু সংস্কার কাজ করেন, যার মধ্যে অন্যতম হল কৃষিতে সমতা প্রদান, যাতে অর্থনৈতিক অসমতা হ্রাস পায় এবং কৃষিতে উৎপাদন বৃদ্ধি পায়; তিন বিভাগ ও ছয় মন্ত্রণালয় পদ্ধতি; এবং প্রাচীন চীনের মুদ্রা প্রচলন ব্যবস্থাকে নির্দিষ্ট মানদণ্ডে নিয়ে আসা ও পুনরায় একত্রিত করা। তারা বৌদ্ধ ধর্মের প্রচার করে এবং লোকজনকে এই ধর্ম গ্রহণে উতসাহিত করে। এই সাম্রাজ্যের মাঝামাঝিতে সম্রাট ওয়েনের সময়ে জনসংখ্যা বৃদ্ধি স্বত্তেও কৃষি উৎপাদনের উদ্বৃত্ত দেখা যায়। তাই এই সময়কে এই সাম্রজ্যের সোনালি যুগ বলে গণ্য করা হয়।",সুই সাম্রাজ্যের প্রতিষ্ঠাতা কে ছিলেন ?,ওয়েন,bengali--5918016160505759655-1,"```json
{
  ""claims"": [{""claim"": ""সুই সাম্রাজ্যের প্রতিষ্ঠাতা ওয়েন ছিলেন"", ""supported_by"": ""সুই সম্রাট ওয়েন প্রতিষ্ঠিত সুই সাম্রাজ্যের"", ""status"": ""supported""}],
  ""verdict"": ""yes""
}
```","[{""claim"": ""সুই সাম্রাজ্যের প্রতিষ্ঠাতা ওয়েন ছিলেন"", ""supported_by"": ""সুই সম্রাট ওয়েন প্রতিষ্ঠিত সুই সাম্রাজ্যের"", ""status"": ""supported""}]",yes,no,1,1,0,0,1,,agg,no
bengali--666965897866853892-8,"৯ মে, ১৯৮৭ সালে চলচ্চিত্র অভিনেত্রী মিমি রজার্সকে বিয়ে করেন তিনি। পরবর্তীতে ৪ ফেব্রুয়ারি, ১৯৯০ সালে তাদের মধ্যে বিবাহ-বিচ্ছেদ ঘটে।[11] ডেজ অব থান্ডার চলচ্চিত্রের সেটে ক্রুজের সাথে নিকোল কিডম্যানের প্রথম দেখা হয়। তারা ১৯৯০ সালের ২৪ ডিসেম্বর বিয়ে করেন। এ সংসারে ইসাবেলা জেন (জন্মঃ ডিসেম্বর, ১৯৯২) এবং কনর এন্টনী (জন্মঃ জানুয়ারি, ১৯৯৫) নামের দুই সন্তান রয়েছে।[11]২০০১ সালে তাদের বিচ্ছেদ হয়ে যায়। ভ্যানিলা স্কাই চলচ্চিত্রে অভিনয়ের সময় অভিনেত্রী পেনেলোপি ক্রুজের সাথে প্রেমের সম্পর্কে আবদ্ধ হন। তিন বছরের সম্পর্কটি ২০০৪ সালে ভেঙ্গে যায়।[12]",টম ক্রুজের প্রথম স্ত্রীর নাম কী ?,মিমি রজার্স,bengali--666965897866853892-8,"```json
{
  ""claims"": [
    {
      ""claim"": ""টম ক্রুজের প্রথম স্ত্রীর নাম মিমি রজার্স।"",
      ""supported_by"": ""৯ মে, ১৯৮৭ সালে চলচ্চিত্র অভিনেত্রী মিমি রজার্সকে বিয়ে করেন তিনি।"",
      ""status"": ""supported""
    }
  ],
  ""verdict"": ""yes""
}
```","[{""claim"": ""টম ক্রুজের প্রথম স্ত্রীর নাম মিমি রজার্স।"", ""supported_by"": ""৯ মে, ১৯৮৭ সালে চলচ্চিত্র অভিনেত্রী মিমি রজার্সকে বিয়ে করেন তিনি।"", ""status"": ""supported""}]",yes,no,1,1,0,0,1,,agg,no
bengali-8671424860275717889-0,"উত্তর চব্বিশ পরগণা জেলা ভারত এর পূর্বাঞ্চলীয় রাজ্য পশ্চিমবঙ্গের কলকাতা শহরের উত্তরপূর্ব দিকের একটি জেলা। জেলাটি প্রেসিডেন্সি বিভাগের অন্তর্ভুক্ত। ১৯৮৩ সালে ডঃ অশোক মিত্রের প্রশাসনিক সংস্কার কমিটি এই জেলাকে বিভাজনের সুপারিশ করেন। ১৭ই ফাল্গুণ ১৩৯২ বঙ্গাব্দে (১৯৮৬ সালে ১লা মার্চ) ২৪ পরগণা জেলাটিকে দ্বিখণ্ডিত করে ওই জেলার উত্তরাংশ নিয়ে উত্তর ২৪ পরগণা জেলা স্থাপন করা হয়৷ এর প্রশাসনিক ভবন ও সদর দপ্তর বারাসাত শহরে অবস্থিত৷ বারাসাত, বারাকপুর, বনগাঁ, বসিরহাট, বিধাননগর এই পাঁচটি মহকুমা নিয়ে উত্তর ২৪ পরগণা জেলা গঠিত।",পশ্চিমবঙ্গের উত্তর চব্বিশ পরগনা জেলার সদর শহর কোনটি ?,বারাসাত,bengali-8671424860275717889-0,"```json
{
  ""claims"": [
    {
      ""claim"": ""উত্তর চব্বিশ পরগণা জেলার সদর শহর বারাসাত।"",
      ""supported_by"": ""এর প্রশাসনিক ভবন ও সদর দপ্তর বারাসাত শহরে অবস্থিত৷"",
      ""status"": ""supported""
    }
  ],
  ""verdict"": ""yes""
}
```","[{""claim"": ""উত্তর চব্বিশ পরগণা জেলার সদর শহর বারাসাত।"", ""supported_by"": ""এর প্রশাসনিক ভবন ও সদর দপ্তর বারাসাত শহরে অবস্থিত৷"", ""status"": ""supported""}]",yes,no,1,1,0,0,1,,agg,no
bengali--7543076726572461825-0,"আর্যভট্ট (দেবনগরী: आर्यभट) (৪৭৬ – ৫৫০)[1][2] প্রাচীন ভারতের সবচেয়ে বিখ্যাত গণিতবিদদের মধ্যে একজন। ভারতের প্রথম কৃত্রিম উপগ্রহের নাম তার নামে ""আর্যভট্ট"" রাখা হয়।",গণিতবিদ আর্যভট্ট কবে জন্মগ্রহণ করেন ?,৪৭৬,bengali--7543076726572461825-0,"```json
{
  ""claims"": [{""claim"": ""গণিতবিদ আর্যভট্ট ৪৭৬ জন্মগ্রহণ করেন"", ""supported_by"": ""৪৭৬ – ৫৫০"", ""status"": ""supported""}],
  ""verdict"": ""no""
}
```","[{""claim"": ""গণিতবিদ আর্যভট্ট ৪৭৬ জন্মগ্রহণ করেন"", ""supported_by"": ""৪৭৬ – ৫৫০"", ""status"": ""supported""}]",no,no,1,1,0,0,0,,agg,no
bengali--9166124787929336642-2,বিধানচন্দ্রের লেখাপড়ার সূচনা হয়েছিল এক গ্রাম্য পাঠশালায়। পরে পাটনার টি. কে. ঘোষ ইনস্টিটিউশন এবং তারপর পাটনা কলেজিয়েট স্কুলে পড়াশোনা করেন। ১৮৯৭ সালে মাতৃবিয়োগের এক বছর পর প্রবেশিকা পরীক্ষায় উত্তীর্ণ হয়ে পাটনা কলেজে ভরতি হন। সেখান থেকে ১৮৯৭ সালে এফ.এ. এবং ১৯০১ সালে গণিতে সাম্মানিক সহ বি.এ. পরীক্ষায় উত্তীর্ণ হন তিনি। ১৯০১ সালে পাটনা কলেজ থেকে গণিতে অনার্স সহ বি.এ. পাশ করে তিনি কলকাতায় চলে আসেন। কলকাতা মেডিক্যাল কলেজ থেকে ১৯০৬ সালে এল এম এস এবং দু বছর পর মাত্র ছাব্বিশ বছর বয়সে এম ডি ডিগ্রি লাভ করেন। এরপর ইংল্যান্ড গিয়ে লন্ডনের বার্থেলেমিউ কেবল দু বছর সময়কালে একসাথে এম আর সি পি (লন্ডন)এবং এফ আর সি এস (ইংল্যান্ড) পরীক্ষায় সসম্মান উত্তীর্ণ হয়ে [1]।,ডাক্তার বিধান চন্দ্র রায় কোন কলেজ থেকে ডাক্তারি পড়েন ?,কলকাতা মেডিক্যাল কলেজ,bengali--9166124787929336642-2,"```json
{
  ""claims"": [
    {
      ""claim"": ""ডাক্তার বিধান চন্দ্র রায় কলকাতা মেডিক্যাল কলেজ থেকে ডাক্তারি পড়েন"",
      ""supported_by"": ""কলকাতা মেডিক্যাল কলেজ থেকে ১৯০৬ সালে এল এম এস এবং দু বছর পর মাত্র ছাব্বিশ বছর বয়সে এম ডি ডিগ্রি লাভ করেন।"",
      ""status"": ""supported""
    }
  ],
  ""verdict"": ""yes""
}
```","[{""claim"": ""ডাক্তার বিধান চন্দ্র রায় কলকাতা মেডিক্যাল কলেজ থেকে ডাক্তারি পড়েন"", ""supported_by"": ""কলকাতা মেডিক্যাল কলেজ থেকে ১৯০৬ সালে এল এম এস এবং দু বছর পর মাত্র ছাব্বিশ বছর বয়সে এম ডি ডিগ্রি লাভ করেন।"", ""status"": ""supported""}]",yes,no,1,1,0,0,1,,agg,no
bengali-5441977494276432977-0,সৈয়দ আলী হোসেনী খামেনেয়ী (Persian: سید علی حسینی خامنه‌ای‎; জন্ম: ১৭ জুলাই ১৯৩৯)[1] হলেন ইরানের বর্তমান (২য়) সর্বোচ্চ ধর্মীয় নেতা[2] এবং ইরানের ৮ কোটি শিয়া মুসলমানের আধ্যাত্মিক নেতা।[2][3] ১৩ অক্টোবর ১৯৮১ থেকে ৩ আগস্ট ১৯৮৯ পর্যন্ত তিনি ইরানের ৩য় রাষ্ট্রপতি হিসেবে দায়িত্ব পালন করেন। ফোর্বস সাময়িকী ২০১২ সালে তাকে পৃথিবীর সবচেয়ে প্রভাবশালী ২১ জনের মধ্যে স্থান দেয়। [4],সৈয়দ আলী হোসেনী খামেনেয়ী কবে জন্মগ্রহণ করেন ?,১৭ জুলাই ১৯৩৯,bengali-5441977494276432977-0,"```json
{
  ""claims"": [
    {
      ""claim"": ""সৈয়দ আলী হোসেনী খামেনেয়ী ১৭ জুলাই ১৯৩৯ জন্মগ্রহণ করেন"",
      ""supported_by"": ""সৈয়দ আলী হোসেনী খামেনেয়ী (Persian: سید علی حسینی خامنه‌ای‎; জন্ম: ১৭ জুলাই ১৯৩৯)[1]"",
      ""status"": ""supported""
    }
  ],
  ""verdict"": ""yes""
}
```","[{""claim"": ""সৈয়দ আলী হোসেনী খামেনেয়ী ১৭ জুলাই ১৯৩৯ জন্মগ্রহণ করেন"", ""supported_by"": ""সৈয়দ আলী হোসেনী খামেনেয়ী (Persian: سید علی حسینی خامنه‌ای‎; জন্ম: ১৭ জুলাই ১৯৩৯)[1]"", ""status"": ""supported""}]",yes,no,1,1,0,0,1,,agg,no
bengali-8236827985141725370-9,প্রায় বিশ বছরের মধ্যে সুভাষ চন্দ্র মোট ১১ বার গ্রেফতার হয়েছিলেন। তাকে ভারত ও রেঙ্গুনের বিভিন্ন জায়গায় রাখা হয়েছিল। ১৯৩০ খ্রিস্টাব্দে তাঁকে ইউরোপে নির্বাসিত করা হয়। ১৯৩৪ খ্রিস্টাব্দে তিনি তাঁর প্রথম প্রেম এমিলি শেঙ্কল-এর সঙ্গে পরিচিত হন ভিয়েনাতে। ১৯৩৭ খ্রিস্টাব্দে তারা ব্যাড গ্যাস্টিনে বিয়ে করেন।,সুভাষচন্দ্র বসুর স্ত্রীর নাম কি ছিল ?,এমিলি শেঙ্কল,bengali-8236827985141725370-9,"```json
{
  ""claims"": [
    {
      ""claim"": ""সুভাষচন্দ্র বসুর স্ত্রীর নাম এমিলি শেঙ্কল ছিল।"",
      ""supported_by"": ""১৯৩৭ খ্রিস্টাব্দে তারা ব্যাড গ্যাস্টিনে বিয়ে করেন। ১৯৩৪ খ্রিস্টাব্দে তিনি তাঁর প্রথম প্রেম এমিলি শেঙ্কল-এর সঙ্গে পরিচিত হন ভিয়েনাতে।"",
      ""status"": ""supported""
    }
  ],
  ""verdict"": ""yes""
}
```","[{""claim"": ""সুভাষচন্দ্র বসুর স্ত্রীর নাম এমিলি শেঙ্কল ছিল।"", ""supported_by"": ""১৯৩৭ খ্রিস্টাব্দে তারা ব্যাড গ্যাস্টিনে বিয়ে করেন। ১৯৩৪ খ্রিস্টাব্দে তিনি তাঁর প্রথম প্রেম এমিলি শেঙ্কল-এর সঙ্গে পরিচিত হন ভিয়েনাতে।"", ""status"": ""supported""}]",yes,no,1,1,0,0,1,,agg,no
bengali--4726387475085643566-2,প্রাচীন গ্রিক পুরাণের সমুদ্রের দেবী টেথিসের নামে এই প্রাচীন মহাসাগরের নাম দেওয়া হয় টেথিস। অস্ট্রীয় ভূতত্ত্ববিদ এডুয়ার্ড সুয়েস ১৮৯৩ সালে এই নামকরণ করেন।[5][6],কে প্রথম টেথিস সাগরের নামকরণ করেন ?,এডুয়ার্ড সুয়েস,bengali--4726387475085643566-2,"```json
{
  ""claims"": [
    {
      ""claim"": ""এডুয়ার্ড সুয়েস টেথিস সাগরের নামকরণ করেন।"",
      ""supported_by"": ""অস্ট্রীয় ভূতত্ত্ববিদ এডুয়ার্ড সুয়েস ১৮৯৩ সালে এই নামকরণ করেন।"",
      ""status"": ""supported""
    }
  ],
  ""verdict"": ""yes""
}
```","[{""claim"": ""এডুয়ার্ড সুয়েস টেথিস সাগরের নামকরণ করেন।"", ""supported_by"": ""অস্ট্রীয় ভূতত্ত্ববিদ এডুয়ার্ড সুয়েস ১৮৯৩ সালে এই নামকরণ করেন।"", ""status"": ""supported""}]",yes,no,1,1,0,0,1,,agg,no
bengali-6035887477073197072-0,"আবু ইউসুফ ইয়াকুব ইবনে ইসহাক আল-কিন্দি (Arabic: أبو يوسف يعقوب بن إسحاق الكندي‎‎) (৮০১ - ৮৭৩) প্রখ্যাত আরব পণ্ডিত। পাশ্চাত্য বিশ্বে তিনি লাতিনিকৃত ""আলকিন্ডাস"" (Alkindus) নামে পরিচিত। তিনি ছিলেন একাধারে দার্শনিক, বিজ্ঞানী, জ্যোতিষী, জ্যোতির্বিজ্ঞানী, বিশ্বতত্ত্ববিদ, রসায়নবিদ, যুক্তিবিদ, গণিতজ্ঞ, সঙ্গীতজ্ঞ, পদার্থবিজ্ঞানী, মনোবিজ্ঞানী এবং আবহবিজ্ঞানী। মুসলিম পেরিপ্যাটেটিক দার্শনিকদের মধ্যে তিনিই প্রথম। তাই তাকে মুসলিম পেরিপ্যাটেটিক দর্শনের জনক বলা যায়। তার অনেক অর্জনের মধ্যে বিশেষ উল্লেখযোগ্য ছিল গ্রিক এবং হেলেনীয় দর্শনকে আরব জগতে পরিচিত করে তোলা। এছাড়া বিজ্ঞানের অনেকগুলো শাখায় তিনি অগ্রদূতের ভূমিকা পালন করেছেন।",দর্শনশাস্ত্রের জনক কাকে বলা হয় ?,পেরিপ্যাটেটিক,bengali-6035887477073197072-0,"```json
{
  ""claims"": [
    {
      ""claim"": ""দর্শনশাস্ত্রের জনক পেরিপ্যাটেটিক"",
      ""supported_by"": ""মুসলিম পেরিপ্যাটেটিক দার্শনিকদের মধ্যে তিনিই প্রথম। তাই তাকে মুসলিম পেরিপ্যাটেটিক দর্শনের জনক বলা যায়।"",
      ""status"": ""supported""
    }
  ],
  ""verdict"": ""yes""
}
```","[{""claim"": ""দর্শনশাস্ত্রের জনক পেরিপ্যাটেটিক"", ""supported_by"": ""মুসলিম পেরিপ্যাটেটিক দার্শনিকদের মধ্যে তিনিই প্রথম। তাই তাকে মুসলিম পেরিপ্যাটেটিক দর্শনের জনক বলা যায়।"", ""status"": ""supported""}]",yes,no,1,1,0,0,1,,agg,no
bengali-6829546307096440382-14,"আন্তর্জাতিক অলিম্পিক কমিটির তত্ত্বাবধানে প্রথম অলিম্পিক গেমস অনুষ্ঠিত হয় ১৮৯৬ সালে এথেন্সের প্যানাথেনেইক স্টেডিয়ামে। এই ক্রিড়াযজ্ঞে ৪৩ টি প্রতিযোগীতায় ১৪ টি দেশের প্রায় ২৪১ জন ক্রীড়াবিদ জড়ো হয়েছিলেন।[25] ইভাঞ্জেলোস জ্যাপ্পাস ও তাঁর তুতো ভাই কনস্ট্যান্টিনোস জ্যাপ্পাস গ্রিক সরকারের কাছে ভবিষ্যতে অনুষ্ঠিতব্য অলিম্পিক গেমসের জন্য একটি তহবিল রেখে যান, ট্রাস্টের সেই তহবিল থেকেই ১৮৯৬ সালের অলিম্পিক গেমস অনুষ্ঠিত হয়।[26][27][28] জর্জ এভেরফ, এক গ্রিক ব্যবসায়ী উদারমনে অলিম্পিক গেমসের প্রস্তুতির জন্য স্টেডিয়াম সংস্কারের অর্থ দান করেন।[29] এছাড়াও গ্রিক সরকার অলিম্পিক গেমসের জন্য অর্থের যোগান দিয়েছিলো যা গেমসের টিকিট এবং ডাকটিকিট বিক্রয়ের মাধ্যমে উঠে আসে।[29]",সর্বপ্রথম মোট কতগুলো দেশ আন্তর্জাতিক অলিম্পিকে অংশগ্রহণ করেছিল ?,৪৩,bengali-6829546307096440382-14,"```json
{
  ""claims"": [
    {
      ""claim"": ""সর্বপ্রথম মোট ৪৩টি দেশ আন্তর্জাতিক অলিম্পিকে অংশগ্রহণ করেছিল"",
      ""supported_by"": ""এই ক্রিড়াযজ্ঞে ৪৩ টি প্রতিযোগীতায় ১৪ টি দেশের প্রায় ২৪১ জন ক্রীড়াবিদ জড়ো হয়েছিলেন"",
      ""status"": ""missing""
    }
  ],
  ""verdict"": ""no""
}
```","[{""claim"": ""সর্বপ্রথম মোট ৪৩টি দেশ আন্তর্জাতিক অলিম্পিকে অংশগ্রহণ করেছিল"", ""supported_by"": ""এই ক্রিড়াযজ্ঞে ৪৩ টি প্রতিযোগীতায় ১৪ টি দেশের প্রায় ২৪১ জন ক্রীড়াবিদ জড়ো হয়েছিলেন"", ""status"": ""missing""}]",no,yes,1,0,0,1,1,,agg,yes
bengali-4452568128027547833-6,"কাতারের রাজনীতি একটি পরম রাজতন্ত্র কাঠামোয় সংঘটিত হয়। কাতারের আমীর হলেন একাধারে রাষ্ট্রের প্রধান ও সরকার প্রধান তামিম বিন হামাদ আল থানি ২০১৩ সালে তার পিতা হামাদ বিন খলিফা আল থানির হাত থেকে ক্ষমতা গ্রহণ করেন। ১৯৯৫ সাল থেকে দেশটির আমীর ছিলেন হামাদ বিন খলিফা আল থানি। আব্দুল্লাহ বিন নাসের বিন খলিফা আল থানি ২০১৩ সাল থেকে দেশটির প্রধানমন্ত্রী। কাতারের মোট জনসংখ্যা ১.৮ মিলিয়ন। কাতার বিশ্বের অন্যতম সর্বোচ্চ মাথাপিছু আয়ের রাষ্ট্র। সৌদি আরব, ওমান এর পর কাতার অন্যতম রক্ষণশীল রাষ্ট্র। কাতারের নাগরিক সুযোগ সুবিধার মান খুবই উন্নত।",কাতারের বর্তমান (২০১৯) জনসংখ্যা কত ?,১.৮ মিলিয়ন,bengali-4452568128027547833-6,"```json
{
  ""claims"": [
    {
      ""claim"": ""কাতারের বর্তমান (২০১৯) জনসংখ্যা ১.৮ মিলিয়ন"",
      ""supported_by"": ""কাতারের মোট জনসংখ্যা ১.৮ মিলিয়ন"",
      ""status"": ""supported""
    }
  ],
  ""verdict"": ""no""
}
```","[{""claim"": ""কাতারের বর্তমান (২০১৯) জনসংখ্যা ১.৮ মিলিয়ন"", ""supported_by"": ""কাতারের মোট জনসংখ্যা ১.৮ মিলিয়ন"", ""status"": ""supported""}]",no,no,1,1,0,0,0,,agg,no
bengali--1274352881715039218-11,স্বাধীন বাংলাদেশের প্রথম গ্রন্থ হিসেবে মুক্তধারা থেকে প্রকাশ পায় ছফার প্রবন্ধগ্রন্থ জাগ্রত বাংলাদেশ।[43] প্রকাশকাল- শ্রাবণ ১৩৭৮ বা জুলাই ১৯৭১ খ্রিস্টাব্দ।[44] ১৯৭২-এ প্রকাশ পায় বুদ্ধিবৃত্তির নতুন বিন্যাস। ১৯৭৯ খ্রিস্টাব্দে সিপাহী বিদ্রোহের ইতিহাস  এবং ১৯৮১-এ বাঙালি মুসলমানের মন গ্রন্থ প্রকাশ পায়।,'বাঙালি মুসলমানের মন' গ্রন্থটি কবে প্রথম প্রকাশিত হয় ?,১৯৮১,bengali--1274352881715039218-11,"```json
{
  ""claims"": [{""claim"": ""'বাঙালি মুসলমানের মন' গ্রন্থটি ১৯৮১ সালে প্রকাশিত হয়।"", ""supported_by"": ""১৯৮১-এ বাঙালি মুসলমানের মন গ্রন্থ প্রকাশ পায়।"", ""status"": ""supported""}],
  ""verdict"": ""yes""
}
```","[{""claim"": ""'বাঙালি মুসলমানের মন' গ্রন্থটি ১৯৮১ সালে প্রকাশিত হয়।"", ""supported_by"": ""১৯৮১-এ বাঙালি মুসলমানের মন গ্রন্থ প্রকাশ পায়।"", ""status"": ""supported""}]",yes,no,1,1,0,0,1,,agg,no
bengali-2586602312486395780-1,"ব্রিটিশ আমল থেকেই ঢাকার বিভিন্ন হোটেল ও নবাব পরিবারের আমন্ত্রণে ব্রিটিশ ব্যান্ড ও সঙ্গীত তারকাদের ঢাকায় গান পরিবেশনের খবর পাওয়া যায়। পাক-ভারত বিভক্তির পরে ১৯৬৩ সালের ১৮ মার্চ ঢাকার সেন্ট গ্রেগরিজ স্কুলের এক সাংস্কৃতিক অনুষ্ঠানে প্রথম ব্যান্ড ধাঁচের গানের খবর পাওয়া যায়।  সেই অনুষ্ঠানে ১৭ বছর বয়সী কিশোর টেলফার জনসন গিটার বাজার আর ক্লিফ রিচার্ডের গান পরিবেশন করেন। একই স্কুলের নবম শ্রেণীতে পড়ূয়া ফজলে রব, আলমগীর [পরবর্তীকালে বাংলাদেশ ও পাকিস্তানের জনপ্রিয় গায়ক], রফিক ও সাব্বির ব্যান্ড দল গঠন করেন। বলা হয়, তাদের হাতেই জন্ম নেয় বাংলাদেশের প্রথম ব্যান্ড আইওলাইটস। হোটেল শাহবাগ ও ঢাকা ক্লাবে নিয়মিত পারফর্ম করে ব্যান্ড দলটি। ১৯৬৫ সালে প্রথম ব্যান্ড হিসেবে টিভিতেও পারফর্ম করে ব্যান্ডটি। আইওলাইটসের সমকালীন আরেকটি ব্যান্ডের জন্ম চট্টগ্রামে। নাম জিংগা শিল্পগোষ্ঠী। সঙ্গীতবোদ্ধা ও ইতিহাস রচয়িতাদের মতে 'জিংগা' একটি পারিবারিক ঘরানার ব্যান্ড। কারও কারও মতে, এটি বাংলাদেশের প্রথম ব্যান্ড। এমনকি ইন্টারনেট ও কোনো কোনো ইতিহাস রচয়িতাও জিংগাকে এ দেশের প্রথম ব্যান্ড বলে থাকেন। তবে জিংগাকে দেশের প্রথম ব্যান্ড বলার বিশেষ কোনো তথ্য-প্রমাণ মেলে না। এ দলের গায়ক ওমর খালেদ রুমী পরবর্তীকালে আরেকটি ব্যান্ডের হয়ে বাংলায় গান করা শুরু করেন। সে বিচারে বলা যায়, তিনিই প্রথম বাংলা গানের ব্যান্ডশিল্পী। জিংগার পর চট্টগ্রামে জন্ম নেয় আরেক ব্যান্ড লাইটনিংস। ১৯৬৭ সালে ফরিদ রশীদ, নিওম্যান্ডেজ, নোয়েল ও শাকিল গড়ে তোলেন লাইটনিংস ব্যান্ডটি। তাদের সঙ্গে পাল্লা দিয়ে মাহমুদ, তোতা, চিত্রনায়ক জাফর ইকবাল ও ফারুক মিলে ব্যান্ড গঠন করেন র‌্যাম্বলিং স্টেনস। দুটি ব্যান্ডই তৎকালীন পূর্ব পাকিস্তানে বিপুল জনপ্রিয়তা পায়। একই বছরে গঠিত হয় উইন্ডি সাইট অব কেয়ার ব্যান্ড। ১৯৬৮ সালে হোটেল ইন্টার কন্টিনেন্টালে আইওলাইটস, উইন্ডিসাইট অব কেয়ার, র‌্যাম্বলিং স্টোনস ও লাইটনিংস একটি প্রতিযোগিতায় অংশ নেয়। প্রতিযোগিতায় শ্রেষ্ঠ ব্যান্ড নির্বাচিত হয় উইন্ডি সাইট অব কেয়ার। এ ব্যান্ডগুলোর পাশাপাশি ১৯৬৬ সালে নারায়ণগঞ্জে জন্ম নেওয়া 'বকলম' ব্যান্ডটি বেশ জনপ্রিয়তা পায়। ১৯৬৯ সালে প্রতিষ্ঠা পায় ফায়ার অ্যান্ড আইস ব্যান্ডটি। ১৯৬৯ সালে প্রথম ভাঙনের কবলে পড়ে র‌্যাম্বলিং স্টোনস। এ ব্যান্ডের সদস্যরা আলাদা হয়ে গিয়ে তৈরি করে নতুন ব্যান্ড 'টাইম গো মোশন'। এরপরই দেশের প্রথম ব্যান্ড আইওলাইটসের ভাঙন ধরে। ড্রামার সাব্বির এবং রিদম গিটারিস্ট রফিক ব্যান্ড ছেড়ে দেওয়ায় এটি ভেঙে যায়।",বাংলাদেশের প্রথম ব্যান্ডের নাম কী ?,আইওলাইটস,bengali-2586602312486395780-1,"```json
{
  ""claims"": [
    {
      ""claim"": ""বাংলাদেশের প্রথম ব্যান্ডের নাম আইওলাইটস।"",
      ""supported_by"": ""বলা হয়, তাদের হাতেই জন্ম নেয় বাংলাদেশের প্রথম ব্যান্ড আইওলাইটস।"",
      ""status"": ""supported""
    }
  ],
  ""verdict"": ""yes""
}
```","[{""claim"": ""বাংলাদেশের প্রথম ব্যান্ডের নাম আইওলাইটস।"", ""supported_by"": ""বলা হয়, তাদের হাতেই জন্ম নেয় বাংলাদেশের প্রথম ব্যান্ড আইওলাইটস।"", ""status"": ""supported""}]",yes,no,1,1,0,0,1,,agg,no
bengali-4639806270038311148-2,মুজাহিদ ১৯৪৮ সালে ফরিদপুর জেলায় জন্মগ্রহণ করেন। ১৯৭১ সালে মুক্তিযুদ্ধের সময় তার পিতা মওলানা মোহাম্মদ আলী শান্তি কমিটির সদস্য ছিলেন। শান্তি কমিটিও মানবতাবিরোধী অপরাধে অভিযুক্ত। স্বাধীনতার পর স্থানীয় আওয়ামী লীগ নেতাদের অণুরোধে তিনি শেখ মুজিবর রহমান কর্তৃক বিচারের হাত থেকে রক্ষা পান।[18] ফরিদপুর শহর থেকে প্রাথমিক শিক্ষাজীবন শেষ করে ১৯৭০ সালে তিনি উচ্চ শিক্ষার জন্য ঢাকা বিশ্ববিদ্যালয়ে ভর্তি হন।[19],আলী আহসান মুহাম্মদ মুজাহিদ কবে জন্মগ্রহণ করেন ?,১৯৪৮ সালে,bengali-4639806270038311148-2,"```json
{
  ""claims"": [
    {
      ""claim"": ""আলী আহসান মুহাম্মদ মুজাহিদ ১৯৪৮ সালে জন্মগ্রহণ করেন"",
      ""supported_by"": ""মুজাহিদ ১৯৪৮ সালে ফরিদপুর জেলায় জন্মগ্রহণ করেন।"",
      ""status"": ""supported""
    }
  ],
  ""verdict"": ""yes""
}
```","[{""claim"": ""আলী আহসান মুহাম্মদ মুজাহিদ ১৯৪৮ সালে জন্মগ্রহণ করেন"", ""supported_by"": ""মুজাহিদ ১৯৪৮ সালে ফরিদপুর জেলায় জন্মগ্রহণ করেন।"", ""status"": ""supported""}]",yes,no,1,1,0,0,1,,agg,no
bengali-91483490703308038-4,"আগুন জ্বালানোর জন্য তিনটি উপাদানের প্রয়োজন পড়ে - অক্সিজেন, জ্বালানী এবং তাপ। জ্বালানী হিসেবে কাঠ, কয়লা, তৈল এবং অন্যান্য দাহ্য পদার্থ পরিবেশের সর্বত্র রয়েছে। একবার আগুন জ্বলতে শুরু করলে পরবর্তীতে এটি নিজেই তাপ উৎপাদনে সক্ষম। কখনো কখনো এটি নিজেই স্বয়ংক্রিয়ভাবে তাপ উৎপাদনের মাধ্যমে জ্বলতে শুরু করে।",আগুন জ্বালানোর জন্য কোন গ্যাসের প্রয়োজন হয় ?,অক্সিজেন,bengali-91483490703308038-4,"```json
{
  ""claims"": [{""claim"": ""আগুন জ্বালানোর জন্য অক্সিজেন প্রয়োজন হয়"", ""supported_by"": ""আগুন জ্বালানোর জন্য তিনটি উপাদানের প্রয়োজন পড়ে - অক্সিজেন, জ্বালানী এবং তাপ।"", ""status"": ""supported""}],
  ""verdict"": ""no""
}
```","[{""claim"": ""আগুন জ্বালানোর জন্য অক্সিজেন প্রয়োজন হয়"", ""supported_by"": ""আগুন জ্বালানোর জন্য তিনটি উপাদানের প্রয়োজন পড়ে - অক্সিজেন, জ্বালানী এবং তাপ।"", ""status"": ""supported""}]",no,no,1,1,0,0,0,,agg,no
bengali-8297674774981441429-0,"মহীনের ঘোড়াগুলি ১৯৭৬ সালে কলকাতায় প্রতিষ্ঠিত বাংলা স্বাধীন রক সঙ্গীত ব্যান্ড।[1] এটি ভারতের প্রথম রক ব্যান্ড যা ১৯৭০-এর দশকের মাঝ পর্বে কলকাতায় যাত্রা শুরু করে।[2][3] গৌতম চট্টোপাধ্যায়, বিশ্বনাথ চট্টোপাধ্যায়, প্রদীপ চট্টোপাধ্যায়, রঞ্জন ঘোষাল, এব্রাহাম মজুমদার, তাপস দাস ও তপেশ বন্দ্যোপাধ্যায়, এই সাত জন ক্ষ্যাপা সঙ্গীতশিল্পী সহকারে নব্বই দশকের পর তারা ব্যাপকভাবে ভারতীয় রক যুগের কিংবদন্তী, দূরদৃষ্টিসম্পন্ন এবং সর্বাধিক প্রভাবশালী আভা-গার্ড সঙ্গীতদল হিসেবে প্রতিষ্ঠিত হয়ে ওঠে।[4][5] আমেরিকান, লাতিন, রক, জ্যাজ, লোক, বাউল বিভিন্ন সঙ্গীত ধারায় নিরীক্ষামূলক কাজ এবং এসবের প্রভাবের মিশ্রণ থাকায় এই সঙ্গীত দলকে যে কোনো একটি সঙ্গীত শৈলী অনুসারে শ্রেণীভুক্ত বা আলাদা করা কঠিন হবে।[5] তবে বাউল সঙ্গীত এবং বাংলা রক ধারায় লোক ঐতিহ্যের স্বাধীনচর্চার পাশাপাশি প্রায়ই উদ্ভাবনী উপায়ে শাস্ত্রীয় উপাদান একত্রিত করার কারণে মহীনের ঘোড়াগুলিকে লোক-রক সঙ্গীত ব্যান্ড বলা যেতে পারে। ""পৃথিবীটা নাকি ছোট হতে হতে, স্যাটেলাইট আর কেবলের হাতে ড্রইংরুমে রাখা বোকা বাক্সতে বন্দি"" এমন কালজয়ি গানের সৃষ্টি করেছে এই ব্যান্ডটি। সত্তরের দশকে দলটি গড়ে উঠলেও প্রাথমিকভাবে জনপ্রিয়তা অর্জন করতে ব্যর্থ হয়। সে সময়ে গৌতম চট্টোপাধ্যায়ের গানে আমূল নতুনত্ব থাকলেও চলচ্চিত্রের গান বাণিজ্যিকভাবে প্রভাববিস্তার করায় বাংলা সঙ্গীত জগতে একধরণের স্থবিরতা বিরাজ করছিলো। ষাটের দশকের বব ডিলনের মতো তাদের সঙ্গীতেও শহুরে লোক আন্দোলনের একধরণের ব্যক্তিগত আকূতি বা সামাজিক প্রকৃতির ছাপ রয়েছে। ১৯৭৭ থেকে ১৯৭৯ সাল পর্যন্ত সংবিগ্ন পাখিকূল ও কলকাতা বিষয়ক (১৯৭৭), অজানা উড়ন্ত বস্তু বা অ-উ-ব (১৯৭৮) এবং দৃশ্যমান মহীনের ঘোড়াগুলি (১৯৭৯); এই তিনটি অ্যালবাম প্রকাশিত হয়। যদিও সে সময়ে তারা প্রায় অপরিচিত ছিল বলা যায়। নব্বইয়ের দশকের বছরগুলোতে তারা দ্য ভেলভেট আন্ডারগ্রাউন্ড ব্যান্ডের মতোন পুনরায় সমালোচনামূলক মূল্যায়ন পেয়েছে। ১৯৯৫ সালে সমসাময়িক বিভিন্ন শিল্পীদের সমন্নয়ে গৌতম চট্টোপাধ্যায় আবার বছর কুড়ি পরে শিরোনামে মহীনের ঘোড়াগুলির একটি কভার সংকলন প্রকাশ করে। জীবনমুখী গান এবং নৈতিক সঙ্গীতদর্শনের কারণে বর্তমানে তাদেরকে বাংলা গানের প্রথিকৃত বিবেচনা করা হয়ে থাকে। গানরচনার শৈলী অনুযায়ী সমালোচনামূলকভাবে বলা যায় তারা জোরালোভাবে বাংলা লোক এবং আমেরিকান শহুরে লোক ধারা কর্তৃক প্রভাবিত।",প্রথম ভারতীয় রক সঙ্গীত ব্যান্ডের নাম কী ?,মহীনের ঘোড়াগুলি,bengali-8297674774981441429-0,"```json
{
  ""claims"": [
    {
      ""claim"": ""প্রথম ভারতীয় রক সঙ্গীত ব্যান্ডের নাম মহীনের ঘোড়াগুলি।"",
      ""supported_by"": ""এটি ভারতের প্রথম রক ব্যান্ড যা ১৯৭০-এর দশকের মাঝ পর্বে কলকাতায় যাত্রা শুরু করে।"",
      ""status"": ""supported""
    }
  ],
  ""verdict"": ""yes""
}
```","[{""claim"": ""প্রথম ভারতীয় রক সঙ্গীত ব্যান্ডের নাম মহীনের ঘোড়াগুলি।"", ""supported_by"": ""এটি ভারতের প্রথম রক ব্যান্ড যা ১৯৭০-এর দশকের মাঝ পর্বে কলকাতায় যাত্রা শুরু করে।"", ""status"": ""supported""}]",yes,no,1,1,0,0,1,,agg,no
bengali-8835875250524667479-0,"রিচার্ড উইড উইডমার্ক (ডিসেম্বর ২৬, ১৯১৪-মার্চ ২৪, ২০০৮) একজন মার্কিন চলচ্চিত্র, মঞ্চ, এবং টেলিভিশন অভিনেতা ও প্রযোজক।   তিনি তাঁর সর্বপ্রথম অভিনীত চলচ্চিত্র “কিস অফ ডেথ” – এ টমি উডো নামে একজন খলনায়কের ভূমিকায় অভিনয়ের জন্য অস্কার মনোনয়ন পেয়েছিলেন। তিনি গোল্ডেন গ্লোব জয়ী হন সবচেয়ে উজ্জ্বল নবাগত হিসেবে। অভিনয় জীবনের শুরুর দিকে তিনি নোয়া চলচ্চিত্রে খলনায়কের ভূমিকায় বেশী অভিনয় করেন, তবে পরে তিনি নায়কের চরিত্রে অভিনয় করেন ওয়েস্টার্ন, নাট্য এবং ভয়ের চলচ্চিত্রে। চলচ্চিত্র জগতে অবদানের জন্য হলিউড ওয়াক অফ ফেইম-এ উইডমার্কের একটি তারকা আছে।","মার্কিন চলচ্চিত্র, মঞ্চ, এবং টেলিভিশন অভিনেতা ও প্রযোজক রিচার্ড উইড উইডমার্কের অভিনীত প্রথম চলচ্চিত্রের নাম কী ?",কিস অফ ডেথ,bengali-8835875250524667479-0,"```json
{
  ""claims"": [
    {
      ""claim"": ""রিচার্ড উইড উইডমার্কের অভিনীত প্রথম চলচ্চিত্রের নাম কিস অফ ডেথ।"",
      ""supported_by"": ""তিনি তাঁর সর্বপ্রথম অভিনীত চলচ্চিত্র “কিস অফ ডেথ” – এ টমি উডো নামে একজন খলনায়কের ভূমিকায় অভিনয়ের জন্য অস্কার মনোনয়ন পেয়েছিলেন।"",
      ""status"": ""supported""
    }
  ],
  ""verdict"": ""yes""
}
```","[{""claim"": ""রিচার্ড উইড উইডমার্কের অভিনীত প্রথম চলচ্চিত্রের নাম কিস অফ ডেথ।"", ""supported_by"": ""তিনি তাঁর সর্বপ্রথম অভিনীত চলচ্চিত্র “কিস অফ ডেথ” – এ টমি উডো নামে একজন খলনায়কের ভূমিকায় অভিনয়ের জন্য অস্কার মনোনয়ন পেয়েছিলেন।"", ""status"": ""supported""}]",yes,no,1,1,0,0,1,,agg,no
bengali-1787623261283241578-0,"সাইয়েদ কুতুব (/ˈkuːtəb/[1]/ˈkʌtəb/; Egyptian Arabic pronunciation:[ˈsæjjed ˈʔotˤb], Arabic:[ˈsæjjɪd ˈqʊtˤb]; Arabic: سيد قطب‎  (১৯০৬ - ২৫ আগস্ট ১৯৬৬) হলেন একজন মিশরীয় ইসলামী চিন্তাবিদ এবং বিপ্লবী রাজনৈতিক সংগঠক। তিনি মিশরের ইসলামী আন্দোলনের প্রধান সংগঠন ইখওয়ানুল মুসলিমিন দলের মুখপত্র ইখওয়ানুল মুসলিমিন'এর সম্পাদক ছিলেন। তাকে তৎকালীন সরকার ফাঁসির আদেশ দেয় এবং এভাবেই তাকে মৃত্যুবরণ করতে হয়।",সাইয়েদ কুতুব মিশরের কোন রাজনৈতিক দলের সাথে যুক্ত ছিলেন ?,ইখওয়ানুল মুসলিমিন,bengali-1787623261283241578-0,"```json
{
  ""claims"": [
    {
      ""claim"": ""সাইয়েদ কুতুব মিশরের ইসলামী আন্দোলনের প্রধান সংগঠন ইখওয়ানুল মুসলিমিন দলের সাথে যুক্ত ছিলেন।"",
      ""supported_by"": ""তিনি মিশরের ইসলামী আন্দোলনের প্রধান সংগঠন ইখওয়ানুল মুসলিমিন দলের মুখপত্র ইখওয়ানুল মুসলিমিন'এর সম্পাদক ছিলেন।"",
      ""status"": ""supported""
    }
  ],
  ""verdict"": ""yes""
}
```","[{""claim"": ""সাইয়েদ কুতুব মিশরের ইসলামী আন্দোলনের প্রধান সংগঠন ইখওয়ানুল মুসলিমিন দলের সাথে যুক্ত ছিলেন।"", ""supported_by"": ""তিনি মিশরের ইসলামী আন্দোলনের প্রধান সংগঠন ইখওয়ানুল মুসলিমিন দলের মুখপত্র ইখওয়ানুল মুসলিমিন'এর সম্পাদক ছিলেন।"", ""status"": ""supported""}]",yes,no,1,1,0,0,1,,agg,no
bengali--5394904407063095222-2,"শেখ মোহাম্মদ সুলতান আগস্ট ১০, ১৯২৩ সালে তৎকালীন পূর্ব বাংলা, ব্রিটিশ ভারত (বর্তমান বাংলাদেশ) নড়াইলের মাসিমদিয়া গ্রামে জন্মগ্রহণ করেন।[4][5] তার জন্ম হয়েছিল দরিদ্র কৃষক-পরিবারে।তার মায়ের নাম মোছাম্মদ মেহেরুননেসা।  তার বাবা শেখ মোহাম্মদ মেসের আলী পেশায় ছিলেন রাজমিস্ত্রী।[2][4] তবে কৃষিকাজই ছিল তার বাবার মূল পেশা, পাশাপাশি বাড়তি আয়ের জন্য ঘরামির কাজ করতেন। সুলতান ছিলেন পরিবারের একমাত্র সন্তান।[5] শৈশবে পরিবারের সবাই তাকে লাল মিয়া বলে ডাকতো। বিদ্যালয়ে পড়ানোর মতো সামর্থ্য তার পরিবারের না থাকলেও ১৯২৮ সালে নড়াইলের ভিক্টোরিয়া কলেজিয়েট স্কুলে তাকে ভর্তি করানো হয়। তবে মাত্র পাঁচ বছর অধ্যয়নের পর তিনি সেই বিদ্যালয়ে ছেড়ে বাড়ি ফিরে বাবার সহোযোগী হিসেবে রাজমিস্ত্রীর কাজ শুরু করেন। এ সময় বারার ইমারত তৈরির কাজ সুলতানকে প্রভাবিত করে এবং তিনি রাজমিস্ত্রীর কাজের ফাঁকে আঁকা-আঁকি শুরু করেন। সুলতানের বাল্যবয়সের চরিত্র-গঠন সম্পর্কে আহমদ ছফা লিখেছেন:[5]",শেখ মোহাম্মদ সুলতানের মায়ের নাম কি ছিল ?,মোছাম্মদ মেহেরুননেসা,bengali--5394904407063095222-2,"```json
{
  ""claims"": [
    {
      ""claim"": ""শেখ মোহাম্মদ সুলতানের মায়ের নাম মোছাম্মদ মেহেরুননেসা ছিল।"",
      ""supported_by"": ""তার মায়ের নাম মোছাম্মদ মেহেরুননেসা।"",
      ""status"": ""supported""
    }
  ],
  ""verdict"": ""yes""
}
```","[{""claim"": ""শেখ মোহাম্মদ সুলতানের মায়ের নাম মোছাম্মদ মেহেরুননেসা ছিল।"", ""supported_by"": ""তার মায়ের নাম মোছাম্মদ মেহেরুননেসা।"", ""status"": ""supported""}]",yes,no,1,1,0,0,1,,agg,no
bengali--8651108802342100600-1,কক্সবাজার জেলার মোট আয়তন ২৪৯১.৮৬ বর্গ কিলোমিটার।[1],বাংলাদেশের কক্সবাজার জেলার মোট আয়তন কত ?,২৪৯১.৮৬ বর্গ কিলোমিটার,bengali--8651108802342100600-1,"```json
{
  ""claims"": [
    {
      ""claim"": ""বাংলাদেশের কক্সবাজার জেলার মোট আয়তন ২৪৯১.৮৬ বর্গ কিলোমিটার"",
      ""supported_by"": ""কক্সবাজার জেলার মোট আয়তন ২৪৯১.৮৬ বর্গ কিলোমিটার।"",
      ""status"": ""supported""
    }
  ],
  ""verdict"": ""yes""
}
```","[{""claim"": ""বাংলাদেশের কক্সবাজার জেলার মোট আয়তন ২৪৯১.৮৬ বর্গ কিলোমিটার"", ""supported_by"": ""কক্সবাজার জেলার মোট আয়তন ২৪৯১.৮৬ বর্গ কিলোমিটার।"", ""status"": ""supported""}]",yes,no,1,1,0,0,1,,agg,no
bengali--989226231475750748-0,খাদিজা বিনতে খুওয়াইলিদ (Arabic: خديجة بنت خويلد‎) হলেন ইসলাম গ্রহণকারী প্রথম ব্যক্তি এবং এই মহাবিশ্বের সর্বশেষ নবী মুহাম্মদ (স.) এর প্রথম স্ত্রী।[1] তার কুনিয়া উম্মু হিন্দ এবং উপাধি তাহিরা। ইসলামের গ্রহণের আগেই পবিত্র চরিত্রের জন্য তাহিরা উপাধি লাভ করেন; যার অর্থ পবিত্র।[2],নবী মুহাম্মদের প্রথম স্ত্রীর নাম কী ?,খাদিজা বিনতে খুওয়াইলিদ,bengali--989226231475750748-0,"```json
{
  ""claims"": [
    {
      ""claim"": ""নবী মুহাম্মদের প্রথম স্ত্রীর নাম খাদিজা বিনতে খুওয়াইলিদ।"",
      ""supported_by"": ""খাদিজা বিনতে খুওয়াইলিদ (Arabic: خديجة بنت خويلد‎) হলেন ইসলাম গ্রহণকারী প্রথম ব্যক্তি এবং এই মহাবিশ্বের সর্বশেষ নবী মুহাম্মদ (স.) এর প্রথম স্ত্রী।"",
      ""status"": ""supported""
    }
  ],
  ""verdict"": ""no""
}
```","[{""claim"": ""নবী মুহাম্মদের প্রথম স্ত্রীর নাম খাদিজা বিনতে খুওয়াইলিদ।"", ""supported_by"": ""খাদিজা বিনতে খুওয়াইলিদ (Arabic: خديجة بنت خويلد‎) হলেন ইসলাম গ্রহণকারী প্রথম ব্যক্তি এবং এই মহাবিশ্বের সর্বশেষ নবী মুহাম্মদ (স.) এর প্রথম স্ত্রী।"", ""status"": ""supported""}]",no,no,1,1,0,0,0,,agg,no
bengali-6101468669223503112-13,নাতিদীর্ঘ আঠারো পংক্তির নিরেট স্থাপত্যের এই গীতিকবিতায় রয়েছে ছয় পংক্তির তিনটি স্তবক। প্রথম স্তবকে কবি মূলত নিজের কথা বলেছেন; দ্বিতীয় স্তবকে বলেছেন এক ঝলক দেখা প্রিয় মুখের কথা এবং তৃতীয় স্তবকে বলেছেন একটি স্বপ্নের কথা। কবিতাটি জীবনানন্দ দাশের প্রিয় ছন্দ অক্ষরবৃত্ত বা পয়ারে রচিত। তবে পর্ব বিন্যাসে সমতা রক্ষা করা হয় নি।,বনলতা সেন কবিতাটিতে মোট কতগুলি পংক্তি আছে ?,আঠারো,bengali-6101468669223503112-13,"```json
{
  ""claims"": [{""claim"": ""বনলতা সেন কবিতাটিতে মোট আঠারোটি পংক্তি আছে।"", ""supported_by"": ""নাতিদীর্ঘ আঠারো পংক্তির"", ""status"": ""supported""}],
  ""verdict"": ""yes""
}
```","[{""claim"": ""বনলতা সেন কবিতাটিতে মোট আঠারোটি পংক্তি আছে।"", ""supported_by"": ""নাতিদীর্ঘ আঠারো পংক্তির"", ""status"": ""supported""}]",yes,no,1,1,0,0,1,,agg,no
bengali-802268299326091752-3,"জাবির ইবন হাইয়ান ৭২২ খ্রিস্টাব্দে তুস, পারস্যে জন্ম গ্রহণ করেন।[4] ধ্রুপদী সূত্র অনিয়ায়ী জাবির ভিন্নভাবে আল-আযদি বা আল-বারিজি বা আল-কুফি বা আল-তুসি বা আল-সুফী হিসেবে অধিকারী হয়েছেন।[8] তার জন্ম স্থান নিয়ে মত পার্থক্য রয়েছে, কারো মতে তিনি ছিলেন একজন খোরাসান, পারস্য যিনি পরে কুফাতে যান, অন্যদের মতে তিনি ছিলেন সিরিয়া আদিবাসি পরে তিনি পারস্য ও ইরাকে বসবাস করেন।[8] তার পূর্বপুরুষগনের পটভূমি স্পষ্ট নয়, কিন্তু অধিকাংশ সূত্র তাকে একজন ফার্সি হিসেবে উল্লেখ করে।[3] কিছু সূত্রে জানা যায় যে, তার পিতা ছিলেন হাইয়ান আল-আযদি। তিনি ছিলেন আরব আযদ উপজাতির একজন ফার্মাসিস্ট যিনি উমাইয়া খিলাফতের সময় ইয়েমেন থেকে কুফাতে প্রবসিত হন।[9][10]",আবু মুসা জাবির ইবন হাইয়ান কোন দেশের নাগরিক ছিলেন ?,পারস্যে,bengali-802268299326091752-3,"```json
{
  ""claims"": [
    {
      ""claim"": ""আবু মুসা জাবির ইবন হাইয়ান পারস্যের নাগরিক ছিলেন"",
      ""supported_by"": ""জাবির ইবন হাইয়ান ৭২২ খ্রিস্টাব্দে তুস, পারস্যে জন্ম গ্রহণ করেন।"",
      ""status"": ""supported""
    }
  ],
  ""verdict"": ""yes""
}
```","[{""claim"": ""আবু মুসা জাবির ইবন হাইয়ান পারস্যের নাগরিক ছিলেন"", ""supported_by"": ""জাবির ইবন হাইয়ান ৭২২ খ্রিস্টাব্দে তুস, পারস্যে জন্ম গ্রহণ করেন।"", ""status"": ""supported""}]",yes,no,1,1,0,0,1,,agg,no
bengali--699522616384955754-0,"টোকিও বা তৌকিঔ[টীকা 1] (জাপানি ভাষায়: 東京 তৌক্যৌ) পূর্ব এশিয়ার প্রশান্ত মহাসাগরীয় দ্বীপরাষ্ট্র জাপানের বৃহত্তম শহর ও রাজধানী। সরকারীভাবে এটি তৌকিঔ-তো (東京都) অর্থাৎ টোকিও মহানগরী নামে পরিচিত। এটিকে জাপানের ৪৭টি জেলার একটি হিসেবে গণ্য করা হয়।[1][2] টোকিও বিশ্বের সবচেয়ে ঘনবসতিপূর্ণ শহরগুলির একটি। এর আয়তন প্রায় ২৪০ বর্গকিলোমিটার। মূল শহরে প্রায় ৯০ লক্ষ লোকের বাস। বৃহত্তর টোকিও মহানগর এলাকাতে প্রায় ১ কোটি ৩০ লক্ষ লোকের বাস, যা জাপানের মোট জনসংখ্যার এক দশমাংশ; এটি বিশ্বের সবচেয়ে জনবহুল বৃহত্তর মহানগর এলাকা।[3] টোকিও থেকে বন্দরনগরী ইয়োকোহামা পর্যন্ত অঞ্চলটি অবিচ্ছিন্নভাবে জন-অধ্যুষিত বলে কিছু বিশেষজ্ঞ টোকিও-ইয়োকোহামাকে একটিমাত্র মহানগর এলাকা হিসেবে গণ্য করেন, যার জনসংখ্যা প্রায় ৩ কোটি ৮০ লক্ষ।",টোকিও শহরের বর্তমান জনসংখ্যা কত ?,৩ কোটি ৮০ লক্ষ,bengali--699522616384955754-0,"```json
{
  ""claims"": [
    {
      ""claim"": ""টোকিও শহরের বর্তমান জনসংখ্যা ৩ কোটি ৮০ লক্ষ।"",
      ""supported_by"": ""টোকিও থেকে বন্দরনগরী ইয়োকোহামা পর্যন্ত অঞ্চলটি অবিচ্ছিন্নভাবে জন-অধ্যুষিত বলে কিছু বিশেষজ্ঞ টোকিও-ইয়োকোহামাকে একটিমাত্র মহানগর এলাকা হিসেবে গণ্য করেন, যার জনসংখ্যা প্রায় ৩ কোটি ৮০ লক্ষ।"",
      ""status"": ""supported""
    }
  ],
  ""verdict"": ""no""
}
```","[{""claim"": ""টোকিও শহরের বর্তমান জনসংখ্যা ৩ কোটি ৮০ লক্ষ।"", ""supported_by"": ""টোকিও থেকে বন্দরনগরী ইয়োকোহামা পর্যন্ত অঞ্চলটি অবিচ্ছিন্নভাবে জন-অধ্যুষিত বলে কিছু বিশেষজ্ঞ টোকিও-ইয়োকোহামাকে একটিমাত্র মহানগর এলাকা হিসেবে গণ্য করেন, যার জনসংখ্যা প্রায় ৩ কোটি ৮০ লক্ষ।"", ""status"": ""supported""}]",no,no,1,1,0,0,0,,agg,no
bengali-1638855418388935684-0,"স্টিভ জবস (পুরোনাম: স্টিভেন পল জবস) (English: Steven Paul ""Steve"" Jobs) (জন্ম ফেব্রুয়ারি ২৪, ১৯৫৫, মৃত্যু ৫ অক্টোবর ২০১১)[10][11] যুক্তরাষ্ট্রের একজন উদ্যোক্তা ও প্রযুক্তি উদ্ভাবক। তাকে পার্সোনাল কম্পিউটার বিপ্লবের পথিকৃৎ বলা হয়। তিনি স্টিভ ওজনিয়াক এবং রোনাল্ড ওয়েন -এর সাথে ১৯৭৬ খ্রিস্টাব্দে ""অ্যাপল কম্পিউটার"" প্রতিষ্ঠা করেন। তিনি অ্যাপল ইনকর্পোরেশনের প্রতিষ্ঠাতাদের অন্যতম ও সাবেক প্রধান নির্বাহী কর্মকর্তা। তিনি ""পিক্সার এ্যানিমেশন স্টুডিওস""-এরও প্রতিষ্ঠাতাদের অন্যতম ও সাবেক প্রধান নির্বাহী কর্মকর্তা। ১৯৮৫ সালে অ্যাপল ইনকর্পোরেশনের ""বোর্ড অব ডিরেক্টর্সের"" সদস্যদের সাথে বিরোধে জড়িয়ে তিনি অ্যাপল ইনকর্পোরেশনের থেকে পদত্যাগ করেন এবং নেক্সট কম্পিউটার প্রতিষ্ঠা করেন। ১৯৯৬ সালে অ্যাপল কম্পিউটার নেক্সট কম্পিউটারকে কিনে নিলে তিনি অ্যাপলে ফিরে আসেন। তিনি ১৯৯৫ সালে টয় স্টোরি নামের অ্যানিমেটেড চলচ্চিত্র প্রযোজনা করেন।",অ্যাপল ইনকর্পোরেটেডের প্রতিষ্ঠাতা কে ?,স্টিভ ওজনিয়াক এবং রোনাল্ড ওয়েন,bengali-1638855418388935684-0,"```json
{
  ""claims"": [
    {
      ""claim"": ""অ্যাপল ইনকর্পোরেটেডের প্রতিষ্ঠাতা স্টিভ ওজনিয়াক।"",
      ""supported_by"": ""তিনি স্টিভ ওজনিয়াক এবং রোনাল্ড ওয়েন -এর সাথে ১৯৭৬ খ্রিস্টাব্দে \""অ্যাপল কম্পিউটার\"" প্রতিষ্ঠা করেন।"",
      ""status"": ""supported""
    },
    {
      ""claim"": ""অ্যাপল ইনকর্পোরেটেডের প্রতিষ্ঠাতা রোনাল্ড ওয়েন।"",
      ""supported_by"": ""তিনি স্টিভ ওজনিয়াক এবং রোনাল্ড ওয়েন -এর সাথে ১৯৭৬ খ্রিস্টাব্দে \""অ্যাপল কম্পিউটার\"" প্রতিষ্ঠা করেন।"",
      ""status"": ""supported""
    }
  ],
  ""verdict"": ""yes""
}
```","[{""claim"": ""অ্যাপল ইনকর্পোরেটেডের প্রতিষ্ঠাতা স্টিভ ওজনিয়াক।"", ""supported_by"": ""তিনি স্টিভ ওজনিয়াক এবং রোনাল্ড ওয়েন -এর সাথে ১৯৭৬ খ্রিস্টাব্দে \""অ্যাপল কম্পিউটার\"" প্রতিষ্ঠা করেন।"", ""status"": ""supported""}, {""claim"": ""অ্যাপল ইনকর্পোরেটেডের প্রতিষ্ঠাতা রোনাল্ড ওয়েন।"", ""supported_by"": ""তিনি স্টিভ ওজনিয়াক এবং রোনাল্ড ওয়েন -এর সাথে ১৯৭৬ খ্রিস্টাব্দে \""অ্যাপল কম্পিউটার\"" প্রতিষ্ঠা করেন।"", ""status"": ""supported""}]",yes,no,2,2,0,0,1,,agg,no
bengali-3899801023894099148-18,"উত্তরপ্রদেশ রাজ্যে বিভিন্ন প্রজাতির  পাখিও দেখা যায়।[78] সাধারণ পাখির মধ্যে পায়রা, ময়ূর, বনমোরগ, ব্ল্যাক প্যাট্রিজ, পাতি চড়ুই, সংবার্ড, ব্লু জে, প্যারাকিট, কোয়েল, বুলবুল, নাকতা হাঁস, মাছরাঙ্গা, কাঠঠোকরা, কাদাখোঁচা ও টিয়াপাখি উল্লেখযোগ্য। রাজ্যের পাখিরালয়গুলি হল বাখিরা অভয়ারণ্য, জাতীয় চম্বল অভয়ারণ্য, চন্দ্রপ্রভা অভয়ারণ্য, হস্তিনাপুর অভয়ারণ্য, কাইমুর অভয়ারণ্য ও ওখলা অভয়ারণ্য।[79]",হস্তিনাপুর বর্তমানে কোন রাজ্যে অবস্থিত ?,উত্তরপ্রদেশ,bengali-3899801023894099148-18,"```json
{
  ""claims"": [{""claim"": ""হস্তিনাপুর উত্তরপ্রদেশ রাজ্যে অবস্থিত।"", ""supported_by"": ""হস্তিনাপুর অভয়ারণ্য"", ""status"": ""supported""}],
  ""verdict"": ""yes""
}
```","[{""claim"": ""হস্তিনাপুর উত্তরপ্রদেশ রাজ্যে অবস্থিত।"", ""supported_by"": ""হস্তিনাপুর অভয়ারণ্য"", ""status"": ""supported""}]",yes,no,1,1,0,0,1,,agg,no
bengali--381183395494440070-4,"কাউডাটা বা লেজযুক্ত উভচর; এদের মধ্যে আছে সাইরেন, সালামান্ডার, ও নিউট। অ্যানুরা বা লেজবিহীন উভচর; এদের মধ্যে আছে বিভিন্ন জাতের ব্যাঙ। জিম্নোফিওনা; এরা অনেকটা কেঁচোসদৃশ, যেমন সিসিলিয়ান।",ব্যাঙ কোন বর্গের প্রাণী ?,অ্যানুরা,bengali--381183395494440070-4,"```json
{
  ""claims"": [{""claim"": ""ব্যাঙ অ্যানুরা বর্গের প্রাণী।"", ""supported_by"": ""অ্যানুরা বা লেজবিহীন উভচর; এদের মধ্যে আছে বিভিন্ন জাতের ব্যাঙ।"", ""status"": ""supported""}],
  ""verdict"": ""yes""
}
```","[{""claim"": ""ব্যাঙ অ্যানুরা বর্গের প্রাণী।"", ""supported_by"": ""অ্যানুরা বা লেজবিহীন উভচর; এদের মধ্যে আছে বিভিন্ন জাতের ব্যাঙ।"", ""status"": ""supported""}]",yes,no,1,1,0,0,1,,agg,no
bengali--622926988234538194-4,"""বনলতা সেন"" কবিতাটি প্রথম প্রকাশ করেছিলেন কবি বুদ্ধদেব বসু তাঁর কবিতা পত্রিকায়। ১৯৩৫ খ্রিষ্টাব্দের ডিসেম্বরে প্রকাশিত কবিতার পৌষ, ১৩৪২ সংখ্যার মাধ্যমে বনলতা সেন সর্বপ্রথম পাঠকের হাতে এসে পৌঁছায়। জীবনানন্দ দাশ বাংলা ১৩৪৯, ইংরেজি ডিসেম্বর ১৯৪২ খ্রিষ্টাব্দে প্রকাশিত তাঁর বনলতা সেন নামক তৃতীয় কাব্যগ্রন্থে কবিতাটি অন্তর্ভুক্ত করেন। কবিতা-ভবন কর্তৃক প্রকাশিত ""এক পয়সায় একটি"" গ্রন্থমালার অন্তর্ভুক্ত হিসেবে। প্রকাশক ছিলেন জীবনানন্দ দাশ নিজেই। ১৬ পৃষ্ঠার প্রথম সংস্করণে কবিতা ছিল মোট ১২টি। প্রথম সংস্করণের প্রচ্ছদ করেছিলেন শম্ভু সাহা।[1] পরবর্তীকালে জীবনানন্দ দাশ ১৯৪৪ এ প্রকাশিত তাঁর চতুর্থ কাব্য মহাপৃথিবীতে উক্ত বনলতা সেন কাব্যগ্রন্থের সকল কবিতাই অন্তর্ভুক্ত করেছিলেন। অর্থাৎ ‘‘মহাপৃথিবী’’ কাব্যগ্রন্থেরও প্রথম কবিতা ছিল ’বনলতা সেন’।","জীবনানন্দ দাশ রচিত ""বনলতা সেন"" কবিতাটি কোন সালে প্রথম প্রকাশিত হয় ?",১৯৩৫,bengali--622926988234538194-4,"```json
{
  ""claims"": [
    {
      ""claim"": ""জীবনানন্দ দাশ রচিত ""বনলতা সেন"" কবিতাটি ১৯৩৫ সালে প্রথম প্রকাশিত হয়।"",
      ""supported_by"": ""১৯৩৫ খ্রিষ্টাব্দের ডিসেম্বরে প্রকাশিত"",
      ""status"": ""contradicted""
    }
  ],
  ""verdict"": ""yes""
}
```",[],unknown,unknown,0,0,0,0,0,"json_decode_fallback: Expecting ',' delimiter: line 4 column 37 (char 58)",agg,unknown
bengali-3835788684367493599-2,"সাহাবীগণ ইসলামের সর্বশেষ নবীর কথা ও কাজের বিবরণ অত্যন্ত আগ্রহ সহকারে স্মরণ রাখতেন। আবার কেউ কেউ তার অনুমতি সাপেক্ষে কিছু কিছু হাদীস লিখে রাখতেন। এভাবে তার জীবদ্দশায় স্মৃতিপটে মুখস্ত করে রাখার সাথে সাথে কিছু হাদীস লিখিত আকারে লিপিবদ্ধ ছিল। হযরত আলী, হযরত আবদুল্লাহ ইবনে ওমর, হযরত আবদুল্লাহ ইবনে আব্বাস, হযরত আনাস ইবনে মালিক প্রমুখ সাহাবীগণ কিছু কিছু হাদীস লিপিবদ্ধ করে রাখতেন। হযরত আবূ হুরায়রা বলেন “আবদুল্লাহ ইবনে আমর ব্যতীত আর কোন সাহাবী আমার অপেক্ষা অধিক হাদীস জানতেননা। কারণ, তিনি হাদীস লিখে রাখতেন আর আমি লিখতাম না।” নবীর জীবদ্দশায় ইসলামী রাষ্ট্রের প্রশাসনিক বহু কাজকর্ম লিখিতভাবে সম্পাদনা করা হতো। বিভিন্ন এলাকার শাসনকর্তা, সরকারী কর্মচারী এবং জনসাধারনের জন্য বিভিন্ন সময়ে বিভিন্ন বিষয়ে লিখিত নির্দেশ প্রদান করা হতো। তাছাড়া রোম, পারস্য প্রভৃতি প্রতিবেশী দেশসমূহের সম্রাটদের সাথে পত্র বিনিময়, ইসলামের দাওয়াত এবং বিভিন্ন গোত্র ও সম্প্রদায়ের সাথে চুক্তি ও সন্ধি লিখিতভাবে সম্পাদন করা হতো। আর ইসলামের নবীর আদেশক্রমে যা লেখা হতো তাও হাদীসের অন্তর্ভুক্ত। ইসলামের নবীর মৃত্যুর পর বিভিন্ন কারণে হাদীস সংকলনের প্রয়োজনীয়তা দেখা দেয়। কুরআন মাজীদের সাথে হাদীস সংমিশ্রণ হওয়ার আশংকায় কুরআন পুর্ণ গ্রন্থাকারে লিপিবদ্ধ না হওয়া পর্যন্ত হাদীস লিপিবদ্ধ করতে কেউ সাহস পায়নি। আবূ বকরের আমলে কুরআন মজীদ গ্রন্থাকারে লিপিবদ্ধ হলে সাহাবীগণ হাদীস লিপিবদ্ধ করার ব্যাপারে আর কোন বাধা আছে বলে অনুভব করেননি। হিজরী প্রথম শতাব্দীর শেষভাগে সাহাবি ও তাবেয়ীগণ প্রয়োজন অনুসারে কিছু হাদীস লিপিবদ্ধ করেন। অতঃপর উমাইয়া খলিফা উমর ইবনে আব্দুল আযীয হাদীস সংগ্রহের জন্য মদীনার শাসনকর্তা আবু বকর বিন হাজম সহ মুসলিমবিশ্বের বিভিন্ন এলাকার শাসনকর্তা ও আলিমগণের কাছে একটি ফরমান জারী করেন যে, আপনারা মহানবী (সাঃ) হাদীসসমূহ সংগ্রহ করুন। কিন্তু সাবধান! মহানবী (সাঃ) এর হাদীস ব্যতীত অন্য কিছু গ্রহন করবেননা। আর আপনার নিজ নিজ এলাকায় মজলিস প্রতিষ্ঠা করে আনুষ্ঠানিকভাবে হাদীস শিক্ষা দিতে থাকুন। কেননা, জ্ঞান গোপন থাকলে তা একদিন বিলুপ্ত হয়ে যায়। এই আদেশ জারীর পর মক্কা, মদীনা, সিরিয়া, ইরাক এবং অন্যান্য অঞ্চলে হাদীস সংকলনের কাজ শুরু হয়। কথিত আছে যে, প্রখ্যাত মুহাদ্দিস ইমাম ইবনে শিহাব যুহরী সর্বপ্রথম হাদীস সংগ্রহ এবং সংকলনে হাত দেন। কিন্তু তাঁর সংকলিত হাদীসগ্রন্থের সন্ধান পাওয়া যায়নি। এরপর ইমাম ইবনে জুরাইজ মক্কায়, ইমাম মালিক মদীনায়, আবদুল্লাহ ইবনে আব্দুল ওয়াহহাব মিসরে, আব্দুর রাজ্জাক ইয়েমেনে, আবদুল্লাহ ইবনে মুবারক খুরাসানে, এবং সূফিয়ান সাওরী ও হাম্মাদ ইবনে সালমা বসরায় হাদীস সংকলনে আত্ননিয়োগ করেন। এ যুগের ইমামগণ কেবল দৈনন্দিন জীবনে প্রয়োজনীয় হাদীসগুলো ও স্থানীয় হাদীস শিক্ষাকেন্দ্রে প্রাপ্ত হাদীসসমূহ লিপিবদ্ধ করেছিলেন। তাঁদের কেউই বিষয়বস্তু হিসেবে বিন্যাস করে হাদীসসমূহ লিপিবদ্ধ করেননি। এ যুগে লিখিত হাদীস গ্রন্থসমূহের মধ্যে ইমাম মালিকের “মুয়াত্তা” সর্বপ্রথম ও সর্বপ্রধান প্রামান্য হাদীসগ্রন্থ। ইমাম মালিকের “মুয়াত্তা” গ্রন্থটি হাদীস সংকলনের ব্যাপারে বিপুল-উৎসাহ উদ্দিপনার সৃষ্টি করেছিল। এটি হাদীসশাস্ত্র অধ্যায়নে মুসলিম মণিষীদের প্রধান আর্কষণে পরিণত হয়েছিল। এরই ফলশ্রূতিতে তৎকালীন মুসলিম বিশ্বে সর্বত্র হাদীসচর্চার কেন্দ্র স্হাপিত হতে থাকে। ইমাম শাফঈ এর কিতাবুল “উম্ম” এবং ইমাম আহমাদ বিন হাম্বলের “মাসনাদ” গ্রন্থদ্বয় হাদীসের উপর গুরুত্বপুর্ণ গ্রন্থ হিসেবে বিবেচিত। অতঃপর হিজরী তৃতীয় শতাব্দীতে অনেক মুসলিম মণিষী বিশ্বের বিভিন্ন অঞ্চল থেকে প্রচুর হাদীস সংগ্রহ করেন। তন্মধ্যে বিখ্যাত হলেন ইমাম বুখারী, ইমাম মুসলিম, ইমাম আবূ দাউদ, ইমাম তিরমিজী, ইমাম নাসাঈ, এবং ইমাম ইবনে মাজাহ। এদের সংকলিত হাদীস গ্রন্থগুলো হলো সহীহ বুখারী, সহীহ মুসলিম, সুনানে আবূ দাউদ, জামি’ আত-তিরমিযী, সূনানে নাসাঈ এবং সূনানে ইবনে মাজাহ্। এই ছয়খানা হাদীসগ্রন্থকে সন্মিলিতভাবে সিহাহ সিত্তাহ বা ছয়টি বিশুদ্ধ হাদীসগ্রন্থ বলা হয়। আব্বাসিয় যুগে হাদীস লিপিবদ্ধের কাজ পরিসমাপ্ত হয়।[1]",হাদীস কে বা কারা রচনা করেন ?,"হযরত আলী, হযরত আবদুল্লাহ ইবনে ওমর, হযরত আবদুল্লাহ ইবনে আব্বাস, হযরত আনাস ইবনে মালিক প্রমুখ সাহাবীগণ",bengali-3835788684367493599-2,"```json
{
  ""claims"": [
    {
      ""claim"": ""হযরত আলী, হযরত আবদুল্লাহ ইবনে ওমর, হযরত আবদুল্লাহ ইবনে আব্বাস, হযরত আনাস ইবনে মালিক হাদীস রচনা করেন।"",
      ""supported_by"": ""হযরত আলী, হযরত আবদুল্লাহ ইবনে ওমর, হযরত আবদুল্লাহ ইবনে আব্বাস, হযরত আনাস ইবনে মালিক প্রমুখ সাহাবীগণ কিছু কিছু হাদীস লিপিবদ্ধ করে রাখতেন।"",
      ""status"": ""supported""
    }
  ],
  ""verdict"": ""no""
}
```","[{""claim"": ""হযরত আলী, হযরত আবদুল্লাহ ইবনে ওমর, হযরত আবদুল্লাহ ইবনে আব্বাস, হযরত আনাস ইবনে মালিক হাদীস রচনা করেন।"", ""supported_by"": ""হযরত আলী, হযরত আবদুল্লাহ ইবনে ওমর, হযরত আবদুল্লাহ ইবনে আব্বাস, হযরত আনাস ইবনে মালিক প্রমুখ সাহাবীগণ কিছু কিছু হাদীস লিপিবদ্ধ করে রাখতেন।"", ""status"": ""supported""}]",no,no,1,1,0,0,0,,agg,no
bengali-5730130221372563642-10,"২০১৬ সালের ২৩ জুলাই হৃদরোগে আক্রান্ত হয়ে মহাশ্বেতা দেবী কলকাতার বেল ভিউ ক্লিনিকে ভর্তি হন। সেই বছরই ২৮ জুলাই একাধিক অঙ্গ বিকল হয়ে তাঁর মৃত্যু ঘটে।[15] তিনি মধুমেহ, সেপ্টিসেমিয়া ও মূত্র সংক্রমণ রোগেও ভুগছিলেন।[6]",ভারতীয় বাঙালি কথাসাহিত্যিক মহাশ্বেতা দেবীর মৃত্যু কবে হয় ?,২০১৬ সালের ২৩ জুলাই,bengali-5730130221372563642-10,"```json
{
  ""claims"": [
    {
      ""claim"": ""মহাশ্বেতা দেবীর মৃত্যু ২০১৬ সালের ২৩ জুলাই হয়।"",
      ""supported_by"": ""২০১৬ সালের ২৩ জুলাই হৃদরোগে আক্রান্ত হয়ে মহাশ্বেতা দেবী কলকাতার বেল ভিউ ক্লিনিকে ভর্তি হন।"",
      ""status"": ""missing""
    }
  ],
  ""verdict"": ""yes""
}
```","[{""claim"": ""মহাশ্বেতা দেবীর মৃত্যু ২০১৬ সালের ২৩ জুলাই হয়।"", ""supported_by"": ""২০১৬ সালের ২৩ জুলাই হৃদরোগে আক্রান্ত হয়ে মহাশ্বেতা দেবী কলকাতার বেল ভিউ ক্লিনিকে ভর্তি হন।"", ""status"": ""missing""}]",yes,yes,1,0,0,1,0,,agg,yes
bengali-2163425666649830741-9,"ইহুদি মহল্লা (Hebrew: הרובע היהודי‎, HaRova HaYehudi, known colloquially to residents as HaRova, Arabic: حارة اليهود‎, Ḩārat al-Yahūd) শহরের দক্ষিণ পশ্চিম প্রান্তে অবস্থিত। এটি দক্ষিণে জায়ন গেট থেকে পশ্চিমে আর্মেনীয় মহল্লা নিয়ে উত্তরে কারডো এবং পূর্বে পশ্চিম দেয়াল ও টেম্পল মাউন্ট পর্যন্ত বিস্তৃত। এই মহল্লার সমৃদ্ধ ইতিহাস রয়েছে। খ্রিষ্টপূর্ব অষ্টম শতক থেকে এখানে ইহুদিরা ধারাবাহিকভাবে বসবাস করে আসছে।[17][18][19][20][21][22] ১৯৪৮ সালে এর ২,০০০ ইহুদিকে অবরোধ করা হয় এবং সবাইকে স্থান ত্যাগ করতে বাধ্য করা হয়।[23] মহল্লাটি সম্পূর্ণরূপে অধীকৃত হয় ও এর প্রাচীন সিনাগগগুলো ধ্বংস করা হয়।",ইহুদি মহল্লা কবে স্থাপিত হয় ?,খ্রিষ্টপূর্ব অষ্টম শতক,bengali-2163425666649830741-9,"```json
{
  ""claims"": [{""claim"": ""ইহুদি মহল্লা খ্রিষ্টপূর্ব অষ্টম শতক থেকে প্রতিষ্ঠিত"", ""supported_by"": ""খ্রিষ্টপূর্ব অষ্টম শতক থেকে এখানে ইহুদিরা ধারাবাহিকভাবে বসবাস করে আসছে।"", ""status"": ""supported""}],
  ""verdict"": ""no""
}
```","[{""claim"": ""ইহুদি মহল্লা খ্রিষ্টপূর্ব অষ্টম শতক থেকে প্রতিষ্ঠিত"", ""supported_by"": ""খ্রিষ্টপূর্ব অষ্টম শতক থেকে এখানে ইহুদিরা ধারাবাহিকভাবে বসবাস করে আসছে।"", ""status"": ""supported""}]",no,no,1,1,0,0,0,,agg,no
bengali--3518785176444767715-2,"কোপারনিকাস জন্ম এবং মৃত্যু একই জায়গা রয়েল প্রুশিয়াতে যেটি ১৪৬৬ সালে পর্যন্ত পোল্যান্ড সম্রাজের অন্তর্ভুক্ত ছিল।তিনি একাধারে গনিতবিদ, জ্যোতির্বিদ , পদার্থবিদ , আধুনিক পণ্ডিতবিদ , অনুবাদক, গভর্নর কূটনীতিক এবং অর্থনীতিবিদ ছিলান। ১৫১৭ সালে তিনি অর্থের  একটি পরিমাণ তত্ত্ব বের করেন যাকে অর্থনীতির প্রধান ধারণা বলা যায়। এছাড়াও ১৫১৯ সালে তিনি অর্থনীতির একটি সুত্র প্রদান করে যা পরবর্তীতে গ্রিসমের সূত্র নামে পরিচিত।",বিখ্যাত জ্যোতির্বিজ্ঞানী নিকোলাউস কোপের্নিকুসের জন্ম কোথায় হয় ?,রয়েল প্রুশিয়াতে,bengali--3518785176444767715-2,"```json
{
  ""claims"": [{""claim"": ""বিখ্যাত জ্যোতির্বিজ্ঞানী নিকোলাউস কোপের্নিকুসের জন্ম রয়েল প্রুশিয়াতে হয়।"", ""supported_by"": ""কোপারনিকাস জন্ম এবং মৃত্যু একই জায়গা রয়েল প্রুশিয়াতে"", ""status"": ""supported""}],
  ""verdict"": ""no""
}
```","[{""claim"": ""বিখ্যাত জ্যোতির্বিজ্ঞানী নিকোলাউস কোপের্নিকুসের জন্ম রয়েল প্রুশিয়াতে হয়।"", ""supported_by"": ""কোপারনিকাস জন্ম এবং মৃত্যু একই জায়গা রয়েল প্রুশিয়াতে"", ""status"": ""supported""}]",no,no,1,1,0,0,0,,agg,no
bengali-3335805239407296143-3,"ঈশ্বর শব্দের মূল ""ঈশ্"" এর অর্থ হল,দক্ষ, মালিক,শাসক।[9] দ্বিতীয় অংশ 'বর' যার আভিধানিক অর্থ হল ""সেরা, চমৎকার, সুন্দর, শাসক""।[10] অতএব, যুগপৎভাবে  ঈশ্বর শব্দের অর্থ হল; সেরা বা সুন্দরের স্রষ্টা।",ঈশ্বর শব্দের অর্থ কী ?,সেরা বা সুন্দরের স্রষ্টা,bengali-3335805239407296143-3,"```json
{
  ""claims"": [
    {
      ""claim"": ""ঈশ্বর শব্দের অর্থ সেরা বা সুন্দর"",
      ""supported_by"": ""অতএব, যুগপৎভাবে  ঈশ্বর শব্দের অর্থ হল; সেরা বা সুন্দর"",
      ""status"": ""supported""
    },
    {
      ""claim"": ""ঈশ্বর শব্দের অর্থ স্রষ্টা"",
      ""supported_by"": ""সেরা বা সুন্দরের স্রষ্টা"",
      ""status"": ""supported""
    }
  ],
  ""verdict"": ""no""
}
```","[{""claim"": ""ঈশ্বর শব্দের অর্থ সেরা বা সুন্দর"", ""supported_by"": ""অতএব, যুগপৎভাবে  ঈশ্বর শব্দের অর্থ হল; সেরা বা সুন্দর"", ""status"": ""supported""}, {""claim"": ""ঈশ্বর শব্দের অর্থ স্রষ্টা"", ""supported_by"": ""সেরা বা সুন্দরের স্রষ্টা"", ""status"": ""supported""}]",no,no,2,2,0,0,0,,agg,no
bengali--2624746090422723703-8,২। মিউটন (Muton): একে জিন মিউটেশনের একক বলা হয়। এতে মিউটেশন সংঘটিত হয়। এক বা একাধিক নিউক্লিওটাইড নিয়ে এটি গঠিত হয়।,জিন মিউটেশনের একক কী ?,মিউটন,bengali--2624746090422723703-8,"```json
{
  ""claims"": [
    {
      ""claim"": ""জিন মিউটেশনের একক মিউটন।"",
      ""supported_by"": ""২। মিউটন (Muton): একে জিন মিউটেশনের একক বলা হয়।"",
      ""status"": ""supported""
    }
  ],
  ""verdict"": ""yes""
}
```","[{""claim"": ""জিন মিউটেশনের একক মিউটন।"", ""supported_by"": ""২। মিউটন (Muton): একে জিন মিউটেশনের একক বলা হয়।"", ""status"": ""supported""}]",yes,no,1,1,0,0,1,,agg,no
bengali--6827610236987996069-0,"ক্যাম্ব্রিয়ান হল প্যালিওজোয়িক মহাযুগের প্রথম যুগ।[1] এর স্থায়ীত্ব ছিল  থেকে  কোটি বছর আগে পর্যন্ত এবং এর পরবর্তী যুগের নাম অর্ডোভিশিয়ান।[2] এর সূচনাকাল, সমাপ্তিকাল এবং উপবিভাগ সম্পর্কে স্পষ্ট কোনো নির্দেশিকা এখনও তৈরি করা যায়নি। অ্যাডাম সেজউইক প্রথম ""ক্যাম্ব্রিয়ান সিরিজ"" নাম দিয়ে যুগটিকে চিহ্নিত করেন।[1] এই নামকরণের কারণ হল ওয়েল্‌স অঞ্চল থেকে ব্রিটেনে অবস্থিত এই যুগের পাথর প্রথম আবিষ্কার হয়েছিল, আর ওয়েল্‌সের লাতিন নাম ক্যাম্ব্রিয়া।[3][4] ক্যাম্ব্রিয়ান যুগের পাথরের স্তরের স্বাতন্ত্র্য হল এর মধ্যস্থিত লাগাশ্‌টেটা পলিসঞ্চয়ের মাত্রাধিক্য। এই ধরণের পলিঘটিত পাথরে সুসংরক্ষিত জীবাশ্ম থাকে, যাতে জীবদেহের কঠিন খোলক প্রভৃতি অংশের সাথে সাথে অপেক্ষাকৃত নরম দেহাংশেরও সংরক্ষিত নমুনা পাওয়া যায়। এর ফলে ক্যাম্ব্রিয়ান যুগের জীবন সম্পর্কে মানুষের গবেষণার সুযোগ ও তা থেকে লব্ধ জ্ঞানের পরিমাণ পরবর্তী কোনো কোনো যুগের তুলনায় বেশি।[5]",প্যালিওজোয়িক মহাযুগের দ্বিতীয় যুগটির নাম কী ?,অর্ডোভিশিয়ান,bengali--6827610236987996069-0,"```json
{
  ""claims"": [{""claim"": ""প্যালিওজোয়িক মহাযুগের পরবর্তী যুগের নাম অর্ডোভিশিয়ান।"", ""supported_by"": ""এর স্থায়ীত্ব ছিল  থেকে  কোটি বছর আগে পর্যন্ত এবং এর পরবর্তী যুগের নাম অর্ডোভিশিয়ান।"", ""status"": ""supported""}],
  ""verdict"": ""yes""
}
```","[{""claim"": ""প্যালিওজোয়িক মহাযুগের পরবর্তী যুগের নাম অর্ডোভিশিয়ান।"", ""supported_by"": ""এর স্থায়ীত্ব ছিল  থেকে  কোটি বছর আগে পর্যন্ত এবং এর পরবর্তী যুগের নাম অর্ডোভিশিয়ান।"", ""status"": ""supported""}]",yes,no,1,1,0,0,1,,agg,no
bengali--81766440896542958-0,"মুহম্মদ কুদরাত-এ-খুদা বা ড. কুদরাত-এ-খুদা (১ ডিসেম্বর, ১৯০০ - ৩ নভেম্বর, ১৯৭৭) ছিলেন একজন বাংলাদেশী রসায়নবিদ, গ্রন্থকার এবং শিক্ষাবিদ। শিক্ষায় অবদানের জন্য বাংলাদেশ সরকার তাকে ১৯৭৬ সালে একুশে পদক এবং ১৯৮৪ সালে মরণোত্তর স্বাধীনতা পুরস্কারে ভূষিত করে।",মুহম্মদ কুদরাত-এ-খুদা কবে জন্মগ্রহণ করেন ?,"১ ডিসেম্বর, ১৯০০",bengali--81766440896542958-0,"```json
{
  ""claims"": [
    {
      ""claim"": ""মুহম্মদ কুদরাত-এ-খুদা ১ ডিসেম্বর, ১৯০০ জন্মগ্রহণ করেন"",
      ""supported_by"": ""১ ডিসেম্বর, ১৯০০"",
      ""status"": ""supported""
    }
  ],
  ""verdict"": ""no""
}
```","[{""claim"": ""মুহম্মদ কুদরাত-এ-খুদা ১ ডিসেম্বর, ১৯০০ জন্মগ্রহণ করেন"", ""supported_by"": ""১ ডিসেম্বর, ১৯০০"", ""status"": ""supported""}]",no,no,1,1,0,0,0,,agg,no
bengali--5885375539130721317-9,"উইলিয়াম কেরি (১৭৬১ – ১৮৩৪) ১৮০১ সাল থেকে ১৮৩১ সাল পর্যন্ত ফোর্ট উইলিয়াম কলেজে শিক্ষাদান করেন। এই পর্বে তিনি একটি বাংলা ব্যাকরণ ও অভিধান, একাধিক পাঠ্যপুস্তক, বাংলা বাইবেল এবং একাধিক ভারতীয় ভাষার ব্যাকরণ ও অভিধান প্রণয়ন করেন।[12] জন বোর্থউইক গিলক্রিস্ট (জুন ১৭৫৯ – ১৮৪১) মৃত্যুঞ্জয় তর্কালঙ্কার (১৭৬২ (?) – ১৮১৯) ছিলেন ফোর্ট উইলিয়াম কলেজের প্রথম হেড পণ্ডিত। তিনি একাধিক পাঠ্যপুস্তক রচনা করেন। তাঁকে বাংলা গদ্যের প্রথম ‘সচেতন শিল্পী’ মনে করা হয়।[13] সংস্কৃত পণ্ডিত হয়েও তিনি কলেজের প্রয়োজনে বাংলা লিখতে শুরু করেন। তাঁর উল্লেখযোগ্য গ্রন্থ হল বত্রিশ সিংহাসন (১৮০২), হিতোপদেশ (১৮০৮) ও রাজাবলী (১৮০৮)। মৃত্যুঞ্জয় ইংরেজি জানতেন না। সম্ভবত কলেজের ইংরেজি-জানা পণ্ডিতদের থেকে তিনি তাঁর বইয়ের উপাদান সংগ্রহ করেন।[7] তারিণীচরণ মিত্র (১৭৭২ – ১৮৩৭) ছিলেন ইংরেজি, উর্দু, হিন্দি, আরবি ও ফার্সি ভাষায় পণ্ডিত। তিনি হিন্দুস্তানি ভাষা বিভাগের সঙ্গে যুক্ত ছিলেন। তিনিও বাংলায় অনেক গল্প অনুবাদ করেন।[14] লুল্লুলাল হিন্দি খড়িবোলি গদ্যের জনক। তিনি ফোর্ট উইলিয়াম কলেজের হিন্দুস্তানি ভাষা বিভাগের শিক্ষক ছিলেন। ১৮১৫ সালে আদি হিন্দি সাহিত্যের প্রথম বই তুলসীদাসের বিনয়পত্রিকা মুদ্রণ ও প্রকাশ করেন তিনি।[3] রামরাম বসু (১৭৫৭ – ১৮১৩) কলেজের সঙ্গে যুক্ত ছিলেন। তিনি উইলিয়াম কেরি, জোসুয়া মার্শম্যান ও উইলিয়াম ওয়ার্ডকে প্রথম বাংলা বাইবেল প্রকাশনায় সহায়তা করেন।[3] ঈশ্বরচন্দ্র বিদ্যাসাগর (১৮২০ – ৯১) ১৮৪১ থেকে ১৮৪৬ সাল পর্যন্ত ফোর্ট উইলিয়াম কলেজের হেড পণ্ডিত ছিলেন। এই কলেজে অধ্যাপনাকালে তিনি ইংরেজি ও হিন্দি ভাষায় মনোনিবেশ করেন।[15] মদনমোহন তর্কালঙ্কার (১৮১৭ – ৫৮) ফোর্ট উইলিয়াম কলেজে শিক্ষকতা করতেন। তিনি একাধিক পাঠ্যপুস্তক রচনা করেন।[16]",ফোর্ট উইলিয়াম কলেজের প্রথম অধ্যক্ষ কে ছিলেন ?,মৃত্যুঞ্জয় তর্কালঙ্কার,bengali--5885375539130721317-9,"```json
{
  ""claims"": [
    {
      ""claim"": ""ফোর্ট উইলিয়াম কলেজের প্রথম অধ্যক্ষ মৃত্যুঞ্জয় তর্কালঙ্কার ছিলেন।"",
      ""supported_by"": ""জন বোর্থউইক গিলক্রিস্ট (জুন ১৭৫৯ – ১৮৪১) মৃত্যুঞ্জয় তর্কালঙ্কার (১৭৬২ (?) – ১৮১৯) ছিলেন ফোর্ট উইলিয়াম কলেজের প্রথম হেড পণ্ডিত।"",
      ""status"": ""supported""
    }
  ],
  ""verdict"": ""no""
}
```","[{""claim"": ""ফোর্ট উইলিয়াম কলেজের প্রথম অধ্যক্ষ মৃত্যুঞ্জয় তর্কালঙ্কার ছিলেন।"", ""supported_by"": ""জন বোর্থউইক গিলক্রিস্ট (জুন ১৭৫৯ – ১৮৪১) মৃত্যুঞ্জয় তর্কালঙ্কার (১৭৬২ (?) – ১৮১৯) ছিলেন ফোর্ট উইলিয়াম কলেজের প্রথম হেড পণ্ডিত।"", ""status"": ""supported""}]",no,no,1,1,0,0,0,,agg,no
bengali-6303582530432299812-0,একশো ইউরোর নোটটি (প্রতীক: € ১০০) ইউরো ব্যাংকনোটের উচ্চ মূল্যের একটি ব্যাংকনোট যা ২০০২ সালে ইউরোর (এর নগদ রূপে) প্রচালন থেকে ব্যবহার করা হয়ে হচ্ছে।[6] ২৩টি দেশ (আইনগতভাবে ২২টি) তাদের একমাত্র মুদ্রা হিসেবে ব্যবহার করে যাচ্ছে। ২০১৫ সাল অনুযায়ী যার জনসংখ্যার ৩৩৮ মিলিয়নের বেশি।[7] এটা ইউরো নোটের তৃতীয় বৃহত্তম নোট যার আকৃতি ১৪৭ x ৮২মিমি এবং একটি সবুজ রঙের রেখাচিত্র আছে। একশো ইউরোর ব্যাংকনোটে বারোক এবং রকোকো (১৭শ-১৮শ শতাব্দী পর্যন্ত) স্টাইলের সেতু এবং খিলান / প্রবেশপথ  অঙ্কন করা রয়েছে।,একশো ইউরোর নোটটি কোন রঙের ?,সবুজ,bengali-6303582530432299812-0,"```json
{
  ""claims"": [{""claim"": ""একশো ইউরোর নোটটি সবুজ রঙের"", ""supported_by"": ""এটা ইউরো নোটের তৃতীয় বৃহত্তম নোট যার আকৃতি ১৪৭ x ৮২মিমি এবং একটি সবুজ রঙের রেখাচিত্র আছে।"", ""status"": ""supported""}],
  ""verdict"": ""yes""
}
```","[{""claim"": ""একশো ইউরোর নোটটি সবুজ রঙের"", ""supported_by"": ""এটা ইউরো নোটের তৃতীয় বৃহত্তম নোট যার আকৃতি ১৪৭ x ৮২মিমি এবং একটি সবুজ রঙের রেখাচিত্র আছে।"", ""status"": ""supported""}]",yes,no,1,1,0,0,1,,agg,no
bengali--3695677209482197386-1,"নেইমার ডা সিল্ভা জন্মগ্রহণ করেন সাও পাওলো, ব্রাজিলে সিনিয়র নেইমার ডা সিল্ভা এবং নান্দিনি সান্তসের ঘরে। তিনি তাঁর পিতার নামের অনুসারে নাম পান, যিনি একজন প্রাক্তন ফুটবলার এবং পরবর্তীতে নেইমারের পরামর্শক হিসেবে কাজ করেন। নেইমার তাঁর প্রতিভা দেখানো শুরু করার পর থেকেই তাঁর পিতা নেইমারের পরামর্শক হিসেবে কাজ করছেন। নেইমার তাঁর পিতার ভুমিকা সম্পর্কে বলেন, ""আমার পিতা আমার পাশেই থাকেন সেই ছোটবেলা থেকেই এবং তিনি সবকিছুর খেয়াল রাখেন। তিনিই আমার সব সময়ের সঙ্গী এবং আমার পরিবারের অন্যতম একজন। ২০০৩ সালে, নেইমার তাঁর পরিবারের সঙ্গে সাঁও ভিসেন্তে চলে আসেন। সেখানে তিনি যুব পর্তুগিসা সানতিস্তাতে খেলা শুরু করেন। ২০০৩ এর শেষে তাঁরা সান্তসে চলে আসেন। সেখানে নেইমার সান্তস ফুটবল ক্লাবে যোগ দেন।",নেইমার দা সিল্ভা স্যান্তোস জুনিয়র সর্বপ্রথম কোন ফুটবল ক্লাবের হয়ে খেলেন ?,পর্তুগিসা সানতিস্তা,bengali--3695677209482197386-1,"```json
{
  ""claims"": [
    {
      ""claim"": ""নেইমার দা সিল্ভা স্যান্তোস জুনিয়র সর্বপ্রথম পর্তুগিসা সানতিস্তার হয়ে খেলেন।"",
      ""supported_by"": ""২০০৩ সালে, নেইমার তাঁর পরিবারের সঙ্গে সাঁও ভিসেন্তে চলে আসেন। সেখানে তিনি যুব পর্তুগিসা সানতিস্তাতে খেলা শুরু করেন।"",
      ""status"": ""supported""
    }
  ],
  ""verdict"": ""yes""
}
```","[{""claim"": ""নেইমার দা সিল্ভা স্যান্তোস জুনিয়র সর্বপ্রথম পর্তুগিসা সানতিস্তার হয়ে খেলেন।"", ""supported_by"": ""২০০৩ সালে, নেইমার তাঁর পরিবারের সঙ্গে সাঁও ভিসেন্তে চলে আসেন। সেখানে তিনি যুব পর্তুগিসা সানতিস্তাতে খেলা শুরু করেন।"", ""status"": ""supported""}]",yes,no,1,1,0,0,1,,agg,no
bengali--6803973287842827645-45,"কিং রাজদরবারের দূর্বলতার কারণে তরুন রাজকীয় সামরিক ও বেসামরিক কর্মকর্তারা এবং ছাত্রসমাজ সম্রাটকে উৎখাত করে একটি প্রজাতন্ত্র গঠন করতে প্রয়াসী হন। ১২ই মার্চ ১৯১২ সালে নানজিংএ একটি অন্তর্বর্তী কালিন সরকার গঠিত হয়। সমাপ্ত হয় চীনের ২০০০ বছরের রাজকীয় শাসনের। কিন্তু সান শীঘ্রই সম্রাটকে ক্ষমতাচ্যুত করায় সাহয্য করার বিনিময়ে (যে সিদ্ধান্তের জন্য পরবর্তীকালে তিনি অনুশোচনা করেন) চুক্তি অনুসারে, ইউয়ান সিকাই এর হাতে ক্ষমতা হস্তান্তর করতে বাধ্য হন। ইউয়ান সিকাই ছিলেন নব গঠিত সেনাবাহিনী প্রধান এবং ভূতপূর্ব সম্রাটের প্রধানমন্ত্রী। পরবর্তী পাঁচ বছরে, ইউয়ান জাতীয় ও প্রাদেশিক আইনসভা ভেঙে দেন এবং ১৯১৫ সালে নিজেকে সম্রাট হিসাবে ঘোষনা ক‌রেন। সম্রাট হবার উচ্চাভিলাস তার অধিনস্ত কর্মচারীরা মেনে নেননি। ১৯১৬ সালের মার্চ মা‌সে তাকে উৎখাত করা হয় এবং একই বছর জুন মাসে তিনি মারা যান। ইউয়ানের অপসারন ও মৃত্যু চীনের রাষ্ট্র ক্ষমতায় শূন্যতার সৃষ্টি হয়। প্রজাতান্ত্রিক সরকার ছিন্ন বিচ্ছন্ন হয়ে পরে। এ পরিস্থিতিতে কিছু যুদ্ধবাজ নেতার উত্থান হয়। তারা চীনের অনেক অঞ্চল এসকল নেতারা শাসন করতেন।",চীনা সাম্রাজ্যের সর্বশেষ সম্রাট কে ?,ইউয়ান সিকাই,bengali--6803973287842827645-45,"```json
{
  ""claims"": [{""claim"": ""চীনা সাম্রাজ্যের সর্বশেষ সম্রাট ইউয়ান সিকাই ছিলেন।"", ""supported_by"": ""ইউয়ান সিকাই ছিলেন নব গঠিত সেনাবাহিনী প্রধান এবং ভূতপূর্ব সম্রাটের প্রধানমন্ত্রী। পরবর্তী পাঁচ বছরে, ইউয়ান জাতীয় ও প্রাদেশিক আইনসভা ভেঙে দেন এবং ১৯১৫ সালে নিজেকে সম্রাট হিসাবে ঘোষনা ক‌রেন।"", ""status"": ""supported""}],
  ""verdict"": ""yes""
}
```","[{""claim"": ""চীনা সাম্রাজ্যের সর্বশেষ সম্রাট ইউয়ান সিকাই ছিলেন।"", ""supported_by"": ""ইউয়ান সিকাই ছিলেন নব গঠিত সেনাবাহিনী প্রধান এবং ভূতপূর্ব সম্রাটের প্রধানমন্ত্রী। পরবর্তী পাঁচ বছরে, ইউয়ান জাতীয় ও প্রাদেশিক আইনসভা ভেঙে দেন এবং ১৯১৫ সালে নিজেকে সম্রাট হিসাবে ঘোষনা ক‌রেন।"", ""status"": ""supported""}]",yes,no,1,1,0,0,1,,agg,no
bengali--5443118172314527178-10,"নবগঠিত বিজেপি কার্যত জনসংঘের থেকে আলাদা দল হলেও, বিজেপির অধিকাংশ গুরুত্বপূর্ণ নেতা ছিলেন পূর্বতন জনসংঘের সদস্য। এমনকি জনসংঘের সদস্য অটলবিহারী বাজপেয়ী বিজেপির প্রথম সভাপতি হয়েছিলেন। ঐতিহাসিক রামচন্দ্র গুহা লিখেছেন, ১৯৮০-এর দশকের গোড়ার দিকটিতে ভারতে অনেকগুলি হিন্দু-মুসলমান দাঙ্গার ঘটনা ঘটেছিল। বিজেপি গোড়ার দিকে জনপ্রিয়তা বাড়ানোর জন্য জনসংঘের হিন্দু জাতীয়তাবাদী অবস্থান সম্পর্কে মধ্যপন্থা অবলম্বন করে এবং জনতা পার্টি ও গান্ধীবাদী সমাজতন্ত্রের সঙ্গে এই দলের যোগসূত্রটির দিকে বেশি গুরুত্ব আরোপ করে।[2] এই পদ্ধতিটি সফল হয়নি। ১৯৮৪ সালের সাধারণ নির্বাচনে বিজেপি লোকসভায় মাত্র দুটি আসন পেয়েছিল।[2] এই নির্বাচনের কয়েক মাস আগে সংঘটিত ইন্দিরা গান্ধী হত্যাকাণ্ডের ঘটনার পরিপ্রেক্ষিতে ভারতীয় জাতীয় কংগ্রেস বিরাট জনসমর্থন লাভে সক্ষম হয়। ফলে বিজেপির সাংসদ সংখ্যা কমে যায় এবং কংগ্রেস ৪০৩টি আসনে জয়লাভ করে।[20]",ভারতীয় জনতা পার্টির প্রথম সভাপতি কে ছিলেন ?,অটলবিহারী বাজপেয়ী,bengali--5443118172314527178-10,"```json
{
  ""claims"": [{""claim"": ""ভারতীয় জনতা পার্টির প্রথম সভাপতি অটলবিহারী বাজপেয়ী ছিলেন"", ""supported_by"": ""এমনকি জনসংঘের সদস্য অটলবিহারী বাজপেয়ী বিজেপির প্রথম সভাপতি হয়েছিলেন।"", ""status"": ""supported""}],
  ""verdict"": ""yes""
}
```","[{""claim"": ""ভারতীয় জনতা পার্টির প্রথম সভাপতি অটলবিহারী বাজপেয়ী ছিলেন"", ""supported_by"": ""এমনকি জনসংঘের সদস্য অটলবিহারী বাজপেয়ী বিজেপির প্রথম সভাপতি হয়েছিলেন।"", ""status"": ""supported""}]",yes,no,1,1,0,0,1,,agg,no
bengali-5730130221372563642-0,"মহাশ্বেতা দেবী (১৪ জানুয়ারি, ১৯২৬ – ২৮ জুলাই, ২০১৬)[1][2] ছিলেন একজন ভারতীয় বাঙালি কথাসাহিত্যিক ও মানবাধিকার আন্দোলনকর্মী। তাঁর উল্লেখযোগ্য রচনাগুলি হল হাজার চুরাশির মা, রুদালি, অরণ্যের অধিকার ইত্যাদি।[3] মহাশ্বেতা দেবী ভারতের পশ্চিমবঙ্গ, বিহার, মধ্যপ্রদেশ ও ছত্তীসগঢ় রাজ্যের আদিবাসী উপজাতিগুলির (বিশেষত লোধা ও শবর উপজাতি) অধিকার ও ক্ষমতায়নের জন্য কাজ করেছিলেন।[4] তিনি সাহিত্য অকাদেমি পুরস্কার (বাংলায়), জ্ঞানপীঠ পুরস্কার ও র‍্যামন ম্যাগসাইসাই পুরস্কার সহ একাধিক সাহিত্য পুরস্কার এবং ভারতের চতুর্থ ও দ্বিতীয় সর্বোচ্চ অসামরিক সম্মান যথাক্রমে পদ্মশ্রী ও পদ্মবিভূষণ লাভ করেন। পশ্চিমবঙ্গ সরকার তাঁকে পশ্চিমবঙ্গের সর্বোচ্চ অসামরিক সম্মান বঙ্গবিভূষণে ভূষিত করেছিল।",ভারতীয় বাঙালি কথাসাহিত্যিক মহাশ্বেতা দেবীর মৃত্যু কবে হয় ?,"২৮ জুলাই, ২০১৬",bengali-5730130221372563642-0,"```json
{
  ""claims"": [
    {
      ""claim"": ""মহাশ্বেতা দেবীর মৃত্যু ২৮ জুলাই, ২০১৬ হয়।"",
      ""supported_by"": ""২৮ জুলাই, ২০১৬"",
      ""status"": ""supported""
    }
  ],
  ""verdict"": ""no""
}
```","[{""claim"": ""মহাশ্বেতা দেবীর মৃত্যু ২৮ জুলাই, ২০১৬ হয়।"", ""supported_by"": ""২৮ জুলাই, ২০১৬"", ""status"": ""supported""}]",no,no,1,1,0,0,0,,agg,no
bengali-167407130057280550-0,"ডক্টর ভীমরাও রামজি আম্বেডকর (Marathi: डॉ.भीमराव रामजी आंबेडकर) (১৪ই এপ্রিল ১৮৯১ - ৬ই ডিসেম্বর ১৯৫৬) ছিলেন একজন ভারতীয় ব্যবহারশাস্ত্রজ্ঞ (জ্যুরিস্ট), রাজনৈতিক নেতা, বৌদ্ধ আন্দোলনকারী, দার্শনিক, চিন্তাবিদ, নৃতত্ত্ববিদ, ঐতিহাসিক, বাগ্মী, বিশিষ্ট লেখক, অর্থনীতিবিদ, পণ্ডিত, সম্পাদক, রাষ্ট্রবিপ্লবী ও বৌদ্ধ পুনর্জাগরণবাদী। তিনি বাবাসাহেব নামেও পরিচিত ছিলেন। তিনি ভারতের সংবিধানের[1] খসড়া কার্যনির্বাহক সমিতির সভাপতিও ছিলেন। তিনি ভারতীয় জাতীয়তাবাদী এবং ভারতের দলিত আন্দোলনের অন্যতম পুরোধা। ইনি ভারতের সংবিধানের মুখ্য স্থাপক। ২০১২ সালে হিস্ট্রি টি. ভি.১৮ আয়োজিত একটি বিশেষ অনুষ্ঠানে ভারতীয়দের ভোটের দ্বারা তিনি ""শ্রেষ্ঠ ভারতীয়""ও নির্বাচিত হন।",ভারতের সংবিধানটির রচয়িতা কে ?,ভীমরাও রামজি আম্বেডকর,bengali-167407130057280550-0,"```json
{
  ""claims"": [
    {
      ""claim"": ""ভীমরাও রামজি আম্বেডকর ভারতের সংবিধানটির রচয়িতা।"",
      ""supported_by"": ""তিনি ভারতের সংবিধানের[1] খসড়া কার্যনির্বাহক সমিতির সভাপতিও ছিলেন। তিনি ভারতের সংবিধানের মুখ্য স্থাপক।"",
      ""status"": ""supported""
    }
  ],
  ""verdict"": ""yes""
}
```","[{""claim"": ""ভীমরাও রামজি আম্বেডকর ভারতের সংবিধানটির রচয়িতা।"", ""supported_by"": ""তিনি ভারতের সংবিধানের[1] খসড়া কার্যনির্বাহক সমিতির সভাপতিও ছিলেন। তিনি ভারতের সংবিধানের মুখ্য স্থাপক।"", ""status"": ""supported""}]",yes,no,1,1,0,0,1,,agg,no
bengali--3440886290948529431-0,বাংলাদেশের রাজধানী ঢাকাতে নির্মিতব্য ভূ-উপরিস্থ রেল ব্যবস্থার নাম ঢাকা মেট্রো। ঢাকা মেট্রো রেল ব্যবস্থাকে কে ম্যাস র‍্যাপিড ট্রানযিট সংক্ষেপে এমআরটি (MRT) হিসেবেও উল্লেখ করা হয়। ২০০০ সাল থেকে অতি জনবহুল ঢাকা মহানগরীর ক্রমঃবর্ধমান যানবাহন সমস্যা ও পথের দু:সহ যানজট কমিয়ে আনার লক্ষ্যে এই ম্যাস র‍্যাপিড ট্রানযিট ব্যবস্থা স্থাপনের পরিকল্পনা করা হয়েছে।  এই উদ্দেশ্যে একটি উন্নয়ন প্রকল্প গ্রহণ করা হয় যার নাম ঢাকা মাস র‌্যাপিড ট্রানজিট ডেভেলপমেন্ট প্রজেক্ট। ২০১৬ থেকে এই পরিকল্পনার বাস্তবায়ন শুরু হয়েছে। ২০১৯ সালের ডিসেম্বরের মধ্যে এর বাণিজ্যিক পরিচালনা শুরুর লক্ষ্য স্থির করা হয়েছে। এই প্রকল্প বাস্তবায়নে ব্যয় হবে ২২ হাজার কোটি টাকা যার মধ্যে জাপান ইন্টারন্যাশনাল কো-অপারেশন এজেন্সি (জাইকা)’র প্রকল্প ঋণ ৭৫ শতাংশ এবং বাংলাদেশ সরকারের নিজস্ব অর্থায়ন ২৫ শতাংশ।[4],ঢাকা মেট্রো নির্মাণের কাজ কবে শুরু হয় ?,২০১৬,bengali--3440886290948529431-0,"```json
{
  ""claims"": [{""claim"": ""ঢাকা মেট্রো নির্মাণের কাজ ২০১৬ সাল থেকে শুরু হয়।"", ""supported_by"": ""২০১৬ থেকে এই পরিকল্পনার বাস্তবায়ন শুরু হয়েছে।"", ""status"": ""supported""}],
  ""verdict"": ""yes""
}
```","[{""claim"": ""ঢাকা মেট্রো নির্মাণের কাজ ২০১৬ সাল থেকে শুরু হয়।"", ""supported_by"": ""২০১৬ থেকে এই পরিকল্পনার বাস্তবায়ন শুরু হয়েছে।"", ""status"": ""supported""}]",yes,no,1,1,0,0,1,,agg,no
bengali-3304414781107552758-4,"২০১৩ সালে মিজানুর রহমান আরিয়ানের অপরাধধর্মী ট্রাম্প কার্ড নাটকে অভিনয় করেন। নাটকটি ঈদুল ফিতরে আরটিভিতে প্রচারিত হয়।[10] এরই অনুবর্তী পর্ব ট্রাম্প কার্ড ২ একই বছর ঈদুল আযহায় আরটিভিতে প্রচারিত হয়। এরপর লম্বা বিরতি নিয়ে ২০১৪ সালে পহেলা বৈশাখে খালিদ মাহমুদ মিঠু পরিচালিত জোনাকির আলো মুক্তি পায়। ত্রিভুজ প্রেমের গল্পে তার বিপরীতে অভিনয় করেন মামনুন হাসান ইমন ও কল্যাণ কোরাইয়া।[11]  ছায়াছবিটি ব্যবসায়িক সফলতার মুখ না দেখলেও তার গ্ল্যামার প্রশংসিত হয়। এই চলচ্চিত্রে সমাজকর্মী 'কবিতা' চরিত্রে অভিনয়ের জন্য তিনি ৩৯তম জাতীয় চলচ্চিত্র পুরস্কারে মৌসুমীর সাথে যৌথভাবে শ্রেষ্ঠ অভিনেত্রীর পুরস্কার অর্জন করেন।[12] এরপর মুক্তি পায় তার পরবর্তী ছায়াছবি মুহাম্মদ মোস্তফা কামাল রাজ পরিচালিত তারকাঁটা।[13] এতে তার সঙ্গে আরও অভিনয় করেন আরিফিন শুভ ও মৌসুমী।[14] ছবিটি সম্পর্কে পরবর্তীকালে মীম বলেন যে এই ছবিটি তার না করাই ভালো ছিল এবং কারণ হিসেবে বলেন, ""এই ছবির গল্প শুনেছি একরকম, শুটিং শেষ করে দেখেছি আরেক রকম।""[15]",কত সালে সর্বপ্রথম বাংলাদেশের অভিনেত্রী বিদ্যা সিনহা সাহা মীম জাতীয় চলচ্চিত্র পুরস্কার পেয়েছিলেন ?,২০১৪,bengali-3304414781107552758-4,"```json
{
  ""claims"": [
    {
      ""claim"": ""বিদ্যা সিনহা সাহা মীম ২০১৪ সালে জাতীয় চলচ্চিত্র পুরস্কার পেয়েছিলেন।"",
      ""supported_by"": ""এরপর ২০১৪ সালে পহেলা বৈশাখে খালিদ মাহমুদ মিঠু পরিচালিত জোনাকির আলো মুক্তি পায়।"",
      ""status"": ""missing""
    },
    {
      ""claim"": ""বিদ্যা সিনহা সাহা মীম ৩৯তম জাতীয় চলচ্চিত্র পুরস্কারে মৌসুমীর সাথে যৌথভাবে শ্রেষ্ঠ অভিনেত্রীর পুরস্কার অর্জন করেন।"",
      ""supported_by"": ""এই চলচ্চিত্রে সমাজকর্মী 'কবিতা' চরিত্রে অভিনয়ের জন্য তিনি ৩৯তম জাতীয় চলচ্চিত্র পুরস্কারে মৌসুমীর সাথে যৌথভাবে শ্রেষ্ঠ অভিনেত্রীর পুরস্কার অর্জন করেন।"",
      ""status"": ""supported""
    }
  ],
  ""verdict"": ""no""
}
```","[{""claim"": ""বিদ্যা সিনহা সাহা মীম ২০১৪ সালে জাতীয় চলচ্চিত্র পুরস্কার পেয়েছিলেন।"", ""supported_by"": ""এরপর ২০১৪ সালে পহেলা বৈশাখে খালিদ মাহমুদ মিঠু পরিচালিত জোনাকির আলো মুক্তি পায়।"", ""status"": ""missing""}, {""claim"": ""বিদ্যা সিনহা সাহা মীম ৩৯তম জাতীয় চলচ্চিত্র পুরস্কারে মৌসুমীর সাথে যৌথভাবে শ্রেষ্ঠ অভিনেত্রীর পুরস্কার অর্জন করেন।"", ""supported_by"": ""এই চলচ্চিত্রে সমাজকর্মী 'কবিতা' চরিত্রে অভিনয়ের জন্য তিনি ৩৯তম জাতীয় চলচ্চিত্র পুরস্কারে মৌসুমীর সাথে যৌথভাবে শ্রেষ্ঠ অভিনেত্রীর পুরস্কার অর্জন করেন।"", ""status"": ""supported""}]",no,yes,2,1,0,1,1,,agg,yes
bengali-3237926472875383480-8,"বিবর্তন তত্ত্ব অনুযায়ী,  মানুষ আর পৃথিবীর বুকে চড়ে বেড়ানো অন্যান্য  নরবানরেরা অনেক অনেককাল আগে একই পূর্বপুরুষ থেকে উদ্ভূত হয়ে বিবর্তিত হয়েছে এবং আলাদা আলাদা ধারা বা লিনিয়েজ তৈরি করেছে। সে হিসেবে আমরা আধুনিক নরবানরগুলোর সাথে সম্পর্কযুক্ত হলেও সরাসরি উত্তরসূরী নই। আমরা আসলে এসেছি বহুদিন আগে বিলুপ্ত হয়ে যাওয়া এক ধরনের সাধারণ পূর্বপুরুষ হিসেবে কথিত প্রাইমেট থেকে। বানর থেকে মানুষের উদ্ভব হয়নি, বরং সঠিকভাবে বলতে গেলে বলা যায় যে, প্রাকৃতিক নির্বাচনের মাধ্যমে মানুষ প্রজাতিরও উদ্ভব ঘটেছে বহুদিন আগে বিলুপ্ত হয়ে যাওয়া এক ধরনের প্রাইমেট থেকে। শিম্পাঞ্জি,  গরিলা এবং ওরাং ওটাং (বনমানুষ)-এর মতো প্রাণীকূলেরও উদ্ভব ঘটেছে সেই একই সাধারণ পূর্বপুরুষ থেকে।  প্রাণের বিকাশ এবং বিবর্তনকে একটা বিশাল গাছের সাথে তুলনা করা যায়। একই পূর্বপূরুষ থেকে উদ্ভূত হয়ে বিবর্তনীয় জাতিজনি বৃক্ষের বিভিন্ন ডাল পালা তৈরি হয়েছে । এর কোন ডালে হয়তো শিম্পাঞ্জির অবস্থান, কোন ডালে হয়ত গরিলা আবার কোন ডালে হয়ত মানুষ। অর্থাৎ, একসময় তাদের সবার এক সাধারণ পূর্বপুরুষ ছিলো, ১.৪ কোটি বছর আগে তাদের থেকে একটি অংশ বিবর্তিত হয়ে ওরাং ওটাং প্রজাতির উদ্ভব ঘটে। তখন, যে কারণেই হোক, এই পূর্বপুরুষের বাকি জনপুঞ্জ নতুন প্রজাতি ওরাং ওটাং এর থেকে প্রজননগতভাবে আলাদা হয়ে যায় এবং তার ফলে এই দুই প্রজাতির বিবর্তন ঘটতে শুরু করে তাদের নিজস্ব ধারায়। আবার প্রায় ৯০ লক্ষ বছর আগে সেই মুল প্রজাতির জনপুঞ্জ থেকে আরেকটি অংশ বিচ্ছিন্ন হয়ে এবং পরবর্তিতে ভিন্ন ধারায় বিবর্তিত হয়ে গরিলা প্রজাতির উৎপত্তি ঘটায়। একইভাবে দেখা যায় যে, ৬০ লক্ষ বছর আগে এই সাধারণ পুর্বপুরুষের অংশটি থেকে ভাগ হয়ে মানুষ এবং শিম্পাঞ্জির বিবর্তন ঘটে। তারপর এই দুটো প্রজাতি প্রজননগতভাবে বিচ্ছিন্ন হয়ে পড়ে। তখন থেকেই একদিকে স্বতন্ত্র গতিতে এবং নিয়মে মানুষের প্রজাতির বিবর্তন ঘটতে শুরু করে, আর ওদিকে আলাদা হয়ে যাওয়া শিম্পাঞ্জির সেই প্রজাতিটি ভিন্ন গতিতে বিবর্তিত হতে হতে আজকের শিম্পাঞ্জিতে এসে পৌঁছেছে।",মানুষ কোন প্রাণী থেকে বিবর্তিত হয়ে বর্তমান রূপ ধারণ করেছে ?,প্রাইমেট,bengali-3237926472875383480-8,"```json
{
  ""claims"": [
    {
      ""claim"": ""মানুষ প্রাইমেট থেকে বিবর্তিত হয়েছে।"",
      ""supported_by"": ""বানর থেকে মানুষের উদ্ভব হয়নি, বরং সঠিকভাবে বলতে গেলে বলা যায় যে, প্রাকৃতিক নির্বাচনের মাধ্যমে মানুষ প্রজাতিরও উদ্ভব ঘটেছে বহুদিন আগে বিলুপ্ত হয়ে যাওয়া এক ধরনের প্রাইমেট থেকে।"",
      ""status"": ""supported""
    }
  ],
  ""verdict"": ""yes""
}
```","[{""claim"": ""মানুষ প্রাইমেট থেকে বিবর্তিত হয়েছে।"", ""supported_by"": ""বানর থেকে মানুষের উদ্ভব হয়নি, বরং সঠিকভাবে বলতে গেলে বলা যায় যে, প্রাকৃতিক নির্বাচনের মাধ্যমে মানুষ প্রজাতিরও উদ্ভব ঘটেছে বহুদিন আগে বিলুপ্ত হয়ে যাওয়া এক ধরনের প্রাইমেট থেকে।"", ""status"": ""supported""}]",yes,no,1,1,0,0,1,,agg,no
bengali--979108577632233077-0,"ঢাকা দক্ষিণ এশিয়ার রাষ্ট্র বাংলাদেশের রাজধানী ও বৃহত্তম শহর। প্রশাসনিকভাবে এটি দেশটির ঢাকা বিভাগের প্রধান শহর। ভৌগোলিকভাবে এটি বাংলাদেশের মধ্যভাগে বুড়িগঙ্গা নদীর উত্তর তীরে একটি সমতল এলাকাতে অবস্থিত। ঢাকা একটি অতিমহানগরী (মেগাশহর); ঢাকা মহানগরী এলাকার জনসংখ্যা প্রায় ১ কোটি ৫০ লক্ষ।[3] জনসংখ্যার বিচারে এটি দক্ষিণ এশিয়ার চতুর্থ বৃহত্তম শহর (দিল্লি, করাচি ও মুম্বইয়ের পরেই) এবং সমগ্র বিশ্বের নবম বৃহত্তম[4] শহর। জনঘনত্বের বিচারে ঢাকা বিশ্বের সবচেয়ে ঘনবসতিপূর্ণ মহানগরী; ১৩৪ বর্গমাইল আয়তনের এই শহরে প্রতি বর্গমাইল এলাকায় ১ লক্ষ ১৫ হাজার লোকের বাস।[5]",বাংলাদেশের রাজধানী ঢাকার মোট আয়তন কত ?,১৩৪ বর্গমাইল,bengali--979108577632233077-0,"```json
{
  ""claims"": [{""claim"": ""বাংলাদেশের রাজধানী ঢাকার মোট আয়তন ১৩৪ বর্গমাইল"", ""supported_by"": ""১৩৪ বর্গমাইল আয়তনের এই শহরে প্রতি বর্গমাইল এলাকায় ১ লক্ষ ১৫ হাজার লোকের বাস।"", ""status"": ""supported""}],
  ""verdict"": ""yes""
}
```","[{""claim"": ""বাংলাদেশের রাজধানী ঢাকার মোট আয়তন ১৩৪ বর্গমাইল"", ""supported_by"": ""১৩৪ বর্গমাইল আয়তনের এই শহরে প্রতি বর্গমাইল এলাকায় ১ লক্ষ ১৫ হাজার লোকের বাস।"", ""status"": ""supported""}]",yes,no,1,1,0,0,1,,agg,no
bengali--5821119236838958518-7,"মলয় রায়চৌধুরীর প্রথম কাব্যগ্রন্হ শয়তানের মুখ ১৯৬৩ সালে কৃত্তিবাস প্রকাশনী ধেকে প্রকাশিত হয়েছিল। পরীক্ষা-নিরীক্ষার কারণে গ্রন্হটিকে একটি জলবিভাজক বলে মনে করা হয়। মলয় তাঁর প্রতিটি কাব্যগ্রন্হে পরীক্ষা-নিরীক্ষা করেছেন এবং একটি সম্পূর্ণ ভিন্ন ধারার কবিতার জনকরূপে বাংলা সাহিত্যে একটি বিশেষ স্হান করে নিয়েছেন। তাঁর কবিতা বাংলাসাহিত্যের সনাতন ঐতিহ্যকে, নিয়মানুবর্তিতাকে, আমূল নাড়া দিয়েছিল। কবিতার ভাষায়, ছন্দে, অলংকারে, চিত্রকল্পে তুমূল ভাংচুর পাঠকের অভ্যস্ত চোখ ও কানকে বিব্রত করেছিল। যৌনতার সংগে তিনি এনেছিলেন ব্যঙ্গ, আত্মপরিহাস ও অসহায় মানুষের নিষগফলতার যন্ত্রণা। উপন্যাস ও ছোটগল্পে তিনি নিজস্ব গদ্য সৃষ্টি করেছেন এবং তাঁর প্রবন্ধকে আপোষহীন বলে মনে করা হয়। তাঁর নাটক তিনটিকে বলা হয়েছে উত্তরাধুনিক, যদিও সেগুলি হাংরি আন্দোলনের সময়ে রচিত। তার প্রবন্ধ ও পোলেমিক্সগুলি থেকে স্পষ্ট হয় কেন তাঁকে প্রতিষ্ঠানবিরোধিতার জনক বলা হয়। মলয় যাঁদের কাজ অনুবাদ করেছেন তাদের মধ্যে উল্লেখযোগ্য হলেন উইলিয়াম ব্লেক, জাঁ ককতো, সালভাদোর দালি, পল গঁগা, ব্লাইজি সঁদরা, ত্রিস্তান জারা, অ্যালেন গিন্সবার্গ, লরেন্স ফেরলিংঘেট্টি, পাবলো নেরুদা এবং ফেদেরিকো গারথিয়া লোরকা।মলয় গ্রন্হে সম্পাদক মুর্শিদ এ. এম. ভূমিকায় জানিয়েছেন যে নব্বুই দশকের পর রচিত তার সাহিত্যকর্মকে বলা হয়েছে অধুনান্তিক।",বাঙালি হাংরিয়ালিজম যুগের লেখক মলয় রায়চৌধুরীর প্রথম প্রকাশিত কাব্যগ্রন্থের নাম কী ?,শয়তানের মুখ,bengali--5821119236838958518-7,"```json
{
  ""claims"": [
    {
      ""claim"": ""মলয় রায়চৌধুরীর প্রথম কাব্যগ্রন্থের নাম শয়তানের মুখ।"",
      ""supported_by"": ""মলয় রায়চৌধুরীর প্রথম কাব্যগ্রন্হ শয়তানের মুখ ১৯৬৩ সালে কৃত্তিবাস প্রকাশনী ধেকে প্রকাশিত হয়েছিল।"",
      ""status"": ""supported""
    }
  ],
  ""verdict"": ""yes""
}
```","[{""claim"": ""মলয় রায়চৌধুরীর প্রথম কাব্যগ্রন্থের নাম শয়তানের মুখ।"", ""supported_by"": ""মলয় রায়চৌধুরীর প্রথম কাব্যগ্রন্হ শয়তানের মুখ ১৯৬৩ সালে কৃত্তিবাস প্রকাশনী ধেকে প্রকাশিত হয়েছিল।"", ""status"": ""supported""}]",yes,no,1,1,0,0,1,,agg,no
bengali-3914233944784319775-14,"হুমায়ূন আহমেদ সৃষ্ট হিমু চরিত্রের আত্মপ্রকাশ ঘটে ময়ূরাক্ষী উপন্যাস দিয়ে। ১৯৯০ সালে মে মাসে অনন্যা প্রকাশনী থেকে বইটি প্রকাশিত হওয়ার পর থেকে চরিত্রটি পাঠকদের, বিশেষ করে তরুণ সাহিত্যপ্রেমীদের মাঝে জনপ্রিয়তা লাভ করে। এই ধারাবাহিকতায় পরবর্তীতে একে একে প্রকাশিত হতে থাকে দরজার ওপাশে (১৯৯২), হিমু (১৯৯৩), পারপার (১৯৯৪), এবং হিমু (১৯৯৫), হিমুর হাতে কয়েকটি নীলপদ্ম (১৯৯৬), হিমুর দ্বিতীয় প্রহর (১৯৯৭), হিমুর রূপালী রাত্রি (১৯৯৮), এবং একজন হিমু কয়েকটি ঝিঁঝিঁপোকা (১৯৯৯) ইত্যাদি। এছাড়া এই উপন্যাসগুলো নিয়ে হিমু সমগ্র (১৯৯৪), হিমু সমগ্র (দ্বিতীয় খণ্ড) (১৯৯৮), এবং হিমু অমনিবাস (২০০০) প্রকাশিত হয়। হুমায়ূন আহমেদ এর লেখায় রাজনৈতিক প্রণোদনা অনুপস্থিত- এরকম একটি কথা বলাও হলেও হিমুর লেখাগুলোর ক্ষেত্রে তা সত্যি নয়।[29]",হিমু চরিত্রটি কথাসাহিত্যিক হুমায়ুন আহমেদের কোন উপন্যাসের অন্তর্গত ?,ময়ূরাক্ষী,bengali-3914233944784319775-14,"```json
{
  ""claims"": [
    {
      ""claim"": ""হিমু চরিত্রটি হুমায়ুন আহমেদের ময়ূরাক্ষী উপন্যাসের অন্তর্গত।"",
      ""supported_by"": ""হুমায়ূন আহমেদ সৃষ্ট হিমু চরিত্রের আত্মপ্রকাশ ঘটে ময়ূরাক্ষী উপন্যাস দিয়ে।"",
      ""status"": ""supported""
    }
  ],
  ""verdict"": ""yes""
}
```","[{""claim"": ""হিমু চরিত্রটি হুমায়ুন আহমেদের ময়ূরাক্ষী উপন্যাসের অন্তর্গত।"", ""supported_by"": ""হুমায়ূন আহমেদ সৃষ্ট হিমু চরিত্রের আত্মপ্রকাশ ঘটে ময়ূরাক্ষী উপন্যাস দিয়ে।"", ""status"": ""supported""}]",yes,no,1,1,0,0,1,,agg,no
bengali-5204278583999214593-0,"উপেন্দ্রকিশোর রায় চৌধুরী (১২ই মে, ১৮৬৩ [1]  - ২০শে ডিসেম্বর, ১৯১৫) বিখ্যাত বাঙালি শিশুসাহিত্যিক, বাংলা ছাপাখানার অগ্রপথিক। তিনি ছিলেন একাধারে লেখক চিত্রকর, প্রকাশক, শখের জ্যোতির্বিদ, বেহালাবাদক ও সুরকার। সন্দেশ পত্রিকা তিনিই শুরু করেন যা পরে তাঁর পুত্র সুকুমার রায় ও পৌত্র সত্যজিৎ রায় সম্পাদনা করেন। গুপি-গাইন-বাঘা-বাইন, টুনটুনির বই ইত্যাদি তাঁরই অমর সৃষ্টি।",উপেন্দ্রকিশোর রায় চৌধুরী কত সালে মারা যান ?,"২০শে ডিসেম্বর, ১৯১৫",bengali-5204278583999214593-0,"```json
{
  ""claims"": [
    {
      ""claim"": ""উপেন্দ্রকিশোর রায় চৌধুরী ২০শে ডিসেম্বর, ১৯১৫ সালে মারা যান।"",
      ""supported_by"": ""২০শে ডিসেম্বর, ১৯১৫"",
      ""status"": ""supported""
    }
  ],
  ""verdict"": ""no""
}
```","[{""claim"": ""উপেন্দ্রকিশোর রায় চৌধুরী ২০শে ডিসেম্বর, ১৯১৫ সালে মারা যান।"", ""supported_by"": ""২০শে ডিসেম্বর, ১৯১৫"", ""status"": ""supported""}]",no,no,1,1,0,0,0,,agg,no
bengali--8701126924018157132-3,"তাসমানিয়ার বিপক্ষে অপরাজিত ১৬৫* রান করে একদিনের সর্বোচ্চ রান করেন ব্লুজের খেলোয়াড় হিসেবে।[7] পরবর্তীতে ৫৪ বলে ৯৭ রান করে অল্পের জন্য অস্ট্রেলীয় ঘরোয়া ক্রিকেটে দ্রুততম সেঞ্চুরির রেকর্ড গড়তে পারেননি।[8] ঘরোয়া ক্রিকেটে তার এ সাফল্যের প্রেক্ষিতে জানুয়ারি, ২০০৯ সালে তিনি অস্ট্রেলিয়ার টুয়েন্টি২০ দলে অন্তর্ভুক্ত হন।[9] ১১ জানুয়ারি, ২০০৯ তারিখে দক্ষিণ আফ্রিকার বিপক্ষে টুয়েন্টি২০ আন্তর্জাতিকে মেলবোর্ন ক্রিকেট গ্রাউন্ডে অভিষিক্ত হন। টুয়েন্টি২০ আন্তর্জাতিকের ইতিহাসে দ্বিতীয় দ্রুততম অর্ধ-শতক করেন ৪৩ বল ৮৯ রান যাতে ৭টি চার ও ৬টি ছক্কার মার ছিল।[10] ওয়ার্নার ক্রিস গেইলের শতকের চেয়ে মাত্র ১১ রান দূরে ছিলেন। অভিষেকে তার ৮৯ রান ছিল টুযেন্টি২০ আন্তর্জাতিকের দ্বিতীয় সর্বোচ্চ ও পঞ্চম সমতাসূচক সর্বোচ্চ স্কোর।[11] ২৩ ফেব্রুয়ারি, ২০১০ তারিখে টি২০-তে সিডনি ক্রিকেট গ্রাউন্ডে অনুষ্ঠিত ওয়েস্ট ইন্ডিজের বিপক্ষে মাত্র ২৯ বলে ৬৭ রান করেন। তার ৫০ রান আসে মাত্র ১৮ বলে। এরফলে তিনি তার নিজস্ব ১৯ বলের রেকর্ড ভঙ্গ করেন ও যুবরাজ সিংয়ের পর দ্বিতীয় দ্রুততম অর্ধ-শতক করেন।[12]",ডেভিড অ্যান্ড্রু ওয়ার্নার কবে থেকে অস্ট্রেলিয়ার জাতীয় ক্রিকেট দলে খেলা শুরু করেন ?,২০০৯ সালে,bengali--8701126924018157132-3,"```json
{
  ""claims"": [
    {
      ""claim"": ""ডেভিড অ্যান্ড্রু ওয়ার্নার ২০০৯ সালে অস্ট্রেলিয়ার জাতীয় ক্রিকেট দলে খেলা শুরু করেন।"",
      ""supported_by"": ""জানুয়ারি, ২০০৯ সালে তিনি অস্ট্রেলিয়ার টুয়েন্টি২০ দলে অন্তর্ভুক্ত হন।"",
      ""status"": ""supported""
    }
  ],
  ""verdict"": ""yes""
}
```","[{""claim"": ""ডেভিড অ্যান্ড্রু ওয়ার্নার ২০০৯ সালে অস্ট্রেলিয়ার জাতীয় ক্রিকেট দলে খেলা শুরু করেন।"", ""supported_by"": ""জানুয়ারি, ২০০৯ সালে তিনি অস্ট্রেলিয়ার টুয়েন্টি২০ দলে অন্তর্ভুক্ত হন।"", ""status"": ""supported""}]",yes,no,1,1,0,0,1,,agg,no
bengali-980178524144247371-11,আবু বকর ৫৭৩ সালের দিকে মক্কার কুরাইশ বংশের বনু তাইম গোত্রে জন্মগ্রহণ করেছেন।[6] তার বাবার নাম আবু কুহাফা ও মায়ের নাম সালমা বিনতে সাখার।,আবু বকরের বাবার নাম কী ছিল ?,আবু কুহাফা,bengali-980178524144247371-11,"```json
{
  ""claims"": [{""claim"": ""আবু বকরের বাবার নাম আবু কুহাফা ছিল।"", ""supported_by"": ""আবু বকর ৫৭৩ সালের দিকে মক্কার কুরাইশ বংশের বনু তাইম গোত্রে জন্মগ্রহণ করেছেন।[6] তার বাবার নাম আবু কুহাফা ও মায়ের নাম সালমা বিনতে সাখার।"", ""status"": ""supported""}],
  ""verdict"": ""yes""
}
```","[{""claim"": ""আবু বকরের বাবার নাম আবু কুহাফা ছিল।"", ""supported_by"": ""আবু বকর ৫৭৩ সালের দিকে মক্কার কুরাইশ বংশের বনু তাইম গোত্রে জন্মগ্রহণ করেছেন।[6] তার বাবার নাম আবু কুহাফা ও মায়ের নাম সালমা বিনতে সাখার।"", ""status"": ""supported""}]",yes,no,1,1,0,0,1,,agg,no
bengali-829953938596819549-1,"১৯৯৭ সালে হ্যারি পটার অ্যান্ড দ্য ফিলোসফার্স স্টোন (আমেরিকাতে হ্যারি পটার অ্যান্ড সরসারার্স স্টোন নামে প্রকাশিত) নামে এই সিরিজের প্রথম বই প্রকাশিত হয়। প্রকাশিত হওয়ার পর থেকেই এই সিরিজের বইগুলি রচনার শৈল্পিক উৎকর্ষের জন্য সমালোচকদের কাছে প্রশংসিত হয়েছে এবং সারাবিশ্বের পাঠকমহলে তুমুল জনপ্রিয়তা ও ব্যবসায়িক সাফল্য অর্জন করেছে।[1] বইয়ের রাজ্যের পাশাপাশি সিনেমা ও ভিডিও গেমসের দুনিয়ায়ও আলোড়ন সৃষ্টি করেছে। ২০০৭ সালের এপ্রিল মাস পর্যন্ত সাতটি বইয়ের প্রথম ছয়টি বই সারা পৃথিবীতে ৩২৫ মিলিয়ন কপিরও বেশি বিক্রী হয়েছে[2] এবং ৬৪টিরও অধিক ভাষায় অনূদিত হয়েছে।[3] শুধুমাত্র কুরআন ,বাইবেল এবং বুক অব মরমন (মরমনদের ধর্মগ্রন্থ) ছাড়া আর কোন বইয়ের এই রেকর্ড নেই।[4] এই সিরিজের সপ্তম ও সর্বশেষ বই, হ্যারি পটার অ্যান্ড দ্য ডেথলি হ্যালোস, প্রকাশিত হয়েছে ২০০৭ সালের ২১ জুলাই।[5] প্রকাশকেরা শুধু মার্কিন যুক্তরাষ্ট্রেই বইটির রেকর্ড-ভঙ্গকারী ১২ মিলিয়ন কপি বিক্রির ঘোষণা দিয়েছেন।[6]",জে কে রাউলিং রচিত হ্যারি পটার উপন্যাস সিরিজের প্রথম খন্ডটির নাম কি ছিল ?,হ্যারি পটার অ্যান্ড দ্য ফিলোসফার্স স্টোন,bengali-829953938596819549-1,"```json
{
  ""claims"": [
    {
      ""claim"": ""জে কে রাউলিং রচিত হ্যারি পটার উপন্যাস সিরিজের প্রথম খন্ডটির নাম হ্যারি পটার অ্যান্ড দ্য ফিলোসফার্স স্টোন ছিল।"",
      ""supported_by"": ""১৯৯৭ সালে হ্যারি পটার অ্যান্ড দ্য ফিলোসফার্স স্টোন (আমেরিকাতে হ্যারি পটার অ্যান্ড সরসারার্স স্টোন নামে প্রকাশিত) নামে এই সিরিজের প্রথম বই প্রকাশিত হয়।"",
      ""status"": ""supported""
    }
  ],
  ""verdict"": ""yes""
}
```","[{""claim"": ""জে কে রাউলিং রচিত হ্যারি পটার উপন্যাস সিরিজের প্রথম খন্ডটির নাম হ্যারি পটার অ্যান্ড দ্য ফিলোসফার্স স্টোন ছিল।"", ""supported_by"": ""১৯৯৭ সালে হ্যারি পটার অ্যান্ড দ্য ফিলোসফার্স স্টোন (আমেরিকাতে হ্যারি পটার অ্যান্ড সরসারার্স স্টোন নামে প্রকাশিত) নামে এই সিরিজের প্রথম বই প্রকাশিত হয়।"", ""status"": ""supported""}]",yes,no,1,1,0,0,1,,agg,no
bengali--8045997562526390537-0,"অদ্বৈত মল্লবর্মণ (১লা জানুয়ারি, ১৯১৪- ১৬ই এপ্রিল, ১৯৫১) বাঙালি ঔপন্যাসিক ও সাংবাদিক। তৎকালীন কুমিল্লা জেলার অধীনে ব্রাহ্মণবাড়ীয়া মহকুমার গোকর্ণঘাট গ্রামে জন্মগ্রহণ করেন। তিতাস একটি নদীর নাম শিরোনামের একটিমাত্র উপন্যাস লিখে তিনি বাংলা সাহিত্যের চিরস্মরণীয় ও অমর প্রতিভা হিসেবে সবিশেষ স্বীকৃতি লাভ করেন। এই উপন্যাসটি সর্বপ্রথম 'মাসিক মোহাম্মদী' পত্রিকায় প্রকাশিত হয়।",বাঙালি ঔপন্যাসিক ও সাংবাদিক অদ্বৈত মল্লবর্মণের প্রথম উপন্যাসের নাম কী ?,তিতাস একটি নদীর নাম,bengali--8045997562526390537-0,"```json
{
  ""claims"": [
    {
      ""claim"": ""অদ্বৈত মল্লবর্মণ একজন বাঙালি ঔপন্যাসিক ও সাংবাদিক।"",
      ""supported_by"": ""অদ্বৈত মল্লবর্মণ (১লা জানুয়ারি, ১৯১৪- ১৬ই এপ্রিল, ১৯৫১) বাঙালি ঔপন্যাসিক ও সাংবাদিক।"",
      ""status"": ""supported""
    },
    {
      ""claim"": ""অদ্বৈত মল্লবর্মণের প্রথম উপন্যাসের নাম তিতাস একটি নদীর নাম।"",
      ""supported_by"": ""তিতাস একটি নদীর নাম শিরোনামের একটিমাত্র উপন্যাস লিখে তিনি বাংলা সাহিত্যের চিরস্মরণীয় ও অমর প্রতিভা হিসেবে সবিশেষ স্বীকৃতি লাভ করেন।"",
      ""status"": ""supported""
    }
  ],
  ""verdict"": ""yes""
}
```","[{""claim"": ""অদ্বৈত মল্লবর্মণ একজন বাঙালি ঔপন্যাসিক ও সাংবাদিক।"", ""supported_by"": ""অদ্বৈত মল্লবর্মণ (১লা জানুয়ারি, ১৯১৪- ১৬ই এপ্রিল, ১৯৫১) বাঙালি ঔপন্যাসিক ও সাংবাদিক।"", ""status"": ""supported""}, {""claim"": ""অদ্বৈত মল্লবর্মণের প্রথম উপন্যাসের নাম তিতাস একটি নদীর নাম।"", ""supported_by"": ""তিতাস একটি নদীর নাম শিরোনামের একটিমাত্র উপন্যাস লিখে তিনি বাংলা সাহিত্যের চিরস্মরণীয় ও অমর প্রতিভা হিসেবে সবিশেষ স্বীকৃতি লাভ করেন।"", ""status"": ""supported""}]",yes,no,2,2,0,0,1,,agg,no
bengali-2641143326428525515-3,১৯৮৩ সালে ডেভিড চৌম তার গবেষণা পত্রে ডিজিটাল মুদ্রার ধারণা দিয়েছিলেন।[5] ১৯৯০ সালে তিনি ডিজিক্যাশ (DigiCash) একটি ইলেকট্রনিক নগদ সংস্থা (ক্যাশ কোম্পানি) প্রতিষ্ঠা করেন। আমস্টারডামে তার গবেষণার বাণিজ্যিক বিকাশ ঘটানোর জন্য তিনি এটি করেন।[6],ডিজিটাল মুদ্রার ধারণা প্রথম কে দিয়েছিলেন ?,ডেভিড চৌম,bengali-2641143326428525515-3,"```json
{
  ""claims"": [
    {
      ""claim"": ""ডিজিটাল মুদ্রার ধারণা প্রথম ডেভিড চৌম দিয়েছিলেন।"",
      ""supported_by"": ""১৯৮৩ সালে ডেভিড চৌম তার গবেষণা পত্রে ডিজিটাল মুদ্রার ধারণা দিয়েছিলেন।"",
      ""status"": ""supported""
    }
  ],
  ""verdict"": ""yes""
}
```","[{""claim"": ""ডিজিটাল মুদ্রার ধারণা প্রথম ডেভিড চৌম দিয়েছিলেন।"", ""supported_by"": ""১৯৮৩ সালে ডেভিড চৌম তার গবেষণা পত্রে ডিজিটাল মুদ্রার ধারণা দিয়েছিলেন।"", ""status"": ""supported""}]",yes,no,1,1,0,0,1,,agg,no
bengali-1411582546196272359-27,"তুরস্কের জনসংখ্যা প্রায় সাত কোটি ১৫ লাখ।[68] দেশটির জন্মহার গড়ে ১ দশমিক ৩১।[69] প্রতি বর্গকিলোমিটারে এর জনসংখ্যা ৯২ জন। এর মধ্যে শহরে বসবাস করে ৭০ দশমিক ৫ জন। ১৫ থেকে ৬৪ বছর বয়সী লোক রয়েছে ৬৬ দশমিক ৫ শতাংশ। শূন্য থেকে ১৪ বছরে বয়সী লোকের সংখ্যা ২৬ দশমিক ৪ শতাংশ। ৬৫ বছরের বেশি বয়সী লোকের সংখ্যা ৭ দশমিক ১ শতাংশ।[70] সিআইএ ফ্যাক্টবুক অনুসারে তুর্কি পুরুষের গড় আয়ু ৭০ দশমিক ৬৭ বছর ও মহিলাদের গড় আয়ু ৭৫ দশমিক ৭৩ বছর। মোট জনসংখ্যার গড় আয়ু ৭৩ দশমিক ১৪ বছর। ৬ থেকে ১৫ বছর বয়সী শিশুদের জন্য শিক্ষা বাধ্যতামূলক ও অবৈতনিক। শিক্ষার হার পুরুষের ৯৫ দশমিক ৩ শতাংশ ও নারীদের ৭৯ দশমিক ৬ শতাংশ। গড় শিক্ষার হার ৮৭ দশমিক ৪ শতাংশ।[71] তুর্কি সংবিধানের ৬৬ নম্বর আর্টিক্যাল অনুসারে, ‘তুরস্কের নাগরিকত্ব যাদের আছে তারাই তুর্কি বলে পরিচিত।[72]",তুরস্কের বর্তমান (২০১৯) জনসংখ্যা কত ?,প্রায় সাত কোটি ১৫ লাখ,bengali-1411582546196272359-27,"```json
{
  ""claims"": [
    {
      ""claim"": ""তুরস্কের বর্তমান (২০১৯) জনসংখ্যা প্রায় সাত কোটি ১৫ লাখ"",
      ""supported_by"": ""তুরস্কের জনসংখ্যা প্রায় সাত কোটি ১৫ লাখ"",
      ""status"": ""supported""
    }
  ],
  ""verdict"": ""yes""
}
```","[{""claim"": ""তুরস্কের বর্তমান (২০১৯) জনসংখ্যা প্রায় সাত কোটি ১৫ লাখ"", ""supported_by"": ""তুরস্কের জনসংখ্যা প্রায় সাত কোটি ১৫ লাখ"", ""status"": ""supported""}]",yes,no,1,1,0,0,1,,agg,no
bengali--3516219870019020278-0,"দ্য লাঞ্চবক্স ২০১৩ সালের একটি ভারতীয় রোমান্টিক চলচ্চিত্র যা পরিচালনা করেছেন রিতেশ বাটরা এবং প্রযোজনায় গুণীত মোঙ্গা, অনুরাগ কাশ্যপ ও অরুণ রঙ্গচারী। ডার, ইউটিভি, ধর্ম প্রোডাকশনস, শিক্ষা এন্টারটেইনমেন্ট, এনএফডিসি সহ আরো কয়েকটি স্টুডিও যৌথভাবে চলচ্চিত্রটি প্রযোজনা করে।[1] এতে প্রধান চরিত্রে অভিনয় করেছেন ইরফান খান, নিমরাত কাউর এবং নওয়াজউদ্দিন সিদ্দিকী। চলচ্চিত্রটি কান চলচ্চিত্র উৎসবের আন্তর্জাতিক সমালোচকদের সপ্তাহে প্রদর্শিত হয় এবং পরবর্তীতে তা ক্রিটিকস উইক ভিউয়ারস চয়েস পুরস্কার তথা গ্র্যান্ড রেল ডি'অর জিতে নেয়।[2] এটি ২০১৩ সালের টরোন্টো চলচ্চিত্র উৎসবেও দেখানো হয়।[3] ভারতে চলচ্চিত্রটি মুক্তি দেয়া হয় সেবছর ২০ সেপ্টেম্বরে।[4] বক্স অফিসে এটি সাফল্য লাভ করে।[5]",দ্য লাঞ্চবক্স চলচ্চিত্রটির নির্মাতা কে ?,রিতেশ বাটরা,bengali--3516219870019020278-0,"```json
{
  ""claims"": [
    {
      ""claim"": ""দ্য লাঞ্চবক্স চলচ্চিত্রটির নির্মাতা রিতেশ বাটরা।"",
      ""supported_by"": ""দ্য লাঞ্চবক্স ২০১৩ সালের একটি ভারতীয় রোমান্টিক চলচ্চিত্র যা পরিচালনা করেছেন রিতেশ বাটরা"",
      ""status"": ""supported""
    }
  ],
  ""verdict"": ""yes""
}
```","[{""claim"": ""দ্য লাঞ্চবক্স চলচ্চিত্রটির নির্মাতা রিতেশ বাটরা।"", ""supported_by"": ""দ্য লাঞ্চবক্স ২০১৩ সালের একটি ভারতীয় রোমান্টিক চলচ্চিত্র যা পরিচালনা করেছেন রিতেশ বাটরা"", ""status"": ""supported""}]",yes,no,1,1,0,0,1,,agg,no
bengali--8703103087802741753-7,"১৯৭৩ সালে ""চট্টগ্রাম কলাভবন"" প্রতিষ্ঠার উদ্যোগ গ্রহণ করেছিলেন চিত্রশিল্পী রশিদ চৌধুরী।[6] একই বছর ২৩ এপ্রিল ফরাসি মনীষী মসিয় অঁদ্রে মাল্‌রো বর্তমান শিল্পকলা একাডেমি চত্বরে তৎকালীন চট্টগ্রাম কলাভবনের উদ্বোধন করেন। পরবর্তীতে ১৯৭৭ সালে চট্টগ্রাম উৎসব ১৯৭৭ উদ্যাপনের উদ্যেশ্যে শিল্প ও সাহিত্য পরিষদের সভাপতি এবং তৎকালীন জেলা প্রশাশক হাসনাত আবদুল হাইয়ের পৃষ্ঠপোষকতায় ""চট্টগ্রাম কলাভবন"" নামে একটি অস্থায়ী মঞ্চ নির্মাণ করা হয়।[1][3][7]",চট্টগ্রামের জেলা শিল্পকলা একাডেমি কে প্রতিষ্ঠা করেন ?,রশিদ চৌধুরী,bengali--8703103087802741753-7,"```json
{
  ""claims"": [
    {
      ""claim"": ""চট্টগ্রামের জেলা শিল্পকলা একাডেমি রশিদ চৌধুরী প্রতিষ্ঠা করেন।"",
      ""supported_by"": ""১৯৭৩ সালে \""চট্টগ্রাম কলাভবন\"" প্রতিষ্ঠার উদ্যোগ গ্রহণ করেছিলেন চিত্রশিল্পী রশিদ চৌধুরী।"",
      ""status"": ""supported""
    }
  ],
  ""verdict"": ""yes""
}
```","[{""claim"": ""চট্টগ্রামের জেলা শিল্পকলা একাডেমি রশিদ চৌধুরী প্রতিষ্ঠা করেন।"", ""supported_by"": ""১৯৭৩ সালে \""চট্টগ্রাম কলাভবন\"" প্রতিষ্ঠার উদ্যোগ গ্রহণ করেছিলেন চিত্রশিল্পী রশিদ চৌধুরী।"", ""status"": ""supported""}]",yes,no,1,1,0,0,1,,agg,no
bengali--6298934568434395425-1,"তারা (Sanskrit: तारा, tārā; Tib. སྒྲོལ་མ, Drolma) বা আর্যতারা হলেন মহাযান বৌদ্ধধর্মের একজন নারী বোধিসত্ত্ব, যিনি বজ্রযান বৌদ্ধধর্মে একজন নারী বুদ্ধের মর্যাদা পান। তিব্বতি বৌদ্ধধর্মে তাঁকে জেতসুন দোলমা (তিব্বতি ভাষা:rje btsun sgrol ma) বলা হয়। তিনি ""নির্বাণ-জননী"" হিসেবে পরিচিত। তারা কাজ ও কীর্তির গুণাবলির সাফল্যের প্রতিনিধি। জাপানে তিনি ""তারা বোসাতসু"" (多羅菩薩) নামে পরিচিত। চীনা বৌদ্ধধর্মে তিনি দৌলাও পূসা নামে (多羅菩薩) স্বল্প-পরিচিত।[1]","চীনা বৌদ্ধধর্মে ""তারা বা আর্যতারা"" নামক নারী বোধিসত্ত্ব কি নামে পরিচিত ?",দৌলাও পূসা,bengali--6298934568434395425-1,"```json
{
  ""claims"": [
    {
      ""claim"": ""চীনা বৌদ্ধধর্মে \""তারা বা আর্যতারা\"" নামক নারী বোধিসত্ত্ব দৌলাও পূসা নামে পরিচিত।"",
      ""supported_by"": ""চীনা বৌদ্ধধর্মে তিনি দৌলাও পূসা নামে (多羅菩薩) স্বল্প-পরিচিত।"",
      ""status"": ""supported""
    }
  ],
  ""verdict"": ""yes""
}
```","[{""claim"": ""চীনা বৌদ্ধধর্মে \""তারা বা আর্যতারা\"" নামক নারী বোধিসত্ত্ব দৌলাও পূসা নামে পরিচিত।"", ""supported_by"": ""চীনা বৌদ্ধধর্মে তিনি দৌলাও পূসা নামে (多羅菩薩) স্বল্প-পরিচিত।"", ""status"": ""supported""}]",yes,no,1,1,0,0,1,,agg,no
bengali--2183854056348376252-1,"অভিনয়ের মাধ্যমে স্টিলার তাঁর ক্যারিয়ার শুরুর করার পর তিনি অসংখ্য ডকুমেন্টারি লিখেছেন এবং “দ্য বেন স্টিলার শো” নামে নিজের শো করার প্রস্তাব পেয়েছেন যাতে তিনি প্রযোজনা করেন এবং ১৩টি পর্বের উপস্থাপনা করেন। পুর্বের টেলিভিশনের অভিনয়ের অভিজ্ঞতা থেকে তিনি ছায়াছবিতে অভিনয় শুরু করেন। তিনি অভিনয়ের সাথে “রিয়েলিটি বাইটস” ছবি দিয়ে পরিচালক হিসাবে যাত্রা শুরু করেন। তিনি তাঁর ক্যারিয়ারে ইতিমধ্যে লেখক, অভিনেতা, পরিচালক কিংবা প্রযোজক হিসাবে ৫০টিরও বেশি ছবি করেছেন যার মধ্যে “দ্য সিক্রেট লাইফ অভ ওয়াল্টার মিটি”, “জুল্যান্ডার”, “দ্য ক্যাবল গাই”, “দেয়ার’স সামথিং এবাউট মেরি”, “মিট দ্য প্যারেন্টস” ট্রিলজি, “ডজবল”, “ট্রপিক থান্ডার”, “মাদাগাস্কার” সিরিজ এবং “নাইট এট দ্য মিউজিয়াম” ট্রিলজি অন্যতম। এছাড়াও তাঁকে অসংখ্য ছবি, টিভি সিরিজ, মিউজিক ভিডিওতে অতিথি হিসাবে দেখা যায়।","বেনজামিন এডয়ার্ড মিয়েরা ""বেন"" স্টিলার কোন চলচ্চিত্র পরিচালনার মাধ্যমে পরিচালক হিসাবে যাত্রা শুরু করেন ?",রিয়েলিটি বাইটস,bengali--2183854056348376252-1,"```json
{
  ""claims"": [{""claim"": ""বেন স্টিলার 'রিয়েলিটি বাইটস' ছবি দিয়ে পরিচালক হিসাবে যাত্রা শুরু করেন"", ""supported_by"": ""তিনি অভিনয়ের সাথে “রিয়েলিটি বাইটস” ছবি দিয়ে পরিচালক হিসাবে যাত্রা শুরু করেন।"", ""status"": ""supported""}],
  ""verdict"": ""yes""
}
```","[{""claim"": ""বেন স্টিলার 'রিয়েলিটি বাইটস' ছবি দিয়ে পরিচালক হিসাবে যাত্রা শুরু করেন"", ""supported_by"": ""তিনি অভিনয়ের সাথে “রিয়েলিটি বাইটস” ছবি দিয়ে পরিচালক হিসাবে যাত্রা শুরু করেন।"", ""status"": ""supported""}]",yes,no,1,1,0,0,1,,agg,no
bengali--4139422297773750694-0,"হাড় বা অস্থি মেরুদন্ডী প্রাণীর শরীরে অন্তঃকঙ্কাল গঠনকারী এক ধরনের কঠিন অঙ্গ। প্রাণীদেহের নানান শারীরিক ক্রিয়াকলাপে এটি ব্যবহৃত হয়। শরীরের কাঠামো সৃষ্টিতে, গুরুত্বপূর্ণ অঙ্গসমূহ রক্ষা করতে, লোহিত ও শ্বেত রক্তকণিকা সৃষ্টিতে এবং খনিজ পদার্থ সংরক্ষণে এটি ব্যবহৃত হয়।[1] হাড়ের কলা এক ধরনের কঠিন যোজক কলা। এটি শক্ত কিন্তু হালকা। হাড়ের আকার বিভিন্ন রকম এবং এর অভ্যন্তরীণ ও বাহ্যিক গঠনও বিভিন্ন। হাড় প্রধানত অস্থি কলা দিয়ে গঠিত। এ কলা হাড়কে কাঠিন্য দেয় এবং এর অভ্যন্তরে প্রবালের মত তৃমাত্রিক ফাঁপা গঠন এনে দেয়। এছাড়াও হাড়ের মধ্যে অস্থি মজ্জা, তরুণাস্থি, রক্তনালিকা, স্নায়ু প্রভৃতির কলা পাওয়া যায়। একটি সদ্যোজাত মানবশিশুর শরীরে মোট ২৭০টিরও বেশি হাড় থাকে[2], কিন্তু তার বৃদ্ধির সাথে সাথে কিছু হাড় জোড়া লেগে একক হাড়ে পরিণত হয়। একজন পূর্ণবয়স্ক মানুষের শরীরে মোট হাড়ের সংখ্যা ২০৬টি। মানবদেহের বৃহত্তম হাড়ের নাম ফিমার, যা মূলত পায়ের হাড় আর ক্ষুদ্রতম হাড় হল কানের অভ্যন্তরের হাড় স্টেপিস।",মানবদেহের ক্ষুদ্রতম অস্থি কোনটি ?,স্টেপিস,bengali--4139422297773750694-0,"```json
{
  ""claims"": [{""claim"": ""মানবদেহের ক্ষুদ্রতম হাড় হল কানের অভ্যন্তরের হাড় স্টেপিস।"", ""supported_by"": ""মানবদেহের বৃহত্তম হাড়ের নাম ফিমার, যা মূলত পায়ের হাড় আর ক্ষুদ্রতম হাড় হল কানের অভ্যন্তরের হাড় স্টেপিস।"", ""status"": ""supported""}],
  ""verdict"": ""yes""
}
```","[{""claim"": ""মানবদেহের ক্ষুদ্রতম হাড় হল কানের অভ্যন্তরের হাড় স্টেপিস।"", ""supported_by"": ""মানবদেহের বৃহত্তম হাড়ের নাম ফিমার, যা মূলত পায়ের হাড় আর ক্ষুদ্রতম হাড় হল কানের অভ্যন্তরের হাড় স্টেপিস।"", ""status"": ""supported""}]",yes,no,1,1,0,0,1,,agg,no
bengali--2439040110626768988-3,"স্পেশাল এয়ার সার্ভিস দ্বিতীয় বিশ্বযুদ্ধের সময় ব্রিটিশ সেনাবাহিনীর একটি ইউনিট ছিল যা ১৯৪১ সালে ডেভিড স্টার্লিং দ্বারা গঠিত হয় এবং “এল” ডিটাচমেন্ট নামে ডাকা হত। স্পেশাল এয়ার সার্ভিস ব্রিগেড- ""এল"" পদবী এবং এয়ার সার্ভিস নামটি ব্রিটিশ ভ্রান্ত প্রচারাভিযানের ক্ষেত্রে ব্যবহৃত হয়, এটা আ্যাক্সিসকে ধারণা দেয়ার চেষ্টা করে যে উক্ত এলাকায় একাধিক ইউনিট যুক্ত একটি প্যারাট্রুপার রেজিমেন্ট ছিল (প্রকৃত এসএএস অ্যাক্সিসকে ""প্রমাণ"" করে যে নকলটারও অস্তিত্ব ছিল)।[1][13] It was conceived as a commando force to operate behind enemy lines in the North African Campaign[14] এটি উত্তর আফ্রিকান ক্যাম্পেইনে শত্রু সিমার পিছনে পরিচালিত একটি কমান্ডো বাহিনী হিসেবে ধারণা করা হয়েছিল এবং প্রাথমিকভাবে ৬০জন অন্যান্য র‌্যাঙ্কধারীদের সাথে পাঁচ কর্মকর্তা অন্তর্ভুক্ত ছিল। ১৯৪১ সালের ১লা নভেম্বর, অপারেশন ক্রুসেডার আক্রমণের সমর্থনে একটি প্যারাশুট ড্রপ ছিল এসএএস এর প্রথম মিশন। জার্মান প্রতিরোধ এবং প্রতিকূল আবহাওয়ার কারণে, মিশনটি ব্যর্থ হয়েছিল; ২২ জন পুরুষ, ইউনিটের এক তৃতীয়াংশ খুন অথবা বন্দী হয়। এটার দ্বিতীয় মিশনটি অবশ্য খুব বড় একটা সাফল্য ছিল। দূরপাল্লা মরুভূমির একটি দলের সাহায্যে এটি লিবিয়ার তিনটি বিমানঘাঁটি আক্রমণ করে, মাত্র ২জন সৈন্যের মৃত্যু এবং ৩টি জিপ ধ্বংসের বিনিময়ে ৬০টি বিমান ধ্বংস করে। ১৯৪২ সালের সেপ্টেম্বরে এটি চারটি ব্রিটিশ স্কোয়াড্রন, একটি ফ্রি ফ্রেঞ্চ, একটি গ্রীক এবং ফোলবোট সেকশনের সমন্বয়ে ১ম এসএএস নামে পুনঃনামকরণ করা হয়।[15]",ব্রিটিশ সেনাবাহিনীর স্পেশাল এয়ার সর্ভিসের ডাকনাম কী ?,“এল” ডিটাচমেন্ট,bengali--2439040110626768988-3,"```json
{
  ""claims"": [
    {
      ""claim"": ""ব্রিটিশ সেনাবাহিনীর স্পেশাল এয়ার সর্ভিসের ডাকনাম “এল” ডিটাচমেন্ট ছিল।"",
      ""supported_by"": ""স্পেশাল এয়ার সার্ভিস দ্বিতীয় বিশ্বযুদ্ধের সময় ব্রিটিশ সেনাবাহিনীর একটি ইউনিট ছিল যা ১৯৪১ সালে ডেভিড স্টার্লিং দ্বারা গঠিত হয় এবং “এল” ডিটাচমেন্ট নামে ডাকা হত।"",
      ""status"": ""supported""
    }
  ],
  ""verdict"": ""yes""
}
```","[{""claim"": ""ব্রিটিশ সেনাবাহিনীর স্পেশাল এয়ার সর্ভিসের ডাকনাম “এল” ডিটাচমেন্ট ছিল।"", ""supported_by"": ""স্পেশাল এয়ার সার্ভিস দ্বিতীয় বিশ্বযুদ্ধের সময় ব্রিটিশ সেনাবাহিনীর একটি ইউনিট ছিল যা ১৯৪১ সালে ডেভিড স্টার্লিং দ্বারা গঠিত হয় এবং “এল” ডিটাচমেন্ট নামে ডাকা হত।"", ""status"": ""supported""}]",yes,no,1,1,0,0,1,,agg,no
